[2026-04-01T00:00:07.124+0000] {processor.py:186} INFO - Started process (PID=4044) to work on /opt/airflow/dags/db_and_model_update_dag.py
[2026-04-01T00:00:07.125+0000] {processor.py:914} INFO - Processing file /opt/airflow/dags/db_and_model_update_dag.py for tasks to queue
[2026-04-01T00:00:07.127+0000] {logging_mixin.py:190} INFO - [2026-04-01T00:00:07.127+0000] {dagbag.py:588} INFO - Filling up the DagBag from /opt/airflow/dags/db_and_model_update_dag.py
[2026-04-01T00:00:07.148+0000] {processor.py:925} INFO - DAG(s) 'db_and_model_update' retrieved from /opt/airflow/dags/db_and_model_update_dag.py
[2026-04-01T00:00:07.179+0000] {logging_mixin.py:190} INFO - [2026-04-01T00:00:07.179+0000] {dag.py:3239} INFO - Sync 1 DAGs
[2026-04-01T00:00:07.222+0000] {processor.py:208} INFO - Processing /opt/airflow/dags/db_and_model_update_dag.py took 0.106 seconds
[2026-04-01T00:00:37.382+0000] {processor.py:186} INFO - Started process (PID=4054) to work on /opt/airflow/dags/db_and_model_update_dag.py
[2026-04-01T00:00:37.384+0000] {processor.py:914} INFO - Processing file /opt/airflow/dags/db_and_model_update_dag.py for tasks to queue
[2026-04-01T00:00:37.387+0000] {logging_mixin.py:190} INFO - [2026-04-01T00:00:37.386+0000] {dagbag.py:588} INFO - Filling up the DagBag from /opt/airflow/dags/db_and_model_update_dag.py
[2026-04-01T00:00:37.409+0000] {processor.py:925} INFO - DAG(s) 'db_and_model_update' retrieved from /opt/airflow/dags/db_and_model_update_dag.py
[2026-04-01T00:00:36.943+0000] {logging_mixin.py:190} INFO - [2026-04-01T00:00:36.942+0000] {dag.py:3239} INFO - Sync 1 DAGs
[2026-04-01T00:00:37.007+0000] {processor.py:208} INFO - Processing /opt/airflow/dags/db_and_model_update_dag.py took 0.134 seconds
[2026-04-01T00:01:07.323+0000] {processor.py:186} INFO - Started process (PID=4064) to work on /opt/airflow/dags/db_and_model_update_dag.py
[2026-04-01T00:01:07.326+0000] {processor.py:914} INFO - Processing file /opt/airflow/dags/db_and_model_update_dag.py for tasks to queue
[2026-04-01T00:01:07.330+0000] {logging_mixin.py:190} INFO - [2026-04-01T00:01:07.330+0000] {dagbag.py:588} INFO - Filling up the DagBag from /opt/airflow/dags/db_and_model_update_dag.py
[2026-04-01T00:01:07.358+0000] {processor.py:925} INFO - DAG(s) 'db_and_model_update' retrieved from /opt/airflow/dags/db_and_model_update_dag.py
[2026-04-01T00:01:07.399+0000] {logging_mixin.py:190} INFO - [2026-04-01T00:01:07.399+0000] {dag.py:3239} INFO - Sync 1 DAGs
[2026-04-01T00:01:07.463+0000] {processor.py:208} INFO - Processing /opt/airflow/dags/db_and_model_update_dag.py took 0.153 seconds
[2026-04-01T00:01:37.771+0000] {processor.py:186} INFO - Started process (PID=4074) to work on /opt/airflow/dags/db_and_model_update_dag.py
[2026-04-01T00:01:37.772+0000] {processor.py:914} INFO - Processing file /opt/airflow/dags/db_and_model_update_dag.py for tasks to queue
[2026-04-01T00:01:37.775+0000] {logging_mixin.py:190} INFO - [2026-04-01T00:01:37.775+0000] {dagbag.py:588} INFO - Filling up the DagBag from /opt/airflow/dags/db_and_model_update_dag.py
[2026-04-01T00:01:37.802+0000] {processor.py:925} INFO - DAG(s) 'db_and_model_update' retrieved from /opt/airflow/dags/db_and_model_update_dag.py
[2026-04-01T00:01:37.839+0000] {logging_mixin.py:190} INFO - [2026-04-01T00:01:37.839+0000] {dag.py:3239} INFO - Sync 1 DAGs
[2026-04-01T00:01:38.406+0000] {processor.py:208} INFO - Processing /opt/airflow/dags/db_and_model_update_dag.py took 0.647 seconds
[2026-04-01T00:02:08.674+0000] {processor.py:186} INFO - Started process (PID=4084) to work on /opt/airflow/dags/db_and_model_update_dag.py
[2026-04-01T00:02:08.676+0000] {processor.py:914} INFO - Processing file /opt/airflow/dags/db_and_model_update_dag.py for tasks to queue
[2026-04-01T00:02:08.679+0000] {logging_mixin.py:190} INFO - [2026-04-01T00:02:08.678+0000] {dagbag.py:588} INFO - Filling up the DagBag from /opt/airflow/dags/db_and_model_update_dag.py
[2026-04-01T00:02:08.701+0000] {processor.py:925} INFO - DAG(s) 'db_and_model_update' retrieved from /opt/airflow/dags/db_and_model_update_dag.py
[2026-04-01T00:02:08.732+0000] {logging_mixin.py:190} INFO - [2026-04-01T00:02:08.732+0000] {dag.py:3239} INFO - Sync 1 DAGs
[2026-04-01T00:02:08.775+0000] {processor.py:208} INFO - Processing /opt/airflow/dags/db_and_model_update_dag.py took 0.110 seconds
[2026-04-01T00:02:39.003+0000] {processor.py:186} INFO - Started process (PID=4094) to work on /opt/airflow/dags/db_and_model_update_dag.py
[2026-04-01T00:02:39.004+0000] {processor.py:914} INFO - Processing file /opt/airflow/dags/db_and_model_update_dag.py for tasks to queue
[2026-04-01T00:02:39.009+0000] {logging_mixin.py:190} INFO - [2026-04-01T00:02:39.009+0000] {dagbag.py:588} INFO - Filling up the DagBag from /opt/airflow/dags/db_and_model_update_dag.py
[2026-04-01T00:02:39.061+0000] {processor.py:925} INFO - DAG(s) 'db_and_model_update' retrieved from /opt/airflow/dags/db_and_model_update_dag.py
[2026-04-01T00:02:39.097+0000] {logging_mixin.py:190} INFO - [2026-04-01T00:02:39.097+0000] {dag.py:3239} INFO - Sync 1 DAGs
[2026-04-01T00:02:39.163+0000] {processor.py:208} INFO - Processing /opt/airflow/dags/db_and_model_update_dag.py took 0.168 seconds
[2026-04-01T00:03:09.458+0000] {processor.py:186} INFO - Started process (PID=4104) to work on /opt/airflow/dags/db_and_model_update_dag.py
[2026-04-01T00:03:09.460+0000] {processor.py:914} INFO - Processing file /opt/airflow/dags/db_and_model_update_dag.py for tasks to queue
[2026-04-01T00:03:09.463+0000] {logging_mixin.py:190} INFO - [2026-04-01T00:03:09.462+0000] {dagbag.py:588} INFO - Filling up the DagBag from /opt/airflow/dags/db_and_model_update_dag.py
[2026-04-01T00:03:09.489+0000] {processor.py:925} INFO - DAG(s) 'db_and_model_update' retrieved from /opt/airflow/dags/db_and_model_update_dag.py
[2026-04-01T00:03:09.526+0000] {logging_mixin.py:190} INFO - [2026-04-01T00:03:09.526+0000] {dag.py:3239} INFO - Sync 1 DAGs
[2026-04-01T00:03:09.586+0000] {processor.py:208} INFO - Processing /opt/airflow/dags/db_and_model_update_dag.py took 0.136 seconds
[2026-04-01T00:03:39.736+0000] {processor.py:186} INFO - Started process (PID=4114) to work on /opt/airflow/dags/db_and_model_update_dag.py
[2026-04-01T00:03:39.738+0000] {processor.py:914} INFO - Processing file /opt/airflow/dags/db_and_model_update_dag.py for tasks to queue
[2026-04-01T00:03:39.740+0000] {logging_mixin.py:190} INFO - [2026-04-01T00:03:39.740+0000] {dagbag.py:588} INFO - Filling up the DagBag from /opt/airflow/dags/db_and_model_update_dag.py
[2026-04-01T00:03:39.762+0000] {processor.py:925} INFO - DAG(s) 'db_and_model_update' retrieved from /opt/airflow/dags/db_and_model_update_dag.py
[2026-04-01T00:03:39.798+0000] {logging_mixin.py:190} INFO - [2026-04-01T00:03:39.797+0000] {dag.py:3239} INFO - Sync 1 DAGs
[2026-04-01T00:03:39.836+0000] {processor.py:208} INFO - Processing /opt/airflow/dags/db_and_model_update_dag.py took 0.107 seconds
[2026-04-01T00:04:10.151+0000] {processor.py:186} INFO - Started process (PID=4124) to work on /opt/airflow/dags/db_and_model_update_dag.py
[2026-04-01T00:04:10.153+0000] {processor.py:914} INFO - Processing file /opt/airflow/dags/db_and_model_update_dag.py for tasks to queue
[2026-04-01T00:04:10.157+0000] {logging_mixin.py:190} INFO - [2026-04-01T00:04:10.156+0000] {dagbag.py:588} INFO - Filling up the DagBag from /opt/airflow/dags/db_and_model_update_dag.py
[2026-04-01T00:04:10.200+0000] {processor.py:925} INFO - DAG(s) 'db_and_model_update' retrieved from /opt/airflow/dags/db_and_model_update_dag.py
[2026-04-01T00:04:10.237+0000] {logging_mixin.py:190} INFO - [2026-04-01T00:04:10.237+0000] {dag.py:3239} INFO - Sync 1 DAGs
[2026-04-01T00:04:10.277+0000] {processor.py:208} INFO - Processing /opt/airflow/dags/db_and_model_update_dag.py took 0.134 seconds
[2026-04-01T00:04:40.606+0000] {processor.py:186} INFO - Started process (PID=4134) to work on /opt/airflow/dags/db_and_model_update_dag.py
[2026-04-01T00:04:40.607+0000] {processor.py:914} INFO - Processing file /opt/airflow/dags/db_and_model_update_dag.py for tasks to queue
[2026-04-01T00:04:40.609+0000] {logging_mixin.py:190} INFO - [2026-04-01T00:04:40.609+0000] {dagbag.py:588} INFO - Filling up the DagBag from /opt/airflow/dags/db_and_model_update_dag.py
[2026-04-01T00:04:40.634+0000] {processor.py:925} INFO - DAG(s) 'db_and_model_update' retrieved from /opt/airflow/dags/db_and_model_update_dag.py
[2026-04-01T00:04:40.668+0000] {logging_mixin.py:190} INFO - [2026-04-01T00:04:40.668+0000] {dag.py:3239} INFO - Sync 1 DAGs
[2026-04-01T00:04:40.713+0000] {processor.py:208} INFO - Processing /opt/airflow/dags/db_and_model_update_dag.py took 0.114 seconds
[2026-04-01T00:05:10.903+0000] {processor.py:186} INFO - Started process (PID=4144) to work on /opt/airflow/dags/db_and_model_update_dag.py
[2026-04-01T00:05:10.908+0000] {processor.py:914} INFO - Processing file /opt/airflow/dags/db_and_model_update_dag.py for tasks to queue
[2026-04-01T00:05:10.912+0000] {logging_mixin.py:190} INFO - [2026-04-01T00:05:10.911+0000] {dagbag.py:588} INFO - Filling up the DagBag from /opt/airflow/dags/db_and_model_update_dag.py
[2026-04-01T00:05:10.933+0000] {processor.py:925} INFO - DAG(s) 'db_and_model_update' retrieved from /opt/airflow/dags/db_and_model_update_dag.py
[2026-04-01T00:05:10.966+0000] {logging_mixin.py:190} INFO - [2026-04-01T00:05:10.966+0000] {dag.py:3239} INFO - Sync 1 DAGs
[2026-04-01T00:05:11.020+0000] {processor.py:208} INFO - Processing /opt/airflow/dags/db_and_model_update_dag.py took 0.125 seconds
[2026-04-01T00:05:41.345+0000] {processor.py:186} INFO - Started process (PID=4154) to work on /opt/airflow/dags/db_and_model_update_dag.py
[2026-04-01T00:05:41.347+0000] {processor.py:914} INFO - Processing file /opt/airflow/dags/db_and_model_update_dag.py for tasks to queue
[2026-04-01T00:05:41.350+0000] {logging_mixin.py:190} INFO - [2026-04-01T00:05:41.349+0000] {dagbag.py:588} INFO - Filling up the DagBag from /opt/airflow/dags/db_and_model_update_dag.py
[2026-04-01T00:05:41.373+0000] {processor.py:925} INFO - DAG(s) 'db_and_model_update' retrieved from /opt/airflow/dags/db_and_model_update_dag.py
[2026-04-01T00:05:41.407+0000] {logging_mixin.py:190} INFO - [2026-04-01T00:05:41.407+0000] {dag.py:3239} INFO - Sync 1 DAGs
[2026-04-01T00:05:41.476+0000] {processor.py:208} INFO - Processing /opt/airflow/dags/db_and_model_update_dag.py took 0.149 seconds
[2026-04-01T00:06:11.636+0000] {processor.py:186} INFO - Started process (PID=4164) to work on /opt/airflow/dags/db_and_model_update_dag.py
[2026-04-01T00:06:11.638+0000] {processor.py:914} INFO - Processing file /opt/airflow/dags/db_and_model_update_dag.py for tasks to queue
[2026-04-01T00:06:11.640+0000] {logging_mixin.py:190} INFO - [2026-04-01T00:06:11.640+0000] {dagbag.py:588} INFO - Filling up the DagBag from /opt/airflow/dags/db_and_model_update_dag.py
[2026-04-01T00:06:11.659+0000] {processor.py:925} INFO - DAG(s) 'db_and_model_update' retrieved from /opt/airflow/dags/db_and_model_update_dag.py
[2026-04-01T00:06:11.692+0000] {logging_mixin.py:190} INFO - [2026-04-01T00:06:11.692+0000] {dag.py:3239} INFO - Sync 1 DAGs
[2026-04-01T00:06:11.748+0000] {processor.py:208} INFO - Processing /opt/airflow/dags/db_and_model_update_dag.py took 0.120 seconds
[2026-04-01T00:06:42.586+0000] {processor.py:186} INFO - Started process (PID=4174) to work on /opt/airflow/dags/db_and_model_update_dag.py
[2026-04-01T00:06:42.587+0000] {processor.py:914} INFO - Processing file /opt/airflow/dags/db_and_model_update_dag.py for tasks to queue
[2026-04-01T00:06:42.590+0000] {logging_mixin.py:190} INFO - [2026-04-01T00:06:42.589+0000] {dagbag.py:588} INFO - Filling up the DagBag from /opt/airflow/dags/db_and_model_update_dag.py
[2026-04-01T00:06:42.628+0000] {processor.py:925} INFO - DAG(s) 'db_and_model_update' retrieved from /opt/airflow/dags/db_and_model_update_dag.py
[2026-04-01T00:06:42.662+0000] {logging_mixin.py:190} INFO - [2026-04-01T00:06:42.662+0000] {dag.py:3239} INFO - Sync 1 DAGs
[2026-04-01T00:06:42.704+0000] {processor.py:208} INFO - Processing /opt/airflow/dags/db_and_model_update_dag.py took 0.127 seconds
[2026-04-01T00:07:12.885+0000] {processor.py:186} INFO - Started process (PID=4184) to work on /opt/airflow/dags/db_and_model_update_dag.py
[2026-04-01T00:07:12.886+0000] {processor.py:914} INFO - Processing file /opt/airflow/dags/db_and_model_update_dag.py for tasks to queue
[2026-04-01T00:07:12.889+0000] {logging_mixin.py:190} INFO - [2026-04-01T00:07:12.888+0000] {dagbag.py:588} INFO - Filling up the DagBag from /opt/airflow/dags/db_and_model_update_dag.py
[2026-04-01T00:07:12.909+0000] {processor.py:925} INFO - DAG(s) 'db_and_model_update' retrieved from /opt/airflow/dags/db_and_model_update_dag.py
[2026-04-01T00:07:12.942+0000] {logging_mixin.py:190} INFO - [2026-04-01T00:07:12.941+0000] {dag.py:3239} INFO - Sync 1 DAGs
[2026-04-01T00:07:12.989+0000] {processor.py:208} INFO - Processing /opt/airflow/dags/db_and_model_update_dag.py took 0.113 seconds
[2026-04-01T00:07:43.293+0000] {processor.py:186} INFO - Started process (PID=4194) to work on /opt/airflow/dags/db_and_model_update_dag.py
[2026-04-01T00:07:43.294+0000] {processor.py:914} INFO - Processing file /opt/airflow/dags/db_and_model_update_dag.py for tasks to queue
[2026-04-01T00:07:43.297+0000] {logging_mixin.py:190} INFO - [2026-04-01T00:07:43.296+0000] {dagbag.py:588} INFO - Filling up the DagBag from /opt/airflow/dags/db_and_model_update_dag.py
[2026-04-01T00:07:43.317+0000] {processor.py:925} INFO - DAG(s) 'db_and_model_update' retrieved from /opt/airflow/dags/db_and_model_update_dag.py
[2026-04-01T00:07:43.354+0000] {logging_mixin.py:190} INFO - [2026-04-01T00:07:43.353+0000] {dag.py:3239} INFO - Sync 1 DAGs
[2026-04-01T00:07:43.394+0000] {processor.py:208} INFO - Processing /opt/airflow/dags/db_and_model_update_dag.py took 0.108 seconds
[2026-04-01T00:08:13.569+0000] {processor.py:186} INFO - Started process (PID=4204) to work on /opt/airflow/dags/db_and_model_update_dag.py
[2026-04-01T00:08:13.570+0000] {processor.py:914} INFO - Processing file /opt/airflow/dags/db_and_model_update_dag.py for tasks to queue
[2026-04-01T00:08:13.572+0000] {logging_mixin.py:190} INFO - [2026-04-01T00:08:13.572+0000] {dagbag.py:588} INFO - Filling up the DagBag from /opt/airflow/dags/db_and_model_update_dag.py
[2026-04-01T00:08:13.592+0000] {processor.py:925} INFO - DAG(s) 'db_and_model_update' retrieved from /opt/airflow/dags/db_and_model_update_dag.py
[2026-04-01T00:08:13.624+0000] {logging_mixin.py:190} INFO - [2026-04-01T00:08:13.624+0000] {dag.py:3239} INFO - Sync 1 DAGs
[2026-04-01T00:08:13.666+0000] {processor.py:208} INFO - Processing /opt/airflow/dags/db_and_model_update_dag.py took 0.105 seconds
[2026-04-01T00:08:43.962+0000] {processor.py:186} INFO - Started process (PID=4214) to work on /opt/airflow/dags/db_and_model_update_dag.py
[2026-04-01T00:08:43.963+0000] {processor.py:914} INFO - Processing file /opt/airflow/dags/db_and_model_update_dag.py for tasks to queue
[2026-04-01T00:08:43.966+0000] {logging_mixin.py:190} INFO - [2026-04-01T00:08:43.965+0000] {dagbag.py:588} INFO - Filling up the DagBag from /opt/airflow/dags/db_and_model_update_dag.py
[2026-04-01T00:08:43.991+0000] {processor.py:925} INFO - DAG(s) 'db_and_model_update' retrieved from /opt/airflow/dags/db_and_model_update_dag.py
[2026-04-01T00:08:44.023+0000] {logging_mixin.py:190} INFO - [2026-04-01T00:08:44.023+0000] {dag.py:3239} INFO - Sync 1 DAGs
[2026-04-01T00:08:44.071+0000] {processor.py:208} INFO - Processing /opt/airflow/dags/db_and_model_update_dag.py took 0.118 seconds
[2026-04-01T00:09:14.274+0000] {processor.py:186} INFO - Started process (PID=4224) to work on /opt/airflow/dags/db_and_model_update_dag.py
[2026-04-01T00:09:14.275+0000] {processor.py:914} INFO - Processing file /opt/airflow/dags/db_and_model_update_dag.py for tasks to queue
[2026-04-01T00:09:14.278+0000] {logging_mixin.py:190} INFO - [2026-04-01T00:09:14.278+0000] {dagbag.py:588} INFO - Filling up the DagBag from /opt/airflow/dags/db_and_model_update_dag.py
[2026-04-01T00:09:14.297+0000] {processor.py:925} INFO - DAG(s) 'db_and_model_update' retrieved from /opt/airflow/dags/db_and_model_update_dag.py
[2026-04-01T00:09:14.330+0000] {logging_mixin.py:190} INFO - [2026-04-01T00:09:14.329+0000] {dag.py:3239} INFO - Sync 1 DAGs
[2026-04-01T00:09:14.374+0000] {processor.py:208} INFO - Processing /opt/airflow/dags/db_and_model_update_dag.py took 0.108 seconds
[2026-04-01T00:09:44.769+0000] {processor.py:186} INFO - Started process (PID=4234) to work on /opt/airflow/dags/db_and_model_update_dag.py
[2026-04-01T00:09:44.770+0000] {processor.py:914} INFO - Processing file /opt/airflow/dags/db_and_model_update_dag.py for tasks to queue
[2026-04-01T00:09:44.773+0000] {logging_mixin.py:190} INFO - [2026-04-01T00:09:44.772+0000] {dagbag.py:588} INFO - Filling up the DagBag from /opt/airflow/dags/db_and_model_update_dag.py
[2026-04-01T00:09:44.797+0000] {processor.py:925} INFO - DAG(s) 'db_and_model_update' retrieved from /opt/airflow/dags/db_and_model_update_dag.py
[2026-04-01T00:09:44.830+0000] {logging_mixin.py:190} INFO - [2026-04-01T00:09:44.830+0000] {dag.py:3239} INFO - Sync 1 DAGs
[2026-04-01T00:09:44.879+0000] {processor.py:208} INFO - Processing /opt/airflow/dags/db_and_model_update_dag.py took 0.117 seconds
[2026-04-01T00:10:15.218+0000] {processor.py:186} INFO - Started process (PID=4244) to work on /opt/airflow/dags/db_and_model_update_dag.py
[2026-04-01T00:10:15.219+0000] {processor.py:914} INFO - Processing file /opt/airflow/dags/db_and_model_update_dag.py for tasks to queue
[2026-04-01T00:10:15.222+0000] {logging_mixin.py:190} INFO - [2026-04-01T00:10:15.221+0000] {dagbag.py:588} INFO - Filling up the DagBag from /opt/airflow/dags/db_and_model_update_dag.py
[2026-04-01T00:10:15.240+0000] {processor.py:925} INFO - DAG(s) 'db_and_model_update' retrieved from /opt/airflow/dags/db_and_model_update_dag.py
[2026-04-01T00:10:15.279+0000] {logging_mixin.py:190} INFO - [2026-04-01T00:10:15.279+0000] {dag.py:3239} INFO - Sync 1 DAGs
[2026-04-01T00:10:15.356+0000] {processor.py:208} INFO - Processing /opt/airflow/dags/db_and_model_update_dag.py took 0.145 seconds
[2026-04-01T00:10:45.663+0000] {processor.py:186} INFO - Started process (PID=4254) to work on /opt/airflow/dags/db_and_model_update_dag.py
[2026-04-01T00:10:45.664+0000] {processor.py:914} INFO - Processing file /opt/airflow/dags/db_and_model_update_dag.py for tasks to queue
[2026-04-01T00:10:45.667+0000] {logging_mixin.py:190} INFO - [2026-04-01T00:10:45.667+0000] {dagbag.py:588} INFO - Filling up the DagBag from /opt/airflow/dags/db_and_model_update_dag.py
[2026-04-01T00:10:45.695+0000] {processor.py:925} INFO - DAG(s) 'db_and_model_update' retrieved from /opt/airflow/dags/db_and_model_update_dag.py
[2026-04-01T00:10:45.729+0000] {logging_mixin.py:190} INFO - [2026-04-01T00:10:45.728+0000] {dag.py:3239} INFO - Sync 1 DAGs
[2026-04-01T00:10:45.771+0000] {processor.py:208} INFO - Processing /opt/airflow/dags/db_and_model_update_dag.py took 0.115 seconds
[2026-04-01T00:11:15.957+0000] {processor.py:186} INFO - Started process (PID=4264) to work on /opt/airflow/dags/db_and_model_update_dag.py
[2026-04-01T00:11:15.958+0000] {processor.py:914} INFO - Processing file /opt/airflow/dags/db_and_model_update_dag.py for tasks to queue
[2026-04-01T00:11:15.961+0000] {logging_mixin.py:190} INFO - [2026-04-01T00:11:15.961+0000] {dagbag.py:588} INFO - Filling up the DagBag from /opt/airflow/dags/db_and_model_update_dag.py
[2026-04-01T00:11:15.992+0000] {processor.py:925} INFO - DAG(s) 'db_and_model_update' retrieved from /opt/airflow/dags/db_and_model_update_dag.py
[2026-04-01T00:11:16.049+0000] {logging_mixin.py:190} INFO - [2026-04-01T00:11:16.049+0000] {dag.py:3239} INFO - Sync 1 DAGs
[2026-04-01T00:11:16.107+0000] {processor.py:208} INFO - Processing /opt/airflow/dags/db_and_model_update_dag.py took 0.158 seconds
[2026-04-01T00:11:46.411+0000] {processor.py:186} INFO - Started process (PID=4274) to work on /opt/airflow/dags/db_and_model_update_dag.py
[2026-04-01T00:11:46.412+0000] {processor.py:914} INFO - Processing file /opt/airflow/dags/db_and_model_update_dag.py for tasks to queue
[2026-04-01T00:11:46.415+0000] {logging_mixin.py:190} INFO - [2026-04-01T00:11:46.415+0000] {dagbag.py:588} INFO - Filling up the DagBag from /opt/airflow/dags/db_and_model_update_dag.py
[2026-04-01T00:11:46.437+0000] {processor.py:925} INFO - DAG(s) 'db_and_model_update' retrieved from /opt/airflow/dags/db_and_model_update_dag.py
[2026-04-01T00:11:46.483+0000] {logging_mixin.py:190} INFO - [2026-04-01T00:11:46.482+0000] {dag.py:3239} INFO - Sync 1 DAGs
[2026-04-01T00:11:46.544+0000] {processor.py:208} INFO - Processing /opt/airflow/dags/db_and_model_update_dag.py took 0.143 seconds
[2026-04-01T00:12:16.850+0000] {processor.py:186} INFO - Started process (PID=4284) to work on /opt/airflow/dags/db_and_model_update_dag.py
[2026-04-01T00:12:16.853+0000] {processor.py:914} INFO - Processing file /opt/airflow/dags/db_and_model_update_dag.py for tasks to queue
[2026-04-01T00:12:16.859+0000] {logging_mixin.py:190} INFO - [2026-04-01T00:12:16.859+0000] {dagbag.py:588} INFO - Filling up the DagBag from /opt/airflow/dags/db_and_model_update_dag.py
[2026-04-01T00:12:16.898+0000] {processor.py:925} INFO - DAG(s) 'db_and_model_update' retrieved from /opt/airflow/dags/db_and_model_update_dag.py
[2026-04-01T00:12:16.942+0000] {logging_mixin.py:190} INFO - [2026-04-01T00:12:16.941+0000] {dag.py:3239} INFO - Sync 1 DAGs
[2026-04-01T00:12:16.994+0000] {processor.py:208} INFO - Processing /opt/airflow/dags/db_and_model_update_dag.py took 0.156 seconds
[2026-04-01T00:12:47.136+0000] {processor.py:186} INFO - Started process (PID=4294) to work on /opt/airflow/dags/db_and_model_update_dag.py
[2026-04-01T00:12:47.137+0000] {processor.py:914} INFO - Processing file /opt/airflow/dags/db_and_model_update_dag.py for tasks to queue
[2026-04-01T00:12:47.139+0000] {logging_mixin.py:190} INFO - [2026-04-01T00:12:47.139+0000] {dagbag.py:588} INFO - Filling up the DagBag from /opt/airflow/dags/db_and_model_update_dag.py
[2026-04-01T00:12:47.162+0000] {processor.py:925} INFO - DAG(s) 'db_and_model_update' retrieved from /opt/airflow/dags/db_and_model_update_dag.py
[2026-04-01T00:12:47.198+0000] {logging_mixin.py:190} INFO - [2026-04-01T00:12:47.197+0000] {dag.py:3239} INFO - Sync 1 DAGs
[2026-04-01T00:12:47.257+0000] {processor.py:208} INFO - Processing /opt/airflow/dags/db_and_model_update_dag.py took 0.130 seconds
[2026-04-01T00:13:17.581+0000] {processor.py:186} INFO - Started process (PID=4304) to work on /opt/airflow/dags/db_and_model_update_dag.py
[2026-04-01T00:13:17.583+0000] {processor.py:914} INFO - Processing file /opt/airflow/dags/db_and_model_update_dag.py for tasks to queue
[2026-04-01T00:13:17.586+0000] {logging_mixin.py:190} INFO - [2026-04-01T00:13:17.585+0000] {dagbag.py:588} INFO - Filling up the DagBag from /opt/airflow/dags/db_and_model_update_dag.py
[2026-04-01T00:13:17.608+0000] {processor.py:925} INFO - DAG(s) 'db_and_model_update' retrieved from /opt/airflow/dags/db_and_model_update_dag.py
[2026-04-01T00:13:17.638+0000] {logging_mixin.py:190} INFO - [2026-04-01T00:13:17.638+0000] {dag.py:3239} INFO - Sync 1 DAGs
[2026-04-01T00:13:17.678+0000] {processor.py:208} INFO - Processing /opt/airflow/dags/db_and_model_update_dag.py took 0.104 seconds
[2026-04-01T00:13:47.871+0000] {processor.py:186} INFO - Started process (PID=4314) to work on /opt/airflow/dags/db_and_model_update_dag.py
[2026-04-01T00:13:47.876+0000] {processor.py:914} INFO - Processing file /opt/airflow/dags/db_and_model_update_dag.py for tasks to queue
[2026-04-01T00:13:47.879+0000] {logging_mixin.py:190} INFO - [2026-04-01T00:13:47.879+0000] {dagbag.py:588} INFO - Filling up the DagBag from /opt/airflow/dags/db_and_model_update_dag.py
[2026-04-01T00:13:47.898+0000] {processor.py:925} INFO - DAG(s) 'db_and_model_update' retrieved from /opt/airflow/dags/db_and_model_update_dag.py
[2026-04-01T00:13:47.928+0000] {logging_mixin.py:190} INFO - [2026-04-01T00:13:47.927+0000] {dag.py:3239} INFO - Sync 1 DAGs
[2026-04-01T00:13:47.975+0000] {processor.py:208} INFO - Processing /opt/airflow/dags/db_and_model_update_dag.py took 0.111 seconds
[2026-04-01T00:14:18.237+0000] {processor.py:186} INFO - Started process (PID=4324) to work on /opt/airflow/dags/db_and_model_update_dag.py
[2026-04-01T00:14:18.238+0000] {processor.py:914} INFO - Processing file /opt/airflow/dags/db_and_model_update_dag.py for tasks to queue
[2026-04-01T00:14:18.240+0000] {logging_mixin.py:190} INFO - [2026-04-01T00:14:18.240+0000] {dagbag.py:588} INFO - Filling up the DagBag from /opt/airflow/dags/db_and_model_update_dag.py
[2026-04-01T00:14:18.263+0000] {processor.py:925} INFO - DAG(s) 'db_and_model_update' retrieved from /opt/airflow/dags/db_and_model_update_dag.py
[2026-04-01T00:14:18.302+0000] {logging_mixin.py:190} INFO - [2026-04-01T00:14:18.301+0000] {dag.py:3239} INFO - Sync 1 DAGs
[2026-04-01T00:14:18.366+0000] {processor.py:208} INFO - Processing /opt/airflow/dags/db_and_model_update_dag.py took 0.139 seconds
[2026-04-01T00:14:48.718+0000] {processor.py:186} INFO - Started process (PID=4334) to work on /opt/airflow/dags/db_and_model_update_dag.py
[2026-04-01T00:14:48.719+0000] {processor.py:914} INFO - Processing file /opt/airflow/dags/db_and_model_update_dag.py for tasks to queue
[2026-04-01T00:14:48.722+0000] {logging_mixin.py:190} INFO - [2026-04-01T00:14:48.722+0000] {dagbag.py:588} INFO - Filling up the DagBag from /opt/airflow/dags/db_and_model_update_dag.py
[2026-04-01T00:14:48.744+0000] {processor.py:925} INFO - DAG(s) 'db_and_model_update' retrieved from /opt/airflow/dags/db_and_model_update_dag.py
[2026-04-01T00:14:48.784+0000] {logging_mixin.py:190} INFO - [2026-04-01T00:14:48.784+0000] {dag.py:3239} INFO - Sync 1 DAGs
[2026-04-01T00:14:48.873+0000] {processor.py:208} INFO - Processing /opt/airflow/dags/db_and_model_update_dag.py took 0.165 seconds
[2026-04-01T00:15:25.232+0000] {processor.py:186} INFO - Started process (PID=4349) to work on /opt/airflow/dags/db_and_model_update_dag.py
[2026-04-01T00:15:25.233+0000] {processor.py:914} INFO - Processing file /opt/airflow/dags/db_and_model_update_dag.py for tasks to queue
[2026-04-01T00:15:25.236+0000] {logging_mixin.py:190} INFO - [2026-04-01T00:15:25.236+0000] {dagbag.py:588} INFO - Filling up the DagBag from /opt/airflow/dags/db_and_model_update_dag.py
[2026-04-01T00:15:25.261+0000] {processor.py:925} INFO - DAG(s) 'db_and_model_update' retrieved from /opt/airflow/dags/db_and_model_update_dag.py
[2026-04-01T00:15:25.295+0000] {logging_mixin.py:190} INFO - [2026-04-01T00:15:25.295+0000] {dag.py:3239} INFO - Sync 1 DAGs
[2026-04-01T00:15:25.336+0000] {processor.py:208} INFO - Processing /opt/airflow/dags/db_and_model_update_dag.py took 0.113 seconds
[2026-04-01T00:15:55.675+0000] {processor.py:186} INFO - Started process (PID=4359) to work on /opt/airflow/dags/db_and_model_update_dag.py
[2026-04-01T00:15:55.676+0000] {processor.py:914} INFO - Processing file /opt/airflow/dags/db_and_model_update_dag.py for tasks to queue
[2026-04-01T00:15:55.679+0000] {logging_mixin.py:190} INFO - [2026-04-01T00:15:55.679+0000] {dagbag.py:588} INFO - Filling up the DagBag from /opt/airflow/dags/db_and_model_update_dag.py
[2026-04-01T00:15:55.704+0000] {processor.py:925} INFO - DAG(s) 'db_and_model_update' retrieved from /opt/airflow/dags/db_and_model_update_dag.py
[2026-04-01T00:15:55.737+0000] {logging_mixin.py:190} INFO - [2026-04-01T00:15:55.737+0000] {dag.py:3239} INFO - Sync 1 DAGs
[2026-04-01T00:15:55.781+0000] {processor.py:208} INFO - Processing /opt/airflow/dags/db_and_model_update_dag.py took 0.115 seconds
[2026-04-01T00:16:26.063+0000] {processor.py:186} INFO - Started process (PID=4369) to work on /opt/airflow/dags/db_and_model_update_dag.py
[2026-04-01T00:16:26.064+0000] {processor.py:914} INFO - Processing file /opt/airflow/dags/db_and_model_update_dag.py for tasks to queue
[2026-04-01T00:16:26.067+0000] {logging_mixin.py:190} INFO - [2026-04-01T00:16:26.067+0000] {dagbag.py:588} INFO - Filling up the DagBag from /opt/airflow/dags/db_and_model_update_dag.py
[2026-04-01T00:16:26.092+0000] {processor.py:925} INFO - DAG(s) 'db_and_model_update' retrieved from /opt/airflow/dags/db_and_model_update_dag.py
[2026-04-01T00:16:26.124+0000] {logging_mixin.py:190} INFO - [2026-04-01T00:16:26.124+0000] {dag.py:3239} INFO - Sync 1 DAGs
[2026-04-01T00:16:26.167+0000] {processor.py:208} INFO - Processing /opt/airflow/dags/db_and_model_update_dag.py took 0.112 seconds
[2026-04-01T00:16:56.468+0000] {processor.py:186} INFO - Started process (PID=4379) to work on /opt/airflow/dags/db_and_model_update_dag.py
[2026-04-01T00:16:56.469+0000] {processor.py:914} INFO - Processing file /opt/airflow/dags/db_and_model_update_dag.py for tasks to queue
[2026-04-01T00:16:56.471+0000] {logging_mixin.py:190} INFO - [2026-04-01T00:16:56.471+0000] {dagbag.py:588} INFO - Filling up the DagBag from /opt/airflow/dags/db_and_model_update_dag.py
[2026-04-01T00:16:56.490+0000] {processor.py:925} INFO - DAG(s) 'db_and_model_update' retrieved from /opt/airflow/dags/db_and_model_update_dag.py
[2026-04-01T00:16:56.518+0000] {logging_mixin.py:190} INFO - [2026-04-01T00:16:56.518+0000] {dag.py:3239} INFO - Sync 1 DAGs
[2026-04-01T00:16:56.554+0000] {processor.py:208} INFO - Processing /opt/airflow/dags/db_and_model_update_dag.py took 0.093 seconds
[2026-04-01T00:17:26.872+0000] {processor.py:186} INFO - Started process (PID=4389) to work on /opt/airflow/dags/db_and_model_update_dag.py
[2026-04-01T00:17:26.873+0000] {processor.py:914} INFO - Processing file /opt/airflow/dags/db_and_model_update_dag.py for tasks to queue
[2026-04-01T00:17:26.875+0000] {logging_mixin.py:190} INFO - [2026-04-01T00:17:26.875+0000] {dagbag.py:588} INFO - Filling up the DagBag from /opt/airflow/dags/db_and_model_update_dag.py
[2026-04-01T00:17:26.894+0000] {processor.py:925} INFO - DAG(s) 'db_and_model_update' retrieved from /opt/airflow/dags/db_and_model_update_dag.py
[2026-04-01T00:17:26.923+0000] {logging_mixin.py:190} INFO - [2026-04-01T00:17:26.923+0000] {dag.py:3239} INFO - Sync 1 DAGs
[2026-04-01T00:17:26.961+0000] {processor.py:208} INFO - Processing /opt/airflow/dags/db_and_model_update_dag.py took 0.096 seconds
[2026-04-01T00:17:57.270+0000] {processor.py:186} INFO - Started process (PID=4399) to work on /opt/airflow/dags/db_and_model_update_dag.py
[2026-04-01T00:17:57.272+0000] {processor.py:914} INFO - Processing file /opt/airflow/dags/db_and_model_update_dag.py for tasks to queue
[2026-04-01T00:17:57.275+0000] {logging_mixin.py:190} INFO - [2026-04-01T00:17:57.275+0000] {dagbag.py:588} INFO - Filling up the DagBag from /opt/airflow/dags/db_and_model_update_dag.py
[2026-04-01T00:17:57.311+0000] {processor.py:925} INFO - DAG(s) 'db_and_model_update' retrieved from /opt/airflow/dags/db_and_model_update_dag.py
[2026-04-01T00:17:57.350+0000] {logging_mixin.py:190} INFO - [2026-04-01T00:17:57.350+0000] {dag.py:3239} INFO - Sync 1 DAGs
[2026-04-01T00:17:57.398+0000] {processor.py:208} INFO - Processing /opt/airflow/dags/db_and_model_update_dag.py took 0.136 seconds
[2026-04-01T00:18:27.702+0000] {processor.py:186} INFO - Started process (PID=4409) to work on /opt/airflow/dags/db_and_model_update_dag.py
[2026-04-01T00:18:27.703+0000] {processor.py:914} INFO - Processing file /opt/airflow/dags/db_and_model_update_dag.py for tasks to queue
[2026-04-01T00:18:27.706+0000] {logging_mixin.py:190} INFO - [2026-04-01T00:18:27.706+0000] {dagbag.py:588} INFO - Filling up the DagBag from /opt/airflow/dags/db_and_model_update_dag.py
[2026-04-01T00:18:27.730+0000] {processor.py:925} INFO - DAG(s) 'db_and_model_update' retrieved from /opt/airflow/dags/db_and_model_update_dag.py
[2026-04-01T00:18:27.770+0000] {logging_mixin.py:190} INFO - [2026-04-01T00:18:27.769+0000] {dag.py:3239} INFO - Sync 1 DAGs
[2026-04-01T00:18:27.810+0000] {processor.py:208} INFO - Processing /opt/airflow/dags/db_and_model_update_dag.py took 0.117 seconds
[2026-04-01T00:18:57.950+0000] {processor.py:186} INFO - Started process (PID=4419) to work on /opt/airflow/dags/db_and_model_update_dag.py
[2026-04-01T00:18:57.954+0000] {processor.py:914} INFO - Processing file /opt/airflow/dags/db_and_model_update_dag.py for tasks to queue
[2026-04-01T00:18:57.958+0000] {logging_mixin.py:190} INFO - [2026-04-01T00:18:57.957+0000] {dagbag.py:588} INFO - Filling up the DagBag from /opt/airflow/dags/db_and_model_update_dag.py
[2026-04-01T00:18:57.980+0000] {processor.py:925} INFO - DAG(s) 'db_and_model_update' retrieved from /opt/airflow/dags/db_and_model_update_dag.py
[2026-04-01T00:18:58.018+0000] {logging_mixin.py:190} INFO - [2026-04-01T00:18:58.018+0000] {dag.py:3239} INFO - Sync 1 DAGs
[2026-04-01T00:18:58.062+0000] {processor.py:208} INFO - Processing /opt/airflow/dags/db_and_model_update_dag.py took 0.121 seconds
[2026-04-01T00:19:28.640+0000] {processor.py:186} INFO - Started process (PID=4429) to work on /opt/airflow/dags/db_and_model_update_dag.py
[2026-04-01T00:19:28.642+0000] {processor.py:914} INFO - Processing file /opt/airflow/dags/db_and_model_update_dag.py for tasks to queue
[2026-04-01T00:19:28.644+0000] {logging_mixin.py:190} INFO - [2026-04-01T00:19:28.644+0000] {dagbag.py:588} INFO - Filling up the DagBag from /opt/airflow/dags/db_and_model_update_dag.py
[2026-04-01T00:19:28.667+0000] {processor.py:925} INFO - DAG(s) 'db_and_model_update' retrieved from /opt/airflow/dags/db_and_model_update_dag.py
[2026-04-01T00:19:28.700+0000] {logging_mixin.py:190} INFO - [2026-04-01T00:19:28.700+0000] {dag.py:3239} INFO - Sync 1 DAGs
[2026-04-01T00:19:28.741+0000] {processor.py:208} INFO - Processing /opt/airflow/dags/db_and_model_update_dag.py took 0.109 seconds
[2026-04-01T00:19:59.042+0000] {processor.py:186} INFO - Started process (PID=4439) to work on /opt/airflow/dags/db_and_model_update_dag.py
[2026-04-01T00:19:59.044+0000] {processor.py:914} INFO - Processing file /opt/airflow/dags/db_and_model_update_dag.py for tasks to queue
[2026-04-01T00:19:59.046+0000] {logging_mixin.py:190} INFO - [2026-04-01T00:19:59.046+0000] {dagbag.py:588} INFO - Filling up the DagBag from /opt/airflow/dags/db_and_model_update_dag.py
[2026-04-01T00:19:59.064+0000] {processor.py:925} INFO - DAG(s) 'db_and_model_update' retrieved from /opt/airflow/dags/db_and_model_update_dag.py
[2026-04-01T00:19:59.094+0000] {logging_mixin.py:190} INFO - [2026-04-01T00:19:59.094+0000] {dag.py:3239} INFO - Sync 1 DAGs
[2026-04-01T00:19:59.134+0000] {processor.py:208} INFO - Processing /opt/airflow/dags/db_and_model_update_dag.py took 0.099 seconds
[2026-04-01T00:20:34.981+0000] {processor.py:186} INFO - Started process (PID=4449) to work on /opt/airflow/dags/db_and_model_update_dag.py
[2026-04-01T00:20:34.982+0000] {processor.py:914} INFO - Processing file /opt/airflow/dags/db_and_model_update_dag.py for tasks to queue
[2026-04-01T00:20:34.985+0000] {logging_mixin.py:190} INFO - [2026-04-01T00:20:34.984+0000] {dagbag.py:588} INFO - Filling up the DagBag from /opt/airflow/dags/db_and_model_update_dag.py
[2026-04-01T00:20:28.975+0000] {processor.py:925} INFO - DAG(s) 'db_and_model_update' retrieved from /opt/airflow/dags/db_and_model_update_dag.py
[2026-04-01T00:20:29.017+0000] {logging_mixin.py:190} INFO - [2026-04-01T00:20:29.016+0000] {dag.py:3239} INFO - Sync 1 DAGs
[2026-04-01T00:20:29.081+0000] {processor.py:208} INFO - Processing /opt/airflow/dags/db_and_model_update_dag.py took 0.140 seconds
[2026-04-01T00:20:59.370+0000] {processor.py:186} INFO - Started process (PID=4459) to work on /opt/airflow/dags/db_and_model_update_dag.py
[2026-04-01T00:20:59.371+0000] {processor.py:914} INFO - Processing file /opt/airflow/dags/db_and_model_update_dag.py for tasks to queue
[2026-04-01T00:20:59.373+0000] {logging_mixin.py:190} INFO - [2026-04-01T00:20:59.373+0000] {dagbag.py:588} INFO - Filling up the DagBag from /opt/airflow/dags/db_and_model_update_dag.py
[2026-04-01T00:20:59.391+0000] {processor.py:925} INFO - DAG(s) 'db_and_model_update' retrieved from /opt/airflow/dags/db_and_model_update_dag.py
[2026-04-01T00:20:59.422+0000] {logging_mixin.py:190} INFO - [2026-04-01T00:20:59.422+0000] {dag.py:3239} INFO - Sync 1 DAGs
[2026-04-01T00:20:59.463+0000] {processor.py:208} INFO - Processing /opt/airflow/dags/db_and_model_update_dag.py took 0.101 seconds
[2026-04-01T00:21:29.737+0000] {processor.py:186} INFO - Started process (PID=4469) to work on /opt/airflow/dags/db_and_model_update_dag.py
[2026-04-01T00:21:29.738+0000] {processor.py:914} INFO - Processing file /opt/airflow/dags/db_and_model_update_dag.py for tasks to queue
[2026-04-01T00:21:29.740+0000] {logging_mixin.py:190} INFO - [2026-04-01T00:21:29.740+0000] {dagbag.py:588} INFO - Filling up the DagBag from /opt/airflow/dags/db_and_model_update_dag.py
[2026-04-01T00:21:29.761+0000] {processor.py:925} INFO - DAG(s) 'db_and_model_update' retrieved from /opt/airflow/dags/db_and_model_update_dag.py
[2026-04-01T00:21:29.791+0000] {logging_mixin.py:190} INFO - [2026-04-01T00:21:29.791+0000] {dag.py:3239} INFO - Sync 1 DAGs
[2026-04-01T00:21:29.829+0000] {processor.py:208} INFO - Processing /opt/airflow/dags/db_and_model_update_dag.py took 0.100 seconds
[2026-04-01T00:22:00.162+0000] {processor.py:186} INFO - Started process (PID=4479) to work on /opt/airflow/dags/db_and_model_update_dag.py
[2026-04-01T00:22:00.163+0000] {processor.py:914} INFO - Processing file /opt/airflow/dags/db_and_model_update_dag.py for tasks to queue
[2026-04-01T00:22:00.166+0000] {logging_mixin.py:190} INFO - [2026-04-01T00:22:00.166+0000] {dagbag.py:588} INFO - Filling up the DagBag from /opt/airflow/dags/db_and_model_update_dag.py
[2026-04-01T00:22:00.189+0000] {processor.py:925} INFO - DAG(s) 'db_and_model_update' retrieved from /opt/airflow/dags/db_and_model_update_dag.py
[2026-04-01T00:22:00.219+0000] {logging_mixin.py:190} INFO - [2026-04-01T00:22:00.218+0000] {dag.py:3239} INFO - Sync 1 DAGs
[2026-04-01T00:22:00.285+0000] {processor.py:208} INFO - Processing /opt/airflow/dags/db_and_model_update_dag.py took 0.132 seconds
[2026-04-01T00:22:30.576+0000] {processor.py:186} INFO - Started process (PID=4489) to work on /opt/airflow/dags/db_and_model_update_dag.py
[2026-04-01T00:22:30.577+0000] {processor.py:914} INFO - Processing file /opt/airflow/dags/db_and_model_update_dag.py for tasks to queue
[2026-04-01T00:22:30.580+0000] {logging_mixin.py:190} INFO - [2026-04-01T00:22:30.579+0000] {dagbag.py:588} INFO - Filling up the DagBag from /opt/airflow/dags/db_and_model_update_dag.py
[2026-04-01T00:22:30.600+0000] {processor.py:925} INFO - DAG(s) 'db_and_model_update' retrieved from /opt/airflow/dags/db_and_model_update_dag.py
[2026-04-01T00:22:30.630+0000] {logging_mixin.py:190} INFO - [2026-04-01T00:22:30.630+0000] {dag.py:3239} INFO - Sync 1 DAGs
[2026-04-01T00:22:30.669+0000] {processor.py:208} INFO - Processing /opt/airflow/dags/db_and_model_update_dag.py took 0.100 seconds
[2026-04-01T00:23:00.956+0000] {processor.py:186} INFO - Started process (PID=4499) to work on /opt/airflow/dags/db_and_model_update_dag.py
[2026-04-01T00:23:00.957+0000] {processor.py:914} INFO - Processing file /opt/airflow/dags/db_and_model_update_dag.py for tasks to queue
[2026-04-01T00:23:00.959+0000] {logging_mixin.py:190} INFO - [2026-04-01T00:23:00.959+0000] {dagbag.py:588} INFO - Filling up the DagBag from /opt/airflow/dags/db_and_model_update_dag.py
[2026-04-01T00:23:00.978+0000] {processor.py:925} INFO - DAG(s) 'db_and_model_update' retrieved from /opt/airflow/dags/db_and_model_update_dag.py
[2026-04-01T00:23:01.008+0000] {logging_mixin.py:190} INFO - [2026-04-01T00:23:01.008+0000] {dag.py:3239} INFO - Sync 1 DAGs
[2026-04-01T00:23:01.046+0000] {processor.py:208} INFO - Processing /opt/airflow/dags/db_and_model_update_dag.py took 0.097 seconds
[2026-04-01T00:23:31.302+0000] {processor.py:186} INFO - Started process (PID=4509) to work on /opt/airflow/dags/db_and_model_update_dag.py
[2026-04-01T00:23:31.303+0000] {processor.py:914} INFO - Processing file /opt/airflow/dags/db_and_model_update_dag.py for tasks to queue
[2026-04-01T00:23:31.305+0000] {logging_mixin.py:190} INFO - [2026-04-01T00:23:31.305+0000] {dagbag.py:588} INFO - Filling up the DagBag from /opt/airflow/dags/db_and_model_update_dag.py
[2026-04-01T00:23:31.324+0000] {processor.py:925} INFO - DAG(s) 'db_and_model_update' retrieved from /opt/airflow/dags/db_and_model_update_dag.py
[2026-04-01T00:23:31.356+0000] {logging_mixin.py:190} INFO - [2026-04-01T00:23:31.356+0000] {dag.py:3239} INFO - Sync 1 DAGs
[2026-04-01T00:23:31.397+0000] {processor.py:208} INFO - Processing /opt/airflow/dags/db_and_model_update_dag.py took 0.102 seconds
[2026-04-01T00:24:01.731+0000] {processor.py:186} INFO - Started process (PID=4519) to work on /opt/airflow/dags/db_and_model_update_dag.py
[2026-04-01T00:24:01.732+0000] {processor.py:914} INFO - Processing file /opt/airflow/dags/db_and_model_update_dag.py for tasks to queue
[2026-04-01T00:24:01.735+0000] {logging_mixin.py:190} INFO - [2026-04-01T00:24:01.735+0000] {dagbag.py:588} INFO - Filling up the DagBag from /opt/airflow/dags/db_and_model_update_dag.py
[2026-04-01T00:24:01.755+0000] {processor.py:925} INFO - DAG(s) 'db_and_model_update' retrieved from /opt/airflow/dags/db_and_model_update_dag.py
[2026-04-01T00:24:01.791+0000] {logging_mixin.py:190} INFO - [2026-04-01T00:24:01.791+0000] {dag.py:3239} INFO - Sync 1 DAGs
[2026-04-01T00:24:01.833+0000] {processor.py:208} INFO - Processing /opt/airflow/dags/db_and_model_update_dag.py took 0.109 seconds
[2026-04-01T00:24:32.119+0000] {processor.py:186} INFO - Started process (PID=4529) to work on /opt/airflow/dags/db_and_model_update_dag.py
[2026-04-01T00:24:32.121+0000] {processor.py:914} INFO - Processing file /opt/airflow/dags/db_and_model_update_dag.py for tasks to queue
[2026-04-01T00:24:32.123+0000] {logging_mixin.py:190} INFO - [2026-04-01T00:24:32.123+0000] {dagbag.py:588} INFO - Filling up the DagBag from /opt/airflow/dags/db_and_model_update_dag.py
[2026-04-01T00:24:32.141+0000] {processor.py:925} INFO - DAG(s) 'db_and_model_update' retrieved from /opt/airflow/dags/db_and_model_update_dag.py
[2026-04-01T00:24:32.172+0000] {logging_mixin.py:190} INFO - [2026-04-01T00:24:32.172+0000] {dag.py:3239} INFO - Sync 1 DAGs
[2026-04-01T00:24:32.211+0000] {processor.py:208} INFO - Processing /opt/airflow/dags/db_and_model_update_dag.py took 0.098 seconds
[2026-04-01T00:25:02.536+0000] {processor.py:186} INFO - Started process (PID=4539) to work on /opt/airflow/dags/db_and_model_update_dag.py
[2026-04-01T00:25:02.537+0000] {processor.py:914} INFO - Processing file /opt/airflow/dags/db_and_model_update_dag.py for tasks to queue
[2026-04-01T00:25:02.539+0000] {logging_mixin.py:190} INFO - [2026-04-01T00:25:02.539+0000] {dagbag.py:588} INFO - Filling up the DagBag from /opt/airflow/dags/db_and_model_update_dag.py
[2026-04-01T00:25:02.557+0000] {processor.py:925} INFO - DAG(s) 'db_and_model_update' retrieved from /opt/airflow/dags/db_and_model_update_dag.py
[2026-04-01T00:25:02.586+0000] {logging_mixin.py:190} INFO - [2026-04-01T00:25:02.585+0000] {dag.py:3239} INFO - Sync 1 DAGs
[2026-04-01T00:25:02.628+0000] {processor.py:208} INFO - Processing /opt/airflow/dags/db_and_model_update_dag.py took 0.098 seconds
[2026-04-01T00:25:32.888+0000] {processor.py:186} INFO - Started process (PID=4549) to work on /opt/airflow/dags/db_and_model_update_dag.py
[2026-04-01T00:25:32.889+0000] {processor.py:914} INFO - Processing file /opt/airflow/dags/db_and_model_update_dag.py for tasks to queue
[2026-04-01T00:25:32.891+0000] {logging_mixin.py:190} INFO - [2026-04-01T00:25:32.890+0000] {dagbag.py:588} INFO - Filling up the DagBag from /opt/airflow/dags/db_and_model_update_dag.py
[2026-04-01T00:25:32.909+0000] {processor.py:925} INFO - DAG(s) 'db_and_model_update' retrieved from /opt/airflow/dags/db_and_model_update_dag.py
[2026-04-01T00:25:32.941+0000] {logging_mixin.py:190} INFO - [2026-04-01T00:25:32.941+0000] {dag.py:3239} INFO - Sync 1 DAGs
[2026-04-01T00:25:32.981+0000] {processor.py:208} INFO - Processing /opt/airflow/dags/db_and_model_update_dag.py took 0.099 seconds
[2026-04-01T00:26:03.250+0000] {processor.py:186} INFO - Started process (PID=4559) to work on /opt/airflow/dags/db_and_model_update_dag.py
[2026-04-01T00:26:03.251+0000] {processor.py:914} INFO - Processing file /opt/airflow/dags/db_and_model_update_dag.py for tasks to queue
[2026-04-01T00:26:03.254+0000] {logging_mixin.py:190} INFO - [2026-04-01T00:26:03.253+0000] {dagbag.py:588} INFO - Filling up the DagBag from /opt/airflow/dags/db_and_model_update_dag.py
[2026-04-01T00:26:03.274+0000] {processor.py:925} INFO - DAG(s) 'db_and_model_update' retrieved from /opt/airflow/dags/db_and_model_update_dag.py
[2026-04-01T00:26:03.308+0000] {logging_mixin.py:190} INFO - [2026-04-01T00:26:03.308+0000] {dag.py:3239} INFO - Sync 1 DAGs
[2026-04-01T00:26:03.355+0000] {processor.py:208} INFO - Processing /opt/airflow/dags/db_and_model_update_dag.py took 0.113 seconds
[2026-04-01T00:26:33.625+0000] {processor.py:186} INFO - Started process (PID=4569) to work on /opt/airflow/dags/db_and_model_update_dag.py
[2026-04-01T00:26:33.627+0000] {processor.py:914} INFO - Processing file /opt/airflow/dags/db_and_model_update_dag.py for tasks to queue
[2026-04-01T00:26:33.630+0000] {logging_mixin.py:190} INFO - [2026-04-01T00:26:33.630+0000] {dagbag.py:588} INFO - Filling up the DagBag from /opt/airflow/dags/db_and_model_update_dag.py
[2026-04-01T00:26:33.649+0000] {processor.py:925} INFO - DAG(s) 'db_and_model_update' retrieved from /opt/airflow/dags/db_and_model_update_dag.py
[2026-04-01T00:26:33.678+0000] {logging_mixin.py:190} INFO - [2026-04-01T00:26:33.678+0000] {dag.py:3239} INFO - Sync 1 DAGs
[2026-04-01T00:26:33.712+0000] {processor.py:208} INFO - Processing /opt/airflow/dags/db_and_model_update_dag.py took 0.094 seconds
[2026-04-01T00:27:03.984+0000] {processor.py:186} INFO - Started process (PID=4579) to work on /opt/airflow/dags/db_and_model_update_dag.py
[2026-04-01T00:27:03.985+0000] {processor.py:914} INFO - Processing file /opt/airflow/dags/db_and_model_update_dag.py for tasks to queue
[2026-04-01T00:27:03.988+0000] {logging_mixin.py:190} INFO - [2026-04-01T00:27:03.988+0000] {dagbag.py:588} INFO - Filling up the DagBag from /opt/airflow/dags/db_and_model_update_dag.py
[2026-04-01T00:27:04.009+0000] {processor.py:925} INFO - DAG(s) 'db_and_model_update' retrieved from /opt/airflow/dags/db_and_model_update_dag.py
[2026-04-01T00:27:04.042+0000] {logging_mixin.py:190} INFO - [2026-04-01T00:27:04.042+0000] {dag.py:3239} INFO - Sync 1 DAGs
[2026-04-01T00:27:04.082+0000] {processor.py:208} INFO - Processing /opt/airflow/dags/db_and_model_update_dag.py took 0.104 seconds
[2026-04-01T00:27:34.372+0000] {processor.py:186} INFO - Started process (PID=4589) to work on /opt/airflow/dags/db_and_model_update_dag.py
[2026-04-01T00:27:34.373+0000] {processor.py:914} INFO - Processing file /opt/airflow/dags/db_and_model_update_dag.py for tasks to queue
[2026-04-01T00:27:34.376+0000] {logging_mixin.py:190} INFO - [2026-04-01T00:27:34.376+0000] {dagbag.py:588} INFO - Filling up the DagBag from /opt/airflow/dags/db_and_model_update_dag.py
[2026-04-01T00:27:34.397+0000] {processor.py:925} INFO - DAG(s) 'db_and_model_update' retrieved from /opt/airflow/dags/db_and_model_update_dag.py
[2026-04-01T00:27:34.435+0000] {logging_mixin.py:190} INFO - [2026-04-01T00:27:34.435+0000] {dag.py:3239} INFO - Sync 1 DAGs
[2026-04-01T00:27:34.475+0000] {processor.py:208} INFO - Processing /opt/airflow/dags/db_and_model_update_dag.py took 0.112 seconds
[2026-04-01T00:27:59.752+0000] {processor.py:186} INFO - Started process (PID=4594) to work on /opt/airflow/dags/db_and_model_update_dag.py
[2026-04-01T00:27:59.753+0000] {processor.py:914} INFO - Processing file /opt/airflow/dags/db_and_model_update_dag.py for tasks to queue
[2026-04-01T00:27:59.757+0000] {logging_mixin.py:190} INFO - [2026-04-01T00:27:59.756+0000] {dagbag.py:588} INFO - Filling up the DagBag from /opt/airflow/dags/db_and_model_update_dag.py
[2026-04-01T00:27:59.777+0000] {processor.py:925} INFO - DAG(s) 'db_and_model_update' retrieved from /opt/airflow/dags/db_and_model_update_dag.py
[2026-04-01T00:27:59.813+0000] {logging_mixin.py:190} INFO - [2026-04-01T00:27:59.813+0000] {dag.py:3239} INFO - Sync 1 DAGs
[2026-04-01T00:27:59.871+0000] {processor.py:208} INFO - Processing /opt/airflow/dags/db_and_model_update_dag.py took 0.128 seconds
[2026-04-01T00:28:30.209+0000] {processor.py:186} INFO - Started process (PID=4604) to work on /opt/airflow/dags/db_and_model_update_dag.py
[2026-04-01T00:28:30.211+0000] {processor.py:914} INFO - Processing file /opt/airflow/dags/db_and_model_update_dag.py for tasks to queue
[2026-04-01T00:28:30.214+0000] {logging_mixin.py:190} INFO - [2026-04-01T00:28:30.214+0000] {dagbag.py:588} INFO - Filling up the DagBag from /opt/airflow/dags/db_and_model_update_dag.py
[2026-04-01T00:28:30.236+0000] {processor.py:925} INFO - DAG(s) 'db_and_model_update' retrieved from /opt/airflow/dags/db_and_model_update_dag.py
[2026-04-01T00:28:30.277+0000] {logging_mixin.py:190} INFO - [2026-04-01T00:28:30.276+0000] {dag.py:3239} INFO - Sync 1 DAGs
[2026-04-01T00:28:30.319+0000] {processor.py:208} INFO - Processing /opt/airflow/dags/db_and_model_update_dag.py took 0.120 seconds
[2026-04-01T00:29:00.640+0000] {processor.py:186} INFO - Started process (PID=4614) to work on /opt/airflow/dags/db_and_model_update_dag.py
[2026-04-01T00:29:00.642+0000] {processor.py:914} INFO - Processing file /opt/airflow/dags/db_and_model_update_dag.py for tasks to queue
[2026-04-01T00:29:00.646+0000] {logging_mixin.py:190} INFO - [2026-04-01T00:29:00.646+0000] {dagbag.py:588} INFO - Filling up the DagBag from /opt/airflow/dags/db_and_model_update_dag.py
[2026-04-01T00:29:00.683+0000] {processor.py:925} INFO - DAG(s) 'db_and_model_update' retrieved from /opt/airflow/dags/db_and_model_update_dag.py
[2026-04-01T00:29:00.736+0000] {logging_mixin.py:190} INFO - [2026-04-01T00:29:00.735+0000] {dag.py:3239} INFO - Sync 1 DAGs
[2026-04-01T00:29:00.816+0000] {processor.py:208} INFO - Processing /opt/airflow/dags/db_and_model_update_dag.py took 0.187 seconds
[2026-04-01T00:29:31.120+0000] {processor.py:186} INFO - Started process (PID=4624) to work on /opt/airflow/dags/db_and_model_update_dag.py
[2026-04-01T00:29:31.122+0000] {processor.py:914} INFO - Processing file /opt/airflow/dags/db_and_model_update_dag.py for tasks to queue
[2026-04-01T00:29:31.124+0000] {logging_mixin.py:190} INFO - [2026-04-01T00:29:31.124+0000] {dagbag.py:588} INFO - Filling up the DagBag from /opt/airflow/dags/db_and_model_update_dag.py
[2026-04-01T00:29:31.148+0000] {processor.py:925} INFO - DAG(s) 'db_and_model_update' retrieved from /opt/airflow/dags/db_and_model_update_dag.py
[2026-04-01T00:29:31.182+0000] {logging_mixin.py:190} INFO - [2026-04-01T00:29:31.181+0000] {dag.py:3239} INFO - Sync 1 DAGs
[2026-04-01T00:29:31.226+0000] {processor.py:208} INFO - Processing /opt/airflow/dags/db_and_model_update_dag.py took 0.114 seconds
[2026-04-01T00:30:01.389+0000] {processor.py:186} INFO - Started process (PID=4634) to work on /opt/airflow/dags/db_and_model_update_dag.py
[2026-04-01T00:30:01.390+0000] {processor.py:914} INFO - Processing file /opt/airflow/dags/db_and_model_update_dag.py for tasks to queue
[2026-04-01T00:30:01.392+0000] {logging_mixin.py:190} INFO - [2026-04-01T00:30:01.392+0000] {dagbag.py:588} INFO - Filling up the DagBag from /opt/airflow/dags/db_and_model_update_dag.py
[2026-04-01T00:30:01.411+0000] {processor.py:925} INFO - DAG(s) 'db_and_model_update' retrieved from /opt/airflow/dags/db_and_model_update_dag.py
[2026-04-01T00:30:01.442+0000] {logging_mixin.py:190} INFO - [2026-04-01T00:30:01.442+0000] {dag.py:3239} INFO - Sync 1 DAGs
[2026-04-01T00:30:01.485+0000] {processor.py:208} INFO - Processing /opt/airflow/dags/db_and_model_update_dag.py took 0.102 seconds
[2026-04-01T00:30:31.777+0000] {processor.py:186} INFO - Started process (PID=4644) to work on /opt/airflow/dags/db_and_model_update_dag.py
[2026-04-01T00:30:31.779+0000] {processor.py:914} INFO - Processing file /opt/airflow/dags/db_and_model_update_dag.py for tasks to queue
[2026-04-01T00:30:31.781+0000] {logging_mixin.py:190} INFO - [2026-04-01T00:30:31.781+0000] {dagbag.py:588} INFO - Filling up the DagBag from /opt/airflow/dags/db_and_model_update_dag.py
[2026-04-01T00:30:31.800+0000] {processor.py:925} INFO - DAG(s) 'db_and_model_update' retrieved from /opt/airflow/dags/db_and_model_update_dag.py
[2026-04-01T00:30:31.829+0000] {logging_mixin.py:190} INFO - [2026-04-01T00:30:31.829+0000] {dag.py:3239} INFO - Sync 1 DAGs
[2026-04-01T00:30:31.873+0000] {processor.py:208} INFO - Processing /opt/airflow/dags/db_and_model_update_dag.py took 0.104 seconds
[2026-04-01T00:31:02.050+0000] {processor.py:186} INFO - Started process (PID=4654) to work on /opt/airflow/dags/db_and_model_update_dag.py
[2026-04-01T00:31:02.051+0000] {processor.py:914} INFO - Processing file /opt/airflow/dags/db_and_model_update_dag.py for tasks to queue
[2026-04-01T00:31:02.054+0000] {logging_mixin.py:190} INFO - [2026-04-01T00:31:02.054+0000] {dagbag.py:588} INFO - Filling up the DagBag from /opt/airflow/dags/db_and_model_update_dag.py
[2026-04-01T00:31:02.080+0000] {processor.py:925} INFO - DAG(s) 'db_and_model_update' retrieved from /opt/airflow/dags/db_and_model_update_dag.py
[2026-04-01T00:31:02.123+0000] {logging_mixin.py:190} INFO - [2026-04-01T00:31:02.123+0000] {dag.py:3239} INFO - Sync 1 DAGs
[2026-04-01T00:31:02.168+0000] {processor.py:208} INFO - Processing /opt/airflow/dags/db_and_model_update_dag.py took 0.125 seconds
[2026-04-01T00:31:32.488+0000] {processor.py:186} INFO - Started process (PID=4664) to work on /opt/airflow/dags/db_and_model_update_dag.py
[2026-04-01T00:31:32.489+0000] {processor.py:914} INFO - Processing file /opt/airflow/dags/db_and_model_update_dag.py for tasks to queue
[2026-04-01T00:31:32.492+0000] {logging_mixin.py:190} INFO - [2026-04-01T00:31:32.492+0000] {dagbag.py:588} INFO - Filling up the DagBag from /opt/airflow/dags/db_and_model_update_dag.py
[2026-04-01T00:31:32.515+0000] {processor.py:925} INFO - DAG(s) 'db_and_model_update' retrieved from /opt/airflow/dags/db_and_model_update_dag.py
[2026-04-01T00:31:32.546+0000] {logging_mixin.py:190} INFO - [2026-04-01T00:31:32.546+0000] {dag.py:3239} INFO - Sync 1 DAGs
[2026-04-01T00:31:32.596+0000] {processor.py:208} INFO - Processing /opt/airflow/dags/db_and_model_update_dag.py took 0.116 seconds
[2026-04-01T00:32:02.758+0000] {processor.py:186} INFO - Started process (PID=4674) to work on /opt/airflow/dags/db_and_model_update_dag.py
[2026-04-01T00:32:02.759+0000] {processor.py:914} INFO - Processing file /opt/airflow/dags/db_and_model_update_dag.py for tasks to queue
[2026-04-01T00:32:02.761+0000] {logging_mixin.py:190} INFO - [2026-04-01T00:32:02.761+0000] {dagbag.py:588} INFO - Filling up the DagBag from /opt/airflow/dags/db_and_model_update_dag.py
[2026-04-01T00:32:02.785+0000] {processor.py:925} INFO - DAG(s) 'db_and_model_update' retrieved from /opt/airflow/dags/db_and_model_update_dag.py
[2026-04-01T00:32:02.816+0000] {logging_mixin.py:190} INFO - [2026-04-01T00:32:02.816+0000] {dag.py:3239} INFO - Sync 1 DAGs
[2026-04-01T00:32:02.866+0000] {processor.py:208} INFO - Processing /opt/airflow/dags/db_and_model_update_dag.py took 0.116 seconds
[2026-04-01T00:32:30.156+0000] {processor.py:186} INFO - Started process (PID=4684) to work on /opt/airflow/dags/db_and_model_update_dag.py
[2026-04-01T00:32:30.157+0000] {processor.py:914} INFO - Processing file /opt/airflow/dags/db_and_model_update_dag.py for tasks to queue
[2026-04-01T00:32:30.160+0000] {logging_mixin.py:190} INFO - [2026-04-01T00:32:30.160+0000] {dagbag.py:588} INFO - Filling up the DagBag from /opt/airflow/dags/db_and_model_update_dag.py
[2026-04-01T00:32:30.189+0000] {processor.py:925} INFO - DAG(s) 'db_and_model_update' retrieved from /opt/airflow/dags/db_and_model_update_dag.py
[2026-04-01T00:32:30.222+0000] {logging_mixin.py:190} INFO - [2026-04-01T00:32:30.222+0000] {dag.py:3239} INFO - Sync 1 DAGs
[2026-04-01T00:32:30.268+0000] {processor.py:208} INFO - Processing /opt/airflow/dags/db_and_model_update_dag.py took 0.121 seconds
[2026-04-01T00:33:00.575+0000] {processor.py:186} INFO - Started process (PID=4694) to work on /opt/airflow/dags/db_and_model_update_dag.py
[2026-04-01T00:33:00.577+0000] {processor.py:914} INFO - Processing file /opt/airflow/dags/db_and_model_update_dag.py for tasks to queue
[2026-04-01T00:33:00.586+0000] {logging_mixin.py:190} INFO - [2026-04-01T00:33:00.585+0000] {dagbag.py:588} INFO - Filling up the DagBag from /opt/airflow/dags/db_and_model_update_dag.py
[2026-04-01T00:33:00.611+0000] {processor.py:925} INFO - DAG(s) 'db_and_model_update' retrieved from /opt/airflow/dags/db_and_model_update_dag.py
[2026-04-01T00:33:00.652+0000] {logging_mixin.py:190} INFO - [2026-04-01T00:33:00.652+0000] {dag.py:3239} INFO - Sync 1 DAGs
[2026-04-01T00:33:00.705+0000] {processor.py:208} INFO - Processing /opt/airflow/dags/db_and_model_update_dag.py took 0.144 seconds
[2026-04-01T00:33:30.845+0000] {processor.py:186} INFO - Started process (PID=4704) to work on /opt/airflow/dags/db_and_model_update_dag.py
[2026-04-01T00:33:30.846+0000] {processor.py:914} INFO - Processing file /opt/airflow/dags/db_and_model_update_dag.py for tasks to queue
[2026-04-01T00:33:30.849+0000] {logging_mixin.py:190} INFO - [2026-04-01T00:33:30.848+0000] {dagbag.py:588} INFO - Filling up the DagBag from /opt/airflow/dags/db_and_model_update_dag.py
[2026-04-01T00:33:30.872+0000] {processor.py:925} INFO - DAG(s) 'db_and_model_update' retrieved from /opt/airflow/dags/db_and_model_update_dag.py
[2026-04-01T00:33:30.907+0000] {logging_mixin.py:190} INFO - [2026-04-01T00:33:30.907+0000] {dag.py:3239} INFO - Sync 1 DAGs
[2026-04-01T00:33:30.952+0000] {processor.py:208} INFO - Processing /opt/airflow/dags/db_and_model_update_dag.py took 0.114 seconds
[2026-04-01T00:34:01.101+0000] {processor.py:186} INFO - Started process (PID=4714) to work on /opt/airflow/dags/db_and_model_update_dag.py
[2026-04-01T00:34:01.102+0000] {processor.py:914} INFO - Processing file /opt/airflow/dags/db_and_model_update_dag.py for tasks to queue
[2026-04-01T00:34:01.104+0000] {logging_mixin.py:190} INFO - [2026-04-01T00:34:01.104+0000] {dagbag.py:588} INFO - Filling up the DagBag from /opt/airflow/dags/db_and_model_update_dag.py
[2026-04-01T00:34:01.123+0000] {processor.py:925} INFO - DAG(s) 'db_and_model_update' retrieved from /opt/airflow/dags/db_and_model_update_dag.py
[2026-04-01T00:34:01.157+0000] {logging_mixin.py:190} INFO - [2026-04-01T00:34:01.157+0000] {dag.py:3239} INFO - Sync 1 DAGs
[2026-04-01T00:34:01.203+0000] {processor.py:208} INFO - Processing /opt/airflow/dags/db_and_model_update_dag.py took 0.109 seconds
[2026-04-01T00:34:31.502+0000] {processor.py:186} INFO - Started process (PID=4724) to work on /opt/airflow/dags/db_and_model_update_dag.py
[2026-04-01T00:34:31.503+0000] {processor.py:914} INFO - Processing file /opt/airflow/dags/db_and_model_update_dag.py for tasks to queue
[2026-04-01T00:34:31.505+0000] {logging_mixin.py:190} INFO - [2026-04-01T00:34:31.505+0000] {dagbag.py:588} INFO - Filling up the DagBag from /opt/airflow/dags/db_and_model_update_dag.py
[2026-04-01T00:34:31.528+0000] {processor.py:925} INFO - DAG(s) 'db_and_model_update' retrieved from /opt/airflow/dags/db_and_model_update_dag.py
[2026-04-01T00:34:31.562+0000] {logging_mixin.py:190} INFO - [2026-04-01T00:34:31.561+0000] {dag.py:3239} INFO - Sync 1 DAGs
[2026-04-01T00:34:31.603+0000] {processor.py:208} INFO - Processing /opt/airflow/dags/db_and_model_update_dag.py took 0.111 seconds
[2026-04-01T00:35:01.858+0000] {processor.py:186} INFO - Started process (PID=4734) to work on /opt/airflow/dags/db_and_model_update_dag.py
[2026-04-01T00:35:01.860+0000] {processor.py:914} INFO - Processing file /opt/airflow/dags/db_and_model_update_dag.py for tasks to queue
[2026-04-01T00:35:01.864+0000] {logging_mixin.py:190} INFO - [2026-04-01T00:35:01.863+0000] {dagbag.py:588} INFO - Filling up the DagBag from /opt/airflow/dags/db_and_model_update_dag.py
[2026-04-01T00:35:01.893+0000] {processor.py:925} INFO - DAG(s) 'db_and_model_update' retrieved from /opt/airflow/dags/db_and_model_update_dag.py
[2026-04-01T00:35:01.925+0000] {logging_mixin.py:190} INFO - [2026-04-01T00:35:01.925+0000] {dag.py:3239} INFO - Sync 1 DAGs
[2026-04-01T00:35:01.969+0000] {processor.py:208} INFO - Processing /opt/airflow/dags/db_and_model_update_dag.py took 0.120 seconds
[2026-04-01T00:35:32.292+0000] {processor.py:186} INFO - Started process (PID=4744) to work on /opt/airflow/dags/db_and_model_update_dag.py
[2026-04-01T00:35:32.294+0000] {processor.py:914} INFO - Processing file /opt/airflow/dags/db_and_model_update_dag.py for tasks to queue
[2026-04-01T00:35:32.296+0000] {logging_mixin.py:190} INFO - [2026-04-01T00:35:32.296+0000] {dagbag.py:588} INFO - Filling up the DagBag from /opt/airflow/dags/db_and_model_update_dag.py
[2026-04-01T00:35:32.319+0000] {processor.py:925} INFO - DAG(s) 'db_and_model_update' retrieved from /opt/airflow/dags/db_and_model_update_dag.py
[2026-04-01T00:35:32.352+0000] {logging_mixin.py:190} INFO - [2026-04-01T00:35:32.352+0000] {dag.py:3239} INFO - Sync 1 DAGs
[2026-04-01T00:35:32.398+0000] {processor.py:208} INFO - Processing /opt/airflow/dags/db_and_model_update_dag.py took 0.113 seconds
[2026-04-01T00:36:03.090+0000] {processor.py:186} INFO - Started process (PID=4754) to work on /opt/airflow/dags/db_and_model_update_dag.py
[2026-04-01T00:36:03.095+0000] {processor.py:914} INFO - Processing file /opt/airflow/dags/db_and_model_update_dag.py for tasks to queue
[2026-04-01T00:36:03.098+0000] {logging_mixin.py:190} INFO - [2026-04-01T00:36:03.097+0000] {dagbag.py:588} INFO - Filling up the DagBag from /opt/airflow/dags/db_and_model_update_dag.py
[2026-04-01T00:36:03.120+0000] {processor.py:925} INFO - DAG(s) 'db_and_model_update' retrieved from /opt/airflow/dags/db_and_model_update_dag.py
[2026-04-01T00:36:03.151+0000] {logging_mixin.py:190} INFO - [2026-04-01T00:36:03.151+0000] {dag.py:3239} INFO - Sync 1 DAGs
[2026-04-01T00:36:03.199+0000] {processor.py:208} INFO - Processing /opt/airflow/dags/db_and_model_update_dag.py took 0.117 seconds
[2026-04-01T00:36:34.008+0000] {processor.py:186} INFO - Started process (PID=4764) to work on /opt/airflow/dags/db_and_model_update_dag.py
[2026-04-01T00:36:34.010+0000] {processor.py:914} INFO - Processing file /opt/airflow/dags/db_and_model_update_dag.py for tasks to queue
[2026-04-01T00:36:34.012+0000] {logging_mixin.py:190} INFO - [2026-04-01T00:36:34.012+0000] {dagbag.py:588} INFO - Filling up the DagBag from /opt/airflow/dags/db_and_model_update_dag.py
[2026-04-01T00:36:34.033+0000] {processor.py:925} INFO - DAG(s) 'db_and_model_update' retrieved from /opt/airflow/dags/db_and_model_update_dag.py
[2026-04-01T00:36:34.068+0000] {logging_mixin.py:190} INFO - [2026-04-01T00:36:34.068+0000] {dag.py:3239} INFO - Sync 1 DAGs
[2026-04-01T00:36:34.114+0000] {processor.py:208} INFO - Processing /opt/airflow/dags/db_and_model_update_dag.py took 0.115 seconds
[2026-04-01T00:37:04.448+0000] {processor.py:186} INFO - Started process (PID=4774) to work on /opt/airflow/dags/db_and_model_update_dag.py
[2026-04-01T00:37:04.449+0000] {processor.py:914} INFO - Processing file /opt/airflow/dags/db_and_model_update_dag.py for tasks to queue
[2026-04-01T00:37:04.452+0000] {logging_mixin.py:190} INFO - [2026-04-01T00:37:04.451+0000] {dagbag.py:588} INFO - Filling up the DagBag from /opt/airflow/dags/db_and_model_update_dag.py
[2026-04-01T00:37:04.478+0000] {processor.py:925} INFO - DAG(s) 'db_and_model_update' retrieved from /opt/airflow/dags/db_and_model_update_dag.py
[2026-04-01T00:37:04.519+0000] {logging_mixin.py:190} INFO - [2026-04-01T00:37:04.519+0000] {dag.py:3239} INFO - Sync 1 DAGs
[2026-04-01T00:37:04.560+0000] {processor.py:208} INFO - Processing /opt/airflow/dags/db_and_model_update_dag.py took 0.120 seconds
[2026-04-01T00:37:34.732+0000] {processor.py:186} INFO - Started process (PID=4784) to work on /opt/airflow/dags/db_and_model_update_dag.py
[2026-04-01T00:37:34.733+0000] {processor.py:914} INFO - Processing file /opt/airflow/dags/db_and_model_update_dag.py for tasks to queue
[2026-04-01T00:37:34.736+0000] {logging_mixin.py:190} INFO - [2026-04-01T00:37:34.735+0000] {dagbag.py:588} INFO - Filling up the DagBag from /opt/airflow/dags/db_and_model_update_dag.py
[2026-04-01T00:37:34.759+0000] {processor.py:925} INFO - DAG(s) 'db_and_model_update' retrieved from /opt/airflow/dags/db_and_model_update_dag.py
[2026-04-01T00:37:34.791+0000] {logging_mixin.py:190} INFO - [2026-04-01T00:37:34.790+0000] {dag.py:3239} INFO - Sync 1 DAGs
[2026-04-01T00:37:34.830+0000] {processor.py:208} INFO - Processing /opt/airflow/dags/db_and_model_update_dag.py took 0.106 seconds
[2026-04-01T00:38:04.984+0000] {processor.py:186} INFO - Started process (PID=4794) to work on /opt/airflow/dags/db_and_model_update_dag.py
[2026-04-01T00:38:04.985+0000] {processor.py:914} INFO - Processing file /opt/airflow/dags/db_and_model_update_dag.py for tasks to queue
[2026-04-01T00:38:04.989+0000] {logging_mixin.py:190} INFO - [2026-04-01T00:38:04.988+0000] {dagbag.py:588} INFO - Filling up the DagBag from /opt/airflow/dags/db_and_model_update_dag.py
[2026-04-01T00:38:05.010+0000] {processor.py:925} INFO - DAG(s) 'db_and_model_update' retrieved from /opt/airflow/dags/db_and_model_update_dag.py
[2026-04-01T00:38:05.045+0000] {logging_mixin.py:190} INFO - [2026-04-01T00:38:05.045+0000] {dag.py:3239} INFO - Sync 1 DAGs
[2026-04-01T00:38:05.147+0000] {processor.py:208} INFO - Processing /opt/airflow/dags/db_and_model_update_dag.py took 0.170 seconds
[2026-04-01T00:38:35.428+0000] {processor.py:186} INFO - Started process (PID=4804) to work on /opt/airflow/dags/db_and_model_update_dag.py
[2026-04-01T00:38:35.429+0000] {processor.py:914} INFO - Processing file /opt/airflow/dags/db_and_model_update_dag.py for tasks to queue
[2026-04-01T00:38:35.433+0000] {logging_mixin.py:190} INFO - [2026-04-01T00:38:35.432+0000] {dagbag.py:588} INFO - Filling up the DagBag from /opt/airflow/dags/db_and_model_update_dag.py
[2026-04-01T00:38:35.461+0000] {processor.py:925} INFO - DAG(s) 'db_and_model_update' retrieved from /opt/airflow/dags/db_and_model_update_dag.py
[2026-04-01T00:38:35.497+0000] {logging_mixin.py:190} INFO - [2026-04-01T00:38:35.497+0000] {dag.py:3239} INFO - Sync 1 DAGs
[2026-04-01T00:38:35.543+0000] {processor.py:208} INFO - Processing /opt/airflow/dags/db_and_model_update_dag.py took 0.123 seconds
[2026-04-01T00:39:05.897+0000] {processor.py:186} INFO - Started process (PID=4814) to work on /opt/airflow/dags/db_and_model_update_dag.py
[2026-04-01T00:39:05.900+0000] {processor.py:914} INFO - Processing file /opt/airflow/dags/db_and_model_update_dag.py for tasks to queue
[2026-04-01T00:39:05.903+0000] {logging_mixin.py:190} INFO - [2026-04-01T00:39:05.902+0000] {dagbag.py:588} INFO - Filling up the DagBag from /opt/airflow/dags/db_and_model_update_dag.py
[2026-04-01T00:39:05.925+0000] {processor.py:925} INFO - DAG(s) 'db_and_model_update' retrieved from /opt/airflow/dags/db_and_model_update_dag.py
[2026-04-01T00:39:05.972+0000] {logging_mixin.py:190} INFO - [2026-04-01T00:39:05.972+0000] {dag.py:3239} INFO - Sync 1 DAGs
[2026-04-01T00:39:06.009+0000] {processor.py:208} INFO - Processing /opt/airflow/dags/db_and_model_update_dag.py took 0.125 seconds
[2026-04-01T00:39:36.181+0000] {processor.py:186} INFO - Started process (PID=4824) to work on /opt/airflow/dags/db_and_model_update_dag.py
[2026-04-01T00:39:36.183+0000] {processor.py:914} INFO - Processing file /opt/airflow/dags/db_and_model_update_dag.py for tasks to queue
[2026-04-01T00:39:41.764+0000] {logging_mixin.py:190} INFO - [2026-04-01T00:39:41.763+0000] {dagbag.py:588} INFO - Filling up the DagBag from /opt/airflow/dags/db_and_model_update_dag.py
[2026-04-01T00:39:35.719+0000] {processor.py:925} INFO - DAG(s) 'db_and_model_update' retrieved from /opt/airflow/dags/db_and_model_update_dag.py
[2026-04-01T00:39:35.789+0000] {logging_mixin.py:190} INFO - [2026-04-01T00:39:35.789+0000] {dag.py:3239} INFO - Sync 1 DAGs
[2026-04-01T00:39:35.835+0000] {processor.py:208} INFO - Processing /opt/airflow/dags/db_and_model_update_dag.py took 0.164 seconds
[2026-04-01T00:40:06.098+0000] {processor.py:186} INFO - Started process (PID=4834) to work on /opt/airflow/dags/db_and_model_update_dag.py
[2026-04-01T00:40:06.099+0000] {processor.py:914} INFO - Processing file /opt/airflow/dags/db_and_model_update_dag.py for tasks to queue
[2026-04-01T00:40:06.103+0000] {logging_mixin.py:190} INFO - [2026-04-01T00:40:06.103+0000] {dagbag.py:588} INFO - Filling up the DagBag from /opt/airflow/dags/db_and_model_update_dag.py
[2026-04-01T00:40:06.126+0000] {processor.py:925} INFO - DAG(s) 'db_and_model_update' retrieved from /opt/airflow/dags/db_and_model_update_dag.py
[2026-04-01T00:40:06.163+0000] {logging_mixin.py:190} INFO - [2026-04-01T00:40:06.163+0000] {dag.py:3239} INFO - Sync 1 DAGs
[2026-04-01T00:40:06.220+0000] {processor.py:208} INFO - Processing /opt/airflow/dags/db_and_model_update_dag.py took 0.139 seconds
[2026-04-01T00:40:36.546+0000] {processor.py:186} INFO - Started process (PID=4844) to work on /opt/airflow/dags/db_and_model_update_dag.py
[2026-04-01T00:40:36.548+0000] {processor.py:914} INFO - Processing file /opt/airflow/dags/db_and_model_update_dag.py for tasks to queue
[2026-04-01T00:40:36.550+0000] {logging_mixin.py:190} INFO - [2026-04-01T00:40:36.550+0000] {dagbag.py:588} INFO - Filling up the DagBag from /opt/airflow/dags/db_and_model_update_dag.py
[2026-04-01T00:40:36.577+0000] {processor.py:925} INFO - DAG(s) 'db_and_model_update' retrieved from /opt/airflow/dags/db_and_model_update_dag.py
[2026-04-01T00:40:36.612+0000] {logging_mixin.py:190} INFO - [2026-04-01T00:40:36.611+0000] {dag.py:3239} INFO - Sync 1 DAGs
[2026-04-01T00:40:36.660+0000] {processor.py:208} INFO - Processing /opt/airflow/dags/db_and_model_update_dag.py took 0.124 seconds
[2026-04-01T00:41:06.811+0000] {processor.py:186} INFO - Started process (PID=4854) to work on /opt/airflow/dags/db_and_model_update_dag.py
[2026-04-01T00:41:06.812+0000] {processor.py:914} INFO - Processing file /opt/airflow/dags/db_and_model_update_dag.py for tasks to queue
[2026-04-01T00:41:06.814+0000] {logging_mixin.py:190} INFO - [2026-04-01T00:41:06.814+0000] {dagbag.py:588} INFO - Filling up the DagBag from /opt/airflow/dags/db_and_model_update_dag.py
[2026-04-01T00:41:06.835+0000] {processor.py:925} INFO - DAG(s) 'db_and_model_update' retrieved from /opt/airflow/dags/db_and_model_update_dag.py
[2026-04-01T00:41:06.870+0000] {logging_mixin.py:190} INFO - [2026-04-01T00:41:06.870+0000] {dag.py:3239} INFO - Sync 1 DAGs
[2026-04-01T00:41:06.913+0000] {processor.py:208} INFO - Processing /opt/airflow/dags/db_and_model_update_dag.py took 0.111 seconds
[2026-04-01T00:41:37.203+0000] {processor.py:186} INFO - Started process (PID=4864) to work on /opt/airflow/dags/db_and_model_update_dag.py
[2026-04-01T00:41:37.204+0000] {processor.py:914} INFO - Processing file /opt/airflow/dags/db_and_model_update_dag.py for tasks to queue
[2026-04-01T00:41:37.207+0000] {logging_mixin.py:190} INFO - [2026-04-01T00:41:37.207+0000] {dagbag.py:588} INFO - Filling up the DagBag from /opt/airflow/dags/db_and_model_update_dag.py
[2026-04-01T00:41:37.228+0000] {processor.py:925} INFO - DAG(s) 'db_and_model_update' retrieved from /opt/airflow/dags/db_and_model_update_dag.py
[2026-04-01T00:41:37.262+0000] {logging_mixin.py:190} INFO - [2026-04-01T00:41:37.262+0000] {dag.py:3239} INFO - Sync 1 DAGs
[2026-04-01T00:41:37.304+0000] {processor.py:208} INFO - Processing /opt/airflow/dags/db_and_model_update_dag.py took 0.109 seconds
[2026-04-01T00:42:07.612+0000] {processor.py:186} INFO - Started process (PID=4874) to work on /opt/airflow/dags/db_and_model_update_dag.py
[2026-04-01T00:42:07.613+0000] {processor.py:914} INFO - Processing file /opt/airflow/dags/db_and_model_update_dag.py for tasks to queue
[2026-04-01T00:42:07.615+0000] {logging_mixin.py:190} INFO - [2026-04-01T00:42:07.615+0000] {dagbag.py:588} INFO - Filling up the DagBag from /opt/airflow/dags/db_and_model_update_dag.py
[2026-04-01T00:42:07.636+0000] {processor.py:925} INFO - DAG(s) 'db_and_model_update' retrieved from /opt/airflow/dags/db_and_model_update_dag.py
[2026-04-01T00:42:07.675+0000] {logging_mixin.py:190} INFO - [2026-04-01T00:42:07.675+0000] {dag.py:3239} INFO - Sync 1 DAGs
[2026-04-01T00:42:07.728+0000] {processor.py:208} INFO - Processing /opt/airflow/dags/db_and_model_update_dag.py took 0.123 seconds
[2026-04-01T00:42:38.018+0000] {processor.py:186} INFO - Started process (PID=4884) to work on /opt/airflow/dags/db_and_model_update_dag.py
[2026-04-01T00:42:38.019+0000] {processor.py:914} INFO - Processing file /opt/airflow/dags/db_and_model_update_dag.py for tasks to queue
[2026-04-01T00:42:38.021+0000] {logging_mixin.py:190} INFO - [2026-04-01T00:42:38.021+0000] {dagbag.py:588} INFO - Filling up the DagBag from /opt/airflow/dags/db_and_model_update_dag.py
[2026-04-01T00:42:38.040+0000] {processor.py:925} INFO - DAG(s) 'db_and_model_update' retrieved from /opt/airflow/dags/db_and_model_update_dag.py
[2026-04-01T00:42:38.074+0000] {logging_mixin.py:190} INFO - [2026-04-01T00:42:38.074+0000] {dag.py:3239} INFO - Sync 1 DAGs
[2026-04-01T00:42:38.119+0000] {processor.py:208} INFO - Processing /opt/airflow/dags/db_and_model_update_dag.py took 0.108 seconds
[2026-04-01T00:43:08.430+0000] {processor.py:186} INFO - Started process (PID=4894) to work on /opt/airflow/dags/db_and_model_update_dag.py
[2026-04-01T00:43:08.431+0000] {processor.py:914} INFO - Processing file /opt/airflow/dags/db_and_model_update_dag.py for tasks to queue
[2026-04-01T00:43:08.434+0000] {logging_mixin.py:190} INFO - [2026-04-01T00:43:08.433+0000] {dagbag.py:588} INFO - Filling up the DagBag from /opt/airflow/dags/db_and_model_update_dag.py
[2026-04-01T00:43:08.457+0000] {processor.py:925} INFO - DAG(s) 'db_and_model_update' retrieved from /opt/airflow/dags/db_and_model_update_dag.py
[2026-04-01T00:43:08.488+0000] {logging_mixin.py:190} INFO - [2026-04-01T00:43:08.488+0000] {dag.py:3239} INFO - Sync 1 DAGs
[2026-04-01T00:43:08.534+0000] {processor.py:208} INFO - Processing /opt/airflow/dags/db_and_model_update_dag.py took 0.113 seconds
[2026-04-01T00:43:38.726+0000] {processor.py:186} INFO - Started process (PID=4904) to work on /opt/airflow/dags/db_and_model_update_dag.py
[2026-04-01T00:43:38.728+0000] {processor.py:914} INFO - Processing file /opt/airflow/dags/db_and_model_update_dag.py for tasks to queue
[2026-04-01T00:43:38.732+0000] {logging_mixin.py:190} INFO - [2026-04-01T00:43:38.731+0000] {dagbag.py:588} INFO - Filling up the DagBag from /opt/airflow/dags/db_and_model_update_dag.py
[2026-04-01T00:43:38.760+0000] {processor.py:925} INFO - DAG(s) 'db_and_model_update' retrieved from /opt/airflow/dags/db_and_model_update_dag.py
[2026-04-01T00:43:38.795+0000] {logging_mixin.py:190} INFO - [2026-04-01T00:43:38.794+0000] {dag.py:3239} INFO - Sync 1 DAGs
[2026-04-01T00:43:38.838+0000] {processor.py:208} INFO - Processing /opt/airflow/dags/db_and_model_update_dag.py took 0.120 seconds
[2026-04-01T00:44:09.145+0000] {processor.py:186} INFO - Started process (PID=4914) to work on /opt/airflow/dags/db_and_model_update_dag.py
[2026-04-01T00:44:09.146+0000] {processor.py:914} INFO - Processing file /opt/airflow/dags/db_and_model_update_dag.py for tasks to queue
[2026-04-01T00:44:09.149+0000] {logging_mixin.py:190} INFO - [2026-04-01T00:44:09.148+0000] {dagbag.py:588} INFO - Filling up the DagBag from /opt/airflow/dags/db_and_model_update_dag.py
[2026-04-01T00:44:09.169+0000] {processor.py:925} INFO - DAG(s) 'db_and_model_update' retrieved from /opt/airflow/dags/db_and_model_update_dag.py
[2026-04-01T00:44:09.201+0000] {logging_mixin.py:190} INFO - [2026-04-01T00:44:09.201+0000] {dag.py:3239} INFO - Sync 1 DAGs
[2026-04-01T00:44:09.240+0000] {processor.py:208} INFO - Processing /opt/airflow/dags/db_and_model_update_dag.py took 0.103 seconds
[2026-04-01T00:44:39.573+0000] {processor.py:186} INFO - Started process (PID=4924) to work on /opt/airflow/dags/db_and_model_update_dag.py
[2026-04-01T00:44:39.574+0000] {processor.py:914} INFO - Processing file /opt/airflow/dags/db_and_model_update_dag.py for tasks to queue
[2026-04-01T00:44:39.578+0000] {logging_mixin.py:190} INFO - [2026-04-01T00:44:39.577+0000] {dagbag.py:588} INFO - Filling up the DagBag from /opt/airflow/dags/db_and_model_update_dag.py
[2026-04-01T00:44:39.606+0000] {processor.py:925} INFO - DAG(s) 'db_and_model_update' retrieved from /opt/airflow/dags/db_and_model_update_dag.py
[2026-04-01T00:44:39.641+0000] {logging_mixin.py:190} INFO - [2026-04-01T00:44:39.640+0000] {dag.py:3239} INFO - Sync 1 DAGs
[2026-04-01T00:44:39.687+0000] {processor.py:208} INFO - Processing /opt/airflow/dags/db_and_model_update_dag.py took 0.126 seconds
[2026-04-01T00:45:10.033+0000] {processor.py:186} INFO - Started process (PID=4934) to work on /opt/airflow/dags/db_and_model_update_dag.py
[2026-04-01T00:45:10.034+0000] {processor.py:914} INFO - Processing file /opt/airflow/dags/db_and_model_update_dag.py for tasks to queue
[2026-04-01T00:45:10.037+0000] {logging_mixin.py:190} INFO - [2026-04-01T00:45:10.036+0000] {dagbag.py:588} INFO - Filling up the DagBag from /opt/airflow/dags/db_and_model_update_dag.py
[2026-04-01T00:45:10.061+0000] {processor.py:925} INFO - DAG(s) 'db_and_model_update' retrieved from /opt/airflow/dags/db_and_model_update_dag.py
[2026-04-01T00:45:10.096+0000] {logging_mixin.py:190} INFO - [2026-04-01T00:45:10.096+0000] {dag.py:3239} INFO - Sync 1 DAGs
[2026-04-01T00:45:10.138+0000] {processor.py:208} INFO - Processing /opt/airflow/dags/db_and_model_update_dag.py took 0.114 seconds
[2026-04-01T00:45:40.444+0000] {processor.py:186} INFO - Started process (PID=4944) to work on /opt/airflow/dags/db_and_model_update_dag.py
[2026-04-01T00:45:40.445+0000] {processor.py:914} INFO - Processing file /opt/airflow/dags/db_and_model_update_dag.py for tasks to queue
[2026-04-01T00:45:40.448+0000] {logging_mixin.py:190} INFO - [2026-04-01T00:45:40.447+0000] {dagbag.py:588} INFO - Filling up the DagBag from /opt/airflow/dags/db_and_model_update_dag.py
[2026-04-01T00:45:40.468+0000] {processor.py:925} INFO - DAG(s) 'db_and_model_update' retrieved from /opt/airflow/dags/db_and_model_update_dag.py
[2026-04-01T00:45:40.502+0000] {logging_mixin.py:190} INFO - [2026-04-01T00:45:40.502+0000] {dag.py:3239} INFO - Sync 1 DAGs
[2026-04-01T00:45:40.540+0000] {processor.py:208} INFO - Processing /opt/airflow/dags/db_and_model_update_dag.py took 0.106 seconds
[2026-04-01T00:46:10.728+0000] {processor.py:186} INFO - Started process (PID=4954) to work on /opt/airflow/dags/db_and_model_update_dag.py
[2026-04-01T00:46:10.729+0000] {processor.py:914} INFO - Processing file /opt/airflow/dags/db_and_model_update_dag.py for tasks to queue
[2026-04-01T00:46:10.732+0000] {logging_mixin.py:190} INFO - [2026-04-01T00:46:10.732+0000] {dagbag.py:588} INFO - Filling up the DagBag from /opt/airflow/dags/db_and_model_update_dag.py
[2026-04-01T00:46:10.754+0000] {processor.py:925} INFO - DAG(s) 'db_and_model_update' retrieved from /opt/airflow/dags/db_and_model_update_dag.py
[2026-04-01T00:46:10.787+0000] {logging_mixin.py:190} INFO - [2026-04-01T00:46:10.787+0000] {dag.py:3239} INFO - Sync 1 DAGs
[2026-04-01T00:46:10.829+0000] {processor.py:208} INFO - Processing /opt/airflow/dags/db_and_model_update_dag.py took 0.108 seconds
[2026-04-01T00:46:41.645+0000] {processor.py:186} INFO - Started process (PID=4964) to work on /opt/airflow/dags/db_and_model_update_dag.py
[2026-04-01T00:46:41.646+0000] {processor.py:914} INFO - Processing file /opt/airflow/dags/db_and_model_update_dag.py for tasks to queue
[2026-04-01T00:46:41.650+0000] {logging_mixin.py:190} INFO - [2026-04-01T00:46:41.649+0000] {dagbag.py:588} INFO - Filling up the DagBag from /opt/airflow/dags/db_and_model_update_dag.py
[2026-04-01T00:46:41.672+0000] {processor.py:925} INFO - DAG(s) 'db_and_model_update' retrieved from /opt/airflow/dags/db_and_model_update_dag.py
[2026-04-01T00:46:41.706+0000] {logging_mixin.py:190} INFO - [2026-04-01T00:46:41.705+0000] {dag.py:3239} INFO - Sync 1 DAGs
[2026-04-01T00:46:41.747+0000] {processor.py:208} INFO - Processing /opt/airflow/dags/db_and_model_update_dag.py took 0.110 seconds
[2026-04-01T00:47:12.055+0000] {processor.py:186} INFO - Started process (PID=4974) to work on /opt/airflow/dags/db_and_model_update_dag.py
[2026-04-01T00:47:12.057+0000] {processor.py:914} INFO - Processing file /opt/airflow/dags/db_and_model_update_dag.py for tasks to queue
[2026-04-01T00:47:12.059+0000] {logging_mixin.py:190} INFO - [2026-04-01T00:47:12.059+0000] {dagbag.py:588} INFO - Filling up the DagBag from /opt/airflow/dags/db_and_model_update_dag.py
[2026-04-01T00:47:12.079+0000] {processor.py:925} INFO - DAG(s) 'db_and_model_update' retrieved from /opt/airflow/dags/db_and_model_update_dag.py
[2026-04-01T00:47:12.111+0000] {logging_mixin.py:190} INFO - [2026-04-01T00:47:12.111+0000] {dag.py:3239} INFO - Sync 1 DAGs
[2026-04-01T00:47:12.155+0000] {processor.py:208} INFO - Processing /opt/airflow/dags/db_and_model_update_dag.py took 0.110 seconds
[2026-04-01T00:47:42.463+0000] {processor.py:186} INFO - Started process (PID=4984) to work on /opt/airflow/dags/db_and_model_update_dag.py
[2026-04-01T00:47:42.465+0000] {processor.py:914} INFO - Processing file /opt/airflow/dags/db_and_model_update_dag.py for tasks to queue
[2026-04-01T00:47:42.467+0000] {logging_mixin.py:190} INFO - [2026-04-01T00:47:42.467+0000] {dagbag.py:588} INFO - Filling up the DagBag from /opt/airflow/dags/db_and_model_update_dag.py
[2026-04-01T00:47:42.491+0000] {processor.py:925} INFO - DAG(s) 'db_and_model_update' retrieved from /opt/airflow/dags/db_and_model_update_dag.py
[2026-04-01T00:47:42.528+0000] {logging_mixin.py:190} INFO - [2026-04-01T00:47:42.527+0000] {dag.py:3239} INFO - Sync 1 DAGs
[2026-04-01T00:47:42.572+0000] {processor.py:208} INFO - Processing /opt/airflow/dags/db_and_model_update_dag.py took 0.118 seconds
[2026-04-01T00:48:12.884+0000] {processor.py:186} INFO - Started process (PID=4994) to work on /opt/airflow/dags/db_and_model_update_dag.py
[2026-04-01T00:48:12.885+0000] {processor.py:914} INFO - Processing file /opt/airflow/dags/db_and_model_update_dag.py for tasks to queue
[2026-04-01T00:48:12.887+0000] {logging_mixin.py:190} INFO - [2026-04-01T00:48:12.887+0000] {dagbag.py:588} INFO - Filling up the DagBag from /opt/airflow/dags/db_and_model_update_dag.py
[2026-04-01T00:48:12.910+0000] {processor.py:925} INFO - DAG(s) 'db_and_model_update' retrieved from /opt/airflow/dags/db_and_model_update_dag.py
[2026-04-01T00:48:12.944+0000] {logging_mixin.py:190} INFO - [2026-04-01T00:48:12.944+0000] {dag.py:3239} INFO - Sync 1 DAGs
[2026-04-01T00:48:12.993+0000] {processor.py:208} INFO - Processing /opt/airflow/dags/db_and_model_update_dag.py took 0.116 seconds
[2026-04-01T00:48:43.167+0000] {processor.py:186} INFO - Started process (PID=5004) to work on /opt/airflow/dags/db_and_model_update_dag.py
[2026-04-01T00:48:43.169+0000] {processor.py:914} INFO - Processing file /opt/airflow/dags/db_and_model_update_dag.py for tasks to queue
[2026-04-01T00:48:43.172+0000] {logging_mixin.py:190} INFO - [2026-04-01T00:48:43.172+0000] {dagbag.py:588} INFO - Filling up the DagBag from /opt/airflow/dags/db_and_model_update_dag.py
[2026-04-01T00:48:43.192+0000] {processor.py:925} INFO - DAG(s) 'db_and_model_update' retrieved from /opt/airflow/dags/db_and_model_update_dag.py
[2026-04-01T00:48:43.225+0000] {logging_mixin.py:190} INFO - [2026-04-01T00:48:43.225+0000] {dag.py:3239} INFO - Sync 1 DAGs
[2026-04-01T00:48:43.266+0000] {processor.py:208} INFO - Processing /opt/airflow/dags/db_and_model_update_dag.py took 0.106 seconds
[2026-04-01T00:49:13.558+0000] {processor.py:186} INFO - Started process (PID=5014) to work on /opt/airflow/dags/db_and_model_update_dag.py
[2026-04-01T00:49:13.561+0000] {processor.py:914} INFO - Processing file /opt/airflow/dags/db_and_model_update_dag.py for tasks to queue
[2026-04-01T00:49:13.565+0000] {logging_mixin.py:190} INFO - [2026-04-01T00:49:13.564+0000] {dagbag.py:588} INFO - Filling up the DagBag from /opt/airflow/dags/db_and_model_update_dag.py
[2026-04-01T00:49:13.589+0000] {processor.py:925} INFO - DAG(s) 'db_and_model_update' retrieved from /opt/airflow/dags/db_and_model_update_dag.py
[2026-04-01T00:49:13.623+0000] {logging_mixin.py:190} INFO - [2026-04-01T00:49:13.623+0000] {dag.py:3239} INFO - Sync 1 DAGs
[2026-04-01T00:49:13.667+0000] {processor.py:208} INFO - Processing /opt/airflow/dags/db_and_model_update_dag.py took 0.121 seconds
[2026-04-01T00:49:44.016+0000] {processor.py:186} INFO - Started process (PID=5024) to work on /opt/airflow/dags/db_and_model_update_dag.py
[2026-04-01T00:49:44.017+0000] {processor.py:914} INFO - Processing file /opt/airflow/dags/db_and_model_update_dag.py for tasks to queue
[2026-04-01T00:49:44.022+0000] {logging_mixin.py:190} INFO - [2026-04-01T00:49:44.022+0000] {dagbag.py:588} INFO - Filling up the DagBag from /opt/airflow/dags/db_and_model_update_dag.py
[2026-04-01T00:49:44.042+0000] {processor.py:925} INFO - DAG(s) 'db_and_model_update' retrieved from /opt/airflow/dags/db_and_model_update_dag.py
[2026-04-01T00:49:44.070+0000] {logging_mixin.py:190} INFO - [2026-04-01T00:49:44.070+0000] {dag.py:3239} INFO - Sync 1 DAGs
[2026-04-01T00:49:44.118+0000] {processor.py:208} INFO - Processing /opt/airflow/dags/db_and_model_update_dag.py took 0.113 seconds
[2026-04-01T00:50:14.428+0000] {processor.py:186} INFO - Started process (PID=5034) to work on /opt/airflow/dags/db_and_model_update_dag.py
[2026-04-01T00:50:14.429+0000] {processor.py:914} INFO - Processing file /opt/airflow/dags/db_and_model_update_dag.py for tasks to queue
[2026-04-01T00:50:14.431+0000] {logging_mixin.py:190} INFO - [2026-04-01T00:50:14.431+0000] {dagbag.py:588} INFO - Filling up the DagBag from /opt/airflow/dags/db_and_model_update_dag.py
[2026-04-01T00:50:14.454+0000] {processor.py:925} INFO - DAG(s) 'db_and_model_update' retrieved from /opt/airflow/dags/db_and_model_update_dag.py
[2026-04-01T00:50:14.489+0000] {logging_mixin.py:190} INFO - [2026-04-01T00:50:14.489+0000] {dag.py:3239} INFO - Sync 1 DAGs
[2026-04-01T00:50:14.536+0000] {processor.py:208} INFO - Processing /opt/airflow/dags/db_and_model_update_dag.py took 0.116 seconds
[2026-04-01T00:50:44.718+0000] {processor.py:186} INFO - Started process (PID=5044) to work on /opt/airflow/dags/db_and_model_update_dag.py
[2026-04-01T00:50:44.720+0000] {processor.py:914} INFO - Processing file /opt/airflow/dags/db_and_model_update_dag.py for tasks to queue
[2026-04-01T00:50:44.723+0000] {logging_mixin.py:190} INFO - [2026-04-01T00:50:44.722+0000] {dagbag.py:588} INFO - Filling up the DagBag from /opt/airflow/dags/db_and_model_update_dag.py
[2026-04-01T00:50:44.747+0000] {processor.py:925} INFO - DAG(s) 'db_and_model_update' retrieved from /opt/airflow/dags/db_and_model_update_dag.py
[2026-04-01T00:50:44.780+0000] {logging_mixin.py:190} INFO - [2026-04-01T00:50:44.780+0000] {dag.py:3239} INFO - Sync 1 DAGs
[2026-04-01T00:50:44.821+0000] {processor.py:208} INFO - Processing /opt/airflow/dags/db_and_model_update_dag.py took 0.111 seconds
[2026-04-01T00:51:14.981+0000] {processor.py:186} INFO - Started process (PID=5054) to work on /opt/airflow/dags/db_and_model_update_dag.py
[2026-04-01T00:51:14.983+0000] {processor.py:914} INFO - Processing file /opt/airflow/dags/db_and_model_update_dag.py for tasks to queue
[2026-04-01T00:51:14.986+0000] {logging_mixin.py:190} INFO - [2026-04-01T00:51:14.985+0000] {dagbag.py:588} INFO - Filling up the DagBag from /opt/airflow/dags/db_and_model_update_dag.py
[2026-04-01T00:51:15.005+0000] {processor.py:925} INFO - DAG(s) 'db_and_model_update' retrieved from /opt/airflow/dags/db_and_model_update_dag.py
[2026-04-01T00:51:15.033+0000] {logging_mixin.py:190} INFO - [2026-04-01T00:51:15.033+0000] {dag.py:3239} INFO - Sync 1 DAGs
[2026-04-01T00:51:15.075+0000] {processor.py:208} INFO - Processing /opt/airflow/dags/db_and_model_update_dag.py took 0.101 seconds
[2026-04-01T00:51:45.417+0000] {processor.py:186} INFO - Started process (PID=5064) to work on /opt/airflow/dags/db_and_model_update_dag.py
[2026-04-01T00:51:45.418+0000] {processor.py:914} INFO - Processing file /opt/airflow/dags/db_and_model_update_dag.py for tasks to queue
[2026-04-01T00:51:45.421+0000] {logging_mixin.py:190} INFO - [2026-04-01T00:51:45.421+0000] {dagbag.py:588} INFO - Filling up the DagBag from /opt/airflow/dags/db_and_model_update_dag.py
[2026-04-01T00:51:45.438+0000] {processor.py:925} INFO - DAG(s) 'db_and_model_update' retrieved from /opt/airflow/dags/db_and_model_update_dag.py
[2026-04-01T00:51:45.471+0000] {logging_mixin.py:190} INFO - [2026-04-01T00:51:45.471+0000] {dag.py:3239} INFO - Sync 1 DAGs
[2026-04-01T00:51:45.519+0000] {processor.py:208} INFO - Processing /opt/airflow/dags/db_and_model_update_dag.py took 0.109 seconds
[2026-04-01T00:52:18.809+0000] {processor.py:186} INFO - Started process (PID=5074) to work on /opt/airflow/dags/db_and_model_update_dag.py
[2026-04-01T00:52:18.810+0000] {processor.py:914} INFO - Processing file /opt/airflow/dags/db_and_model_update_dag.py for tasks to queue
[2026-04-01T00:52:18.812+0000] {logging_mixin.py:190} INFO - [2026-04-01T00:52:18.812+0000] {dagbag.py:588} INFO - Filling up the DagBag from /opt/airflow/dags/db_and_model_update_dag.py
[2026-04-01T00:52:18.832+0000] {processor.py:925} INFO - DAG(s) 'db_and_model_update' retrieved from /opt/airflow/dags/db_and_model_update_dag.py
[2026-04-01T00:52:18.862+0000] {logging_mixin.py:190} INFO - [2026-04-01T00:52:18.862+0000] {dag.py:3239} INFO - Sync 1 DAGs
[2026-04-01T00:52:18.915+0000] {processor.py:208} INFO - Processing /opt/airflow/dags/db_and_model_update_dag.py took 0.114 seconds
[2026-04-01T00:52:49.675+0000] {processor.py:186} INFO - Started process (PID=5084) to work on /opt/airflow/dags/db_and_model_update_dag.py
[2026-04-01T00:52:49.679+0000] {processor.py:914} INFO - Processing file /opt/airflow/dags/db_and_model_update_dag.py for tasks to queue
[2026-04-01T00:52:49.682+0000] {logging_mixin.py:190} INFO - [2026-04-01T00:52:49.682+0000] {dagbag.py:588} INFO - Filling up the DagBag from /opt/airflow/dags/db_and_model_update_dag.py
[2026-04-01T00:52:49.704+0000] {processor.py:925} INFO - DAG(s) 'db_and_model_update' retrieved from /opt/airflow/dags/db_and_model_update_dag.py
[2026-04-01T00:52:49.743+0000] {logging_mixin.py:190} INFO - [2026-04-01T00:52:49.743+0000] {dag.py:3239} INFO - Sync 1 DAGs
[2026-04-01T00:52:49.883+0000] {processor.py:208} INFO - Processing /opt/airflow/dags/db_and_model_update_dag.py took 0.215 seconds
[2026-04-01T00:53:20.158+0000] {processor.py:186} INFO - Started process (PID=5094) to work on /opt/airflow/dags/db_and_model_update_dag.py
[2026-04-01T00:53:20.159+0000] {processor.py:914} INFO - Processing file /opt/airflow/dags/db_and_model_update_dag.py for tasks to queue
[2026-04-01T00:53:20.161+0000] {logging_mixin.py:190} INFO - [2026-04-01T00:53:20.161+0000] {dagbag.py:588} INFO - Filling up the DagBag from /opt/airflow/dags/db_and_model_update_dag.py
[2026-04-01T00:53:20.180+0000] {processor.py:925} INFO - DAG(s) 'db_and_model_update' retrieved from /opt/airflow/dags/db_and_model_update_dag.py
[2026-04-01T00:53:20.209+0000] {logging_mixin.py:190} INFO - [2026-04-01T00:53:20.209+0000] {dag.py:3239} INFO - Sync 1 DAGs
[2026-04-01T00:53:20.260+0000] {processor.py:208} INFO - Processing /opt/airflow/dags/db_and_model_update_dag.py took 0.109 seconds
[2026-04-01T00:53:50.421+0000] {processor.py:186} INFO - Started process (PID=5104) to work on /opt/airflow/dags/db_and_model_update_dag.py
[2026-04-01T00:53:50.422+0000] {processor.py:914} INFO - Processing file /opt/airflow/dags/db_and_model_update_dag.py for tasks to queue
[2026-04-01T00:53:50.429+0000] {logging_mixin.py:190} INFO - [2026-04-01T00:53:50.428+0000] {dagbag.py:588} INFO - Filling up the DagBag from /opt/airflow/dags/db_and_model_update_dag.py
[2026-04-01T00:53:50.446+0000] {processor.py:925} INFO - DAG(s) 'db_and_model_update' retrieved from /opt/airflow/dags/db_and_model_update_dag.py
[2026-04-01T00:53:50.480+0000] {logging_mixin.py:190} INFO - [2026-04-01T00:53:50.480+0000] {dag.py:3239} INFO - Sync 1 DAGs
[2026-04-01T00:53:50.520+0000] {processor.py:208} INFO - Processing /opt/airflow/dags/db_and_model_update_dag.py took 0.106 seconds
[2026-04-01T00:54:20.789+0000] {processor.py:186} INFO - Started process (PID=5114) to work on /opt/airflow/dags/db_and_model_update_dag.py
[2026-04-01T00:54:20.791+0000] {processor.py:914} INFO - Processing file /opt/airflow/dags/db_and_model_update_dag.py for tasks to queue
[2026-04-01T00:54:20.793+0000] {logging_mixin.py:190} INFO - [2026-04-01T00:54:20.793+0000] {dagbag.py:588} INFO - Filling up the DagBag from /opt/airflow/dags/db_and_model_update_dag.py
[2026-04-01T00:54:20.828+0000] {processor.py:925} INFO - DAG(s) 'db_and_model_update' retrieved from /opt/airflow/dags/db_and_model_update_dag.py
[2026-04-01T00:54:20.877+0000] {logging_mixin.py:190} INFO - [2026-04-01T00:54:20.877+0000] {dag.py:3239} INFO - Sync 1 DAGs
[2026-04-01T00:54:20.949+0000] {processor.py:208} INFO - Processing /opt/airflow/dags/db_and_model_update_dag.py took 0.173 seconds
[2026-04-01T00:54:51.130+0000] {processor.py:186} INFO - Started process (PID=5124) to work on /opt/airflow/dags/db_and_model_update_dag.py
[2026-04-01T00:54:51.131+0000] {processor.py:914} INFO - Processing file /opt/airflow/dags/db_and_model_update_dag.py for tasks to queue
[2026-04-01T00:54:51.135+0000] {logging_mixin.py:190} INFO - [2026-04-01T00:54:51.134+0000] {dagbag.py:588} INFO - Filling up the DagBag from /opt/airflow/dags/db_and_model_update_dag.py
[2026-04-01T00:54:51.161+0000] {processor.py:925} INFO - DAG(s) 'db_and_model_update' retrieved from /opt/airflow/dags/db_and_model_update_dag.py
[2026-04-01T00:54:51.194+0000] {logging_mixin.py:190} INFO - [2026-04-01T00:54:51.194+0000] {dag.py:3239} INFO - Sync 1 DAGs
[2026-04-01T00:54:51.244+0000] {processor.py:208} INFO - Processing /opt/airflow/dags/db_and_model_update_dag.py took 0.124 seconds
[2026-04-01T00:55:21.351+0000] {processor.py:186} INFO - Started process (PID=5134) to work on /opt/airflow/dags/db_and_model_update_dag.py
[2026-04-01T00:55:21.353+0000] {processor.py:914} INFO - Processing file /opt/airflow/dags/db_and_model_update_dag.py for tasks to queue
[2026-04-01T00:55:21.355+0000] {logging_mixin.py:190} INFO - [2026-04-01T00:55:21.355+0000] {dagbag.py:588} INFO - Filling up the DagBag from /opt/airflow/dags/db_and_model_update_dag.py
[2026-04-01T00:55:21.380+0000] {processor.py:925} INFO - DAG(s) 'db_and_model_update' retrieved from /opt/airflow/dags/db_and_model_update_dag.py
[2026-04-01T00:55:21.413+0000] {logging_mixin.py:190} INFO - [2026-04-01T00:55:21.413+0000] {dag.py:3239} INFO - Sync 1 DAGs
[2026-04-01T00:55:21.457+0000] {processor.py:208} INFO - Processing /opt/airflow/dags/db_and_model_update_dag.py took 0.114 seconds
[2026-04-01T00:55:51.809+0000] {processor.py:186} INFO - Started process (PID=5144) to work on /opt/airflow/dags/db_and_model_update_dag.py
[2026-04-01T00:55:51.810+0000] {processor.py:914} INFO - Processing file /opt/airflow/dags/db_and_model_update_dag.py for tasks to queue
[2026-04-01T00:55:51.812+0000] {logging_mixin.py:190} INFO - [2026-04-01T00:55:51.812+0000] {dagbag.py:588} INFO - Filling up the DagBag from /opt/airflow/dags/db_and_model_update_dag.py
[2026-04-01T00:55:51.834+0000] {processor.py:925} INFO - DAG(s) 'db_and_model_update' retrieved from /opt/airflow/dags/db_and_model_update_dag.py
[2026-04-01T00:55:51.867+0000] {logging_mixin.py:190} INFO - [2026-04-01T00:55:51.866+0000] {dag.py:3239} INFO - Sync 1 DAGs
[2026-04-01T00:55:51.914+0000] {processor.py:208} INFO - Processing /opt/airflow/dags/db_and_model_update_dag.py took 0.113 seconds
[2026-04-01T00:56:22.232+0000] {processor.py:186} INFO - Started process (PID=5154) to work on /opt/airflow/dags/db_and_model_update_dag.py
[2026-04-01T00:56:22.233+0000] {processor.py:914} INFO - Processing file /opt/airflow/dags/db_and_model_update_dag.py for tasks to queue
[2026-04-01T00:56:22.236+0000] {logging_mixin.py:190} INFO - [2026-04-01T00:56:22.236+0000] {dagbag.py:588} INFO - Filling up the DagBag from /opt/airflow/dags/db_and_model_update_dag.py
[2026-04-01T00:56:22.263+0000] {processor.py:925} INFO - DAG(s) 'db_and_model_update' retrieved from /opt/airflow/dags/db_and_model_update_dag.py
[2026-04-01T00:56:22.296+0000] {logging_mixin.py:190} INFO - [2026-04-01T00:56:22.296+0000] {dag.py:3239} INFO - Sync 1 DAGs
[2026-04-01T00:56:22.366+0000] {processor.py:208} INFO - Processing /opt/airflow/dags/db_and_model_update_dag.py took 0.142 seconds
[2026-04-01T00:56:52.680+0000] {processor.py:186} INFO - Started process (PID=5164) to work on /opt/airflow/dags/db_and_model_update_dag.py
[2026-04-01T00:56:52.681+0000] {processor.py:914} INFO - Processing file /opt/airflow/dags/db_and_model_update_dag.py for tasks to queue
[2026-04-01T00:56:52.683+0000] {logging_mixin.py:190} INFO - [2026-04-01T00:56:52.682+0000] {dagbag.py:588} INFO - Filling up the DagBag from /opt/airflow/dags/db_and_model_update_dag.py
[2026-04-01T00:56:52.702+0000] {processor.py:925} INFO - DAG(s) 'db_and_model_update' retrieved from /opt/airflow/dags/db_and_model_update_dag.py
[2026-04-01T00:56:52.737+0000] {logging_mixin.py:190} INFO - [2026-04-01T00:56:52.737+0000] {dag.py:3239} INFO - Sync 1 DAGs
[2026-04-01T00:56:52.780+0000] {processor.py:208} INFO - Processing /opt/airflow/dags/db_and_model_update_dag.py took 0.107 seconds
[2026-04-01T00:57:22.565+0000] {processor.py:186} INFO - Started process (PID=5174) to work on /opt/airflow/dags/db_and_model_update_dag.py
[2026-04-01T00:57:22.566+0000] {processor.py:914} INFO - Processing file /opt/airflow/dags/db_and_model_update_dag.py for tasks to queue
[2026-04-01T00:57:22.568+0000] {logging_mixin.py:190} INFO - [2026-04-01T00:57:22.568+0000] {dagbag.py:588} INFO - Filling up the DagBag from /opt/airflow/dags/db_and_model_update_dag.py
[2026-04-01T00:57:22.588+0000] {processor.py:925} INFO - DAG(s) 'db_and_model_update' retrieved from /opt/airflow/dags/db_and_model_update_dag.py
[2026-04-01T00:57:22.627+0000] {logging_mixin.py:190} INFO - [2026-04-01T00:57:22.627+0000] {dag.py:3239} INFO - Sync 1 DAGs
[2026-04-01T00:57:22.669+0000] {processor.py:208} INFO - Processing /opt/airflow/dags/db_and_model_update_dag.py took 0.112 seconds
[2026-04-01T00:57:52.821+0000] {processor.py:186} INFO - Started process (PID=5184) to work on /opt/airflow/dags/db_and_model_update_dag.py
[2026-04-01T00:57:52.822+0000] {processor.py:914} INFO - Processing file /opt/airflow/dags/db_and_model_update_dag.py for tasks to queue
[2026-04-01T00:57:52.825+0000] {logging_mixin.py:190} INFO - [2026-04-01T00:57:52.825+0000] {dagbag.py:588} INFO - Filling up the DagBag from /opt/airflow/dags/db_and_model_update_dag.py
[2026-04-01T00:57:52.842+0000] {processor.py:925} INFO - DAG(s) 'db_and_model_update' retrieved from /opt/airflow/dags/db_and_model_update_dag.py
[2026-04-01T00:57:52.875+0000] {logging_mixin.py:190} INFO - [2026-04-01T00:57:52.874+0000] {dag.py:3239} INFO - Sync 1 DAGs
[2026-04-01T00:57:52.920+0000] {processor.py:208} INFO - Processing /opt/airflow/dags/db_and_model_update_dag.py took 0.107 seconds
[2026-04-01T00:58:23.228+0000] {processor.py:186} INFO - Started process (PID=5194) to work on /opt/airflow/dags/db_and_model_update_dag.py
[2026-04-01T00:58:23.231+0000] {processor.py:914} INFO - Processing file /opt/airflow/dags/db_and_model_update_dag.py for tasks to queue
[2026-04-01T00:58:23.235+0000] {logging_mixin.py:190} INFO - [2026-04-01T00:58:23.234+0000] {dagbag.py:588} INFO - Filling up the DagBag from /opt/airflow/dags/db_and_model_update_dag.py
[2026-04-01T00:58:23.257+0000] {processor.py:925} INFO - DAG(s) 'db_and_model_update' retrieved from /opt/airflow/dags/db_and_model_update_dag.py
[2026-04-01T00:58:23.291+0000] {logging_mixin.py:190} INFO - [2026-04-01T00:58:23.291+0000] {dag.py:3239} INFO - Sync 1 DAGs
[2026-04-01T00:58:23.342+0000] {processor.py:208} INFO - Processing /opt/airflow/dags/db_and_model_update_dag.py took 0.123 seconds
[2026-04-01T00:58:53.502+0000] {processor.py:186} INFO - Started process (PID=5204) to work on /opt/airflow/dags/db_and_model_update_dag.py
[2026-04-01T00:58:53.503+0000] {processor.py:914} INFO - Processing file /opt/airflow/dags/db_and_model_update_dag.py for tasks to queue
[2026-04-01T00:58:53.507+0000] {logging_mixin.py:190} INFO - [2026-04-01T00:58:53.506+0000] {dagbag.py:588} INFO - Filling up the DagBag from /opt/airflow/dags/db_and_model_update_dag.py
[2026-04-01T00:58:53.526+0000] {processor.py:925} INFO - DAG(s) 'db_and_model_update' retrieved from /opt/airflow/dags/db_and_model_update_dag.py
[2026-04-01T00:58:53.557+0000] {logging_mixin.py:190} INFO - [2026-04-01T00:58:53.557+0000] {dag.py:3239} INFO - Sync 1 DAGs
[2026-04-01T00:58:53.596+0000] {processor.py:208} INFO - Processing /opt/airflow/dags/db_and_model_update_dag.py took 0.102 seconds
[2026-04-01T00:59:23.883+0000] {processor.py:186} INFO - Started process (PID=5214) to work on /opt/airflow/dags/db_and_model_update_dag.py
[2026-04-01T00:59:23.884+0000] {processor.py:914} INFO - Processing file /opt/airflow/dags/db_and_model_update_dag.py for tasks to queue
[2026-04-01T00:59:23.888+0000] {logging_mixin.py:190} INFO - [2026-04-01T00:59:23.887+0000] {dagbag.py:588} INFO - Filling up the DagBag from /opt/airflow/dags/db_and_model_update_dag.py
[2026-04-01T00:59:23.909+0000] {processor.py:925} INFO - DAG(s) 'db_and_model_update' retrieved from /opt/airflow/dags/db_and_model_update_dag.py
[2026-04-01T00:59:23.943+0000] {logging_mixin.py:190} INFO - [2026-04-01T00:59:23.943+0000] {dag.py:3239} INFO - Sync 1 DAGs
[2026-04-01T00:59:23.988+0000] {processor.py:208} INFO - Processing /opt/airflow/dags/db_and_model_update_dag.py took 0.112 seconds
[2026-04-01T00:59:54.203+0000] {processor.py:186} INFO - Started process (PID=5224) to work on /opt/airflow/dags/db_and_model_update_dag.py
[2026-04-01T00:59:54.205+0000] {processor.py:914} INFO - Processing file /opt/airflow/dags/db_and_model_update_dag.py for tasks to queue
[2026-04-01T00:59:54.208+0000] {logging_mixin.py:190} INFO - [2026-04-01T00:59:54.207+0000] {dagbag.py:588} INFO - Filling up the DagBag from /opt/airflow/dags/db_and_model_update_dag.py
[2026-04-01T00:59:54.238+0000] {processor.py:925} INFO - DAG(s) 'db_and_model_update' retrieved from /opt/airflow/dags/db_and_model_update_dag.py
[2026-04-01T00:59:54.276+0000] {logging_mixin.py:190} INFO - [2026-04-01T00:59:54.276+0000] {dag.py:3239} INFO - Sync 1 DAGs
[2026-04-01T00:59:54.328+0000] {processor.py:208} INFO - Processing /opt/airflow/dags/db_and_model_update_dag.py took 0.133 seconds
[2026-04-01T01:00:24.496+0000] {processor.py:186} INFO - Started process (PID=5234) to work on /opt/airflow/dags/db_and_model_update_dag.py
[2026-04-01T01:00:24.498+0000] {processor.py:914} INFO - Processing file /opt/airflow/dags/db_and_model_update_dag.py for tasks to queue
[2026-04-01T01:00:24.501+0000] {logging_mixin.py:190} INFO - [2026-04-01T01:00:24.500+0000] {dagbag.py:588} INFO - Filling up the DagBag from /opt/airflow/dags/db_and_model_update_dag.py
[2026-04-01T01:00:24.527+0000] {processor.py:925} INFO - DAG(s) 'db_and_model_update' retrieved from /opt/airflow/dags/db_and_model_update_dag.py
[2026-04-01T01:00:24.560+0000] {logging_mixin.py:190} INFO - [2026-04-01T01:00:24.560+0000] {dag.py:3239} INFO - Sync 1 DAGs
[2026-04-01T01:00:24.614+0000] {processor.py:208} INFO - Processing /opt/airflow/dags/db_and_model_update_dag.py took 0.126 seconds
[2026-04-01T01:00:54.909+0000] {processor.py:186} INFO - Started process (PID=5244) to work on /opt/airflow/dags/db_and_model_update_dag.py
[2026-04-01T01:00:54.912+0000] {processor.py:914} INFO - Processing file /opt/airflow/dags/db_and_model_update_dag.py for tasks to queue
[2026-04-01T01:00:54.920+0000] {logging_mixin.py:190} INFO - [2026-04-01T01:00:54.920+0000] {dagbag.py:588} INFO - Filling up the DagBag from /opt/airflow/dags/db_and_model_update_dag.py
[2026-04-01T01:00:54.945+0000] {processor.py:925} INFO - DAG(s) 'db_and_model_update' retrieved from /opt/airflow/dags/db_and_model_update_dag.py
[2026-04-01T01:00:54.977+0000] {logging_mixin.py:190} INFO - [2026-04-01T01:00:54.977+0000] {dag.py:3239} INFO - Sync 1 DAGs
[2026-04-01T01:00:55.028+0000] {processor.py:208} INFO - Processing /opt/airflow/dags/db_and_model_update_dag.py took 0.134 seconds
[2026-04-01T01:01:25.363+0000] {processor.py:186} INFO - Started process (PID=5254) to work on /opt/airflow/dags/db_and_model_update_dag.py
[2026-04-01T01:01:25.364+0000] {processor.py:914} INFO - Processing file /opt/airflow/dags/db_and_model_update_dag.py for tasks to queue
[2026-04-01T01:01:25.371+0000] {logging_mixin.py:190} INFO - [2026-04-01T01:01:25.371+0000] {dagbag.py:588} INFO - Filling up the DagBag from /opt/airflow/dags/db_and_model_update_dag.py
[2026-04-01T01:01:25.393+0000] {processor.py:925} INFO - DAG(s) 'db_and_model_update' retrieved from /opt/airflow/dags/db_and_model_update_dag.py
[2026-04-01T01:01:25.427+0000] {logging_mixin.py:190} INFO - [2026-04-01T01:01:25.427+0000] {dag.py:3239} INFO - Sync 1 DAGs
[2026-04-01T01:01:25.473+0000] {processor.py:208} INFO - Processing /opt/airflow/dags/db_and_model_update_dag.py took 0.120 seconds
[2026-04-01T01:01:55.789+0000] {processor.py:186} INFO - Started process (PID=5264) to work on /opt/airflow/dags/db_and_model_update_dag.py
[2026-04-01T01:01:55.790+0000] {processor.py:914} INFO - Processing file /opt/airflow/dags/db_and_model_update_dag.py for tasks to queue
[2026-04-01T01:01:55.793+0000] {logging_mixin.py:190} INFO - [2026-04-01T01:01:55.793+0000] {dagbag.py:588} INFO - Filling up the DagBag from /opt/airflow/dags/db_and_model_update_dag.py
[2026-04-01T01:01:55.818+0000] {processor.py:925} INFO - DAG(s) 'db_and_model_update' retrieved from /opt/airflow/dags/db_and_model_update_dag.py
[2026-04-01T01:01:55.853+0000] {logging_mixin.py:190} INFO - [2026-04-01T01:01:55.853+0000] {dag.py:3239} INFO - Sync 1 DAGs
[2026-04-01T01:01:55.893+0000] {processor.py:208} INFO - Processing /opt/airflow/dags/db_and_model_update_dag.py took 0.114 seconds
[2026-04-01T01:02:26.764+0000] {processor.py:186} INFO - Started process (PID=5274) to work on /opt/airflow/dags/db_and_model_update_dag.py
[2026-04-01T01:02:26.766+0000] {processor.py:914} INFO - Processing file /opt/airflow/dags/db_and_model_update_dag.py for tasks to queue
[2026-04-01T01:02:26.768+0000] {logging_mixin.py:190} INFO - [2026-04-01T01:02:26.768+0000] {dagbag.py:588} INFO - Filling up the DagBag from /opt/airflow/dags/db_and_model_update_dag.py
[2026-04-01T01:02:26.793+0000] {processor.py:925} INFO - DAG(s) 'db_and_model_update' retrieved from /opt/airflow/dags/db_and_model_update_dag.py
[2026-04-01T01:02:26.825+0000] {logging_mixin.py:190} INFO - [2026-04-01T01:02:26.824+0000] {dag.py:3239} INFO - Sync 1 DAGs
[2026-04-01T01:02:26.870+0000] {processor.py:208} INFO - Processing /opt/airflow/dags/db_and_model_update_dag.py took 0.114 seconds
[2026-04-01T01:02:57.607+0000] {processor.py:186} INFO - Started process (PID=5284) to work on /opt/airflow/dags/db_and_model_update_dag.py
[2026-04-01T01:02:57.608+0000] {processor.py:914} INFO - Processing file /opt/airflow/dags/db_and_model_update_dag.py for tasks to queue
[2026-04-01T01:02:57.610+0000] {logging_mixin.py:190} INFO - [2026-04-01T01:02:57.610+0000] {dagbag.py:588} INFO - Filling up the DagBag from /opt/airflow/dags/db_and_model_update_dag.py
[2026-04-01T01:02:57.633+0000] {processor.py:925} INFO - DAG(s) 'db_and_model_update' retrieved from /opt/airflow/dags/db_and_model_update_dag.py
[2026-04-01T01:02:57.666+0000] {logging_mixin.py:190} INFO - [2026-04-01T01:02:57.665+0000] {dag.py:3239} INFO - Sync 1 DAGs
[2026-04-01T01:02:57.717+0000] {processor.py:208} INFO - Processing /opt/airflow/dags/db_and_model_update_dag.py took 0.118 seconds
[2026-04-01T01:03:27.889+0000] {processor.py:186} INFO - Started process (PID=5294) to work on /opt/airflow/dags/db_and_model_update_dag.py
[2026-04-01T01:03:27.891+0000] {processor.py:914} INFO - Processing file /opt/airflow/dags/db_and_model_update_dag.py for tasks to queue
[2026-04-01T01:03:27.893+0000] {logging_mixin.py:190} INFO - [2026-04-01T01:03:27.893+0000] {dagbag.py:588} INFO - Filling up the DagBag from /opt/airflow/dags/db_and_model_update_dag.py
[2026-04-01T01:03:27.916+0000] {processor.py:925} INFO - DAG(s) 'db_and_model_update' retrieved from /opt/airflow/dags/db_and_model_update_dag.py
[2026-04-01T01:03:27.949+0000] {logging_mixin.py:190} INFO - [2026-04-01T01:03:27.949+0000] {dag.py:3239} INFO - Sync 1 DAGs
[2026-04-01T01:03:27.995+0000] {processor.py:208} INFO - Processing /opt/airflow/dags/db_and_model_update_dag.py took 0.113 seconds
[2026-04-01T01:03:58.801+0000] {processor.py:186} INFO - Started process (PID=5304) to work on /opt/airflow/dags/db_and_model_update_dag.py
[2026-04-01T01:03:58.803+0000] {processor.py:914} INFO - Processing file /opt/airflow/dags/db_and_model_update_dag.py for tasks to queue
[2026-04-01T01:03:58.805+0000] {logging_mixin.py:190} INFO - [2026-04-01T01:03:58.805+0000] {dagbag.py:588} INFO - Filling up the DagBag from /opt/airflow/dags/db_and_model_update_dag.py
[2026-04-01T01:03:58.829+0000] {processor.py:925} INFO - DAG(s) 'db_and_model_update' retrieved from /opt/airflow/dags/db_and_model_update_dag.py
[2026-04-01T01:03:58.864+0000] {logging_mixin.py:190} INFO - [2026-04-01T01:03:58.863+0000] {dag.py:3239} INFO - Sync 1 DAGs
[2026-04-01T01:03:58.917+0000] {processor.py:208} INFO - Processing /opt/airflow/dags/db_and_model_update_dag.py took 0.124 seconds
[2026-04-01T01:04:28.231+0000] {processor.py:186} INFO - Started process (PID=5314) to work on /opt/airflow/dags/db_and_model_update_dag.py
[2026-04-01T01:04:28.233+0000] {processor.py:914} INFO - Processing file /opt/airflow/dags/db_and_model_update_dag.py for tasks to queue
[2026-04-01T01:04:28.235+0000] {logging_mixin.py:190} INFO - [2026-04-01T01:04:28.235+0000] {dagbag.py:588} INFO - Filling up the DagBag from /opt/airflow/dags/db_and_model_update_dag.py
[2026-04-01T01:04:28.257+0000] {processor.py:925} INFO - DAG(s) 'db_and_model_update' retrieved from /opt/airflow/dags/db_and_model_update_dag.py
[2026-04-01T01:04:28.288+0000] {logging_mixin.py:190} INFO - [2026-04-01T01:04:28.288+0000] {dag.py:3239} INFO - Sync 1 DAGs
[2026-04-01T01:04:28.328+0000] {processor.py:208} INFO - Processing /opt/airflow/dags/db_and_model_update_dag.py took 0.105 seconds
[2026-04-01T01:04:58.674+0000] {processor.py:186} INFO - Started process (PID=5324) to work on /opt/airflow/dags/db_and_model_update_dag.py
[2026-04-01T01:04:58.677+0000] {processor.py:914} INFO - Processing file /opt/airflow/dags/db_and_model_update_dag.py for tasks to queue
[2026-04-01T01:04:58.680+0000] {logging_mixin.py:190} INFO - [2026-04-01T01:04:58.679+0000] {dagbag.py:588} INFO - Filling up the DagBag from /opt/airflow/dags/db_and_model_update_dag.py
[2026-04-01T01:04:58.702+0000] {processor.py:925} INFO - DAG(s) 'db_and_model_update' retrieved from /opt/airflow/dags/db_and_model_update_dag.py
[2026-04-01T01:04:58.733+0000] {logging_mixin.py:190} INFO - [2026-04-01T01:04:58.733+0000] {dag.py:3239} INFO - Sync 1 DAGs
[2026-04-01T01:04:58.772+0000] {processor.py:208} INFO - Processing /opt/airflow/dags/db_and_model_update_dag.py took 0.107 seconds
[2026-04-01T01:05:29.070+0000] {processor.py:186} INFO - Started process (PID=5334) to work on /opt/airflow/dags/db_and_model_update_dag.py
[2026-04-01T01:05:29.072+0000] {processor.py:914} INFO - Processing file /opt/airflow/dags/db_and_model_update_dag.py for tasks to queue
[2026-04-01T01:05:29.080+0000] {logging_mixin.py:190} INFO - [2026-04-01T01:05:29.079+0000] {dagbag.py:588} INFO - Filling up the DagBag from /opt/airflow/dags/db_and_model_update_dag.py
[2026-04-01T01:05:29.137+0000] {processor.py:925} INFO - DAG(s) 'db_and_model_update' retrieved from /opt/airflow/dags/db_and_model_update_dag.py
[2026-04-01T01:05:29.170+0000] {logging_mixin.py:190} INFO - [2026-04-01T01:05:29.170+0000] {dag.py:3239} INFO - Sync 1 DAGs
[2026-04-01T01:05:29.225+0000] {processor.py:208} INFO - Processing /opt/airflow/dags/db_and_model_update_dag.py took 0.163 seconds
[2026-04-01T01:05:59.377+0000] {processor.py:186} INFO - Started process (PID=5344) to work on /opt/airflow/dags/db_and_model_update_dag.py
[2026-04-01T01:05:59.382+0000] {processor.py:914} INFO - Processing file /opt/airflow/dags/db_and_model_update_dag.py for tasks to queue
[2026-04-01T01:05:59.386+0000] {logging_mixin.py:190} INFO - [2026-04-01T01:05:59.385+0000] {dagbag.py:588} INFO - Filling up the DagBag from /opt/airflow/dags/db_and_model_update_dag.py
[2026-04-01T01:05:59.411+0000] {processor.py:925} INFO - DAG(s) 'db_and_model_update' retrieved from /opt/airflow/dags/db_and_model_update_dag.py
[2026-04-01T01:05:59.456+0000] {logging_mixin.py:190} INFO - [2026-04-01T01:05:59.456+0000] {dag.py:3239} INFO - Sync 1 DAGs
[2026-04-01T01:05:59.504+0000] {processor.py:208} INFO - Processing /opt/airflow/dags/db_and_model_update_dag.py took 0.136 seconds
[2026-04-01T01:06:29.771+0000] {processor.py:186} INFO - Started process (PID=5354) to work on /opt/airflow/dags/db_and_model_update_dag.py
[2026-04-01T01:06:29.772+0000] {processor.py:914} INFO - Processing file /opt/airflow/dags/db_and_model_update_dag.py for tasks to queue
[2026-04-01T01:06:29.774+0000] {logging_mixin.py:190} INFO - [2026-04-01T01:06:29.774+0000] {dagbag.py:588} INFO - Filling up the DagBag from /opt/airflow/dags/db_and_model_update_dag.py
[2026-04-01T01:06:29.804+0000] {processor.py:925} INFO - DAG(s) 'db_and_model_update' retrieved from /opt/airflow/dags/db_and_model_update_dag.py
[2026-04-01T01:06:29.841+0000] {logging_mixin.py:190} INFO - [2026-04-01T01:06:29.841+0000] {dag.py:3239} INFO - Sync 1 DAGs
[2026-04-01T01:06:29.896+0000] {processor.py:208} INFO - Processing /opt/airflow/dags/db_and_model_update_dag.py took 0.134 seconds
[2026-04-01T01:07:00.193+0000] {processor.py:186} INFO - Started process (PID=5364) to work on /opt/airflow/dags/db_and_model_update_dag.py
[2026-04-01T01:07:00.195+0000] {processor.py:914} INFO - Processing file /opt/airflow/dags/db_and_model_update_dag.py for tasks to queue
[2026-04-01T01:07:00.198+0000] {logging_mixin.py:190} INFO - [2026-04-01T01:07:00.197+0000] {dagbag.py:588} INFO - Filling up the DagBag from /opt/airflow/dags/db_and_model_update_dag.py
[2026-04-01T01:07:00.221+0000] {processor.py:925} INFO - DAG(s) 'db_and_model_update' retrieved from /opt/airflow/dags/db_and_model_update_dag.py
[2026-04-01T01:07:00.253+0000] {logging_mixin.py:190} INFO - [2026-04-01T01:07:00.253+0000] {dag.py:3239} INFO - Sync 1 DAGs
[2026-04-01T01:07:00.304+0000] {processor.py:208} INFO - Processing /opt/airflow/dags/db_and_model_update_dag.py took 0.119 seconds
[2026-04-01T01:07:30.485+0000] {processor.py:186} INFO - Started process (PID=5374) to work on /opt/airflow/dags/db_and_model_update_dag.py
[2026-04-01T01:07:30.486+0000] {processor.py:914} INFO - Processing file /opt/airflow/dags/db_and_model_update_dag.py for tasks to queue
[2026-04-01T01:07:30.489+0000] {logging_mixin.py:190} INFO - [2026-04-01T01:07:30.488+0000] {dagbag.py:588} INFO - Filling up the DagBag from /opt/airflow/dags/db_and_model_update_dag.py
[2026-04-01T01:07:30.510+0000] {processor.py:925} INFO - DAG(s) 'db_and_model_update' retrieved from /opt/airflow/dags/db_and_model_update_dag.py
[2026-04-01T01:07:30.544+0000] {logging_mixin.py:190} INFO - [2026-04-01T01:07:30.543+0000] {dag.py:3239} INFO - Sync 1 DAGs
[2026-04-01T01:07:30.585+0000] {processor.py:208} INFO - Processing /opt/airflow/dags/db_and_model_update_dag.py took 0.108 seconds
[2026-04-01T01:08:00.902+0000] {processor.py:186} INFO - Started process (PID=5384) to work on /opt/airflow/dags/db_and_model_update_dag.py
[2026-04-01T01:08:00.903+0000] {processor.py:914} INFO - Processing file /opt/airflow/dags/db_and_model_update_dag.py for tasks to queue
[2026-04-01T01:08:00.905+0000] {logging_mixin.py:190} INFO - [2026-04-01T01:08:00.905+0000] {dagbag.py:588} INFO - Filling up the DagBag from /opt/airflow/dags/db_and_model_update_dag.py
[2026-04-01T01:08:00.926+0000] {processor.py:925} INFO - DAG(s) 'db_and_model_update' retrieved from /opt/airflow/dags/db_and_model_update_dag.py
[2026-04-01T01:08:00.958+0000] {logging_mixin.py:190} INFO - [2026-04-01T01:08:00.957+0000] {dag.py:3239} INFO - Sync 1 DAGs
[2026-04-01T01:08:01.001+0000] {processor.py:208} INFO - Processing /opt/airflow/dags/db_and_model_update_dag.py took 0.108 seconds
[2026-04-01T01:08:31.219+0000] {processor.py:186} INFO - Started process (PID=5394) to work on /opt/airflow/dags/db_and_model_update_dag.py
[2026-04-01T01:08:31.221+0000] {processor.py:914} INFO - Processing file /opt/airflow/dags/db_and_model_update_dag.py for tasks to queue
[2026-04-01T01:08:31.224+0000] {logging_mixin.py:190} INFO - [2026-04-01T01:08:31.223+0000] {dagbag.py:588} INFO - Filling up the DagBag from /opt/airflow/dags/db_and_model_update_dag.py
[2026-04-01T01:08:31.243+0000] {processor.py:925} INFO - DAG(s) 'db_and_model_update' retrieved from /opt/airflow/dags/db_and_model_update_dag.py
[2026-04-01T01:08:31.274+0000] {logging_mixin.py:190} INFO - [2026-04-01T01:08:31.273+0000] {dag.py:3239} INFO - Sync 1 DAGs
[2026-04-01T01:08:31.324+0000] {processor.py:208} INFO - Processing /opt/airflow/dags/db_and_model_update_dag.py took 0.123 seconds
[2026-04-01T01:09:01.750+0000] {processor.py:186} INFO - Started process (PID=5404) to work on /opt/airflow/dags/db_and_model_update_dag.py
[2026-04-01T01:09:01.751+0000] {processor.py:914} INFO - Processing file /opt/airflow/dags/db_and_model_update_dag.py for tasks to queue
[2026-04-01T01:09:01.754+0000] {logging_mixin.py:190} INFO - [2026-04-01T01:09:01.753+0000] {dagbag.py:588} INFO - Filling up the DagBag from /opt/airflow/dags/db_and_model_update_dag.py
[2026-04-01T01:09:01.789+0000] {processor.py:925} INFO - DAG(s) 'db_and_model_update' retrieved from /opt/airflow/dags/db_and_model_update_dag.py
[2026-04-01T01:09:01.832+0000] {logging_mixin.py:190} INFO - [2026-04-01T01:09:01.832+0000] {dag.py:3239} INFO - Sync 1 DAGs
[2026-04-01T01:09:01.882+0000] {processor.py:208} INFO - Processing /opt/airflow/dags/db_and_model_update_dag.py took 0.141 seconds
[2026-04-01T01:09:32.036+0000] {processor.py:186} INFO - Started process (PID=5414) to work on /opt/airflow/dags/db_and_model_update_dag.py
[2026-04-01T01:09:32.038+0000] {processor.py:914} INFO - Processing file /opt/airflow/dags/db_and_model_update_dag.py for tasks to queue
[2026-04-01T01:09:32.041+0000] {logging_mixin.py:190} INFO - [2026-04-01T01:09:32.040+0000] {dagbag.py:588} INFO - Filling up the DagBag from /opt/airflow/dags/db_and_model_update_dag.py
[2026-04-01T01:09:32.113+0000] {processor.py:925} INFO - DAG(s) 'db_and_model_update' retrieved from /opt/airflow/dags/db_and_model_update_dag.py
[2026-04-01T01:09:32.162+0000] {logging_mixin.py:190} INFO - [2026-04-01T01:09:32.158+0000] {dag.py:3239} INFO - Sync 1 DAGs
[2026-04-01T01:09:32.208+0000] {processor.py:208} INFO - Processing /opt/airflow/dags/db_and_model_update_dag.py took 0.181 seconds
[2026-04-01T01:10:02.535+0000] {processor.py:186} INFO - Started process (PID=5424) to work on /opt/airflow/dags/db_and_model_update_dag.py
[2026-04-01T01:10:02.536+0000] {processor.py:914} INFO - Processing file /opt/airflow/dags/db_and_model_update_dag.py for tasks to queue
[2026-04-01T01:10:02.539+0000] {logging_mixin.py:190} INFO - [2026-04-01T01:10:02.539+0000] {dagbag.py:588} INFO - Filling up the DagBag from /opt/airflow/dags/db_and_model_update_dag.py
[2026-04-01T01:10:02.571+0000] {processor.py:925} INFO - DAG(s) 'db_and_model_update' retrieved from /opt/airflow/dags/db_and_model_update_dag.py
[2026-04-01T01:10:02.609+0000] {logging_mixin.py:190} INFO - [2026-04-01T01:10:02.609+0000] {dag.py:3239} INFO - Sync 1 DAGs
[2026-04-01T01:10:02.660+0000] {processor.py:208} INFO - Processing /opt/airflow/dags/db_and_model_update_dag.py took 0.134 seconds
[2026-04-01T01:10:32.978+0000] {processor.py:186} INFO - Started process (PID=5434) to work on /opt/airflow/dags/db_and_model_update_dag.py
[2026-04-01T01:10:32.979+0000] {processor.py:914} INFO - Processing file /opt/airflow/dags/db_and_model_update_dag.py for tasks to queue
[2026-04-01T01:10:32.983+0000] {logging_mixin.py:190} INFO - [2026-04-01T01:10:32.982+0000] {dagbag.py:588} INFO - Filling up the DagBag from /opt/airflow/dags/db_and_model_update_dag.py
[2026-04-01T01:10:33.003+0000] {processor.py:925} INFO - DAG(s) 'db_and_model_update' retrieved from /opt/airflow/dags/db_and_model_update_dag.py
[2026-04-01T01:10:33.034+0000] {logging_mixin.py:190} INFO - [2026-04-01T01:10:33.034+0000] {dag.py:3239} INFO - Sync 1 DAGs
[2026-04-01T01:10:33.074+0000] {processor.py:208} INFO - Processing /opt/airflow/dags/db_and_model_update_dag.py took 0.104 seconds
[2026-04-01T01:11:03.264+0000] {processor.py:186} INFO - Started process (PID=5444) to work on /opt/airflow/dags/db_and_model_update_dag.py
[2026-04-01T01:11:03.265+0000] {processor.py:914} INFO - Processing file /opt/airflow/dags/db_and_model_update_dag.py for tasks to queue
[2026-04-01T01:11:03.267+0000] {logging_mixin.py:190} INFO - [2026-04-01T01:11:03.267+0000] {dagbag.py:588} INFO - Filling up the DagBag from /opt/airflow/dags/db_and_model_update_dag.py
[2026-04-01T01:11:03.287+0000] {processor.py:925} INFO - DAG(s) 'db_and_model_update' retrieved from /opt/airflow/dags/db_and_model_update_dag.py
[2026-04-01T01:11:03.320+0000] {logging_mixin.py:190} INFO - [2026-04-01T01:11:03.320+0000] {dag.py:3239} INFO - Sync 1 DAGs
[2026-04-01T01:11:03.358+0000] {processor.py:208} INFO - Processing /opt/airflow/dags/db_and_model_update_dag.py took 0.101 seconds
[2026-04-01T01:11:33.646+0000] {processor.py:186} INFO - Started process (PID=5454) to work on /opt/airflow/dags/db_and_model_update_dag.py
[2026-04-01T01:11:33.648+0000] {processor.py:914} INFO - Processing file /opt/airflow/dags/db_and_model_update_dag.py for tasks to queue
[2026-04-01T01:11:33.650+0000] {logging_mixin.py:190} INFO - [2026-04-01T01:11:33.650+0000] {dagbag.py:588} INFO - Filling up the DagBag from /opt/airflow/dags/db_and_model_update_dag.py
[2026-04-01T01:11:33.669+0000] {processor.py:925} INFO - DAG(s) 'db_and_model_update' retrieved from /opt/airflow/dags/db_and_model_update_dag.py
[2026-04-01T01:11:33.702+0000] {logging_mixin.py:190} INFO - [2026-04-01T01:11:33.702+0000] {dag.py:3239} INFO - Sync 1 DAGs
[2026-04-01T01:11:33.747+0000] {processor.py:208} INFO - Processing /opt/airflow/dags/db_and_model_update_dag.py took 0.111 seconds
[2026-04-01T01:12:03.933+0000] {processor.py:186} INFO - Started process (PID=5464) to work on /opt/airflow/dags/db_and_model_update_dag.py
[2026-04-01T01:12:03.934+0000] {processor.py:914} INFO - Processing file /opt/airflow/dags/db_and_model_update_dag.py for tasks to queue
[2026-04-01T01:12:03.936+0000] {logging_mixin.py:190} INFO - [2026-04-01T01:12:03.936+0000] {dagbag.py:588} INFO - Filling up the DagBag from /opt/airflow/dags/db_and_model_update_dag.py
[2026-04-01T01:12:03.956+0000] {processor.py:925} INFO - DAG(s) 'db_and_model_update' retrieved from /opt/airflow/dags/db_and_model_update_dag.py
[2026-04-01T01:12:03.989+0000] {logging_mixin.py:190} INFO - [2026-04-01T01:12:03.989+0000] {dag.py:3239} INFO - Sync 1 DAGs
[2026-04-01T01:12:04.035+0000] {processor.py:208} INFO - Processing /opt/airflow/dags/db_and_model_update_dag.py took 0.112 seconds
[2026-04-01T01:12:34.343+0000] {processor.py:186} INFO - Started process (PID=5474) to work on /opt/airflow/dags/db_and_model_update_dag.py
[2026-04-01T01:12:34.346+0000] {processor.py:914} INFO - Processing file /opt/airflow/dags/db_and_model_update_dag.py for tasks to queue
[2026-04-01T01:12:34.353+0000] {logging_mixin.py:190} INFO - [2026-04-01T01:12:34.352+0000] {dagbag.py:588} INFO - Filling up the DagBag from /opt/airflow/dags/db_and_model_update_dag.py
[2026-04-01T01:12:34.391+0000] {processor.py:925} INFO - DAG(s) 'db_and_model_update' retrieved from /opt/airflow/dags/db_and_model_update_dag.py
[2026-04-01T01:12:34.429+0000] {logging_mixin.py:190} INFO - [2026-04-01T01:12:34.428+0000] {dag.py:3239} INFO - Sync 1 DAGs
[2026-04-01T01:12:33.980+0000] {processor.py:208} INFO - Processing /opt/airflow/dags/db_and_model_update_dag.py took 0.149 seconds
[2026-04-01T01:13:04.124+0000] {processor.py:186} INFO - Started process (PID=5484) to work on /opt/airflow/dags/db_and_model_update_dag.py
[2026-04-01T01:13:04.128+0000] {processor.py:914} INFO - Processing file /opt/airflow/dags/db_and_model_update_dag.py for tasks to queue
[2026-04-01T01:13:04.133+0000] {logging_mixin.py:190} INFO - [2026-04-01T01:13:04.132+0000] {dagbag.py:588} INFO - Filling up the DagBag from /opt/airflow/dags/db_and_model_update_dag.py
[2026-04-01T01:13:04.180+0000] {processor.py:925} INFO - DAG(s) 'db_and_model_update' retrieved from /opt/airflow/dags/db_and_model_update_dag.py
[2026-04-01T01:13:04.218+0000] {logging_mixin.py:190} INFO - [2026-04-01T01:13:04.218+0000] {dag.py:3239} INFO - Sync 1 DAGs
[2026-04-01T01:13:04.265+0000] {processor.py:208} INFO - Processing /opt/airflow/dags/db_and_model_update_dag.py took 0.153 seconds
[2026-04-01T01:13:34.547+0000] {processor.py:186} INFO - Started process (PID=5494) to work on /opt/airflow/dags/db_and_model_update_dag.py
[2026-04-01T01:13:34.549+0000] {processor.py:914} INFO - Processing file /opt/airflow/dags/db_and_model_update_dag.py for tasks to queue
[2026-04-01T01:13:34.552+0000] {logging_mixin.py:190} INFO - [2026-04-01T01:13:34.552+0000] {dagbag.py:588} INFO - Filling up the DagBag from /opt/airflow/dags/db_and_model_update_dag.py
[2026-04-01T01:13:34.576+0000] {processor.py:925} INFO - DAG(s) 'db_and_model_update' retrieved from /opt/airflow/dags/db_and_model_update_dag.py
[2026-04-01T01:13:34.608+0000] {logging_mixin.py:190} INFO - [2026-04-01T01:13:34.608+0000] {dag.py:3239} INFO - Sync 1 DAGs
[2026-04-01T01:13:34.655+0000] {processor.py:208} INFO - Processing /opt/airflow/dags/db_and_model_update_dag.py took 0.117 seconds
[2026-04-01T01:14:04.843+0000] {processor.py:186} INFO - Started process (PID=5504) to work on /opt/airflow/dags/db_and_model_update_dag.py
[2026-04-01T01:14:04.845+0000] {processor.py:914} INFO - Processing file /opt/airflow/dags/db_and_model_update_dag.py for tasks to queue
[2026-04-01T01:14:04.847+0000] {logging_mixin.py:190} INFO - [2026-04-01T01:14:04.847+0000] {dagbag.py:588} INFO - Filling up the DagBag from /opt/airflow/dags/db_and_model_update_dag.py
[2026-04-01T01:14:04.867+0000] {processor.py:925} INFO - DAG(s) 'db_and_model_update' retrieved from /opt/airflow/dags/db_and_model_update_dag.py
[2026-04-01T01:14:04.902+0000] {logging_mixin.py:190} INFO - [2026-04-01T01:14:04.902+0000] {dag.py:3239} INFO - Sync 1 DAGs
[2026-04-01T01:14:04.949+0000] {processor.py:208} INFO - Processing /opt/airflow/dags/db_and_model_update_dag.py took 0.113 seconds
[2026-04-01T01:14:35.231+0000] {processor.py:186} INFO - Started process (PID=5514) to work on /opt/airflow/dags/db_and_model_update_dag.py
[2026-04-01T01:14:35.233+0000] {processor.py:914} INFO - Processing file /opt/airflow/dags/db_and_model_update_dag.py for tasks to queue
[2026-04-01T01:14:35.236+0000] {logging_mixin.py:190} INFO - [2026-04-01T01:14:35.236+0000] {dagbag.py:588} INFO - Filling up the DagBag from /opt/airflow/dags/db_and_model_update_dag.py
[2026-04-01T01:14:35.262+0000] {processor.py:925} INFO - DAG(s) 'db_and_model_update' retrieved from /opt/airflow/dags/db_and_model_update_dag.py
[2026-04-01T01:14:35.300+0000] {logging_mixin.py:190} INFO - [2026-04-01T01:14:35.300+0000] {dag.py:3239} INFO - Sync 1 DAGs
[2026-04-01T01:14:35.358+0000] {processor.py:208} INFO - Processing /opt/airflow/dags/db_and_model_update_dag.py took 0.138 seconds
[2026-04-01T01:15:05.719+0000] {processor.py:186} INFO - Started process (PID=5524) to work on /opt/airflow/dags/db_and_model_update_dag.py
[2026-04-01T01:15:05.720+0000] {processor.py:914} INFO - Processing file /opt/airflow/dags/db_and_model_update_dag.py for tasks to queue
[2026-04-01T01:15:05.723+0000] {logging_mixin.py:190} INFO - [2026-04-01T01:15:05.723+0000] {dagbag.py:588} INFO - Filling up the DagBag from /opt/airflow/dags/db_and_model_update_dag.py
[2026-04-01T01:15:05.745+0000] {processor.py:925} INFO - DAG(s) 'db_and_model_update' retrieved from /opt/airflow/dags/db_and_model_update_dag.py
[2026-04-01T01:15:05.778+0000] {logging_mixin.py:190} INFO - [2026-04-01T01:15:05.778+0000] {dag.py:3239} INFO - Sync 1 DAGs
[2026-04-01T01:15:05.836+0000] {processor.py:208} INFO - Processing /opt/airflow/dags/db_and_model_update_dag.py took 0.125 seconds
[2026-04-01T01:15:36.154+0000] {processor.py:186} INFO - Started process (PID=5534) to work on /opt/airflow/dags/db_and_model_update_dag.py
[2026-04-01T01:15:36.156+0000] {processor.py:914} INFO - Processing file /opt/airflow/dags/db_and_model_update_dag.py for tasks to queue
[2026-04-01T01:15:36.158+0000] {logging_mixin.py:190} INFO - [2026-04-01T01:15:36.158+0000] {dagbag.py:588} INFO - Filling up the DagBag from /opt/airflow/dags/db_and_model_update_dag.py
[2026-04-01T01:15:36.183+0000] {processor.py:925} INFO - DAG(s) 'db_and_model_update' retrieved from /opt/airflow/dags/db_and_model_update_dag.py
[2026-04-01T01:15:36.216+0000] {logging_mixin.py:190} INFO - [2026-04-01T01:15:36.216+0000] {dag.py:3239} INFO - Sync 1 DAGs
[2026-04-01T01:15:36.257+0000] {processor.py:208} INFO - Processing /opt/airflow/dags/db_and_model_update_dag.py took 0.110 seconds
[2026-04-01T01:16:06.562+0000] {processor.py:186} INFO - Started process (PID=5544) to work on /opt/airflow/dags/db_and_model_update_dag.py
[2026-04-01T01:16:06.563+0000] {processor.py:914} INFO - Processing file /opt/airflow/dags/db_and_model_update_dag.py for tasks to queue
[2026-04-01T01:16:06.566+0000] {logging_mixin.py:190} INFO - [2026-04-01T01:16:06.565+0000] {dagbag.py:588} INFO - Filling up the DagBag from /opt/airflow/dags/db_and_model_update_dag.py
[2026-04-01T01:16:06.587+0000] {processor.py:925} INFO - DAG(s) 'db_and_model_update' retrieved from /opt/airflow/dags/db_and_model_update_dag.py
[2026-04-01T01:16:06.620+0000] {logging_mixin.py:190} INFO - [2026-04-01T01:16:06.619+0000] {dag.py:3239} INFO - Sync 1 DAGs
[2026-04-01T01:16:06.673+0000] {processor.py:208} INFO - Processing /opt/airflow/dags/db_and_model_update_dag.py took 0.120 seconds
[2026-04-01T01:16:36.818+0000] {processor.py:186} INFO - Started process (PID=5554) to work on /opt/airflow/dags/db_and_model_update_dag.py
[2026-04-01T01:16:36.819+0000] {processor.py:914} INFO - Processing file /opt/airflow/dags/db_and_model_update_dag.py for tasks to queue
[2026-04-01T01:16:36.822+0000] {logging_mixin.py:190} INFO - [2026-04-01T01:16:36.821+0000] {dagbag.py:588} INFO - Filling up the DagBag from /opt/airflow/dags/db_and_model_update_dag.py
[2026-04-01T01:16:36.846+0000] {processor.py:925} INFO - DAG(s) 'db_and_model_update' retrieved from /opt/airflow/dags/db_and_model_update_dag.py
[2026-04-01T01:16:36.883+0000] {logging_mixin.py:190} INFO - [2026-04-01T01:16:36.883+0000] {dag.py:3239} INFO - Sync 1 DAGs
[2026-04-01T01:16:36.927+0000] {processor.py:208} INFO - Processing /opt/airflow/dags/db_and_model_update_dag.py took 0.116 seconds
[2026-04-01T01:17:07.221+0000] {processor.py:186} INFO - Started process (PID=5564) to work on /opt/airflow/dags/db_and_model_update_dag.py
[2026-04-01T01:17:07.223+0000] {processor.py:914} INFO - Processing file /opt/airflow/dags/db_and_model_update_dag.py for tasks to queue
[2026-04-01T01:17:07.226+0000] {logging_mixin.py:190} INFO - [2026-04-01T01:17:07.226+0000] {dagbag.py:588} INFO - Filling up the DagBag from /opt/airflow/dags/db_and_model_update_dag.py
[2026-04-01T01:17:07.250+0000] {processor.py:925} INFO - DAG(s) 'db_and_model_update' retrieved from /opt/airflow/dags/db_and_model_update_dag.py
[2026-04-01T01:17:07.298+0000] {logging_mixin.py:190} INFO - [2026-04-01T01:17:07.298+0000] {dag.py:3239} INFO - Sync 1 DAGs
[2026-04-01T01:17:07.364+0000] {processor.py:208} INFO - Processing /opt/airflow/dags/db_and_model_update_dag.py took 0.151 seconds
[2026-04-01T01:17:37.643+0000] {processor.py:186} INFO - Started process (PID=5574) to work on /opt/airflow/dags/db_and_model_update_dag.py
[2026-04-01T01:17:37.645+0000] {processor.py:914} INFO - Processing file /opt/airflow/dags/db_and_model_update_dag.py for tasks to queue
[2026-04-01T01:17:37.647+0000] {logging_mixin.py:190} INFO - [2026-04-01T01:17:37.647+0000] {dagbag.py:588} INFO - Filling up the DagBag from /opt/airflow/dags/db_and_model_update_dag.py
[2026-04-01T01:17:37.674+0000] {processor.py:925} INFO - DAG(s) 'db_and_model_update' retrieved from /opt/airflow/dags/db_and_model_update_dag.py
[2026-04-01T01:17:37.708+0000] {logging_mixin.py:190} INFO - [2026-04-01T01:17:37.708+0000] {dag.py:3239} INFO - Sync 1 DAGs
[2026-04-01T01:17:37.751+0000] {processor.py:208} INFO - Processing /opt/airflow/dags/db_and_model_update_dag.py took 0.121 seconds
[2026-04-01T01:18:08.163+0000] {processor.py:186} INFO - Started process (PID=5584) to work on /opt/airflow/dags/db_and_model_update_dag.py
[2026-04-01T01:18:08.164+0000] {processor.py:914} INFO - Processing file /opt/airflow/dags/db_and_model_update_dag.py for tasks to queue
[2026-04-01T01:18:08.167+0000] {logging_mixin.py:190} INFO - [2026-04-01T01:18:08.166+0000] {dagbag.py:588} INFO - Filling up the DagBag from /opt/airflow/dags/db_and_model_update_dag.py
[2026-04-01T01:18:08.189+0000] {processor.py:925} INFO - DAG(s) 'db_and_model_update' retrieved from /opt/airflow/dags/db_and_model_update_dag.py
[2026-04-01T01:18:08.227+0000] {logging_mixin.py:190} INFO - [2026-04-01T01:18:08.227+0000] {dag.py:3239} INFO - Sync 1 DAGs
[2026-04-01T01:18:08.271+0000] {processor.py:208} INFO - Processing /opt/airflow/dags/db_and_model_update_dag.py took 0.117 seconds
[2026-04-01T01:18:38.457+0000] {processor.py:186} INFO - Started process (PID=5594) to work on /opt/airflow/dags/db_and_model_update_dag.py
[2026-04-01T01:18:38.459+0000] {processor.py:914} INFO - Processing file /opt/airflow/dags/db_and_model_update_dag.py for tasks to queue
[2026-04-01T01:18:38.463+0000] {logging_mixin.py:190} INFO - [2026-04-01T01:18:38.462+0000] {dagbag.py:588} INFO - Filling up the DagBag from /opt/airflow/dags/db_and_model_update_dag.py
[2026-04-01T01:18:38.482+0000] {processor.py:925} INFO - DAG(s) 'db_and_model_update' retrieved from /opt/airflow/dags/db_and_model_update_dag.py
[2026-04-01T01:18:38.524+0000] {logging_mixin.py:190} INFO - [2026-04-01T01:18:38.524+0000] {dag.py:3239} INFO - Sync 1 DAGs
[2026-04-01T01:18:38.572+0000] {processor.py:208} INFO - Processing /opt/airflow/dags/db_and_model_update_dag.py took 0.123 seconds
[2026-04-01T01:19:08.887+0000] {processor.py:186} INFO - Started process (PID=5604) to work on /opt/airflow/dags/db_and_model_update_dag.py
[2026-04-01T01:19:08.888+0000] {processor.py:914} INFO - Processing file /opt/airflow/dags/db_and_model_update_dag.py for tasks to queue
[2026-04-01T01:19:08.891+0000] {logging_mixin.py:190} INFO - [2026-04-01T01:19:08.891+0000] {dagbag.py:588} INFO - Filling up the DagBag from /opt/airflow/dags/db_and_model_update_dag.py
[2026-04-01T01:19:08.911+0000] {processor.py:925} INFO - DAG(s) 'db_and_model_update' retrieved from /opt/airflow/dags/db_and_model_update_dag.py
[2026-04-01T01:19:08.944+0000] {logging_mixin.py:190} INFO - [2026-04-01T01:19:08.944+0000] {dag.py:3239} INFO - Sync 1 DAGs
[2026-04-01T01:19:08.988+0000] {processor.py:208} INFO - Processing /opt/airflow/dags/db_and_model_update_dag.py took 0.108 seconds
[2026-04-01T01:19:39.308+0000] {processor.py:186} INFO - Started process (PID=5614) to work on /opt/airflow/dags/db_and_model_update_dag.py
[2026-04-01T01:19:39.310+0000] {processor.py:914} INFO - Processing file /opt/airflow/dags/db_and_model_update_dag.py for tasks to queue
[2026-04-01T01:19:39.312+0000] {logging_mixin.py:190} INFO - [2026-04-01T01:19:39.312+0000] {dagbag.py:588} INFO - Filling up the DagBag from /opt/airflow/dags/db_and_model_update_dag.py
[2026-04-01T01:19:39.345+0000] {processor.py:925} INFO - DAG(s) 'db_and_model_update' retrieved from /opt/airflow/dags/db_and_model_update_dag.py
[2026-04-01T01:19:39.395+0000] {logging_mixin.py:190} INFO - [2026-04-01T01:19:39.395+0000] {dag.py:3239} INFO - Sync 1 DAGs
[2026-04-01T01:19:39.463+0000] {processor.py:208} INFO - Processing /opt/airflow/dags/db_and_model_update_dag.py took 0.167 seconds
[2026-04-01T01:20:09.604+0000] {processor.py:186} INFO - Started process (PID=5624) to work on /opt/airflow/dags/db_and_model_update_dag.py
[2026-04-01T01:20:09.605+0000] {processor.py:914} INFO - Processing file /opt/airflow/dags/db_and_model_update_dag.py for tasks to queue
[2026-04-01T01:20:09.607+0000] {logging_mixin.py:190} INFO - [2026-04-01T01:20:09.607+0000] {dagbag.py:588} INFO - Filling up the DagBag from /opt/airflow/dags/db_and_model_update_dag.py
[2026-04-01T01:20:09.626+0000] {processor.py:925} INFO - DAG(s) 'db_and_model_update' retrieved from /opt/airflow/dags/db_and_model_update_dag.py
[2026-04-01T01:20:09.660+0000] {logging_mixin.py:190} INFO - [2026-04-01T01:20:09.660+0000] {dag.py:3239} INFO - Sync 1 DAGs
[2026-04-01T01:20:09.703+0000] {processor.py:208} INFO - Processing /opt/airflow/dags/db_and_model_update_dag.py took 0.106 seconds
[2026-04-01T01:20:39.990+0000] {processor.py:186} INFO - Started process (PID=5634) to work on /opt/airflow/dags/db_and_model_update_dag.py
[2026-04-01T01:20:39.991+0000] {processor.py:914} INFO - Processing file /opt/airflow/dags/db_and_model_update_dag.py for tasks to queue
[2026-04-01T01:20:39.994+0000] {logging_mixin.py:190} INFO - [2026-04-01T01:20:39.993+0000] {dagbag.py:588} INFO - Filling up the DagBag from /opt/airflow/dags/db_and_model_update_dag.py
[2026-04-01T01:20:40.013+0000] {processor.py:925} INFO - DAG(s) 'db_and_model_update' retrieved from /opt/airflow/dags/db_and_model_update_dag.py
[2026-04-01T01:20:40.043+0000] {logging_mixin.py:190} INFO - [2026-04-01T01:20:40.043+0000] {dag.py:3239} INFO - Sync 1 DAGs
[2026-04-01T01:20:40.089+0000] {processor.py:208} INFO - Processing /opt/airflow/dags/db_and_model_update_dag.py took 0.106 seconds
[2026-04-01T01:21:10.925+0000] {processor.py:186} INFO - Started process (PID=5644) to work on /opt/airflow/dags/db_and_model_update_dag.py
[2026-04-01T01:21:10.933+0000] {processor.py:914} INFO - Processing file /opt/airflow/dags/db_and_model_update_dag.py for tasks to queue
[2026-04-01T01:21:10.942+0000] {logging_mixin.py:190} INFO - [2026-04-01T01:21:10.941+0000] {dagbag.py:588} INFO - Filling up the DagBag from /opt/airflow/dags/db_and_model_update_dag.py
[2026-04-01T01:21:10.971+0000] {processor.py:925} INFO - DAG(s) 'db_and_model_update' retrieved from /opt/airflow/dags/db_and_model_update_dag.py
[2026-04-01T01:21:11.027+0000] {logging_mixin.py:190} INFO - [2026-04-01T01:21:11.026+0000] {dag.py:3239} INFO - Sync 1 DAGs
[2026-04-01T01:21:11.086+0000] {processor.py:208} INFO - Processing /opt/airflow/dags/db_and_model_update_dag.py took 0.174 seconds
[2026-04-01T01:21:41.343+0000] {processor.py:186} INFO - Started process (PID=5654) to work on /opt/airflow/dags/db_and_model_update_dag.py
[2026-04-01T01:21:41.345+0000] {processor.py:914} INFO - Processing file /opt/airflow/dags/db_and_model_update_dag.py for tasks to queue
[2026-04-01T01:21:41.347+0000] {logging_mixin.py:190} INFO - [2026-04-01T01:21:41.347+0000] {dagbag.py:588} INFO - Filling up the DagBag from /opt/airflow/dags/db_and_model_update_dag.py
[2026-04-01T01:21:41.377+0000] {processor.py:925} INFO - DAG(s) 'db_and_model_update' retrieved from /opt/airflow/dags/db_and_model_update_dag.py
[2026-04-01T01:21:41.408+0000] {logging_mixin.py:190} INFO - [2026-04-01T01:21:41.408+0000] {dag.py:3239} INFO - Sync 1 DAGs
[2026-04-01T01:21:41.451+0000] {processor.py:208} INFO - Processing /opt/airflow/dags/db_and_model_update_dag.py took 0.117 seconds
[2026-04-01T01:22:11.711+0000] {processor.py:186} INFO - Started process (PID=5664) to work on /opt/airflow/dags/db_and_model_update_dag.py
[2026-04-01T01:22:11.712+0000] {processor.py:914} INFO - Processing file /opt/airflow/dags/db_and_model_update_dag.py for tasks to queue
[2026-04-01T01:22:11.716+0000] {logging_mixin.py:190} INFO - [2026-04-01T01:22:11.715+0000] {dagbag.py:588} INFO - Filling up the DagBag from /opt/airflow/dags/db_and_model_update_dag.py
[2026-04-01T01:22:11.740+0000] {processor.py:925} INFO - DAG(s) 'db_and_model_update' retrieved from /opt/airflow/dags/db_and_model_update_dag.py
[2026-04-01T01:22:11.783+0000] {logging_mixin.py:190} INFO - [2026-04-01T01:22:11.782+0000] {dag.py:3239} INFO - Sync 1 DAGs
[2026-04-01T01:22:11.837+0000] {processor.py:208} INFO - Processing /opt/airflow/dags/db_and_model_update_dag.py took 0.134 seconds
[2026-04-01T01:22:42.599+0000] {processor.py:186} INFO - Started process (PID=5674) to work on /opt/airflow/dags/db_and_model_update_dag.py
[2026-04-01T01:22:42.600+0000] {processor.py:914} INFO - Processing file /opt/airflow/dags/db_and_model_update_dag.py for tasks to queue
[2026-04-01T01:22:42.604+0000] {logging_mixin.py:190} INFO - [2026-04-01T01:22:42.604+0000] {dagbag.py:588} INFO - Filling up the DagBag from /opt/airflow/dags/db_and_model_update_dag.py
[2026-04-01T01:22:42.625+0000] {processor.py:925} INFO - DAG(s) 'db_and_model_update' retrieved from /opt/airflow/dags/db_and_model_update_dag.py
[2026-04-01T01:22:42.659+0000] {logging_mixin.py:190} INFO - [2026-04-01T01:22:42.658+0000] {dag.py:3239} INFO - Sync 1 DAGs
[2026-04-01T01:22:42.705+0000] {processor.py:208} INFO - Processing /opt/airflow/dags/db_and_model_update_dag.py took 0.115 seconds
[2026-04-01T01:23:13.172+0000] {processor.py:186} INFO - Started process (PID=5684) to work on /opt/airflow/dags/db_and_model_update_dag.py
[2026-04-01T01:23:13.173+0000] {processor.py:914} INFO - Processing file /opt/airflow/dags/db_and_model_update_dag.py for tasks to queue
[2026-04-01T01:23:13.175+0000] {logging_mixin.py:190} INFO - [2026-04-01T01:23:13.175+0000] {dagbag.py:588} INFO - Filling up the DagBag from /opt/airflow/dags/db_and_model_update_dag.py
[2026-04-01T01:23:13.195+0000] {processor.py:925} INFO - DAG(s) 'db_and_model_update' retrieved from /opt/airflow/dags/db_and_model_update_dag.py
[2026-04-01T01:23:13.225+0000] {logging_mixin.py:190} INFO - [2026-04-01T01:23:13.225+0000] {dag.py:3239} INFO - Sync 1 DAGs
[2026-04-01T01:23:13.266+0000] {processor.py:208} INFO - Processing /opt/airflow/dags/db_and_model_update_dag.py took 0.101 seconds
[2026-04-01T01:23:43.804+0000] {processor.py:186} INFO - Started process (PID=5694) to work on /opt/airflow/dags/db_and_model_update_dag.py
[2026-04-01T01:23:43.805+0000] {processor.py:914} INFO - Processing file /opt/airflow/dags/db_and_model_update_dag.py for tasks to queue
[2026-04-01T01:23:43.808+0000] {logging_mixin.py:190} INFO - [2026-04-01T01:23:43.808+0000] {dagbag.py:588} INFO - Filling up the DagBag from /opt/airflow/dags/db_and_model_update_dag.py
[2026-04-01T01:23:43.828+0000] {processor.py:925} INFO - DAG(s) 'db_and_model_update' retrieved from /opt/airflow/dags/db_and_model_update_dag.py
[2026-04-01T01:23:43.859+0000] {logging_mixin.py:190} INFO - [2026-04-01T01:23:43.859+0000] {dag.py:3239} INFO - Sync 1 DAGs
[2026-04-01T01:23:43.903+0000] {processor.py:208} INFO - Processing /opt/airflow/dags/db_and_model_update_dag.py took 0.106 seconds
[2026-04-01T01:24:14.381+0000] {processor.py:186} INFO - Started process (PID=5704) to work on /opt/airflow/dags/db_and_model_update_dag.py
[2026-04-01T01:24:14.385+0000] {processor.py:914} INFO - Processing file /opt/airflow/dags/db_and_model_update_dag.py for tasks to queue
[2026-04-01T01:24:14.389+0000] {logging_mixin.py:190} INFO - [2026-04-01T01:24:14.388+0000] {dagbag.py:588} INFO - Filling up the DagBag from /opt/airflow/dags/db_and_model_update_dag.py
[2026-04-01T01:24:14.416+0000] {processor.py:925} INFO - DAG(s) 'db_and_model_update' retrieved from /opt/airflow/dags/db_and_model_update_dag.py
[2026-04-01T01:24:14.453+0000] {logging_mixin.py:190} INFO - [2026-04-01T01:24:14.453+0000] {dag.py:3239} INFO - Sync 1 DAGs
[2026-04-01T01:24:14.520+0000] {processor.py:208} INFO - Processing /opt/airflow/dags/db_and_model_update_dag.py took 0.146 seconds
[2026-04-01T01:24:44.594+0000] {processor.py:186} INFO - Started process (PID=5714) to work on /opt/airflow/dags/db_and_model_update_dag.py
[2026-04-01T01:24:44.595+0000] {processor.py:914} INFO - Processing file /opt/airflow/dags/db_and_model_update_dag.py for tasks to queue
[2026-04-01T01:24:44.598+0000] {logging_mixin.py:190} INFO - [2026-04-01T01:24:44.598+0000] {dagbag.py:588} INFO - Filling up the DagBag from /opt/airflow/dags/db_and_model_update_dag.py
[2026-04-01T01:24:44.622+0000] {processor.py:925} INFO - DAG(s) 'db_and_model_update' retrieved from /opt/airflow/dags/db_and_model_update_dag.py
[2026-04-01T01:24:44.657+0000] {logging_mixin.py:190} INFO - [2026-04-01T01:24:44.657+0000] {dag.py:3239} INFO - Sync 1 DAGs
[2026-04-01T01:24:44.704+0000] {processor.py:208} INFO - Processing /opt/airflow/dags/db_and_model_update_dag.py took 0.119 seconds
[2026-04-01T01:25:15.486+0000] {processor.py:186} INFO - Started process (PID=5724) to work on /opt/airflow/dags/db_and_model_update_dag.py
[2026-04-01T01:25:15.490+0000] {processor.py:914} INFO - Processing file /opt/airflow/dags/db_and_model_update_dag.py for tasks to queue
[2026-04-01T01:25:15.493+0000] {logging_mixin.py:190} INFO - [2026-04-01T01:25:15.492+0000] {dagbag.py:588} INFO - Filling up the DagBag from /opt/airflow/dags/db_and_model_update_dag.py
[2026-04-01T01:25:15.525+0000] {processor.py:925} INFO - DAG(s) 'db_and_model_update' retrieved from /opt/airflow/dags/db_and_model_update_dag.py
[2026-04-01T01:25:15.561+0000] {logging_mixin.py:190} INFO - [2026-04-01T01:25:15.561+0000] {dag.py:3239} INFO - Sync 1 DAGs
[2026-04-01T01:25:15.602+0000] {processor.py:208} INFO - Processing /opt/airflow/dags/db_and_model_update_dag.py took 0.125 seconds
[2026-04-01T01:25:46.475+0000] {processor.py:186} INFO - Started process (PID=5734) to work on /opt/airflow/dags/db_and_model_update_dag.py
[2026-04-01T01:25:46.477+0000] {processor.py:914} INFO - Processing file /opt/airflow/dags/db_and_model_update_dag.py for tasks to queue
[2026-04-01T01:25:46.479+0000] {logging_mixin.py:190} INFO - [2026-04-01T01:25:46.479+0000] {dagbag.py:588} INFO - Filling up the DagBag from /opt/airflow/dags/db_and_model_update_dag.py
[2026-04-01T01:25:46.499+0000] {processor.py:925} INFO - DAG(s) 'db_and_model_update' retrieved from /opt/airflow/dags/db_and_model_update_dag.py
[2026-04-01T01:25:46.530+0000] {logging_mixin.py:190} INFO - [2026-04-01T01:25:46.530+0000] {dag.py:3239} INFO - Sync 1 DAGs
[2026-04-01T01:25:46.573+0000] {processor.py:208} INFO - Processing /opt/airflow/dags/db_and_model_update_dag.py took 0.106 seconds
[2026-04-01T01:26:17.167+0000] {processor.py:186} INFO - Started process (PID=5744) to work on /opt/airflow/dags/db_and_model_update_dag.py
[2026-04-01T01:26:17.168+0000] {processor.py:914} INFO - Processing file /opt/airflow/dags/db_and_model_update_dag.py for tasks to queue
[2026-04-01T01:26:17.171+0000] {logging_mixin.py:190} INFO - [2026-04-01T01:26:17.170+0000] {dagbag.py:588} INFO - Filling up the DagBag from /opt/airflow/dags/db_and_model_update_dag.py
[2026-04-01T01:26:17.189+0000] {processor.py:925} INFO - DAG(s) 'db_and_model_update' retrieved from /opt/airflow/dags/db_and_model_update_dag.py
[2026-04-01T01:26:17.217+0000] {logging_mixin.py:190} INFO - [2026-04-01T01:26:17.217+0000] {dag.py:3239} INFO - Sync 1 DAGs
[2026-04-01T01:26:17.259+0000] {processor.py:208} INFO - Processing /opt/airflow/dags/db_and_model_update_dag.py took 0.098 seconds
[2026-04-01T01:26:47.501+0000] {processor.py:186} INFO - Started process (PID=5754) to work on /opt/airflow/dags/db_and_model_update_dag.py
[2026-04-01T01:26:47.502+0000] {processor.py:914} INFO - Processing file /opt/airflow/dags/db_and_model_update_dag.py for tasks to queue
[2026-04-01T01:26:47.505+0000] {logging_mixin.py:190} INFO - [2026-04-01T01:26:47.504+0000] {dagbag.py:588} INFO - Filling up the DagBag from /opt/airflow/dags/db_and_model_update_dag.py
[2026-04-01T01:26:47.525+0000] {processor.py:925} INFO - DAG(s) 'db_and_model_update' retrieved from /opt/airflow/dags/db_and_model_update_dag.py
[2026-04-01T01:26:47.556+0000] {logging_mixin.py:190} INFO - [2026-04-01T01:26:47.556+0000] {dag.py:3239} INFO - Sync 1 DAGs
[2026-04-01T01:26:47.603+0000] {processor.py:208} INFO - Processing /opt/airflow/dags/db_and_model_update_dag.py took 0.111 seconds
[2026-04-01T01:27:17.786+0000] {processor.py:186} INFO - Started process (PID=5764) to work on /opt/airflow/dags/db_and_model_update_dag.py
[2026-04-01T01:27:17.787+0000] {processor.py:914} INFO - Processing file /opt/airflow/dags/db_and_model_update_dag.py for tasks to queue
[2026-04-01T01:27:17.789+0000] {logging_mixin.py:190} INFO - [2026-04-01T01:27:17.788+0000] {dagbag.py:588} INFO - Filling up the DagBag from /opt/airflow/dags/db_and_model_update_dag.py
[2026-04-01T01:27:17.807+0000] {processor.py:925} INFO - DAG(s) 'db_and_model_update' retrieved from /opt/airflow/dags/db_and_model_update_dag.py
[2026-04-01T01:27:17.834+0000] {logging_mixin.py:190} INFO - [2026-04-01T01:27:17.834+0000] {dag.py:3239} INFO - Sync 1 DAGs
[2026-04-01T01:27:17.871+0000] {processor.py:208} INFO - Processing /opt/airflow/dags/db_and_model_update_dag.py took 0.093 seconds
[2026-04-01T01:27:48.254+0000] {processor.py:186} INFO - Started process (PID=5774) to work on /opt/airflow/dags/db_and_model_update_dag.py
[2026-04-01T01:27:48.255+0000] {processor.py:914} INFO - Processing file /opt/airflow/dags/db_and_model_update_dag.py for tasks to queue
[2026-04-01T01:27:48.257+0000] {logging_mixin.py:190} INFO - [2026-04-01T01:27:48.256+0000] {dagbag.py:588} INFO - Filling up the DagBag from /opt/airflow/dags/db_and_model_update_dag.py
[2026-04-01T01:27:48.282+0000] {processor.py:925} INFO - DAG(s) 'db_and_model_update' retrieved from /opt/airflow/dags/db_and_model_update_dag.py
[2026-04-01T01:27:48.315+0000] {logging_mixin.py:190} INFO - [2026-04-01T01:27:48.315+0000] {dag.py:3239} INFO - Sync 1 DAGs
[2026-04-01T01:27:48.362+0000] {processor.py:208} INFO - Processing /opt/airflow/dags/db_and_model_update_dag.py took 0.116 seconds
[2026-04-01T01:28:18.608+0000] {processor.py:186} INFO - Started process (PID=5784) to work on /opt/airflow/dags/db_and_model_update_dag.py
[2026-04-01T01:28:18.610+0000] {processor.py:914} INFO - Processing file /opt/airflow/dags/db_and_model_update_dag.py for tasks to queue
[2026-04-01T01:28:18.614+0000] {logging_mixin.py:190} INFO - [2026-04-01T01:28:18.614+0000] {dagbag.py:588} INFO - Filling up the DagBag from /opt/airflow/dags/db_and_model_update_dag.py
[2026-04-01T01:28:18.637+0000] {processor.py:925} INFO - DAG(s) 'db_and_model_update' retrieved from /opt/airflow/dags/db_and_model_update_dag.py
[2026-04-01T01:28:18.682+0000] {logging_mixin.py:190} INFO - [2026-04-01T01:28:18.682+0000] {dag.py:3239} INFO - Sync 1 DAGs
[2026-04-01T01:28:18.728+0000] {processor.py:208} INFO - Processing /opt/airflow/dags/db_and_model_update_dag.py took 0.127 seconds
[2026-04-01T01:28:48.898+0000] {processor.py:186} INFO - Started process (PID=5794) to work on /opt/airflow/dags/db_and_model_update_dag.py
[2026-04-01T01:28:48.899+0000] {processor.py:914} INFO - Processing file /opt/airflow/dags/db_and_model_update_dag.py for tasks to queue
[2026-04-01T01:28:48.902+0000] {logging_mixin.py:190} INFO - [2026-04-01T01:28:48.901+0000] {dagbag.py:588} INFO - Filling up the DagBag from /opt/airflow/dags/db_and_model_update_dag.py
[2026-04-01T01:28:48.922+0000] {processor.py:925} INFO - DAG(s) 'db_and_model_update' retrieved from /opt/airflow/dags/db_and_model_update_dag.py
[2026-04-01T01:28:48.953+0000] {logging_mixin.py:190} INFO - [2026-04-01T01:28:48.953+0000] {dag.py:3239} INFO - Sync 1 DAGs
[2026-04-01T01:28:48.993+0000] {processor.py:208} INFO - Processing /opt/airflow/dags/db_and_model_update_dag.py took 0.103 seconds
[2026-04-01T01:29:19.291+0000] {processor.py:186} INFO - Started process (PID=5804) to work on /opt/airflow/dags/db_and_model_update_dag.py
[2026-04-01T01:29:19.292+0000] {processor.py:914} INFO - Processing file /opt/airflow/dags/db_and_model_update_dag.py for tasks to queue
[2026-04-01T01:29:19.295+0000] {logging_mixin.py:190} INFO - [2026-04-01T01:29:19.294+0000] {dagbag.py:588} INFO - Filling up the DagBag from /opt/airflow/dags/db_and_model_update_dag.py
[2026-04-01T01:29:19.337+0000] {processor.py:925} INFO - DAG(s) 'db_and_model_update' retrieved from /opt/airflow/dags/db_and_model_update_dag.py
[2026-04-01T01:29:19.367+0000] {logging_mixin.py:190} INFO - [2026-04-01T01:29:19.367+0000] {dag.py:3239} INFO - Sync 1 DAGs
[2026-04-01T01:29:19.408+0000] {processor.py:208} INFO - Processing /opt/airflow/dags/db_and_model_update_dag.py took 0.127 seconds
[2026-04-01T01:29:49.704+0000] {processor.py:186} INFO - Started process (PID=5814) to work on /opt/airflow/dags/db_and_model_update_dag.py
[2026-04-01T01:29:49.706+0000] {processor.py:914} INFO - Processing file /opt/airflow/dags/db_and_model_update_dag.py for tasks to queue
[2026-04-01T01:29:49.709+0000] {logging_mixin.py:190} INFO - [2026-04-01T01:29:49.708+0000] {dagbag.py:588} INFO - Filling up the DagBag from /opt/airflow/dags/db_and_model_update_dag.py
[2026-04-01T01:29:49.728+0000] {processor.py:925} INFO - DAG(s) 'db_and_model_update' retrieved from /opt/airflow/dags/db_and_model_update_dag.py
[2026-04-01T01:29:49.758+0000] {logging_mixin.py:190} INFO - [2026-04-01T01:29:49.758+0000] {dag.py:3239} INFO - Sync 1 DAGs
[2026-04-01T01:29:49.799+0000] {processor.py:208} INFO - Processing /opt/airflow/dags/db_and_model_update_dag.py took 0.101 seconds
[2026-04-01T01:30:20.240+0000] {processor.py:186} INFO - Started process (PID=5824) to work on /opt/airflow/dags/db_and_model_update_dag.py
[2026-04-01T01:30:20.241+0000] {processor.py:914} INFO - Processing file /opt/airflow/dags/db_and_model_update_dag.py for tasks to queue
[2026-04-01T01:30:20.244+0000] {logging_mixin.py:190} INFO - [2026-04-01T01:30:20.244+0000] {dagbag.py:588} INFO - Filling up the DagBag from /opt/airflow/dags/db_and_model_update_dag.py
[2026-04-01T01:30:20.267+0000] {processor.py:925} INFO - DAG(s) 'db_and_model_update' retrieved from /opt/airflow/dags/db_and_model_update_dag.py
[2026-04-01T01:30:20.301+0000] {logging_mixin.py:190} INFO - [2026-04-01T01:30:20.300+0000] {dag.py:3239} INFO - Sync 1 DAGs
[2026-04-01T01:30:20.343+0000] {processor.py:208} INFO - Processing /opt/airflow/dags/db_and_model_update_dag.py took 0.110 seconds
[2026-04-01T01:30:50.565+0000] {processor.py:186} INFO - Started process (PID=5834) to work on /opt/airflow/dags/db_and_model_update_dag.py
[2026-04-01T01:30:50.567+0000] {processor.py:914} INFO - Processing file /opt/airflow/dags/db_and_model_update_dag.py for tasks to queue
[2026-04-01T01:30:50.569+0000] {logging_mixin.py:190} INFO - [2026-04-01T01:30:50.569+0000] {dagbag.py:588} INFO - Filling up the DagBag from /opt/airflow/dags/db_and_model_update_dag.py
[2026-04-01T01:30:50.592+0000] {processor.py:925} INFO - DAG(s) 'db_and_model_update' retrieved from /opt/airflow/dags/db_and_model_update_dag.py
[2026-04-01T01:30:50.623+0000] {logging_mixin.py:190} INFO - [2026-04-01T01:30:50.623+0000] {dag.py:3239} INFO - Sync 1 DAGs
[2026-04-01T01:30:50.669+0000] {processor.py:208} INFO - Processing /opt/airflow/dags/db_and_model_update_dag.py took 0.112 seconds
[2026-04-01T01:31:20.961+0000] {processor.py:186} INFO - Started process (PID=5844) to work on /opt/airflow/dags/db_and_model_update_dag.py
[2026-04-01T01:31:20.962+0000] {processor.py:914} INFO - Processing file /opt/airflow/dags/db_and_model_update_dag.py for tasks to queue
[2026-04-01T01:31:20.965+0000] {logging_mixin.py:190} INFO - [2026-04-01T01:31:20.965+0000] {dagbag.py:588} INFO - Filling up the DagBag from /opt/airflow/dags/db_and_model_update_dag.py
[2026-04-01T01:31:20.986+0000] {processor.py:925} INFO - DAG(s) 'db_and_model_update' retrieved from /opt/airflow/dags/db_and_model_update_dag.py
[2026-04-01T01:31:21.024+0000] {logging_mixin.py:190} INFO - [2026-04-01T01:31:21.024+0000] {dag.py:3239} INFO - Sync 1 DAGs
[2026-04-01T01:31:21.095+0000] {processor.py:208} INFO - Processing /opt/airflow/dags/db_and_model_update_dag.py took 0.143 seconds
[2026-04-01T01:31:51.572+0000] {processor.py:186} INFO - Started process (PID=5854) to work on /opt/airflow/dags/db_and_model_update_dag.py
[2026-04-01T01:31:51.573+0000] {processor.py:914} INFO - Processing file /opt/airflow/dags/db_and_model_update_dag.py for tasks to queue
[2026-04-01T01:31:51.576+0000] {logging_mixin.py:190} INFO - [2026-04-01T01:31:51.576+0000] {dagbag.py:588} INFO - Filling up the DagBag from /opt/airflow/dags/db_and_model_update_dag.py
[2026-04-01T01:31:51.599+0000] {processor.py:925} INFO - DAG(s) 'db_and_model_update' retrieved from /opt/airflow/dags/db_and_model_update_dag.py
[2026-04-01T01:31:51.627+0000] {logging_mixin.py:190} INFO - [2026-04-01T01:31:51.627+0000] {dag.py:3239} INFO - Sync 1 DAGs
[2026-04-01T01:31:51.665+0000] {processor.py:208} INFO - Processing /opt/airflow/dags/db_and_model_update_dag.py took 0.100 seconds
[2026-04-01T01:32:21.930+0000] {processor.py:186} INFO - Started process (PID=5864) to work on /opt/airflow/dags/db_and_model_update_dag.py
[2026-04-01T01:32:21.931+0000] {processor.py:914} INFO - Processing file /opt/airflow/dags/db_and_model_update_dag.py for tasks to queue
[2026-04-01T01:32:21.934+0000] {logging_mixin.py:190} INFO - [2026-04-01T01:32:21.934+0000] {dagbag.py:588} INFO - Filling up the DagBag from /opt/airflow/dags/db_and_model_update_dag.py
[2026-04-01T01:32:21.956+0000] {processor.py:925} INFO - DAG(s) 'db_and_model_update' retrieved from /opt/airflow/dags/db_and_model_update_dag.py
[2026-04-01T01:32:21.995+0000] {logging_mixin.py:190} INFO - [2026-04-01T01:32:21.995+0000] {dag.py:3239} INFO - Sync 1 DAGs
[2026-04-01T01:32:22.038+0000] {processor.py:208} INFO - Processing /opt/airflow/dags/db_and_model_update_dag.py took 0.117 seconds
[2026-04-01T01:32:52.244+0000] {processor.py:186} INFO - Started process (PID=5874) to work on /opt/airflow/dags/db_and_model_update_dag.py
[2026-04-01T01:32:52.245+0000] {processor.py:914} INFO - Processing file /opt/airflow/dags/db_and_model_update_dag.py for tasks to queue
[2026-04-01T01:32:52.248+0000] {logging_mixin.py:190} INFO - [2026-04-01T01:32:52.248+0000] {dagbag.py:588} INFO - Filling up the DagBag from /opt/airflow/dags/db_and_model_update_dag.py
[2026-04-01T01:32:52.279+0000] {processor.py:925} INFO - DAG(s) 'db_and_model_update' retrieved from /opt/airflow/dags/db_and_model_update_dag.py
[2026-04-01T01:32:52.324+0000] {logging_mixin.py:190} INFO - [2026-04-01T01:32:52.323+0000] {dag.py:3239} INFO - Sync 1 DAGs
[2026-04-01T01:32:52.388+0000] {processor.py:208} INFO - Processing /opt/airflow/dags/db_and_model_update_dag.py took 0.152 seconds
[2026-04-01T01:33:22.738+0000] {processor.py:186} INFO - Started process (PID=5884) to work on /opt/airflow/dags/db_and_model_update_dag.py
[2026-04-01T01:33:22.739+0000] {processor.py:914} INFO - Processing file /opt/airflow/dags/db_and_model_update_dag.py for tasks to queue
[2026-04-01T01:33:22.741+0000] {logging_mixin.py:190} INFO - [2026-04-01T01:33:22.741+0000] {dagbag.py:588} INFO - Filling up the DagBag from /opt/airflow/dags/db_and_model_update_dag.py
[2026-04-01T01:33:22.759+0000] {processor.py:925} INFO - DAG(s) 'db_and_model_update' retrieved from /opt/airflow/dags/db_and_model_update_dag.py
[2026-04-01T01:33:22.786+0000] {logging_mixin.py:190} INFO - [2026-04-01T01:33:22.786+0000] {dag.py:3239} INFO - Sync 1 DAGs
[2026-04-01T01:33:22.828+0000] {processor.py:208} INFO - Processing /opt/airflow/dags/db_and_model_update_dag.py took 0.097 seconds
[2026-04-01T01:33:53.094+0000] {processor.py:186} INFO - Started process (PID=5894) to work on /opt/airflow/dags/db_and_model_update_dag.py
[2026-04-01T01:33:53.095+0000] {processor.py:914} INFO - Processing file /opt/airflow/dags/db_and_model_update_dag.py for tasks to queue
[2026-04-01T01:33:53.098+0000] {logging_mixin.py:190} INFO - [2026-04-01T01:33:53.097+0000] {dagbag.py:588} INFO - Filling up the DagBag from /opt/airflow/dags/db_and_model_update_dag.py
[2026-04-01T01:33:53.118+0000] {processor.py:925} INFO - DAG(s) 'db_and_model_update' retrieved from /opt/airflow/dags/db_and_model_update_dag.py
[2026-04-01T01:33:53.150+0000] {logging_mixin.py:190} INFO - [2026-04-01T01:33:53.150+0000] {dag.py:3239} INFO - Sync 1 DAGs
[2026-04-01T01:33:53.193+0000] {processor.py:208} INFO - Processing /opt/airflow/dags/db_and_model_update_dag.py took 0.105 seconds
[2026-04-01T01:34:23.470+0000] {processor.py:186} INFO - Started process (PID=5904) to work on /opt/airflow/dags/db_and_model_update_dag.py
[2026-04-01T01:34:23.472+0000] {processor.py:914} INFO - Processing file /opt/airflow/dags/db_and_model_update_dag.py for tasks to queue
[2026-04-01T01:34:23.474+0000] {logging_mixin.py:190} INFO - [2026-04-01T01:34:23.473+0000] {dagbag.py:588} INFO - Filling up the DagBag from /opt/airflow/dags/db_and_model_update_dag.py
[2026-04-01T01:34:23.495+0000] {processor.py:925} INFO - DAG(s) 'db_and_model_update' retrieved from /opt/airflow/dags/db_and_model_update_dag.py
[2026-04-01T01:34:23.529+0000] {logging_mixin.py:190} INFO - [2026-04-01T01:34:23.529+0000] {dag.py:3239} INFO - Sync 1 DAGs
[2026-04-01T01:34:23.568+0000] {processor.py:208} INFO - Processing /opt/airflow/dags/db_and_model_update_dag.py took 0.107 seconds
[2026-04-01T01:34:54.302+0000] {processor.py:186} INFO - Started process (PID=5914) to work on /opt/airflow/dags/db_and_model_update_dag.py
[2026-04-01T01:34:54.303+0000] {processor.py:914} INFO - Processing file /opt/airflow/dags/db_and_model_update_dag.py for tasks to queue
[2026-04-01T01:34:54.305+0000] {logging_mixin.py:190} INFO - [2026-04-01T01:34:54.304+0000] {dagbag.py:588} INFO - Filling up the DagBag from /opt/airflow/dags/db_and_model_update_dag.py
[2026-04-01T01:34:54.324+0000] {processor.py:925} INFO - DAG(s) 'db_and_model_update' retrieved from /opt/airflow/dags/db_and_model_update_dag.py
[2026-04-01T01:34:54.356+0000] {logging_mixin.py:190} INFO - [2026-04-01T01:34:54.356+0000] {dag.py:3239} INFO - Sync 1 DAGs
[2026-04-01T01:34:54.396+0000] {processor.py:208} INFO - Processing /opt/airflow/dags/db_and_model_update_dag.py took 0.101 seconds
[2026-04-01T01:35:24.798+0000] {processor.py:186} INFO - Started process (PID=5924) to work on /opt/airflow/dags/db_and_model_update_dag.py
[2026-04-01T01:35:24.800+0000] {processor.py:914} INFO - Processing file /opt/airflow/dags/db_and_model_update_dag.py for tasks to queue
[2026-04-01T01:35:24.803+0000] {logging_mixin.py:190} INFO - [2026-04-01T01:35:24.803+0000] {dagbag.py:588} INFO - Filling up the DagBag from /opt/airflow/dags/db_and_model_update_dag.py
[2026-04-01T01:35:24.824+0000] {processor.py:925} INFO - DAG(s) 'db_and_model_update' retrieved from /opt/airflow/dags/db_and_model_update_dag.py
[2026-04-01T01:35:24.857+0000] {logging_mixin.py:190} INFO - [2026-04-01T01:35:24.857+0000] {dag.py:3239} INFO - Sync 1 DAGs
[2026-04-01T01:35:24.898+0000] {processor.py:208} INFO - Processing /opt/airflow/dags/db_and_model_update_dag.py took 0.110 seconds
[2026-04-01T01:35:55.856+0000] {processor.py:186} INFO - Started process (PID=5934) to work on /opt/airflow/dags/db_and_model_update_dag.py
[2026-04-01T01:35:55.857+0000] {processor.py:914} INFO - Processing file /opt/airflow/dags/db_and_model_update_dag.py for tasks to queue
[2026-04-01T01:35:55.859+0000] {logging_mixin.py:190} INFO - [2026-04-01T01:35:55.859+0000] {dagbag.py:588} INFO - Filling up the DagBag from /opt/airflow/dags/db_and_model_update_dag.py
[2026-04-01T01:35:55.885+0000] {processor.py:925} INFO - DAG(s) 'db_and_model_update' retrieved from /opt/airflow/dags/db_and_model_update_dag.py
[2026-04-01T01:35:55.917+0000] {logging_mixin.py:190} INFO - [2026-04-01T01:35:55.917+0000] {dag.py:3239} INFO - Sync 1 DAGs
[2026-04-01T01:35:55.961+0000] {processor.py:208} INFO - Processing /opt/airflow/dags/db_and_model_update_dag.py took 0.113 seconds
[2026-04-01T01:36:26.884+0000] {processor.py:186} INFO - Started process (PID=5944) to work on /opt/airflow/dags/db_and_model_update_dag.py
[2026-04-01T01:36:26.886+0000] {processor.py:914} INFO - Processing file /opt/airflow/dags/db_and_model_update_dag.py for tasks to queue
[2026-04-01T01:36:26.888+0000] {logging_mixin.py:190} INFO - [2026-04-01T01:36:26.888+0000] {dagbag.py:588} INFO - Filling up the DagBag from /opt/airflow/dags/db_and_model_update_dag.py
[2026-04-01T01:36:26.912+0000] {processor.py:925} INFO - DAG(s) 'db_and_model_update' retrieved from /opt/airflow/dags/db_and_model_update_dag.py
[2026-04-01T01:36:26.952+0000] {logging_mixin.py:190} INFO - [2026-04-01T01:36:26.951+0000] {dag.py:3239} INFO - Sync 1 DAGs
[2026-04-01T01:36:26.996+0000] {processor.py:208} INFO - Processing /opt/airflow/dags/db_and_model_update_dag.py took 0.119 seconds
[2026-04-01T01:36:58.034+0000] {processor.py:186} INFO - Started process (PID=5954) to work on /opt/airflow/dags/db_and_model_update_dag.py
[2026-04-01T01:36:58.035+0000] {processor.py:914} INFO - Processing file /opt/airflow/dags/db_and_model_update_dag.py for tasks to queue
[2026-04-01T01:36:58.038+0000] {logging_mixin.py:190} INFO - [2026-04-01T01:36:58.037+0000] {dagbag.py:588} INFO - Filling up the DagBag from /opt/airflow/dags/db_and_model_update_dag.py
[2026-04-01T01:36:58.060+0000] {processor.py:925} INFO - DAG(s) 'db_and_model_update' retrieved from /opt/airflow/dags/db_and_model_update_dag.py
[2026-04-01T01:36:58.091+0000] {logging_mixin.py:190} INFO - [2026-04-01T01:36:58.090+0000] {dag.py:3239} INFO - Sync 1 DAGs
[2026-04-01T01:36:58.143+0000] {processor.py:208} INFO - Processing /opt/airflow/dags/db_and_model_update_dag.py took 0.117 seconds
[2026-04-01T01:37:28.973+0000] {processor.py:186} INFO - Started process (PID=5964) to work on /opt/airflow/dags/db_and_model_update_dag.py
[2026-04-01T01:37:28.974+0000] {processor.py:914} INFO - Processing file /opt/airflow/dags/db_and_model_update_dag.py for tasks to queue
[2026-04-01T01:37:28.977+0000] {logging_mixin.py:190} INFO - [2026-04-01T01:37:28.976+0000] {dagbag.py:588} INFO - Filling up the DagBag from /opt/airflow/dags/db_and_model_update_dag.py
[2026-04-01T01:37:28.994+0000] {processor.py:925} INFO - DAG(s) 'db_and_model_update' retrieved from /opt/airflow/dags/db_and_model_update_dag.py
[2026-04-01T01:37:29.025+0000] {logging_mixin.py:190} INFO - [2026-04-01T01:37:29.025+0000] {dag.py:3239} INFO - Sync 1 DAGs
[2026-04-01T01:37:29.064+0000] {processor.py:208} INFO - Processing /opt/airflow/dags/db_and_model_update_dag.py took 0.097 seconds
[2026-04-01T01:37:59.139+0000] {processor.py:186} INFO - Started process (PID=5974) to work on /opt/airflow/dags/db_and_model_update_dag.py
[2026-04-01T01:37:59.140+0000] {processor.py:914} INFO - Processing file /opt/airflow/dags/db_and_model_update_dag.py for tasks to queue
[2026-04-01T01:37:59.143+0000] {logging_mixin.py:190} INFO - [2026-04-01T01:37:59.143+0000] {dagbag.py:588} INFO - Filling up the DagBag from /opt/airflow/dags/db_and_model_update_dag.py
[2026-04-01T01:37:59.176+0000] {processor.py:925} INFO - DAG(s) 'db_and_model_update' retrieved from /opt/airflow/dags/db_and_model_update_dag.py
[2026-04-01T01:37:59.211+0000] {logging_mixin.py:190} INFO - [2026-04-01T01:37:59.211+0000] {dag.py:3239} INFO - Sync 1 DAGs
[2026-04-01T01:37:59.262+0000] {processor.py:208} INFO - Processing /opt/airflow/dags/db_and_model_update_dag.py took 0.129 seconds
[2026-04-01T01:38:29.365+0000] {processor.py:186} INFO - Started process (PID=5984) to work on /opt/airflow/dags/db_and_model_update_dag.py
[2026-04-01T01:38:29.366+0000] {processor.py:914} INFO - Processing file /opt/airflow/dags/db_and_model_update_dag.py for tasks to queue
[2026-04-01T01:38:29.369+0000] {logging_mixin.py:190} INFO - [2026-04-01T01:38:29.368+0000] {dagbag.py:588} INFO - Filling up the DagBag from /opt/airflow/dags/db_and_model_update_dag.py
[2026-04-01T01:38:29.387+0000] {processor.py:925} INFO - DAG(s) 'db_and_model_update' retrieved from /opt/airflow/dags/db_and_model_update_dag.py
[2026-04-01T01:38:29.414+0000] {logging_mixin.py:190} INFO - [2026-04-01T01:38:29.414+0000] {dag.py:3239} INFO - Sync 1 DAGs
[2026-04-01T01:38:29.445+0000] {processor.py:208} INFO - Processing /opt/airflow/dags/db_and_model_update_dag.py took 0.086 seconds
[2026-04-01T01:38:59.534+0000] {processor.py:186} INFO - Started process (PID=5994) to work on /opt/airflow/dags/db_and_model_update_dag.py
[2026-04-01T01:38:59.535+0000] {processor.py:914} INFO - Processing file /opt/airflow/dags/db_and_model_update_dag.py for tasks to queue
[2026-04-01T01:38:59.538+0000] {logging_mixin.py:190} INFO - [2026-04-01T01:38:59.537+0000] {dagbag.py:588} INFO - Filling up the DagBag from /opt/airflow/dags/db_and_model_update_dag.py
[2026-04-01T01:38:59.556+0000] {processor.py:925} INFO - DAG(s) 'db_and_model_update' retrieved from /opt/airflow/dags/db_and_model_update_dag.py
[2026-04-01T01:38:59.584+0000] {logging_mixin.py:190} INFO - [2026-04-01T01:38:59.584+0000] {dag.py:3239} INFO - Sync 1 DAGs
[2026-04-01T01:38:59.638+0000] {processor.py:208} INFO - Processing /opt/airflow/dags/db_and_model_update_dag.py took 0.111 seconds
[2026-04-01T01:39:29.699+0000] {processor.py:186} INFO - Started process (PID=6004) to work on /opt/airflow/dags/db_and_model_update_dag.py
[2026-04-01T01:39:29.700+0000] {processor.py:914} INFO - Processing file /opt/airflow/dags/db_and_model_update_dag.py for tasks to queue
[2026-04-01T01:39:29.703+0000] {logging_mixin.py:190} INFO - [2026-04-01T01:39:29.702+0000] {dagbag.py:588} INFO - Filling up the DagBag from /opt/airflow/dags/db_and_model_update_dag.py
[2026-04-01T01:39:29.723+0000] {processor.py:925} INFO - DAG(s) 'db_and_model_update' retrieved from /opt/airflow/dags/db_and_model_update_dag.py
[2026-04-01T01:39:29.753+0000] {logging_mixin.py:190} INFO - [2026-04-01T01:39:29.753+0000] {dag.py:3239} INFO - Sync 1 DAGs
[2026-04-01T01:39:29.790+0000] {processor.py:208} INFO - Processing /opt/airflow/dags/db_and_model_update_dag.py took 0.099 seconds
[2026-04-01T01:39:59.880+0000] {processor.py:186} INFO - Started process (PID=6014) to work on /opt/airflow/dags/db_and_model_update_dag.py
[2026-04-01T01:39:59.881+0000] {processor.py:914} INFO - Processing file /opt/airflow/dags/db_and_model_update_dag.py for tasks to queue
[2026-04-01T01:39:59.884+0000] {logging_mixin.py:190} INFO - [2026-04-01T01:39:59.883+0000] {dagbag.py:588} INFO - Filling up the DagBag from /opt/airflow/dags/db_and_model_update_dag.py
[2026-04-01T01:39:59.901+0000] {processor.py:925} INFO - DAG(s) 'db_and_model_update' retrieved from /opt/airflow/dags/db_and_model_update_dag.py
[2026-04-01T01:39:59.929+0000] {logging_mixin.py:190} INFO - [2026-04-01T01:39:59.929+0000] {dag.py:3239} INFO - Sync 1 DAGs
[2026-04-01T01:39:59.970+0000] {processor.py:208} INFO - Processing /opt/airflow/dags/db_and_model_update_dag.py took 0.097 seconds
[2026-04-01T01:40:30.048+0000] {processor.py:186} INFO - Started process (PID=6024) to work on /opt/airflow/dags/db_and_model_update_dag.py
[2026-04-01T01:40:30.050+0000] {processor.py:914} INFO - Processing file /opt/airflow/dags/db_and_model_update_dag.py for tasks to queue
[2026-04-01T01:40:30.052+0000] {logging_mixin.py:190} INFO - [2026-04-01T01:40:30.051+0000] {dagbag.py:588} INFO - Filling up the DagBag from /opt/airflow/dags/db_and_model_update_dag.py
[2026-04-01T01:40:30.070+0000] {processor.py:925} INFO - DAG(s) 'db_and_model_update' retrieved from /opt/airflow/dags/db_and_model_update_dag.py
[2026-04-01T01:40:30.096+0000] {logging_mixin.py:190} INFO - [2026-04-01T01:40:30.096+0000] {dag.py:3239} INFO - Sync 1 DAGs
[2026-04-01T01:40:30.136+0000] {processor.py:208} INFO - Processing /opt/airflow/dags/db_and_model_update_dag.py took 0.094 seconds
[2026-04-01T01:41:00.192+0000] {processor.py:186} INFO - Started process (PID=6034) to work on /opt/airflow/dags/db_and_model_update_dag.py
[2026-04-01T01:41:00.194+0000] {processor.py:914} INFO - Processing file /opt/airflow/dags/db_and_model_update_dag.py for tasks to queue
[2026-04-01T01:41:00.196+0000] {logging_mixin.py:190} INFO - [2026-04-01T01:41:00.195+0000] {dagbag.py:588} INFO - Filling up the DagBag from /opt/airflow/dags/db_and_model_update_dag.py
[2026-04-01T01:41:00.216+0000] {processor.py:925} INFO - DAG(s) 'db_and_model_update' retrieved from /opt/airflow/dags/db_and_model_update_dag.py
[2026-04-01T01:41:00.244+0000] {logging_mixin.py:190} INFO - [2026-04-01T01:41:00.243+0000] {dag.py:3239} INFO - Sync 1 DAGs
[2026-04-01T01:41:00.290+0000] {processor.py:208} INFO - Processing /opt/airflow/dags/db_and_model_update_dag.py took 0.105 seconds
[2026-04-01T01:41:30.467+0000] {processor.py:186} INFO - Started process (PID=6044) to work on /opt/airflow/dags/db_and_model_update_dag.py
[2026-04-01T01:41:30.469+0000] {processor.py:914} INFO - Processing file /opt/airflow/dags/db_and_model_update_dag.py for tasks to queue
[2026-04-01T01:41:30.471+0000] {logging_mixin.py:190} INFO - [2026-04-01T01:41:30.471+0000] {dagbag.py:588} INFO - Filling up the DagBag from /opt/airflow/dags/db_and_model_update_dag.py
[2026-04-01T01:41:30.489+0000] {processor.py:925} INFO - DAG(s) 'db_and_model_update' retrieved from /opt/airflow/dags/db_and_model_update_dag.py
[2026-04-01T01:41:30.517+0000] {logging_mixin.py:190} INFO - [2026-04-01T01:41:30.516+0000] {dag.py:3239} INFO - Sync 1 DAGs
[2026-04-01T01:41:30.554+0000] {processor.py:208} INFO - Processing /opt/airflow/dags/db_and_model_update_dag.py took 0.093 seconds
[2026-04-01T01:42:00.706+0000] {processor.py:186} INFO - Started process (PID=6054) to work on /opt/airflow/dags/db_and_model_update_dag.py
[2026-04-01T01:42:00.707+0000] {processor.py:914} INFO - Processing file /opt/airflow/dags/db_and_model_update_dag.py for tasks to queue
[2026-04-01T01:42:00.710+0000] {logging_mixin.py:190} INFO - [2026-04-01T01:42:00.710+0000] {dagbag.py:588} INFO - Filling up the DagBag from /opt/airflow/dags/db_and_model_update_dag.py
[2026-04-01T01:42:00.728+0000] {processor.py:925} INFO - DAG(s) 'db_and_model_update' retrieved from /opt/airflow/dags/db_and_model_update_dag.py
[2026-04-01T01:42:00.760+0000] {logging_mixin.py:190} INFO - [2026-04-01T01:42:00.759+0000] {dag.py:3239} INFO - Sync 1 DAGs
[2026-04-01T01:42:00.805+0000] {processor.py:208} INFO - Processing /opt/airflow/dags/db_and_model_update_dag.py took 0.105 seconds
[2026-04-01T01:42:31.003+0000] {processor.py:186} INFO - Started process (PID=6064) to work on /opt/airflow/dags/db_and_model_update_dag.py
[2026-04-01T01:42:31.005+0000] {processor.py:914} INFO - Processing file /opt/airflow/dags/db_and_model_update_dag.py for tasks to queue
[2026-04-01T01:42:31.007+0000] {logging_mixin.py:190} INFO - [2026-04-01T01:42:31.007+0000] {dagbag.py:588} INFO - Filling up the DagBag from /opt/airflow/dags/db_and_model_update_dag.py
[2026-04-01T01:42:31.027+0000] {processor.py:925} INFO - DAG(s) 'db_and_model_update' retrieved from /opt/airflow/dags/db_and_model_update_dag.py
[2026-04-01T01:42:31.058+0000] {logging_mixin.py:190} INFO - [2026-04-01T01:42:31.057+0000] {dag.py:3239} INFO - Sync 1 DAGs
[2026-04-01T01:42:31.097+0000] {processor.py:208} INFO - Processing /opt/airflow/dags/db_and_model_update_dag.py took 0.101 seconds
[2026-04-01T01:43:01.240+0000] {processor.py:186} INFO - Started process (PID=6074) to work on /opt/airflow/dags/db_and_model_update_dag.py
[2026-04-01T01:43:01.241+0000] {processor.py:914} INFO - Processing file /opt/airflow/dags/db_and_model_update_dag.py for tasks to queue
[2026-04-01T01:43:01.243+0000] {logging_mixin.py:190} INFO - [2026-04-01T01:43:01.243+0000] {dagbag.py:588} INFO - Filling up the DagBag from /opt/airflow/dags/db_and_model_update_dag.py
[2026-04-01T01:43:01.259+0000] {processor.py:925} INFO - DAG(s) 'db_and_model_update' retrieved from /opt/airflow/dags/db_and_model_update_dag.py
[2026-04-01T01:43:01.289+0000] {logging_mixin.py:190} INFO - [2026-04-01T01:43:01.289+0000] {dag.py:3239} INFO - Sync 1 DAGs
[2026-04-01T01:43:01.330+0000] {processor.py:208} INFO - Processing /opt/airflow/dags/db_and_model_update_dag.py took 0.097 seconds
[2026-04-01T01:43:31.487+0000] {processor.py:186} INFO - Started process (PID=6084) to work on /opt/airflow/dags/db_and_model_update_dag.py
[2026-04-01T01:43:31.489+0000] {processor.py:914} INFO - Processing file /opt/airflow/dags/db_and_model_update_dag.py for tasks to queue
[2026-04-01T01:43:31.497+0000] {logging_mixin.py:190} INFO - [2026-04-01T01:43:31.495+0000] {dagbag.py:588} INFO - Filling up the DagBag from /opt/airflow/dags/db_and_model_update_dag.py
[2026-04-01T01:43:31.521+0000] {processor.py:925} INFO - DAG(s) 'db_and_model_update' retrieved from /opt/airflow/dags/db_and_model_update_dag.py
[2026-04-01T01:43:31.550+0000] {logging_mixin.py:190} INFO - [2026-04-01T01:43:31.549+0000] {dag.py:3239} INFO - Sync 1 DAGs
[2026-04-01T01:43:31.587+0000] {processor.py:208} INFO - Processing /opt/airflow/dags/db_and_model_update_dag.py took 0.115 seconds
[2026-04-01T01:44:01.730+0000] {processor.py:186} INFO - Started process (PID=6094) to work on /opt/airflow/dags/db_and_model_update_dag.py
[2026-04-01T01:44:01.731+0000] {processor.py:914} INFO - Processing file /opt/airflow/dags/db_and_model_update_dag.py for tasks to queue
[2026-04-01T01:44:01.733+0000] {logging_mixin.py:190} INFO - [2026-04-01T01:44:01.733+0000] {dagbag.py:588} INFO - Filling up the DagBag from /opt/airflow/dags/db_and_model_update_dag.py
[2026-04-01T01:44:01.756+0000] {processor.py:925} INFO - DAG(s) 'db_and_model_update' retrieved from /opt/airflow/dags/db_and_model_update_dag.py
[2026-04-01T01:44:01.802+0000] {logging_mixin.py:190} INFO - [2026-04-01T01:44:01.801+0000] {dag.py:3239} INFO - Sync 1 DAGs
[2026-04-01T01:44:01.860+0000] {processor.py:208} INFO - Processing /opt/airflow/dags/db_and_model_update_dag.py took 0.136 seconds
[2026-04-01T01:44:32.042+0000] {processor.py:186} INFO - Started process (PID=6104) to work on /opt/airflow/dags/db_and_model_update_dag.py
[2026-04-01T01:44:32.043+0000] {processor.py:914} INFO - Processing file /opt/airflow/dags/db_and_model_update_dag.py for tasks to queue
[2026-04-01T01:44:32.046+0000] {logging_mixin.py:190} INFO - [2026-04-01T01:44:32.045+0000] {dagbag.py:588} INFO - Filling up the DagBag from /opt/airflow/dags/db_and_model_update_dag.py
[2026-04-01T01:44:32.063+0000] {processor.py:925} INFO - DAG(s) 'db_and_model_update' retrieved from /opt/airflow/dags/db_and_model_update_dag.py
[2026-04-01T01:44:32.096+0000] {logging_mixin.py:190} INFO - [2026-04-01T01:44:32.095+0000] {dag.py:3239} INFO - Sync 1 DAGs
[2026-04-01T01:44:32.134+0000] {processor.py:208} INFO - Processing /opt/airflow/dags/db_and_model_update_dag.py took 0.101 seconds
[2026-04-01T01:45:02.347+0000] {processor.py:186} INFO - Started process (PID=6114) to work on /opt/airflow/dags/db_and_model_update_dag.py
[2026-04-01T01:45:02.349+0000] {processor.py:914} INFO - Processing file /opt/airflow/dags/db_and_model_update_dag.py for tasks to queue
[2026-04-01T01:45:02.351+0000] {logging_mixin.py:190} INFO - [2026-04-01T01:45:02.351+0000] {dagbag.py:588} INFO - Filling up the DagBag from /opt/airflow/dags/db_and_model_update_dag.py
[2026-04-01T01:45:02.373+0000] {processor.py:925} INFO - DAG(s) 'db_and_model_update' retrieved from /opt/airflow/dags/db_and_model_update_dag.py
[2026-04-01T01:45:02.402+0000] {logging_mixin.py:190} INFO - [2026-04-01T01:45:02.402+0000] {dag.py:3239} INFO - Sync 1 DAGs
[2026-04-01T01:45:02.442+0000] {processor.py:208} INFO - Processing /opt/airflow/dags/db_and_model_update_dag.py took 0.102 seconds
[2026-04-01T01:45:32.608+0000] {processor.py:186} INFO - Started process (PID=6124) to work on /opt/airflow/dags/db_and_model_update_dag.py
[2026-04-01T01:45:32.609+0000] {processor.py:914} INFO - Processing file /opt/airflow/dags/db_and_model_update_dag.py for tasks to queue
[2026-04-01T01:45:32.612+0000] {logging_mixin.py:190} INFO - [2026-04-01T01:45:32.612+0000] {dagbag.py:588} INFO - Filling up the DagBag from /opt/airflow/dags/db_and_model_update_dag.py
[2026-04-01T01:45:32.634+0000] {processor.py:925} INFO - DAG(s) 'db_and_model_update' retrieved from /opt/airflow/dags/db_and_model_update_dag.py
[2026-04-01T01:45:32.666+0000] {logging_mixin.py:190} INFO - [2026-04-01T01:45:32.665+0000] {dag.py:3239} INFO - Sync 1 DAGs
[2026-04-01T01:45:32.709+0000] {processor.py:208} INFO - Processing /opt/airflow/dags/db_and_model_update_dag.py took 0.110 seconds
[2026-04-01T01:46:02.875+0000] {processor.py:186} INFO - Started process (PID=6134) to work on /opt/airflow/dags/db_and_model_update_dag.py
[2026-04-01T01:46:02.876+0000] {processor.py:914} INFO - Processing file /opt/airflow/dags/db_and_model_update_dag.py for tasks to queue
[2026-04-01T01:46:02.878+0000] {logging_mixin.py:190} INFO - [2026-04-01T01:46:02.878+0000] {dagbag.py:588} INFO - Filling up the DagBag from /opt/airflow/dags/db_and_model_update_dag.py
[2026-04-01T01:46:02.898+0000] {processor.py:925} INFO - DAG(s) 'db_and_model_update' retrieved from /opt/airflow/dags/db_and_model_update_dag.py
[2026-04-01T01:46:02.929+0000] {logging_mixin.py:190} INFO - [2026-04-01T01:46:02.929+0000] {dag.py:3239} INFO - Sync 1 DAGs
[2026-04-01T01:46:02.974+0000] {processor.py:208} INFO - Processing /opt/airflow/dags/db_and_model_update_dag.py took 0.107 seconds
[2026-04-01T01:46:33.197+0000] {processor.py:186} INFO - Started process (PID=6144) to work on /opt/airflow/dags/db_and_model_update_dag.py
[2026-04-01T01:46:33.198+0000] {processor.py:914} INFO - Processing file /opt/airflow/dags/db_and_model_update_dag.py for tasks to queue
[2026-04-01T01:46:33.200+0000] {logging_mixin.py:190} INFO - [2026-04-01T01:46:33.200+0000] {dagbag.py:588} INFO - Filling up the DagBag from /opt/airflow/dags/db_and_model_update_dag.py
[2026-04-01T01:46:33.222+0000] {processor.py:925} INFO - DAG(s) 'db_and_model_update' retrieved from /opt/airflow/dags/db_and_model_update_dag.py
[2026-04-01T01:46:33.250+0000] {logging_mixin.py:190} INFO - [2026-04-01T01:46:33.250+0000] {dag.py:3239} INFO - Sync 1 DAGs
[2026-04-01T01:46:33.289+0000] {processor.py:208} INFO - Processing /opt/airflow/dags/db_and_model_update_dag.py took 0.100 seconds
[2026-04-01T01:47:03.488+0000] {processor.py:186} INFO - Started process (PID=6154) to work on /opt/airflow/dags/db_and_model_update_dag.py
[2026-04-01T01:47:03.490+0000] {processor.py:914} INFO - Processing file /opt/airflow/dags/db_and_model_update_dag.py for tasks to queue
[2026-04-01T01:47:03.494+0000] {logging_mixin.py:190} INFO - [2026-04-01T01:47:03.494+0000] {dagbag.py:588} INFO - Filling up the DagBag from /opt/airflow/dags/db_and_model_update_dag.py
[2026-04-01T01:47:03.522+0000] {processor.py:925} INFO - DAG(s) 'db_and_model_update' retrieved from /opt/airflow/dags/db_and_model_update_dag.py
[2026-04-01T01:47:03.553+0000] {logging_mixin.py:190} INFO - [2026-04-01T01:47:03.553+0000] {dag.py:3239} INFO - Sync 1 DAGs
[2026-04-01T01:47:03.601+0000] {processor.py:208} INFO - Processing /opt/airflow/dags/db_and_model_update_dag.py took 0.122 seconds
[2026-04-01T01:47:33.792+0000] {processor.py:186} INFO - Started process (PID=6164) to work on /opt/airflow/dags/db_and_model_update_dag.py
[2026-04-01T01:47:33.793+0000] {processor.py:914} INFO - Processing file /opt/airflow/dags/db_and_model_update_dag.py for tasks to queue
[2026-04-01T01:47:33.796+0000] {logging_mixin.py:190} INFO - [2026-04-01T01:47:33.795+0000] {dagbag.py:588} INFO - Filling up the DagBag from /opt/airflow/dags/db_and_model_update_dag.py
[2026-04-01T01:47:33.819+0000] {processor.py:925} INFO - DAG(s) 'db_and_model_update' retrieved from /opt/airflow/dags/db_and_model_update_dag.py
[2026-04-01T01:47:33.851+0000] {logging_mixin.py:190} INFO - [2026-04-01T01:47:33.851+0000] {dag.py:3239} INFO - Sync 1 DAGs
[2026-04-01T01:47:33.895+0000] {processor.py:208} INFO - Processing /opt/airflow/dags/db_and_model_update_dag.py took 0.112 seconds
[2026-04-01T01:48:03.969+0000] {processor.py:186} INFO - Started process (PID=6174) to work on /opt/airflow/dags/db_and_model_update_dag.py
[2026-04-01T01:48:03.970+0000] {processor.py:914} INFO - Processing file /opt/airflow/dags/db_and_model_update_dag.py for tasks to queue
[2026-04-01T01:48:03.972+0000] {logging_mixin.py:190} INFO - [2026-04-01T01:48:03.972+0000] {dagbag.py:588} INFO - Filling up the DagBag from /opt/airflow/dags/db_and_model_update_dag.py
[2026-04-01T01:48:03.997+0000] {processor.py:925} INFO - DAG(s) 'db_and_model_update' retrieved from /opt/airflow/dags/db_and_model_update_dag.py
[2026-04-01T01:48:04.026+0000] {logging_mixin.py:190} INFO - [2026-04-01T01:48:04.026+0000] {dag.py:3239} INFO - Sync 1 DAGs
[2026-04-01T01:48:04.078+0000] {processor.py:208} INFO - Processing /opt/airflow/dags/db_and_model_update_dag.py took 0.117 seconds
[2026-04-01T01:48:34.302+0000] {processor.py:186} INFO - Started process (PID=6184) to work on /opt/airflow/dags/db_and_model_update_dag.py
[2026-04-01T01:48:34.303+0000] {processor.py:914} INFO - Processing file /opt/airflow/dags/db_and_model_update_dag.py for tasks to queue
[2026-04-01T01:48:34.306+0000] {logging_mixin.py:190} INFO - [2026-04-01T01:48:34.306+0000] {dagbag.py:588} INFO - Filling up the DagBag from /opt/airflow/dags/db_and_model_update_dag.py
[2026-04-01T01:48:34.334+0000] {processor.py:925} INFO - DAG(s) 'db_and_model_update' retrieved from /opt/airflow/dags/db_and_model_update_dag.py
[2026-04-01T01:48:34.368+0000] {logging_mixin.py:190} INFO - [2026-04-01T01:48:34.368+0000] {dag.py:3239} INFO - Sync 1 DAGs
[2026-04-01T01:48:34.405+0000] {processor.py:208} INFO - Processing /opt/airflow/dags/db_and_model_update_dag.py took 0.111 seconds
[2026-04-01T01:49:04.608+0000] {processor.py:186} INFO - Started process (PID=6194) to work on /opt/airflow/dags/db_and_model_update_dag.py
[2026-04-01T01:49:04.609+0000] {processor.py:914} INFO - Processing file /opt/airflow/dags/db_and_model_update_dag.py for tasks to queue
[2026-04-01T01:49:04.612+0000] {logging_mixin.py:190} INFO - [2026-04-01T01:49:04.612+0000] {dagbag.py:588} INFO - Filling up the DagBag from /opt/airflow/dags/db_and_model_update_dag.py
[2026-04-01T01:49:04.632+0000] {processor.py:925} INFO - DAG(s) 'db_and_model_update' retrieved from /opt/airflow/dags/db_and_model_update_dag.py
[2026-04-01T01:49:04.663+0000] {logging_mixin.py:190} INFO - [2026-04-01T01:49:04.663+0000] {dag.py:3239} INFO - Sync 1 DAGs
[2026-04-01T01:49:04.704+0000] {processor.py:208} INFO - Processing /opt/airflow/dags/db_and_model_update_dag.py took 0.102 seconds
[2026-04-01T01:49:34.753+0000] {processor.py:186} INFO - Started process (PID=6204) to work on /opt/airflow/dags/db_and_model_update_dag.py
[2026-04-01T01:49:34.754+0000] {processor.py:914} INFO - Processing file /opt/airflow/dags/db_and_model_update_dag.py for tasks to queue
[2026-04-01T01:49:34.756+0000] {logging_mixin.py:190} INFO - [2026-04-01T01:49:34.756+0000] {dagbag.py:588} INFO - Filling up the DagBag from /opt/airflow/dags/db_and_model_update_dag.py
[2026-04-01T01:49:34.776+0000] {processor.py:925} INFO - DAG(s) 'db_and_model_update' retrieved from /opt/airflow/dags/db_and_model_update_dag.py
[2026-04-01T01:49:34.805+0000] {logging_mixin.py:190} INFO - [2026-04-01T01:49:34.805+0000] {dag.py:3239} INFO - Sync 1 DAGs
[2026-04-01T01:49:34.843+0000] {processor.py:208} INFO - Processing /opt/airflow/dags/db_and_model_update_dag.py took 0.097 seconds
[2026-04-01T01:50:05.074+0000] {processor.py:186} INFO - Started process (PID=6214) to work on /opt/airflow/dags/db_and_model_update_dag.py
[2026-04-01T01:50:05.076+0000] {processor.py:914} INFO - Processing file /opt/airflow/dags/db_and_model_update_dag.py for tasks to queue
[2026-04-01T01:50:05.078+0000] {logging_mixin.py:190} INFO - [2026-04-01T01:50:05.078+0000] {dagbag.py:588} INFO - Filling up the DagBag from /opt/airflow/dags/db_and_model_update_dag.py
[2026-04-01T01:50:05.101+0000] {processor.py:925} INFO - DAG(s) 'db_and_model_update' retrieved from /opt/airflow/dags/db_and_model_update_dag.py
[2026-04-01T01:50:05.136+0000] {logging_mixin.py:190} INFO - [2026-04-01T01:50:05.136+0000] {dag.py:3239} INFO - Sync 1 DAGs
[2026-04-01T01:50:05.182+0000] {processor.py:208} INFO - Processing /opt/airflow/dags/db_and_model_update_dag.py took 0.114 seconds
[2026-04-01T01:50:35.289+0000] {processor.py:186} INFO - Started process (PID=6224) to work on /opt/airflow/dags/db_and_model_update_dag.py
[2026-04-01T01:50:35.290+0000] {processor.py:914} INFO - Processing file /opt/airflow/dags/db_and_model_update_dag.py for tasks to queue
[2026-04-01T01:50:35.292+0000] {logging_mixin.py:190} INFO - [2026-04-01T01:50:35.292+0000] {dagbag.py:588} INFO - Filling up the DagBag from /opt/airflow/dags/db_and_model_update_dag.py
[2026-04-01T01:50:35.315+0000] {processor.py:925} INFO - DAG(s) 'db_and_model_update' retrieved from /opt/airflow/dags/db_and_model_update_dag.py
[2026-04-01T01:50:35.343+0000] {logging_mixin.py:190} INFO - [2026-04-01T01:50:35.343+0000] {dag.py:3239} INFO - Sync 1 DAGs
[2026-04-01T01:50:35.382+0000] {processor.py:208} INFO - Processing /opt/airflow/dags/db_and_model_update_dag.py took 0.100 seconds
[2026-04-01T01:51:05.601+0000] {processor.py:186} INFO - Started process (PID=6234) to work on /opt/airflow/dags/db_and_model_update_dag.py
[2026-04-01T01:51:05.602+0000] {processor.py:914} INFO - Processing file /opt/airflow/dags/db_and_model_update_dag.py for tasks to queue
[2026-04-01T01:51:05.604+0000] {logging_mixin.py:190} INFO - [2026-04-01T01:51:05.604+0000] {dagbag.py:588} INFO - Filling up the DagBag from /opt/airflow/dags/db_and_model_update_dag.py
[2026-04-01T01:51:05.624+0000] {processor.py:925} INFO - DAG(s) 'db_and_model_update' retrieved from /opt/airflow/dags/db_and_model_update_dag.py
[2026-04-01T01:51:05.653+0000] {logging_mixin.py:190} INFO - [2026-04-01T01:51:05.653+0000] {dag.py:3239} INFO - Sync 1 DAGs
[2026-04-01T01:51:05.692+0000] {processor.py:208} INFO - Processing /opt/airflow/dags/db_and_model_update_dag.py took 0.100 seconds
[2026-04-01T01:51:35.788+0000] {processor.py:186} INFO - Started process (PID=6244) to work on /opt/airflow/dags/db_and_model_update_dag.py
[2026-04-01T01:51:35.789+0000] {processor.py:914} INFO - Processing file /opt/airflow/dags/db_and_model_update_dag.py for tasks to queue
[2026-04-01T01:51:35.791+0000] {logging_mixin.py:190} INFO - [2026-04-01T01:51:35.790+0000] {dagbag.py:588} INFO - Filling up the DagBag from /opt/airflow/dags/db_and_model_update_dag.py
[2026-04-01T01:51:35.806+0000] {processor.py:925} INFO - DAG(s) 'db_and_model_update' retrieved from /opt/airflow/dags/db_and_model_update_dag.py
[2026-04-01T01:51:35.840+0000] {logging_mixin.py:190} INFO - [2026-04-01T01:51:35.839+0000] {dag.py:3239} INFO - Sync 1 DAGs
[2026-04-01T01:51:35.883+0000] {processor.py:208} INFO - Processing /opt/airflow/dags/db_and_model_update_dag.py took 0.103 seconds
[2026-04-01T01:52:06.141+0000] {processor.py:186} INFO - Started process (PID=6254) to work on /opt/airflow/dags/db_and_model_update_dag.py
[2026-04-01T01:52:06.143+0000] {processor.py:914} INFO - Processing file /opt/airflow/dags/db_and_model_update_dag.py for tasks to queue
[2026-04-01T01:52:06.146+0000] {logging_mixin.py:190} INFO - [2026-04-01T01:52:06.145+0000] {dagbag.py:588} INFO - Filling up the DagBag from /opt/airflow/dags/db_and_model_update_dag.py
[2026-04-01T01:52:06.168+0000] {processor.py:925} INFO - DAG(s) 'db_and_model_update' retrieved from /opt/airflow/dags/db_and_model_update_dag.py
[2026-04-01T01:52:06.196+0000] {logging_mixin.py:190} INFO - [2026-04-01T01:52:06.195+0000] {dag.py:3239} INFO - Sync 1 DAGs
[2026-04-01T01:52:06.235+0000] {processor.py:208} INFO - Processing /opt/airflow/dags/db_and_model_update_dag.py took 0.101 seconds
[2026-04-01T01:52:36.431+0000] {processor.py:186} INFO - Started process (PID=6264) to work on /opt/airflow/dags/db_and_model_update_dag.py
[2026-04-01T01:52:36.432+0000] {processor.py:914} INFO - Processing file /opt/airflow/dags/db_and_model_update_dag.py for tasks to queue
[2026-04-01T01:52:36.434+0000] {logging_mixin.py:190} INFO - [2026-04-01T01:52:36.434+0000] {dagbag.py:588} INFO - Filling up the DagBag from /opt/airflow/dags/db_and_model_update_dag.py
[2026-04-01T01:52:36.452+0000] {processor.py:925} INFO - DAG(s) 'db_and_model_update' retrieved from /opt/airflow/dags/db_and_model_update_dag.py
[2026-04-01T01:52:36.489+0000] {logging_mixin.py:190} INFO - [2026-04-01T01:52:36.489+0000] {dag.py:3239} INFO - Sync 1 DAGs
[2026-04-01T01:52:36.542+0000] {processor.py:208} INFO - Processing /opt/airflow/dags/db_and_model_update_dag.py took 0.119 seconds
[2026-04-01T01:53:06.737+0000] {processor.py:186} INFO - Started process (PID=6274) to work on /opt/airflow/dags/db_and_model_update_dag.py
[2026-04-01T01:53:06.739+0000] {processor.py:914} INFO - Processing file /opt/airflow/dags/db_and_model_update_dag.py for tasks to queue
[2026-04-01T01:53:06.741+0000] {logging_mixin.py:190} INFO - [2026-04-01T01:53:06.741+0000] {dagbag.py:588} INFO - Filling up the DagBag from /opt/airflow/dags/db_and_model_update_dag.py
[2026-04-01T01:53:06.761+0000] {processor.py:925} INFO - DAG(s) 'db_and_model_update' retrieved from /opt/airflow/dags/db_and_model_update_dag.py
[2026-04-01T01:53:06.796+0000] {logging_mixin.py:190} INFO - [2026-04-01T01:53:06.795+0000] {dag.py:3239} INFO - Sync 1 DAGs
[2026-04-01T01:53:06.839+0000] {processor.py:208} INFO - Processing /opt/airflow/dags/db_and_model_update_dag.py took 0.107 seconds
[2026-04-01T01:53:36.932+0000] {processor.py:186} INFO - Started process (PID=6284) to work on /opt/airflow/dags/db_and_model_update_dag.py
[2026-04-01T01:53:36.933+0000] {processor.py:914} INFO - Processing file /opt/airflow/dags/db_and_model_update_dag.py for tasks to queue
[2026-04-01T01:53:36.935+0000] {logging_mixin.py:190} INFO - [2026-04-01T01:53:36.935+0000] {dagbag.py:588} INFO - Filling up the DagBag from /opt/airflow/dags/db_and_model_update_dag.py
[2026-04-01T01:53:36.957+0000] {processor.py:925} INFO - DAG(s) 'db_and_model_update' retrieved from /opt/airflow/dags/db_and_model_update_dag.py
[2026-04-01T01:53:36.994+0000] {logging_mixin.py:190} INFO - [2026-04-01T01:53:36.994+0000] {dag.py:3239} INFO - Sync 1 DAGs
[2026-04-01T01:53:37.035+0000] {processor.py:208} INFO - Processing /opt/airflow/dags/db_and_model_update_dag.py took 0.110 seconds
[2026-04-01T01:54:07.228+0000] {processor.py:186} INFO - Started process (PID=6294) to work on /opt/airflow/dags/db_and_model_update_dag.py
[2026-04-01T01:54:07.229+0000] {processor.py:914} INFO - Processing file /opt/airflow/dags/db_and_model_update_dag.py for tasks to queue
[2026-04-01T01:54:07.232+0000] {logging_mixin.py:190} INFO - [2026-04-01T01:54:07.232+0000] {dagbag.py:588} INFO - Filling up the DagBag from /opt/airflow/dags/db_and_model_update_dag.py
[2026-04-01T01:54:07.265+0000] {processor.py:925} INFO - DAG(s) 'db_and_model_update' retrieved from /opt/airflow/dags/db_and_model_update_dag.py
[2026-04-01T01:54:07.297+0000] {logging_mixin.py:190} INFO - [2026-04-01T01:54:07.296+0000] {dag.py:3239} INFO - Sync 1 DAGs
[2026-04-01T01:54:07.344+0000] {processor.py:208} INFO - Processing /opt/airflow/dags/db_and_model_update_dag.py took 0.124 seconds
[2026-04-01T01:54:37.444+0000] {processor.py:186} INFO - Started process (PID=6304) to work on /opt/airflow/dags/db_and_model_update_dag.py
[2026-04-01T01:54:37.445+0000] {processor.py:914} INFO - Processing file /opt/airflow/dags/db_and_model_update_dag.py for tasks to queue
[2026-04-01T01:54:37.447+0000] {logging_mixin.py:190} INFO - [2026-04-01T01:54:37.446+0000] {dagbag.py:588} INFO - Filling up the DagBag from /opt/airflow/dags/db_and_model_update_dag.py
[2026-04-01T01:54:37.470+0000] {processor.py:925} INFO - DAG(s) 'db_and_model_update' retrieved from /opt/airflow/dags/db_and_model_update_dag.py
[2026-04-01T01:54:37.504+0000] {logging_mixin.py:190} INFO - [2026-04-01T01:54:37.504+0000] {dag.py:3239} INFO - Sync 1 DAGs
[2026-04-01T01:54:37.544+0000] {processor.py:208} INFO - Processing /opt/airflow/dags/db_and_model_update_dag.py took 0.107 seconds
[2026-04-01T01:55:07.713+0000] {processor.py:186} INFO - Started process (PID=6314) to work on /opt/airflow/dags/db_and_model_update_dag.py
[2026-04-01T01:55:07.714+0000] {processor.py:914} INFO - Processing file /opt/airflow/dags/db_and_model_update_dag.py for tasks to queue
[2026-04-01T01:55:07.717+0000] {logging_mixin.py:190} INFO - [2026-04-01T01:55:07.717+0000] {dagbag.py:588} INFO - Filling up the DagBag from /opt/airflow/dags/db_and_model_update_dag.py
[2026-04-01T01:55:07.737+0000] {processor.py:925} INFO - DAG(s) 'db_and_model_update' retrieved from /opt/airflow/dags/db_and_model_update_dag.py
[2026-04-01T01:55:07.768+0000] {logging_mixin.py:190} INFO - [2026-04-01T01:55:07.767+0000] {dag.py:3239} INFO - Sync 1 DAGs
[2026-04-01T01:55:07.808+0000] {processor.py:208} INFO - Processing /opt/airflow/dags/db_and_model_update_dag.py took 0.101 seconds
[2026-04-01T01:55:38.030+0000] {processor.py:186} INFO - Started process (PID=6324) to work on /opt/airflow/dags/db_and_model_update_dag.py
[2026-04-01T01:55:38.032+0000] {processor.py:914} INFO - Processing file /opt/airflow/dags/db_and_model_update_dag.py for tasks to queue
[2026-04-01T01:55:38.034+0000] {logging_mixin.py:190} INFO - [2026-04-01T01:55:38.033+0000] {dagbag.py:588} INFO - Filling up the DagBag from /opt/airflow/dags/db_and_model_update_dag.py
[2026-04-01T01:55:38.055+0000] {processor.py:925} INFO - DAG(s) 'db_and_model_update' retrieved from /opt/airflow/dags/db_and_model_update_dag.py
[2026-04-01T01:55:38.083+0000] {logging_mixin.py:190} INFO - [2026-04-01T01:55:38.082+0000] {dag.py:3239} INFO - Sync 1 DAGs
[2026-04-01T01:55:38.119+0000] {processor.py:208} INFO - Processing /opt/airflow/dags/db_and_model_update_dag.py took 0.095 seconds
[2026-04-01T01:56:08.215+0000] {processor.py:186} INFO - Started process (PID=6334) to work on /opt/airflow/dags/db_and_model_update_dag.py
[2026-04-01T01:56:08.216+0000] {processor.py:914} INFO - Processing file /opt/airflow/dags/db_and_model_update_dag.py for tasks to queue
[2026-04-01T01:56:08.218+0000] {logging_mixin.py:190} INFO - [2026-04-01T01:56:08.218+0000] {dagbag.py:588} INFO - Filling up the DagBag from /opt/airflow/dags/db_and_model_update_dag.py
[2026-04-01T01:56:08.236+0000] {processor.py:925} INFO - DAG(s) 'db_and_model_update' retrieved from /opt/airflow/dags/db_and_model_update_dag.py
[2026-04-01T01:56:08.268+0000] {logging_mixin.py:190} INFO - [2026-04-01T01:56:08.268+0000] {dag.py:3239} INFO - Sync 1 DAGs
[2026-04-01T01:56:08.306+0000] {processor.py:208} INFO - Processing /opt/airflow/dags/db_and_model_update_dag.py took 0.097 seconds
[2026-04-01T01:56:38.522+0000] {processor.py:186} INFO - Started process (PID=6344) to work on /opt/airflow/dags/db_and_model_update_dag.py
[2026-04-01T01:56:38.523+0000] {processor.py:914} INFO - Processing file /opt/airflow/dags/db_and_model_update_dag.py for tasks to queue
[2026-04-01T01:56:38.525+0000] {logging_mixin.py:190} INFO - [2026-04-01T01:56:38.525+0000] {dagbag.py:588} INFO - Filling up the DagBag from /opt/airflow/dags/db_and_model_update_dag.py
[2026-04-01T01:56:38.543+0000] {processor.py:925} INFO - DAG(s) 'db_and_model_update' retrieved from /opt/airflow/dags/db_and_model_update_dag.py
[2026-04-01T01:56:38.572+0000] {logging_mixin.py:190} INFO - [2026-04-01T01:56:38.572+0000] {dag.py:3239} INFO - Sync 1 DAGs
[2026-04-01T01:56:38.612+0000] {processor.py:208} INFO - Processing /opt/airflow/dags/db_and_model_update_dag.py took 0.096 seconds
[2026-04-01T01:57:08.740+0000] {processor.py:186} INFO - Started process (PID=6354) to work on /opt/airflow/dags/db_and_model_update_dag.py
[2026-04-01T01:57:08.741+0000] {processor.py:914} INFO - Processing file /opt/airflow/dags/db_and_model_update_dag.py for tasks to queue
[2026-04-01T01:57:08.744+0000] {logging_mixin.py:190} INFO - [2026-04-01T01:57:08.743+0000] {dagbag.py:588} INFO - Filling up the DagBag from /opt/airflow/dags/db_and_model_update_dag.py
[2026-04-01T01:57:08.767+0000] {processor.py:925} INFO - DAG(s) 'db_and_model_update' retrieved from /opt/airflow/dags/db_and_model_update_dag.py
[2026-04-01T01:57:08.800+0000] {logging_mixin.py:190} INFO - [2026-04-01T01:57:08.799+0000] {dag.py:3239} INFO - Sync 1 DAGs
[2026-04-01T01:57:08.843+0000] {processor.py:208} INFO - Processing /opt/airflow/dags/db_and_model_update_dag.py took 0.110 seconds
[2026-04-01T01:57:38.972+0000] {processor.py:186} INFO - Started process (PID=6364) to work on /opt/airflow/dags/db_and_model_update_dag.py
[2026-04-01T01:57:38.973+0000] {processor.py:914} INFO - Processing file /opt/airflow/dags/db_and_model_update_dag.py for tasks to queue
[2026-04-01T01:57:38.977+0000] {logging_mixin.py:190} INFO - [2026-04-01T01:57:38.976+0000] {dagbag.py:588} INFO - Filling up the DagBag from /opt/airflow/dags/db_and_model_update_dag.py
[2026-04-01T01:57:38.998+0000] {processor.py:925} INFO - DAG(s) 'db_and_model_update' retrieved from /opt/airflow/dags/db_and_model_update_dag.py
[2026-04-01T01:57:39.030+0000] {logging_mixin.py:190} INFO - [2026-04-01T01:57:39.030+0000] {dag.py:3239} INFO - Sync 1 DAGs
[2026-04-01T01:57:39.070+0000] {processor.py:208} INFO - Processing /opt/airflow/dags/db_and_model_update_dag.py took 0.106 seconds
[2026-04-01T01:58:09.297+0000] {processor.py:186} INFO - Started process (PID=6374) to work on /opt/airflow/dags/db_and_model_update_dag.py
[2026-04-01T01:58:09.298+0000] {processor.py:914} INFO - Processing file /opt/airflow/dags/db_and_model_update_dag.py for tasks to queue
[2026-04-01T01:58:09.299+0000] {logging_mixin.py:190} INFO - [2026-04-01T01:58:09.299+0000] {dagbag.py:588} INFO - Filling up the DagBag from /opt/airflow/dags/db_and_model_update_dag.py
[2026-04-01T01:58:09.316+0000] {processor.py:925} INFO - DAG(s) 'db_and_model_update' retrieved from /opt/airflow/dags/db_and_model_update_dag.py
[2026-04-01T01:58:09.344+0000] {logging_mixin.py:190} INFO - [2026-04-01T01:58:09.344+0000] {dag.py:3239} INFO - Sync 1 DAGs
[2026-04-01T01:58:09.381+0000] {processor.py:208} INFO - Processing /opt/airflow/dags/db_and_model_update_dag.py took 0.091 seconds
[2026-04-01T01:58:39.599+0000] {processor.py:186} INFO - Started process (PID=6384) to work on /opt/airflow/dags/db_and_model_update_dag.py
[2026-04-01T01:58:39.601+0000] {processor.py:914} INFO - Processing file /opt/airflow/dags/db_and_model_update_dag.py for tasks to queue
[2026-04-01T01:58:39.605+0000] {logging_mixin.py:190} INFO - [2026-04-01T01:58:39.605+0000] {dagbag.py:588} INFO - Filling up the DagBag from /opt/airflow/dags/db_and_model_update_dag.py
[2026-04-01T01:58:39.627+0000] {processor.py:925} INFO - DAG(s) 'db_and_model_update' retrieved from /opt/airflow/dags/db_and_model_update_dag.py
[2026-04-01T01:58:39.658+0000] {logging_mixin.py:190} INFO - [2026-04-01T01:58:39.658+0000] {dag.py:3239} INFO - Sync 1 DAGs
[2026-04-01T01:58:39.697+0000] {processor.py:208} INFO - Processing /opt/airflow/dags/db_and_model_update_dag.py took 0.105 seconds
[2026-04-01T01:59:09.929+0000] {processor.py:186} INFO - Started process (PID=6394) to work on /opt/airflow/dags/db_and_model_update_dag.py
[2026-04-01T01:59:09.930+0000] {processor.py:914} INFO - Processing file /opt/airflow/dags/db_and_model_update_dag.py for tasks to queue
[2026-04-01T01:59:09.933+0000] {logging_mixin.py:190} INFO - [2026-04-01T01:59:09.933+0000] {dagbag.py:588} INFO - Filling up the DagBag from /opt/airflow/dags/db_and_model_update_dag.py
[2026-04-01T01:59:09.952+0000] {processor.py:925} INFO - DAG(s) 'db_and_model_update' retrieved from /opt/airflow/dags/db_and_model_update_dag.py
[2026-04-01T01:59:09.987+0000] {logging_mixin.py:190} INFO - [2026-04-01T01:59:09.986+0000] {dag.py:3239} INFO - Sync 1 DAGs
[2026-04-01T01:59:10.027+0000] {processor.py:208} INFO - Processing /opt/airflow/dags/db_and_model_update_dag.py took 0.105 seconds
[2026-04-01T01:59:40.139+0000] {processor.py:186} INFO - Started process (PID=6404) to work on /opt/airflow/dags/db_and_model_update_dag.py
[2026-04-01T01:59:40.140+0000] {processor.py:914} INFO - Processing file /opt/airflow/dags/db_and_model_update_dag.py for tasks to queue
[2026-04-01T01:59:40.142+0000] {logging_mixin.py:190} INFO - [2026-04-01T01:59:40.142+0000] {dagbag.py:588} INFO - Filling up the DagBag from /opt/airflow/dags/db_and_model_update_dag.py
[2026-04-01T01:59:40.162+0000] {processor.py:925} INFO - DAG(s) 'db_and_model_update' retrieved from /opt/airflow/dags/db_and_model_update_dag.py
[2026-04-01T01:59:40.190+0000] {logging_mixin.py:190} INFO - [2026-04-01T01:59:40.189+0000] {dag.py:3239} INFO - Sync 1 DAGs
[2026-04-01T01:59:40.226+0000] {processor.py:208} INFO - Processing /opt/airflow/dags/db_and_model_update_dag.py took 0.095 seconds
[2026-04-01T02:00:10.469+0000] {processor.py:186} INFO - Started process (PID=6414) to work on /opt/airflow/dags/db_and_model_update_dag.py
[2026-04-01T02:00:10.470+0000] {processor.py:914} INFO - Processing file /opt/airflow/dags/db_and_model_update_dag.py for tasks to queue
[2026-04-01T02:00:10.472+0000] {logging_mixin.py:190} INFO - [2026-04-01T02:00:10.472+0000] {dagbag.py:588} INFO - Filling up the DagBag from /opt/airflow/dags/db_and_model_update_dag.py
[2026-04-01T02:00:10.502+0000] {processor.py:925} INFO - DAG(s) 'db_and_model_update' retrieved from /opt/airflow/dags/db_and_model_update_dag.py
[2026-04-01T02:00:10.535+0000] {logging_mixin.py:190} INFO - [2026-04-01T02:00:10.535+0000] {dag.py:3239} INFO - Sync 1 DAGs
[2026-04-01T02:00:10.575+0000] {processor.py:208} INFO - Processing /opt/airflow/dags/db_and_model_update_dag.py took 0.115 seconds
[2026-04-01T02:00:40.782+0000] {processor.py:186} INFO - Started process (PID=6424) to work on /opt/airflow/dags/db_and_model_update_dag.py
[2026-04-01T02:00:40.783+0000] {processor.py:914} INFO - Processing file /opt/airflow/dags/db_and_model_update_dag.py for tasks to queue
[2026-04-01T02:00:40.785+0000] {logging_mixin.py:190} INFO - [2026-04-01T02:00:40.784+0000] {dagbag.py:588} INFO - Filling up the DagBag from /opt/airflow/dags/db_and_model_update_dag.py
[2026-04-01T02:00:40.805+0000] {processor.py:925} INFO - DAG(s) 'db_and_model_update' retrieved from /opt/airflow/dags/db_and_model_update_dag.py
[2026-04-01T02:00:40.836+0000] {logging_mixin.py:190} INFO - [2026-04-01T02:00:40.836+0000] {dag.py:3239} INFO - Sync 1 DAGs
[2026-04-01T02:00:40.879+0000] {processor.py:208} INFO - Processing /opt/airflow/dags/db_and_model_update_dag.py took 0.104 seconds
[2026-04-01T02:01:11.088+0000] {processor.py:186} INFO - Started process (PID=6434) to work on /opt/airflow/dags/db_and_model_update_dag.py
[2026-04-01T02:01:11.089+0000] {processor.py:914} INFO - Processing file /opt/airflow/dags/db_and_model_update_dag.py for tasks to queue
[2026-04-01T02:01:11.091+0000] {logging_mixin.py:190} INFO - [2026-04-01T02:01:11.091+0000] {dagbag.py:588} INFO - Filling up the DagBag from /opt/airflow/dags/db_and_model_update_dag.py
[2026-04-01T02:01:11.111+0000] {processor.py:925} INFO - DAG(s) 'db_and_model_update' retrieved from /opt/airflow/dags/db_and_model_update_dag.py
[2026-04-01T02:01:11.140+0000] {logging_mixin.py:190} INFO - [2026-04-01T02:01:11.140+0000] {dag.py:3239} INFO - Sync 1 DAGs
[2026-04-01T02:01:11.186+0000] {processor.py:208} INFO - Processing /opt/airflow/dags/db_and_model_update_dag.py took 0.105 seconds
[2026-04-01T02:01:41.407+0000] {processor.py:186} INFO - Started process (PID=6444) to work on /opt/airflow/dags/db_and_model_update_dag.py
[2026-04-01T02:01:41.408+0000] {processor.py:914} INFO - Processing file /opt/airflow/dags/db_and_model_update_dag.py for tasks to queue
[2026-04-01T02:01:41.411+0000] {logging_mixin.py:190} INFO - [2026-04-01T02:01:41.411+0000] {dagbag.py:588} INFO - Filling up the DagBag from /opt/airflow/dags/db_and_model_update_dag.py
[2026-04-01T02:01:41.430+0000] {processor.py:925} INFO - DAG(s) 'db_and_model_update' retrieved from /opt/airflow/dags/db_and_model_update_dag.py
[2026-04-01T02:01:41.460+0000] {logging_mixin.py:190} INFO - [2026-04-01T02:01:41.460+0000] {dag.py:3239} INFO - Sync 1 DAGs
[2026-04-01T02:01:41.501+0000] {processor.py:208} INFO - Processing /opt/airflow/dags/db_and_model_update_dag.py took 0.101 seconds
[2026-04-01T02:02:11.614+0000] {processor.py:186} INFO - Started process (PID=6454) to work on /opt/airflow/dags/db_and_model_update_dag.py
[2026-04-01T02:02:11.615+0000] {processor.py:914} INFO - Processing file /opt/airflow/dags/db_and_model_update_dag.py for tasks to queue
[2026-04-01T02:02:11.617+0000] {logging_mixin.py:190} INFO - [2026-04-01T02:02:11.616+0000] {dagbag.py:588} INFO - Filling up the DagBag from /opt/airflow/dags/db_and_model_update_dag.py
[2026-04-01T02:02:11.637+0000] {processor.py:925} INFO - DAG(s) 'db_and_model_update' retrieved from /opt/airflow/dags/db_and_model_update_dag.py
[2026-04-01T02:02:11.665+0000] {logging_mixin.py:190} INFO - [2026-04-01T02:02:11.665+0000] {dag.py:3239} INFO - Sync 1 DAGs
[2026-04-01T02:02:11.702+0000] {processor.py:208} INFO - Processing /opt/airflow/dags/db_and_model_update_dag.py took 0.094 seconds
[2026-04-01T02:02:41.907+0000] {processor.py:186} INFO - Started process (PID=6464) to work on /opt/airflow/dags/db_and_model_update_dag.py
[2026-04-01T02:02:41.908+0000] {processor.py:914} INFO - Processing file /opt/airflow/dags/db_and_model_update_dag.py for tasks to queue
[2026-04-01T02:02:41.911+0000] {logging_mixin.py:190} INFO - [2026-04-01T02:02:41.911+0000] {dagbag.py:588} INFO - Filling up the DagBag from /opt/airflow/dags/db_and_model_update_dag.py
[2026-04-01T02:02:41.929+0000] {processor.py:925} INFO - DAG(s) 'db_and_model_update' retrieved from /opt/airflow/dags/db_and_model_update_dag.py
[2026-04-01T02:02:41.963+0000] {logging_mixin.py:190} INFO - [2026-04-01T02:02:41.963+0000] {dag.py:3239} INFO - Sync 1 DAGs
[2026-04-01T02:02:42.007+0000] {processor.py:208} INFO - Processing /opt/airflow/dags/db_and_model_update_dag.py took 0.110 seconds
[2026-04-01T02:03:12.231+0000] {processor.py:186} INFO - Started process (PID=6474) to work on /opt/airflow/dags/db_and_model_update_dag.py
[2026-04-01T02:03:12.232+0000] {processor.py:914} INFO - Processing file /opt/airflow/dags/db_and_model_update_dag.py for tasks to queue
[2026-04-01T02:03:12.235+0000] {logging_mixin.py:190} INFO - [2026-04-01T02:03:12.234+0000] {dagbag.py:588} INFO - Filling up the DagBag from /opt/airflow/dags/db_and_model_update_dag.py
[2026-04-01T02:03:12.254+0000] {processor.py:925} INFO - DAG(s) 'db_and_model_update' retrieved from /opt/airflow/dags/db_and_model_update_dag.py
[2026-04-01T02:03:12.286+0000] {logging_mixin.py:190} INFO - [2026-04-01T02:03:12.285+0000] {dag.py:3239} INFO - Sync 1 DAGs
[2026-04-01T02:03:12.328+0000] {processor.py:208} INFO - Processing /opt/airflow/dags/db_and_model_update_dag.py took 0.105 seconds
[2026-04-01T02:03:42.438+0000] {processor.py:186} INFO - Started process (PID=6484) to work on /opt/airflow/dags/db_and_model_update_dag.py
[2026-04-01T02:03:42.439+0000] {processor.py:914} INFO - Processing file /opt/airflow/dags/db_and_model_update_dag.py for tasks to queue
[2026-04-01T02:03:42.441+0000] {logging_mixin.py:190} INFO - [2026-04-01T02:03:42.441+0000] {dagbag.py:588} INFO - Filling up the DagBag from /opt/airflow/dags/db_and_model_update_dag.py
[2026-04-01T02:03:42.460+0000] {processor.py:925} INFO - DAG(s) 'db_and_model_update' retrieved from /opt/airflow/dags/db_and_model_update_dag.py
[2026-04-01T02:03:42.487+0000] {logging_mixin.py:190} INFO - [2026-04-01T02:03:42.487+0000] {dag.py:3239} INFO - Sync 1 DAGs
[2026-04-01T02:03:42.528+0000] {processor.py:208} INFO - Processing /opt/airflow/dags/db_and_model_update_dag.py took 0.096 seconds
[2026-04-01T02:04:12.782+0000] {processor.py:186} INFO - Started process (PID=6494) to work on /opt/airflow/dags/db_and_model_update_dag.py
[2026-04-01T02:04:12.784+0000] {processor.py:914} INFO - Processing file /opt/airflow/dags/db_and_model_update_dag.py for tasks to queue
[2026-04-01T02:04:12.793+0000] {logging_mixin.py:190} INFO - [2026-04-01T02:04:12.791+0000] {dagbag.py:588} INFO - Filling up the DagBag from /opt/airflow/dags/db_and_model_update_dag.py
[2026-04-01T02:04:12.826+0000] {processor.py:925} INFO - DAG(s) 'db_and_model_update' retrieved from /opt/airflow/dags/db_and_model_update_dag.py
[2026-04-01T02:04:12.866+0000] {logging_mixin.py:190} INFO - [2026-04-01T02:04:12.865+0000] {dag.py:3239} INFO - Sync 1 DAGs
[2026-04-01T02:04:12.917+0000] {processor.py:208} INFO - Processing /opt/airflow/dags/db_and_model_update_dag.py took 0.152 seconds
[2026-04-01T02:04:43.139+0000] {processor.py:186} INFO - Started process (PID=6504) to work on /opt/airflow/dags/db_and_model_update_dag.py
[2026-04-01T02:04:43.140+0000] {processor.py:914} INFO - Processing file /opt/airflow/dags/db_and_model_update_dag.py for tasks to queue
[2026-04-01T02:04:43.142+0000] {logging_mixin.py:190} INFO - [2026-04-01T02:04:43.142+0000] {dagbag.py:588} INFO - Filling up the DagBag from /opt/airflow/dags/db_and_model_update_dag.py
[2026-04-01T02:04:43.162+0000] {processor.py:925} INFO - DAG(s) 'db_and_model_update' retrieved from /opt/airflow/dags/db_and_model_update_dag.py
[2026-04-01T02:04:43.192+0000] {logging_mixin.py:190} INFO - [2026-04-01T02:04:43.192+0000] {dag.py:3239} INFO - Sync 1 DAGs
[2026-04-01T02:04:43.232+0000] {processor.py:208} INFO - Processing /opt/airflow/dags/db_and_model_update_dag.py took 0.099 seconds
[2026-04-01T02:05:13.360+0000] {processor.py:186} INFO - Started process (PID=6514) to work on /opt/airflow/dags/db_and_model_update_dag.py
[2026-04-01T02:05:13.361+0000] {processor.py:914} INFO - Processing file /opt/airflow/dags/db_and_model_update_dag.py for tasks to queue
[2026-04-01T02:05:13.364+0000] {logging_mixin.py:190} INFO - [2026-04-01T02:05:13.363+0000] {dagbag.py:588} INFO - Filling up the DagBag from /opt/airflow/dags/db_and_model_update_dag.py
[2026-04-01T02:05:13.391+0000] {processor.py:925} INFO - DAG(s) 'db_and_model_update' retrieved from /opt/airflow/dags/db_and_model_update_dag.py
[2026-04-01T02:05:13.423+0000] {logging_mixin.py:190} INFO - [2026-04-01T02:05:13.422+0000] {dag.py:3239} INFO - Sync 1 DAGs
[2026-04-01T02:05:13.467+0000] {processor.py:208} INFO - Processing /opt/airflow/dags/db_and_model_update_dag.py took 0.115 seconds
[2026-04-01T02:05:43.677+0000] {processor.py:186} INFO - Started process (PID=6524) to work on /opt/airflow/dags/db_and_model_update_dag.py
[2026-04-01T02:05:43.679+0000] {processor.py:914} INFO - Processing file /opt/airflow/dags/db_and_model_update_dag.py for tasks to queue
[2026-04-01T02:05:43.681+0000] {logging_mixin.py:190} INFO - [2026-04-01T02:05:43.680+0000] {dagbag.py:588} INFO - Filling up the DagBag from /opt/airflow/dags/db_and_model_update_dag.py
[2026-04-01T02:05:43.698+0000] {processor.py:925} INFO - DAG(s) 'db_and_model_update' retrieved from /opt/airflow/dags/db_and_model_update_dag.py
[2026-04-01T02:05:43.733+0000] {logging_mixin.py:190} INFO - [2026-04-01T02:05:43.732+0000] {dag.py:3239} INFO - Sync 1 DAGs
[2026-04-01T02:05:43.793+0000] {processor.py:208} INFO - Processing /opt/airflow/dags/db_and_model_update_dag.py took 0.122 seconds
[2026-04-01T02:06:14.014+0000] {processor.py:186} INFO - Started process (PID=6534) to work on /opt/airflow/dags/db_and_model_update_dag.py
[2026-04-01T02:06:14.015+0000] {processor.py:914} INFO - Processing file /opt/airflow/dags/db_and_model_update_dag.py for tasks to queue
[2026-04-01T02:06:14.018+0000] {logging_mixin.py:190} INFO - [2026-04-01T02:06:14.018+0000] {dagbag.py:588} INFO - Filling up the DagBag from /opt/airflow/dags/db_and_model_update_dag.py
[2026-04-01T02:06:14.038+0000] {processor.py:925} INFO - DAG(s) 'db_and_model_update' retrieved from /opt/airflow/dags/db_and_model_update_dag.py
[2026-04-01T02:06:14.070+0000] {logging_mixin.py:190} INFO - [2026-04-01T02:06:14.070+0000] {dag.py:3239} INFO - Sync 1 DAGs
[2026-04-01T02:06:14.121+0000] {processor.py:208} INFO - Processing /opt/airflow/dags/db_and_model_update_dag.py took 0.116 seconds
[2026-04-01T02:06:44.236+0000] {processor.py:186} INFO - Started process (PID=6544) to work on /opt/airflow/dags/db_and_model_update_dag.py
[2026-04-01T02:06:44.237+0000] {processor.py:914} INFO - Processing file /opt/airflow/dags/db_and_model_update_dag.py for tasks to queue
[2026-04-01T02:06:44.240+0000] {logging_mixin.py:190} INFO - [2026-04-01T02:06:44.240+0000] {dagbag.py:588} INFO - Filling up the DagBag from /opt/airflow/dags/db_and_model_update_dag.py
[2026-04-01T02:06:44.260+0000] {processor.py:925} INFO - DAG(s) 'db_and_model_update' retrieved from /opt/airflow/dags/db_and_model_update_dag.py
[2026-04-01T02:06:44.291+0000] {logging_mixin.py:190} INFO - [2026-04-01T02:06:44.291+0000] {dag.py:3239} INFO - Sync 1 DAGs
[2026-04-01T02:06:44.330+0000] {processor.py:208} INFO - Processing /opt/airflow/dags/db_and_model_update_dag.py took 0.102 seconds
[2026-04-01T02:07:14.551+0000] {processor.py:186} INFO - Started process (PID=6554) to work on /opt/airflow/dags/db_and_model_update_dag.py
[2026-04-01T02:07:14.552+0000] {processor.py:914} INFO - Processing file /opt/airflow/dags/db_and_model_update_dag.py for tasks to queue
[2026-04-01T02:07:14.554+0000] {logging_mixin.py:190} INFO - [2026-04-01T02:07:14.554+0000] {dagbag.py:588} INFO - Filling up the DagBag from /opt/airflow/dags/db_and_model_update_dag.py
[2026-04-01T02:07:14.574+0000] {processor.py:925} INFO - DAG(s) 'db_and_model_update' retrieved from /opt/airflow/dags/db_and_model_update_dag.py
[2026-04-01T02:07:14.606+0000] {logging_mixin.py:190} INFO - [2026-04-01T02:07:14.605+0000] {dag.py:3239} INFO - Sync 1 DAGs
[2026-04-01T02:07:14.649+0000] {processor.py:208} INFO - Processing /opt/airflow/dags/db_and_model_update_dag.py took 0.103 seconds
[2026-04-01T02:07:44.740+0000] {processor.py:186} INFO - Started process (PID=6564) to work on /opt/airflow/dags/db_and_model_update_dag.py
[2026-04-01T02:07:44.741+0000] {processor.py:914} INFO - Processing file /opt/airflow/dags/db_and_model_update_dag.py for tasks to queue
[2026-04-01T02:07:44.746+0000] {logging_mixin.py:190} INFO - [2026-04-01T02:07:44.745+0000] {dagbag.py:588} INFO - Filling up the DagBag from /opt/airflow/dags/db_and_model_update_dag.py
[2026-04-01T02:07:44.784+0000] {processor.py:925} INFO - DAG(s) 'db_and_model_update' retrieved from /opt/airflow/dags/db_and_model_update_dag.py
[2026-04-01T02:07:44.814+0000] {logging_mixin.py:190} INFO - [2026-04-01T02:07:44.813+0000] {dag.py:3239} INFO - Sync 1 DAGs
[2026-04-01T02:07:44.853+0000] {processor.py:208} INFO - Processing /opt/airflow/dags/db_and_model_update_dag.py took 0.124 seconds
[2026-04-01T02:08:15.032+0000] {processor.py:186} INFO - Started process (PID=6574) to work on /opt/airflow/dags/db_and_model_update_dag.py
[2026-04-01T02:08:15.033+0000] {processor.py:914} INFO - Processing file /opt/airflow/dags/db_and_model_update_dag.py for tasks to queue
[2026-04-01T02:08:15.036+0000] {logging_mixin.py:190} INFO - [2026-04-01T02:08:15.035+0000] {dagbag.py:588} INFO - Filling up the DagBag from /opt/airflow/dags/db_and_model_update_dag.py
[2026-04-01T02:08:15.062+0000] {processor.py:925} INFO - DAG(s) 'db_and_model_update' retrieved from /opt/airflow/dags/db_and_model_update_dag.py
[2026-04-01T02:08:15.094+0000] {logging_mixin.py:190} INFO - [2026-04-01T02:08:15.094+0000] {dag.py:3239} INFO - Sync 1 DAGs
[2026-04-01T02:08:15.141+0000] {processor.py:208} INFO - Processing /opt/airflow/dags/db_and_model_update_dag.py took 0.119 seconds
[2026-04-01T02:08:45.242+0000] {processor.py:186} INFO - Started process (PID=6584) to work on /opt/airflow/dags/db_and_model_update_dag.py
[2026-04-01T02:08:45.243+0000] {processor.py:914} INFO - Processing file /opt/airflow/dags/db_and_model_update_dag.py for tasks to queue
[2026-04-01T02:08:45.245+0000] {logging_mixin.py:190} INFO - [2026-04-01T02:08:45.245+0000] {dagbag.py:588} INFO - Filling up the DagBag from /opt/airflow/dags/db_and_model_update_dag.py
[2026-04-01T02:08:45.267+0000] {processor.py:925} INFO - DAG(s) 'db_and_model_update' retrieved from /opt/airflow/dags/db_and_model_update_dag.py
[2026-04-01T02:08:45.300+0000] {logging_mixin.py:190} INFO - [2026-04-01T02:08:45.300+0000] {dag.py:3239} INFO - Sync 1 DAGs
[2026-04-01T02:08:45.338+0000] {processor.py:208} INFO - Processing /opt/airflow/dags/db_and_model_update_dag.py took 0.103 seconds
[2026-04-01T02:09:15.584+0000] {processor.py:186} INFO - Started process (PID=6594) to work on /opt/airflow/dags/db_and_model_update_dag.py
[2026-04-01T02:09:15.585+0000] {processor.py:914} INFO - Processing file /opt/airflow/dags/db_and_model_update_dag.py for tasks to queue
[2026-04-01T02:09:15.588+0000] {logging_mixin.py:190} INFO - [2026-04-01T02:09:15.587+0000] {dagbag.py:588} INFO - Filling up the DagBag from /opt/airflow/dags/db_and_model_update_dag.py
[2026-04-01T02:09:15.607+0000] {processor.py:925} INFO - DAG(s) 'db_and_model_update' retrieved from /opt/airflow/dags/db_and_model_update_dag.py
[2026-04-01T02:09:15.639+0000] {logging_mixin.py:190} INFO - [2026-04-01T02:09:15.639+0000] {dag.py:3239} INFO - Sync 1 DAGs
[2026-04-01T02:09:15.676+0000] {processor.py:208} INFO - Processing /opt/airflow/dags/db_and_model_update_dag.py took 0.100 seconds
[2026-04-01T02:09:45.904+0000] {processor.py:186} INFO - Started process (PID=6604) to work on /opt/airflow/dags/db_and_model_update_dag.py
[2026-04-01T02:09:45.905+0000] {processor.py:914} INFO - Processing file /opt/airflow/dags/db_and_model_update_dag.py for tasks to queue
[2026-04-01T02:09:45.909+0000] {logging_mixin.py:190} INFO - [2026-04-01T02:09:45.908+0000] {dagbag.py:588} INFO - Filling up the DagBag from /opt/airflow/dags/db_and_model_update_dag.py
[2026-04-01T02:09:45.929+0000] {processor.py:925} INFO - DAG(s) 'db_and_model_update' retrieved from /opt/airflow/dags/db_and_model_update_dag.py
[2026-04-01T02:09:45.959+0000] {logging_mixin.py:190} INFO - [2026-04-01T02:09:45.959+0000] {dag.py:3239} INFO - Sync 1 DAGs
[2026-04-01T02:09:46.002+0000] {processor.py:208} INFO - Processing /opt/airflow/dags/db_and_model_update_dag.py took 0.108 seconds
[2026-04-01T02:10:16.269+0000] {processor.py:186} INFO - Started process (PID=6614) to work on /opt/airflow/dags/db_and_model_update_dag.py
[2026-04-01T02:10:16.271+0000] {processor.py:914} INFO - Processing file /opt/airflow/dags/db_and_model_update_dag.py for tasks to queue
[2026-04-01T02:10:16.274+0000] {logging_mixin.py:190} INFO - [2026-04-01T02:10:16.273+0000] {dagbag.py:588} INFO - Filling up the DagBag from /opt/airflow/dags/db_and_model_update_dag.py
[2026-04-01T02:10:16.294+0000] {processor.py:925} INFO - DAG(s) 'db_and_model_update' retrieved from /opt/airflow/dags/db_and_model_update_dag.py
[2026-04-01T02:10:16.324+0000] {logging_mixin.py:190} INFO - [2026-04-01T02:10:16.324+0000] {dag.py:3239} INFO - Sync 1 DAGs
[2026-04-01T02:10:16.363+0000] {processor.py:208} INFO - Processing /opt/airflow/dags/db_and_model_update_dag.py took 0.102 seconds
[2026-04-01T02:10:46.575+0000] {processor.py:186} INFO - Started process (PID=6624) to work on /opt/airflow/dags/db_and_model_update_dag.py
[2026-04-01T02:10:46.576+0000] {processor.py:914} INFO - Processing file /opt/airflow/dags/db_and_model_update_dag.py for tasks to queue
[2026-04-01T02:10:46.579+0000] {logging_mixin.py:190} INFO - [2026-04-01T02:10:46.579+0000] {dagbag.py:588} INFO - Filling up the DagBag from /opt/airflow/dags/db_and_model_update_dag.py
[2026-04-01T02:10:46.600+0000] {processor.py:925} INFO - DAG(s) 'db_and_model_update' retrieved from /opt/airflow/dags/db_and_model_update_dag.py
[2026-04-01T02:10:46.632+0000] {logging_mixin.py:190} INFO - [2026-04-01T02:10:46.632+0000] {dag.py:3239} INFO - Sync 1 DAGs
[2026-04-01T02:10:46.686+0000] {processor.py:208} INFO - Processing /opt/airflow/dags/db_and_model_update_dag.py took 0.118 seconds
[2026-04-01T02:11:16.762+0000] {processor.py:186} INFO - Started process (PID=6634) to work on /opt/airflow/dags/db_and_model_update_dag.py
[2026-04-01T02:11:16.763+0000] {processor.py:914} INFO - Processing file /opt/airflow/dags/db_and_model_update_dag.py for tasks to queue
[2026-04-01T02:11:16.765+0000] {logging_mixin.py:190} INFO - [2026-04-01T02:11:16.764+0000] {dagbag.py:588} INFO - Filling up the DagBag from /opt/airflow/dags/db_and_model_update_dag.py
[2026-04-01T02:11:16.783+0000] {processor.py:925} INFO - DAG(s) 'db_and_model_update' retrieved from /opt/airflow/dags/db_and_model_update_dag.py
[2026-04-01T02:11:16.812+0000] {logging_mixin.py:190} INFO - [2026-04-01T02:11:16.812+0000] {dag.py:3239} INFO - Sync 1 DAGs
[2026-04-01T02:11:16.853+0000] {processor.py:208} INFO - Processing /opt/airflow/dags/db_and_model_update_dag.py took 0.100 seconds
[2026-04-01T02:11:47.107+0000] {processor.py:186} INFO - Started process (PID=6644) to work on /opt/airflow/dags/db_and_model_update_dag.py
[2026-04-01T02:11:47.108+0000] {processor.py:914} INFO - Processing file /opt/airflow/dags/db_and_model_update_dag.py for tasks to queue
[2026-04-01T02:11:47.110+0000] {logging_mixin.py:190} INFO - [2026-04-01T02:11:47.110+0000] {dagbag.py:588} INFO - Filling up the DagBag from /opt/airflow/dags/db_and_model_update_dag.py
[2026-04-01T02:11:47.129+0000] {processor.py:925} INFO - DAG(s) 'db_and_model_update' retrieved from /opt/airflow/dags/db_and_model_update_dag.py
[2026-04-01T02:11:47.154+0000] {logging_mixin.py:190} INFO - [2026-04-01T02:11:47.154+0000] {dag.py:3239} INFO - Sync 1 DAGs
[2026-04-01T02:11:47.215+0000] {processor.py:208} INFO - Processing /opt/airflow/dags/db_and_model_update_dag.py took 0.114 seconds
[2026-04-01T02:12:17.333+0000] {processor.py:186} INFO - Started process (PID=6654) to work on /opt/airflow/dags/db_and_model_update_dag.py
[2026-04-01T02:12:17.334+0000] {processor.py:914} INFO - Processing file /opt/airflow/dags/db_and_model_update_dag.py for tasks to queue
[2026-04-01T02:12:17.336+0000] {logging_mixin.py:190} INFO - [2026-04-01T02:12:17.335+0000] {dagbag.py:588} INFO - Filling up the DagBag from /opt/airflow/dags/db_and_model_update_dag.py
[2026-04-01T02:12:17.353+0000] {processor.py:925} INFO - DAG(s) 'db_and_model_update' retrieved from /opt/airflow/dags/db_and_model_update_dag.py
[2026-04-01T02:12:17.381+0000] {logging_mixin.py:190} INFO - [2026-04-01T02:12:17.381+0000] {dag.py:3239} INFO - Sync 1 DAGs
[2026-04-01T02:12:17.421+0000] {processor.py:208} INFO - Processing /opt/airflow/dags/db_and_model_update_dag.py took 0.096 seconds
[2026-04-01T02:12:47.594+0000] {processor.py:186} INFO - Started process (PID=6664) to work on /opt/airflow/dags/db_and_model_update_dag.py
[2026-04-01T02:12:47.595+0000] {processor.py:914} INFO - Processing file /opt/airflow/dags/db_and_model_update_dag.py for tasks to queue
[2026-04-01T02:12:47.598+0000] {logging_mixin.py:190} INFO - [2026-04-01T02:12:47.598+0000] {dagbag.py:588} INFO - Filling up the DagBag from /opt/airflow/dags/db_and_model_update_dag.py
[2026-04-01T02:12:47.620+0000] {processor.py:925} INFO - DAG(s) 'db_and_model_update' retrieved from /opt/airflow/dags/db_and_model_update_dag.py
[2026-04-01T02:12:47.650+0000] {logging_mixin.py:190} INFO - [2026-04-01T02:12:47.650+0000] {dag.py:3239} INFO - Sync 1 DAGs
[2026-04-01T02:12:47.688+0000] {processor.py:208} INFO - Processing /opt/airflow/dags/db_and_model_update_dag.py took 0.102 seconds
[2026-04-01T02:13:17.834+0000] {processor.py:186} INFO - Started process (PID=6674) to work on /opt/airflow/dags/db_and_model_update_dag.py
[2026-04-01T02:13:17.835+0000] {processor.py:914} INFO - Processing file /opt/airflow/dags/db_and_model_update_dag.py for tasks to queue
[2026-04-01T02:13:17.837+0000] {logging_mixin.py:190} INFO - [2026-04-01T02:13:17.837+0000] {dagbag.py:588} INFO - Filling up the DagBag from /opt/airflow/dags/db_and_model_update_dag.py
[2026-04-01T02:13:17.869+0000] {processor.py:925} INFO - DAG(s) 'db_and_model_update' retrieved from /opt/airflow/dags/db_and_model_update_dag.py
[2026-04-01T02:13:17.898+0000] {logging_mixin.py:190} INFO - [2026-04-01T02:13:17.898+0000] {dag.py:3239} INFO - Sync 1 DAGs
[2026-04-01T02:13:17.940+0000] {processor.py:208} INFO - Processing /opt/airflow/dags/db_and_model_update_dag.py took 0.112 seconds
[2026-04-01T02:13:48.173+0000] {processor.py:186} INFO - Started process (PID=6684) to work on /opt/airflow/dags/db_and_model_update_dag.py
[2026-04-01T02:13:48.174+0000] {processor.py:914} INFO - Processing file /opt/airflow/dags/db_and_model_update_dag.py for tasks to queue
[2026-04-01T02:13:48.176+0000] {logging_mixin.py:190} INFO - [2026-04-01T02:13:48.176+0000] {dagbag.py:588} INFO - Filling up the DagBag from /opt/airflow/dags/db_and_model_update_dag.py
[2026-04-01T02:13:48.195+0000] {processor.py:925} INFO - DAG(s) 'db_and_model_update' retrieved from /opt/airflow/dags/db_and_model_update_dag.py
[2026-04-01T02:13:48.227+0000] {logging_mixin.py:190} INFO - [2026-04-01T02:13:48.227+0000] {dag.py:3239} INFO - Sync 1 DAGs
[2026-04-01T02:13:48.270+0000] {processor.py:208} INFO - Processing /opt/airflow/dags/db_and_model_update_dag.py took 0.105 seconds
[2026-04-01T02:14:18.513+0000] {processor.py:186} INFO - Started process (PID=6694) to work on /opt/airflow/dags/db_and_model_update_dag.py
[2026-04-01T02:14:18.514+0000] {processor.py:914} INFO - Processing file /opt/airflow/dags/db_and_model_update_dag.py for tasks to queue
[2026-04-01T02:14:18.517+0000] {logging_mixin.py:190} INFO - [2026-04-01T02:14:18.517+0000] {dagbag.py:588} INFO - Filling up the DagBag from /opt/airflow/dags/db_and_model_update_dag.py
[2026-04-01T02:14:18.544+0000] {processor.py:925} INFO - DAG(s) 'db_and_model_update' retrieved from /opt/airflow/dags/db_and_model_update_dag.py
[2026-04-01T02:14:18.574+0000] {logging_mixin.py:190} INFO - [2026-04-01T02:14:18.573+0000] {dag.py:3239} INFO - Sync 1 DAGs
[2026-04-01T02:14:18.611+0000] {processor.py:208} INFO - Processing /opt/airflow/dags/db_and_model_update_dag.py took 0.108 seconds
[2026-04-01T02:14:48.720+0000] {processor.py:186} INFO - Started process (PID=6704) to work on /opt/airflow/dags/db_and_model_update_dag.py
[2026-04-01T02:14:48.721+0000] {processor.py:914} INFO - Processing file /opt/airflow/dags/db_and_model_update_dag.py for tasks to queue
[2026-04-01T02:14:48.723+0000] {logging_mixin.py:190} INFO - [2026-04-01T02:14:48.723+0000] {dagbag.py:588} INFO - Filling up the DagBag from /opt/airflow/dags/db_and_model_update_dag.py
[2026-04-01T02:14:48.743+0000] {processor.py:925} INFO - DAG(s) 'db_and_model_update' retrieved from /opt/airflow/dags/db_and_model_update_dag.py
[2026-04-01T02:14:48.776+0000] {logging_mixin.py:190} INFO - [2026-04-01T02:14:48.776+0000] {dag.py:3239} INFO - Sync 1 DAGs
[2026-04-01T02:14:48.824+0000] {processor.py:208} INFO - Processing /opt/airflow/dags/db_and_model_update_dag.py took 0.111 seconds
[2026-04-01T02:15:19.039+0000] {processor.py:186} INFO - Started process (PID=6714) to work on /opt/airflow/dags/db_and_model_update_dag.py
[2026-04-01T02:15:19.040+0000] {processor.py:914} INFO - Processing file /opt/airflow/dags/db_and_model_update_dag.py for tasks to queue
[2026-04-01T02:15:19.042+0000] {logging_mixin.py:190} INFO - [2026-04-01T02:15:19.042+0000] {dagbag.py:588} INFO - Filling up the DagBag from /opt/airflow/dags/db_and_model_update_dag.py
[2026-04-01T02:15:19.060+0000] {processor.py:925} INFO - DAG(s) 'db_and_model_update' retrieved from /opt/airflow/dags/db_and_model_update_dag.py
[2026-04-01T02:15:19.087+0000] {logging_mixin.py:190} INFO - [2026-04-01T02:15:19.086+0000] {dag.py:3239} INFO - Sync 1 DAGs
[2026-04-01T02:15:19.121+0000] {processor.py:208} INFO - Processing /opt/airflow/dags/db_and_model_update_dag.py took 0.090 seconds
[2026-04-01T02:15:49.223+0000] {processor.py:186} INFO - Started process (PID=6724) to work on /opt/airflow/dags/db_and_model_update_dag.py
[2026-04-01T02:15:49.224+0000] {processor.py:914} INFO - Processing file /opt/airflow/dags/db_and_model_update_dag.py for tasks to queue
[2026-04-01T02:15:49.226+0000] {logging_mixin.py:190} INFO - [2026-04-01T02:15:49.226+0000] {dagbag.py:588} INFO - Filling up the DagBag from /opt/airflow/dags/db_and_model_update_dag.py
[2026-04-01T02:15:49.250+0000] {processor.py:925} INFO - DAG(s) 'db_and_model_update' retrieved from /opt/airflow/dags/db_and_model_update_dag.py
[2026-04-01T02:15:49.278+0000] {logging_mixin.py:190} INFO - [2026-04-01T02:15:49.278+0000] {dag.py:3239} INFO - Sync 1 DAGs
[2026-04-01T02:15:49.321+0000] {processor.py:208} INFO - Processing /opt/airflow/dags/db_and_model_update_dag.py took 0.107 seconds
[2026-04-01T02:16:19.508+0000] {processor.py:186} INFO - Started process (PID=6734) to work on /opt/airflow/dags/db_and_model_update_dag.py
[2026-04-01T02:16:19.509+0000] {processor.py:914} INFO - Processing file /opt/airflow/dags/db_and_model_update_dag.py for tasks to queue
[2026-04-01T02:16:19.512+0000] {logging_mixin.py:190} INFO - [2026-04-01T02:16:19.512+0000] {dagbag.py:588} INFO - Filling up the DagBag from /opt/airflow/dags/db_and_model_update_dag.py
[2026-04-01T02:16:19.531+0000] {processor.py:925} INFO - DAG(s) 'db_and_model_update' retrieved from /opt/airflow/dags/db_and_model_update_dag.py
[2026-04-01T02:16:19.565+0000] {logging_mixin.py:190} INFO - [2026-04-01T02:16:19.564+0000] {dag.py:3239} INFO - Sync 1 DAGs
[2026-04-01T02:16:19.607+0000] {processor.py:208} INFO - Processing /opt/airflow/dags/db_and_model_update_dag.py took 0.105 seconds
[2026-04-01T02:16:49.726+0000] {processor.py:186} INFO - Started process (PID=6744) to work on /opt/airflow/dags/db_and_model_update_dag.py
[2026-04-01T02:16:49.728+0000] {processor.py:914} INFO - Processing file /opt/airflow/dags/db_and_model_update_dag.py for tasks to queue
[2026-04-01T02:16:49.730+0000] {logging_mixin.py:190} INFO - [2026-04-01T02:16:49.729+0000] {dagbag.py:588} INFO - Filling up the DagBag from /opt/airflow/dags/db_and_model_update_dag.py
[2026-04-01T02:16:49.751+0000] {processor.py:925} INFO - DAG(s) 'db_and_model_update' retrieved from /opt/airflow/dags/db_and_model_update_dag.py
[2026-04-01T02:16:49.781+0000] {logging_mixin.py:190} INFO - [2026-04-01T02:16:49.781+0000] {dag.py:3239} INFO - Sync 1 DAGs
[2026-04-01T02:16:49.822+0000] {processor.py:208} INFO - Processing /opt/airflow/dags/db_and_model_update_dag.py took 0.102 seconds
[2026-04-01T02:17:20.053+0000] {processor.py:186} INFO - Started process (PID=6754) to work on /opt/airflow/dags/db_and_model_update_dag.py
[2026-04-01T02:17:20.055+0000] {processor.py:914} INFO - Processing file /opt/airflow/dags/db_and_model_update_dag.py for tasks to queue
[2026-04-01T02:17:20.058+0000] {logging_mixin.py:190} INFO - [2026-04-01T02:17:20.057+0000] {dagbag.py:588} INFO - Filling up the DagBag from /opt/airflow/dags/db_and_model_update_dag.py
[2026-04-01T02:17:20.078+0000] {processor.py:925} INFO - DAG(s) 'db_and_model_update' retrieved from /opt/airflow/dags/db_and_model_update_dag.py
[2026-04-01T02:17:20.108+0000] {logging_mixin.py:190} INFO - [2026-04-01T02:17:20.108+0000] {dag.py:3239} INFO - Sync 1 DAGs
[2026-04-01T02:17:20.154+0000] {processor.py:208} INFO - Processing /opt/airflow/dags/db_and_model_update_dag.py took 0.109 seconds
[2026-04-01T02:17:50.246+0000] {processor.py:186} INFO - Started process (PID=6764) to work on /opt/airflow/dags/db_and_model_update_dag.py
[2026-04-01T02:17:50.247+0000] {processor.py:914} INFO - Processing file /opt/airflow/dags/db_and_model_update_dag.py for tasks to queue
[2026-04-01T02:17:50.250+0000] {logging_mixin.py:190} INFO - [2026-04-01T02:17:50.250+0000] {dagbag.py:588} INFO - Filling up the DagBag from /opt/airflow/dags/db_and_model_update_dag.py
[2026-04-01T02:17:50.274+0000] {processor.py:925} INFO - DAG(s) 'db_and_model_update' retrieved from /opt/airflow/dags/db_and_model_update_dag.py
[2026-04-01T02:17:50.304+0000] {logging_mixin.py:190} INFO - [2026-04-01T02:17:50.304+0000] {dag.py:3239} INFO - Sync 1 DAGs
[2026-04-01T02:17:50.345+0000] {processor.py:208} INFO - Processing /opt/airflow/dags/db_and_model_update_dag.py took 0.105 seconds
[2026-04-01T02:18:20.616+0000] {processor.py:186} INFO - Started process (PID=6774) to work on /opt/airflow/dags/db_and_model_update_dag.py
[2026-04-01T02:18:20.617+0000] {processor.py:914} INFO - Processing file /opt/airflow/dags/db_and_model_update_dag.py for tasks to queue
[2026-04-01T02:18:20.619+0000] {logging_mixin.py:190} INFO - [2026-04-01T02:18:20.619+0000] {dagbag.py:588} INFO - Filling up the DagBag from /opt/airflow/dags/db_and_model_update_dag.py
[2026-04-01T02:18:20.642+0000] {processor.py:925} INFO - DAG(s) 'db_and_model_update' retrieved from /opt/airflow/dags/db_and_model_update_dag.py
[2026-04-01T02:18:20.682+0000] {logging_mixin.py:190} INFO - [2026-04-01T02:18:20.682+0000] {dag.py:3239} INFO - Sync 1 DAGs
[2026-04-01T02:18:20.750+0000] {processor.py:208} INFO - Processing /opt/airflow/dags/db_and_model_update_dag.py took 0.141 seconds
[2026-04-01T02:18:50.976+0000] {processor.py:186} INFO - Started process (PID=6784) to work on /opt/airflow/dags/db_and_model_update_dag.py
[2026-04-01T02:18:50.977+0000] {processor.py:914} INFO - Processing file /opt/airflow/dags/db_and_model_update_dag.py for tasks to queue
[2026-04-01T02:18:50.979+0000] {logging_mixin.py:190} INFO - [2026-04-01T02:18:50.978+0000] {dagbag.py:588} INFO - Filling up the DagBag from /opt/airflow/dags/db_and_model_update_dag.py
[2026-04-01T02:18:50.997+0000] {processor.py:925} INFO - DAG(s) 'db_and_model_update' retrieved from /opt/airflow/dags/db_and_model_update_dag.py
[2026-04-01T02:18:51.051+0000] {logging_mixin.py:190} INFO - [2026-04-01T02:18:51.051+0000] {dag.py:3239} INFO - Sync 1 DAGs
[2026-04-01T02:18:51.097+0000] {processor.py:208} INFO - Processing /opt/airflow/dags/db_and_model_update_dag.py took 0.128 seconds
[2026-04-01T02:19:21.352+0000] {processor.py:186} INFO - Started process (PID=6794) to work on /opt/airflow/dags/db_and_model_update_dag.py
[2026-04-01T02:19:21.353+0000] {processor.py:914} INFO - Processing file /opt/airflow/dags/db_and_model_update_dag.py for tasks to queue
[2026-04-01T02:19:21.356+0000] {logging_mixin.py:190} INFO - [2026-04-01T02:19:21.356+0000] {dagbag.py:588} INFO - Filling up the DagBag from /opt/airflow/dags/db_and_model_update_dag.py
[2026-04-01T02:19:21.378+0000] {processor.py:925} INFO - DAG(s) 'db_and_model_update' retrieved from /opt/airflow/dags/db_and_model_update_dag.py
[2026-04-01T02:19:21.406+0000] {logging_mixin.py:190} INFO - [2026-04-01T02:19:21.406+0000] {dag.py:3239} INFO - Sync 1 DAGs
[2026-04-01T02:19:21.443+0000] {processor.py:208} INFO - Processing /opt/airflow/dags/db_and_model_update_dag.py took 0.099 seconds
[2026-04-01T02:19:51.716+0000] {processor.py:186} INFO - Started process (PID=6804) to work on /opt/airflow/dags/db_and_model_update_dag.py
[2026-04-01T02:19:51.718+0000] {processor.py:914} INFO - Processing file /opt/airflow/dags/db_and_model_update_dag.py for tasks to queue
[2026-04-01T02:19:51.721+0000] {logging_mixin.py:190} INFO - [2026-04-01T02:19:51.720+0000] {dagbag.py:588} INFO - Filling up the DagBag from /opt/airflow/dags/db_and_model_update_dag.py
[2026-04-01T02:19:51.740+0000] {processor.py:925} INFO - DAG(s) 'db_and_model_update' retrieved from /opt/airflow/dags/db_and_model_update_dag.py
[2026-04-01T02:19:51.773+0000] {logging_mixin.py:190} INFO - [2026-04-01T02:19:51.773+0000] {dag.py:3239} INFO - Sync 1 DAGs
[2026-04-01T02:19:51.812+0000] {processor.py:208} INFO - Processing /opt/airflow/dags/db_and_model_update_dag.py took 0.102 seconds
[2026-04-01T02:20:22.048+0000] {processor.py:186} INFO - Started process (PID=6814) to work on /opt/airflow/dags/db_and_model_update_dag.py
[2026-04-01T02:20:22.049+0000] {processor.py:914} INFO - Processing file /opt/airflow/dags/db_and_model_update_dag.py for tasks to queue
[2026-04-01T02:20:22.051+0000] {logging_mixin.py:190} INFO - [2026-04-01T02:20:22.051+0000] {dagbag.py:588} INFO - Filling up the DagBag from /opt/airflow/dags/db_and_model_update_dag.py
[2026-04-01T02:20:22.069+0000] {processor.py:925} INFO - DAG(s) 'db_and_model_update' retrieved from /opt/airflow/dags/db_and_model_update_dag.py
[2026-04-01T02:20:22.097+0000] {logging_mixin.py:190} INFO - [2026-04-01T02:20:22.097+0000] {dag.py:3239} INFO - Sync 1 DAGs
[2026-04-01T02:20:22.140+0000] {processor.py:208} INFO - Processing /opt/airflow/dags/db_and_model_update_dag.py took 0.100 seconds
[2026-04-01T02:20:52.384+0000] {processor.py:186} INFO - Started process (PID=6824) to work on /opt/airflow/dags/db_and_model_update_dag.py
[2026-04-01T02:20:52.385+0000] {processor.py:914} INFO - Processing file /opt/airflow/dags/db_and_model_update_dag.py for tasks to queue
[2026-04-01T02:20:52.388+0000] {logging_mixin.py:190} INFO - [2026-04-01T02:20:52.387+0000] {dagbag.py:588} INFO - Filling up the DagBag from /opt/airflow/dags/db_and_model_update_dag.py
[2026-04-01T02:20:52.447+0000] {processor.py:925} INFO - DAG(s) 'db_and_model_update' retrieved from /opt/airflow/dags/db_and_model_update_dag.py
[2026-04-01T02:20:52.491+0000] {logging_mixin.py:190} INFO - [2026-04-01T02:20:52.491+0000] {dag.py:3239} INFO - Sync 1 DAGs
[2026-04-01T02:20:52.547+0000] {processor.py:208} INFO - Processing /opt/airflow/dags/db_and_model_update_dag.py took 0.170 seconds
[2026-04-01T02:21:22.772+0000] {processor.py:186} INFO - Started process (PID=6834) to work on /opt/airflow/dags/db_and_model_update_dag.py
[2026-04-01T02:21:22.773+0000] {processor.py:914} INFO - Processing file /opt/airflow/dags/db_and_model_update_dag.py for tasks to queue
[2026-04-01T02:21:22.775+0000] {logging_mixin.py:190} INFO - [2026-04-01T02:21:22.775+0000] {dagbag.py:588} INFO - Filling up the DagBag from /opt/airflow/dags/db_and_model_update_dag.py
[2026-04-01T02:21:22.796+0000] {processor.py:925} INFO - DAG(s) 'db_and_model_update' retrieved from /opt/airflow/dags/db_and_model_update_dag.py
[2026-04-01T02:21:22.825+0000] {logging_mixin.py:190} INFO - [2026-04-01T02:21:22.825+0000] {dag.py:3239} INFO - Sync 1 DAGs
[2026-04-01T02:21:22.862+0000] {processor.py:208} INFO - Processing /opt/airflow/dags/db_and_model_update_dag.py took 0.096 seconds
[2026-04-01T02:21:52.988+0000] {processor.py:186} INFO - Started process (PID=6844) to work on /opt/airflow/dags/db_and_model_update_dag.py
[2026-04-01T02:21:52.990+0000] {processor.py:914} INFO - Processing file /opt/airflow/dags/db_and_model_update_dag.py for tasks to queue
[2026-04-01T02:21:52.992+0000] {logging_mixin.py:190} INFO - [2026-04-01T02:21:52.992+0000] {dagbag.py:588} INFO - Filling up the DagBag from /opt/airflow/dags/db_and_model_update_dag.py
[2026-04-01T02:21:53.013+0000] {processor.py:925} INFO - DAG(s) 'db_and_model_update' retrieved from /opt/airflow/dags/db_and_model_update_dag.py
[2026-04-01T02:21:53.046+0000] {logging_mixin.py:190} INFO - [2026-04-01T02:21:53.045+0000] {dag.py:3239} INFO - Sync 1 DAGs
[2026-04-01T02:21:53.088+0000] {processor.py:208} INFO - Processing /opt/airflow/dags/db_and_model_update_dag.py took 0.107 seconds
[2026-04-01T02:22:23.339+0000] {processor.py:186} INFO - Started process (PID=6854) to work on /opt/airflow/dags/db_and_model_update_dag.py
[2026-04-01T02:22:23.341+0000] {processor.py:914} INFO - Processing file /opt/airflow/dags/db_and_model_update_dag.py for tasks to queue
[2026-04-01T02:22:23.343+0000] {logging_mixin.py:190} INFO - [2026-04-01T02:22:23.343+0000] {dagbag.py:588} INFO - Filling up the DagBag from /opt/airflow/dags/db_and_model_update_dag.py
[2026-04-01T02:22:23.379+0000] {processor.py:925} INFO - DAG(s) 'db_and_model_update' retrieved from /opt/airflow/dags/db_and_model_update_dag.py
[2026-04-01T02:22:23.417+0000] {logging_mixin.py:190} INFO - [2026-04-01T02:22:23.417+0000] {dag.py:3239} INFO - Sync 1 DAGs
[2026-04-01T02:22:23.465+0000] {processor.py:208} INFO - Processing /opt/airflow/dags/db_and_model_update_dag.py took 0.133 seconds
[2026-04-01T02:22:53.710+0000] {processor.py:186} INFO - Started process (PID=6864) to work on /opt/airflow/dags/db_and_model_update_dag.py
[2026-04-01T02:22:53.711+0000] {processor.py:914} INFO - Processing file /opt/airflow/dags/db_and_model_update_dag.py for tasks to queue
[2026-04-01T02:22:53.714+0000] {logging_mixin.py:190} INFO - [2026-04-01T02:22:53.714+0000] {dagbag.py:588} INFO - Filling up the DagBag from /opt/airflow/dags/db_and_model_update_dag.py
[2026-04-01T02:22:53.734+0000] {processor.py:925} INFO - DAG(s) 'db_and_model_update' retrieved from /opt/airflow/dags/db_and_model_update_dag.py
[2026-04-01T02:22:53.765+0000] {logging_mixin.py:190} INFO - [2026-04-01T02:22:53.764+0000] {dag.py:3239} INFO - Sync 1 DAGs
[2026-04-01T02:22:53.804+0000] {processor.py:208} INFO - Processing /opt/airflow/dags/db_and_model_update_dag.py took 0.102 seconds
[2026-04-01T02:23:24.013+0000] {processor.py:186} INFO - Started process (PID=6874) to work on /opt/airflow/dags/db_and_model_update_dag.py
[2026-04-01T02:23:24.014+0000] {processor.py:914} INFO - Processing file /opt/airflow/dags/db_and_model_update_dag.py for tasks to queue
[2026-04-01T02:23:24.017+0000] {logging_mixin.py:190} INFO - [2026-04-01T02:23:24.016+0000] {dagbag.py:588} INFO - Filling up the DagBag from /opt/airflow/dags/db_and_model_update_dag.py
[2026-04-01T02:23:24.036+0000] {processor.py:925} INFO - DAG(s) 'db_and_model_update' retrieved from /opt/airflow/dags/db_and_model_update_dag.py
[2026-04-01T02:23:24.064+0000] {logging_mixin.py:190} INFO - [2026-04-01T02:23:24.064+0000] {dag.py:3239} INFO - Sync 1 DAGs
[2026-04-01T02:23:24.104+0000] {processor.py:208} INFO - Processing /opt/airflow/dags/db_and_model_update_dag.py took 0.099 seconds
[2026-04-01T02:23:54.359+0000] {processor.py:186} INFO - Started process (PID=6884) to work on /opt/airflow/dags/db_and_model_update_dag.py
[2026-04-01T02:23:54.360+0000] {processor.py:914} INFO - Processing file /opt/airflow/dags/db_and_model_update_dag.py for tasks to queue
[2026-04-01T02:23:54.363+0000] {logging_mixin.py:190} INFO - [2026-04-01T02:23:54.363+0000] {dagbag.py:588} INFO - Filling up the DagBag from /opt/airflow/dags/db_and_model_update_dag.py
[2026-04-01T02:23:54.386+0000] {processor.py:925} INFO - DAG(s) 'db_and_model_update' retrieved from /opt/airflow/dags/db_and_model_update_dag.py
[2026-04-01T02:23:54.446+0000] {logging_mixin.py:190} INFO - [2026-04-01T02:23:54.446+0000] {dag.py:3239} INFO - Sync 1 DAGs
[2026-04-01T02:23:54.508+0000] {processor.py:208} INFO - Processing /opt/airflow/dags/db_and_model_update_dag.py took 0.162 seconds
[2026-04-01T02:24:24.734+0000] {processor.py:186} INFO - Started process (PID=6894) to work on /opt/airflow/dags/db_and_model_update_dag.py
[2026-04-01T02:24:24.735+0000] {processor.py:914} INFO - Processing file /opt/airflow/dags/db_and_model_update_dag.py for tasks to queue
[2026-04-01T02:24:24.738+0000] {logging_mixin.py:190} INFO - [2026-04-01T02:24:24.738+0000] {dagbag.py:588} INFO - Filling up the DagBag from /opt/airflow/dags/db_and_model_update_dag.py
[2026-04-01T02:24:24.760+0000] {processor.py:925} INFO - DAG(s) 'db_and_model_update' retrieved from /opt/airflow/dags/db_and_model_update_dag.py
[2026-04-01T02:24:24.793+0000] {logging_mixin.py:190} INFO - [2026-04-01T02:24:24.793+0000] {dag.py:3239} INFO - Sync 1 DAGs
[2026-04-01T02:24:24.830+0000] {processor.py:208} INFO - Processing /opt/airflow/dags/db_and_model_update_dag.py took 0.103 seconds
[2026-04-01T02:24:54.933+0000] {processor.py:186} INFO - Started process (PID=6904) to work on /opt/airflow/dags/db_and_model_update_dag.py
[2026-04-01T02:24:54.935+0000] {processor.py:914} INFO - Processing file /opt/airflow/dags/db_and_model_update_dag.py for tasks to queue
[2026-04-01T02:24:54.937+0000] {logging_mixin.py:190} INFO - [2026-04-01T02:24:54.937+0000] {dagbag.py:588} INFO - Filling up the DagBag from /opt/airflow/dags/db_and_model_update_dag.py
[2026-04-01T02:24:54.956+0000] {processor.py:925} INFO - DAG(s) 'db_and_model_update' retrieved from /opt/airflow/dags/db_and_model_update_dag.py
[2026-04-01T02:24:54.986+0000] {logging_mixin.py:190} INFO - [2026-04-01T02:24:54.985+0000] {dag.py:3239} INFO - Sync 1 DAGs
[2026-04-01T02:24:55.024+0000] {processor.py:208} INFO - Processing /opt/airflow/dags/db_and_model_update_dag.py took 0.098 seconds
[2026-04-01T02:25:25.247+0000] {processor.py:186} INFO - Started process (PID=6914) to work on /opt/airflow/dags/db_and_model_update_dag.py
[2026-04-01T02:25:25.248+0000] {processor.py:914} INFO - Processing file /opt/airflow/dags/db_and_model_update_dag.py for tasks to queue
[2026-04-01T02:25:25.250+0000] {logging_mixin.py:190} INFO - [2026-04-01T02:25:25.250+0000] {dagbag.py:588} INFO - Filling up the DagBag from /opt/airflow/dags/db_and_model_update_dag.py
[2026-04-01T02:25:25.272+0000] {processor.py:925} INFO - DAG(s) 'db_and_model_update' retrieved from /opt/airflow/dags/db_and_model_update_dag.py
[2026-04-01T02:25:25.308+0000] {logging_mixin.py:190} INFO - [2026-04-01T02:25:25.308+0000] {dag.py:3239} INFO - Sync 1 DAGs
[2026-04-01T02:25:25.363+0000] {processor.py:208} INFO - Processing /opt/airflow/dags/db_and_model_update_dag.py took 0.122 seconds
[2026-04-01T02:25:55.592+0000] {processor.py:186} INFO - Started process (PID=6924) to work on /opt/airflow/dags/db_and_model_update_dag.py
[2026-04-01T02:25:55.594+0000] {processor.py:914} INFO - Processing file /opt/airflow/dags/db_and_model_update_dag.py for tasks to queue
[2026-04-01T02:25:55.596+0000] {logging_mixin.py:190} INFO - [2026-04-01T02:25:55.596+0000] {dagbag.py:588} INFO - Filling up the DagBag from /opt/airflow/dags/db_and_model_update_dag.py
[2026-04-01T02:25:55.619+0000] {processor.py:925} INFO - DAG(s) 'db_and_model_update' retrieved from /opt/airflow/dags/db_and_model_update_dag.py
[2026-04-01T02:25:55.651+0000] {logging_mixin.py:190} INFO - [2026-04-01T02:25:55.650+0000] {dag.py:3239} INFO - Sync 1 DAGs
[2026-04-01T02:25:55.689+0000] {processor.py:208} INFO - Processing /opt/airflow/dags/db_and_model_update_dag.py took 0.103 seconds
[2026-04-01T02:26:25.793+0000] {processor.py:186} INFO - Started process (PID=6934) to work on /opt/airflow/dags/db_and_model_update_dag.py
[2026-04-01T02:26:25.794+0000] {processor.py:914} INFO - Processing file /opt/airflow/dags/db_and_model_update_dag.py for tasks to queue
[2026-04-01T02:26:25.796+0000] {logging_mixin.py:190} INFO - [2026-04-01T02:26:25.796+0000] {dagbag.py:588} INFO - Filling up the DagBag from /opt/airflow/dags/db_and_model_update_dag.py
[2026-04-01T02:26:25.815+0000] {processor.py:925} INFO - DAG(s) 'db_and_model_update' retrieved from /opt/airflow/dags/db_and_model_update_dag.py
[2026-04-01T02:26:25.843+0000] {logging_mixin.py:190} INFO - [2026-04-01T02:26:25.843+0000] {dag.py:3239} INFO - Sync 1 DAGs
[2026-04-01T02:26:25.886+0000] {processor.py:208} INFO - Processing /opt/airflow/dags/db_and_model_update_dag.py took 0.099 seconds
[2026-04-01T02:26:56.041+0000] {processor.py:186} INFO - Started process (PID=6944) to work on /opt/airflow/dags/db_and_model_update_dag.py
[2026-04-01T02:26:56.042+0000] {processor.py:914} INFO - Processing file /opt/airflow/dags/db_and_model_update_dag.py for tasks to queue
[2026-04-01T02:26:56.045+0000] {logging_mixin.py:190} INFO - [2026-04-01T02:26:56.044+0000] {dagbag.py:588} INFO - Filling up the DagBag from /opt/airflow/dags/db_and_model_update_dag.py
[2026-04-01T02:26:56.098+0000] {processor.py:925} INFO - DAG(s) 'db_and_model_update' retrieved from /opt/airflow/dags/db_and_model_update_dag.py
[2026-04-01T02:26:56.133+0000] {logging_mixin.py:190} INFO - [2026-04-01T02:26:56.133+0000] {dag.py:3239} INFO - Sync 1 DAGs
[2026-04-01T02:26:56.174+0000] {processor.py:208} INFO - Processing /opt/airflow/dags/db_and_model_update_dag.py took 0.141 seconds
[2026-04-01T02:27:26.218+0000] {processor.py:186} INFO - Started process (PID=6954) to work on /opt/airflow/dags/db_and_model_update_dag.py
[2026-04-01T02:27:26.219+0000] {processor.py:914} INFO - Processing file /opt/airflow/dags/db_and_model_update_dag.py for tasks to queue
[2026-04-01T02:27:26.222+0000] {logging_mixin.py:190} INFO - [2026-04-01T02:27:26.221+0000] {dagbag.py:588} INFO - Filling up the DagBag from /opt/airflow/dags/db_and_model_update_dag.py
[2026-04-01T02:27:26.242+0000] {processor.py:925} INFO - DAG(s) 'db_and_model_update' retrieved from /opt/airflow/dags/db_and_model_update_dag.py
[2026-04-01T02:27:26.272+0000] {logging_mixin.py:190} INFO - [2026-04-01T02:27:26.271+0000] {dag.py:3239} INFO - Sync 1 DAGs
[2026-04-01T02:27:26.316+0000] {processor.py:208} INFO - Processing /opt/airflow/dags/db_and_model_update_dag.py took 0.103 seconds
[2026-04-01T02:27:56.550+0000] {processor.py:186} INFO - Started process (PID=6964) to work on /opt/airflow/dags/db_and_model_update_dag.py
[2026-04-01T02:27:56.551+0000] {processor.py:914} INFO - Processing file /opt/airflow/dags/db_and_model_update_dag.py for tasks to queue
[2026-04-01T02:27:56.554+0000] {logging_mixin.py:190} INFO - [2026-04-01T02:27:56.553+0000] {dagbag.py:588} INFO - Filling up the DagBag from /opt/airflow/dags/db_and_model_update_dag.py
[2026-04-01T02:27:56.572+0000] {processor.py:925} INFO - DAG(s) 'db_and_model_update' retrieved from /opt/airflow/dags/db_and_model_update_dag.py
[2026-04-01T02:27:56.603+0000] {logging_mixin.py:190} INFO - [2026-04-01T02:27:56.603+0000] {dag.py:3239} INFO - Sync 1 DAGs
[2026-04-01T02:27:56.644+0000] {processor.py:208} INFO - Processing /opt/airflow/dags/db_and_model_update_dag.py took 0.102 seconds
[2026-04-01T02:28:26.856+0000] {processor.py:186} INFO - Started process (PID=6974) to work on /opt/airflow/dags/db_and_model_update_dag.py
[2026-04-01T02:28:26.858+0000] {processor.py:914} INFO - Processing file /opt/airflow/dags/db_and_model_update_dag.py for tasks to queue
[2026-04-01T02:28:26.861+0000] {logging_mixin.py:190} INFO - [2026-04-01T02:28:26.860+0000] {dagbag.py:588} INFO - Filling up the DagBag from /opt/airflow/dags/db_and_model_update_dag.py
[2026-04-01T02:28:26.883+0000] {processor.py:925} INFO - DAG(s) 'db_and_model_update' retrieved from /opt/airflow/dags/db_and_model_update_dag.py
[2026-04-01T02:28:26.917+0000] {logging_mixin.py:190} INFO - [2026-04-01T02:28:26.916+0000] {dag.py:3239} INFO - Sync 1 DAGs
[2026-04-01T02:28:26.957+0000] {processor.py:208} INFO - Processing /opt/airflow/dags/db_and_model_update_dag.py took 0.107 seconds
[2026-04-01T02:28:57.165+0000] {processor.py:186} INFO - Started process (PID=6984) to work on /opt/airflow/dags/db_and_model_update_dag.py
[2026-04-01T02:28:57.166+0000] {processor.py:914} INFO - Processing file /opt/airflow/dags/db_and_model_update_dag.py for tasks to queue
[2026-04-01T02:28:57.168+0000] {logging_mixin.py:190} INFO - [2026-04-01T02:28:57.167+0000] {dagbag.py:588} INFO - Filling up the DagBag from /opt/airflow/dags/db_and_model_update_dag.py
[2026-04-01T02:28:57.185+0000] {processor.py:925} INFO - DAG(s) 'db_and_model_update' retrieved from /opt/airflow/dags/db_and_model_update_dag.py
[2026-04-01T02:28:57.211+0000] {logging_mixin.py:190} INFO - [2026-04-01T02:28:57.210+0000] {dag.py:3239} INFO - Sync 1 DAGs
[2026-04-01T02:28:57.249+0000] {processor.py:208} INFO - Processing /opt/airflow/dags/db_and_model_update_dag.py took 0.090 seconds
[2026-04-01T02:29:27.368+0000] {processor.py:186} INFO - Started process (PID=6994) to work on /opt/airflow/dags/db_and_model_update_dag.py
[2026-04-01T02:29:27.369+0000] {processor.py:914} INFO - Processing file /opt/airflow/dags/db_and_model_update_dag.py for tasks to queue
[2026-04-01T02:29:27.372+0000] {logging_mixin.py:190} INFO - [2026-04-01T02:29:27.371+0000] {dagbag.py:588} INFO - Filling up the DagBag from /opt/airflow/dags/db_and_model_update_dag.py
[2026-04-01T02:29:27.396+0000] {processor.py:925} INFO - DAG(s) 'db_and_model_update' retrieved from /opt/airflow/dags/db_and_model_update_dag.py
[2026-04-01T02:29:27.425+0000] {logging_mixin.py:190} INFO - [2026-04-01T02:29:27.424+0000] {dag.py:3239} INFO - Sync 1 DAGs
[2026-04-01T02:29:27.465+0000] {processor.py:208} INFO - Processing /opt/airflow/dags/db_and_model_update_dag.py took 0.103 seconds
[2026-04-01T02:29:57.650+0000] {processor.py:186} INFO - Started process (PID=7004) to work on /opt/airflow/dags/db_and_model_update_dag.py
[2026-04-01T02:29:57.652+0000] {processor.py:914} INFO - Processing file /opt/airflow/dags/db_and_model_update_dag.py for tasks to queue
[2026-04-01T02:29:57.654+0000] {logging_mixin.py:190} INFO - [2026-04-01T02:29:57.654+0000] {dagbag.py:588} INFO - Filling up the DagBag from /opt/airflow/dags/db_and_model_update_dag.py
[2026-04-01T02:29:57.674+0000] {processor.py:925} INFO - DAG(s) 'db_and_model_update' retrieved from /opt/airflow/dags/db_and_model_update_dag.py
[2026-04-01T02:29:57.710+0000] {logging_mixin.py:190} INFO - [2026-04-01T02:29:57.710+0000] {dag.py:3239} INFO - Sync 1 DAGs
[2026-04-01T02:29:57.747+0000] {processor.py:208} INFO - Processing /opt/airflow/dags/db_and_model_update_dag.py took 0.104 seconds
[2026-04-01T02:30:27.967+0000] {processor.py:186} INFO - Started process (PID=7014) to work on /opt/airflow/dags/db_and_model_update_dag.py
[2026-04-01T02:30:27.968+0000] {processor.py:914} INFO - Processing file /opt/airflow/dags/db_and_model_update_dag.py for tasks to queue
[2026-04-01T02:30:27.970+0000] {logging_mixin.py:190} INFO - [2026-04-01T02:30:27.970+0000] {dagbag.py:588} INFO - Filling up the DagBag from /opt/airflow/dags/db_and_model_update_dag.py
[2026-04-01T02:30:27.989+0000] {processor.py:925} INFO - DAG(s) 'db_and_model_update' retrieved from /opt/airflow/dags/db_and_model_update_dag.py
[2026-04-01T02:30:28.018+0000] {logging_mixin.py:190} INFO - [2026-04-01T02:30:28.018+0000] {dag.py:3239} INFO - Sync 1 DAGs
[2026-04-01T02:30:28.061+0000] {processor.py:208} INFO - Processing /opt/airflow/dags/db_and_model_update_dag.py took 0.101 seconds
[2026-04-01T02:30:58.255+0000] {processor.py:186} INFO - Started process (PID=7024) to work on /opt/airflow/dags/db_and_model_update_dag.py
[2026-04-01T02:30:58.259+0000] {processor.py:914} INFO - Processing file /opt/airflow/dags/db_and_model_update_dag.py for tasks to queue
[2026-04-01T02:30:58.262+0000] {logging_mixin.py:190} INFO - [2026-04-01T02:30:58.262+0000] {dagbag.py:588} INFO - Filling up the DagBag from /opt/airflow/dags/db_and_model_update_dag.py
[2026-04-01T02:30:58.293+0000] {processor.py:925} INFO - DAG(s) 'db_and_model_update' retrieved from /opt/airflow/dags/db_and_model_update_dag.py
[2026-04-01T02:30:58.328+0000] {logging_mixin.py:190} INFO - [2026-04-01T02:30:58.328+0000] {dag.py:3239} INFO - Sync 1 DAGs
[2026-04-01T02:30:58.381+0000] {processor.py:208} INFO - Processing /opt/airflow/dags/db_and_model_update_dag.py took 0.134 seconds
[2026-04-01T02:31:28.604+0000] {processor.py:186} INFO - Started process (PID=7034) to work on /opt/airflow/dags/db_and_model_update_dag.py
[2026-04-01T02:31:28.605+0000] {processor.py:914} INFO - Processing file /opt/airflow/dags/db_and_model_update_dag.py for tasks to queue
[2026-04-01T02:31:28.607+0000] {logging_mixin.py:190} INFO - [2026-04-01T02:31:28.606+0000] {dagbag.py:588} INFO - Filling up the DagBag from /opt/airflow/dags/db_and_model_update_dag.py
[2026-04-01T02:31:28.624+0000] {processor.py:925} INFO - DAG(s) 'db_and_model_update' retrieved from /opt/airflow/dags/db_and_model_update_dag.py
[2026-04-01T02:31:28.655+0000] {logging_mixin.py:190} INFO - [2026-04-01T02:31:28.654+0000] {dag.py:3239} INFO - Sync 1 DAGs
[2026-04-01T02:31:28.695+0000] {processor.py:208} INFO - Processing /opt/airflow/dags/db_and_model_update_dag.py took 0.098 seconds
[2026-04-01T02:31:58.776+0000] {processor.py:186} INFO - Started process (PID=7044) to work on /opt/airflow/dags/db_and_model_update_dag.py
[2026-04-01T02:31:58.777+0000] {processor.py:914} INFO - Processing file /opt/airflow/dags/db_and_model_update_dag.py for tasks to queue
[2026-04-01T02:31:58.780+0000] {logging_mixin.py:190} INFO - [2026-04-01T02:31:58.779+0000] {dagbag.py:588} INFO - Filling up the DagBag from /opt/airflow/dags/db_and_model_update_dag.py
[2026-04-01T02:31:58.797+0000] {processor.py:925} INFO - DAG(s) 'db_and_model_update' retrieved from /opt/airflow/dags/db_and_model_update_dag.py
[2026-04-01T02:31:58.825+0000] {logging_mixin.py:190} INFO - [2026-04-01T02:31:58.824+0000] {dag.py:3239} INFO - Sync 1 DAGs
[2026-04-01T02:31:58.869+0000] {processor.py:208} INFO - Processing /opt/airflow/dags/db_and_model_update_dag.py took 0.099 seconds
[2026-04-01T02:32:29.061+0000] {processor.py:186} INFO - Started process (PID=7054) to work on /opt/airflow/dags/db_and_model_update_dag.py
[2026-04-01T02:32:29.062+0000] {processor.py:914} INFO - Processing file /opt/airflow/dags/db_and_model_update_dag.py for tasks to queue
[2026-04-01T02:32:29.064+0000] {logging_mixin.py:190} INFO - [2026-04-01T02:32:29.064+0000] {dagbag.py:588} INFO - Filling up the DagBag from /opt/airflow/dags/db_and_model_update_dag.py
[2026-04-01T02:32:29.089+0000] {processor.py:925} INFO - DAG(s) 'db_and_model_update' retrieved from /opt/airflow/dags/db_and_model_update_dag.py
[2026-04-01T02:32:29.119+0000] {logging_mixin.py:190} INFO - [2026-04-01T02:32:29.119+0000] {dag.py:3239} INFO - Sync 1 DAGs
[2026-04-01T02:32:29.160+0000] {processor.py:208} INFO - Processing /opt/airflow/dags/db_and_model_update_dag.py took 0.107 seconds
[2026-04-01T02:32:59.272+0000] {processor.py:186} INFO - Started process (PID=7064) to work on /opt/airflow/dags/db_and_model_update_dag.py
[2026-04-01T02:32:59.274+0000] {processor.py:914} INFO - Processing file /opt/airflow/dags/db_and_model_update_dag.py for tasks to queue
[2026-04-01T02:32:59.277+0000] {logging_mixin.py:190} INFO - [2026-04-01T02:32:59.276+0000] {dagbag.py:588} INFO - Filling up the DagBag from /opt/airflow/dags/db_and_model_update_dag.py
[2026-04-01T02:32:59.296+0000] {processor.py:925} INFO - DAG(s) 'db_and_model_update' retrieved from /opt/airflow/dags/db_and_model_update_dag.py
[2026-04-01T02:32:59.327+0000] {logging_mixin.py:190} INFO - [2026-04-01T02:32:59.327+0000] {dag.py:3239} INFO - Sync 1 DAGs
[2026-04-01T02:32:59.369+0000] {processor.py:208} INFO - Processing /opt/airflow/dags/db_and_model_update_dag.py took 0.104 seconds
[2026-04-01T02:33:29.584+0000] {processor.py:186} INFO - Started process (PID=7074) to work on /opt/airflow/dags/db_and_model_update_dag.py
[2026-04-01T02:33:29.585+0000] {processor.py:914} INFO - Processing file /opt/airflow/dags/db_and_model_update_dag.py for tasks to queue
[2026-04-01T02:33:29.588+0000] {logging_mixin.py:190} INFO - [2026-04-01T02:33:29.587+0000] {dagbag.py:588} INFO - Filling up the DagBag from /opt/airflow/dags/db_and_model_update_dag.py
[2026-04-01T02:33:29.608+0000] {processor.py:925} INFO - DAG(s) 'db_and_model_update' retrieved from /opt/airflow/dags/db_and_model_update_dag.py
[2026-04-01T02:33:29.637+0000] {logging_mixin.py:190} INFO - [2026-04-01T02:33:29.637+0000] {dag.py:3239} INFO - Sync 1 DAGs
[2026-04-01T02:33:29.676+0000] {processor.py:208} INFO - Processing /opt/airflow/dags/db_and_model_update_dag.py took 0.098 seconds
[2026-04-01T02:33:59.880+0000] {processor.py:186} INFO - Started process (PID=7084) to work on /opt/airflow/dags/db_and_model_update_dag.py
[2026-04-01T02:33:59.881+0000] {processor.py:914} INFO - Processing file /opt/airflow/dags/db_and_model_update_dag.py for tasks to queue
[2026-04-01T02:33:59.884+0000] {logging_mixin.py:190} INFO - [2026-04-01T02:33:59.883+0000] {dagbag.py:588} INFO - Filling up the DagBag from /opt/airflow/dags/db_and_model_update_dag.py
[2026-04-01T02:33:59.907+0000] {processor.py:925} INFO - DAG(s) 'db_and_model_update' retrieved from /opt/airflow/dags/db_and_model_update_dag.py
[2026-04-01T02:33:59.944+0000] {logging_mixin.py:190} INFO - [2026-04-01T02:33:59.944+0000] {dag.py:3239} INFO - Sync 1 DAGs
[2026-04-01T02:34:00.021+0000] {processor.py:208} INFO - Processing /opt/airflow/dags/db_and_model_update_dag.py took 0.150 seconds
[2026-04-01T02:34:30.220+0000] {processor.py:186} INFO - Started process (PID=7094) to work on /opt/airflow/dags/db_and_model_update_dag.py
[2026-04-01T02:34:30.221+0000] {processor.py:914} INFO - Processing file /opt/airflow/dags/db_and_model_update_dag.py for tasks to queue
[2026-04-01T02:34:30.224+0000] {logging_mixin.py:190} INFO - [2026-04-01T02:34:30.224+0000] {dagbag.py:588} INFO - Filling up the DagBag from /opt/airflow/dags/db_and_model_update_dag.py
[2026-04-01T02:34:30.241+0000] {processor.py:925} INFO - DAG(s) 'db_and_model_update' retrieved from /opt/airflow/dags/db_and_model_update_dag.py
[2026-04-01T02:34:30.272+0000] {logging_mixin.py:190} INFO - [2026-04-01T02:34:30.271+0000] {dag.py:3239} INFO - Sync 1 DAGs
[2026-04-01T02:34:30.310+0000] {processor.py:208} INFO - Processing /opt/airflow/dags/db_and_model_update_dag.py took 0.096 seconds
[2026-04-01T02:35:00.417+0000] {processor.py:186} INFO - Started process (PID=7104) to work on /opt/airflow/dags/db_and_model_update_dag.py
[2026-04-01T02:35:00.418+0000] {processor.py:914} INFO - Processing file /opt/airflow/dags/db_and_model_update_dag.py for tasks to queue
[2026-04-01T02:35:00.421+0000] {logging_mixin.py:190} INFO - [2026-04-01T02:35:00.421+0000] {dagbag.py:588} INFO - Filling up the DagBag from /opt/airflow/dags/db_and_model_update_dag.py
[2026-04-01T02:35:00.438+0000] {processor.py:925} INFO - DAG(s) 'db_and_model_update' retrieved from /opt/airflow/dags/db_and_model_update_dag.py
[2026-04-01T02:35:00.465+0000] {logging_mixin.py:190} INFO - [2026-04-01T02:35:00.464+0000] {dag.py:3239} INFO - Sync 1 DAGs
[2026-04-01T02:35:00.502+0000] {processor.py:208} INFO - Processing /opt/airflow/dags/db_and_model_update_dag.py took 0.091 seconds
[2026-04-01T02:35:30.721+0000] {processor.py:186} INFO - Started process (PID=7114) to work on /opt/airflow/dags/db_and_model_update_dag.py
[2026-04-01T02:35:30.723+0000] {processor.py:914} INFO - Processing file /opt/airflow/dags/db_and_model_update_dag.py for tasks to queue
[2026-04-01T02:35:30.725+0000] {logging_mixin.py:190} INFO - [2026-04-01T02:35:30.725+0000] {dagbag.py:588} INFO - Filling up the DagBag from /opt/airflow/dags/db_and_model_update_dag.py
[2026-04-01T02:35:30.744+0000] {processor.py:925} INFO - DAG(s) 'db_and_model_update' retrieved from /opt/airflow/dags/db_and_model_update_dag.py
[2026-04-01T02:35:30.780+0000] {logging_mixin.py:190} INFO - [2026-04-01T02:35:30.780+0000] {dag.py:3239} INFO - Sync 1 DAGs
[2026-04-01T02:35:30.819+0000] {processor.py:208} INFO - Processing /opt/airflow/dags/db_and_model_update_dag.py took 0.108 seconds
[2026-04-01T02:36:00.898+0000] {processor.py:186} INFO - Started process (PID=7124) to work on /opt/airflow/dags/db_and_model_update_dag.py
[2026-04-01T02:36:00.899+0000] {processor.py:914} INFO - Processing file /opt/airflow/dags/db_and_model_update_dag.py for tasks to queue
[2026-04-01T02:36:00.901+0000] {logging_mixin.py:190} INFO - [2026-04-01T02:36:00.901+0000] {dagbag.py:588} INFO - Filling up the DagBag from /opt/airflow/dags/db_and_model_update_dag.py
[2026-04-01T02:36:00.922+0000] {processor.py:925} INFO - DAG(s) 'db_and_model_update' retrieved from /opt/airflow/dags/db_and_model_update_dag.py
[2026-04-01T02:36:00.954+0000] {logging_mixin.py:190} INFO - [2026-04-01T02:36:00.954+0000] {dag.py:3239} INFO - Sync 1 DAGs
[2026-04-01T02:36:00.997+0000] {processor.py:208} INFO - Processing /opt/airflow/dags/db_and_model_update_dag.py took 0.105 seconds
[2026-04-01T02:36:31.189+0000] {processor.py:186} INFO - Started process (PID=7134) to work on /opt/airflow/dags/db_and_model_update_dag.py
[2026-04-01T02:36:31.191+0000] {processor.py:914} INFO - Processing file /opt/airflow/dags/db_and_model_update_dag.py for tasks to queue
[2026-04-01T02:36:31.193+0000] {logging_mixin.py:190} INFO - [2026-04-01T02:36:31.193+0000] {dagbag.py:588} INFO - Filling up the DagBag from /opt/airflow/dags/db_and_model_update_dag.py
[2026-04-01T02:36:31.213+0000] {processor.py:925} INFO - DAG(s) 'db_and_model_update' retrieved from /opt/airflow/dags/db_and_model_update_dag.py
[2026-04-01T02:36:31.242+0000] {logging_mixin.py:190} INFO - [2026-04-01T02:36:31.242+0000] {dag.py:3239} INFO - Sync 1 DAGs
[2026-04-01T02:36:31.284+0000] {processor.py:208} INFO - Processing /opt/airflow/dags/db_and_model_update_dag.py took 0.103 seconds
[2026-04-01T02:37:01.511+0000] {processor.py:186} INFO - Started process (PID=7144) to work on /opt/airflow/dags/db_and_model_update_dag.py
[2026-04-01T02:37:01.518+0000] {processor.py:914} INFO - Processing file /opt/airflow/dags/db_and_model_update_dag.py for tasks to queue
[2026-04-01T02:37:01.528+0000] {logging_mixin.py:190} INFO - [2026-04-01T02:37:01.528+0000] {dagbag.py:588} INFO - Filling up the DagBag from /opt/airflow/dags/db_and_model_update_dag.py
[2026-04-01T02:37:01.595+0000] {processor.py:925} INFO - DAG(s) 'db_and_model_update' retrieved from /opt/airflow/dags/db_and_model_update_dag.py
[2026-04-01T02:37:01.630+0000] {logging_mixin.py:190} INFO - [2026-04-01T02:37:01.630+0000] {dag.py:3239} INFO - Sync 1 DAGs
[2026-04-01T02:37:01.675+0000] {processor.py:208} INFO - Processing /opt/airflow/dags/db_and_model_update_dag.py took 0.180 seconds
[2026-04-01T02:37:31.871+0000] {processor.py:186} INFO - Started process (PID=7154) to work on /opt/airflow/dags/db_and_model_update_dag.py
[2026-04-01T02:37:31.873+0000] {processor.py:914} INFO - Processing file /opt/airflow/dags/db_and_model_update_dag.py for tasks to queue
[2026-04-01T02:37:31.875+0000] {logging_mixin.py:190} INFO - [2026-04-01T02:37:31.874+0000] {dagbag.py:588} INFO - Filling up the DagBag from /opt/airflow/dags/db_and_model_update_dag.py
[2026-04-01T02:37:31.892+0000] {processor.py:925} INFO - DAG(s) 'db_and_model_update' retrieved from /opt/airflow/dags/db_and_model_update_dag.py
[2026-04-01T02:37:31.919+0000] {logging_mixin.py:190} INFO - [2026-04-01T02:37:31.919+0000] {dag.py:3239} INFO - Sync 1 DAGs
[2026-04-01T02:37:31.955+0000] {processor.py:208} INFO - Processing /opt/airflow/dags/db_and_model_update_dag.py took 0.090 seconds
[2026-04-01T02:38:02.171+0000] {processor.py:186} INFO - Started process (PID=7164) to work on /opt/airflow/dags/db_and_model_update_dag.py
[2026-04-01T02:38:02.172+0000] {processor.py:914} INFO - Processing file /opt/airflow/dags/db_and_model_update_dag.py for tasks to queue
[2026-04-01T02:38:02.175+0000] {logging_mixin.py:190} INFO - [2026-04-01T02:38:02.175+0000] {dagbag.py:588} INFO - Filling up the DagBag from /opt/airflow/dags/db_and_model_update_dag.py
[2026-04-01T02:38:02.201+0000] {processor.py:925} INFO - DAG(s) 'db_and_model_update' retrieved from /opt/airflow/dags/db_and_model_update_dag.py
[2026-04-01T02:38:02.233+0000] {logging_mixin.py:190} INFO - [2026-04-01T02:38:02.233+0000] {dag.py:3239} INFO - Sync 1 DAGs
[2026-04-01T02:38:02.273+0000] {processor.py:208} INFO - Processing /opt/airflow/dags/db_and_model_update_dag.py took 0.112 seconds
[2026-04-01T02:38:32.492+0000] {processor.py:186} INFO - Started process (PID=7174) to work on /opt/airflow/dags/db_and_model_update_dag.py
[2026-04-01T02:38:32.494+0000] {processor.py:914} INFO - Processing file /opt/airflow/dags/db_and_model_update_dag.py for tasks to queue
[2026-04-01T02:38:32.496+0000] {logging_mixin.py:190} INFO - [2026-04-01T02:38:32.496+0000] {dagbag.py:588} INFO - Filling up the DagBag from /opt/airflow/dags/db_and_model_update_dag.py
[2026-04-01T02:38:32.516+0000] {processor.py:925} INFO - DAG(s) 'db_and_model_update' retrieved from /opt/airflow/dags/db_and_model_update_dag.py
[2026-04-01T02:38:32.547+0000] {logging_mixin.py:190} INFO - [2026-04-01T02:38:32.547+0000] {dag.py:3239} INFO - Sync 1 DAGs
[2026-04-01T02:38:32.586+0000] {processor.py:208} INFO - Processing /opt/airflow/dags/db_and_model_update_dag.py took 0.100 seconds
[2026-04-01T02:39:02.700+0000] {processor.py:186} INFO - Started process (PID=7184) to work on /opt/airflow/dags/db_and_model_update_dag.py
[2026-04-01T02:39:02.701+0000] {processor.py:914} INFO - Processing file /opt/airflow/dags/db_and_model_update_dag.py for tasks to queue
[2026-04-01T02:39:02.703+0000] {logging_mixin.py:190} INFO - [2026-04-01T02:39:02.703+0000] {dagbag.py:588} INFO - Filling up the DagBag from /opt/airflow/dags/db_and_model_update_dag.py
[2026-04-01T02:39:02.721+0000] {processor.py:925} INFO - DAG(s) 'db_and_model_update' retrieved from /opt/airflow/dags/db_and_model_update_dag.py
[2026-04-01T02:39:02.748+0000] {logging_mixin.py:190} INFO - [2026-04-01T02:39:02.748+0000] {dag.py:3239} INFO - Sync 1 DAGs
[2026-04-01T02:39:02.783+0000] {processor.py:208} INFO - Processing /opt/airflow/dags/db_and_model_update_dag.py took 0.089 seconds
[2026-04-01T02:39:33.001+0000] {processor.py:186} INFO - Started process (PID=7194) to work on /opt/airflow/dags/db_and_model_update_dag.py
[2026-04-01T02:39:33.002+0000] {processor.py:914} INFO - Processing file /opt/airflow/dags/db_and_model_update_dag.py for tasks to queue
[2026-04-01T02:39:33.005+0000] {logging_mixin.py:190} INFO - [2026-04-01T02:39:33.004+0000] {dagbag.py:588} INFO - Filling up the DagBag from /opt/airflow/dags/db_and_model_update_dag.py
[2026-04-01T02:39:33.025+0000] {processor.py:925} INFO - DAG(s) 'db_and_model_update' retrieved from /opt/airflow/dags/db_and_model_update_dag.py
[2026-04-01T02:39:33.056+0000] {logging_mixin.py:190} INFO - [2026-04-01T02:39:33.056+0000] {dag.py:3239} INFO - Sync 1 DAGs
[2026-04-01T02:39:33.097+0000] {processor.py:208} INFO - Processing /opt/airflow/dags/db_and_model_update_dag.py took 0.107 seconds
[2026-04-01T02:40:03.210+0000] {processor.py:186} INFO - Started process (PID=7204) to work on /opt/airflow/dags/db_and_model_update_dag.py
[2026-04-01T02:40:03.211+0000] {processor.py:914} INFO - Processing file /opt/airflow/dags/db_and_model_update_dag.py for tasks to queue
[2026-04-01T02:40:03.213+0000] {logging_mixin.py:190} INFO - [2026-04-01T02:40:03.213+0000] {dagbag.py:588} INFO - Filling up the DagBag from /opt/airflow/dags/db_and_model_update_dag.py
[2026-04-01T02:40:03.236+0000] {processor.py:925} INFO - DAG(s) 'db_and_model_update' retrieved from /opt/airflow/dags/db_and_model_update_dag.py
[2026-04-01T02:40:03.266+0000] {logging_mixin.py:190} INFO - [2026-04-01T02:40:03.265+0000] {dag.py:3239} INFO - Sync 1 DAGs
[2026-04-01T02:40:03.304+0000] {processor.py:208} INFO - Processing /opt/airflow/dags/db_and_model_update_dag.py took 0.100 seconds
[2026-04-01T02:40:33.425+0000] {processor.py:186} INFO - Started process (PID=7214) to work on /opt/airflow/dags/db_and_model_update_dag.py
[2026-04-01T02:40:33.426+0000] {processor.py:914} INFO - Processing file /opt/airflow/dags/db_and_model_update_dag.py for tasks to queue
[2026-04-01T02:40:33.428+0000] {logging_mixin.py:190} INFO - [2026-04-01T02:40:33.428+0000] {dagbag.py:588} INFO - Filling up the DagBag from /opt/airflow/dags/db_and_model_update_dag.py
[2026-04-01T02:40:33.451+0000] {processor.py:925} INFO - DAG(s) 'db_and_model_update' retrieved from /opt/airflow/dags/db_and_model_update_dag.py
[2026-04-01T02:40:33.480+0000] {logging_mixin.py:190} INFO - [2026-04-01T02:40:33.480+0000] {dag.py:3239} INFO - Sync 1 DAGs
[2026-04-01T02:40:33.518+0000] {processor.py:208} INFO - Processing /opt/airflow/dags/db_and_model_update_dag.py took 0.099 seconds
[2026-04-01T02:41:03.656+0000] {processor.py:186} INFO - Started process (PID=7224) to work on /opt/airflow/dags/db_and_model_update_dag.py
[2026-04-01T02:41:03.657+0000] {processor.py:914} INFO - Processing file /opt/airflow/dags/db_and_model_update_dag.py for tasks to queue
[2026-04-01T02:41:03.660+0000] {logging_mixin.py:190} INFO - [2026-04-01T02:41:03.659+0000] {dagbag.py:588} INFO - Filling up the DagBag from /opt/airflow/dags/db_and_model_update_dag.py
[2026-04-01T02:41:03.682+0000] {processor.py:925} INFO - DAG(s) 'db_and_model_update' retrieved from /opt/airflow/dags/db_and_model_update_dag.py
[2026-04-01T02:41:03.717+0000] {logging_mixin.py:190} INFO - [2026-04-01T02:41:03.717+0000] {dag.py:3239} INFO - Sync 1 DAGs
[2026-04-01T02:41:03.775+0000] {processor.py:208} INFO - Processing /opt/airflow/dags/db_and_model_update_dag.py took 0.127 seconds
[2026-04-01T02:41:33.883+0000] {processor.py:186} INFO - Started process (PID=7234) to work on /opt/airflow/dags/db_and_model_update_dag.py
[2026-04-01T02:41:33.884+0000] {processor.py:914} INFO - Processing file /opt/airflow/dags/db_and_model_update_dag.py for tasks to queue
[2026-04-01T02:41:33.886+0000] {logging_mixin.py:190} INFO - [2026-04-01T02:41:33.886+0000] {dagbag.py:588} INFO - Filling up the DagBag from /opt/airflow/dags/db_and_model_update_dag.py
[2026-04-01T02:41:33.907+0000] {processor.py:925} INFO - DAG(s) 'db_and_model_update' retrieved from /opt/airflow/dags/db_and_model_update_dag.py
[2026-04-01T02:41:33.938+0000] {logging_mixin.py:190} INFO - [2026-04-01T02:41:33.938+0000] {dag.py:3239} INFO - Sync 1 DAGs
[2026-04-01T02:41:33.976+0000] {processor.py:208} INFO - Processing /opt/airflow/dags/db_and_model_update_dag.py took 0.100 seconds
[2026-04-01T02:42:04.115+0000] {processor.py:186} INFO - Started process (PID=7244) to work on /opt/airflow/dags/db_and_model_update_dag.py
[2026-04-01T02:42:04.116+0000] {processor.py:914} INFO - Processing file /opt/airflow/dags/db_and_model_update_dag.py for tasks to queue
[2026-04-01T02:42:04.118+0000] {logging_mixin.py:190} INFO - [2026-04-01T02:42:04.118+0000] {dagbag.py:588} INFO - Filling up the DagBag from /opt/airflow/dags/db_and_model_update_dag.py
[2026-04-01T02:42:04.135+0000] {processor.py:925} INFO - DAG(s) 'db_and_model_update' retrieved from /opt/airflow/dags/db_and_model_update_dag.py
[2026-04-01T02:42:04.161+0000] {logging_mixin.py:190} INFO - [2026-04-01T02:42:04.161+0000] {dag.py:3239} INFO - Sync 1 DAGs
[2026-04-01T02:42:04.195+0000] {processor.py:208} INFO - Processing /opt/airflow/dags/db_and_model_update_dag.py took 0.088 seconds
[2026-04-01T02:42:34.412+0000] {processor.py:186} INFO - Started process (PID=7254) to work on /opt/airflow/dags/db_and_model_update_dag.py
[2026-04-01T02:42:34.413+0000] {processor.py:914} INFO - Processing file /opt/airflow/dags/db_and_model_update_dag.py for tasks to queue
[2026-04-01T02:42:34.416+0000] {logging_mixin.py:190} INFO - [2026-04-01T02:42:34.416+0000] {dagbag.py:588} INFO - Filling up the DagBag from /opt/airflow/dags/db_and_model_update_dag.py
[2026-04-01T02:42:34.442+0000] {processor.py:925} INFO - DAG(s) 'db_and_model_update' retrieved from /opt/airflow/dags/db_and_model_update_dag.py
[2026-04-01T02:42:34.475+0000] {logging_mixin.py:190} INFO - [2026-04-01T02:42:34.475+0000] {dag.py:3239} INFO - Sync 1 DAGs
[2026-04-01T02:42:34.524+0000] {processor.py:208} INFO - Processing /opt/airflow/dags/db_and_model_update_dag.py took 0.121 seconds
[2026-04-01T02:43:04.738+0000] {processor.py:186} INFO - Started process (PID=7264) to work on /opt/airflow/dags/db_and_model_update_dag.py
[2026-04-01T02:43:04.739+0000] {processor.py:914} INFO - Processing file /opt/airflow/dags/db_and_model_update_dag.py for tasks to queue
[2026-04-01T02:43:04.741+0000] {logging_mixin.py:190} INFO - [2026-04-01T02:43:04.741+0000] {dagbag.py:588} INFO - Filling up the DagBag from /opt/airflow/dags/db_and_model_update_dag.py
[2026-04-01T02:43:04.758+0000] {processor.py:925} INFO - DAG(s) 'db_and_model_update' retrieved from /opt/airflow/dags/db_and_model_update_dag.py
[2026-04-01T02:43:04.785+0000] {logging_mixin.py:190} INFO - [2026-04-01T02:43:04.785+0000] {dag.py:3239} INFO - Sync 1 DAGs
[2026-04-01T02:43:04.825+0000] {processor.py:208} INFO - Processing /opt/airflow/dags/db_and_model_update_dag.py took 0.093 seconds
[2026-04-01T02:43:34.931+0000] {processor.py:186} INFO - Started process (PID=7274) to work on /opt/airflow/dags/db_and_model_update_dag.py
[2026-04-01T02:43:34.932+0000] {processor.py:914} INFO - Processing file /opt/airflow/dags/db_and_model_update_dag.py for tasks to queue
[2026-04-01T02:43:34.934+0000] {logging_mixin.py:190} INFO - [2026-04-01T02:43:34.934+0000] {dagbag.py:588} INFO - Filling up the DagBag from /opt/airflow/dags/db_and_model_update_dag.py
[2026-04-01T02:43:34.952+0000] {processor.py:925} INFO - DAG(s) 'db_and_model_update' retrieved from /opt/airflow/dags/db_and_model_update_dag.py
[2026-04-01T02:43:34.980+0000] {logging_mixin.py:190} INFO - [2026-04-01T02:43:34.980+0000] {dag.py:3239} INFO - Sync 1 DAGs
[2026-04-01T02:43:35.016+0000] {processor.py:208} INFO - Processing /opt/airflow/dags/db_and_model_update_dag.py took 0.091 seconds
[2026-04-01T02:44:05.194+0000] {processor.py:186} INFO - Started process (PID=7284) to work on /opt/airflow/dags/db_and_model_update_dag.py
[2026-04-01T02:44:05.195+0000] {processor.py:914} INFO - Processing file /opt/airflow/dags/db_and_model_update_dag.py for tasks to queue
[2026-04-01T02:44:05.201+0000] {logging_mixin.py:190} INFO - [2026-04-01T02:44:05.200+0000] {dagbag.py:588} INFO - Filling up the DagBag from /opt/airflow/dags/db_and_model_update_dag.py
[2026-04-01T02:44:05.236+0000] {processor.py:925} INFO - DAG(s) 'db_and_model_update' retrieved from /opt/airflow/dags/db_and_model_update_dag.py
[2026-04-01T02:44:05.265+0000] {logging_mixin.py:190} INFO - [2026-04-01T02:44:05.264+0000] {dag.py:3239} INFO - Sync 1 DAGs
[2026-04-01T02:44:05.316+0000] {processor.py:208} INFO - Processing /opt/airflow/dags/db_and_model_update_dag.py took 0.130 seconds
[2026-04-01T02:44:35.536+0000] {processor.py:186} INFO - Started process (PID=7294) to work on /opt/airflow/dags/db_and_model_update_dag.py
[2026-04-01T02:44:35.538+0000] {processor.py:914} INFO - Processing file /opt/airflow/dags/db_and_model_update_dag.py for tasks to queue
[2026-04-01T02:44:35.540+0000] {logging_mixin.py:190} INFO - [2026-04-01T02:44:35.540+0000] {dagbag.py:588} INFO - Filling up the DagBag from /opt/airflow/dags/db_and_model_update_dag.py
[2026-04-01T02:44:35.563+0000] {processor.py:925} INFO - DAG(s) 'db_and_model_update' retrieved from /opt/airflow/dags/db_and_model_update_dag.py
[2026-04-01T02:44:35.594+0000] {logging_mixin.py:190} INFO - [2026-04-01T02:44:35.594+0000] {dag.py:3239} INFO - Sync 1 DAGs
[2026-04-01T02:44:35.635+0000] {processor.py:208} INFO - Processing /opt/airflow/dags/db_and_model_update_dag.py took 0.106 seconds
[2026-04-01T02:45:05.894+0000] {processor.py:186} INFO - Started process (PID=7304) to work on /opt/airflow/dags/db_and_model_update_dag.py
[2026-04-01T02:45:05.896+0000] {processor.py:914} INFO - Processing file /opt/airflow/dags/db_and_model_update_dag.py for tasks to queue
[2026-04-01T02:45:05.899+0000] {logging_mixin.py:190} INFO - [2026-04-01T02:45:05.898+0000] {dagbag.py:588} INFO - Filling up the DagBag from /opt/airflow/dags/db_and_model_update_dag.py
[2026-04-01T02:45:05.919+0000] {processor.py:925} INFO - DAG(s) 'db_and_model_update' retrieved from /opt/airflow/dags/db_and_model_update_dag.py
[2026-04-01T02:45:05.948+0000] {logging_mixin.py:190} INFO - [2026-04-01T02:45:05.948+0000] {dag.py:3239} INFO - Sync 1 DAGs
[2026-04-01T02:45:05.989+0000] {processor.py:208} INFO - Processing /opt/airflow/dags/db_and_model_update_dag.py took 0.103 seconds
[2026-04-01T02:45:36.195+0000] {processor.py:186} INFO - Started process (PID=7314) to work on /opt/airflow/dags/db_and_model_update_dag.py
[2026-04-01T02:45:36.196+0000] {processor.py:914} INFO - Processing file /opt/airflow/dags/db_and_model_update_dag.py for tasks to queue
[2026-04-01T02:45:36.198+0000] {logging_mixin.py:190} INFO - [2026-04-01T02:45:36.198+0000] {dagbag.py:588} INFO - Filling up the DagBag from /opt/airflow/dags/db_and_model_update_dag.py
[2026-04-01T02:45:36.215+0000] {processor.py:925} INFO - DAG(s) 'db_and_model_update' retrieved from /opt/airflow/dags/db_and_model_update_dag.py
[2026-04-01T02:45:36.248+0000] {logging_mixin.py:190} INFO - [2026-04-01T02:45:36.248+0000] {dag.py:3239} INFO - Sync 1 DAGs
[2026-04-01T02:45:36.290+0000] {processor.py:208} INFO - Processing /opt/airflow/dags/db_and_model_update_dag.py took 0.101 seconds
[2026-04-01T02:46:06.354+0000] {processor.py:186} INFO - Started process (PID=7324) to work on /opt/airflow/dags/db_and_model_update_dag.py
[2026-04-01T02:46:06.355+0000] {processor.py:914} INFO - Processing file /opt/airflow/dags/db_and_model_update_dag.py for tasks to queue
[2026-04-01T02:46:06.357+0000] {logging_mixin.py:190} INFO - [2026-04-01T02:46:06.357+0000] {dagbag.py:588} INFO - Filling up the DagBag from /opt/airflow/dags/db_and_model_update_dag.py
[2026-04-01T02:46:06.374+0000] {processor.py:925} INFO - DAG(s) 'db_and_model_update' retrieved from /opt/airflow/dags/db_and_model_update_dag.py
[2026-04-01T02:46:06.399+0000] {logging_mixin.py:190} INFO - [2026-04-01T02:46:06.399+0000] {dag.py:3239} INFO - Sync 1 DAGs
[2026-04-01T02:46:06.436+0000] {processor.py:208} INFO - Processing /opt/airflow/dags/db_and_model_update_dag.py took 0.089 seconds
[2026-04-01T02:46:36.643+0000] {processor.py:186} INFO - Started process (PID=7334) to work on /opt/airflow/dags/db_and_model_update_dag.py
[2026-04-01T02:46:36.644+0000] {processor.py:914} INFO - Processing file /opt/airflow/dags/db_and_model_update_dag.py for tasks to queue
[2026-04-01T02:46:36.646+0000] {logging_mixin.py:190} INFO - [2026-04-01T02:46:36.646+0000] {dagbag.py:588} INFO - Filling up the DagBag from /opt/airflow/dags/db_and_model_update_dag.py
[2026-04-01T02:46:36.667+0000] {processor.py:925} INFO - DAG(s) 'db_and_model_update' retrieved from /opt/airflow/dags/db_and_model_update_dag.py
[2026-04-01T02:46:36.698+0000] {logging_mixin.py:190} INFO - [2026-04-01T02:46:36.697+0000] {dag.py:3239} INFO - Sync 1 DAGs
[2026-04-01T02:46:36.741+0000] {processor.py:208} INFO - Processing /opt/airflow/dags/db_and_model_update_dag.py took 0.105 seconds
[2026-04-01T02:47:06.932+0000] {processor.py:186} INFO - Started process (PID=7344) to work on /opt/airflow/dags/db_and_model_update_dag.py
[2026-04-01T02:47:06.934+0000] {processor.py:914} INFO - Processing file /opt/airflow/dags/db_and_model_update_dag.py for tasks to queue
[2026-04-01T02:47:06.937+0000] {logging_mixin.py:190} INFO - [2026-04-01T02:47:06.936+0000] {dagbag.py:588} INFO - Filling up the DagBag from /opt/airflow/dags/db_and_model_update_dag.py
[2026-04-01T02:47:06.979+0000] {processor.py:925} INFO - DAG(s) 'db_and_model_update' retrieved from /opt/airflow/dags/db_and_model_update_dag.py
[2026-04-01T02:47:07.010+0000] {logging_mixin.py:190} INFO - [2026-04-01T02:47:07.010+0000] {dag.py:3239} INFO - Sync 1 DAGs
[2026-04-01T02:47:07.064+0000] {processor.py:208} INFO - Processing /opt/airflow/dags/db_and_model_update_dag.py took 0.139 seconds
[2026-04-01T02:47:37.137+0000] {processor.py:186} INFO - Started process (PID=7354) to work on /opt/airflow/dags/db_and_model_update_dag.py
[2026-04-01T02:47:37.138+0000] {processor.py:914} INFO - Processing file /opt/airflow/dags/db_and_model_update_dag.py for tasks to queue
[2026-04-01T02:47:37.140+0000] {logging_mixin.py:190} INFO - [2026-04-01T02:47:37.140+0000] {dagbag.py:588} INFO - Filling up the DagBag from /opt/airflow/dags/db_and_model_update_dag.py
[2026-04-01T02:47:37.160+0000] {processor.py:925} INFO - DAG(s) 'db_and_model_update' retrieved from /opt/airflow/dags/db_and_model_update_dag.py
[2026-04-01T02:47:37.186+0000] {logging_mixin.py:190} INFO - [2026-04-01T02:47:37.186+0000] {dag.py:3239} INFO - Sync 1 DAGs
[2026-04-01T02:47:37.223+0000] {processor.py:208} INFO - Processing /opt/airflow/dags/db_and_model_update_dag.py took 0.093 seconds
[2026-04-01T02:48:07.405+0000] {processor.py:186} INFO - Started process (PID=7364) to work on /opt/airflow/dags/db_and_model_update_dag.py
[2026-04-01T02:48:07.407+0000] {processor.py:914} INFO - Processing file /opt/airflow/dags/db_and_model_update_dag.py for tasks to queue
[2026-04-01T02:48:07.410+0000] {logging_mixin.py:190} INFO - [2026-04-01T02:48:07.410+0000] {dagbag.py:588} INFO - Filling up the DagBag from /opt/airflow/dags/db_and_model_update_dag.py
[2026-04-01T02:48:07.430+0000] {processor.py:925} INFO - DAG(s) 'db_and_model_update' retrieved from /opt/airflow/dags/db_and_model_update_dag.py
[2026-04-01T02:48:07.459+0000] {logging_mixin.py:190} INFO - [2026-04-01T02:48:07.459+0000] {dag.py:3239} INFO - Sync 1 DAGs
[2026-04-01T02:48:07.497+0000] {processor.py:208} INFO - Processing /opt/airflow/dags/db_and_model_update_dag.py took 0.099 seconds
[2026-04-01T02:48:37.732+0000] {processor.py:186} INFO - Started process (PID=7374) to work on /opt/airflow/dags/db_and_model_update_dag.py
[2026-04-01T02:48:37.733+0000] {processor.py:914} INFO - Processing file /opt/airflow/dags/db_and_model_update_dag.py for tasks to queue
[2026-04-01T02:48:37.736+0000] {logging_mixin.py:190} INFO - [2026-04-01T02:48:37.736+0000] {dagbag.py:588} INFO - Filling up the DagBag from /opt/airflow/dags/db_and_model_update_dag.py
[2026-04-01T02:48:37.755+0000] {processor.py:925} INFO - DAG(s) 'db_and_model_update' retrieved from /opt/airflow/dags/db_and_model_update_dag.py
[2026-04-01T02:48:37.793+0000] {logging_mixin.py:190} INFO - [2026-04-01T02:48:37.793+0000] {dag.py:3239} INFO - Sync 1 DAGs
[2026-04-01T02:48:37.832+0000] {processor.py:208} INFO - Processing /opt/airflow/dags/db_and_model_update_dag.py took 0.107 seconds
[2026-04-01T02:49:08.020+0000] {processor.py:186} INFO - Started process (PID=7384) to work on /opt/airflow/dags/db_and_model_update_dag.py
[2026-04-01T02:49:08.021+0000] {processor.py:914} INFO - Processing file /opt/airflow/dags/db_and_model_update_dag.py for tasks to queue
[2026-04-01T02:49:08.023+0000] {logging_mixin.py:190} INFO - [2026-04-01T02:49:08.023+0000] {dagbag.py:588} INFO - Filling up the DagBag from /opt/airflow/dags/db_and_model_update_dag.py
[2026-04-01T02:49:08.040+0000] {processor.py:925} INFO - DAG(s) 'db_and_model_update' retrieved from /opt/airflow/dags/db_and_model_update_dag.py
[2026-04-01T02:49:08.067+0000] {logging_mixin.py:190} INFO - [2026-04-01T02:49:08.067+0000] {dag.py:3239} INFO - Sync 1 DAGs
[2026-04-01T02:49:08.107+0000] {processor.py:208} INFO - Processing /opt/airflow/dags/db_and_model_update_dag.py took 0.094 seconds
[2026-04-01T02:49:38.175+0000] {processor.py:186} INFO - Started process (PID=7394) to work on /opt/airflow/dags/db_and_model_update_dag.py
[2026-04-01T02:49:38.176+0000] {processor.py:914} INFO - Processing file /opt/airflow/dags/db_and_model_update_dag.py for tasks to queue
[2026-04-01T02:49:38.179+0000] {logging_mixin.py:190} INFO - [2026-04-01T02:49:38.178+0000] {dagbag.py:588} INFO - Filling up the DagBag from /opt/airflow/dags/db_and_model_update_dag.py
[2026-04-01T02:49:38.201+0000] {processor.py:925} INFO - DAG(s) 'db_and_model_update' retrieved from /opt/airflow/dags/db_and_model_update_dag.py
[2026-04-01T02:49:38.230+0000] {logging_mixin.py:190} INFO - [2026-04-01T02:49:38.229+0000] {dag.py:3239} INFO - Sync 1 DAGs
[2026-04-01T02:49:38.270+0000] {processor.py:208} INFO - Processing /opt/airflow/dags/db_and_model_update_dag.py took 0.102 seconds
[2026-04-01T02:50:08.517+0000] {processor.py:186} INFO - Started process (PID=7404) to work on /opt/airflow/dags/db_and_model_update_dag.py
[2026-04-01T02:50:08.522+0000] {processor.py:914} INFO - Processing file /opt/airflow/dags/db_and_model_update_dag.py for tasks to queue
[2026-04-01T02:50:08.528+0000] {logging_mixin.py:190} INFO - [2026-04-01T02:50:08.527+0000] {dagbag.py:588} INFO - Filling up the DagBag from /opt/airflow/dags/db_and_model_update_dag.py
[2026-04-01T02:50:08.549+0000] {processor.py:925} INFO - DAG(s) 'db_and_model_update' retrieved from /opt/airflow/dags/db_and_model_update_dag.py
[2026-04-01T02:50:08.582+0000] {logging_mixin.py:190} INFO - [2026-04-01T02:50:08.582+0000] {dag.py:3239} INFO - Sync 1 DAGs
[2026-04-01T02:50:08.622+0000] {processor.py:208} INFO - Processing /opt/airflow/dags/db_and_model_update_dag.py took 0.120 seconds
[2026-04-01T02:50:38.821+0000] {processor.py:186} INFO - Started process (PID=7414) to work on /opt/airflow/dags/db_and_model_update_dag.py
[2026-04-01T02:50:38.823+0000] {processor.py:914} INFO - Processing file /opt/airflow/dags/db_and_model_update_dag.py for tasks to queue
[2026-04-01T02:50:38.825+0000] {logging_mixin.py:190} INFO - [2026-04-01T02:50:38.825+0000] {dagbag.py:588} INFO - Filling up the DagBag from /opt/airflow/dags/db_and_model_update_dag.py
[2026-04-01T02:50:38.844+0000] {processor.py:925} INFO - DAG(s) 'db_and_model_update' retrieved from /opt/airflow/dags/db_and_model_update_dag.py
[2026-04-01T02:50:38.872+0000] {logging_mixin.py:190} INFO - [2026-04-01T02:50:38.872+0000] {dag.py:3239} INFO - Sync 1 DAGs
[2026-04-01T02:50:38.913+0000] {processor.py:208} INFO - Processing /opt/airflow/dags/db_and_model_update_dag.py took 0.098 seconds
[2026-04-01T02:51:08.988+0000] {processor.py:186} INFO - Started process (PID=7424) to work on /opt/airflow/dags/db_and_model_update_dag.py
[2026-04-01T02:51:08.990+0000] {processor.py:914} INFO - Processing file /opt/airflow/dags/db_and_model_update_dag.py for tasks to queue
[2026-04-01T02:51:08.992+0000] {logging_mixin.py:190} INFO - [2026-04-01T02:51:08.992+0000] {dagbag.py:588} INFO - Filling up the DagBag from /opt/airflow/dags/db_and_model_update_dag.py
[2026-04-01T02:51:09.013+0000] {processor.py:925} INFO - DAG(s) 'db_and_model_update' retrieved from /opt/airflow/dags/db_and_model_update_dag.py
[2026-04-01T02:51:09.043+0000] {logging_mixin.py:190} INFO - [2026-04-01T02:51:09.042+0000] {dag.py:3239} INFO - Sync 1 DAGs
[2026-04-01T02:51:09.082+0000] {processor.py:208} INFO - Processing /opt/airflow/dags/db_and_model_update_dag.py took 0.102 seconds
[2026-04-01T02:51:39.250+0000] {processor.py:186} INFO - Started process (PID=7434) to work on /opt/airflow/dags/db_and_model_update_dag.py
[2026-04-01T02:51:39.251+0000] {processor.py:914} INFO - Processing file /opt/airflow/dags/db_and_model_update_dag.py for tasks to queue
[2026-04-01T02:51:39.253+0000] {logging_mixin.py:190} INFO - [2026-04-01T02:51:39.253+0000] {dagbag.py:588} INFO - Filling up the DagBag from /opt/airflow/dags/db_and_model_update_dag.py
[2026-04-01T02:51:39.277+0000] {processor.py:925} INFO - DAG(s) 'db_and_model_update' retrieved from /opt/airflow/dags/db_and_model_update_dag.py
[2026-04-01T02:51:39.318+0000] {logging_mixin.py:190} INFO - [2026-04-01T02:51:39.318+0000] {dag.py:3239} INFO - Sync 1 DAGs
[2026-04-01T02:51:39.364+0000] {processor.py:208} INFO - Processing /opt/airflow/dags/db_and_model_update_dag.py took 0.121 seconds
[2026-04-01T02:52:09.508+0000] {processor.py:186} INFO - Started process (PID=7444) to work on /opt/airflow/dags/db_and_model_update_dag.py
[2026-04-01T02:52:09.509+0000] {processor.py:914} INFO - Processing file /opt/airflow/dags/db_and_model_update_dag.py for tasks to queue
[2026-04-01T02:52:09.513+0000] {logging_mixin.py:190} INFO - [2026-04-01T02:52:09.512+0000] {dagbag.py:588} INFO - Filling up the DagBag from /opt/airflow/dags/db_and_model_update_dag.py
[2026-04-01T02:52:09.535+0000] {processor.py:925} INFO - DAG(s) 'db_and_model_update' retrieved from /opt/airflow/dags/db_and_model_update_dag.py
[2026-04-01T02:52:09.566+0000] {logging_mixin.py:190} INFO - [2026-04-01T02:52:09.566+0000] {dag.py:3239} INFO - Sync 1 DAGs
[2026-04-01T02:52:09.607+0000] {processor.py:208} INFO - Processing /opt/airflow/dags/db_and_model_update_dag.py took 0.107 seconds
[2026-04-01T02:52:39.671+0000] {processor.py:186} INFO - Started process (PID=7454) to work on /opt/airflow/dags/db_and_model_update_dag.py
[2026-04-01T02:52:39.672+0000] {processor.py:914} INFO - Processing file /opt/airflow/dags/db_and_model_update_dag.py for tasks to queue
[2026-04-01T02:52:39.674+0000] {logging_mixin.py:190} INFO - [2026-04-01T02:52:39.674+0000] {dagbag.py:588} INFO - Filling up the DagBag from /opt/airflow/dags/db_and_model_update_dag.py
[2026-04-01T02:52:39.695+0000] {processor.py:925} INFO - DAG(s) 'db_and_model_update' retrieved from /opt/airflow/dags/db_and_model_update_dag.py
[2026-04-01T02:52:39.726+0000] {logging_mixin.py:190} INFO - [2026-04-01T02:52:39.726+0000] {dag.py:3239} INFO - Sync 1 DAGs
[2026-04-01T02:52:39.770+0000] {processor.py:208} INFO - Processing /opt/airflow/dags/db_and_model_update_dag.py took 0.107 seconds
[2026-04-01T02:53:09.959+0000] {processor.py:186} INFO - Started process (PID=7464) to work on /opt/airflow/dags/db_and_model_update_dag.py
[2026-04-01T02:53:09.960+0000] {processor.py:914} INFO - Processing file /opt/airflow/dags/db_and_model_update_dag.py for tasks to queue
[2026-04-01T02:53:09.963+0000] {logging_mixin.py:190} INFO - [2026-04-01T02:53:09.962+0000] {dagbag.py:588} INFO - Filling up the DagBag from /opt/airflow/dags/db_and_model_update_dag.py
[2026-04-01T02:53:10.008+0000] {processor.py:925} INFO - DAG(s) 'db_and_model_update' retrieved from /opt/airflow/dags/db_and_model_update_dag.py
[2026-04-01T02:53:10.038+0000] {logging_mixin.py:190} INFO - [2026-04-01T02:53:10.038+0000] {dag.py:3239} INFO - Sync 1 DAGs
[2026-04-01T02:53:10.075+0000] {processor.py:208} INFO - Processing /opt/airflow/dags/db_and_model_update_dag.py took 0.124 seconds
[2026-04-01T02:53:40.256+0000] {processor.py:186} INFO - Started process (PID=7474) to work on /opt/airflow/dags/db_and_model_update_dag.py
[2026-04-01T02:53:40.257+0000] {processor.py:914} INFO - Processing file /opt/airflow/dags/db_and_model_update_dag.py for tasks to queue
[2026-04-01T02:53:40.260+0000] {logging_mixin.py:190} INFO - [2026-04-01T02:53:40.260+0000] {dagbag.py:588} INFO - Filling up the DagBag from /opt/airflow/dags/db_and_model_update_dag.py
[2026-04-01T02:53:40.280+0000] {processor.py:925} INFO - DAG(s) 'db_and_model_update' retrieved from /opt/airflow/dags/db_and_model_update_dag.py
[2026-04-01T02:53:40.315+0000] {logging_mixin.py:190} INFO - [2026-04-01T02:53:40.315+0000] {dag.py:3239} INFO - Sync 1 DAGs
[2026-04-01T02:53:40.363+0000] {processor.py:208} INFO - Processing /opt/airflow/dags/db_and_model_update_dag.py took 0.115 seconds
[2026-04-01T02:54:10.426+0000] {processor.py:186} INFO - Started process (PID=7484) to work on /opt/airflow/dags/db_and_model_update_dag.py
[2026-04-01T02:54:10.427+0000] {processor.py:914} INFO - Processing file /opt/airflow/dags/db_and_model_update_dag.py for tasks to queue
[2026-04-01T02:54:10.429+0000] {logging_mixin.py:190} INFO - [2026-04-01T02:54:10.429+0000] {dagbag.py:588} INFO - Filling up the DagBag from /opt/airflow/dags/db_and_model_update_dag.py
[2026-04-01T02:54:10.449+0000] {processor.py:925} INFO - DAG(s) 'db_and_model_update' retrieved from /opt/airflow/dags/db_and_model_update_dag.py
[2026-04-01T02:54:10.478+0000] {logging_mixin.py:190} INFO - [2026-04-01T02:54:10.478+0000] {dag.py:3239} INFO - Sync 1 DAGs
[2026-04-01T02:54:10.524+0000] {processor.py:208} INFO - Processing /opt/airflow/dags/db_and_model_update_dag.py took 0.105 seconds
[2026-04-01T02:54:40.752+0000] {processor.py:186} INFO - Started process (PID=7494) to work on /opt/airflow/dags/db_and_model_update_dag.py
[2026-04-01T02:54:40.754+0000] {processor.py:914} INFO - Processing file /opt/airflow/dags/db_and_model_update_dag.py for tasks to queue
[2026-04-01T02:54:40.757+0000] {logging_mixin.py:190} INFO - [2026-04-01T02:54:40.756+0000] {dagbag.py:588} INFO - Filling up the DagBag from /opt/airflow/dags/db_and_model_update_dag.py
[2026-04-01T02:54:40.776+0000] {processor.py:925} INFO - DAG(s) 'db_and_model_update' retrieved from /opt/airflow/dags/db_and_model_update_dag.py
[2026-04-01T02:54:40.806+0000] {logging_mixin.py:190} INFO - [2026-04-01T02:54:40.806+0000] {dag.py:3239} INFO - Sync 1 DAGs
[2026-04-01T02:54:40.843+0000] {processor.py:208} INFO - Processing /opt/airflow/dags/db_and_model_update_dag.py took 0.101 seconds
[2026-04-01T02:55:10.925+0000] {processor.py:186} INFO - Started process (PID=7504) to work on /opt/airflow/dags/db_and_model_update_dag.py
[2026-04-01T02:55:10.927+0000] {processor.py:914} INFO - Processing file /opt/airflow/dags/db_and_model_update_dag.py for tasks to queue
[2026-04-01T02:55:10.930+0000] {logging_mixin.py:190} INFO - [2026-04-01T02:55:10.930+0000] {dagbag.py:588} INFO - Filling up the DagBag from /opt/airflow/dags/db_and_model_update_dag.py
[2026-04-01T02:55:10.956+0000] {processor.py:925} INFO - DAG(s) 'db_and_model_update' retrieved from /opt/airflow/dags/db_and_model_update_dag.py
[2026-04-01T02:55:10.986+0000] {logging_mixin.py:190} INFO - [2026-04-01T02:55:10.985+0000] {dag.py:3239} INFO - Sync 1 DAGs
[2026-04-01T02:55:11.025+0000] {processor.py:208} INFO - Processing /opt/airflow/dags/db_and_model_update_dag.py took 0.106 seconds
[2026-04-01T02:55:41.127+0000] {processor.py:186} INFO - Started process (PID=7514) to work on /opt/airflow/dags/db_and_model_update_dag.py
[2026-04-01T02:55:41.128+0000] {processor.py:914} INFO - Processing file /opt/airflow/dags/db_and_model_update_dag.py for tasks to queue
[2026-04-01T02:55:41.130+0000] {logging_mixin.py:190} INFO - [2026-04-01T02:55:41.130+0000] {dagbag.py:588} INFO - Filling up the DagBag from /opt/airflow/dags/db_and_model_update_dag.py
[2026-04-01T02:55:41.151+0000] {processor.py:925} INFO - DAG(s) 'db_and_model_update' retrieved from /opt/airflow/dags/db_and_model_update_dag.py
[2026-04-01T02:55:41.184+0000] {logging_mixin.py:190} INFO - [2026-04-01T02:55:41.184+0000] {dag.py:3239} INFO - Sync 1 DAGs
[2026-04-01T02:55:41.227+0000] {processor.py:208} INFO - Processing /opt/airflow/dags/db_and_model_update_dag.py took 0.107 seconds
[2026-04-01T02:56:11.341+0000] {processor.py:186} INFO - Started process (PID=7524) to work on /opt/airflow/dags/db_and_model_update_dag.py
[2026-04-01T02:56:11.342+0000] {processor.py:914} INFO - Processing file /opt/airflow/dags/db_and_model_update_dag.py for tasks to queue
[2026-04-01T02:56:11.345+0000] {logging_mixin.py:190} INFO - [2026-04-01T02:56:11.344+0000] {dagbag.py:588} INFO - Filling up the DagBag from /opt/airflow/dags/db_and_model_update_dag.py
[2026-04-01T02:56:11.365+0000] {processor.py:925} INFO - DAG(s) 'db_and_model_update' retrieved from /opt/airflow/dags/db_and_model_update_dag.py
[2026-04-01T02:56:11.393+0000] {logging_mixin.py:190} INFO - [2026-04-01T02:56:11.393+0000] {dag.py:3239} INFO - Sync 1 DAGs
[2026-04-01T02:56:11.431+0000] {processor.py:208} INFO - Processing /opt/airflow/dags/db_and_model_update_dag.py took 0.096 seconds
[2026-04-01T02:56:41.527+0000] {processor.py:186} INFO - Started process (PID=7534) to work on /opt/airflow/dags/db_and_model_update_dag.py
[2026-04-01T02:56:41.528+0000] {processor.py:914} INFO - Processing file /opt/airflow/dags/db_and_model_update_dag.py for tasks to queue
[2026-04-01T02:56:41.531+0000] {logging_mixin.py:190} INFO - [2026-04-01T02:56:41.530+0000] {dagbag.py:588} INFO - Filling up the DagBag from /opt/airflow/dags/db_and_model_update_dag.py
[2026-04-01T02:56:41.554+0000] {processor.py:925} INFO - DAG(s) 'db_and_model_update' retrieved from /opt/airflow/dags/db_and_model_update_dag.py
[2026-04-01T02:56:41.588+0000] {logging_mixin.py:190} INFO - [2026-04-01T02:56:41.588+0000] {dag.py:3239} INFO - Sync 1 DAGs
[2026-04-01T02:56:41.628+0000] {processor.py:208} INFO - Processing /opt/airflow/dags/db_and_model_update_dag.py took 0.108 seconds
[2026-04-01T02:57:11.822+0000] {processor.py:186} INFO - Started process (PID=7544) to work on /opt/airflow/dags/db_and_model_update_dag.py
[2026-04-01T02:57:11.824+0000] {processor.py:914} INFO - Processing file /opt/airflow/dags/db_and_model_update_dag.py for tasks to queue
[2026-04-01T02:57:11.826+0000] {logging_mixin.py:190} INFO - [2026-04-01T02:57:11.826+0000] {dagbag.py:588} INFO - Filling up the DagBag from /opt/airflow/dags/db_and_model_update_dag.py
[2026-04-01T02:57:11.846+0000] {processor.py:925} INFO - DAG(s) 'db_and_model_update' retrieved from /opt/airflow/dags/db_and_model_update_dag.py
[2026-04-01T02:57:11.875+0000] {logging_mixin.py:190} INFO - [2026-04-01T02:57:11.875+0000] {dag.py:3239} INFO - Sync 1 DAGs
[2026-04-01T02:57:11.915+0000] {processor.py:208} INFO - Processing /opt/airflow/dags/db_and_model_update_dag.py took 0.100 seconds
[2026-04-01T02:57:41.979+0000] {processor.py:186} INFO - Started process (PID=7554) to work on /opt/airflow/dags/db_and_model_update_dag.py
[2026-04-01T02:57:41.980+0000] {processor.py:914} INFO - Processing file /opt/airflow/dags/db_and_model_update_dag.py for tasks to queue
[2026-04-01T02:57:41.983+0000] {logging_mixin.py:190} INFO - [2026-04-01T02:57:41.982+0000] {dagbag.py:588} INFO - Filling up the DagBag from /opt/airflow/dags/db_and_model_update_dag.py
[2026-04-01T02:57:42.010+0000] {processor.py:925} INFO - DAG(s) 'db_and_model_update' retrieved from /opt/airflow/dags/db_and_model_update_dag.py
[2026-04-01T02:57:42.041+0000] {logging_mixin.py:190} INFO - [2026-04-01T02:57:42.040+0000] {dag.py:3239} INFO - Sync 1 DAGs
[2026-04-01T02:57:42.082+0000] {processor.py:208} INFO - Processing /opt/airflow/dags/db_and_model_update_dag.py took 0.111 seconds
[2026-04-01T02:58:12.285+0000] {processor.py:186} INFO - Started process (PID=7564) to work on /opt/airflow/dags/db_and_model_update_dag.py
[2026-04-01T02:58:12.287+0000] {processor.py:914} INFO - Processing file /opt/airflow/dags/db_and_model_update_dag.py for tasks to queue
[2026-04-01T02:58:12.290+0000] {logging_mixin.py:190} INFO - [2026-04-01T02:58:12.289+0000] {dagbag.py:588} INFO - Filling up the DagBag from /opt/airflow/dags/db_and_model_update_dag.py
[2026-04-01T02:58:12.308+0000] {processor.py:925} INFO - DAG(s) 'db_and_model_update' retrieved from /opt/airflow/dags/db_and_model_update_dag.py
[2026-04-01T02:58:12.341+0000] {logging_mixin.py:190} INFO - [2026-04-01T02:58:12.341+0000] {dag.py:3239} INFO - Sync 1 DAGs
[2026-04-01T02:58:12.411+0000] {processor.py:208} INFO - Processing /opt/airflow/dags/db_and_model_update_dag.py took 0.132 seconds
[2026-04-01T02:58:42.556+0000] {processor.py:186} INFO - Started process (PID=7574) to work on /opt/airflow/dags/db_and_model_update_dag.py
[2026-04-01T02:58:42.557+0000] {processor.py:914} INFO - Processing file /opt/airflow/dags/db_and_model_update_dag.py for tasks to queue
[2026-04-01T02:58:42.559+0000] {logging_mixin.py:190} INFO - [2026-04-01T02:58:42.558+0000] {dagbag.py:588} INFO - Filling up the DagBag from /opt/airflow/dags/db_and_model_update_dag.py
[2026-04-01T02:58:42.578+0000] {processor.py:925} INFO - DAG(s) 'db_and_model_update' retrieved from /opt/airflow/dags/db_and_model_update_dag.py
[2026-04-01T02:58:42.609+0000] {logging_mixin.py:190} INFO - [2026-04-01T02:58:42.609+0000] {dag.py:3239} INFO - Sync 1 DAGs
[2026-04-01T02:58:42.647+0000] {processor.py:208} INFO - Processing /opt/airflow/dags/db_and_model_update_dag.py took 0.098 seconds
[2026-04-01T02:59:12.846+0000] {processor.py:186} INFO - Started process (PID=7584) to work on /opt/airflow/dags/db_and_model_update_dag.py
[2026-04-01T02:59:12.847+0000] {processor.py:914} INFO - Processing file /opt/airflow/dags/db_and_model_update_dag.py for tasks to queue
[2026-04-01T02:59:12.850+0000] {logging_mixin.py:190} INFO - [2026-04-01T02:59:12.850+0000] {dagbag.py:588} INFO - Filling up the DagBag from /opt/airflow/dags/db_and_model_update_dag.py
[2026-04-01T02:59:12.870+0000] {processor.py:925} INFO - DAG(s) 'db_and_model_update' retrieved from /opt/airflow/dags/db_and_model_update_dag.py
[2026-04-01T02:59:12.899+0000] {logging_mixin.py:190} INFO - [2026-04-01T02:59:12.899+0000] {dag.py:3239} INFO - Sync 1 DAGs
[2026-04-01T02:59:12.953+0000] {processor.py:208} INFO - Processing /opt/airflow/dags/db_and_model_update_dag.py took 0.114 seconds
[2026-04-01T02:59:43.107+0000] {processor.py:186} INFO - Started process (PID=7594) to work on /opt/airflow/dags/db_and_model_update_dag.py
[2026-04-01T02:59:43.108+0000] {processor.py:914} INFO - Processing file /opt/airflow/dags/db_and_model_update_dag.py for tasks to queue
[2026-04-01T02:59:43.110+0000] {logging_mixin.py:190} INFO - [2026-04-01T02:59:43.110+0000] {dagbag.py:588} INFO - Filling up the DagBag from /opt/airflow/dags/db_and_model_update_dag.py
[2026-04-01T02:59:43.129+0000] {processor.py:925} INFO - DAG(s) 'db_and_model_update' retrieved from /opt/airflow/dags/db_and_model_update_dag.py
[2026-04-01T02:59:43.162+0000] {logging_mixin.py:190} INFO - [2026-04-01T02:59:43.162+0000] {dag.py:3239} INFO - Sync 1 DAGs
[2026-04-01T02:59:43.206+0000] {processor.py:208} INFO - Processing /opt/airflow/dags/db_and_model_update_dag.py took 0.105 seconds
[2026-04-01T03:00:13.441+0000] {processor.py:186} INFO - Started process (PID=7604) to work on /opt/airflow/dags/db_and_model_update_dag.py
[2026-04-01T03:00:13.443+0000] {processor.py:914} INFO - Processing file /opt/airflow/dags/db_and_model_update_dag.py for tasks to queue
[2026-04-01T03:00:13.446+0000] {logging_mixin.py:190} INFO - [2026-04-01T03:00:13.445+0000] {dagbag.py:588} INFO - Filling up the DagBag from /opt/airflow/dags/db_and_model_update_dag.py
[2026-04-01T03:00:13.465+0000] {processor.py:925} INFO - DAG(s) 'db_and_model_update' retrieved from /opt/airflow/dags/db_and_model_update_dag.py
[2026-04-01T03:00:13.500+0000] {logging_mixin.py:190} INFO - [2026-04-01T03:00:13.500+0000] {dag.py:3239} INFO - Sync 1 DAGs
[2026-04-01T03:00:13.538+0000] {processor.py:208} INFO - Processing /opt/airflow/dags/db_and_model_update_dag.py took 0.106 seconds
[2026-04-01T03:00:43.625+0000] {processor.py:186} INFO - Started process (PID=7614) to work on /opt/airflow/dags/db_and_model_update_dag.py
[2026-04-01T03:00:43.626+0000] {processor.py:914} INFO - Processing file /opt/airflow/dags/db_and_model_update_dag.py for tasks to queue
[2026-04-01T03:00:43.629+0000] {logging_mixin.py:190} INFO - [2026-04-01T03:00:43.628+0000] {dagbag.py:588} INFO - Filling up the DagBag from /opt/airflow/dags/db_and_model_update_dag.py
[2026-04-01T03:00:43.649+0000] {processor.py:925} INFO - DAG(s) 'db_and_model_update' retrieved from /opt/airflow/dags/db_and_model_update_dag.py
[2026-04-01T03:00:43.693+0000] {logging_mixin.py:190} INFO - [2026-04-01T03:00:43.693+0000] {dag.py:3239} INFO - Sync 1 DAGs
[2026-04-01T03:00:43.739+0000] {processor.py:208} INFO - Processing /opt/airflow/dags/db_and_model_update_dag.py took 0.121 seconds
[2026-04-01T03:01:13.866+0000] {processor.py:186} INFO - Started process (PID=7624) to work on /opt/airflow/dags/db_and_model_update_dag.py
[2026-04-01T03:01:13.867+0000] {processor.py:914} INFO - Processing file /opt/airflow/dags/db_and_model_update_dag.py for tasks to queue
[2026-04-01T03:01:13.869+0000] {logging_mixin.py:190} INFO - [2026-04-01T03:01:13.869+0000] {dagbag.py:588} INFO - Filling up the DagBag from /opt/airflow/dags/db_and_model_update_dag.py
[2026-04-01T03:01:13.894+0000] {processor.py:925} INFO - DAG(s) 'db_and_model_update' retrieved from /opt/airflow/dags/db_and_model_update_dag.py
[2026-04-01T03:01:13.930+0000] {logging_mixin.py:190} INFO - [2026-04-01T03:01:13.930+0000] {dag.py:3239} INFO - Sync 1 DAGs
[2026-04-01T03:01:13.975+0000] {processor.py:208} INFO - Processing /opt/airflow/dags/db_and_model_update_dag.py took 0.115 seconds
[2026-04-01T03:01:44.054+0000] {processor.py:186} INFO - Started process (PID=7634) to work on /opt/airflow/dags/db_and_model_update_dag.py
[2026-04-01T03:01:44.055+0000] {processor.py:914} INFO - Processing file /opt/airflow/dags/db_and_model_update_dag.py for tasks to queue
[2026-04-01T03:01:44.057+0000] {logging_mixin.py:190} INFO - [2026-04-01T03:01:44.057+0000] {dagbag.py:588} INFO - Filling up the DagBag from /opt/airflow/dags/db_and_model_update_dag.py
[2026-04-01T03:01:44.074+0000] {processor.py:925} INFO - DAG(s) 'db_and_model_update' retrieved from /opt/airflow/dags/db_and_model_update_dag.py
[2026-04-01T03:01:44.101+0000] {logging_mixin.py:190} INFO - [2026-04-01T03:01:44.101+0000] {dag.py:3239} INFO - Sync 1 DAGs
[2026-04-01T03:01:44.141+0000] {processor.py:208} INFO - Processing /opt/airflow/dags/db_and_model_update_dag.py took 0.094 seconds
[2026-04-01T03:02:14.375+0000] {processor.py:186} INFO - Started process (PID=7644) to work on /opt/airflow/dags/db_and_model_update_dag.py
[2026-04-01T03:02:14.376+0000] {processor.py:914} INFO - Processing file /opt/airflow/dags/db_and_model_update_dag.py for tasks to queue
[2026-04-01T03:02:14.379+0000] {logging_mixin.py:190} INFO - [2026-04-01T03:02:14.379+0000] {dagbag.py:588} INFO - Filling up the DagBag from /opt/airflow/dags/db_and_model_update_dag.py
[2026-04-01T03:02:14.400+0000] {processor.py:925} INFO - DAG(s) 'db_and_model_update' retrieved from /opt/airflow/dags/db_and_model_update_dag.py
[2026-04-01T03:02:14.436+0000] {logging_mixin.py:190} INFO - [2026-04-01T03:02:14.436+0000] {dag.py:3239} INFO - Sync 1 DAGs
[2026-04-01T03:02:14.483+0000] {processor.py:208} INFO - Processing /opt/airflow/dags/db_and_model_update_dag.py took 0.117 seconds
[2026-04-01T03:02:44.671+0000] {processor.py:186} INFO - Started process (PID=7654) to work on /opt/airflow/dags/db_and_model_update_dag.py
[2026-04-01T03:02:44.672+0000] {processor.py:914} INFO - Processing file /opt/airflow/dags/db_and_model_update_dag.py for tasks to queue
[2026-04-01T03:02:44.674+0000] {logging_mixin.py:190} INFO - [2026-04-01T03:02:44.674+0000] {dagbag.py:588} INFO - Filling up the DagBag from /opt/airflow/dags/db_and_model_update_dag.py
[2026-04-01T03:02:44.694+0000] {processor.py:925} INFO - DAG(s) 'db_and_model_update' retrieved from /opt/airflow/dags/db_and_model_update_dag.py
[2026-04-01T03:02:44.727+0000] {logging_mixin.py:190} INFO - [2026-04-01T03:02:44.727+0000] {dag.py:3239} INFO - Sync 1 DAGs
[2026-04-01T03:02:44.772+0000] {processor.py:208} INFO - Processing /opt/airflow/dags/db_and_model_update_dag.py took 0.108 seconds
[2026-04-01T03:03:14.919+0000] {processor.py:186} INFO - Started process (PID=7664) to work on /opt/airflow/dags/db_and_model_update_dag.py
[2026-04-01T03:03:14.920+0000] {processor.py:914} INFO - Processing file /opt/airflow/dags/db_and_model_update_dag.py for tasks to queue
[2026-04-01T03:03:14.922+0000] {logging_mixin.py:190} INFO - [2026-04-01T03:03:14.922+0000] {dagbag.py:588} INFO - Filling up the DagBag from /opt/airflow/dags/db_and_model_update_dag.py
[2026-04-01T03:03:14.940+0000] {processor.py:925} INFO - DAG(s) 'db_and_model_update' retrieved from /opt/airflow/dags/db_and_model_update_dag.py
[2026-04-01T03:03:14.967+0000] {logging_mixin.py:190} INFO - [2026-04-01T03:03:14.967+0000] {dag.py:3239} INFO - Sync 1 DAGs
[2026-04-01T03:03:15.004+0000] {processor.py:208} INFO - Processing /opt/airflow/dags/db_and_model_update_dag.py took 0.092 seconds
[2026-04-01T03:03:45.196+0000] {processor.py:186} INFO - Started process (PID=7674) to work on /opt/airflow/dags/db_and_model_update_dag.py
[2026-04-01T03:03:45.197+0000] {processor.py:914} INFO - Processing file /opt/airflow/dags/db_and_model_update_dag.py for tasks to queue
[2026-04-01T03:03:45.199+0000] {logging_mixin.py:190} INFO - [2026-04-01T03:03:45.199+0000] {dagbag.py:588} INFO - Filling up the DagBag from /opt/airflow/dags/db_and_model_update_dag.py
[2026-04-01T03:03:45.221+0000] {processor.py:925} INFO - DAG(s) 'db_and_model_update' retrieved from /opt/airflow/dags/db_and_model_update_dag.py
[2026-04-01T03:03:45.251+0000] {logging_mixin.py:190} INFO - [2026-04-01T03:03:45.251+0000] {dag.py:3239} INFO - Sync 1 DAGs
[2026-04-01T03:03:45.289+0000] {processor.py:208} INFO - Processing /opt/airflow/dags/db_and_model_update_dag.py took 0.103 seconds
[2026-04-01T03:04:15.514+0000] {processor.py:186} INFO - Started process (PID=7684) to work on /opt/airflow/dags/db_and_model_update_dag.py
[2026-04-01T03:04:15.516+0000] {processor.py:914} INFO - Processing file /opt/airflow/dags/db_and_model_update_dag.py for tasks to queue
[2026-04-01T03:04:15.520+0000] {logging_mixin.py:190} INFO - [2026-04-01T03:04:15.519+0000] {dagbag.py:588} INFO - Filling up the DagBag from /opt/airflow/dags/db_and_model_update_dag.py
[2026-04-01T03:04:15.542+0000] {processor.py:925} INFO - DAG(s) 'db_and_model_update' retrieved from /opt/airflow/dags/db_and_model_update_dag.py
[2026-04-01T03:04:15.596+0000] {logging_mixin.py:190} INFO - [2026-04-01T03:04:15.595+0000] {dag.py:3239} INFO - Sync 1 DAGs
[2026-04-01T03:04:15.668+0000] {processor.py:208} INFO - Processing /opt/airflow/dags/db_and_model_update_dag.py took 0.164 seconds
[2026-04-01T03:04:45.856+0000] {processor.py:186} INFO - Started process (PID=7694) to work on /opt/airflow/dags/db_and_model_update_dag.py
[2026-04-01T03:04:45.857+0000] {processor.py:914} INFO - Processing file /opt/airflow/dags/db_and_model_update_dag.py for tasks to queue
[2026-04-01T03:04:45.860+0000] {logging_mixin.py:190} INFO - [2026-04-01T03:04:45.859+0000] {dagbag.py:588} INFO - Filling up the DagBag from /opt/airflow/dags/db_and_model_update_dag.py
[2026-04-01T03:04:45.877+0000] {processor.py:925} INFO - DAG(s) 'db_and_model_update' retrieved from /opt/airflow/dags/db_and_model_update_dag.py
[2026-04-01T03:04:45.906+0000] {logging_mixin.py:190} INFO - [2026-04-01T03:04:45.905+0000] {dag.py:3239} INFO - Sync 1 DAGs
[2026-04-01T03:04:45.959+0000] {processor.py:208} INFO - Processing /opt/airflow/dags/db_and_model_update_dag.py took 0.110 seconds
[2026-04-01T03:05:16.037+0000] {processor.py:186} INFO - Started process (PID=7707) to work on /opt/airflow/dags/db_and_model_update_dag.py
[2026-04-01T03:05:16.039+0000] {processor.py:914} INFO - Processing file /opt/airflow/dags/db_and_model_update_dag.py for tasks to queue
[2026-04-01T03:05:16.041+0000] {logging_mixin.py:190} INFO - [2026-04-01T03:05:16.041+0000] {dagbag.py:588} INFO - Filling up the DagBag from /opt/airflow/dags/db_and_model_update_dag.py
[2026-04-01T03:05:16.061+0000] {processor.py:925} INFO - DAG(s) 'db_and_model_update' retrieved from /opt/airflow/dags/db_and_model_update_dag.py
[2026-04-01T03:05:16.090+0000] {logging_mixin.py:190} INFO - [2026-04-01T03:05:16.090+0000] {dag.py:3239} INFO - Sync 1 DAGs
[2026-04-01T03:05:16.113+0000] {logging_mixin.py:190} INFO - [2026-04-01T03:05:16.113+0000] {dag.py:4180} INFO - Setting next_dagrun for db_and_model_update to 2026-03-30 14:00:00+00:00, run_after=2026-04-06 14:00:00+00:00
[2026-04-01T03:05:16.132+0000] {processor.py:208} INFO - Processing /opt/airflow/dags/db_and_model_update_dag.py took 0.105 seconds
[2026-04-01T03:05:46.317+0000] {processor.py:186} INFO - Started process (PID=7717) to work on /opt/airflow/dags/db_and_model_update_dag.py
[2026-04-01T03:05:46.319+0000] {processor.py:914} INFO - Processing file /opt/airflow/dags/db_and_model_update_dag.py for tasks to queue
[2026-04-01T03:05:46.321+0000] {logging_mixin.py:190} INFO - [2026-04-01T03:05:46.321+0000] {dagbag.py:588} INFO - Filling up the DagBag from /opt/airflow/dags/db_and_model_update_dag.py
[2026-04-01T03:05:46.337+0000] {processor.py:925} INFO - DAG(s) 'db_and_model_update' retrieved from /opt/airflow/dags/db_and_model_update_dag.py
[2026-04-01T03:05:46.363+0000] {logging_mixin.py:190} INFO - [2026-04-01T03:05:46.363+0000] {dag.py:3239} INFO - Sync 1 DAGs
[2026-04-01T03:05:46.384+0000] {logging_mixin.py:190} INFO - [2026-04-01T03:05:46.384+0000] {dag.py:4180} INFO - Setting next_dagrun for db_and_model_update to 2026-03-30 14:00:00+00:00, run_after=2026-04-06 14:00:00+00:00
[2026-04-01T03:05:46.405+0000] {processor.py:208} INFO - Processing /opt/airflow/dags/db_and_model_update_dag.py took 0.095 seconds
[2026-04-01T03:06:16.486+0000] {processor.py:186} INFO - Started process (PID=7727) to work on /opt/airflow/dags/db_and_model_update_dag.py
[2026-04-01T03:06:16.487+0000] {processor.py:914} INFO - Processing file /opt/airflow/dags/db_and_model_update_dag.py for tasks to queue
[2026-04-01T03:06:16.489+0000] {logging_mixin.py:190} INFO - [2026-04-01T03:06:16.489+0000] {dagbag.py:588} INFO - Filling up the DagBag from /opt/airflow/dags/db_and_model_update_dag.py
[2026-04-01T03:06:16.508+0000] {processor.py:925} INFO - DAG(s) 'db_and_model_update' retrieved from /opt/airflow/dags/db_and_model_update_dag.py
[2026-04-01T03:06:16.541+0000] {logging_mixin.py:190} INFO - [2026-04-01T03:06:16.540+0000] {dag.py:3239} INFO - Sync 1 DAGs
[2026-04-01T03:06:16.563+0000] {logging_mixin.py:190} INFO - [2026-04-01T03:06:16.563+0000] {dag.py:4180} INFO - Setting next_dagrun for db_and_model_update to 2026-03-30 14:00:00+00:00, run_after=2026-04-06 14:00:00+00:00
[2026-04-01T03:06:16.582+0000] {processor.py:208} INFO - Processing /opt/airflow/dags/db_and_model_update_dag.py took 0.103 seconds
[2026-04-01T03:06:46.681+0000] {processor.py:186} INFO - Started process (PID=7737) to work on /opt/airflow/dags/db_and_model_update_dag.py
[2026-04-01T03:06:46.683+0000] {processor.py:914} INFO - Processing file /opt/airflow/dags/db_and_model_update_dag.py for tasks to queue
[2026-04-01T03:06:46.686+0000] {logging_mixin.py:190} INFO - [2026-04-01T03:06:46.686+0000] {dagbag.py:588} INFO - Filling up the DagBag from /opt/airflow/dags/db_and_model_update_dag.py
[2026-04-01T03:06:46.708+0000] {processor.py:925} INFO - DAG(s) 'db_and_model_update' retrieved from /opt/airflow/dags/db_and_model_update_dag.py
[2026-04-01T03:06:46.741+0000] {logging_mixin.py:190} INFO - [2026-04-01T03:06:46.741+0000] {dag.py:3239} INFO - Sync 1 DAGs
[2026-04-01T03:06:46.769+0000] {logging_mixin.py:190} INFO - [2026-04-01T03:06:46.769+0000] {dag.py:4180} INFO - Setting next_dagrun for db_and_model_update to 2026-03-30 14:00:00+00:00, run_after=2026-04-06 14:00:00+00:00
[2026-04-01T03:06:46.801+0000] {processor.py:208} INFO - Processing /opt/airflow/dags/db_and_model_update_dag.py took 0.128 seconds
[2026-04-01T03:07:16.977+0000] {processor.py:186} INFO - Started process (PID=7752) to work on /opt/airflow/dags/db_and_model_update_dag.py
[2026-04-01T03:07:16.978+0000] {processor.py:914} INFO - Processing file /opt/airflow/dags/db_and_model_update_dag.py for tasks to queue
[2026-04-01T03:07:16.981+0000] {logging_mixin.py:190} INFO - [2026-04-01T03:07:16.980+0000] {dagbag.py:588} INFO - Filling up the DagBag from /opt/airflow/dags/db_and_model_update_dag.py
[2026-04-01T03:07:17.001+0000] {processor.py:925} INFO - DAG(s) 'db_and_model_update' retrieved from /opt/airflow/dags/db_and_model_update_dag.py
[2026-04-01T03:07:17.031+0000] {logging_mixin.py:190} INFO - [2026-04-01T03:07:17.030+0000] {dag.py:3239} INFO - Sync 1 DAGs
[2026-04-01T03:07:17.050+0000] {logging_mixin.py:190} INFO - [2026-04-01T03:07:17.050+0000] {dag.py:4180} INFO - Setting next_dagrun for db_and_model_update to 2026-03-30 14:00:00+00:00, run_after=2026-04-06 14:00:00+00:00
[2026-04-01T03:07:17.066+0000] {processor.py:208} INFO - Processing /opt/airflow/dags/db_and_model_update_dag.py took 0.096 seconds
[2026-04-01T03:07:47.123+0000] {processor.py:186} INFO - Started process (PID=7757) to work on /opt/airflow/dags/db_and_model_update_dag.py
[2026-04-01T03:07:47.124+0000] {processor.py:914} INFO - Processing file /opt/airflow/dags/db_and_model_update_dag.py for tasks to queue
[2026-04-01T03:07:47.126+0000] {logging_mixin.py:190} INFO - [2026-04-01T03:07:47.126+0000] {dagbag.py:588} INFO - Filling up the DagBag from /opt/airflow/dags/db_and_model_update_dag.py
[2026-04-01T03:07:47.147+0000] {processor.py:925} INFO - DAG(s) 'db_and_model_update' retrieved from /opt/airflow/dags/db_and_model_update_dag.py
[2026-04-01T03:07:47.177+0000] {logging_mixin.py:190} INFO - [2026-04-01T03:07:47.177+0000] {dag.py:3239} INFO - Sync 1 DAGs
[2026-04-01T03:07:47.198+0000] {logging_mixin.py:190} INFO - [2026-04-01T03:07:47.198+0000] {dag.py:4180} INFO - Setting next_dagrun for db_and_model_update to 2026-03-30 14:00:00+00:00, run_after=2026-04-06 14:00:00+00:00
[2026-04-01T03:07:47.217+0000] {processor.py:208} INFO - Processing /opt/airflow/dags/db_and_model_update_dag.py took 0.100 seconds
[2026-04-01T03:08:17.393+0000] {processor.py:186} INFO - Started process (PID=7767) to work on /opt/airflow/dags/db_and_model_update_dag.py
[2026-04-01T03:08:17.394+0000] {processor.py:914} INFO - Processing file /opt/airflow/dags/db_and_model_update_dag.py for tasks to queue
[2026-04-01T03:08:17.396+0000] {logging_mixin.py:190} INFO - [2026-04-01T03:08:17.396+0000] {dagbag.py:588} INFO - Filling up the DagBag from /opt/airflow/dags/db_and_model_update_dag.py
[2026-04-01T03:08:17.414+0000] {processor.py:925} INFO - DAG(s) 'db_and_model_update' retrieved from /opt/airflow/dags/db_and_model_update_dag.py
[2026-04-01T03:08:17.445+0000] {logging_mixin.py:190} INFO - [2026-04-01T03:08:17.444+0000] {dag.py:3239} INFO - Sync 1 DAGs
[2026-04-01T03:08:17.473+0000] {logging_mixin.py:190} INFO - [2026-04-01T03:08:17.473+0000] {dag.py:4180} INFO - Setting next_dagrun for db_and_model_update to 2026-03-30 14:00:00+00:00, run_after=2026-04-06 14:00:00+00:00
[2026-04-01T03:08:17.501+0000] {processor.py:208} INFO - Processing /opt/airflow/dags/db_and_model_update_dag.py took 0.115 seconds
[2026-04-01T03:08:47.695+0000] {processor.py:186} INFO - Started process (PID=7777) to work on /opt/airflow/dags/db_and_model_update_dag.py
[2026-04-01T03:08:47.696+0000] {processor.py:914} INFO - Processing file /opt/airflow/dags/db_and_model_update_dag.py for tasks to queue
[2026-04-01T03:08:47.698+0000] {logging_mixin.py:190} INFO - [2026-04-01T03:08:47.698+0000] {dagbag.py:588} INFO - Filling up the DagBag from /opt/airflow/dags/db_and_model_update_dag.py
[2026-04-01T03:08:47.715+0000] {processor.py:925} INFO - DAG(s) 'db_and_model_update' retrieved from /opt/airflow/dags/db_and_model_update_dag.py
[2026-04-01T03:08:47.740+0000] {logging_mixin.py:190} INFO - [2026-04-01T03:08:47.740+0000] {dag.py:3239} INFO - Sync 1 DAGs
[2026-04-01T03:08:47.760+0000] {logging_mixin.py:190} INFO - [2026-04-01T03:08:47.760+0000] {dag.py:4180} INFO - Setting next_dagrun for db_and_model_update to 2026-03-30 14:00:00+00:00, run_after=2026-04-06 14:00:00+00:00
[2026-04-01T03:08:47.776+0000] {processor.py:208} INFO - Processing /opt/airflow/dags/db_and_model_update_dag.py took 0.087 seconds
[2026-04-01T03:09:17.837+0000] {processor.py:186} INFO - Started process (PID=7787) to work on /opt/airflow/dags/db_and_model_update_dag.py
[2026-04-01T03:09:17.838+0000] {processor.py:914} INFO - Processing file /opt/airflow/dags/db_and_model_update_dag.py for tasks to queue
[2026-04-01T03:09:17.841+0000] {logging_mixin.py:190} INFO - [2026-04-01T03:09:17.840+0000] {dagbag.py:588} INFO - Filling up the DagBag from /opt/airflow/dags/db_and_model_update_dag.py
[2026-04-01T03:09:17.860+0000] {processor.py:925} INFO - DAG(s) 'db_and_model_update' retrieved from /opt/airflow/dags/db_and_model_update_dag.py
[2026-04-01T03:09:17.891+0000] {logging_mixin.py:190} INFO - [2026-04-01T03:09:17.890+0000] {dag.py:3239} INFO - Sync 1 DAGs
[2026-04-01T03:09:17.914+0000] {logging_mixin.py:190} INFO - [2026-04-01T03:09:17.913+0000] {dag.py:4180} INFO - Setting next_dagrun for db_and_model_update to 2026-03-30 14:00:00+00:00, run_after=2026-04-06 14:00:00+00:00
[2026-04-01T03:09:17.949+0000] {processor.py:208} INFO - Processing /opt/airflow/dags/db_and_model_update_dag.py took 0.119 seconds
[2026-04-01T03:09:48.165+0000] {processor.py:186} INFO - Started process (PID=7797) to work on /opt/airflow/dags/db_and_model_update_dag.py
[2026-04-01T03:09:48.166+0000] {processor.py:914} INFO - Processing file /opt/airflow/dags/db_and_model_update_dag.py for tasks to queue
[2026-04-01T03:09:48.168+0000] {logging_mixin.py:190} INFO - [2026-04-01T03:09:48.168+0000] {dagbag.py:588} INFO - Filling up the DagBag from /opt/airflow/dags/db_and_model_update_dag.py
[2026-04-01T03:09:48.187+0000] {processor.py:925} INFO - DAG(s) 'db_and_model_update' retrieved from /opt/airflow/dags/db_and_model_update_dag.py
[2026-04-01T03:09:48.213+0000] {logging_mixin.py:190} INFO - [2026-04-01T03:09:48.213+0000] {dag.py:3239} INFO - Sync 1 DAGs
[2026-04-01T03:09:48.233+0000] {logging_mixin.py:190} INFO - [2026-04-01T03:09:48.233+0000] {dag.py:4180} INFO - Setting next_dagrun for db_and_model_update to 2026-03-30 14:00:00+00:00, run_after=2026-04-06 14:00:00+00:00
[2026-04-01T03:09:48.250+0000] {processor.py:208} INFO - Processing /opt/airflow/dags/db_and_model_update_dag.py took 0.092 seconds
[2026-04-01T03:10:18.345+0000] {processor.py:186} INFO - Started process (PID=7807) to work on /opt/airflow/dags/db_and_model_update_dag.py
[2026-04-01T03:10:18.347+0000] {processor.py:914} INFO - Processing file /opt/airflow/dags/db_and_model_update_dag.py for tasks to queue
[2026-04-01T03:10:18.349+0000] {logging_mixin.py:190} INFO - [2026-04-01T03:10:18.348+0000] {dagbag.py:588} INFO - Filling up the DagBag from /opt/airflow/dags/db_and_model_update_dag.py
[2026-04-01T03:10:18.368+0000] {processor.py:925} INFO - DAG(s) 'db_and_model_update' retrieved from /opt/airflow/dags/db_and_model_update_dag.py
[2026-04-01T03:10:18.396+0000] {logging_mixin.py:190} INFO - [2026-04-01T03:10:18.396+0000] {dag.py:3239} INFO - Sync 1 DAGs
[2026-04-01T03:10:18.416+0000] {logging_mixin.py:190} INFO - [2026-04-01T03:10:18.416+0000] {dag.py:4180} INFO - Setting next_dagrun for db_and_model_update to 2026-03-30 14:00:00+00:00, run_after=2026-04-06 14:00:00+00:00
[2026-04-01T03:10:18.434+0000] {processor.py:208} INFO - Processing /opt/airflow/dags/db_and_model_update_dag.py took 0.095 seconds
[2026-04-01T03:10:48.543+0000] {processor.py:186} INFO - Started process (PID=7817) to work on /opt/airflow/dags/db_and_model_update_dag.py
[2026-04-01T03:10:48.548+0000] {processor.py:914} INFO - Processing file /opt/airflow/dags/db_and_model_update_dag.py for tasks to queue
[2026-04-01T03:10:48.551+0000] {logging_mixin.py:190} INFO - [2026-04-01T03:10:48.550+0000] {dagbag.py:588} INFO - Filling up the DagBag from /opt/airflow/dags/db_and_model_update_dag.py
[2026-04-01T03:10:48.571+0000] {processor.py:925} INFO - DAG(s) 'db_and_model_update' retrieved from /opt/airflow/dags/db_and_model_update_dag.py
[2026-04-01T03:10:48.604+0000] {logging_mixin.py:190} INFO - [2026-04-01T03:10:48.603+0000] {dag.py:3239} INFO - Sync 1 DAGs
[2026-04-01T03:10:48.625+0000] {logging_mixin.py:190} INFO - [2026-04-01T03:10:48.624+0000] {dag.py:4180} INFO - Setting next_dagrun for db_and_model_update to 2026-03-30 14:00:00+00:00, run_after=2026-04-06 14:00:00+00:00
[2026-04-01T03:10:48.643+0000] {processor.py:208} INFO - Processing /opt/airflow/dags/db_and_model_update_dag.py took 0.108 seconds
[2026-04-01T03:11:18.737+0000] {processor.py:186} INFO - Started process (PID=7827) to work on /opt/airflow/dags/db_and_model_update_dag.py
[2026-04-01T03:11:18.739+0000] {processor.py:914} INFO - Processing file /opt/airflow/dags/db_and_model_update_dag.py for tasks to queue
[2026-04-01T03:11:18.741+0000] {logging_mixin.py:190} INFO - [2026-04-01T03:11:18.741+0000] {dagbag.py:588} INFO - Filling up the DagBag from /opt/airflow/dags/db_and_model_update_dag.py
[2026-04-01T03:11:18.760+0000] {processor.py:925} INFO - DAG(s) 'db_and_model_update' retrieved from /opt/airflow/dags/db_and_model_update_dag.py
[2026-04-01T03:11:18.785+0000] {logging_mixin.py:190} INFO - [2026-04-01T03:11:18.785+0000] {dag.py:3239} INFO - Sync 1 DAGs
[2026-04-01T03:11:18.804+0000] {logging_mixin.py:190} INFO - [2026-04-01T03:11:18.804+0000] {dag.py:4180} INFO - Setting next_dagrun for db_and_model_update to 2026-03-30 14:00:00+00:00, run_after=2026-04-06 14:00:00+00:00
[2026-04-01T03:11:18.820+0000] {processor.py:208} INFO - Processing /opt/airflow/dags/db_and_model_update_dag.py took 0.089 seconds
[2026-04-01T03:11:49.061+0000] {processor.py:186} INFO - Started process (PID=7837) to work on /opt/airflow/dags/db_and_model_update_dag.py
[2026-04-01T03:11:49.062+0000] {processor.py:914} INFO - Processing file /opt/airflow/dags/db_and_model_update_dag.py for tasks to queue
[2026-04-01T03:11:49.064+0000] {logging_mixin.py:190} INFO - [2026-04-01T03:11:49.064+0000] {dagbag.py:588} INFO - Filling up the DagBag from /opt/airflow/dags/db_and_model_update_dag.py
[2026-04-01T03:11:49.084+0000] {processor.py:925} INFO - DAG(s) 'db_and_model_update' retrieved from /opt/airflow/dags/db_and_model_update_dag.py
[2026-04-01T03:11:49.113+0000] {logging_mixin.py:190} INFO - [2026-04-01T03:11:49.113+0000] {dag.py:3239} INFO - Sync 1 DAGs
[2026-04-01T03:11:49.136+0000] {logging_mixin.py:190} INFO - [2026-04-01T03:11:49.136+0000] {dag.py:4180} INFO - Setting next_dagrun for db_and_model_update to 2026-03-30 14:00:00+00:00, run_after=2026-04-06 14:00:00+00:00
[2026-04-01T03:11:49.157+0000] {processor.py:208} INFO - Processing /opt/airflow/dags/db_and_model_update_dag.py took 0.103 seconds
[2026-04-01T03:12:19.322+0000] {processor.py:186} INFO - Started process (PID=7847) to work on /opt/airflow/dags/db_and_model_update_dag.py
[2026-04-01T03:12:19.324+0000] {processor.py:914} INFO - Processing file /opt/airflow/dags/db_and_model_update_dag.py for tasks to queue
[2026-04-01T03:12:19.328+0000] {logging_mixin.py:190} INFO - [2026-04-01T03:12:19.328+0000] {dagbag.py:588} INFO - Filling up the DagBag from /opt/airflow/dags/db_and_model_update_dag.py
[2026-04-01T03:12:19.365+0000] {processor.py:925} INFO - DAG(s) 'db_and_model_update' retrieved from /opt/airflow/dags/db_and_model_update_dag.py
[2026-04-01T03:12:19.412+0000] {logging_mixin.py:190} INFO - [2026-04-01T03:12:19.412+0000] {dag.py:3239} INFO - Sync 1 DAGs
[2026-04-01T03:12:19.434+0000] {logging_mixin.py:190} INFO - [2026-04-01T03:12:19.434+0000] {dag.py:4180} INFO - Setting next_dagrun for db_and_model_update to 2026-03-30 14:00:00+00:00, run_after=2026-04-06 14:00:00+00:00
[2026-04-01T03:12:19.465+0000] {processor.py:208} INFO - Processing /opt/airflow/dags/db_and_model_update_dag.py took 0.151 seconds
[2026-04-01T03:12:49.615+0000] {processor.py:186} INFO - Started process (PID=7857) to work on /opt/airflow/dags/db_and_model_update_dag.py
[2026-04-01T03:12:49.616+0000] {processor.py:914} INFO - Processing file /opt/airflow/dags/db_and_model_update_dag.py for tasks to queue
[2026-04-01T03:12:49.618+0000] {logging_mixin.py:190} INFO - [2026-04-01T03:12:49.618+0000] {dagbag.py:588} INFO - Filling up the DagBag from /opt/airflow/dags/db_and_model_update_dag.py
[2026-04-01T03:12:49.635+0000] {processor.py:925} INFO - DAG(s) 'db_and_model_update' retrieved from /opt/airflow/dags/db_and_model_update_dag.py
[2026-04-01T03:12:49.660+0000] {logging_mixin.py:190} INFO - [2026-04-01T03:12:49.660+0000] {dag.py:3239} INFO - Sync 1 DAGs
[2026-04-01T03:12:49.680+0000] {logging_mixin.py:190} INFO - [2026-04-01T03:12:49.680+0000] {dag.py:4180} INFO - Setting next_dagrun for db_and_model_update to 2026-03-30 14:00:00+00:00, run_after=2026-04-06 14:00:00+00:00
[2026-04-01T03:12:49.699+0000] {processor.py:208} INFO - Processing /opt/airflow/dags/db_and_model_update_dag.py took 0.090 seconds
[2026-04-01T03:13:19.759+0000] {processor.py:186} INFO - Started process (PID=7867) to work on /opt/airflow/dags/db_and_model_update_dag.py
[2026-04-01T03:13:19.760+0000] {processor.py:914} INFO - Processing file /opt/airflow/dags/db_and_model_update_dag.py for tasks to queue
[2026-04-01T03:13:19.762+0000] {logging_mixin.py:190} INFO - [2026-04-01T03:13:19.762+0000] {dagbag.py:588} INFO - Filling up the DagBag from /opt/airflow/dags/db_and_model_update_dag.py
[2026-04-01T03:13:19.782+0000] {processor.py:925} INFO - DAG(s) 'db_and_model_update' retrieved from /opt/airflow/dags/db_and_model_update_dag.py
[2026-04-01T03:13:19.819+0000] {logging_mixin.py:190} INFO - [2026-04-01T03:13:19.819+0000] {dag.py:3239} INFO - Sync 1 DAGs
[2026-04-01T03:13:19.848+0000] {logging_mixin.py:190} INFO - [2026-04-01T03:13:19.848+0000] {dag.py:4180} INFO - Setting next_dagrun for db_and_model_update to 2026-03-30 14:00:00+00:00, run_after=2026-04-06 14:00:00+00:00
[2026-04-01T03:13:19.871+0000] {processor.py:208} INFO - Processing /opt/airflow/dags/db_and_model_update_dag.py took 0.120 seconds
[2026-04-01T03:13:49.995+0000] {processor.py:186} INFO - Started process (PID=7877) to work on /opt/airflow/dags/db_and_model_update_dag.py
[2026-04-01T03:13:49.996+0000] {processor.py:914} INFO - Processing file /opt/airflow/dags/db_and_model_update_dag.py for tasks to queue
[2026-04-01T03:13:49.999+0000] {logging_mixin.py:190} INFO - [2026-04-01T03:13:49.999+0000] {dagbag.py:588} INFO - Filling up the DagBag from /opt/airflow/dags/db_and_model_update_dag.py
[2026-04-01T03:13:50.023+0000] {processor.py:925} INFO - DAG(s) 'db_and_model_update' retrieved from /opt/airflow/dags/db_and_model_update_dag.py
[2026-04-01T03:13:50.050+0000] {logging_mixin.py:190} INFO - [2026-04-01T03:13:50.050+0000] {dag.py:3239} INFO - Sync 1 DAGs
[2026-04-01T03:13:50.070+0000] {logging_mixin.py:190} INFO - [2026-04-01T03:13:50.070+0000] {dag.py:4180} INFO - Setting next_dagrun for db_and_model_update to 2026-03-30 14:00:00+00:00, run_after=2026-04-06 14:00:00+00:00
[2026-04-01T03:13:50.092+0000] {processor.py:208} INFO - Processing /opt/airflow/dags/db_and_model_update_dag.py took 0.104 seconds
[2026-04-01T03:14:20.193+0000] {processor.py:186} INFO - Started process (PID=7887) to work on /opt/airflow/dags/db_and_model_update_dag.py
[2026-04-01T03:14:20.194+0000] {processor.py:914} INFO - Processing file /opt/airflow/dags/db_and_model_update_dag.py for tasks to queue
[2026-04-01T03:14:20.197+0000] {logging_mixin.py:190} INFO - [2026-04-01T03:14:20.196+0000] {dagbag.py:588} INFO - Filling up the DagBag from /opt/airflow/dags/db_and_model_update_dag.py
[2026-04-01T03:14:20.216+0000] {processor.py:925} INFO - DAG(s) 'db_and_model_update' retrieved from /opt/airflow/dags/db_and_model_update_dag.py
[2026-04-01T03:14:20.245+0000] {logging_mixin.py:190} INFO - [2026-04-01T03:14:20.245+0000] {dag.py:3239} INFO - Sync 1 DAGs
[2026-04-01T03:14:20.265+0000] {logging_mixin.py:190} INFO - [2026-04-01T03:14:20.265+0000] {dag.py:4180} INFO - Setting next_dagrun for db_and_model_update to 2026-03-30 14:00:00+00:00, run_after=2026-04-06 14:00:00+00:00
[2026-04-01T03:14:20.282+0000] {processor.py:208} INFO - Processing /opt/airflow/dags/db_and_model_update_dag.py took 0.099 seconds
[2026-04-01T03:14:50.482+0000] {processor.py:186} INFO - Started process (PID=7897) to work on /opt/airflow/dags/db_and_model_update_dag.py
[2026-04-01T03:14:50.483+0000] {processor.py:914} INFO - Processing file /opt/airflow/dags/db_and_model_update_dag.py for tasks to queue
[2026-04-01T03:14:50.485+0000] {logging_mixin.py:190} INFO - [2026-04-01T03:14:50.485+0000] {dagbag.py:588} INFO - Filling up the DagBag from /opt/airflow/dags/db_and_model_update_dag.py
[2026-04-01T03:14:50.505+0000] {processor.py:925} INFO - DAG(s) 'db_and_model_update' retrieved from /opt/airflow/dags/db_and_model_update_dag.py
[2026-04-01T03:14:50.533+0000] {logging_mixin.py:190} INFO - [2026-04-01T03:14:50.533+0000] {dag.py:3239} INFO - Sync 1 DAGs
[2026-04-01T03:14:50.556+0000] {logging_mixin.py:190} INFO - [2026-04-01T03:14:50.556+0000] {dag.py:4180} INFO - Setting next_dagrun for db_and_model_update to 2026-03-30 14:00:00+00:00, run_after=2026-04-06 14:00:00+00:00
[2026-04-01T03:14:50.575+0000] {processor.py:208} INFO - Processing /opt/airflow/dags/db_and_model_update_dag.py took 0.101 seconds
[2026-04-01T03:15:20.664+0000] {processor.py:186} INFO - Started process (PID=7907) to work on /opt/airflow/dags/db_and_model_update_dag.py
[2026-04-01T03:15:20.665+0000] {processor.py:914} INFO - Processing file /opt/airflow/dags/db_and_model_update_dag.py for tasks to queue
[2026-04-01T03:15:20.667+0000] {logging_mixin.py:190} INFO - [2026-04-01T03:15:20.667+0000] {dagbag.py:588} INFO - Filling up the DagBag from /opt/airflow/dags/db_and_model_update_dag.py
[2026-04-01T03:15:20.683+0000] {processor.py:925} INFO - DAG(s) 'db_and_model_update' retrieved from /opt/airflow/dags/db_and_model_update_dag.py
[2026-04-01T03:15:20.708+0000] {logging_mixin.py:190} INFO - [2026-04-01T03:15:20.708+0000] {dag.py:3239} INFO - Sync 1 DAGs
[2026-04-01T03:15:20.728+0000] {logging_mixin.py:190} INFO - [2026-04-01T03:15:20.727+0000] {dag.py:4180} INFO - Setting next_dagrun for db_and_model_update to 2026-03-30 14:00:00+00:00, run_after=2026-04-06 14:00:00+00:00
[2026-04-01T03:15:20.749+0000] {processor.py:208} INFO - Processing /opt/airflow/dags/db_and_model_update_dag.py took 0.091 seconds
[2026-04-01T03:15:50.894+0000] {processor.py:186} INFO - Started process (PID=7917) to work on /opt/airflow/dags/db_and_model_update_dag.py
[2026-04-01T03:15:50.895+0000] {processor.py:914} INFO - Processing file /opt/airflow/dags/db_and_model_update_dag.py for tasks to queue
[2026-04-01T03:15:50.898+0000] {logging_mixin.py:190} INFO - [2026-04-01T03:15:50.897+0000] {dagbag.py:588} INFO - Filling up the DagBag from /opt/airflow/dags/db_and_model_update_dag.py
[2026-04-01T03:15:50.919+0000] {processor.py:925} INFO - DAG(s) 'db_and_model_update' retrieved from /opt/airflow/dags/db_and_model_update_dag.py
[2026-04-01T03:15:50.948+0000] {logging_mixin.py:190} INFO - [2026-04-01T03:15:50.948+0000] {dag.py:3239} INFO - Sync 1 DAGs
[2026-04-01T03:15:50.969+0000] {logging_mixin.py:190} INFO - [2026-04-01T03:15:50.969+0000] {dag.py:4180} INFO - Setting next_dagrun for db_and_model_update to 2026-03-30 14:00:00+00:00, run_after=2026-04-06 14:00:00+00:00
[2026-04-01T03:15:50.992+0000] {processor.py:208} INFO - Processing /opt/airflow/dags/db_and_model_update_dag.py took 0.104 seconds
[2026-04-01T03:16:21.052+0000] {processor.py:186} INFO - Started process (PID=7927) to work on /opt/airflow/dags/db_and_model_update_dag.py
[2026-04-01T03:16:21.059+0000] {processor.py:914} INFO - Processing file /opt/airflow/dags/db_and_model_update_dag.py for tasks to queue
[2026-04-01T03:16:21.065+0000] {logging_mixin.py:190} INFO - [2026-04-01T03:16:21.065+0000] {dagbag.py:588} INFO - Filling up the DagBag from /opt/airflow/dags/db_and_model_update_dag.py
[2026-04-01T03:16:21.086+0000] {processor.py:925} INFO - DAG(s) 'db_and_model_update' retrieved from /opt/airflow/dags/db_and_model_update_dag.py
[2026-04-01T03:16:21.116+0000] {logging_mixin.py:190} INFO - [2026-04-01T03:16:21.116+0000] {dag.py:3239} INFO - Sync 1 DAGs
[2026-04-01T03:16:21.137+0000] {logging_mixin.py:190} INFO - [2026-04-01T03:16:21.136+0000] {dag.py:4180} INFO - Setting next_dagrun for db_and_model_update to 2026-03-30 14:00:00+00:00, run_after=2026-04-06 14:00:00+00:00
[2026-04-01T03:16:21.174+0000] {processor.py:208} INFO - Processing /opt/airflow/dags/db_and_model_update_dag.py took 0.128 seconds
[2026-04-01T03:16:51.384+0000] {processor.py:186} INFO - Started process (PID=7937) to work on /opt/airflow/dags/db_and_model_update_dag.py
[2026-04-01T03:16:51.385+0000] {processor.py:914} INFO - Processing file /opt/airflow/dags/db_and_model_update_dag.py for tasks to queue
[2026-04-01T03:16:51.387+0000] {logging_mixin.py:190} INFO - [2026-04-01T03:16:51.387+0000] {dagbag.py:588} INFO - Filling up the DagBag from /opt/airflow/dags/db_and_model_update_dag.py
[2026-04-01T03:16:51.409+0000] {processor.py:925} INFO - DAG(s) 'db_and_model_update' retrieved from /opt/airflow/dags/db_and_model_update_dag.py
[2026-04-01T03:16:51.439+0000] {logging_mixin.py:190} INFO - [2026-04-01T03:16:51.439+0000] {dag.py:3239} INFO - Sync 1 DAGs
[2026-04-01T03:16:51.462+0000] {logging_mixin.py:190} INFO - [2026-04-01T03:16:51.462+0000] {dag.py:4180} INFO - Setting next_dagrun for db_and_model_update to 2026-03-30 14:00:00+00:00, run_after=2026-04-06 14:00:00+00:00
[2026-04-01T03:16:51.480+0000] {processor.py:208} INFO - Processing /opt/airflow/dags/db_and_model_update_dag.py took 0.102 seconds
[2026-04-01T03:17:21.667+0000] {processor.py:186} INFO - Started process (PID=7947) to work on /opt/airflow/dags/db_and_model_update_dag.py
[2026-04-01T03:17:21.668+0000] {processor.py:914} INFO - Processing file /opt/airflow/dags/db_and_model_update_dag.py for tasks to queue
[2026-04-01T03:17:21.670+0000] {logging_mixin.py:190} INFO - [2026-04-01T03:17:21.670+0000] {dagbag.py:588} INFO - Filling up the DagBag from /opt/airflow/dags/db_and_model_update_dag.py
[2026-04-01T03:17:21.691+0000] {processor.py:925} INFO - DAG(s) 'db_and_model_update' retrieved from /opt/airflow/dags/db_and_model_update_dag.py
[2026-04-01T03:17:21.718+0000] {logging_mixin.py:190} INFO - [2026-04-01T03:17:21.718+0000] {dag.py:3239} INFO - Sync 1 DAGs
[2026-04-01T03:17:21.739+0000] {logging_mixin.py:190} INFO - [2026-04-01T03:17:21.738+0000] {dag.py:4180} INFO - Setting next_dagrun for db_and_model_update to 2026-03-30 14:00:00+00:00, run_after=2026-04-06 14:00:00+00:00
[2026-04-01T03:17:21.758+0000] {processor.py:208} INFO - Processing /opt/airflow/dags/db_and_model_update_dag.py took 0.098 seconds
[2026-04-01T03:17:51.823+0000] {processor.py:186} INFO - Started process (PID=7957) to work on /opt/airflow/dags/db_and_model_update_dag.py
[2026-04-01T03:17:51.824+0000] {processor.py:914} INFO - Processing file /opt/airflow/dags/db_and_model_update_dag.py for tasks to queue
[2026-04-01T03:17:51.826+0000] {logging_mixin.py:190} INFO - [2026-04-01T03:17:51.825+0000] {dagbag.py:588} INFO - Filling up the DagBag from /opt/airflow/dags/db_and_model_update_dag.py
[2026-04-01T03:17:51.843+0000] {processor.py:925} INFO - DAG(s) 'db_and_model_update' retrieved from /opt/airflow/dags/db_and_model_update_dag.py
[2026-04-01T03:17:51.869+0000] {logging_mixin.py:190} INFO - [2026-04-01T03:17:51.869+0000] {dag.py:3239} INFO - Sync 1 DAGs
[2026-04-01T03:17:51.891+0000] {logging_mixin.py:190} INFO - [2026-04-01T03:17:51.891+0000] {dag.py:4180} INFO - Setting next_dagrun for db_and_model_update to 2026-03-30 14:00:00+00:00, run_after=2026-04-06 14:00:00+00:00
[2026-04-01T03:17:51.924+0000] {processor.py:208} INFO - Processing /opt/airflow/dags/db_and_model_update_dag.py took 0.108 seconds
[2026-04-01T03:18:22.136+0000] {processor.py:186} INFO - Started process (PID=7967) to work on /opt/airflow/dags/db_and_model_update_dag.py
[2026-04-01T03:18:22.137+0000] {processor.py:914} INFO - Processing file /opt/airflow/dags/db_and_model_update_dag.py for tasks to queue
[2026-04-01T03:18:22.140+0000] {logging_mixin.py:190} INFO - [2026-04-01T03:18:22.139+0000] {dagbag.py:588} INFO - Filling up the DagBag from /opt/airflow/dags/db_and_model_update_dag.py
[2026-04-01T03:18:22.158+0000] {processor.py:925} INFO - DAG(s) 'db_and_model_update' retrieved from /opt/airflow/dags/db_and_model_update_dag.py
[2026-04-01T03:18:22.187+0000] {logging_mixin.py:190} INFO - [2026-04-01T03:18:22.187+0000] {dag.py:3239} INFO - Sync 1 DAGs
[2026-04-01T03:18:22.209+0000] {logging_mixin.py:190} INFO - [2026-04-01T03:18:22.208+0000] {dag.py:4180} INFO - Setting next_dagrun for db_and_model_update to 2026-03-30 14:00:00+00:00, run_after=2026-04-06 14:00:00+00:00
[2026-04-01T03:18:22.226+0000] {processor.py:208} INFO - Processing /opt/airflow/dags/db_and_model_update_dag.py took 0.096 seconds
[2026-04-01T03:18:52.422+0000] {processor.py:186} INFO - Started process (PID=7977) to work on /opt/airflow/dags/db_and_model_update_dag.py
[2026-04-01T03:18:52.423+0000] {processor.py:914} INFO - Processing file /opt/airflow/dags/db_and_model_update_dag.py for tasks to queue
[2026-04-01T03:18:52.426+0000] {logging_mixin.py:190} INFO - [2026-04-01T03:18:52.426+0000] {dagbag.py:588} INFO - Filling up the DagBag from /opt/airflow/dags/db_and_model_update_dag.py
[2026-04-01T03:18:52.447+0000] {processor.py:925} INFO - DAG(s) 'db_and_model_update' retrieved from /opt/airflow/dags/db_and_model_update_dag.py
[2026-04-01T03:18:52.479+0000] {logging_mixin.py:190} INFO - [2026-04-01T03:18:52.479+0000] {dag.py:3239} INFO - Sync 1 DAGs
[2026-04-01T03:18:52.500+0000] {logging_mixin.py:190} INFO - [2026-04-01T03:18:52.500+0000] {dag.py:4180} INFO - Setting next_dagrun for db_and_model_update to 2026-03-30 14:00:00+00:00, run_after=2026-04-06 14:00:00+00:00
[2026-04-01T03:18:52.519+0000] {processor.py:208} INFO - Processing /opt/airflow/dags/db_and_model_update_dag.py took 0.107 seconds
[2026-04-01T03:19:22.688+0000] {processor.py:186} INFO - Started process (PID=7987) to work on /opt/airflow/dags/db_and_model_update_dag.py
[2026-04-01T03:19:22.689+0000] {processor.py:914} INFO - Processing file /opt/airflow/dags/db_and_model_update_dag.py for tasks to queue
[2026-04-01T03:19:22.692+0000] {logging_mixin.py:190} INFO - [2026-04-01T03:19:22.691+0000] {dagbag.py:588} INFO - Filling up the DagBag from /opt/airflow/dags/db_and_model_update_dag.py
[2026-04-01T03:19:22.712+0000] {processor.py:925} INFO - DAG(s) 'db_and_model_update' retrieved from /opt/airflow/dags/db_and_model_update_dag.py
[2026-04-01T03:19:22.739+0000] {logging_mixin.py:190} INFO - [2026-04-01T03:19:22.739+0000] {dag.py:3239} INFO - Sync 1 DAGs
[2026-04-01T03:19:22.759+0000] {logging_mixin.py:190} INFO - [2026-04-01T03:19:22.758+0000] {dag.py:4180} INFO - Setting next_dagrun for db_and_model_update to 2026-03-30 14:00:00+00:00, run_after=2026-04-06 14:00:00+00:00
[2026-04-01T03:19:22.776+0000] {processor.py:208} INFO - Processing /opt/airflow/dags/db_and_model_update_dag.py took 0.096 seconds
[2026-04-01T03:19:52.934+0000] {processor.py:186} INFO - Started process (PID=7997) to work on /opt/airflow/dags/db_and_model_update_dag.py
[2026-04-01T03:19:52.935+0000] {processor.py:914} INFO - Processing file /opt/airflow/dags/db_and_model_update_dag.py for tasks to queue
[2026-04-01T03:19:52.938+0000] {logging_mixin.py:190} INFO - [2026-04-01T03:19:52.938+0000] {dagbag.py:588} INFO - Filling up the DagBag from /opt/airflow/dags/db_and_model_update_dag.py
[2026-04-01T03:19:52.957+0000] {processor.py:925} INFO - DAG(s) 'db_and_model_update' retrieved from /opt/airflow/dags/db_and_model_update_dag.py
[2026-04-01T03:19:52.987+0000] {logging_mixin.py:190} INFO - [2026-04-01T03:19:52.987+0000] {dag.py:3239} INFO - Sync 1 DAGs
[2026-04-01T03:19:53.009+0000] {logging_mixin.py:190} INFO - [2026-04-01T03:19:53.008+0000] {dag.py:4180} INFO - Setting next_dagrun for db_and_model_update to 2026-03-30 14:00:00+00:00, run_after=2026-04-06 14:00:00+00:00
[2026-04-01T03:19:53.028+0000] {processor.py:208} INFO - Processing /opt/airflow/dags/db_and_model_update_dag.py took 0.102 seconds
[2026-04-01T03:20:23.148+0000] {processor.py:186} INFO - Started process (PID=8007) to work on /opt/airflow/dags/db_and_model_update_dag.py
[2026-04-01T03:20:23.150+0000] {processor.py:914} INFO - Processing file /opt/airflow/dags/db_and_model_update_dag.py for tasks to queue
[2026-04-01T03:20:23.153+0000] {logging_mixin.py:190} INFO - [2026-04-01T03:20:23.152+0000] {dagbag.py:588} INFO - Filling up the DagBag from /opt/airflow/dags/db_and_model_update_dag.py
[2026-04-01T03:20:23.174+0000] {processor.py:925} INFO - DAG(s) 'db_and_model_update' retrieved from /opt/airflow/dags/db_and_model_update_dag.py
[2026-04-01T03:20:23.204+0000] {logging_mixin.py:190} INFO - [2026-04-01T03:20:23.204+0000] {dag.py:3239} INFO - Sync 1 DAGs
[2026-04-01T03:20:23.228+0000] {logging_mixin.py:190} INFO - [2026-04-01T03:20:23.228+0000] {dag.py:4180} INFO - Setting next_dagrun for db_and_model_update to 2026-03-30 14:00:00+00:00, run_after=2026-04-06 14:00:00+00:00
[2026-04-01T03:20:23.252+0000] {processor.py:208} INFO - Processing /opt/airflow/dags/db_and_model_update_dag.py took 0.111 seconds
[2026-04-01T03:20:53.438+0000] {processor.py:186} INFO - Started process (PID=8017) to work on /opt/airflow/dags/db_and_model_update_dag.py
[2026-04-01T03:20:53.439+0000] {processor.py:914} INFO - Processing file /opt/airflow/dags/db_and_model_update_dag.py for tasks to queue
[2026-04-01T03:20:53.442+0000] {logging_mixin.py:190} INFO - [2026-04-01T03:20:53.441+0000] {dagbag.py:588} INFO - Filling up the DagBag from /opt/airflow/dags/db_and_model_update_dag.py
[2026-04-01T03:20:53.458+0000] {processor.py:925} INFO - DAG(s) 'db_and_model_update' retrieved from /opt/airflow/dags/db_and_model_update_dag.py
[2026-04-01T03:20:53.489+0000] {logging_mixin.py:190} INFO - [2026-04-01T03:20:53.489+0000] {dag.py:3239} INFO - Sync 1 DAGs
[2026-04-01T03:20:53.510+0000] {logging_mixin.py:190} INFO - [2026-04-01T03:20:53.510+0000] {dag.py:4180} INFO - Setting next_dagrun for db_and_model_update to 2026-03-30 14:00:00+00:00, run_after=2026-04-06 14:00:00+00:00
[2026-04-01T03:20:53.529+0000] {processor.py:208} INFO - Processing /opt/airflow/dags/db_and_model_update_dag.py took 0.098 seconds
[2026-04-01T03:21:23.719+0000] {processor.py:186} INFO - Started process (PID=8027) to work on /opt/airflow/dags/db_and_model_update_dag.py
[2026-04-01T03:21:23.720+0000] {processor.py:914} INFO - Processing file /opt/airflow/dags/db_and_model_update_dag.py for tasks to queue
[2026-04-01T03:21:23.724+0000] {logging_mixin.py:190} INFO - [2026-04-01T03:21:23.723+0000] {dagbag.py:588} INFO - Filling up the DagBag from /opt/airflow/dags/db_and_model_update_dag.py
[2026-04-01T03:21:23.745+0000] {processor.py:925} INFO - DAG(s) 'db_and_model_update' retrieved from /opt/airflow/dags/db_and_model_update_dag.py
[2026-04-01T03:21:23.772+0000] {logging_mixin.py:190} INFO - [2026-04-01T03:21:23.772+0000] {dag.py:3239} INFO - Sync 1 DAGs
[2026-04-01T03:21:23.792+0000] {logging_mixin.py:190} INFO - [2026-04-01T03:21:23.792+0000] {dag.py:4180} INFO - Setting next_dagrun for db_and_model_update to 2026-03-30 14:00:00+00:00, run_after=2026-04-06 14:00:00+00:00
[2026-04-01T03:21:24.082+0000] {processor.py:208} INFO - Processing /opt/airflow/dags/db_and_model_update_dag.py took 0.370 seconds
[2026-04-01T03:21:54.220+0000] {processor.py:186} INFO - Started process (PID=8037) to work on /opt/airflow/dags/db_and_model_update_dag.py
[2026-04-01T03:21:54.221+0000] {processor.py:914} INFO - Processing file /opt/airflow/dags/db_and_model_update_dag.py for tasks to queue
[2026-04-01T03:21:54.223+0000] {logging_mixin.py:190} INFO - [2026-04-01T03:21:54.223+0000] {dagbag.py:588} INFO - Filling up the DagBag from /opt/airflow/dags/db_and_model_update_dag.py
[2026-04-01T03:21:54.243+0000] {processor.py:925} INFO - DAG(s) 'db_and_model_update' retrieved from /opt/airflow/dags/db_and_model_update_dag.py
[2026-04-01T03:21:54.276+0000] {logging_mixin.py:190} INFO - [2026-04-01T03:21:54.275+0000] {dag.py:3239} INFO - Sync 1 DAGs
[2026-04-01T03:21:54.302+0000] {logging_mixin.py:190} INFO - [2026-04-01T03:21:54.302+0000] {dag.py:4180} INFO - Setting next_dagrun for db_and_model_update to 2026-03-30 14:00:00+00:00, run_after=2026-04-06 14:00:00+00:00
[2026-04-01T03:21:54.323+0000] {processor.py:208} INFO - Processing /opt/airflow/dags/db_and_model_update_dag.py took 0.110 seconds
[2026-04-01T03:22:24.483+0000] {processor.py:186} INFO - Started process (PID=8052) to work on /opt/airflow/dags/db_and_model_update_dag.py
[2026-04-01T03:22:24.484+0000] {processor.py:914} INFO - Processing file /opt/airflow/dags/db_and_model_update_dag.py for tasks to queue
[2026-04-01T03:22:24.486+0000] {logging_mixin.py:190} INFO - [2026-04-01T03:22:24.486+0000] {dagbag.py:588} INFO - Filling up the DagBag from /opt/airflow/dags/db_and_model_update_dag.py
[2026-04-01T03:22:24.507+0000] {processor.py:925} INFO - DAG(s) 'db_and_model_update' retrieved from /opt/airflow/dags/db_and_model_update_dag.py
[2026-04-01T03:22:24.535+0000] {logging_mixin.py:190} INFO - [2026-04-01T03:22:24.535+0000] {dag.py:3239} INFO - Sync 1 DAGs
[2026-04-01T03:22:24.554+0000] {logging_mixin.py:190} INFO - [2026-04-01T03:22:24.554+0000] {dag.py:4180} INFO - Setting next_dagrun for db_and_model_update to 2026-03-30 14:00:00+00:00, run_after=2026-04-06 14:00:00+00:00
[2026-04-01T03:22:24.570+0000] {processor.py:208} INFO - Processing /opt/airflow/dags/db_and_model_update_dag.py took 0.094 seconds
[2026-04-01T03:22:54.633+0000] {processor.py:186} INFO - Started process (PID=8057) to work on /opt/airflow/dags/db_and_model_update_dag.py
[2026-04-01T03:22:54.634+0000] {processor.py:914} INFO - Processing file /opt/airflow/dags/db_and_model_update_dag.py for tasks to queue
[2026-04-01T03:22:54.636+0000] {logging_mixin.py:190} INFO - [2026-04-01T03:22:54.636+0000] {dagbag.py:588} INFO - Filling up the DagBag from /opt/airflow/dags/db_and_model_update_dag.py
[2026-04-01T03:22:54.654+0000] {processor.py:925} INFO - DAG(s) 'db_and_model_update' retrieved from /opt/airflow/dags/db_and_model_update_dag.py
[2026-04-01T03:22:54.684+0000] {logging_mixin.py:190} INFO - [2026-04-01T03:22:54.684+0000] {dag.py:3239} INFO - Sync 1 DAGs
[2026-04-01T03:22:54.703+0000] {logging_mixin.py:190} INFO - [2026-04-01T03:22:54.703+0000] {dag.py:4180} INFO - Setting next_dagrun for db_and_model_update to 2026-03-30 14:00:00+00:00, run_after=2026-04-06 14:00:00+00:00
[2026-04-01T03:22:54.727+0000] {processor.py:208} INFO - Processing /opt/airflow/dags/db_and_model_update_dag.py took 0.101 seconds
[2026-04-01T03:23:24.847+0000] {processor.py:186} INFO - Started process (PID=8067) to work on /opt/airflow/dags/db_and_model_update_dag.py
[2026-04-01T03:23:24.852+0000] {processor.py:914} INFO - Processing file /opt/airflow/dags/db_and_model_update_dag.py for tasks to queue
[2026-04-01T03:23:24.854+0000] {logging_mixin.py:190} INFO - [2026-04-01T03:23:24.854+0000] {dagbag.py:588} INFO - Filling up the DagBag from /opt/airflow/dags/db_and_model_update_dag.py
[2026-04-01T03:23:24.873+0000] {processor.py:925} INFO - DAG(s) 'db_and_model_update' retrieved from /opt/airflow/dags/db_and_model_update_dag.py
[2026-04-01T03:23:24.904+0000] {logging_mixin.py:190} INFO - [2026-04-01T03:23:24.903+0000] {dag.py:3239} INFO - Sync 1 DAGs
[2026-04-01T03:23:24.925+0000] {logging_mixin.py:190} INFO - [2026-04-01T03:23:24.925+0000] {dag.py:4180} INFO - Setting next_dagrun for db_and_model_update to 2026-03-30 14:00:00+00:00, run_after=2026-04-06 14:00:00+00:00
[2026-04-01T03:23:24.946+0000] {processor.py:208} INFO - Processing /opt/airflow/dags/db_and_model_update_dag.py took 0.107 seconds
[2026-04-01T03:23:55.006+0000] {processor.py:186} INFO - Started process (PID=8077) to work on /opt/airflow/dags/db_and_model_update_dag.py
[2026-04-01T03:23:55.007+0000] {processor.py:914} INFO - Processing file /opt/airflow/dags/db_and_model_update_dag.py for tasks to queue
[2026-04-01T03:23:55.009+0000] {logging_mixin.py:190} INFO - [2026-04-01T03:23:55.009+0000] {dagbag.py:588} INFO - Filling up the DagBag from /opt/airflow/dags/db_and_model_update_dag.py
[2026-04-01T03:23:55.026+0000] {processor.py:925} INFO - DAG(s) 'db_and_model_update' retrieved from /opt/airflow/dags/db_and_model_update_dag.py
[2026-04-01T03:23:55.052+0000] {logging_mixin.py:190} INFO - [2026-04-01T03:23:55.052+0000] {dag.py:3239} INFO - Sync 1 DAGs
[2026-04-01T03:23:55.073+0000] {logging_mixin.py:190} INFO - [2026-04-01T03:23:55.073+0000] {dag.py:4180} INFO - Setting next_dagrun for db_and_model_update to 2026-03-30 14:00:00+00:00, run_after=2026-04-06 14:00:00+00:00
[2026-04-01T03:23:55.094+0000] {processor.py:208} INFO - Processing /opt/airflow/dags/db_and_model_update_dag.py took 0.094 seconds
[2026-04-01T03:24:25.211+0000] {processor.py:186} INFO - Started process (PID=8087) to work on /opt/airflow/dags/db_and_model_update_dag.py
[2026-04-01T03:24:25.213+0000] {processor.py:914} INFO - Processing file /opt/airflow/dags/db_and_model_update_dag.py for tasks to queue
[2026-04-01T03:24:25.215+0000] {logging_mixin.py:190} INFO - [2026-04-01T03:24:25.215+0000] {dagbag.py:588} INFO - Filling up the DagBag from /opt/airflow/dags/db_and_model_update_dag.py
[2026-04-01T03:24:25.236+0000] {processor.py:925} INFO - DAG(s) 'db_and_model_update' retrieved from /opt/airflow/dags/db_and_model_update_dag.py
[2026-04-01T03:24:25.263+0000] {logging_mixin.py:190} INFO - [2026-04-01T03:24:25.263+0000] {dag.py:3239} INFO - Sync 1 DAGs
[2026-04-01T03:24:25.282+0000] {logging_mixin.py:190} INFO - [2026-04-01T03:24:25.282+0000] {dag.py:4180} INFO - Setting next_dagrun for db_and_model_update to 2026-03-30 14:00:00+00:00, run_after=2026-04-06 14:00:00+00:00
[2026-04-01T03:24:25.301+0000] {processor.py:208} INFO - Processing /opt/airflow/dags/db_and_model_update_dag.py took 0.098 seconds
[2026-04-01T03:24:55.473+0000] {processor.py:186} INFO - Started process (PID=8097) to work on /opt/airflow/dags/db_and_model_update_dag.py
[2026-04-01T03:24:55.474+0000] {processor.py:914} INFO - Processing file /opt/airflow/dags/db_and_model_update_dag.py for tasks to queue
[2026-04-01T03:24:55.476+0000] {logging_mixin.py:190} INFO - [2026-04-01T03:24:55.476+0000] {dagbag.py:588} INFO - Filling up the DagBag from /opt/airflow/dags/db_and_model_update_dag.py
[2026-04-01T03:24:55.497+0000] {processor.py:925} INFO - DAG(s) 'db_and_model_update' retrieved from /opt/airflow/dags/db_and_model_update_dag.py
[2026-04-01T03:24:55.530+0000] {logging_mixin.py:190} INFO - [2026-04-01T03:24:55.529+0000] {dag.py:3239} INFO - Sync 1 DAGs
[2026-04-01T03:24:55.554+0000] {logging_mixin.py:190} INFO - [2026-04-01T03:24:55.554+0000] {dag.py:4180} INFO - Setting next_dagrun for db_and_model_update to 2026-03-30 14:00:00+00:00, run_after=2026-04-06 14:00:00+00:00
[2026-04-01T03:24:55.576+0000] {processor.py:208} INFO - Processing /opt/airflow/dags/db_and_model_update_dag.py took 0.111 seconds
[2026-04-01T03:25:25.778+0000] {processor.py:186} INFO - Started process (PID=8107) to work on /opt/airflow/dags/db_and_model_update_dag.py
[2026-04-01T03:25:25.779+0000] {processor.py:914} INFO - Processing file /opt/airflow/dags/db_and_model_update_dag.py for tasks to queue
[2026-04-01T03:25:25.782+0000] {logging_mixin.py:190} INFO - [2026-04-01T03:25:25.781+0000] {dagbag.py:588} INFO - Filling up the DagBag from /opt/airflow/dags/db_and_model_update_dag.py
[2026-04-01T03:25:25.802+0000] {processor.py:925} INFO - DAG(s) 'db_and_model_update' retrieved from /opt/airflow/dags/db_and_model_update_dag.py
[2026-04-01T03:25:25.828+0000] {logging_mixin.py:190} INFO - [2026-04-01T03:25:25.828+0000] {dag.py:3239} INFO - Sync 1 DAGs
[2026-04-01T03:25:25.848+0000] {logging_mixin.py:190} INFO - [2026-04-01T03:25:25.848+0000] {dag.py:4180} INFO - Setting next_dagrun for db_and_model_update to 2026-03-30 14:00:00+00:00, run_after=2026-04-06 14:00:00+00:00
[2026-04-01T03:25:25.869+0000] {processor.py:208} INFO - Processing /opt/airflow/dags/db_and_model_update_dag.py took 0.097 seconds
[2026-04-01T03:25:55.935+0000] {processor.py:186} INFO - Started process (PID=8117) to work on /opt/airflow/dags/db_and_model_update_dag.py
[2026-04-01T03:25:55.937+0000] {processor.py:914} INFO - Processing file /opt/airflow/dags/db_and_model_update_dag.py for tasks to queue
[2026-04-01T03:25:55.939+0000] {logging_mixin.py:190} INFO - [2026-04-01T03:25:55.939+0000] {dagbag.py:588} INFO - Filling up the DagBag from /opt/airflow/dags/db_and_model_update_dag.py
[2026-04-01T03:25:55.962+0000] {processor.py:925} INFO - DAG(s) 'db_and_model_update' retrieved from /opt/airflow/dags/db_and_model_update_dag.py
[2026-04-01T03:25:55.993+0000] {logging_mixin.py:190} INFO - [2026-04-01T03:25:55.993+0000] {dag.py:3239} INFO - Sync 1 DAGs
[2026-04-01T03:25:56.013+0000] {logging_mixin.py:190} INFO - [2026-04-01T03:25:56.013+0000] {dag.py:4180} INFO - Setting next_dagrun for db_and_model_update to 2026-03-30 14:00:00+00:00, run_after=2026-04-06 14:00:00+00:00
[2026-04-01T03:25:56.029+0000] {processor.py:208} INFO - Processing /opt/airflow/dags/db_and_model_update_dag.py took 0.100 seconds
[2026-04-01T03:26:26.138+0000] {processor.py:186} INFO - Started process (PID=8127) to work on /opt/airflow/dags/db_and_model_update_dag.py
[2026-04-01T03:26:26.140+0000] {processor.py:914} INFO - Processing file /opt/airflow/dags/db_and_model_update_dag.py for tasks to queue
[2026-04-01T03:26:26.143+0000] {logging_mixin.py:190} INFO - [2026-04-01T03:26:26.142+0000] {dagbag.py:588} INFO - Filling up the DagBag from /opt/airflow/dags/db_and_model_update_dag.py
[2026-04-01T03:26:26.164+0000] {processor.py:925} INFO - DAG(s) 'db_and_model_update' retrieved from /opt/airflow/dags/db_and_model_update_dag.py
[2026-04-01T03:26:26.194+0000] {logging_mixin.py:190} INFO - [2026-04-01T03:26:26.193+0000] {dag.py:3239} INFO - Sync 1 DAGs
[2026-04-01T03:26:26.214+0000] {logging_mixin.py:190} INFO - [2026-04-01T03:26:26.214+0000] {dag.py:4180} INFO - Setting next_dagrun for db_and_model_update to 2026-03-30 14:00:00+00:00, run_after=2026-04-06 14:00:00+00:00
[2026-04-01T03:26:26.240+0000] {processor.py:208} INFO - Processing /opt/airflow/dags/db_and_model_update_dag.py took 0.109 seconds
[2026-04-01T03:26:56.294+0000] {processor.py:186} INFO - Started process (PID=8137) to work on /opt/airflow/dags/db_and_model_update_dag.py
[2026-04-01T03:26:56.296+0000] {processor.py:914} INFO - Processing file /opt/airflow/dags/db_and_model_update_dag.py for tasks to queue
[2026-04-01T03:26:56.299+0000] {logging_mixin.py:190} INFO - [2026-04-01T03:26:56.298+0000] {dagbag.py:588} INFO - Filling up the DagBag from /opt/airflow/dags/db_and_model_update_dag.py
[2026-04-01T03:26:56.319+0000] {processor.py:925} INFO - DAG(s) 'db_and_model_update' retrieved from /opt/airflow/dags/db_and_model_update_dag.py
[2026-04-01T03:26:56.346+0000] {logging_mixin.py:190} INFO - [2026-04-01T03:26:56.345+0000] {dag.py:3239} INFO - Sync 1 DAGs
[2026-04-01T03:26:56.366+0000] {logging_mixin.py:190} INFO - [2026-04-01T03:26:56.366+0000] {dag.py:4180} INFO - Setting next_dagrun for db_and_model_update to 2026-03-30 14:00:00+00:00, run_after=2026-04-06 14:00:00+00:00
[2026-04-01T03:26:56.385+0000] {processor.py:208} INFO - Processing /opt/airflow/dags/db_and_model_update_dag.py took 0.098 seconds
[2026-04-01T03:27:26.552+0000] {processor.py:186} INFO - Started process (PID=8147) to work on /opt/airflow/dags/db_and_model_update_dag.py
[2026-04-01T03:27:26.555+0000] {processor.py:914} INFO - Processing file /opt/airflow/dags/db_and_model_update_dag.py for tasks to queue
[2026-04-01T03:27:26.561+0000] {logging_mixin.py:190} INFO - [2026-04-01T03:27:26.561+0000] {dagbag.py:588} INFO - Filling up the DagBag from /opt/airflow/dags/db_and_model_update_dag.py
[2026-04-01T03:27:26.589+0000] {processor.py:925} INFO - DAG(s) 'db_and_model_update' retrieved from /opt/airflow/dags/db_and_model_update_dag.py
[2026-04-01T03:27:26.649+0000] {logging_mixin.py:190} INFO - [2026-04-01T03:27:26.649+0000] {dag.py:3239} INFO - Sync 1 DAGs
[2026-04-01T03:27:26.675+0000] {logging_mixin.py:190} INFO - [2026-04-01T03:27:26.674+0000] {dag.py:4180} INFO - Setting next_dagrun for db_and_model_update to 2026-03-30 14:00:00+00:00, run_after=2026-04-06 14:00:00+00:00
[2026-04-01T03:27:26.696+0000] {processor.py:208} INFO - Processing /opt/airflow/dags/db_and_model_update_dag.py took 0.154 seconds
[2026-04-01T03:27:56.884+0000] {processor.py:186} INFO - Started process (PID=8157) to work on /opt/airflow/dags/db_and_model_update_dag.py
[2026-04-01T03:27:56.885+0000] {processor.py:914} INFO - Processing file /opt/airflow/dags/db_and_model_update_dag.py for tasks to queue
[2026-04-01T03:27:56.887+0000] {logging_mixin.py:190} INFO - [2026-04-01T03:27:56.887+0000] {dagbag.py:588} INFO - Filling up the DagBag from /opt/airflow/dags/db_and_model_update_dag.py
[2026-04-01T03:27:56.905+0000] {processor.py:925} INFO - DAG(s) 'db_and_model_update' retrieved from /opt/airflow/dags/db_and_model_update_dag.py
[2026-04-01T03:27:56.932+0000] {logging_mixin.py:190} INFO - [2026-04-01T03:27:56.931+0000] {dag.py:3239} INFO - Sync 1 DAGs
[2026-04-01T03:27:56.955+0000] {logging_mixin.py:190} INFO - [2026-04-01T03:27:56.954+0000] {dag.py:4180} INFO - Setting next_dagrun for db_and_model_update to 2026-03-30 14:00:00+00:00, run_after=2026-04-06 14:00:00+00:00
[2026-04-01T03:27:56.972+0000] {processor.py:208} INFO - Processing /opt/airflow/dags/db_and_model_update_dag.py took 0.094 seconds
[2026-04-01T03:28:27.146+0000] {processor.py:186} INFO - Started process (PID=8167) to work on /opt/airflow/dags/db_and_model_update_dag.py
[2026-04-01T03:28:27.147+0000] {processor.py:914} INFO - Processing file /opt/airflow/dags/db_and_model_update_dag.py for tasks to queue
[2026-04-01T03:28:27.150+0000] {logging_mixin.py:190} INFO - [2026-04-01T03:28:27.149+0000] {dagbag.py:588} INFO - Filling up the DagBag from /opt/airflow/dags/db_and_model_update_dag.py
[2026-04-01T03:28:27.169+0000] {processor.py:925} INFO - DAG(s) 'db_and_model_update' retrieved from /opt/airflow/dags/db_and_model_update_dag.py
[2026-04-01T03:28:27.253+0000] {logging_mixin.py:190} INFO - [2026-04-01T03:28:27.252+0000] {dag.py:3239} INFO - Sync 1 DAGs
[2026-04-01T03:28:27.273+0000] {logging_mixin.py:190} INFO - [2026-04-01T03:28:27.273+0000] {dag.py:4180} INFO - Setting next_dagrun for db_and_model_update to 2026-03-30 14:00:00+00:00, run_after=2026-04-06 14:00:00+00:00
[2026-04-01T03:28:27.295+0000] {processor.py:208} INFO - Processing /opt/airflow/dags/db_and_model_update_dag.py took 0.156 seconds
[2026-04-01T03:28:57.485+0000] {processor.py:186} INFO - Started process (PID=8177) to work on /opt/airflow/dags/db_and_model_update_dag.py
[2026-04-01T03:28:57.489+0000] {processor.py:914} INFO - Processing file /opt/airflow/dags/db_and_model_update_dag.py for tasks to queue
[2026-04-01T03:28:57.493+0000] {logging_mixin.py:190} INFO - [2026-04-01T03:28:57.492+0000] {dagbag.py:588} INFO - Filling up the DagBag from /opt/airflow/dags/db_and_model_update_dag.py
[2026-04-01T03:28:57.514+0000] {processor.py:925} INFO - DAG(s) 'db_and_model_update' retrieved from /opt/airflow/dags/db_and_model_update_dag.py
[2026-04-01T03:28:57.541+0000] {logging_mixin.py:190} INFO - [2026-04-01T03:28:57.541+0000] {dag.py:3239} INFO - Sync 1 DAGs
[2026-04-01T03:28:57.564+0000] {logging_mixin.py:190} INFO - [2026-04-01T03:28:57.564+0000] {dag.py:4180} INFO - Setting next_dagrun for db_and_model_update to 2026-03-30 14:00:00+00:00, run_after=2026-04-06 14:00:00+00:00
[2026-04-01T03:28:57.586+0000] {processor.py:208} INFO - Processing /opt/airflow/dags/db_and_model_update_dag.py took 0.110 seconds
[2026-04-01T03:29:27.737+0000] {processor.py:186} INFO - Started process (PID=8187) to work on /opt/airflow/dags/db_and_model_update_dag.py
[2026-04-01T03:29:27.738+0000] {processor.py:914} INFO - Processing file /opt/airflow/dags/db_and_model_update_dag.py for tasks to queue
[2026-04-01T03:29:27.740+0000] {logging_mixin.py:190} INFO - [2026-04-01T03:29:27.740+0000] {dagbag.py:588} INFO - Filling up the DagBag from /opt/airflow/dags/db_and_model_update_dag.py
[2026-04-01T03:29:27.757+0000] {processor.py:925} INFO - DAG(s) 'db_and_model_update' retrieved from /opt/airflow/dags/db_and_model_update_dag.py
[2026-04-01T03:29:27.783+0000] {logging_mixin.py:190} INFO - [2026-04-01T03:29:27.783+0000] {dag.py:3239} INFO - Sync 1 DAGs
[2026-04-01T03:29:27.805+0000] {logging_mixin.py:190} INFO - [2026-04-01T03:29:27.805+0000] {dag.py:4180} INFO - Setting next_dagrun for db_and_model_update to 2026-03-30 14:00:00+00:00, run_after=2026-04-06 14:00:00+00:00
[2026-04-01T03:29:27.822+0000] {processor.py:208} INFO - Processing /opt/airflow/dags/db_and_model_update_dag.py took 0.091 seconds
[2026-04-01T03:29:58.014+0000] {processor.py:186} INFO - Started process (PID=8197) to work on /opt/airflow/dags/db_and_model_update_dag.py
[2026-04-01T03:29:58.015+0000] {processor.py:914} INFO - Processing file /opt/airflow/dags/db_and_model_update_dag.py for tasks to queue
[2026-04-01T03:29:58.017+0000] {logging_mixin.py:190} INFO - [2026-04-01T03:29:58.017+0000] {dagbag.py:588} INFO - Filling up the DagBag from /opt/airflow/dags/db_and_model_update_dag.py
[2026-04-01T03:29:58.037+0000] {processor.py:925} INFO - DAG(s) 'db_and_model_update' retrieved from /opt/airflow/dags/db_and_model_update_dag.py
[2026-04-01T03:29:58.064+0000] {logging_mixin.py:190} INFO - [2026-04-01T03:29:58.064+0000] {dag.py:3239} INFO - Sync 1 DAGs
[2026-04-01T03:29:58.084+0000] {logging_mixin.py:190} INFO - [2026-04-01T03:29:58.084+0000] {dag.py:4180} INFO - Setting next_dagrun for db_and_model_update to 2026-03-30 14:00:00+00:00, run_after=2026-04-06 14:00:00+00:00
[2026-04-01T03:29:58.101+0000] {processor.py:208} INFO - Processing /opt/airflow/dags/db_and_model_update_dag.py took 0.095 seconds
[2026-04-01T03:30:28.299+0000] {processor.py:186} INFO - Started process (PID=8207) to work on /opt/airflow/dags/db_and_model_update_dag.py
[2026-04-01T03:30:28.300+0000] {processor.py:914} INFO - Processing file /opt/airflow/dags/db_and_model_update_dag.py for tasks to queue
[2026-04-01T03:30:28.304+0000] {logging_mixin.py:190} INFO - [2026-04-01T03:30:28.303+0000] {dagbag.py:588} INFO - Filling up the DagBag from /opt/airflow/dags/db_and_model_update_dag.py
[2026-04-01T03:30:28.329+0000] {processor.py:925} INFO - DAG(s) 'db_and_model_update' retrieved from /opt/airflow/dags/db_and_model_update_dag.py
[2026-04-01T03:30:28.361+0000] {logging_mixin.py:190} INFO - [2026-04-01T03:30:28.360+0000] {dag.py:3239} INFO - Sync 1 DAGs
[2026-04-01T03:30:28.386+0000] {logging_mixin.py:190} INFO - [2026-04-01T03:30:28.386+0000] {dag.py:4180} INFO - Setting next_dagrun for db_and_model_update to 2026-03-30 14:00:00+00:00, run_after=2026-04-06 14:00:00+00:00
[2026-04-01T03:30:28.410+0000] {processor.py:208} INFO - Processing /opt/airflow/dags/db_and_model_update_dag.py took 0.122 seconds
[2026-04-01T03:30:58.465+0000] {processor.py:186} INFO - Started process (PID=8217) to work on /opt/airflow/dags/db_and_model_update_dag.py
[2026-04-01T03:30:58.466+0000] {processor.py:914} INFO - Processing file /opt/airflow/dags/db_and_model_update_dag.py for tasks to queue
[2026-04-01T03:30:58.468+0000] {logging_mixin.py:190} INFO - [2026-04-01T03:30:58.468+0000] {dagbag.py:588} INFO - Filling up the DagBag from /opt/airflow/dags/db_and_model_update_dag.py
[2026-04-01T03:30:58.485+0000] {processor.py:925} INFO - DAG(s) 'db_and_model_update' retrieved from /opt/airflow/dags/db_and_model_update_dag.py
[2026-04-01T03:30:58.512+0000] {logging_mixin.py:190} INFO - [2026-04-01T03:30:58.512+0000] {dag.py:3239} INFO - Sync 1 DAGs
[2026-04-01T03:30:58.531+0000] {logging_mixin.py:190} INFO - [2026-04-01T03:30:58.531+0000] {dag.py:4180} INFO - Setting next_dagrun for db_and_model_update to 2026-03-30 14:00:00+00:00, run_after=2026-04-06 14:00:00+00:00
[2026-04-01T03:30:58.552+0000] {processor.py:208} INFO - Processing /opt/airflow/dags/db_and_model_update_dag.py took 0.095 seconds
[2026-04-01T03:31:28.693+0000] {processor.py:186} INFO - Started process (PID=8227) to work on /opt/airflow/dags/db_and_model_update_dag.py
[2026-04-01T03:31:28.694+0000] {processor.py:914} INFO - Processing file /opt/airflow/dags/db_and_model_update_dag.py for tasks to queue
[2026-04-01T03:31:28.697+0000] {logging_mixin.py:190} INFO - [2026-04-01T03:31:28.696+0000] {dagbag.py:588} INFO - Filling up the DagBag from /opt/airflow/dags/db_and_model_update_dag.py
[2026-04-01T03:31:28.714+0000] {processor.py:925} INFO - DAG(s) 'db_and_model_update' retrieved from /opt/airflow/dags/db_and_model_update_dag.py
[2026-04-01T03:31:28.741+0000] {logging_mixin.py:190} INFO - [2026-04-01T03:31:28.741+0000] {dag.py:3239} INFO - Sync 1 DAGs
[2026-04-01T03:31:28.764+0000] {logging_mixin.py:190} INFO - [2026-04-01T03:31:28.764+0000] {dag.py:4180} INFO - Setting next_dagrun for db_and_model_update to 2026-03-30 14:00:00+00:00, run_after=2026-04-06 14:00:00+00:00
[2026-04-01T03:31:28.785+0000] {processor.py:208} INFO - Processing /opt/airflow/dags/db_and_model_update_dag.py took 0.098 seconds
[2026-04-01T03:31:58.887+0000] {processor.py:186} INFO - Started process (PID=8237) to work on /opt/airflow/dags/db_and_model_update_dag.py
[2026-04-01T03:31:58.888+0000] {processor.py:914} INFO - Processing file /opt/airflow/dags/db_and_model_update_dag.py for tasks to queue
[2026-04-01T03:31:58.892+0000] {logging_mixin.py:190} INFO - [2026-04-01T03:31:58.891+0000] {dagbag.py:588} INFO - Filling up the DagBag from /opt/airflow/dags/db_and_model_update_dag.py
[2026-04-01T03:31:58.918+0000] {processor.py:925} INFO - DAG(s) 'db_and_model_update' retrieved from /opt/airflow/dags/db_and_model_update_dag.py
[2026-04-01T03:31:58.958+0000] {logging_mixin.py:190} INFO - [2026-04-01T03:31:58.957+0000] {dag.py:3239} INFO - Sync 1 DAGs
[2026-04-01T03:31:58.988+0000] {logging_mixin.py:190} INFO - [2026-04-01T03:31:58.988+0000] {dag.py:4180} INFO - Setting next_dagrun for db_and_model_update to 2026-03-30 14:00:00+00:00, run_after=2026-04-06 14:00:00+00:00
[2026-04-01T03:31:59.020+0000] {processor.py:208} INFO - Processing /opt/airflow/dags/db_and_model_update_dag.py took 0.144 seconds
[2026-04-01T03:32:29.093+0000] {processor.py:186} INFO - Started process (PID=8247) to work on /opt/airflow/dags/db_and_model_update_dag.py
[2026-04-01T03:32:29.094+0000] {processor.py:914} INFO - Processing file /opt/airflow/dags/db_and_model_update_dag.py for tasks to queue
[2026-04-01T03:32:29.096+0000] {logging_mixin.py:190} INFO - [2026-04-01T03:32:29.096+0000] {dagbag.py:588} INFO - Filling up the DagBag from /opt/airflow/dags/db_and_model_update_dag.py
[2026-04-01T03:32:29.114+0000] {processor.py:925} INFO - DAG(s) 'db_and_model_update' retrieved from /opt/airflow/dags/db_and_model_update_dag.py
[2026-04-01T03:32:29.139+0000] {logging_mixin.py:190} INFO - [2026-04-01T03:32:29.139+0000] {dag.py:3239} INFO - Sync 1 DAGs
[2026-04-01T03:32:29.158+0000] {logging_mixin.py:190} INFO - [2026-04-01T03:32:29.158+0000] {dag.py:4180} INFO - Setting next_dagrun for db_and_model_update to 2026-03-30 14:00:00+00:00, run_after=2026-04-06 14:00:00+00:00
[2026-04-01T03:32:29.175+0000] {processor.py:208} INFO - Processing /opt/airflow/dags/db_and_model_update_dag.py took 0.088 seconds
[2026-04-01T03:32:59.278+0000] {processor.py:186} INFO - Started process (PID=8257) to work on /opt/airflow/dags/db_and_model_update_dag.py
[2026-04-01T03:32:59.279+0000] {processor.py:914} INFO - Processing file /opt/airflow/dags/db_and_model_update_dag.py for tasks to queue
[2026-04-01T03:32:59.281+0000] {logging_mixin.py:190} INFO - [2026-04-01T03:32:59.281+0000] {dagbag.py:588} INFO - Filling up the DagBag from /opt/airflow/dags/db_and_model_update_dag.py
[2026-04-01T03:32:59.302+0000] {processor.py:925} INFO - DAG(s) 'db_and_model_update' retrieved from /opt/airflow/dags/db_and_model_update_dag.py
[2026-04-01T03:32:59.333+0000] {logging_mixin.py:190} INFO - [2026-04-01T03:32:59.333+0000] {dag.py:3239} INFO - Sync 1 DAGs
[2026-04-01T03:32:59.354+0000] {logging_mixin.py:190} INFO - [2026-04-01T03:32:59.354+0000] {dag.py:4180} INFO - Setting next_dagrun for db_and_model_update to 2026-03-30 14:00:00+00:00, run_after=2026-04-06 14:00:00+00:00
[2026-04-01T03:32:59.371+0000] {processor.py:208} INFO - Processing /opt/airflow/dags/db_and_model_update_dag.py took 0.101 seconds
[2026-04-01T03:33:29.434+0000] {processor.py:186} INFO - Started process (PID=8267) to work on /opt/airflow/dags/db_and_model_update_dag.py
[2026-04-01T03:33:29.436+0000] {processor.py:914} INFO - Processing file /opt/airflow/dags/db_and_model_update_dag.py for tasks to queue
[2026-04-01T03:33:29.438+0000] {logging_mixin.py:190} INFO - [2026-04-01T03:33:29.438+0000] {dagbag.py:588} INFO - Filling up the DagBag from /opt/airflow/dags/db_and_model_update_dag.py
[2026-04-01T03:33:29.458+0000] {processor.py:925} INFO - DAG(s) 'db_and_model_update' retrieved from /opt/airflow/dags/db_and_model_update_dag.py
[2026-04-01T03:33:29.488+0000] {logging_mixin.py:190} INFO - [2026-04-01T03:33:29.488+0000] {dag.py:3239} INFO - Sync 1 DAGs
[2026-04-01T03:33:29.511+0000] {logging_mixin.py:190} INFO - [2026-04-01T03:33:29.511+0000] {dag.py:4180} INFO - Setting next_dagrun for db_and_model_update to 2026-03-30 14:00:00+00:00, run_after=2026-04-06 14:00:00+00:00
[2026-04-01T03:33:29.529+0000] {processor.py:208} INFO - Processing /opt/airflow/dags/db_and_model_update_dag.py took 0.102 seconds
[2026-04-01T03:33:59.694+0000] {processor.py:186} INFO - Started process (PID=8277) to work on /opt/airflow/dags/db_and_model_update_dag.py
[2026-04-01T03:33:59.695+0000] {processor.py:914} INFO - Processing file /opt/airflow/dags/db_and_model_update_dag.py for tasks to queue
[2026-04-01T03:33:59.697+0000] {logging_mixin.py:190} INFO - [2026-04-01T03:33:59.697+0000] {dagbag.py:588} INFO - Filling up the DagBag from /opt/airflow/dags/db_and_model_update_dag.py
[2026-04-01T03:33:59.714+0000] {processor.py:925} INFO - DAG(s) 'db_and_model_update' retrieved from /opt/airflow/dags/db_and_model_update_dag.py
[2026-04-01T03:33:59.739+0000] {logging_mixin.py:190} INFO - [2026-04-01T03:33:59.739+0000] {dag.py:3239} INFO - Sync 1 DAGs
[2026-04-01T03:33:59.761+0000] {logging_mixin.py:190} INFO - [2026-04-01T03:33:59.760+0000] {dag.py:4180} INFO - Setting next_dagrun for db_and_model_update to 2026-03-30 14:00:00+00:00, run_after=2026-04-06 14:00:00+00:00
[2026-04-01T03:33:59.785+0000] {processor.py:208} INFO - Processing /opt/airflow/dags/db_and_model_update_dag.py took 0.098 seconds
[2026-04-01T03:34:29.913+0000] {processor.py:186} INFO - Started process (PID=8287) to work on /opt/airflow/dags/db_and_model_update_dag.py
[2026-04-01T03:34:29.914+0000] {processor.py:914} INFO - Processing file /opt/airflow/dags/db_and_model_update_dag.py for tasks to queue
[2026-04-01T03:34:29.916+0000] {logging_mixin.py:190} INFO - [2026-04-01T03:34:29.916+0000] {dagbag.py:588} INFO - Filling up the DagBag from /opt/airflow/dags/db_and_model_update_dag.py
[2026-04-01T03:34:29.940+0000] {processor.py:925} INFO - DAG(s) 'db_and_model_update' retrieved from /opt/airflow/dags/db_and_model_update_dag.py
[2026-04-01T03:34:29.972+0000] {logging_mixin.py:190} INFO - [2026-04-01T03:34:29.971+0000] {dag.py:3239} INFO - Sync 1 DAGs
[2026-04-01T03:34:29.994+0000] {logging_mixin.py:190} INFO - [2026-04-01T03:34:29.994+0000] {dag.py:4180} INFO - Setting next_dagrun for db_and_model_update to 2026-03-30 14:00:00+00:00, run_after=2026-04-06 14:00:00+00:00
[2026-04-01T03:34:30.012+0000] {processor.py:208} INFO - Processing /opt/airflow/dags/db_and_model_update_dag.py took 0.106 seconds
[2026-04-01T03:35:00.208+0000] {processor.py:186} INFO - Started process (PID=8297) to work on /opt/airflow/dags/db_and_model_update_dag.py
[2026-04-01T03:35:00.209+0000] {processor.py:914} INFO - Processing file /opt/airflow/dags/db_and_model_update_dag.py for tasks to queue
[2026-04-01T03:35:00.212+0000] {logging_mixin.py:190} INFO - [2026-04-01T03:35:00.211+0000] {dagbag.py:588} INFO - Filling up the DagBag from /opt/airflow/dags/db_and_model_update_dag.py
[2026-04-01T03:35:00.231+0000] {processor.py:925} INFO - DAG(s) 'db_and_model_update' retrieved from /opt/airflow/dags/db_and_model_update_dag.py
[2026-04-01T03:35:00.270+0000] {logging_mixin.py:190} INFO - [2026-04-01T03:35:00.270+0000] {dag.py:3239} INFO - Sync 1 DAGs
[2026-04-01T03:35:00.291+0000] {logging_mixin.py:190} INFO - [2026-04-01T03:35:00.291+0000] {dag.py:4180} INFO - Setting next_dagrun for db_and_model_update to 2026-03-30 14:00:00+00:00, run_after=2026-04-06 14:00:00+00:00
[2026-04-01T03:35:00.330+0000] {processor.py:208} INFO - Processing /opt/airflow/dags/db_and_model_update_dag.py took 0.128 seconds
[2026-04-01T03:35:30.504+0000] {processor.py:186} INFO - Started process (PID=8307) to work on /opt/airflow/dags/db_and_model_update_dag.py
[2026-04-01T03:35:30.505+0000] {processor.py:914} INFO - Processing file /opt/airflow/dags/db_and_model_update_dag.py for tasks to queue
[2026-04-01T03:35:30.507+0000] {logging_mixin.py:190} INFO - [2026-04-01T03:35:30.507+0000] {dagbag.py:588} INFO - Filling up the DagBag from /opt/airflow/dags/db_and_model_update_dag.py
[2026-04-01T03:35:30.524+0000] {processor.py:925} INFO - DAG(s) 'db_and_model_update' retrieved from /opt/airflow/dags/db_and_model_update_dag.py
[2026-04-01T03:35:30.551+0000] {logging_mixin.py:190} INFO - [2026-04-01T03:35:30.551+0000] {dag.py:3239} INFO - Sync 1 DAGs
[2026-04-01T03:35:30.570+0000] {logging_mixin.py:190} INFO - [2026-04-01T03:35:30.570+0000] {dag.py:4180} INFO - Setting next_dagrun for db_and_model_update to 2026-03-30 14:00:00+00:00, run_after=2026-04-06 14:00:00+00:00
[2026-04-01T03:35:30.586+0000] {processor.py:208} INFO - Processing /opt/airflow/dags/db_and_model_update_dag.py took 0.089 seconds
[2026-04-01T03:36:00.729+0000] {processor.py:186} INFO - Started process (PID=8317) to work on /opt/airflow/dags/db_and_model_update_dag.py
[2026-04-01T03:36:00.730+0000] {processor.py:914} INFO - Processing file /opt/airflow/dags/db_and_model_update_dag.py for tasks to queue
[2026-04-01T03:36:00.735+0000] {logging_mixin.py:190} INFO - [2026-04-01T03:36:00.735+0000] {dagbag.py:588} INFO - Filling up the DagBag from /opt/airflow/dags/db_and_model_update_dag.py
[2026-04-01T03:36:00.755+0000] {processor.py:925} INFO - DAG(s) 'db_and_model_update' retrieved from /opt/airflow/dags/db_and_model_update_dag.py
[2026-04-01T03:36:00.785+0000] {logging_mixin.py:190} INFO - [2026-04-01T03:36:00.785+0000] {dag.py:3239} INFO - Sync 1 DAGs
[2026-04-01T03:36:00.808+0000] {logging_mixin.py:190} INFO - [2026-04-01T03:36:00.808+0000] {dag.py:4180} INFO - Setting next_dagrun for db_and_model_update to 2026-03-30 14:00:00+00:00, run_after=2026-04-06 14:00:00+00:00
[2026-04-01T03:36:00.827+0000] {processor.py:208} INFO - Processing /opt/airflow/dags/db_and_model_update_dag.py took 0.107 seconds
[2026-04-01T03:36:31.006+0000] {processor.py:186} INFO - Started process (PID=8327) to work on /opt/airflow/dags/db_and_model_update_dag.py
[2026-04-01T03:36:31.008+0000] {processor.py:914} INFO - Processing file /opt/airflow/dags/db_and_model_update_dag.py for tasks to queue
[2026-04-01T03:36:31.011+0000] {logging_mixin.py:190} INFO - [2026-04-01T03:36:31.011+0000] {dagbag.py:588} INFO - Filling up the DagBag from /opt/airflow/dags/db_and_model_update_dag.py
[2026-04-01T03:36:31.044+0000] {processor.py:925} INFO - DAG(s) 'db_and_model_update' retrieved from /opt/airflow/dags/db_and_model_update_dag.py
[2026-04-01T03:36:31.083+0000] {logging_mixin.py:190} INFO - [2026-04-01T03:36:31.083+0000] {dag.py:3239} INFO - Sync 1 DAGs
[2026-04-01T03:36:31.116+0000] {logging_mixin.py:190} INFO - [2026-04-01T03:36:31.116+0000] {dag.py:4180} INFO - Setting next_dagrun for db_and_model_update to 2026-03-30 14:00:00+00:00, run_after=2026-04-06 14:00:00+00:00
[2026-04-01T03:36:31.143+0000] {processor.py:208} INFO - Processing /opt/airflow/dags/db_and_model_update_dag.py took 0.145 seconds
[2026-04-01T03:37:01.306+0000] {processor.py:186} INFO - Started process (PID=8337) to work on /opt/airflow/dags/db_and_model_update_dag.py
[2026-04-01T03:37:01.307+0000] {processor.py:914} INFO - Processing file /opt/airflow/dags/db_and_model_update_dag.py for tasks to queue
[2026-04-01T03:37:01.309+0000] {logging_mixin.py:190} INFO - [2026-04-01T03:37:01.309+0000] {dagbag.py:588} INFO - Filling up the DagBag from /opt/airflow/dags/db_and_model_update_dag.py
[2026-04-01T03:37:01.326+0000] {processor.py:925} INFO - DAG(s) 'db_and_model_update' retrieved from /opt/airflow/dags/db_and_model_update_dag.py
[2026-04-01T03:37:01.352+0000] {logging_mixin.py:190} INFO - [2026-04-01T03:37:01.352+0000] {dag.py:3239} INFO - Sync 1 DAGs
[2026-04-01T03:37:01.372+0000] {logging_mixin.py:190} INFO - [2026-04-01T03:37:01.372+0000] {dag.py:4180} INFO - Setting next_dagrun for db_and_model_update to 2026-03-30 14:00:00+00:00, run_after=2026-04-06 14:00:00+00:00
[2026-04-01T03:37:01.391+0000] {processor.py:208} INFO - Processing /opt/airflow/dags/db_and_model_update_dag.py took 0.093 seconds
[2026-04-01T03:37:31.472+0000] {processor.py:186} INFO - Started process (PID=8347) to work on /opt/airflow/dags/db_and_model_update_dag.py
[2026-04-01T03:37:31.473+0000] {processor.py:914} INFO - Processing file /opt/airflow/dags/db_and_model_update_dag.py for tasks to queue
[2026-04-01T03:37:31.475+0000] {logging_mixin.py:190} INFO - [2026-04-01T03:37:31.475+0000] {dagbag.py:588} INFO - Filling up the DagBag from /opt/airflow/dags/db_and_model_update_dag.py
[2026-04-01T03:37:31.496+0000] {processor.py:925} INFO - DAG(s) 'db_and_model_update' retrieved from /opt/airflow/dags/db_and_model_update_dag.py
[2026-04-01T03:37:31.527+0000] {logging_mixin.py:190} INFO - [2026-04-01T03:37:31.527+0000] {dag.py:3239} INFO - Sync 1 DAGs
[2026-04-01T03:37:31.548+0000] {logging_mixin.py:190} INFO - [2026-04-01T03:37:31.548+0000] {dag.py:4180} INFO - Setting next_dagrun for db_and_model_update to 2026-03-30 14:00:00+00:00, run_after=2026-04-06 14:00:00+00:00
[2026-04-01T03:37:31.567+0000] {processor.py:208} INFO - Processing /opt/airflow/dags/db_and_model_update_dag.py took 0.102 seconds
[2026-04-01T03:38:01.657+0000] {processor.py:186} INFO - Started process (PID=8357) to work on /opt/airflow/dags/db_and_model_update_dag.py
[2026-04-01T03:38:01.658+0000] {processor.py:914} INFO - Processing file /opt/airflow/dags/db_and_model_update_dag.py for tasks to queue
[2026-04-01T03:38:01.660+0000] {logging_mixin.py:190} INFO - [2026-04-01T03:38:01.660+0000] {dagbag.py:588} INFO - Filling up the DagBag from /opt/airflow/dags/db_and_model_update_dag.py
[2026-04-01T03:38:01.694+0000] {processor.py:925} INFO - DAG(s) 'db_and_model_update' retrieved from /opt/airflow/dags/db_and_model_update_dag.py
[2026-04-01T03:38:01.729+0000] {logging_mixin.py:190} INFO - [2026-04-01T03:38:01.729+0000] {dag.py:3239} INFO - Sync 1 DAGs
[2026-04-01T03:38:01.748+0000] {logging_mixin.py:190} INFO - [2026-04-01T03:38:01.748+0000] {dag.py:4180} INFO - Setting next_dagrun for db_and_model_update to 2026-03-30 14:00:00+00:00, run_after=2026-04-06 14:00:00+00:00
[2026-04-01T03:38:01.770+0000] {processor.py:208} INFO - Processing /opt/airflow/dags/db_and_model_update_dag.py took 0.122 seconds
[2026-04-01T03:38:31.908+0000] {processor.py:186} INFO - Started process (PID=8367) to work on /opt/airflow/dags/db_and_model_update_dag.py
[2026-04-01T03:38:31.909+0000] {processor.py:914} INFO - Processing file /opt/airflow/dags/db_and_model_update_dag.py for tasks to queue
[2026-04-01T03:38:31.912+0000] {logging_mixin.py:190} INFO - [2026-04-01T03:38:31.911+0000] {dagbag.py:588} INFO - Filling up the DagBag from /opt/airflow/dags/db_and_model_update_dag.py
[2026-04-01T03:38:31.931+0000] {processor.py:925} INFO - DAG(s) 'db_and_model_update' retrieved from /opt/airflow/dags/db_and_model_update_dag.py
[2026-04-01T03:38:31.959+0000] {logging_mixin.py:190} INFO - [2026-04-01T03:38:31.958+0000] {dag.py:3239} INFO - Sync 1 DAGs
[2026-04-01T03:38:31.981+0000] {logging_mixin.py:190} INFO - [2026-04-01T03:38:31.981+0000] {dag.py:4180} INFO - Setting next_dagrun for db_and_model_update to 2026-03-30 14:00:00+00:00, run_after=2026-04-06 14:00:00+00:00
[2026-04-01T03:38:31.998+0000] {processor.py:208} INFO - Processing /opt/airflow/dags/db_and_model_update_dag.py took 0.099 seconds
[2026-04-01T03:39:02.112+0000] {processor.py:186} INFO - Started process (PID=8377) to work on /opt/airflow/dags/db_and_model_update_dag.py
[2026-04-01T03:39:02.114+0000] {processor.py:914} INFO - Processing file /opt/airflow/dags/db_and_model_update_dag.py for tasks to queue
[2026-04-01T03:39:02.117+0000] {logging_mixin.py:190} INFO - [2026-04-01T03:39:02.117+0000] {dagbag.py:588} INFO - Filling up the DagBag from /opt/airflow/dags/db_and_model_update_dag.py
[2026-04-01T03:39:02.139+0000] {processor.py:925} INFO - DAG(s) 'db_and_model_update' retrieved from /opt/airflow/dags/db_and_model_update_dag.py
[2026-04-01T03:39:02.171+0000] {logging_mixin.py:190} INFO - [2026-04-01T03:39:02.171+0000] {dag.py:3239} INFO - Sync 1 DAGs
[2026-04-01T03:39:02.191+0000] {logging_mixin.py:190} INFO - [2026-04-01T03:39:02.191+0000] {dag.py:4180} INFO - Setting next_dagrun for db_and_model_update to 2026-03-30 14:00:00+00:00, run_after=2026-04-06 14:00:00+00:00
[2026-04-01T03:39:02.215+0000] {processor.py:208} INFO - Processing /opt/airflow/dags/db_and_model_update_dag.py took 0.110 seconds
[2026-04-01T03:39:32.379+0000] {processor.py:186} INFO - Started process (PID=8390) to work on /opt/airflow/dags/db_and_model_update_dag.py
[2026-04-01T03:39:32.380+0000] {processor.py:914} INFO - Processing file /opt/airflow/dags/db_and_model_update_dag.py for tasks to queue
[2026-04-01T03:39:32.383+0000] {logging_mixin.py:190} INFO - [2026-04-01T03:39:32.382+0000] {dagbag.py:588} INFO - Filling up the DagBag from /opt/airflow/dags/db_and_model_update_dag.py
[2026-04-01T03:39:32.402+0000] {processor.py:925} INFO - DAG(s) 'db_and_model_update' retrieved from /opt/airflow/dags/db_and_model_update_dag.py
[2026-04-01T03:39:32.445+0000] {logging_mixin.py:190} INFO - [2026-04-01T03:39:32.445+0000] {dag.py:3239} INFO - Sync 1 DAGs
[2026-04-01T03:39:32.468+0000] {logging_mixin.py:190} INFO - [2026-04-01T03:39:32.468+0000] {dag.py:4180} INFO - Setting next_dagrun for db_and_model_update to 2026-03-30 14:00:00+00:00, run_after=2026-04-06 14:00:00+00:00
[2026-04-01T03:39:32.492+0000] {processor.py:208} INFO - Processing /opt/airflow/dags/db_and_model_update_dag.py took 0.120 seconds
[2026-04-01T03:40:02.588+0000] {processor.py:186} INFO - Started process (PID=8397) to work on /opt/airflow/dags/db_and_model_update_dag.py
[2026-04-01T03:40:02.590+0000] {processor.py:914} INFO - Processing file /opt/airflow/dags/db_and_model_update_dag.py for tasks to queue
[2026-04-01T03:40:02.592+0000] {logging_mixin.py:190} INFO - [2026-04-01T03:40:02.592+0000] {dagbag.py:588} INFO - Filling up the DagBag from /opt/airflow/dags/db_and_model_update_dag.py
[2026-04-01T03:40:02.608+0000] {processor.py:925} INFO - DAG(s) 'db_and_model_update' retrieved from /opt/airflow/dags/db_and_model_update_dag.py
[2026-04-01T03:40:02.636+0000] {logging_mixin.py:190} INFO - [2026-04-01T03:40:02.636+0000] {dag.py:3239} INFO - Sync 1 DAGs
[2026-04-01T03:40:02.661+0000] {logging_mixin.py:190} INFO - [2026-04-01T03:40:02.660+0000] {dag.py:4180} INFO - Setting next_dagrun for db_and_model_update to 2026-03-30 14:00:00+00:00, run_after=2026-04-06 14:00:00+00:00
[2026-04-01T03:40:02.680+0000] {processor.py:208} INFO - Processing /opt/airflow/dags/db_and_model_update_dag.py took 0.098 seconds
[2026-04-01T03:40:32.789+0000] {processor.py:186} INFO - Started process (PID=8407) to work on /opt/airflow/dags/db_and_model_update_dag.py
[2026-04-01T03:40:32.790+0000] {processor.py:914} INFO - Processing file /opt/airflow/dags/db_and_model_update_dag.py for tasks to queue
[2026-04-01T03:40:32.792+0000] {logging_mixin.py:190} INFO - [2026-04-01T03:40:32.792+0000] {dagbag.py:588} INFO - Filling up the DagBag from /opt/airflow/dags/db_and_model_update_dag.py
[2026-04-01T03:40:32.814+0000] {processor.py:925} INFO - DAG(s) 'db_and_model_update' retrieved from /opt/airflow/dags/db_and_model_update_dag.py
[2026-04-01T03:40:32.844+0000] {logging_mixin.py:190} INFO - [2026-04-01T03:40:32.844+0000] {dag.py:3239} INFO - Sync 1 DAGs
[2026-04-01T03:40:32.867+0000] {logging_mixin.py:190} INFO - [2026-04-01T03:40:32.867+0000] {dag.py:4180} INFO - Setting next_dagrun for db_and_model_update to 2026-03-30 14:00:00+00:00, run_after=2026-04-06 14:00:00+00:00
[2026-04-01T03:40:32.889+0000] {processor.py:208} INFO - Processing /opt/airflow/dags/db_and_model_update_dag.py took 0.106 seconds
[2026-04-01T03:41:03.035+0000] {processor.py:186} INFO - Started process (PID=8417) to work on /opt/airflow/dags/db_and_model_update_dag.py
[2026-04-01T03:41:03.037+0000] {processor.py:914} INFO - Processing file /opt/airflow/dags/db_and_model_update_dag.py for tasks to queue
[2026-04-01T03:41:03.039+0000] {logging_mixin.py:190} INFO - [2026-04-01T03:41:03.039+0000] {dagbag.py:588} INFO - Filling up the DagBag from /opt/airflow/dags/db_and_model_update_dag.py
[2026-04-01T03:41:03.063+0000] {processor.py:925} INFO - DAG(s) 'db_and_model_update' retrieved from /opt/airflow/dags/db_and_model_update_dag.py
[2026-04-01T03:41:03.090+0000] {logging_mixin.py:190} INFO - [2026-04-01T03:41:03.090+0000] {dag.py:3239} INFO - Sync 1 DAGs
[2026-04-01T03:41:03.112+0000] {logging_mixin.py:190} INFO - [2026-04-01T03:41:03.112+0000] {dag.py:4180} INFO - Setting next_dagrun for db_and_model_update to 2026-03-30 14:00:00+00:00, run_after=2026-04-06 14:00:00+00:00
[2026-04-01T03:41:03.130+0000] {processor.py:208} INFO - Processing /opt/airflow/dags/db_and_model_update_dag.py took 0.102 seconds
[2026-04-01T03:41:33.288+0000] {processor.py:186} INFO - Started process (PID=8427) to work on /opt/airflow/dags/db_and_model_update_dag.py
[2026-04-01T03:41:33.289+0000] {processor.py:914} INFO - Processing file /opt/airflow/dags/db_and_model_update_dag.py for tasks to queue
[2026-04-01T03:41:33.291+0000] {logging_mixin.py:190} INFO - [2026-04-01T03:41:33.291+0000] {dagbag.py:588} INFO - Filling up the DagBag from /opt/airflow/dags/db_and_model_update_dag.py
[2026-04-01T03:41:33.308+0000] {processor.py:925} INFO - DAG(s) 'db_and_model_update' retrieved from /opt/airflow/dags/db_and_model_update_dag.py
[2026-04-01T03:41:33.336+0000] {logging_mixin.py:190} INFO - [2026-04-01T03:41:33.336+0000] {dag.py:3239} INFO - Sync 1 DAGs
[2026-04-01T03:41:33.356+0000] {logging_mixin.py:190} INFO - [2026-04-01T03:41:33.355+0000] {dag.py:4180} INFO - Setting next_dagrun for db_and_model_update to 2026-03-30 14:00:00+00:00, run_after=2026-04-06 14:00:00+00:00
[2026-04-01T03:41:33.375+0000] {processor.py:208} INFO - Processing /opt/airflow/dags/db_and_model_update_dag.py took 0.093 seconds
[2026-04-01T03:42:03.501+0000] {processor.py:186} INFO - Started process (PID=8437) to work on /opt/airflow/dags/db_and_model_update_dag.py
[2026-04-01T03:42:03.502+0000] {processor.py:914} INFO - Processing file /opt/airflow/dags/db_and_model_update_dag.py for tasks to queue
[2026-04-01T03:42:03.505+0000] {logging_mixin.py:190} INFO - [2026-04-01T03:42:03.505+0000] {dagbag.py:588} INFO - Filling up the DagBag from /opt/airflow/dags/db_and_model_update_dag.py
[2026-04-01T03:42:03.542+0000] {processor.py:925} INFO - DAG(s) 'db_and_model_update' retrieved from /opt/airflow/dags/db_and_model_update_dag.py
[2026-04-01T03:42:03.571+0000] {logging_mixin.py:190} INFO - [2026-04-01T03:42:03.570+0000] {dag.py:3239} INFO - Sync 1 DAGs
[2026-04-01T03:42:03.592+0000] {logging_mixin.py:190} INFO - [2026-04-01T03:42:03.592+0000] {dag.py:4180} INFO - Setting next_dagrun for db_and_model_update to 2026-03-30 14:00:00+00:00, run_after=2026-04-06 14:00:00+00:00
[2026-04-01T03:42:03.613+0000] {processor.py:208} INFO - Processing /opt/airflow/dags/db_and_model_update_dag.py took 0.118 seconds
[2026-04-01T03:42:33.748+0000] {processor.py:186} INFO - Started process (PID=8447) to work on /opt/airflow/dags/db_and_model_update_dag.py
[2026-04-01T03:42:33.749+0000] {processor.py:914} INFO - Processing file /opt/airflow/dags/db_and_model_update_dag.py for tasks to queue
[2026-04-01T03:42:33.752+0000] {logging_mixin.py:190} INFO - [2026-04-01T03:42:33.752+0000] {dagbag.py:588} INFO - Filling up the DagBag from /opt/airflow/dags/db_and_model_update_dag.py
[2026-04-01T03:42:33.770+0000] {processor.py:925} INFO - DAG(s) 'db_and_model_update' retrieved from /opt/airflow/dags/db_and_model_update_dag.py
[2026-04-01T03:42:33.801+0000] {logging_mixin.py:190} INFO - [2026-04-01T03:42:33.801+0000] {dag.py:3239} INFO - Sync 1 DAGs
[2026-04-01T03:42:33.824+0000] {logging_mixin.py:190} INFO - [2026-04-01T03:42:33.824+0000] {dag.py:4180} INFO - Setting next_dagrun for db_and_model_update to 2026-03-30 14:00:00+00:00, run_after=2026-04-06 14:00:00+00:00
[2026-04-01T03:42:33.846+0000] {processor.py:208} INFO - Processing /opt/airflow/dags/db_and_model_update_dag.py took 0.105 seconds
[2026-04-01T03:43:03.996+0000] {processor.py:186} INFO - Started process (PID=8457) to work on /opt/airflow/dags/db_and_model_update_dag.py
[2026-04-01T03:43:03.997+0000] {processor.py:914} INFO - Processing file /opt/airflow/dags/db_and_model_update_dag.py for tasks to queue
[2026-04-01T03:43:03.999+0000] {logging_mixin.py:190} INFO - [2026-04-01T03:43:03.998+0000] {dagbag.py:588} INFO - Filling up the DagBag from /opt/airflow/dags/db_and_model_update_dag.py
[2026-04-01T03:43:04.017+0000] {processor.py:925} INFO - DAG(s) 'db_and_model_update' retrieved from /opt/airflow/dags/db_and_model_update_dag.py
[2026-04-01T03:43:04.042+0000] {logging_mixin.py:190} INFO - [2026-04-01T03:43:04.042+0000] {dag.py:3239} INFO - Sync 1 DAGs
[2026-04-01T03:43:04.062+0000] {logging_mixin.py:190} INFO - [2026-04-01T03:43:04.061+0000] {dag.py:4180} INFO - Setting next_dagrun for db_and_model_update to 2026-03-30 14:00:00+00:00, run_after=2026-04-06 14:00:00+00:00
[2026-04-01T03:43:04.084+0000] {processor.py:208} INFO - Processing /opt/airflow/dags/db_and_model_update_dag.py took 0.094 seconds
[2026-04-01T03:43:34.137+0000] {processor.py:186} INFO - Started process (PID=8467) to work on /opt/airflow/dags/db_and_model_update_dag.py
[2026-04-01T03:43:34.138+0000] {processor.py:914} INFO - Processing file /opt/airflow/dags/db_and_model_update_dag.py for tasks to queue
[2026-04-01T03:43:34.140+0000] {logging_mixin.py:190} INFO - [2026-04-01T03:43:34.140+0000] {dagbag.py:588} INFO - Filling up the DagBag from /opt/airflow/dags/db_and_model_update_dag.py
[2026-04-01T03:43:34.158+0000] {processor.py:925} INFO - DAG(s) 'db_and_model_update' retrieved from /opt/airflow/dags/db_and_model_update_dag.py
[2026-04-01T03:43:34.184+0000] {logging_mixin.py:190} INFO - [2026-04-01T03:43:34.184+0000] {dag.py:3239} INFO - Sync 1 DAGs
[2026-04-01T03:43:34.202+0000] {logging_mixin.py:190} INFO - [2026-04-01T03:43:34.202+0000] {dag.py:4180} INFO - Setting next_dagrun for db_and_model_update to 2026-03-30 14:00:00+00:00, run_after=2026-04-06 14:00:00+00:00
[2026-04-01T03:43:34.219+0000] {processor.py:208} INFO - Processing /opt/airflow/dags/db_and_model_update_dag.py took 0.089 seconds
[2026-04-01T03:44:04.358+0000] {processor.py:186} INFO - Started process (PID=8477) to work on /opt/airflow/dags/db_and_model_update_dag.py
[2026-04-01T03:44:04.359+0000] {processor.py:914} INFO - Processing file /opt/airflow/dags/db_and_model_update_dag.py for tasks to queue
[2026-04-01T03:44:04.361+0000] {logging_mixin.py:190} INFO - [2026-04-01T03:44:04.361+0000] {dagbag.py:588} INFO - Filling up the DagBag from /opt/airflow/dags/db_and_model_update_dag.py
[2026-04-01T03:44:04.382+0000] {processor.py:925} INFO - DAG(s) 'db_and_model_update' retrieved from /opt/airflow/dags/db_and_model_update_dag.py
[2026-04-01T03:44:04.415+0000] {logging_mixin.py:190} INFO - [2026-04-01T03:44:04.414+0000] {dag.py:3239} INFO - Sync 1 DAGs
[2026-04-01T03:44:04.438+0000] {logging_mixin.py:190} INFO - [2026-04-01T03:44:04.437+0000] {dag.py:4180} INFO - Setting next_dagrun for db_and_model_update to 2026-03-30 14:00:00+00:00, run_after=2026-04-06 14:00:00+00:00
[2026-04-01T03:44:04.460+0000] {processor.py:208} INFO - Processing /opt/airflow/dags/db_and_model_update_dag.py took 0.110 seconds
[2026-04-01T03:44:34.526+0000] {processor.py:186} INFO - Started process (PID=8487) to work on /opt/airflow/dags/db_and_model_update_dag.py
[2026-04-01T03:44:34.527+0000] {processor.py:914} INFO - Processing file /opt/airflow/dags/db_and_model_update_dag.py for tasks to queue
[2026-04-01T03:44:34.530+0000] {logging_mixin.py:190} INFO - [2026-04-01T03:44:34.529+0000] {dagbag.py:588} INFO - Filling up the DagBag from /opt/airflow/dags/db_and_model_update_dag.py
[2026-04-01T03:44:34.546+0000] {processor.py:925} INFO - DAG(s) 'db_and_model_update' retrieved from /opt/airflow/dags/db_and_model_update_dag.py
[2026-04-01T03:44:34.573+0000] {logging_mixin.py:190} INFO - [2026-04-01T03:44:34.572+0000] {dag.py:3239} INFO - Sync 1 DAGs
[2026-04-01T03:44:34.592+0000] {logging_mixin.py:190} INFO - [2026-04-01T03:44:34.591+0000] {dag.py:4180} INFO - Setting next_dagrun for db_and_model_update to 2026-03-30 14:00:00+00:00, run_after=2026-04-06 14:00:00+00:00
[2026-04-01T03:44:34.613+0000] {processor.py:208} INFO - Processing /opt/airflow/dags/db_and_model_update_dag.py took 0.094 seconds
[2026-04-01T03:45:04.705+0000] {processor.py:186} INFO - Started process (PID=8497) to work on /opt/airflow/dags/db_and_model_update_dag.py
[2026-04-01T03:45:04.706+0000] {processor.py:914} INFO - Processing file /opt/airflow/dags/db_and_model_update_dag.py for tasks to queue
[2026-04-01T03:45:04.709+0000] {logging_mixin.py:190} INFO - [2026-04-01T03:45:04.708+0000] {dagbag.py:588} INFO - Filling up the DagBag from /opt/airflow/dags/db_and_model_update_dag.py
[2026-04-01T03:45:04.726+0000] {processor.py:925} INFO - DAG(s) 'db_and_model_update' retrieved from /opt/airflow/dags/db_and_model_update_dag.py
[2026-04-01T03:45:04.754+0000] {logging_mixin.py:190} INFO - [2026-04-01T03:45:04.754+0000] {dag.py:3239} INFO - Sync 1 DAGs
[2026-04-01T03:45:04.775+0000] {logging_mixin.py:190} INFO - [2026-04-01T03:45:04.775+0000] {dag.py:4180} INFO - Setting next_dagrun for db_and_model_update to 2026-03-30 14:00:00+00:00, run_after=2026-04-06 14:00:00+00:00
[2026-04-01T03:45:04.799+0000] {processor.py:208} INFO - Processing /opt/airflow/dags/db_and_model_update_dag.py took 0.101 seconds
[2026-04-01T03:45:34.918+0000] {processor.py:186} INFO - Started process (PID=8510) to work on /opt/airflow/dags/db_and_model_update_dag.py
[2026-04-01T03:45:34.920+0000] {processor.py:914} INFO - Processing file /opt/airflow/dags/db_and_model_update_dag.py for tasks to queue
[2026-04-01T03:45:34.922+0000] {logging_mixin.py:190} INFO - [2026-04-01T03:45:34.922+0000] {dagbag.py:588} INFO - Filling up the DagBag from /opt/airflow/dags/db_and_model_update_dag.py
[2026-04-01T03:45:34.944+0000] {processor.py:925} INFO - DAG(s) 'db_and_model_update' retrieved from /opt/airflow/dags/db_and_model_update_dag.py
[2026-04-01T03:45:34.974+0000] {logging_mixin.py:190} INFO - [2026-04-01T03:45:34.974+0000] {dag.py:3239} INFO - Sync 1 DAGs
[2026-04-01T03:45:34.999+0000] {logging_mixin.py:190} INFO - [2026-04-01T03:45:34.999+0000] {dag.py:4180} INFO - Setting next_dagrun for db_and_model_update to 2026-03-30 14:00:00+00:00, run_after=2026-04-06 14:00:00+00:00
[2026-04-01T03:45:35.021+0000] {processor.py:208} INFO - Processing /opt/airflow/dags/db_and_model_update_dag.py took 0.111 seconds
[2026-04-01T03:46:05.087+0000] {processor.py:186} INFO - Started process (PID=8517) to work on /opt/airflow/dags/db_and_model_update_dag.py
[2026-04-01T03:46:05.088+0000] {processor.py:914} INFO - Processing file /opt/airflow/dags/db_and_model_update_dag.py for tasks to queue
[2026-04-01T03:46:05.092+0000] {logging_mixin.py:190} INFO - [2026-04-01T03:46:05.091+0000] {dagbag.py:588} INFO - Filling up the DagBag from /opt/airflow/dags/db_and_model_update_dag.py
[2026-04-01T03:46:05.109+0000] {processor.py:925} INFO - DAG(s) 'db_and_model_update' retrieved from /opt/airflow/dags/db_and_model_update_dag.py
[2026-04-01T03:46:05.136+0000] {logging_mixin.py:190} INFO - [2026-04-01T03:46:05.135+0000] {dag.py:3239} INFO - Sync 1 DAGs
[2026-04-01T03:46:05.155+0000] {logging_mixin.py:190} INFO - [2026-04-01T03:46:05.155+0000] {dag.py:4180} INFO - Setting next_dagrun for db_and_model_update to 2026-03-30 14:00:00+00:00, run_after=2026-04-06 14:00:00+00:00
[2026-04-01T03:46:05.174+0000] {processor.py:208} INFO - Processing /opt/airflow/dags/db_and_model_update_dag.py took 0.093 seconds
[2026-04-01T03:46:35.291+0000] {processor.py:186} INFO - Started process (PID=8527) to work on /opt/airflow/dags/db_and_model_update_dag.py
[2026-04-01T03:46:35.292+0000] {processor.py:914} INFO - Processing file /opt/airflow/dags/db_and_model_update_dag.py for tasks to queue
[2026-04-01T03:46:35.295+0000] {logging_mixin.py:190} INFO - [2026-04-01T03:46:35.295+0000] {dagbag.py:588} INFO - Filling up the DagBag from /opt/airflow/dags/db_and_model_update_dag.py
[2026-04-01T03:46:35.322+0000] {processor.py:925} INFO - DAG(s) 'db_and_model_update' retrieved from /opt/airflow/dags/db_and_model_update_dag.py
[2026-04-01T03:46:35.352+0000] {logging_mixin.py:190} INFO - [2026-04-01T03:46:35.352+0000] {dag.py:3239} INFO - Sync 1 DAGs
[2026-04-01T03:46:35.376+0000] {logging_mixin.py:190} INFO - [2026-04-01T03:46:35.375+0000] {dag.py:4180} INFO - Setting next_dagrun for db_and_model_update to 2026-03-30 14:00:00+00:00, run_after=2026-04-06 14:00:00+00:00
[2026-04-01T03:46:35.398+0000] {processor.py:208} INFO - Processing /opt/airflow/dags/db_and_model_update_dag.py took 0.114 seconds
[2026-04-01T03:47:05.538+0000] {processor.py:186} INFO - Started process (PID=8537) to work on /opt/airflow/dags/db_and_model_update_dag.py
[2026-04-01T03:47:05.539+0000] {processor.py:914} INFO - Processing file /opt/airflow/dags/db_and_model_update_dag.py for tasks to queue
[2026-04-01T03:47:05.542+0000] {logging_mixin.py:190} INFO - [2026-04-01T03:47:05.541+0000] {dagbag.py:588} INFO - Filling up the DagBag from /opt/airflow/dags/db_and_model_update_dag.py
[2026-04-01T03:47:05.563+0000] {processor.py:925} INFO - DAG(s) 'db_and_model_update' retrieved from /opt/airflow/dags/db_and_model_update_dag.py
[2026-04-01T03:47:05.594+0000] {logging_mixin.py:190} INFO - [2026-04-01T03:47:05.594+0000] {dag.py:3239} INFO - Sync 1 DAGs
[2026-04-01T03:47:05.616+0000] {logging_mixin.py:190} INFO - [2026-04-01T03:47:05.615+0000] {dag.py:4180} INFO - Setting next_dagrun for db_and_model_update to 2026-03-30 14:00:00+00:00, run_after=2026-04-06 14:00:00+00:00
[2026-04-01T03:47:05.638+0000] {processor.py:208} INFO - Processing /opt/airflow/dags/db_and_model_update_dag.py took 0.108 seconds
[2026-04-01T03:47:35.803+0000] {processor.py:186} INFO - Started process (PID=8547) to work on /opt/airflow/dags/db_and_model_update_dag.py
[2026-04-01T03:47:35.804+0000] {processor.py:914} INFO - Processing file /opt/airflow/dags/db_and_model_update_dag.py for tasks to queue
[2026-04-01T03:47:35.806+0000] {logging_mixin.py:190} INFO - [2026-04-01T03:47:35.806+0000] {dagbag.py:588} INFO - Filling up the DagBag from /opt/airflow/dags/db_and_model_update_dag.py
[2026-04-01T03:47:35.823+0000] {processor.py:925} INFO - DAG(s) 'db_and_model_update' retrieved from /opt/airflow/dags/db_and_model_update_dag.py
[2026-04-01T03:47:35.849+0000] {logging_mixin.py:190} INFO - [2026-04-01T03:47:35.849+0000] {dag.py:3239} INFO - Sync 1 DAGs
[2026-04-01T03:47:35.869+0000] {logging_mixin.py:190} INFO - [2026-04-01T03:47:35.868+0000] {dag.py:4180} INFO - Setting next_dagrun for db_and_model_update to 2026-03-30 14:00:00+00:00, run_after=2026-04-06 14:00:00+00:00
[2026-04-01T03:47:35.891+0000] {processor.py:208} INFO - Processing /opt/airflow/dags/db_and_model_update_dag.py took 0.095 seconds
[2026-04-01T03:48:06.031+0000] {processor.py:186} INFO - Started process (PID=8557) to work on /opt/airflow/dags/db_and_model_update_dag.py
[2026-04-01T03:48:06.032+0000] {processor.py:914} INFO - Processing file /opt/airflow/dags/db_and_model_update_dag.py for tasks to queue
[2026-04-01T03:48:06.034+0000] {logging_mixin.py:190} INFO - [2026-04-01T03:48:06.034+0000] {dagbag.py:588} INFO - Filling up the DagBag from /opt/airflow/dags/db_and_model_update_dag.py
[2026-04-01T03:48:06.053+0000] {processor.py:925} INFO - DAG(s) 'db_and_model_update' retrieved from /opt/airflow/dags/db_and_model_update_dag.py
[2026-04-01T03:48:06.082+0000] {logging_mixin.py:190} INFO - [2026-04-01T03:48:06.081+0000] {dag.py:3239} INFO - Sync 1 DAGs
[2026-04-01T03:48:06.104+0000] {logging_mixin.py:190} INFO - [2026-04-01T03:48:06.104+0000] {dag.py:4180} INFO - Setting next_dagrun for db_and_model_update to 2026-03-30 14:00:00+00:00, run_after=2026-04-06 14:00:00+00:00
[2026-04-01T03:48:06.124+0000] {processor.py:208} INFO - Processing /opt/airflow/dags/db_and_model_update_dag.py took 0.101 seconds
[2026-04-01T03:48:36.245+0000] {processor.py:186} INFO - Started process (PID=8567) to work on /opt/airflow/dags/db_and_model_update_dag.py
[2026-04-01T03:48:36.247+0000] {processor.py:914} INFO - Processing file /opt/airflow/dags/db_and_model_update_dag.py for tasks to queue
[2026-04-01T03:48:36.249+0000] {logging_mixin.py:190} INFO - [2026-04-01T03:48:36.248+0000] {dagbag.py:588} INFO - Filling up the DagBag from /opt/airflow/dags/db_and_model_update_dag.py
[2026-04-01T03:48:36.273+0000] {processor.py:925} INFO - DAG(s) 'db_and_model_update' retrieved from /opt/airflow/dags/db_and_model_update_dag.py
[2026-04-01T03:48:36.301+0000] {logging_mixin.py:190} INFO - [2026-04-01T03:48:36.301+0000] {dag.py:3239} INFO - Sync 1 DAGs
[2026-04-01T03:48:36.324+0000] {logging_mixin.py:190} INFO - [2026-04-01T03:48:36.323+0000] {dag.py:4180} INFO - Setting next_dagrun for db_and_model_update to 2026-03-30 14:00:00+00:00, run_after=2026-04-06 14:00:00+00:00
[2026-04-01T03:48:36.342+0000] {processor.py:208} INFO - Processing /opt/airflow/dags/db_and_model_update_dag.py took 0.104 seconds
[2026-04-01T03:49:06.518+0000] {processor.py:186} INFO - Started process (PID=8577) to work on /opt/airflow/dags/db_and_model_update_dag.py
[2026-04-01T03:49:06.519+0000] {processor.py:914} INFO - Processing file /opt/airflow/dags/db_and_model_update_dag.py for tasks to queue
[2026-04-01T03:49:06.522+0000] {logging_mixin.py:190} INFO - [2026-04-01T03:49:06.522+0000] {dagbag.py:588} INFO - Filling up the DagBag from /opt/airflow/dags/db_and_model_update_dag.py
[2026-04-01T03:49:06.540+0000] {processor.py:925} INFO - DAG(s) 'db_and_model_update' retrieved from /opt/airflow/dags/db_and_model_update_dag.py
[2026-04-01T03:49:06.566+0000] {logging_mixin.py:190} INFO - [2026-04-01T03:49:06.566+0000] {dag.py:3239} INFO - Sync 1 DAGs
[2026-04-01T03:49:06.589+0000] {logging_mixin.py:190} INFO - [2026-04-01T03:49:06.589+0000] {dag.py:4180} INFO - Setting next_dagrun for db_and_model_update to 2026-03-30 14:00:00+00:00, run_after=2026-04-06 14:00:00+00:00
[2026-04-01T03:49:06.609+0000] {processor.py:208} INFO - Processing /opt/airflow/dags/db_and_model_update_dag.py took 0.098 seconds
[2026-04-01T03:49:36.718+0000] {processor.py:186} INFO - Started process (PID=8587) to work on /opt/airflow/dags/db_and_model_update_dag.py
[2026-04-01T03:49:36.721+0000] {processor.py:914} INFO - Processing file /opt/airflow/dags/db_and_model_update_dag.py for tasks to queue
[2026-04-01T03:49:36.723+0000] {logging_mixin.py:190} INFO - [2026-04-01T03:49:36.722+0000] {dagbag.py:588} INFO - Filling up the DagBag from /opt/airflow/dags/db_and_model_update_dag.py
[2026-04-01T03:49:36.739+0000] {processor.py:925} INFO - DAG(s) 'db_and_model_update' retrieved from /opt/airflow/dags/db_and_model_update_dag.py
[2026-04-01T03:49:36.767+0000] {logging_mixin.py:190} INFO - [2026-04-01T03:49:36.766+0000] {dag.py:3239} INFO - Sync 1 DAGs
[2026-04-01T03:49:36.787+0000] {logging_mixin.py:190} INFO - [2026-04-01T03:49:36.786+0000] {dag.py:4180} INFO - Setting next_dagrun for db_and_model_update to 2026-03-30 14:00:00+00:00, run_after=2026-04-06 14:00:00+00:00
[2026-04-01T03:49:36.806+0000] {processor.py:208} INFO - Processing /opt/airflow/dags/db_and_model_update_dag.py took 0.095 seconds
[2026-04-01T03:50:07.001+0000] {processor.py:186} INFO - Started process (PID=8597) to work on /opt/airflow/dags/db_and_model_update_dag.py
[2026-04-01T03:50:07.003+0000] {processor.py:914} INFO - Processing file /opt/airflow/dags/db_and_model_update_dag.py for tasks to queue
[2026-04-01T03:50:07.011+0000] {logging_mixin.py:190} INFO - [2026-04-01T03:50:07.010+0000] {dagbag.py:588} INFO - Filling up the DagBag from /opt/airflow/dags/db_and_model_update_dag.py
[2026-04-01T03:50:07.037+0000] {processor.py:925} INFO - DAG(s) 'db_and_model_update' retrieved from /opt/airflow/dags/db_and_model_update_dag.py
[2026-04-01T03:50:07.086+0000] {logging_mixin.py:190} INFO - [2026-04-01T03:50:07.086+0000] {dag.py:3239} INFO - Sync 1 DAGs
[2026-04-01T03:50:07.120+0000] {logging_mixin.py:190} INFO - [2026-04-01T03:50:07.120+0000] {dag.py:4180} INFO - Setting next_dagrun for db_and_model_update to 2026-03-30 14:00:00+00:00, run_after=2026-04-06 14:00:00+00:00
[2026-04-01T03:50:07.147+0000] {processor.py:208} INFO - Processing /opt/airflow/dags/db_and_model_update_dag.py took 0.158 seconds
[2026-04-01T03:50:37.314+0000] {processor.py:186} INFO - Started process (PID=8607) to work on /opt/airflow/dags/db_and_model_update_dag.py
[2026-04-01T03:50:37.315+0000] {processor.py:914} INFO - Processing file /opt/airflow/dags/db_and_model_update_dag.py for tasks to queue
[2026-04-01T03:50:37.317+0000] {logging_mixin.py:190} INFO - [2026-04-01T03:50:37.317+0000] {dagbag.py:588} INFO - Filling up the DagBag from /opt/airflow/dags/db_and_model_update_dag.py
[2026-04-01T03:50:37.335+0000] {processor.py:925} INFO - DAG(s) 'db_and_model_update' retrieved from /opt/airflow/dags/db_and_model_update_dag.py
[2026-04-01T03:50:37.361+0000] {logging_mixin.py:190} INFO - [2026-04-01T03:50:37.361+0000] {dag.py:3239} INFO - Sync 1 DAGs
[2026-04-01T03:50:37.380+0000] {logging_mixin.py:190} INFO - [2026-04-01T03:50:37.380+0000] {dag.py:4180} INFO - Setting next_dagrun for db_and_model_update to 2026-03-30 14:00:00+00:00, run_after=2026-04-06 14:00:00+00:00
[2026-04-01T03:50:37.397+0000] {processor.py:208} INFO - Processing /opt/airflow/dags/db_and_model_update_dag.py took 0.090 seconds
[2026-04-01T03:51:07.540+0000] {processor.py:186} INFO - Started process (PID=8617) to work on /opt/airflow/dags/db_and_model_update_dag.py
[2026-04-01T03:51:07.541+0000] {processor.py:914} INFO - Processing file /opt/airflow/dags/db_and_model_update_dag.py for tasks to queue
[2026-04-01T03:51:07.544+0000] {logging_mixin.py:190} INFO - [2026-04-01T03:51:07.543+0000] {dagbag.py:588} INFO - Filling up the DagBag from /opt/airflow/dags/db_and_model_update_dag.py
[2026-04-01T03:51:07.562+0000] {processor.py:925} INFO - DAG(s) 'db_and_model_update' retrieved from /opt/airflow/dags/db_and_model_update_dag.py
[2026-04-01T03:51:07.594+0000] {logging_mixin.py:190} INFO - [2026-04-01T03:51:07.594+0000] {dag.py:3239} INFO - Sync 1 DAGs
[2026-04-01T03:51:07.616+0000] {logging_mixin.py:190} INFO - [2026-04-01T03:51:07.615+0000] {dag.py:4180} INFO - Setting next_dagrun for db_and_model_update to 2026-03-30 14:00:00+00:00, run_after=2026-04-06 14:00:00+00:00
[2026-04-01T03:51:07.638+0000] {processor.py:208} INFO - Processing /opt/airflow/dags/db_and_model_update_dag.py took 0.107 seconds
[2026-04-01T03:51:37.785+0000] {processor.py:186} INFO - Started process (PID=8627) to work on /opt/airflow/dags/db_and_model_update_dag.py
[2026-04-01T03:51:37.787+0000] {processor.py:914} INFO - Processing file /opt/airflow/dags/db_and_model_update_dag.py for tasks to queue
[2026-04-01T03:51:37.790+0000] {logging_mixin.py:190} INFO - [2026-04-01T03:51:37.789+0000] {dagbag.py:588} INFO - Filling up the DagBag from /opt/airflow/dags/db_and_model_update_dag.py
[2026-04-01T03:51:37.811+0000] {processor.py:925} INFO - DAG(s) 'db_and_model_update' retrieved from /opt/airflow/dags/db_and_model_update_dag.py
[2026-04-01T03:51:37.850+0000] {logging_mixin.py:190} INFO - [2026-04-01T03:51:37.850+0000] {dag.py:3239} INFO - Sync 1 DAGs
[2026-04-01T03:51:37.875+0000] {logging_mixin.py:190} INFO - [2026-04-01T03:51:37.875+0000] {dag.py:4180} INFO - Setting next_dagrun for db_and_model_update to 2026-03-30 14:00:00+00:00, run_after=2026-04-06 14:00:00+00:00
[2026-04-01T03:51:37.905+0000] {processor.py:208} INFO - Processing /opt/airflow/dags/db_and_model_update_dag.py took 0.127 seconds
[2026-04-01T03:52:08.029+0000] {processor.py:186} INFO - Started process (PID=8637) to work on /opt/airflow/dags/db_and_model_update_dag.py
[2026-04-01T03:52:08.030+0000] {processor.py:914} INFO - Processing file /opt/airflow/dags/db_and_model_update_dag.py for tasks to queue
[2026-04-01T03:52:08.032+0000] {logging_mixin.py:190} INFO - [2026-04-01T03:52:08.032+0000] {dagbag.py:588} INFO - Filling up the DagBag from /opt/airflow/dags/db_and_model_update_dag.py
[2026-04-01T03:52:08.049+0000] {processor.py:925} INFO - DAG(s) 'db_and_model_update' retrieved from /opt/airflow/dags/db_and_model_update_dag.py
[2026-04-01T03:52:08.093+0000] {logging_mixin.py:190} INFO - [2026-04-01T03:52:08.093+0000] {dag.py:3239} INFO - Sync 1 DAGs
[2026-04-01T03:52:08.114+0000] {logging_mixin.py:190} INFO - [2026-04-01T03:52:08.113+0000] {dag.py:4180} INFO - Setting next_dagrun for db_and_model_update to 2026-03-30 14:00:00+00:00, run_after=2026-04-06 14:00:00+00:00
[2026-04-01T03:52:08.135+0000] {processor.py:208} INFO - Processing /opt/airflow/dags/db_and_model_update_dag.py took 0.112 seconds
[2026-04-01T03:52:38.277+0000] {processor.py:186} INFO - Started process (PID=8647) to work on /opt/airflow/dags/db_and_model_update_dag.py
[2026-04-01T03:52:38.278+0000] {processor.py:914} INFO - Processing file /opt/airflow/dags/db_and_model_update_dag.py for tasks to queue
[2026-04-01T03:52:38.281+0000] {logging_mixin.py:190} INFO - [2026-04-01T03:52:38.281+0000] {dagbag.py:588} INFO - Filling up the DagBag from /opt/airflow/dags/db_and_model_update_dag.py
[2026-04-01T03:52:38.309+0000] {processor.py:925} INFO - DAG(s) 'db_and_model_update' retrieved from /opt/airflow/dags/db_and_model_update_dag.py
[2026-04-01T03:52:38.340+0000] {logging_mixin.py:190} INFO - [2026-04-01T03:52:38.339+0000] {dag.py:3239} INFO - Sync 1 DAGs
[2026-04-01T03:52:38.361+0000] {logging_mixin.py:190} INFO - [2026-04-01T03:52:38.361+0000] {dag.py:4180} INFO - Setting next_dagrun for db_and_model_update to 2026-03-30 14:00:00+00:00, run_after=2026-04-06 14:00:00+00:00
[2026-04-01T03:52:38.384+0000] {processor.py:208} INFO - Processing /opt/airflow/dags/db_and_model_update_dag.py took 0.114 seconds
[2026-04-01T03:53:08.533+0000] {processor.py:186} INFO - Started process (PID=8657) to work on /opt/airflow/dags/db_and_model_update_dag.py
[2026-04-01T03:53:08.534+0000] {processor.py:914} INFO - Processing file /opt/airflow/dags/db_and_model_update_dag.py for tasks to queue
[2026-04-01T03:53:08.536+0000] {logging_mixin.py:190} INFO - [2026-04-01T03:53:08.536+0000] {dagbag.py:588} INFO - Filling up the DagBag from /opt/airflow/dags/db_and_model_update_dag.py
[2026-04-01T03:53:08.555+0000] {processor.py:925} INFO - DAG(s) 'db_and_model_update' retrieved from /opt/airflow/dags/db_and_model_update_dag.py
[2026-04-01T03:53:08.583+0000] {logging_mixin.py:190} INFO - [2026-04-01T03:53:08.583+0000] {dag.py:3239} INFO - Sync 1 DAGs
[2026-04-01T03:53:08.603+0000] {logging_mixin.py:190} INFO - [2026-04-01T03:53:08.602+0000] {dag.py:4180} INFO - Setting next_dagrun for db_and_model_update to 2026-03-30 14:00:00+00:00, run_after=2026-04-06 14:00:00+00:00
[2026-04-01T03:53:08.624+0000] {processor.py:208} INFO - Processing /opt/airflow/dags/db_and_model_update_dag.py took 0.099 seconds
[2026-04-01T03:53:38.730+0000] {processor.py:186} INFO - Started process (PID=8667) to work on /opt/airflow/dags/db_and_model_update_dag.py
[2026-04-01T03:53:38.732+0000] {processor.py:914} INFO - Processing file /opt/airflow/dags/db_and_model_update_dag.py for tasks to queue
[2026-04-01T03:53:38.735+0000] {logging_mixin.py:190} INFO - [2026-04-01T03:53:38.735+0000] {dagbag.py:588} INFO - Filling up the DagBag from /opt/airflow/dags/db_and_model_update_dag.py
[2026-04-01T03:53:38.757+0000] {processor.py:925} INFO - DAG(s) 'db_and_model_update' retrieved from /opt/airflow/dags/db_and_model_update_dag.py
[2026-04-01T03:53:38.786+0000] {logging_mixin.py:190} INFO - [2026-04-01T03:53:38.786+0000] {dag.py:3239} INFO - Sync 1 DAGs
[2026-04-01T03:53:38.808+0000] {logging_mixin.py:190} INFO - [2026-04-01T03:53:38.807+0000] {dag.py:4180} INFO - Setting next_dagrun for db_and_model_update to 2026-03-30 14:00:00+00:00, run_after=2026-04-06 14:00:00+00:00
[2026-04-01T03:53:38.828+0000] {processor.py:208} INFO - Processing /opt/airflow/dags/db_and_model_update_dag.py took 0.106 seconds
[2026-04-01T03:54:09.010+0000] {processor.py:186} INFO - Started process (PID=8677) to work on /opt/airflow/dags/db_and_model_update_dag.py
[2026-04-01T03:54:09.011+0000] {processor.py:914} INFO - Processing file /opt/airflow/dags/db_and_model_update_dag.py for tasks to queue
[2026-04-01T03:54:09.014+0000] {logging_mixin.py:190} INFO - [2026-04-01T03:54:09.013+0000] {dagbag.py:588} INFO - Filling up the DagBag from /opt/airflow/dags/db_and_model_update_dag.py
[2026-04-01T03:54:09.032+0000] {processor.py:925} INFO - DAG(s) 'db_and_model_update' retrieved from /opt/airflow/dags/db_and_model_update_dag.py
[2026-04-01T03:54:09.076+0000] {logging_mixin.py:190} INFO - [2026-04-01T03:54:09.076+0000] {dag.py:3239} INFO - Sync 1 DAGs
[2026-04-01T03:54:09.100+0000] {logging_mixin.py:190} INFO - [2026-04-01T03:54:09.099+0000] {dag.py:4180} INFO - Setting next_dagrun for db_and_model_update to 2026-03-30 14:00:00+00:00, run_after=2026-04-06 14:00:00+00:00
[2026-04-01T03:54:09.121+0000] {processor.py:208} INFO - Processing /opt/airflow/dags/db_and_model_update_dag.py took 0.120 seconds
[2026-04-01T03:54:39.264+0000] {processor.py:186} INFO - Started process (PID=8687) to work on /opt/airflow/dags/db_and_model_update_dag.py
[2026-04-01T03:54:39.265+0000] {processor.py:914} INFO - Processing file /opt/airflow/dags/db_and_model_update_dag.py for tasks to queue
[2026-04-01T03:54:39.267+0000] {logging_mixin.py:190} INFO - [2026-04-01T03:54:39.267+0000] {dagbag.py:588} INFO - Filling up the DagBag from /opt/airflow/dags/db_and_model_update_dag.py
[2026-04-01T03:54:39.286+0000] {processor.py:925} INFO - DAG(s) 'db_and_model_update' retrieved from /opt/airflow/dags/db_and_model_update_dag.py
[2026-04-01T03:54:39.315+0000] {logging_mixin.py:190} INFO - [2026-04-01T03:54:39.314+0000] {dag.py:3239} INFO - Sync 1 DAGs
[2026-04-01T03:54:39.340+0000] {logging_mixin.py:190} INFO - [2026-04-01T03:54:39.339+0000] {dag.py:4180} INFO - Setting next_dagrun for db_and_model_update to 2026-03-30 14:00:00+00:00, run_after=2026-04-06 14:00:00+00:00
[2026-04-01T03:54:39.360+0000] {processor.py:208} INFO - Processing /opt/airflow/dags/db_and_model_update_dag.py took 0.102 seconds
[2026-04-01T03:55:09.426+0000] {processor.py:186} INFO - Started process (PID=8697) to work on /opt/airflow/dags/db_and_model_update_dag.py
[2026-04-01T03:55:09.427+0000] {processor.py:914} INFO - Processing file /opt/airflow/dags/db_and_model_update_dag.py for tasks to queue
[2026-04-01T03:55:09.429+0000] {logging_mixin.py:190} INFO - [2026-04-01T03:55:09.429+0000] {dagbag.py:588} INFO - Filling up the DagBag from /opt/airflow/dags/db_and_model_update_dag.py
[2026-04-01T03:55:09.451+0000] {processor.py:925} INFO - DAG(s) 'db_and_model_update' retrieved from /opt/airflow/dags/db_and_model_update_dag.py
[2026-04-01T03:55:09.478+0000] {logging_mixin.py:190} INFO - [2026-04-01T03:55:09.477+0000] {dag.py:3239} INFO - Sync 1 DAGs
[2026-04-01T03:55:09.498+0000] {logging_mixin.py:190} INFO - [2026-04-01T03:55:09.498+0000] {dag.py:4180} INFO - Setting next_dagrun for db_and_model_update to 2026-03-30 14:00:00+00:00, run_after=2026-04-06 14:00:00+00:00
[2026-04-01T03:55:09.517+0000] {processor.py:208} INFO - Processing /opt/airflow/dags/db_and_model_update_dag.py took 0.099 seconds
[2026-04-01T03:55:39.673+0000] {processor.py:186} INFO - Started process (PID=8707) to work on /opt/airflow/dags/db_and_model_update_dag.py
[2026-04-01T03:55:39.675+0000] {processor.py:914} INFO - Processing file /opt/airflow/dags/db_and_model_update_dag.py for tasks to queue
[2026-04-01T03:55:39.680+0000] {logging_mixin.py:190} INFO - [2026-04-01T03:55:39.680+0000] {dagbag.py:588} INFO - Filling up the DagBag from /opt/airflow/dags/db_and_model_update_dag.py
[2026-04-01T03:55:39.701+0000] {processor.py:925} INFO - DAG(s) 'db_and_model_update' retrieved from /opt/airflow/dags/db_and_model_update_dag.py
[2026-04-01T03:55:39.739+0000] {logging_mixin.py:190} INFO - [2026-04-01T03:55:39.739+0000] {dag.py:3239} INFO - Sync 1 DAGs
[2026-04-01T03:55:39.762+0000] {logging_mixin.py:190} INFO - [2026-04-01T03:55:39.762+0000] {dag.py:4180} INFO - Setting next_dagrun for db_and_model_update to 2026-03-30 14:00:00+00:00, run_after=2026-04-06 14:00:00+00:00
[2026-04-01T03:55:39.788+0000] {processor.py:208} INFO - Processing /opt/airflow/dags/db_and_model_update_dag.py took 0.125 seconds
[2026-04-01T03:56:09.918+0000] {processor.py:186} INFO - Started process (PID=8717) to work on /opt/airflow/dags/db_and_model_update_dag.py
[2026-04-01T03:56:09.919+0000] {processor.py:914} INFO - Processing file /opt/airflow/dags/db_and_model_update_dag.py for tasks to queue
[2026-04-01T03:56:09.922+0000] {logging_mixin.py:190} INFO - [2026-04-01T03:56:09.921+0000] {dagbag.py:588} INFO - Filling up the DagBag from /opt/airflow/dags/db_and_model_update_dag.py
[2026-04-01T03:56:09.941+0000] {processor.py:925} INFO - DAG(s) 'db_and_model_update' retrieved from /opt/airflow/dags/db_and_model_update_dag.py
[2026-04-01T03:56:09.972+0000] {logging_mixin.py:190} INFO - [2026-04-01T03:56:09.972+0000] {dag.py:3239} INFO - Sync 1 DAGs
[2026-04-01T03:56:09.997+0000] {logging_mixin.py:190} INFO - [2026-04-01T03:56:09.996+0000] {dag.py:4180} INFO - Setting next_dagrun for db_and_model_update to 2026-03-30 14:00:00+00:00, run_after=2026-04-06 14:00:00+00:00
[2026-04-01T03:56:10.017+0000] {processor.py:208} INFO - Processing /opt/airflow/dags/db_and_model_update_dag.py took 0.105 seconds
[2026-04-01T03:56:40.164+0000] {processor.py:186} INFO - Started process (PID=8727) to work on /opt/airflow/dags/db_and_model_update_dag.py
[2026-04-01T03:56:40.165+0000] {processor.py:914} INFO - Processing file /opt/airflow/dags/db_and_model_update_dag.py for tasks to queue
[2026-04-01T03:56:40.167+0000] {logging_mixin.py:190} INFO - [2026-04-01T03:56:40.167+0000] {dagbag.py:588} INFO - Filling up the DagBag from /opt/airflow/dags/db_and_model_update_dag.py
[2026-04-01T03:56:40.185+0000] {processor.py:925} INFO - DAG(s) 'db_and_model_update' retrieved from /opt/airflow/dags/db_and_model_update_dag.py
[2026-04-01T03:56:40.217+0000] {logging_mixin.py:190} INFO - [2026-04-01T03:56:40.217+0000] {dag.py:3239} INFO - Sync 1 DAGs
[2026-04-01T03:56:40.243+0000] {logging_mixin.py:190} INFO - [2026-04-01T03:56:40.242+0000] {dag.py:4180} INFO - Setting next_dagrun for db_and_model_update to 2026-03-30 14:00:00+00:00, run_after=2026-04-06 14:00:00+00:00
[2026-04-01T03:56:40.266+0000] {processor.py:208} INFO - Processing /opt/airflow/dags/db_and_model_update_dag.py took 0.108 seconds
[2026-04-01T03:57:10.403+0000] {processor.py:186} INFO - Started process (PID=8737) to work on /opt/airflow/dags/db_and_model_update_dag.py
[2026-04-01T03:57:10.405+0000] {processor.py:914} INFO - Processing file /opt/airflow/dags/db_and_model_update_dag.py for tasks to queue
[2026-04-01T03:57:10.408+0000] {logging_mixin.py:190} INFO - [2026-04-01T03:57:10.408+0000] {dagbag.py:588} INFO - Filling up the DagBag from /opt/airflow/dags/db_and_model_update_dag.py
[2026-04-01T03:57:10.443+0000] {processor.py:925} INFO - DAG(s) 'db_and_model_update' retrieved from /opt/airflow/dags/db_and_model_update_dag.py
[2026-04-01T03:57:10.474+0000] {logging_mixin.py:190} INFO - [2026-04-01T03:57:10.474+0000] {dag.py:3239} INFO - Sync 1 DAGs
[2026-04-01T03:57:10.499+0000] {logging_mixin.py:190} INFO - [2026-04-01T03:57:10.499+0000] {dag.py:4180} INFO - Setting next_dagrun for db_and_model_update to 2026-03-30 14:00:00+00:00, run_after=2026-04-06 14:00:00+00:00
[2026-04-01T03:57:10.531+0000] {processor.py:208} INFO - Processing /opt/airflow/dags/db_and_model_update_dag.py took 0.138 seconds
[2026-04-01T03:57:40.643+0000] {processor.py:186} INFO - Started process (PID=8747) to work on /opt/airflow/dags/db_and_model_update_dag.py
[2026-04-01T03:57:40.644+0000] {processor.py:914} INFO - Processing file /opt/airflow/dags/db_and_model_update_dag.py for tasks to queue
[2026-04-01T03:57:40.647+0000] {logging_mixin.py:190} INFO - [2026-04-01T03:57:40.646+0000] {dagbag.py:588} INFO - Filling up the DagBag from /opt/airflow/dags/db_and_model_update_dag.py
[2026-04-01T03:57:40.670+0000] {processor.py:925} INFO - DAG(s) 'db_and_model_update' retrieved from /opt/airflow/dags/db_and_model_update_dag.py
[2026-04-01T03:57:40.699+0000] {logging_mixin.py:190} INFO - [2026-04-01T03:57:40.699+0000] {dag.py:3239} INFO - Sync 1 DAGs
[2026-04-01T03:57:40.720+0000] {logging_mixin.py:190} INFO - [2026-04-01T03:57:40.720+0000] {dag.py:4180} INFO - Setting next_dagrun for db_and_model_update to 2026-03-30 14:00:00+00:00, run_after=2026-04-06 14:00:00+00:00
[2026-04-01T03:57:40.738+0000] {processor.py:208} INFO - Processing /opt/airflow/dags/db_and_model_update_dag.py took 0.102 seconds
[2026-04-01T03:58:10.858+0000] {processor.py:186} INFO - Started process (PID=8757) to work on /opt/airflow/dags/db_and_model_update_dag.py
[2026-04-01T03:58:10.859+0000] {processor.py:914} INFO - Processing file /opt/airflow/dags/db_and_model_update_dag.py for tasks to queue
[2026-04-01T03:58:10.861+0000] {logging_mixin.py:190} INFO - [2026-04-01T03:58:10.861+0000] {dagbag.py:588} INFO - Filling up the DagBag from /opt/airflow/dags/db_and_model_update_dag.py
[2026-04-01T03:58:10.883+0000] {processor.py:925} INFO - DAG(s) 'db_and_model_update' retrieved from /opt/airflow/dags/db_and_model_update_dag.py
[2026-04-01T03:58:10.916+0000] {logging_mixin.py:190} INFO - [2026-04-01T03:58:10.916+0000] {dag.py:3239} INFO - Sync 1 DAGs
[2026-04-01T03:58:10.937+0000] {logging_mixin.py:190} INFO - [2026-04-01T03:58:10.937+0000] {dag.py:4180} INFO - Setting next_dagrun for db_and_model_update to 2026-03-30 14:00:00+00:00, run_after=2026-04-06 14:00:00+00:00
[2026-04-01T03:58:10.961+0000] {processor.py:208} INFO - Processing /opt/airflow/dags/db_and_model_update_dag.py took 0.111 seconds
[2026-04-01T03:58:41.094+0000] {processor.py:186} INFO - Started process (PID=8767) to work on /opt/airflow/dags/db_and_model_update_dag.py
[2026-04-01T03:58:41.095+0000] {processor.py:914} INFO - Processing file /opt/airflow/dags/db_and_model_update_dag.py for tasks to queue
[2026-04-01T03:58:41.097+0000] {logging_mixin.py:190} INFO - [2026-04-01T03:58:41.097+0000] {dagbag.py:588} INFO - Filling up the DagBag from /opt/airflow/dags/db_and_model_update_dag.py
[2026-04-01T03:58:41.116+0000] {processor.py:925} INFO - DAG(s) 'db_and_model_update' retrieved from /opt/airflow/dags/db_and_model_update_dag.py
[2026-04-01T03:58:41.147+0000] {logging_mixin.py:190} INFO - [2026-04-01T03:58:41.147+0000] {dag.py:3239} INFO - Sync 1 DAGs
[2026-04-01T03:58:41.171+0000] {logging_mixin.py:190} INFO - [2026-04-01T03:58:41.171+0000] {dag.py:4180} INFO - Setting next_dagrun for db_and_model_update to 2026-03-30 14:00:00+00:00, run_after=2026-04-06 14:00:00+00:00
[2026-04-01T03:58:41.194+0000] {processor.py:208} INFO - Processing /opt/airflow/dags/db_and_model_update_dag.py took 0.107 seconds
[2026-04-01T03:59:11.361+0000] {processor.py:186} INFO - Started process (PID=8777) to work on /opt/airflow/dags/db_and_model_update_dag.py
[2026-04-01T03:59:11.362+0000] {processor.py:914} INFO - Processing file /opt/airflow/dags/db_and_model_update_dag.py for tasks to queue
[2026-04-01T03:59:11.368+0000] {logging_mixin.py:190} INFO - [2026-04-01T03:59:11.368+0000] {dagbag.py:588} INFO - Filling up the DagBag from /opt/airflow/dags/db_and_model_update_dag.py
[2026-04-01T03:59:11.389+0000] {processor.py:925} INFO - DAG(s) 'db_and_model_update' retrieved from /opt/airflow/dags/db_and_model_update_dag.py
[2026-04-01T03:59:11.419+0000] {logging_mixin.py:190} INFO - [2026-04-01T03:59:11.419+0000] {dag.py:3239} INFO - Sync 1 DAGs
[2026-04-01T03:59:11.441+0000] {logging_mixin.py:190} INFO - [2026-04-01T03:59:11.441+0000] {dag.py:4180} INFO - Setting next_dagrun for db_and_model_update to 2026-03-30 14:00:00+00:00, run_after=2026-04-06 14:00:00+00:00
[2026-04-01T03:59:11.461+0000] {processor.py:208} INFO - Processing /opt/airflow/dags/db_and_model_update_dag.py took 0.109 seconds
[2026-04-01T03:59:41.645+0000] {processor.py:186} INFO - Started process (PID=8792) to work on /opt/airflow/dags/db_and_model_update_dag.py
[2026-04-01T03:59:41.647+0000] {processor.py:914} INFO - Processing file /opt/airflow/dags/db_and_model_update_dag.py for tasks to queue
[2026-04-01T03:59:41.655+0000] {logging_mixin.py:190} INFO - [2026-04-01T03:59:41.654+0000] {dagbag.py:588} INFO - Filling up the DagBag from /opt/airflow/dags/db_and_model_update_dag.py
[2026-04-01T03:59:41.681+0000] {processor.py:925} INFO - DAG(s) 'db_and_model_update' retrieved from /opt/airflow/dags/db_and_model_update_dag.py
[2026-04-01T03:59:41.714+0000] {logging_mixin.py:190} INFO - [2026-04-01T03:59:41.714+0000] {dag.py:3239} INFO - Sync 1 DAGs
[2026-04-01T03:59:41.739+0000] {logging_mixin.py:190} INFO - [2026-04-01T03:59:41.739+0000] {dag.py:4180} INFO - Setting next_dagrun for db_and_model_update to 2026-03-30 14:00:00+00:00, run_after=2026-04-06 14:00:00+00:00
[2026-04-01T03:59:41.759+0000] {processor.py:208} INFO - Processing /opt/airflow/dags/db_and_model_update_dag.py took 0.122 seconds
[2026-04-01T04:00:11.875+0000] {processor.py:186} INFO - Started process (PID=8800) to work on /opt/airflow/dags/db_and_model_update_dag.py
[2026-04-01T04:00:11.876+0000] {processor.py:914} INFO - Processing file /opt/airflow/dags/db_and_model_update_dag.py for tasks to queue
[2026-04-01T04:00:11.880+0000] {logging_mixin.py:190} INFO - [2026-04-01T04:00:11.879+0000] {dagbag.py:588} INFO - Filling up the DagBag from /opt/airflow/dags/db_and_model_update_dag.py
[2026-04-01T04:00:11.905+0000] {processor.py:925} INFO - DAG(s) 'db_and_model_update' retrieved from /opt/airflow/dags/db_and_model_update_dag.py
[2026-04-01T04:00:11.935+0000] {logging_mixin.py:190} INFO - [2026-04-01T04:00:11.935+0000] {dag.py:3239} INFO - Sync 1 DAGs
[2026-04-01T04:00:11.958+0000] {logging_mixin.py:190} INFO - [2026-04-01T04:00:11.958+0000] {dag.py:4180} INFO - Setting next_dagrun for db_and_model_update to 2026-03-30 14:00:00+00:00, run_after=2026-04-06 14:00:00+00:00
[2026-04-01T04:00:11.982+0000] {processor.py:208} INFO - Processing /opt/airflow/dags/db_and_model_update_dag.py took 0.113 seconds
[2026-04-01T04:00:42.102+0000] {processor.py:186} INFO - Started process (PID=8810) to work on /opt/airflow/dags/db_and_model_update_dag.py
[2026-04-01T04:00:42.103+0000] {processor.py:914} INFO - Processing file /opt/airflow/dags/db_and_model_update_dag.py for tasks to queue
[2026-04-01T04:00:42.106+0000] {logging_mixin.py:190} INFO - [2026-04-01T04:00:42.105+0000] {dagbag.py:588} INFO - Filling up the DagBag from /opt/airflow/dags/db_and_model_update_dag.py
[2026-04-01T04:00:42.131+0000] {processor.py:925} INFO - DAG(s) 'db_and_model_update' retrieved from /opt/airflow/dags/db_and_model_update_dag.py
[2026-04-01T04:00:42.159+0000] {logging_mixin.py:190} INFO - [2026-04-01T04:00:42.159+0000] {dag.py:3239} INFO - Sync 1 DAGs
[2026-04-01T04:00:42.183+0000] {logging_mixin.py:190} INFO - [2026-04-01T04:00:42.182+0000] {dag.py:4180} INFO - Setting next_dagrun for db_and_model_update to 2026-03-30 14:00:00+00:00, run_after=2026-04-06 14:00:00+00:00
[2026-04-01T04:00:42.201+0000] {processor.py:208} INFO - Processing /opt/airflow/dags/db_and_model_update_dag.py took 0.108 seconds
[2026-04-01T04:01:12.275+0000] {processor.py:186} INFO - Started process (PID=8817) to work on /opt/airflow/dags/db_and_model_update_dag.py
[2026-04-01T04:01:12.279+0000] {processor.py:914} INFO - Processing file /opt/airflow/dags/db_and_model_update_dag.py for tasks to queue
[2026-04-01T04:01:12.282+0000] {logging_mixin.py:190} INFO - [2026-04-01T04:01:12.282+0000] {dagbag.py:588} INFO - Filling up the DagBag from /opt/airflow/dags/db_and_model_update_dag.py
[2026-04-01T04:01:12.367+0000] {processor.py:925} INFO - DAG(s) 'db_and_model_update' retrieved from /opt/airflow/dags/db_and_model_update_dag.py
[2026-04-01T04:01:12.402+0000] {logging_mixin.py:190} INFO - [2026-04-01T04:01:12.401+0000] {dag.py:3239} INFO - Sync 1 DAGs
[2026-04-01T04:01:12.430+0000] {logging_mixin.py:190} INFO - [2026-04-01T04:01:12.430+0000] {dag.py:4180} INFO - Setting next_dagrun for db_and_model_update to 2026-03-30 14:00:00+00:00, run_after=2026-04-06 14:00:00+00:00
[2026-04-01T04:01:12.455+0000] {processor.py:208} INFO - Processing /opt/airflow/dags/db_and_model_update_dag.py took 0.191 seconds
[2026-04-01T04:01:42.596+0000] {processor.py:186} INFO - Started process (PID=8827) to work on /opt/airflow/dags/db_and_model_update_dag.py
[2026-04-01T04:01:42.597+0000] {processor.py:914} INFO - Processing file /opt/airflow/dags/db_and_model_update_dag.py for tasks to queue
[2026-04-01T04:01:42.600+0000] {logging_mixin.py:190} INFO - [2026-04-01T04:01:42.600+0000] {dagbag.py:588} INFO - Filling up the DagBag from /opt/airflow/dags/db_and_model_update_dag.py
[2026-04-01T04:01:42.623+0000] {processor.py:925} INFO - DAG(s) 'db_and_model_update' retrieved from /opt/airflow/dags/db_and_model_update_dag.py
[2026-04-01T04:01:42.660+0000] {logging_mixin.py:190} INFO - [2026-04-01T04:01:42.660+0000] {dag.py:3239} INFO - Sync 1 DAGs
[2026-04-01T04:01:42.684+0000] {logging_mixin.py:190} INFO - [2026-04-01T04:01:42.683+0000] {dag.py:4180} INFO - Setting next_dagrun for db_and_model_update to 2026-03-30 14:00:00+00:00, run_after=2026-04-06 14:00:00+00:00
[2026-04-01T04:01:42.703+0000] {processor.py:208} INFO - Processing /opt/airflow/dags/db_and_model_update_dag.py took 0.116 seconds
[2026-04-01T04:02:12.800+0000] {processor.py:186} INFO - Started process (PID=8837) to work on /opt/airflow/dags/db_and_model_update_dag.py
[2026-04-01T04:02:12.802+0000] {processor.py:914} INFO - Processing file /opt/airflow/dags/db_and_model_update_dag.py for tasks to queue
[2026-04-01T04:02:12.804+0000] {logging_mixin.py:190} INFO - [2026-04-01T04:02:12.803+0000] {dagbag.py:588} INFO - Filling up the DagBag from /opt/airflow/dags/db_and_model_update_dag.py
[2026-04-01T04:02:12.824+0000] {processor.py:925} INFO - DAG(s) 'db_and_model_update' retrieved from /opt/airflow/dags/db_and_model_update_dag.py
[2026-04-01T04:02:12.853+0000] {logging_mixin.py:190} INFO - [2026-04-01T04:02:12.853+0000] {dag.py:3239} INFO - Sync 1 DAGs
[2026-04-01T04:02:12.876+0000] {logging_mixin.py:190} INFO - [2026-04-01T04:02:12.876+0000] {dag.py:4180} INFO - Setting next_dagrun for db_and_model_update to 2026-03-30 14:00:00+00:00, run_after=2026-04-06 14:00:00+00:00
[2026-04-01T04:02:12.896+0000] {processor.py:208} INFO - Processing /opt/airflow/dags/db_and_model_update_dag.py took 0.102 seconds
[2026-04-01T04:02:42.986+0000] {processor.py:186} INFO - Started process (PID=8847) to work on /opt/airflow/dags/db_and_model_update_dag.py
[2026-04-01T04:02:42.987+0000] {processor.py:914} INFO - Processing file /opt/airflow/dags/db_and_model_update_dag.py for tasks to queue
[2026-04-01T04:02:42.990+0000] {logging_mixin.py:190} INFO - [2026-04-01T04:02:42.989+0000] {dagbag.py:588} INFO - Filling up the DagBag from /opt/airflow/dags/db_and_model_update_dag.py
[2026-04-01T04:02:43.012+0000] {processor.py:925} INFO - DAG(s) 'db_and_model_update' retrieved from /opt/airflow/dags/db_and_model_update_dag.py
[2026-04-01T04:02:43.045+0000] {logging_mixin.py:190} INFO - [2026-04-01T04:02:43.045+0000] {dag.py:3239} INFO - Sync 1 DAGs
[2026-04-01T04:02:43.069+0000] {logging_mixin.py:190} INFO - [2026-04-01T04:02:43.069+0000] {dag.py:4180} INFO - Setting next_dagrun for db_and_model_update to 2026-03-30 14:00:00+00:00, run_after=2026-04-06 14:00:00+00:00
[2026-04-01T04:02:43.103+0000] {processor.py:208} INFO - Processing /opt/airflow/dags/db_and_model_update_dag.py took 0.127 seconds
[2026-04-01T04:03:13.207+0000] {processor.py:186} INFO - Started process (PID=8857) to work on /opt/airflow/dags/db_and_model_update_dag.py
[2026-04-01T04:03:13.209+0000] {processor.py:914} INFO - Processing file /opt/airflow/dags/db_and_model_update_dag.py for tasks to queue
[2026-04-01T04:03:13.215+0000] {logging_mixin.py:190} INFO - [2026-04-01T04:03:13.215+0000] {dagbag.py:588} INFO - Filling up the DagBag from /opt/airflow/dags/db_and_model_update_dag.py
[2026-04-01T04:03:13.235+0000] {processor.py:925} INFO - DAG(s) 'db_and_model_update' retrieved from /opt/airflow/dags/db_and_model_update_dag.py
[2026-04-01T04:03:13.265+0000] {logging_mixin.py:190} INFO - [2026-04-01T04:03:13.265+0000] {dag.py:3239} INFO - Sync 1 DAGs
[2026-04-01T04:03:13.287+0000] {logging_mixin.py:190} INFO - [2026-04-01T04:03:13.287+0000] {dag.py:4180} INFO - Setting next_dagrun for db_and_model_update to 2026-03-30 14:00:00+00:00, run_after=2026-04-06 14:00:00+00:00
[2026-04-01T04:03:13.306+0000] {processor.py:208} INFO - Processing /opt/airflow/dags/db_and_model_update_dag.py took 0.109 seconds
[2026-04-01T04:03:43.421+0000] {processor.py:186} INFO - Started process (PID=8867) to work on /opt/airflow/dags/db_and_model_update_dag.py
[2026-04-01T04:03:43.422+0000] {processor.py:914} INFO - Processing file /opt/airflow/dags/db_and_model_update_dag.py for tasks to queue
[2026-04-01T04:03:43.424+0000] {logging_mixin.py:190} INFO - [2026-04-01T04:03:43.424+0000] {dagbag.py:588} INFO - Filling up the DagBag from /opt/airflow/dags/db_and_model_update_dag.py
[2026-04-01T04:03:43.444+0000] {processor.py:925} INFO - DAG(s) 'db_and_model_update' retrieved from /opt/airflow/dags/db_and_model_update_dag.py
[2026-04-01T04:03:43.472+0000] {logging_mixin.py:190} INFO - [2026-04-01T04:03:43.471+0000] {dag.py:3239} INFO - Sync 1 DAGs
[2026-04-01T04:03:43.493+0000] {logging_mixin.py:190} INFO - [2026-04-01T04:03:43.492+0000] {dag.py:4180} INFO - Setting next_dagrun for db_and_model_update to 2026-03-30 14:00:00+00:00, run_after=2026-04-06 14:00:00+00:00
[2026-04-01T04:03:43.510+0000] {processor.py:208} INFO - Processing /opt/airflow/dags/db_and_model_update_dag.py took 0.096 seconds
[2026-04-01T04:04:13.651+0000] {processor.py:186} INFO - Started process (PID=8877) to work on /opt/airflow/dags/db_and_model_update_dag.py
[2026-04-01T04:04:13.652+0000] {processor.py:914} INFO - Processing file /opt/airflow/dags/db_and_model_update_dag.py for tasks to queue
[2026-04-01T04:04:13.655+0000] {logging_mixin.py:190} INFO - [2026-04-01T04:04:13.655+0000] {dagbag.py:588} INFO - Filling up the DagBag from /opt/airflow/dags/db_and_model_update_dag.py
[2026-04-01T04:04:13.676+0000] {processor.py:925} INFO - DAG(s) 'db_and_model_update' retrieved from /opt/airflow/dags/db_and_model_update_dag.py
[2026-04-01T04:04:13.716+0000] {logging_mixin.py:190} INFO - [2026-04-01T04:04:13.715+0000] {dag.py:3239} INFO - Sync 1 DAGs
[2026-04-01T04:04:13.737+0000] {logging_mixin.py:190} INFO - [2026-04-01T04:04:13.737+0000] {dag.py:4180} INFO - Setting next_dagrun for db_and_model_update to 2026-03-30 14:00:00+00:00, run_after=2026-04-06 14:00:00+00:00
[2026-04-01T04:04:13.782+0000] {processor.py:208} INFO - Processing /opt/airflow/dags/db_and_model_update_dag.py took 0.140 seconds
[2026-04-01T04:04:43.909+0000] {processor.py:186} INFO - Started process (PID=8887) to work on /opt/airflow/dags/db_and_model_update_dag.py
[2026-04-01T04:04:43.910+0000] {processor.py:914} INFO - Processing file /opt/airflow/dags/db_and_model_update_dag.py for tasks to queue
[2026-04-01T04:04:43.915+0000] {logging_mixin.py:190} INFO - [2026-04-01T04:04:43.914+0000] {dagbag.py:588} INFO - Filling up the DagBag from /opt/airflow/dags/db_and_model_update_dag.py
[2026-04-01T04:04:43.933+0000] {processor.py:925} INFO - DAG(s) 'db_and_model_update' retrieved from /opt/airflow/dags/db_and_model_update_dag.py
[2026-04-01T04:04:43.964+0000] {logging_mixin.py:190} INFO - [2026-04-01T04:04:43.964+0000] {dag.py:3239} INFO - Sync 1 DAGs
[2026-04-01T04:04:43.990+0000] {logging_mixin.py:190} INFO - [2026-04-01T04:04:43.990+0000] {dag.py:4180} INFO - Setting next_dagrun for db_and_model_update to 2026-03-30 14:00:00+00:00, run_after=2026-04-06 14:00:00+00:00
[2026-04-01T04:04:44.008+0000] {processor.py:208} INFO - Processing /opt/airflow/dags/db_and_model_update_dag.py took 0.107 seconds
[2026-04-01T04:05:14.136+0000] {processor.py:186} INFO - Started process (PID=8897) to work on /opt/airflow/dags/db_and_model_update_dag.py
[2026-04-01T04:05:14.137+0000] {processor.py:914} INFO - Processing file /opt/airflow/dags/db_and_model_update_dag.py for tasks to queue
[2026-04-01T04:05:14.141+0000] {logging_mixin.py:190} INFO - [2026-04-01T04:05:14.140+0000] {dagbag.py:588} INFO - Filling up the DagBag from /opt/airflow/dags/db_and_model_update_dag.py
[2026-04-01T04:05:14.163+0000] {processor.py:925} INFO - DAG(s) 'db_and_model_update' retrieved from /opt/airflow/dags/db_and_model_update_dag.py
[2026-04-01T04:05:14.193+0000] {logging_mixin.py:190} INFO - [2026-04-01T04:05:14.193+0000] {dag.py:3239} INFO - Sync 1 DAGs
[2026-04-01T04:05:14.217+0000] {logging_mixin.py:190} INFO - [2026-04-01T04:05:14.217+0000] {dag.py:4180} INFO - Setting next_dagrun for db_and_model_update to 2026-03-30 14:00:00+00:00, run_after=2026-04-06 14:00:00+00:00
[2026-04-01T04:05:14.236+0000] {processor.py:208} INFO - Processing /opt/airflow/dags/db_and_model_update_dag.py took 0.108 seconds
[2026-04-01T04:05:44.374+0000] {processor.py:186} INFO - Started process (PID=8907) to work on /opt/airflow/dags/db_and_model_update_dag.py
[2026-04-01T04:05:44.376+0000] {processor.py:914} INFO - Processing file /opt/airflow/dags/db_and_model_update_dag.py for tasks to queue
[2026-04-01T04:05:44.378+0000] {logging_mixin.py:190} INFO - [2026-04-01T04:05:44.378+0000] {dagbag.py:588} INFO - Filling up the DagBag from /opt/airflow/dags/db_and_model_update_dag.py
[2026-04-01T04:05:44.417+0000] {processor.py:925} INFO - DAG(s) 'db_and_model_update' retrieved from /opt/airflow/dags/db_and_model_update_dag.py
[2026-04-01T04:05:44.448+0000] {logging_mixin.py:190} INFO - [2026-04-01T04:05:44.448+0000] {dag.py:3239} INFO - Sync 1 DAGs
[2026-04-01T04:05:44.471+0000] {logging_mixin.py:190} INFO - [2026-04-01T04:05:44.470+0000] {dag.py:4180} INFO - Setting next_dagrun for db_and_model_update to 2026-03-30 14:00:00+00:00, run_after=2026-04-06 14:00:00+00:00
[2026-04-01T04:05:44.489+0000] {processor.py:208} INFO - Processing /opt/airflow/dags/db_and_model_update_dag.py took 0.125 seconds
[2026-04-01T04:06:14.563+0000] {processor.py:186} INFO - Started process (PID=8917) to work on /opt/airflow/dags/db_and_model_update_dag.py
[2026-04-01T04:06:14.565+0000] {processor.py:914} INFO - Processing file /opt/airflow/dags/db_and_model_update_dag.py for tasks to queue
[2026-04-01T04:06:14.567+0000] {logging_mixin.py:190} INFO - [2026-04-01T04:06:14.567+0000] {dagbag.py:588} INFO - Filling up the DagBag from /opt/airflow/dags/db_and_model_update_dag.py
[2026-04-01T04:06:14.587+0000] {processor.py:925} INFO - DAG(s) 'db_and_model_update' retrieved from /opt/airflow/dags/db_and_model_update_dag.py
[2026-04-01T04:06:14.619+0000] {logging_mixin.py:190} INFO - [2026-04-01T04:06:14.619+0000] {dag.py:3239} INFO - Sync 1 DAGs
[2026-04-01T04:06:14.650+0000] {logging_mixin.py:190} INFO - [2026-04-01T04:06:14.650+0000] {dag.py:4180} INFO - Setting next_dagrun for db_and_model_update to 2026-03-30 14:00:00+00:00, run_after=2026-04-06 14:00:00+00:00
[2026-04-01T04:06:14.670+0000] {processor.py:208} INFO - Processing /opt/airflow/dags/db_and_model_update_dag.py took 0.113 seconds
[2026-04-01T04:06:44.797+0000] {processor.py:186} INFO - Started process (PID=8927) to work on /opt/airflow/dags/db_and_model_update_dag.py
[2026-04-01T04:06:44.798+0000] {processor.py:914} INFO - Processing file /opt/airflow/dags/db_and_model_update_dag.py for tasks to queue
[2026-04-01T04:06:44.801+0000] {logging_mixin.py:190} INFO - [2026-04-01T04:06:44.801+0000] {dagbag.py:588} INFO - Filling up the DagBag from /opt/airflow/dags/db_and_model_update_dag.py
[2026-04-01T04:06:44.828+0000] {processor.py:925} INFO - DAG(s) 'db_and_model_update' retrieved from /opt/airflow/dags/db_and_model_update_dag.py
[2026-04-01T04:06:44.859+0000] {logging_mixin.py:190} INFO - [2026-04-01T04:06:44.859+0000] {dag.py:3239} INFO - Sync 1 DAGs
[2026-04-01T04:06:44.879+0000] {logging_mixin.py:190} INFO - [2026-04-01T04:06:44.879+0000] {dag.py:4180} INFO - Setting next_dagrun for db_and_model_update to 2026-03-30 14:00:00+00:00, run_after=2026-04-06 14:00:00+00:00
[2026-04-01T04:06:44.897+0000] {processor.py:208} INFO - Processing /opt/airflow/dags/db_and_model_update_dag.py took 0.110 seconds
[2026-04-01T04:07:15.028+0000] {processor.py:186} INFO - Started process (PID=8937) to work on /opt/airflow/dags/db_and_model_update_dag.py
[2026-04-01T04:07:15.029+0000] {processor.py:914} INFO - Processing file /opt/airflow/dags/db_and_model_update_dag.py for tasks to queue
[2026-04-01T04:07:15.031+0000] {logging_mixin.py:190} INFO - [2026-04-01T04:07:15.031+0000] {dagbag.py:588} INFO - Filling up the DagBag from /opt/airflow/dags/db_and_model_update_dag.py
[2026-04-01T04:07:15.049+0000] {processor.py:925} INFO - DAG(s) 'db_and_model_update' retrieved from /opt/airflow/dags/db_and_model_update_dag.py
[2026-04-01T04:07:15.075+0000] {logging_mixin.py:190} INFO - [2026-04-01T04:07:15.075+0000] {dag.py:3239} INFO - Sync 1 DAGs
[2026-04-01T04:07:15.095+0000] {logging_mixin.py:190} INFO - [2026-04-01T04:07:15.095+0000] {dag.py:4180} INFO - Setting next_dagrun for db_and_model_update to 2026-03-30 14:00:00+00:00, run_after=2026-04-06 14:00:00+00:00
[2026-04-01T04:07:15.113+0000] {processor.py:208} INFO - Processing /opt/airflow/dags/db_and_model_update_dag.py took 0.090 seconds
[2026-04-01T04:07:45.205+0000] {processor.py:186} INFO - Started process (PID=8947) to work on /opt/airflow/dags/db_and_model_update_dag.py
[2026-04-01T04:07:45.206+0000] {processor.py:914} INFO - Processing file /opt/airflow/dags/db_and_model_update_dag.py for tasks to queue
[2026-04-01T04:07:45.208+0000] {logging_mixin.py:190} INFO - [2026-04-01T04:07:45.208+0000] {dagbag.py:588} INFO - Filling up the DagBag from /opt/airflow/dags/db_and_model_update_dag.py
[2026-04-01T04:07:45.226+0000] {processor.py:925} INFO - DAG(s) 'db_and_model_update' retrieved from /opt/airflow/dags/db_and_model_update_dag.py
[2026-04-01T04:07:45.257+0000] {logging_mixin.py:190} INFO - [2026-04-01T04:07:45.257+0000] {dag.py:3239} INFO - Sync 1 DAGs
[2026-04-01T04:07:45.277+0000] {logging_mixin.py:190} INFO - [2026-04-01T04:07:45.277+0000] {dag.py:4180} INFO - Setting next_dagrun for db_and_model_update to 2026-03-30 14:00:00+00:00, run_after=2026-04-06 14:00:00+00:00
[2026-04-01T04:07:45.294+0000] {processor.py:208} INFO - Processing /opt/airflow/dags/db_and_model_update_dag.py took 0.096 seconds
[2026-04-01T04:08:15.402+0000] {processor.py:186} INFO - Started process (PID=8957) to work on /opt/airflow/dags/db_and_model_update_dag.py
[2026-04-01T04:08:15.403+0000] {processor.py:914} INFO - Processing file /opt/airflow/dags/db_and_model_update_dag.py for tasks to queue
[2026-04-01T04:08:15.406+0000] {logging_mixin.py:190} INFO - [2026-04-01T04:08:15.405+0000] {dagbag.py:588} INFO - Filling up the DagBag from /opt/airflow/dags/db_and_model_update_dag.py
[2026-04-01T04:08:15.427+0000] {processor.py:925} INFO - DAG(s) 'db_and_model_update' retrieved from /opt/airflow/dags/db_and_model_update_dag.py
[2026-04-01T04:08:15.455+0000] {logging_mixin.py:190} INFO - [2026-04-01T04:08:15.455+0000] {dag.py:3239} INFO - Sync 1 DAGs
[2026-04-01T04:08:15.476+0000] {logging_mixin.py:190} INFO - [2026-04-01T04:08:15.475+0000] {dag.py:4180} INFO - Setting next_dagrun for db_and_model_update to 2026-03-30 14:00:00+00:00, run_after=2026-04-06 14:00:00+00:00
[2026-04-01T04:08:15.494+0000] {processor.py:208} INFO - Processing /opt/airflow/dags/db_and_model_update_dag.py took 0.099 seconds
[2026-04-01T04:08:45.661+0000] {processor.py:186} INFO - Started process (PID=8967) to work on /opt/airflow/dags/db_and_model_update_dag.py
[2026-04-01T04:08:45.661+0000] {processor.py:914} INFO - Processing file /opt/airflow/dags/db_and_model_update_dag.py for tasks to queue
[2026-04-01T04:08:45.663+0000] {logging_mixin.py:190} INFO - [2026-04-01T04:08:45.663+0000] {dagbag.py:588} INFO - Filling up the DagBag from /opt/airflow/dags/db_and_model_update_dag.py
[2026-04-01T04:08:45.681+0000] {processor.py:925} INFO - DAG(s) 'db_and_model_update' retrieved from /opt/airflow/dags/db_and_model_update_dag.py
[2026-04-01T04:08:45.707+0000] {logging_mixin.py:190} INFO - [2026-04-01T04:08:45.706+0000] {dag.py:3239} INFO - Sync 1 DAGs
[2026-04-01T04:08:45.728+0000] {logging_mixin.py:190} INFO - [2026-04-01T04:08:45.728+0000] {dag.py:4180} INFO - Setting next_dagrun for db_and_model_update to 2026-03-30 14:00:00+00:00, run_after=2026-04-06 14:00:00+00:00
[2026-04-01T04:08:45.750+0000] {processor.py:208} INFO - Processing /opt/airflow/dags/db_and_model_update_dag.py took 0.097 seconds
[2026-04-01T04:09:15.851+0000] {processor.py:186} INFO - Started process (PID=8977) to work on /opt/airflow/dags/db_and_model_update_dag.py
[2026-04-01T04:09:15.852+0000] {processor.py:914} INFO - Processing file /opt/airflow/dags/db_and_model_update_dag.py for tasks to queue
[2026-04-01T04:09:15.854+0000] {logging_mixin.py:190} INFO - [2026-04-01T04:09:15.854+0000] {dagbag.py:588} INFO - Filling up the DagBag from /opt/airflow/dags/db_and_model_update_dag.py
[2026-04-01T04:09:15.871+0000] {processor.py:925} INFO - DAG(s) 'db_and_model_update' retrieved from /opt/airflow/dags/db_and_model_update_dag.py
[2026-04-01T04:09:15.900+0000] {logging_mixin.py:190} INFO - [2026-04-01T04:09:15.899+0000] {dag.py:3239} INFO - Sync 1 DAGs
[2026-04-01T04:09:15.921+0000] {logging_mixin.py:190} INFO - [2026-04-01T04:09:15.921+0000] {dag.py:4180} INFO - Setting next_dagrun for db_and_model_update to 2026-03-30 14:00:00+00:00, run_after=2026-04-06 14:00:00+00:00
[2026-04-01T04:09:15.939+0000] {processor.py:208} INFO - Processing /opt/airflow/dags/db_and_model_update_dag.py took 0.096 seconds
[2026-04-01T04:09:46.056+0000] {processor.py:186} INFO - Started process (PID=8987) to work on /opt/airflow/dags/db_and_model_update_dag.py
[2026-04-01T04:09:46.057+0000] {processor.py:914} INFO - Processing file /opt/airflow/dags/db_and_model_update_dag.py for tasks to queue
[2026-04-01T04:09:46.060+0000] {logging_mixin.py:190} INFO - [2026-04-01T04:09:46.060+0000] {dagbag.py:588} INFO - Filling up the DagBag from /opt/airflow/dags/db_and_model_update_dag.py
[2026-04-01T04:09:46.082+0000] {processor.py:925} INFO - DAG(s) 'db_and_model_update' retrieved from /opt/airflow/dags/db_and_model_update_dag.py
[2026-04-01T04:09:46.109+0000] {logging_mixin.py:190} INFO - [2026-04-01T04:09:46.109+0000] {dag.py:3239} INFO - Sync 1 DAGs
[2026-04-01T04:09:46.130+0000] {logging_mixin.py:190} INFO - [2026-04-01T04:09:46.129+0000] {dag.py:4180} INFO - Setting next_dagrun for db_and_model_update to 2026-03-30 14:00:00+00:00, run_after=2026-04-06 14:00:00+00:00
[2026-04-01T04:09:46.149+0000] {processor.py:208} INFO - Processing /opt/airflow/dags/db_and_model_update_dag.py took 0.099 seconds
[2026-04-01T04:10:16.222+0000] {processor.py:186} INFO - Started process (PID=8997) to work on /opt/airflow/dags/db_and_model_update_dag.py
[2026-04-01T04:10:16.223+0000] {processor.py:914} INFO - Processing file /opt/airflow/dags/db_and_model_update_dag.py for tasks to queue
[2026-04-01T04:10:16.226+0000] {logging_mixin.py:190} INFO - [2026-04-01T04:10:16.225+0000] {dagbag.py:588} INFO - Filling up the DagBag from /opt/airflow/dags/db_and_model_update_dag.py
[2026-04-01T04:10:16.247+0000] {processor.py:925} INFO - DAG(s) 'db_and_model_update' retrieved from /opt/airflow/dags/db_and_model_update_dag.py
[2026-04-01T04:10:16.282+0000] {logging_mixin.py:190} INFO - [2026-04-01T04:10:16.282+0000] {dag.py:3239} INFO - Sync 1 DAGs
[2026-04-01T04:10:16.305+0000] {logging_mixin.py:190} INFO - [2026-04-01T04:10:16.305+0000] {dag.py:4180} INFO - Setting next_dagrun for db_and_model_update to 2026-03-30 14:00:00+00:00, run_after=2026-04-06 14:00:00+00:00
[2026-04-01T04:10:16.324+0000] {processor.py:208} INFO - Processing /opt/airflow/dags/db_and_model_update_dag.py took 0.111 seconds
[2026-04-01T04:10:46.478+0000] {processor.py:186} INFO - Started process (PID=9007) to work on /opt/airflow/dags/db_and_model_update_dag.py
[2026-04-01T04:10:46.479+0000] {processor.py:914} INFO - Processing file /opt/airflow/dags/db_and_model_update_dag.py for tasks to queue
[2026-04-01T04:10:46.481+0000] {logging_mixin.py:190} INFO - [2026-04-01T04:10:46.481+0000] {dagbag.py:588} INFO - Filling up the DagBag from /opt/airflow/dags/db_and_model_update_dag.py
[2026-04-01T04:10:46.502+0000] {processor.py:925} INFO - DAG(s) 'db_and_model_update' retrieved from /opt/airflow/dags/db_and_model_update_dag.py
[2026-04-01T04:10:46.531+0000] {logging_mixin.py:190} INFO - [2026-04-01T04:10:46.530+0000] {dag.py:3239} INFO - Sync 1 DAGs
[2026-04-01T04:10:46.552+0000] {logging_mixin.py:190} INFO - [2026-04-01T04:10:46.552+0000] {dag.py:4180} INFO - Setting next_dagrun for db_and_model_update to 2026-03-30 14:00:00+00:00, run_after=2026-04-06 14:00:00+00:00
[2026-04-01T04:10:46.569+0000] {processor.py:208} INFO - Processing /opt/airflow/dags/db_and_model_update_dag.py took 0.099 seconds
[2026-04-01T04:11:16.716+0000] {processor.py:186} INFO - Started process (PID=9017) to work on /opt/airflow/dags/db_and_model_update_dag.py
[2026-04-01T04:11:16.717+0000] {processor.py:914} INFO - Processing file /opt/airflow/dags/db_and_model_update_dag.py for tasks to queue
[2026-04-01T04:11:16.720+0000] {logging_mixin.py:190} INFO - [2026-04-01T04:11:16.719+0000] {dagbag.py:588} INFO - Filling up the DagBag from /opt/airflow/dags/db_and_model_update_dag.py
[2026-04-01T04:11:16.742+0000] {processor.py:925} INFO - DAG(s) 'db_and_model_update' retrieved from /opt/airflow/dags/db_and_model_update_dag.py
[2026-04-01T04:11:16.773+0000] {logging_mixin.py:190} INFO - [2026-04-01T04:11:16.772+0000] {dag.py:3239} INFO - Sync 1 DAGs
[2026-04-01T04:11:16.796+0000] {logging_mixin.py:190} INFO - [2026-04-01T04:11:16.796+0000] {dag.py:4180} INFO - Setting next_dagrun for db_and_model_update to 2026-03-30 14:00:00+00:00, run_after=2026-04-06 14:00:00+00:00
[2026-04-01T04:11:16.814+0000] {processor.py:208} INFO - Processing /opt/airflow/dags/db_and_model_update_dag.py took 0.106 seconds
[2026-04-01T04:11:46.967+0000] {processor.py:186} INFO - Started process (PID=9027) to work on /opt/airflow/dags/db_and_model_update_dag.py
[2026-04-01T04:11:46.968+0000] {processor.py:914} INFO - Processing file /opt/airflow/dags/db_and_model_update_dag.py for tasks to queue
[2026-04-01T04:11:46.970+0000] {logging_mixin.py:190} INFO - [2026-04-01T04:11:46.970+0000] {dagbag.py:588} INFO - Filling up the DagBag from /opt/airflow/dags/db_and_model_update_dag.py
[2026-04-01T04:11:46.990+0000] {processor.py:925} INFO - DAG(s) 'db_and_model_update' retrieved from /opt/airflow/dags/db_and_model_update_dag.py
[2026-04-01T04:11:47.020+0000] {logging_mixin.py:190} INFO - [2026-04-01T04:11:47.020+0000] {dag.py:3239} INFO - Sync 1 DAGs
[2026-04-01T04:11:47.045+0000] {logging_mixin.py:190} INFO - [2026-04-01T04:11:47.045+0000] {dag.py:4180} INFO - Setting next_dagrun for db_and_model_update to 2026-03-30 14:00:00+00:00, run_after=2026-04-06 14:00:00+00:00
[2026-04-01T04:11:47.065+0000] {processor.py:208} INFO - Processing /opt/airflow/dags/db_and_model_update_dag.py took 0.108 seconds
[2026-04-01T04:12:17.177+0000] {processor.py:186} INFO - Started process (PID=9037) to work on /opt/airflow/dags/db_and_model_update_dag.py
[2026-04-01T04:12:17.179+0000] {processor.py:914} INFO - Processing file /opt/airflow/dags/db_and_model_update_dag.py for tasks to queue
[2026-04-01T04:12:17.183+0000] {logging_mixin.py:190} INFO - [2026-04-01T04:12:17.182+0000] {dagbag.py:588} INFO - Filling up the DagBag from /opt/airflow/dags/db_and_model_update_dag.py
[2026-04-01T04:12:17.204+0000] {processor.py:925} INFO - DAG(s) 'db_and_model_update' retrieved from /opt/airflow/dags/db_and_model_update_dag.py
[2026-04-01T04:12:17.238+0000] {logging_mixin.py:190} INFO - [2026-04-01T04:12:17.238+0000] {dag.py:3239} INFO - Sync 1 DAGs
[2026-04-01T04:12:17.261+0000] {logging_mixin.py:190} INFO - [2026-04-01T04:12:17.261+0000] {dag.py:4180} INFO - Setting next_dagrun for db_and_model_update to 2026-03-30 14:00:00+00:00, run_after=2026-04-06 14:00:00+00:00
[2026-04-01T04:12:17.280+0000] {processor.py:208} INFO - Processing /opt/airflow/dags/db_and_model_update_dag.py took 0.113 seconds
[2026-04-01T04:12:47.417+0000] {processor.py:186} INFO - Started process (PID=9047) to work on /opt/airflow/dags/db_and_model_update_dag.py
[2026-04-01T04:12:47.418+0000] {processor.py:914} INFO - Processing file /opt/airflow/dags/db_and_model_update_dag.py for tasks to queue
[2026-04-01T04:12:47.422+0000] {logging_mixin.py:190} INFO - [2026-04-01T04:12:47.422+0000] {dagbag.py:588} INFO - Filling up the DagBag from /opt/airflow/dags/db_and_model_update_dag.py
[2026-04-01T04:12:47.442+0000] {processor.py:925} INFO - DAG(s) 'db_and_model_update' retrieved from /opt/airflow/dags/db_and_model_update_dag.py
[2026-04-01T04:12:47.471+0000] {logging_mixin.py:190} INFO - [2026-04-01T04:12:47.471+0000] {dag.py:3239} INFO - Sync 1 DAGs
[2026-04-01T04:12:47.495+0000] {logging_mixin.py:190} INFO - [2026-04-01T04:12:47.494+0000] {dag.py:4180} INFO - Setting next_dagrun for db_and_model_update to 2026-03-30 14:00:00+00:00, run_after=2026-04-06 14:00:00+00:00
[2026-04-01T04:12:47.516+0000] {processor.py:208} INFO - Processing /opt/airflow/dags/db_and_model_update_dag.py took 0.108 seconds
[2026-04-01T04:13:17.660+0000] {processor.py:186} INFO - Started process (PID=9057) to work on /opt/airflow/dags/db_and_model_update_dag.py
[2026-04-01T04:13:17.662+0000] {processor.py:914} INFO - Processing file /opt/airflow/dags/db_and_model_update_dag.py for tasks to queue
[2026-04-01T04:13:17.664+0000] {logging_mixin.py:190} INFO - [2026-04-01T04:13:17.663+0000] {dagbag.py:588} INFO - Filling up the DagBag from /opt/airflow/dags/db_and_model_update_dag.py
[2026-04-01T04:13:17.680+0000] {processor.py:925} INFO - DAG(s) 'db_and_model_update' retrieved from /opt/airflow/dags/db_and_model_update_dag.py
[2026-04-01T04:13:17.706+0000] {logging_mixin.py:190} INFO - [2026-04-01T04:13:17.706+0000] {dag.py:3239} INFO - Sync 1 DAGs
[2026-04-01T04:13:17.729+0000] {logging_mixin.py:190} INFO - [2026-04-01T04:13:17.729+0000] {dag.py:4180} INFO - Setting next_dagrun for db_and_model_update to 2026-03-30 14:00:00+00:00, run_after=2026-04-06 14:00:00+00:00
[2026-04-01T04:13:17.748+0000] {processor.py:208} INFO - Processing /opt/airflow/dags/db_and_model_update_dag.py took 0.093 seconds
[2026-04-01T04:13:47.836+0000] {processor.py:186} INFO - Started process (PID=9067) to work on /opt/airflow/dags/db_and_model_update_dag.py
[2026-04-01T04:13:47.843+0000] {processor.py:914} INFO - Processing file /opt/airflow/dags/db_and_model_update_dag.py for tasks to queue
[2026-04-01T04:13:47.846+0000] {logging_mixin.py:190} INFO - [2026-04-01T04:13:47.845+0000] {dagbag.py:588} INFO - Filling up the DagBag from /opt/airflow/dags/db_and_model_update_dag.py
[2026-04-01T04:13:47.865+0000] {processor.py:925} INFO - DAG(s) 'db_and_model_update' retrieved from /opt/airflow/dags/db_and_model_update_dag.py
[2026-04-01T04:13:47.896+0000] {logging_mixin.py:190} INFO - [2026-04-01T04:13:47.895+0000] {dag.py:3239} INFO - Sync 1 DAGs
[2026-04-01T04:13:47.917+0000] {logging_mixin.py:190} INFO - [2026-04-01T04:13:47.916+0000] {dag.py:4180} INFO - Setting next_dagrun for db_and_model_update to 2026-03-30 14:00:00+00:00, run_after=2026-04-06 14:00:00+00:00
[2026-04-01T04:13:47.937+0000] {processor.py:208} INFO - Processing /opt/airflow/dags/db_and_model_update_dag.py took 0.108 seconds
[2026-04-01T04:14:18.107+0000] {processor.py:186} INFO - Started process (PID=9077) to work on /opt/airflow/dags/db_and_model_update_dag.py
[2026-04-01T04:14:18.108+0000] {processor.py:914} INFO - Processing file /opt/airflow/dags/db_and_model_update_dag.py for tasks to queue
[2026-04-01T04:14:18.111+0000] {logging_mixin.py:190} INFO - [2026-04-01T04:14:18.110+0000] {dagbag.py:588} INFO - Filling up the DagBag from /opt/airflow/dags/db_and_model_update_dag.py
[2026-04-01T04:14:18.130+0000] {processor.py:925} INFO - DAG(s) 'db_and_model_update' retrieved from /opt/airflow/dags/db_and_model_update_dag.py
[2026-04-01T04:14:18.167+0000] {logging_mixin.py:190} INFO - [2026-04-01T04:14:18.166+0000] {dag.py:3239} INFO - Sync 1 DAGs
[2026-04-01T04:14:18.192+0000] {logging_mixin.py:190} INFO - [2026-04-01T04:14:18.192+0000] {dag.py:4180} INFO - Setting next_dagrun for db_and_model_update to 2026-03-30 14:00:00+00:00, run_after=2026-04-06 14:00:00+00:00
[2026-04-01T04:14:18.224+0000] {processor.py:208} INFO - Processing /opt/airflow/dags/db_and_model_update_dag.py took 0.123 seconds
[2026-04-01T04:14:48.377+0000] {processor.py:186} INFO - Started process (PID=9087) to work on /opt/airflow/dags/db_and_model_update_dag.py
[2026-04-01T04:14:48.378+0000] {processor.py:914} INFO - Processing file /opt/airflow/dags/db_and_model_update_dag.py for tasks to queue
[2026-04-01T04:14:48.380+0000] {logging_mixin.py:190} INFO - [2026-04-01T04:14:48.380+0000] {dagbag.py:588} INFO - Filling up the DagBag from /opt/airflow/dags/db_and_model_update_dag.py
[2026-04-01T04:14:48.397+0000] {processor.py:925} INFO - DAG(s) 'db_and_model_update' retrieved from /opt/airflow/dags/db_and_model_update_dag.py
[2026-04-01T04:14:48.424+0000] {logging_mixin.py:190} INFO - [2026-04-01T04:14:48.424+0000] {dag.py:3239} INFO - Sync 1 DAGs
[2026-04-01T04:14:48.446+0000] {logging_mixin.py:190} INFO - [2026-04-01T04:14:48.446+0000] {dag.py:4180} INFO - Setting next_dagrun for db_and_model_update to 2026-03-30 14:00:00+00:00, run_after=2026-04-06 14:00:00+00:00
[2026-04-01T04:14:48.464+0000] {processor.py:208} INFO - Processing /opt/airflow/dags/db_and_model_update_dag.py took 0.093 seconds
[2026-04-01T04:15:18.687+0000] {processor.py:186} INFO - Started process (PID=9097) to work on /opt/airflow/dags/db_and_model_update_dag.py
[2026-04-01T04:15:18.688+0000] {processor.py:914} INFO - Processing file /opt/airflow/dags/db_and_model_update_dag.py for tasks to queue
[2026-04-01T04:15:18.690+0000] {logging_mixin.py:190} INFO - [2026-04-01T04:15:18.690+0000] {dagbag.py:588} INFO - Filling up the DagBag from /opt/airflow/dags/db_and_model_update_dag.py
[2026-04-01T04:15:18.709+0000] {processor.py:925} INFO - DAG(s) 'db_and_model_update' retrieved from /opt/airflow/dags/db_and_model_update_dag.py
[2026-04-01T04:15:18.745+0000] {logging_mixin.py:190} INFO - [2026-04-01T04:15:18.745+0000] {dag.py:3239} INFO - Sync 1 DAGs
[2026-04-01T04:15:18.770+0000] {logging_mixin.py:190} INFO - [2026-04-01T04:15:18.769+0000] {dag.py:4180} INFO - Setting next_dagrun for db_and_model_update to 2026-03-30 14:00:00+00:00, run_after=2026-04-06 14:00:00+00:00
[2026-04-01T04:15:18.805+0000] {processor.py:208} INFO - Processing /opt/airflow/dags/db_and_model_update_dag.py took 0.126 seconds
[2026-04-01T04:15:48.898+0000] {processor.py:186} INFO - Started process (PID=9107) to work on /opt/airflow/dags/db_and_model_update_dag.py
[2026-04-01T04:15:48.899+0000] {processor.py:914} INFO - Processing file /opt/airflow/dags/db_and_model_update_dag.py for tasks to queue
[2026-04-01T04:15:48.901+0000] {logging_mixin.py:190} INFO - [2026-04-01T04:15:48.901+0000] {dagbag.py:588} INFO - Filling up the DagBag from /opt/airflow/dags/db_and_model_update_dag.py
[2026-04-01T04:15:48.922+0000] {processor.py:925} INFO - DAG(s) 'db_and_model_update' retrieved from /opt/airflow/dags/db_and_model_update_dag.py
[2026-04-01T04:15:48.952+0000] {logging_mixin.py:190} INFO - [2026-04-01T04:15:48.952+0000] {dag.py:3239} INFO - Sync 1 DAGs
[2026-04-01T04:15:48.977+0000] {logging_mixin.py:190} INFO - [2026-04-01T04:15:48.976+0000] {dag.py:4180} INFO - Setting next_dagrun for db_and_model_update to 2026-03-30 14:00:00+00:00, run_after=2026-04-06 14:00:00+00:00
[2026-04-01T04:15:48.995+0000] {processor.py:208} INFO - Processing /opt/airflow/dags/db_and_model_update_dag.py took 0.105 seconds
[2026-04-01T04:16:19.154+0000] {processor.py:186} INFO - Started process (PID=9117) to work on /opt/airflow/dags/db_and_model_update_dag.py
[2026-04-01T04:16:19.155+0000] {processor.py:914} INFO - Processing file /opt/airflow/dags/db_and_model_update_dag.py for tasks to queue
[2026-04-01T04:16:19.157+0000] {logging_mixin.py:190} INFO - [2026-04-01T04:16:19.157+0000] {dagbag.py:588} INFO - Filling up the DagBag from /opt/airflow/dags/db_and_model_update_dag.py
[2026-04-01T04:16:19.175+0000] {processor.py:925} INFO - DAG(s) 'db_and_model_update' retrieved from /opt/airflow/dags/db_and_model_update_dag.py
[2026-04-01T04:16:19.204+0000] {logging_mixin.py:190} INFO - [2026-04-01T04:16:19.204+0000] {dag.py:3239} INFO - Sync 1 DAGs
[2026-04-01T04:16:19.233+0000] {logging_mixin.py:190} INFO - [2026-04-01T04:16:19.233+0000] {dag.py:4180} INFO - Setting next_dagrun for db_and_model_update to 2026-03-30 14:00:00+00:00, run_after=2026-04-06 14:00:00+00:00
[2026-04-01T04:16:19.257+0000] {processor.py:208} INFO - Processing /opt/airflow/dags/db_and_model_update_dag.py took 0.111 seconds
[2026-04-01T04:16:49.359+0000] {processor.py:186} INFO - Started process (PID=9127) to work on /opt/airflow/dags/db_and_model_update_dag.py
[2026-04-01T04:16:49.360+0000] {processor.py:914} INFO - Processing file /opt/airflow/dags/db_and_model_update_dag.py for tasks to queue
[2026-04-01T04:16:49.363+0000] {logging_mixin.py:190} INFO - [2026-04-01T04:16:49.362+0000] {dagbag.py:588} INFO - Filling up the DagBag from /opt/airflow/dags/db_and_model_update_dag.py
[2026-04-01T04:16:49.391+0000] {processor.py:925} INFO - DAG(s) 'db_and_model_update' retrieved from /opt/airflow/dags/db_and_model_update_dag.py
[2026-04-01T04:16:49.420+0000] {logging_mixin.py:190} INFO - [2026-04-01T04:16:49.420+0000] {dag.py:3239} INFO - Sync 1 DAGs
[2026-04-01T04:16:49.441+0000] {logging_mixin.py:190} INFO - [2026-04-01T04:16:49.441+0000] {dag.py:4180} INFO - Setting next_dagrun for db_and_model_update to 2026-03-30 14:00:00+00:00, run_after=2026-04-06 14:00:00+00:00
[2026-04-01T04:16:49.465+0000] {processor.py:208} INFO - Processing /opt/airflow/dags/db_and_model_update_dag.py took 0.113 seconds
[2026-04-01T04:17:19.619+0000] {processor.py:186} INFO - Started process (PID=9137) to work on /opt/airflow/dags/db_and_model_update_dag.py
[2026-04-01T04:17:19.620+0000] {processor.py:914} INFO - Processing file /opt/airflow/dags/db_and_model_update_dag.py for tasks to queue
[2026-04-01T04:17:19.623+0000] {logging_mixin.py:190} INFO - [2026-04-01T04:17:19.622+0000] {dagbag.py:588} INFO - Filling up the DagBag from /opt/airflow/dags/db_and_model_update_dag.py
[2026-04-01T04:17:19.645+0000] {processor.py:925} INFO - DAG(s) 'db_and_model_update' retrieved from /opt/airflow/dags/db_and_model_update_dag.py
[2026-04-01T04:17:19.676+0000] {logging_mixin.py:190} INFO - [2026-04-01T04:17:19.676+0000] {dag.py:3239} INFO - Sync 1 DAGs
[2026-04-01T04:17:19.698+0000] {logging_mixin.py:190} INFO - [2026-04-01T04:17:19.697+0000] {dag.py:4180} INFO - Setting next_dagrun for db_and_model_update to 2026-03-30 14:00:00+00:00, run_after=2026-04-06 14:00:00+00:00
[2026-04-01T04:17:19.719+0000] {processor.py:208} INFO - Processing /opt/airflow/dags/db_and_model_update_dag.py took 0.108 seconds
[2026-04-01T04:17:49.802+0000] {processor.py:186} INFO - Started process (PID=9147) to work on /opt/airflow/dags/db_and_model_update_dag.py
[2026-04-01T04:17:49.804+0000] {processor.py:914} INFO - Processing file /opt/airflow/dags/db_and_model_update_dag.py for tasks to queue
[2026-04-01T04:17:49.807+0000] {logging_mixin.py:190} INFO - [2026-04-01T04:17:49.807+0000] {dagbag.py:588} INFO - Filling up the DagBag from /opt/airflow/dags/db_and_model_update_dag.py
[2026-04-01T04:17:49.829+0000] {processor.py:925} INFO - DAG(s) 'db_and_model_update' retrieved from /opt/airflow/dags/db_and_model_update_dag.py
[2026-04-01T04:17:49.859+0000] {logging_mixin.py:190} INFO - [2026-04-01T04:17:49.859+0000] {dag.py:3239} INFO - Sync 1 DAGs
[2026-04-01T04:17:49.881+0000] {logging_mixin.py:190} INFO - [2026-04-01T04:17:49.881+0000] {dag.py:4180} INFO - Setting next_dagrun for db_and_model_update to 2026-03-30 14:00:00+00:00, run_after=2026-04-06 14:00:00+00:00
[2026-04-01T04:17:49.905+0000] {processor.py:208} INFO - Processing /opt/airflow/dags/db_and_model_update_dag.py took 0.112 seconds
[2026-04-01T04:18:20.079+0000] {processor.py:186} INFO - Started process (PID=9157) to work on /opt/airflow/dags/db_and_model_update_dag.py
[2026-04-01T04:18:20.080+0000] {processor.py:914} INFO - Processing file /opt/airflow/dags/db_and_model_update_dag.py for tasks to queue
[2026-04-01T04:18:20.083+0000] {logging_mixin.py:190} INFO - [2026-04-01T04:18:20.083+0000] {dagbag.py:588} INFO - Filling up the DagBag from /opt/airflow/dags/db_and_model_update_dag.py
[2026-04-01T04:18:20.106+0000] {processor.py:925} INFO - DAG(s) 'db_and_model_update' retrieved from /opt/airflow/dags/db_and_model_update_dag.py
[2026-04-01T04:18:20.136+0000] {logging_mixin.py:190} INFO - [2026-04-01T04:18:20.135+0000] {dag.py:3239} INFO - Sync 1 DAGs
[2026-04-01T04:18:20.160+0000] {logging_mixin.py:190} INFO - [2026-04-01T04:18:20.160+0000] {dag.py:4180} INFO - Setting next_dagrun for db_and_model_update to 2026-03-30 14:00:00+00:00, run_after=2026-04-06 14:00:00+00:00
[2026-04-01T04:18:20.178+0000] {processor.py:208} INFO - Processing /opt/airflow/dags/db_and_model_update_dag.py took 0.113 seconds
[2026-04-01T04:18:50.303+0000] {processor.py:186} INFO - Started process (PID=9167) to work on /opt/airflow/dags/db_and_model_update_dag.py
[2026-04-01T04:18:50.304+0000] {processor.py:914} INFO - Processing file /opt/airflow/dags/db_and_model_update_dag.py for tasks to queue
[2026-04-01T04:18:50.307+0000] {logging_mixin.py:190} INFO - [2026-04-01T04:18:50.307+0000] {dagbag.py:588} INFO - Filling up the DagBag from /opt/airflow/dags/db_and_model_update_dag.py
[2026-04-01T04:18:50.328+0000] {processor.py:925} INFO - DAG(s) 'db_and_model_update' retrieved from /opt/airflow/dags/db_and_model_update_dag.py
[2026-04-01T04:18:50.361+0000] {logging_mixin.py:190} INFO - [2026-04-01T04:18:50.360+0000] {dag.py:3239} INFO - Sync 1 DAGs
[2026-04-01T04:18:50.384+0000] {logging_mixin.py:190} INFO - [2026-04-01T04:18:50.384+0000] {dag.py:4180} INFO - Setting next_dagrun for db_and_model_update to 2026-03-30 14:00:00+00:00, run_after=2026-04-06 14:00:00+00:00
[2026-04-01T04:18:50.401+0000] {processor.py:208} INFO - Processing /opt/airflow/dags/db_and_model_update_dag.py took 0.105 seconds
[2026-04-01T04:19:20.527+0000] {processor.py:186} INFO - Started process (PID=9177) to work on /opt/airflow/dags/db_and_model_update_dag.py
[2026-04-01T04:19:20.528+0000] {processor.py:914} INFO - Processing file /opt/airflow/dags/db_and_model_update_dag.py for tasks to queue
[2026-04-01T04:19:20.531+0000] {logging_mixin.py:190} INFO - [2026-04-01T04:19:20.530+0000] {dagbag.py:588} INFO - Filling up the DagBag from /opt/airflow/dags/db_and_model_update_dag.py
[2026-04-01T04:19:20.554+0000] {processor.py:925} INFO - DAG(s) 'db_and_model_update' retrieved from /opt/airflow/dags/db_and_model_update_dag.py
[2026-04-01T04:19:20.582+0000] {logging_mixin.py:190} INFO - [2026-04-01T04:19:20.582+0000] {dag.py:3239} INFO - Sync 1 DAGs
[2026-04-01T04:19:20.605+0000] {logging_mixin.py:190} INFO - [2026-04-01T04:19:20.604+0000] {dag.py:4180} INFO - Setting next_dagrun for db_and_model_update to 2026-03-30 14:00:00+00:00, run_after=2026-04-06 14:00:00+00:00
[2026-04-01T04:19:20.623+0000] {processor.py:208} INFO - Processing /opt/airflow/dags/db_and_model_update_dag.py took 0.103 seconds
[2026-04-01T04:19:50.735+0000] {processor.py:186} INFO - Started process (PID=9187) to work on /opt/airflow/dags/db_and_model_update_dag.py
[2026-04-01T04:19:50.736+0000] {processor.py:914} INFO - Processing file /opt/airflow/dags/db_and_model_update_dag.py for tasks to queue
[2026-04-01T04:19:50.740+0000] {logging_mixin.py:190} INFO - [2026-04-01T04:19:50.740+0000] {dagbag.py:588} INFO - Filling up the DagBag from /opt/airflow/dags/db_and_model_update_dag.py
[2026-04-01T04:19:50.768+0000] {processor.py:925} INFO - DAG(s) 'db_and_model_update' retrieved from /opt/airflow/dags/db_and_model_update_dag.py
[2026-04-01T04:19:50.805+0000] {logging_mixin.py:190} INFO - [2026-04-01T04:19:50.804+0000] {dag.py:3239} INFO - Sync 1 DAGs
[2026-04-01T04:19:50.832+0000] {logging_mixin.py:190} INFO - [2026-04-01T04:19:50.832+0000] {dag.py:4180} INFO - Setting next_dagrun for db_and_model_update to 2026-03-30 14:00:00+00:00, run_after=2026-04-06 14:00:00+00:00
[2026-04-01T04:19:50.855+0000] {processor.py:208} INFO - Processing /opt/airflow/dags/db_and_model_update_dag.py took 0.129 seconds
[2026-04-01T04:20:20.982+0000] {processor.py:186} INFO - Started process (PID=9197) to work on /opt/airflow/dags/db_and_model_update_dag.py
[2026-04-01T04:20:20.983+0000] {processor.py:914} INFO - Processing file /opt/airflow/dags/db_and_model_update_dag.py for tasks to queue
[2026-04-01T04:20:20.985+0000] {logging_mixin.py:190} INFO - [2026-04-01T04:20:20.985+0000] {dagbag.py:588} INFO - Filling up the DagBag from /opt/airflow/dags/db_and_model_update_dag.py
[2026-04-01T04:20:21.002+0000] {processor.py:925} INFO - DAG(s) 'db_and_model_update' retrieved from /opt/airflow/dags/db_and_model_update_dag.py
[2026-04-01T04:20:21.038+0000] {logging_mixin.py:190} INFO - [2026-04-01T04:20:21.038+0000] {dag.py:3239} INFO - Sync 1 DAGs
[2026-04-01T04:20:21.061+0000] {logging_mixin.py:190} INFO - [2026-04-01T04:20:21.061+0000] {dag.py:4180} INFO - Setting next_dagrun for db_and_model_update to 2026-03-30 14:00:00+00:00, run_after=2026-04-06 14:00:00+00:00
[2026-04-01T04:20:21.082+0000] {processor.py:208} INFO - Processing /opt/airflow/dags/db_and_model_update_dag.py took 0.106 seconds
[2026-04-01T04:20:51.193+0000] {processor.py:186} INFO - Started process (PID=9207) to work on /opt/airflow/dags/db_and_model_update_dag.py
[2026-04-01T04:20:51.194+0000] {processor.py:914} INFO - Processing file /opt/airflow/dags/db_and_model_update_dag.py for tasks to queue
[2026-04-01T04:20:51.197+0000] {logging_mixin.py:190} INFO - [2026-04-01T04:20:51.197+0000] {dagbag.py:588} INFO - Filling up the DagBag from /opt/airflow/dags/db_and_model_update_dag.py
[2026-04-01T04:20:51.222+0000] {processor.py:925} INFO - DAG(s) 'db_and_model_update' retrieved from /opt/airflow/dags/db_and_model_update_dag.py
[2026-04-01T04:20:51.258+0000] {logging_mixin.py:190} INFO - [2026-04-01T04:20:51.258+0000] {dag.py:3239} INFO - Sync 1 DAGs
[2026-04-01T04:20:51.288+0000] {logging_mixin.py:190} INFO - [2026-04-01T04:20:51.287+0000] {dag.py:4180} INFO - Setting next_dagrun for db_and_model_update to 2026-03-30 14:00:00+00:00, run_after=2026-04-06 14:00:00+00:00
[2026-04-01T04:20:51.316+0000] {processor.py:208} INFO - Processing /opt/airflow/dags/db_and_model_update_dag.py took 0.132 seconds
[2026-04-01T04:21:21.424+0000] {processor.py:186} INFO - Started process (PID=9217) to work on /opt/airflow/dags/db_and_model_update_dag.py
[2026-04-01T04:21:21.425+0000] {processor.py:914} INFO - Processing file /opt/airflow/dags/db_and_model_update_dag.py for tasks to queue
[2026-04-01T04:21:21.428+0000] {logging_mixin.py:190} INFO - [2026-04-01T04:21:21.427+0000] {dagbag.py:588} INFO - Filling up the DagBag from /opt/airflow/dags/db_and_model_update_dag.py
[2026-04-01T04:21:21.447+0000] {processor.py:925} INFO - DAG(s) 'db_and_model_update' retrieved from /opt/airflow/dags/db_and_model_update_dag.py
[2026-04-01T04:21:21.475+0000] {logging_mixin.py:190} INFO - [2026-04-01T04:21:21.475+0000] {dag.py:3239} INFO - Sync 1 DAGs
[2026-04-01T04:21:21.500+0000] {logging_mixin.py:190} INFO - [2026-04-01T04:21:21.500+0000] {dag.py:4180} INFO - Setting next_dagrun for db_and_model_update to 2026-03-30 14:00:00+00:00, run_after=2026-04-06 14:00:00+00:00
[2026-04-01T04:21:21.519+0000] {processor.py:208} INFO - Processing /opt/airflow/dags/db_and_model_update_dag.py took 0.104 seconds
[2026-04-01T04:21:51.634+0000] {processor.py:186} INFO - Started process (PID=9227) to work on /opt/airflow/dags/db_and_model_update_dag.py
[2026-04-01T04:21:51.635+0000] {processor.py:914} INFO - Processing file /opt/airflow/dags/db_and_model_update_dag.py for tasks to queue
[2026-04-01T04:21:51.637+0000] {logging_mixin.py:190} INFO - [2026-04-01T04:21:51.637+0000] {dagbag.py:588} INFO - Filling up the DagBag from /opt/airflow/dags/db_and_model_update_dag.py
[2026-04-01T04:21:51.661+0000] {processor.py:925} INFO - DAG(s) 'db_and_model_update' retrieved from /opt/airflow/dags/db_and_model_update_dag.py
[2026-04-01T04:21:51.692+0000] {logging_mixin.py:190} INFO - [2026-04-01T04:21:51.692+0000] {dag.py:3239} INFO - Sync 1 DAGs
[2026-04-01T04:21:51.716+0000] {logging_mixin.py:190} INFO - [2026-04-01T04:21:51.715+0000] {dag.py:4180} INFO - Setting next_dagrun for db_and_model_update to 2026-03-30 14:00:00+00:00, run_after=2026-04-06 14:00:00+00:00
[2026-04-01T04:21:51.737+0000] {processor.py:208} INFO - Processing /opt/airflow/dags/db_and_model_update_dag.py took 0.111 seconds
[2026-04-01T04:22:21.829+0000] {processor.py:186} INFO - Started process (PID=9237) to work on /opt/airflow/dags/db_and_model_update_dag.py
[2026-04-01T04:22:21.830+0000] {processor.py:914} INFO - Processing file /opt/airflow/dags/db_and_model_update_dag.py for tasks to queue
[2026-04-01T04:22:21.834+0000] {logging_mixin.py:190} INFO - [2026-04-01T04:22:21.833+0000] {dagbag.py:588} INFO - Filling up the DagBag from /opt/airflow/dags/db_and_model_update_dag.py
[2026-04-01T04:22:21.854+0000] {processor.py:925} INFO - DAG(s) 'db_and_model_update' retrieved from /opt/airflow/dags/db_and_model_update_dag.py
[2026-04-01T04:22:21.891+0000] {logging_mixin.py:190} INFO - [2026-04-01T04:22:21.891+0000] {dag.py:3239} INFO - Sync 1 DAGs
[2026-04-01T04:22:21.916+0000] {logging_mixin.py:190} INFO - [2026-04-01T04:22:21.916+0000] {dag.py:4180} INFO - Setting next_dagrun for db_and_model_update to 2026-03-30 14:00:00+00:00, run_after=2026-04-06 14:00:00+00:00
[2026-04-01T04:22:21.950+0000] {processor.py:208} INFO - Processing /opt/airflow/dags/db_and_model_update_dag.py took 0.130 seconds
[2026-04-01T04:22:52.078+0000] {processor.py:186} INFO - Started process (PID=9247) to work on /opt/airflow/dags/db_and_model_update_dag.py
[2026-04-01T04:22:52.079+0000] {processor.py:914} INFO - Processing file /opt/airflow/dags/db_and_model_update_dag.py for tasks to queue
[2026-04-01T04:22:52.082+0000] {logging_mixin.py:190} INFO - [2026-04-01T04:22:52.082+0000] {dagbag.py:588} INFO - Filling up the DagBag from /opt/airflow/dags/db_and_model_update_dag.py
[2026-04-01T04:22:52.099+0000] {processor.py:925} INFO - DAG(s) 'db_and_model_update' retrieved from /opt/airflow/dags/db_and_model_update_dag.py
[2026-04-01T04:22:52.125+0000] {logging_mixin.py:190} INFO - [2026-04-01T04:22:52.125+0000] {dag.py:3239} INFO - Sync 1 DAGs
[2026-04-01T04:22:52.145+0000] {logging_mixin.py:190} INFO - [2026-04-01T04:22:52.145+0000] {dag.py:4180} INFO - Setting next_dagrun for db_and_model_update to 2026-03-30 14:00:00+00:00, run_after=2026-04-06 14:00:00+00:00
[2026-04-01T04:22:52.168+0000] {processor.py:208} INFO - Processing /opt/airflow/dags/db_and_model_update_dag.py took 0.097 seconds
[2026-04-01T04:23:22.260+0000] {processor.py:186} INFO - Started process (PID=9257) to work on /opt/airflow/dags/db_and_model_update_dag.py
[2026-04-01T04:23:22.265+0000] {processor.py:914} INFO - Processing file /opt/airflow/dags/db_and_model_update_dag.py for tasks to queue
[2026-04-01T04:23:22.268+0000] {logging_mixin.py:190} INFO - [2026-04-01T04:23:22.267+0000] {dagbag.py:588} INFO - Filling up the DagBag from /opt/airflow/dags/db_and_model_update_dag.py
[2026-04-01T04:23:22.291+0000] {processor.py:925} INFO - DAG(s) 'db_and_model_update' retrieved from /opt/airflow/dags/db_and_model_update_dag.py
[2026-04-01T04:23:22.322+0000] {logging_mixin.py:190} INFO - [2026-04-01T04:23:22.322+0000] {dag.py:3239} INFO - Sync 1 DAGs
[2026-04-01T04:23:22.356+0000] {logging_mixin.py:190} INFO - [2026-04-01T04:23:22.356+0000] {dag.py:4180} INFO - Setting next_dagrun for db_and_model_update to 2026-03-30 14:00:00+00:00, run_after=2026-04-06 14:00:00+00:00
[2026-04-01T04:23:22.397+0000] {processor.py:208} INFO - Processing /opt/airflow/dags/db_and_model_update_dag.py took 0.144 seconds
[2026-04-01T04:23:52.527+0000] {processor.py:186} INFO - Started process (PID=9267) to work on /opt/airflow/dags/db_and_model_update_dag.py
[2026-04-01T04:23:52.528+0000] {processor.py:914} INFO - Processing file /opt/airflow/dags/db_and_model_update_dag.py for tasks to queue
[2026-04-01T04:23:52.531+0000] {logging_mixin.py:190} INFO - [2026-04-01T04:23:52.531+0000] {dagbag.py:588} INFO - Filling up the DagBag from /opt/airflow/dags/db_and_model_update_dag.py
[2026-04-01T04:23:52.562+0000] {processor.py:925} INFO - DAG(s) 'db_and_model_update' retrieved from /opt/airflow/dags/db_and_model_update_dag.py
[2026-04-01T04:23:52.600+0000] {logging_mixin.py:190} INFO - [2026-04-01T04:23:52.599+0000] {dag.py:3239} INFO - Sync 1 DAGs
[2026-04-01T04:23:52.624+0000] {logging_mixin.py:190} INFO - [2026-04-01T04:23:52.624+0000] {dag.py:4180} INFO - Setting next_dagrun for db_and_model_update to 2026-03-30 14:00:00+00:00, run_after=2026-04-06 14:00:00+00:00
[2026-04-01T04:23:52.649+0000] {processor.py:208} INFO - Processing /opt/airflow/dags/db_and_model_update_dag.py took 0.131 seconds
[2026-04-01T04:24:22.800+0000] {processor.py:186} INFO - Started process (PID=9277) to work on /opt/airflow/dags/db_and_model_update_dag.py
[2026-04-01T04:24:22.801+0000] {processor.py:914} INFO - Processing file /opt/airflow/dags/db_and_model_update_dag.py for tasks to queue
[2026-04-01T04:24:22.803+0000] {logging_mixin.py:190} INFO - [2026-04-01T04:24:22.803+0000] {dagbag.py:588} INFO - Filling up the DagBag from /opt/airflow/dags/db_and_model_update_dag.py
[2026-04-01T04:24:22.823+0000] {processor.py:925} INFO - DAG(s) 'db_and_model_update' retrieved from /opt/airflow/dags/db_and_model_update_dag.py
[2026-04-01T04:24:22.850+0000] {logging_mixin.py:190} INFO - [2026-04-01T04:24:22.850+0000] {dag.py:3239} INFO - Sync 1 DAGs
[2026-04-01T04:24:22.871+0000] {logging_mixin.py:190} INFO - [2026-04-01T04:24:22.871+0000] {dag.py:4180} INFO - Setting next_dagrun for db_and_model_update to 2026-03-30 14:00:00+00:00, run_after=2026-04-06 14:00:00+00:00
[2026-04-01T04:24:22.890+0000] {processor.py:208} INFO - Processing /opt/airflow/dags/db_and_model_update_dag.py took 0.099 seconds
[2026-04-01T04:24:52.972+0000] {processor.py:186} INFO - Started process (PID=9287) to work on /opt/airflow/dags/db_and_model_update_dag.py
[2026-04-01T04:24:52.973+0000] {processor.py:914} INFO - Processing file /opt/airflow/dags/db_and_model_update_dag.py for tasks to queue
[2026-04-01T04:24:52.975+0000] {logging_mixin.py:190} INFO - [2026-04-01T04:24:52.975+0000] {dagbag.py:588} INFO - Filling up the DagBag from /opt/airflow/dags/db_and_model_update_dag.py
[2026-04-01T04:24:52.997+0000] {processor.py:925} INFO - DAG(s) 'db_and_model_update' retrieved from /opt/airflow/dags/db_and_model_update_dag.py
[2026-04-01T04:24:53.026+0000] {logging_mixin.py:190} INFO - [2026-04-01T04:24:53.026+0000] {dag.py:3239} INFO - Sync 1 DAGs
[2026-04-01T04:24:53.050+0000] {logging_mixin.py:190} INFO - [2026-04-01T04:24:53.050+0000] {dag.py:4180} INFO - Setting next_dagrun for db_and_model_update to 2026-03-30 14:00:00+00:00, run_after=2026-04-06 14:00:00+00:00
[2026-04-01T04:24:53.073+0000] {processor.py:208} INFO - Processing /opt/airflow/dags/db_and_model_update_dag.py took 0.108 seconds
[2026-04-01T04:25:23.292+0000] {processor.py:186} INFO - Started process (PID=9297) to work on /opt/airflow/dags/db_and_model_update_dag.py
[2026-04-01T04:25:23.293+0000] {processor.py:914} INFO - Processing file /opt/airflow/dags/db_and_model_update_dag.py for tasks to queue
[2026-04-01T04:25:23.296+0000] {logging_mixin.py:190} INFO - [2026-04-01T04:25:23.295+0000] {dagbag.py:588} INFO - Filling up the DagBag from /opt/airflow/dags/db_and_model_update_dag.py
[2026-04-01T04:25:23.314+0000] {processor.py:925} INFO - DAG(s) 'db_and_model_update' retrieved from /opt/airflow/dags/db_and_model_update_dag.py
[2026-04-01T04:25:23.344+0000] {logging_mixin.py:190} INFO - [2026-04-01T04:25:23.343+0000] {dag.py:3239} INFO - Sync 1 DAGs
[2026-04-01T04:25:23.366+0000] {logging_mixin.py:190} INFO - [2026-04-01T04:25:23.366+0000] {dag.py:4180} INFO - Setting next_dagrun for db_and_model_update to 2026-03-30 14:00:00+00:00, run_after=2026-04-06 14:00:00+00:00
[2026-04-01T04:25:23.385+0000] {processor.py:208} INFO - Processing /opt/airflow/dags/db_and_model_update_dag.py took 0.100 seconds
[2026-04-01T04:25:53.508+0000] {processor.py:186} INFO - Started process (PID=9307) to work on /opt/airflow/dags/db_and_model_update_dag.py
[2026-04-01T04:25:53.509+0000] {processor.py:914} INFO - Processing file /opt/airflow/dags/db_and_model_update_dag.py for tasks to queue
[2026-04-01T04:25:53.511+0000] {logging_mixin.py:190} INFO - [2026-04-01T04:25:53.511+0000] {dagbag.py:588} INFO - Filling up the DagBag from /opt/airflow/dags/db_and_model_update_dag.py
[2026-04-01T04:25:53.529+0000] {processor.py:925} INFO - DAG(s) 'db_and_model_update' retrieved from /opt/airflow/dags/db_and_model_update_dag.py
[2026-04-01T04:25:53.557+0000] {logging_mixin.py:190} INFO - [2026-04-01T04:25:53.557+0000] {dag.py:3239} INFO - Sync 1 DAGs
[2026-04-01T04:25:53.579+0000] {logging_mixin.py:190} INFO - [2026-04-01T04:25:53.578+0000] {dag.py:4180} INFO - Setting next_dagrun for db_and_model_update to 2026-03-30 14:00:00+00:00, run_after=2026-04-06 14:00:00+00:00
[2026-04-01T04:25:53.599+0000] {processor.py:208} INFO - Processing /opt/airflow/dags/db_and_model_update_dag.py took 0.099 seconds
[2026-04-01T04:26:23.694+0000] {processor.py:186} INFO - Started process (PID=9317) to work on /opt/airflow/dags/db_and_model_update_dag.py
[2026-04-01T04:26:23.695+0000] {processor.py:914} INFO - Processing file /opt/airflow/dags/db_and_model_update_dag.py for tasks to queue
[2026-04-01T04:26:23.698+0000] {logging_mixin.py:190} INFO - [2026-04-01T04:26:23.698+0000] {dagbag.py:588} INFO - Filling up the DagBag from /opt/airflow/dags/db_and_model_update_dag.py
[2026-04-01T04:26:23.719+0000] {processor.py:925} INFO - DAG(s) 'db_and_model_update' retrieved from /opt/airflow/dags/db_and_model_update_dag.py
[2026-04-01T04:26:23.749+0000] {logging_mixin.py:190} INFO - [2026-04-01T04:26:23.749+0000] {dag.py:3239} INFO - Sync 1 DAGs
[2026-04-01T04:26:23.771+0000] {logging_mixin.py:190} INFO - [2026-04-01T04:26:23.771+0000] {dag.py:4180} INFO - Setting next_dagrun for db_and_model_update to 2026-03-30 14:00:00+00:00, run_after=2026-04-06 14:00:00+00:00
[2026-04-01T04:26:23.794+0000] {processor.py:208} INFO - Processing /opt/airflow/dags/db_and_model_update_dag.py took 0.109 seconds
[2026-04-01T04:26:53.898+0000] {processor.py:186} INFO - Started process (PID=9327) to work on /opt/airflow/dags/db_and_model_update_dag.py
[2026-04-01T04:26:53.901+0000] {processor.py:914} INFO - Processing file /opt/airflow/dags/db_and_model_update_dag.py for tasks to queue
[2026-04-01T04:26:53.903+0000] {logging_mixin.py:190} INFO - [2026-04-01T04:26:53.903+0000] {dagbag.py:588} INFO - Filling up the DagBag from /opt/airflow/dags/db_and_model_update_dag.py
[2026-04-01T04:26:53.922+0000] {processor.py:925} INFO - DAG(s) 'db_and_model_update' retrieved from /opt/airflow/dags/db_and_model_update_dag.py
[2026-04-01T04:26:53.954+0000] {logging_mixin.py:190} INFO - [2026-04-01T04:26:53.954+0000] {dag.py:3239} INFO - Sync 1 DAGs
[2026-04-01T04:26:53.976+0000] {logging_mixin.py:190} INFO - [2026-04-01T04:26:53.976+0000] {dag.py:4180} INFO - Setting next_dagrun for db_and_model_update to 2026-03-30 14:00:00+00:00, run_after=2026-04-06 14:00:00+00:00
[2026-04-01T04:26:54.015+0000] {processor.py:208} INFO - Processing /opt/airflow/dags/db_and_model_update_dag.py took 0.123 seconds
[2026-04-01T04:27:24.116+0000] {processor.py:186} INFO - Started process (PID=9337) to work on /opt/airflow/dags/db_and_model_update_dag.py
[2026-04-01T04:27:24.117+0000] {processor.py:914} INFO - Processing file /opt/airflow/dags/db_and_model_update_dag.py for tasks to queue
[2026-04-01T04:27:24.119+0000] {logging_mixin.py:190} INFO - [2026-04-01T04:27:24.118+0000] {dagbag.py:588} INFO - Filling up the DagBag from /opt/airflow/dags/db_and_model_update_dag.py
[2026-04-01T04:27:24.137+0000] {processor.py:925} INFO - DAG(s) 'db_and_model_update' retrieved from /opt/airflow/dags/db_and_model_update_dag.py
[2026-04-01T04:27:24.167+0000] {logging_mixin.py:190} INFO - [2026-04-01T04:27:24.167+0000] {dag.py:3239} INFO - Sync 1 DAGs
[2026-04-01T04:27:24.190+0000] {logging_mixin.py:190} INFO - [2026-04-01T04:27:24.190+0000] {dag.py:4180} INFO - Setting next_dagrun for db_and_model_update to 2026-03-30 14:00:00+00:00, run_after=2026-04-06 14:00:00+00:00
[2026-04-01T04:27:24.207+0000] {processor.py:208} INFO - Processing /opt/airflow/dags/db_and_model_update_dag.py took 0.098 seconds
[2026-04-01T04:27:54.296+0000] {processor.py:186} INFO - Started process (PID=9347) to work on /opt/airflow/dags/db_and_model_update_dag.py
[2026-04-01T04:27:54.297+0000] {processor.py:914} INFO - Processing file /opt/airflow/dags/db_and_model_update_dag.py for tasks to queue
[2026-04-01T04:27:54.299+0000] {logging_mixin.py:190} INFO - [2026-04-01T04:27:54.299+0000] {dagbag.py:588} INFO - Filling up the DagBag from /opt/airflow/dags/db_and_model_update_dag.py
[2026-04-01T04:27:54.320+0000] {processor.py:925} INFO - DAG(s) 'db_and_model_update' retrieved from /opt/airflow/dags/db_and_model_update_dag.py
[2026-04-01T04:27:54.351+0000] {logging_mixin.py:190} INFO - [2026-04-01T04:27:54.351+0000] {dag.py:3239} INFO - Sync 1 DAGs
[2026-04-01T04:27:54.373+0000] {logging_mixin.py:190} INFO - [2026-04-01T04:27:54.373+0000] {dag.py:4180} INFO - Setting next_dagrun for db_and_model_update to 2026-03-30 14:00:00+00:00, run_after=2026-04-06 14:00:00+00:00
[2026-04-01T04:27:54.394+0000] {processor.py:208} INFO - Processing /opt/airflow/dags/db_and_model_update_dag.py took 0.105 seconds
[2026-04-01T04:28:24.513+0000] {processor.py:186} INFO - Started process (PID=9357) to work on /opt/airflow/dags/db_and_model_update_dag.py
[2026-04-01T04:28:24.514+0000] {processor.py:914} INFO - Processing file /opt/airflow/dags/db_and_model_update_dag.py for tasks to queue
[2026-04-01T04:28:24.517+0000] {logging_mixin.py:190} INFO - [2026-04-01T04:28:24.516+0000] {dagbag.py:588} INFO - Filling up the DagBag from /opt/airflow/dags/db_and_model_update_dag.py
[2026-04-01T04:28:24.535+0000] {processor.py:925} INFO - DAG(s) 'db_and_model_update' retrieved from /opt/airflow/dags/db_and_model_update_dag.py
[2026-04-01T04:28:24.562+0000] {logging_mixin.py:190} INFO - [2026-04-01T04:28:24.562+0000] {dag.py:3239} INFO - Sync 1 DAGs
[2026-04-01T04:28:24.582+0000] {logging_mixin.py:190} INFO - [2026-04-01T04:28:24.582+0000] {dag.py:4180} INFO - Setting next_dagrun for db_and_model_update to 2026-03-30 14:00:00+00:00, run_after=2026-04-06 14:00:00+00:00
[2026-04-01T04:28:24.600+0000] {processor.py:208} INFO - Processing /opt/airflow/dags/db_and_model_update_dag.py took 0.095 seconds
[2026-04-01T04:28:54.654+0000] {processor.py:186} INFO - Started process (PID=9367) to work on /opt/airflow/dags/db_and_model_update_dag.py
[2026-04-01T04:28:54.655+0000] {processor.py:914} INFO - Processing file /opt/airflow/dags/db_and_model_update_dag.py for tasks to queue
[2026-04-01T04:28:54.657+0000] {logging_mixin.py:190} INFO - [2026-04-01T04:28:54.657+0000] {dagbag.py:588} INFO - Filling up the DagBag from /opt/airflow/dags/db_and_model_update_dag.py
[2026-04-01T04:28:54.680+0000] {processor.py:925} INFO - DAG(s) 'db_and_model_update' retrieved from /opt/airflow/dags/db_and_model_update_dag.py
[2026-04-01T04:28:54.707+0000] {logging_mixin.py:190} INFO - [2026-04-01T04:28:54.707+0000] {dag.py:3239} INFO - Sync 1 DAGs
[2026-04-01T04:28:54.729+0000] {logging_mixin.py:190} INFO - [2026-04-01T04:28:54.729+0000] {dag.py:4180} INFO - Setting next_dagrun for db_and_model_update to 2026-03-30 14:00:00+00:00, run_after=2026-04-06 14:00:00+00:00
[2026-04-01T04:28:54.748+0000] {processor.py:208} INFO - Processing /opt/airflow/dags/db_and_model_update_dag.py took 0.100 seconds
[2026-04-01T04:29:24.879+0000] {processor.py:186} INFO - Started process (PID=9377) to work on /opt/airflow/dags/db_and_model_update_dag.py
[2026-04-01T04:29:24.880+0000] {processor.py:914} INFO - Processing file /opt/airflow/dags/db_and_model_update_dag.py for tasks to queue
[2026-04-01T04:29:24.883+0000] {logging_mixin.py:190} INFO - [2026-04-01T04:29:24.883+0000] {dagbag.py:588} INFO - Filling up the DagBag from /opt/airflow/dags/db_and_model_update_dag.py
[2026-04-01T04:29:24.905+0000] {processor.py:925} INFO - DAG(s) 'db_and_model_update' retrieved from /opt/airflow/dags/db_and_model_update_dag.py
[2026-04-01T04:29:24.936+0000] {logging_mixin.py:190} INFO - [2026-04-01T04:29:24.935+0000] {dag.py:3239} INFO - Sync 1 DAGs
[2026-04-01T04:29:24.958+0000] {logging_mixin.py:190} INFO - [2026-04-01T04:29:24.957+0000] {dag.py:4180} INFO - Setting next_dagrun for db_and_model_update to 2026-03-30 14:00:00+00:00, run_after=2026-04-06 14:00:00+00:00
[2026-04-01T04:29:24.979+0000] {processor.py:208} INFO - Processing /opt/airflow/dags/db_and_model_update_dag.py took 0.108 seconds
[2026-04-01T04:29:55.131+0000] {processor.py:186} INFO - Started process (PID=9387) to work on /opt/airflow/dags/db_and_model_update_dag.py
[2026-04-01T04:29:55.132+0000] {processor.py:914} INFO - Processing file /opt/airflow/dags/db_and_model_update_dag.py for tasks to queue
[2026-04-01T04:29:55.134+0000] {logging_mixin.py:190} INFO - [2026-04-01T04:29:55.133+0000] {dagbag.py:588} INFO - Filling up the DagBag from /opt/airflow/dags/db_and_model_update_dag.py
[2026-04-01T04:29:55.155+0000] {processor.py:925} INFO - DAG(s) 'db_and_model_update' retrieved from /opt/airflow/dags/db_and_model_update_dag.py
[2026-04-01T04:29:55.179+0000] {logging_mixin.py:190} INFO - [2026-04-01T04:29:55.179+0000] {dag.py:3239} INFO - Sync 1 DAGs
[2026-04-01T04:29:55.203+0000] {logging_mixin.py:190} INFO - [2026-04-01T04:29:55.203+0000] {dag.py:4180} INFO - Setting next_dagrun for db_and_model_update to 2026-03-30 14:00:00+00:00, run_after=2026-04-06 14:00:00+00:00
[2026-04-01T04:29:55.226+0000] {processor.py:208} INFO - Processing /opt/airflow/dags/db_and_model_update_dag.py took 0.103 seconds
[2026-04-01T04:30:25.373+0000] {processor.py:186} INFO - Started process (PID=9397) to work on /opt/airflow/dags/db_and_model_update_dag.py
[2026-04-01T04:30:25.374+0000] {processor.py:914} INFO - Processing file /opt/airflow/dags/db_and_model_update_dag.py for tasks to queue
[2026-04-01T04:30:25.376+0000] {logging_mixin.py:190} INFO - [2026-04-01T04:30:25.376+0000] {dagbag.py:588} INFO - Filling up the DagBag from /opt/airflow/dags/db_and_model_update_dag.py
[2026-04-01T04:30:25.393+0000] {processor.py:925} INFO - DAG(s) 'db_and_model_update' retrieved from /opt/airflow/dags/db_and_model_update_dag.py
[2026-04-01T04:30:25.420+0000] {logging_mixin.py:190} INFO - [2026-04-01T04:30:25.420+0000] {dag.py:3239} INFO - Sync 1 DAGs
[2026-04-01T04:30:25.440+0000] {logging_mixin.py:190} INFO - [2026-04-01T04:30:25.440+0000] {dag.py:4180} INFO - Setting next_dagrun for db_and_model_update to 2026-03-30 14:00:00+00:00, run_after=2026-04-06 14:00:00+00:00
[2026-04-01T04:30:25.460+0000] {processor.py:208} INFO - Processing /opt/airflow/dags/db_and_model_update_dag.py took 0.094 seconds
[2026-04-01T04:30:55.566+0000] {processor.py:186} INFO - Started process (PID=9407) to work on /opt/airflow/dags/db_and_model_update_dag.py
[2026-04-01T04:30:55.567+0000] {processor.py:914} INFO - Processing file /opt/airflow/dags/db_and_model_update_dag.py for tasks to queue
[2026-04-01T04:30:55.570+0000] {logging_mixin.py:190} INFO - [2026-04-01T04:30:55.570+0000] {dagbag.py:588} INFO - Filling up the DagBag from /opt/airflow/dags/db_and_model_update_dag.py
[2026-04-01T04:30:55.594+0000] {processor.py:925} INFO - DAG(s) 'db_and_model_update' retrieved from /opt/airflow/dags/db_and_model_update_dag.py
[2026-04-01T04:30:55.622+0000] {logging_mixin.py:190} INFO - [2026-04-01T04:30:55.622+0000] {dag.py:3239} INFO - Sync 1 DAGs
[2026-04-01T04:30:55.645+0000] {logging_mixin.py:190} INFO - [2026-04-01T04:30:55.644+0000] {dag.py:4180} INFO - Setting next_dagrun for db_and_model_update to 2026-03-30 14:00:00+00:00, run_after=2026-04-06 14:00:00+00:00
[2026-04-01T04:30:55.666+0000] {processor.py:208} INFO - Processing /opt/airflow/dags/db_and_model_update_dag.py took 0.109 seconds
[2026-04-01T04:31:25.803+0000] {processor.py:186} INFO - Started process (PID=9417) to work on /opt/airflow/dags/db_and_model_update_dag.py
[2026-04-01T04:31:25.808+0000] {processor.py:914} INFO - Processing file /opt/airflow/dags/db_and_model_update_dag.py for tasks to queue
[2026-04-01T04:31:25.812+0000] {logging_mixin.py:190} INFO - [2026-04-01T04:31:25.812+0000] {dagbag.py:588} INFO - Filling up the DagBag from /opt/airflow/dags/db_and_model_update_dag.py
[2026-04-01T04:31:25.840+0000] {processor.py:925} INFO - DAG(s) 'db_and_model_update' retrieved from /opt/airflow/dags/db_and_model_update_dag.py
[2026-04-01T04:31:25.874+0000] {logging_mixin.py:190} INFO - [2026-04-01T04:31:25.874+0000] {dag.py:3239} INFO - Sync 1 DAGs
[2026-04-01T04:31:25.897+0000] {logging_mixin.py:190} INFO - [2026-04-01T04:31:25.897+0000] {dag.py:4180} INFO - Setting next_dagrun for db_and_model_update to 2026-03-30 14:00:00+00:00, run_after=2026-04-06 14:00:00+00:00
[2026-04-01T04:31:25.914+0000] {processor.py:208} INFO - Processing /opt/airflow/dags/db_and_model_update_dag.py took 0.126 seconds
[2026-04-01T04:31:56.040+0000] {processor.py:186} INFO - Started process (PID=9427) to work on /opt/airflow/dags/db_and_model_update_dag.py
[2026-04-01T04:31:56.042+0000] {processor.py:914} INFO - Processing file /opt/airflow/dags/db_and_model_update_dag.py for tasks to queue
[2026-04-01T04:31:56.044+0000] {logging_mixin.py:190} INFO - [2026-04-01T04:31:56.043+0000] {dagbag.py:588} INFO - Filling up the DagBag from /opt/airflow/dags/db_and_model_update_dag.py
[2026-04-01T04:31:56.067+0000] {processor.py:925} INFO - DAG(s) 'db_and_model_update' retrieved from /opt/airflow/dags/db_and_model_update_dag.py
[2026-04-01T04:31:56.099+0000] {logging_mixin.py:190} INFO - [2026-04-01T04:31:56.099+0000] {dag.py:3239} INFO - Sync 1 DAGs
[2026-04-01T04:31:56.121+0000] {logging_mixin.py:190} INFO - [2026-04-01T04:31:56.121+0000] {dag.py:4180} INFO - Setting next_dagrun for db_and_model_update to 2026-03-30 14:00:00+00:00, run_after=2026-04-06 14:00:00+00:00
[2026-04-01T04:31:56.141+0000] {processor.py:208} INFO - Processing /opt/airflow/dags/db_and_model_update_dag.py took 0.108 seconds
[2026-04-01T04:32:26.238+0000] {processor.py:186} INFO - Started process (PID=9437) to work on /opt/airflow/dags/db_and_model_update_dag.py
[2026-04-01T04:32:26.240+0000] {processor.py:914} INFO - Processing file /opt/airflow/dags/db_and_model_update_dag.py for tasks to queue
[2026-04-01T04:32:26.242+0000] {logging_mixin.py:190} INFO - [2026-04-01T04:32:26.242+0000] {dagbag.py:588} INFO - Filling up the DagBag from /opt/airflow/dags/db_and_model_update_dag.py
[2026-04-01T04:32:26.264+0000] {processor.py:925} INFO - DAG(s) 'db_and_model_update' retrieved from /opt/airflow/dags/db_and_model_update_dag.py
[2026-04-01T04:32:26.293+0000] {logging_mixin.py:190} INFO - [2026-04-01T04:32:26.292+0000] {dag.py:3239} INFO - Sync 1 DAGs
[2026-04-01T04:32:26.315+0000] {logging_mixin.py:190} INFO - [2026-04-01T04:32:26.315+0000] {dag.py:4180} INFO - Setting next_dagrun for db_and_model_update to 2026-03-30 14:00:00+00:00, run_after=2026-04-06 14:00:00+00:00
[2026-04-01T04:32:26.334+0000] {processor.py:208} INFO - Processing /opt/airflow/dags/db_and_model_update_dag.py took 0.102 seconds
[2026-04-01T04:32:56.474+0000] {processor.py:186} INFO - Started process (PID=9447) to work on /opt/airflow/dags/db_and_model_update_dag.py
[2026-04-01T04:32:56.475+0000] {processor.py:914} INFO - Processing file /opt/airflow/dags/db_and_model_update_dag.py for tasks to queue
[2026-04-01T04:32:56.477+0000] {logging_mixin.py:190} INFO - [2026-04-01T04:32:56.477+0000] {dagbag.py:588} INFO - Filling up the DagBag from /opt/airflow/dags/db_and_model_update_dag.py
[2026-04-01T04:32:56.502+0000] {processor.py:925} INFO - DAG(s) 'db_and_model_update' retrieved from /opt/airflow/dags/db_and_model_update_dag.py
[2026-04-01T04:32:56.544+0000] {logging_mixin.py:190} INFO - [2026-04-01T04:32:56.544+0000] {dag.py:3239} INFO - Sync 1 DAGs
[2026-04-01T04:32:56.570+0000] {logging_mixin.py:190} INFO - [2026-04-01T04:32:56.570+0000] {dag.py:4180} INFO - Setting next_dagrun for db_and_model_update to 2026-03-30 14:00:00+00:00, run_after=2026-04-06 14:00:00+00:00
[2026-04-01T04:32:56.589+0000] {processor.py:208} INFO - Processing /opt/airflow/dags/db_and_model_update_dag.py took 0.124 seconds
[2026-04-01T04:33:26.650+0000] {processor.py:186} INFO - Started process (PID=9457) to work on /opt/airflow/dags/db_and_model_update_dag.py
[2026-04-01T04:33:26.651+0000] {processor.py:914} INFO - Processing file /opt/airflow/dags/db_and_model_update_dag.py for tasks to queue
[2026-04-01T04:33:26.653+0000] {logging_mixin.py:190} INFO - [2026-04-01T04:33:26.653+0000] {dagbag.py:588} INFO - Filling up the DagBag from /opt/airflow/dags/db_and_model_update_dag.py
[2026-04-01T04:33:26.670+0000] {processor.py:925} INFO - DAG(s) 'db_and_model_update' retrieved from /opt/airflow/dags/db_and_model_update_dag.py
[2026-04-01T04:33:26.696+0000] {logging_mixin.py:190} INFO - [2026-04-01T04:33:26.696+0000] {dag.py:3239} INFO - Sync 1 DAGs
[2026-04-01T04:33:26.724+0000] {logging_mixin.py:190} INFO - [2026-04-01T04:33:26.724+0000] {dag.py:4180} INFO - Setting next_dagrun for db_and_model_update to 2026-03-30 14:00:00+00:00, run_after=2026-04-06 14:00:00+00:00
[2026-04-01T04:33:26.744+0000] {processor.py:208} INFO - Processing /opt/airflow/dags/db_and_model_update_dag.py took 0.102 seconds
[2026-04-01T04:33:56.851+0000] {processor.py:186} INFO - Started process (PID=9467) to work on /opt/airflow/dags/db_and_model_update_dag.py
[2026-04-01T04:33:56.852+0000] {processor.py:914} INFO - Processing file /opt/airflow/dags/db_and_model_update_dag.py for tasks to queue
[2026-04-01T04:33:56.854+0000] {logging_mixin.py:190} INFO - [2026-04-01T04:33:56.854+0000] {dagbag.py:588} INFO - Filling up the DagBag from /opt/airflow/dags/db_and_model_update_dag.py
[2026-04-01T04:33:56.875+0000] {processor.py:925} INFO - DAG(s) 'db_and_model_update' retrieved from /opt/airflow/dags/db_and_model_update_dag.py
[2026-04-01T04:33:56.903+0000] {logging_mixin.py:190} INFO - [2026-04-01T04:33:56.903+0000] {dag.py:3239} INFO - Sync 1 DAGs
[2026-04-01T04:33:56.925+0000] {logging_mixin.py:190} INFO - [2026-04-01T04:33:56.925+0000] {dag.py:4180} INFO - Setting next_dagrun for db_and_model_update to 2026-03-30 14:00:00+00:00, run_after=2026-04-06 14:00:00+00:00
[2026-04-01T04:33:56.945+0000] {processor.py:208} INFO - Processing /opt/airflow/dags/db_and_model_update_dag.py took 0.102 seconds
[2026-04-01T04:34:27.033+0000] {processor.py:186} INFO - Started process (PID=9477) to work on /opt/airflow/dags/db_and_model_update_dag.py
[2026-04-01T04:34:27.034+0000] {processor.py:914} INFO - Processing file /opt/airflow/dags/db_and_model_update_dag.py for tasks to queue
[2026-04-01T04:34:27.036+0000] {logging_mixin.py:190} INFO - [2026-04-01T04:34:27.036+0000] {dagbag.py:588} INFO - Filling up the DagBag from /opt/airflow/dags/db_and_model_update_dag.py
[2026-04-01T04:34:27.057+0000] {processor.py:925} INFO - DAG(s) 'db_and_model_update' retrieved from /opt/airflow/dags/db_and_model_update_dag.py
[2026-04-01T04:34:27.088+0000] {logging_mixin.py:190} INFO - [2026-04-01T04:34:27.088+0000] {dag.py:3239} INFO - Sync 1 DAGs
[2026-04-01T04:34:27.111+0000] {logging_mixin.py:190} INFO - [2026-04-01T04:34:27.111+0000] {dag.py:4180} INFO - Setting next_dagrun for db_and_model_update to 2026-03-30 14:00:00+00:00, run_after=2026-04-06 14:00:00+00:00
[2026-04-01T04:34:27.130+0000] {processor.py:208} INFO - Processing /opt/airflow/dags/db_and_model_update_dag.py took 0.103 seconds
[2026-04-01T04:34:57.238+0000] {processor.py:186} INFO - Started process (PID=9487) to work on /opt/airflow/dags/db_and_model_update_dag.py
[2026-04-01T04:34:57.239+0000] {processor.py:914} INFO - Processing file /opt/airflow/dags/db_and_model_update_dag.py for tasks to queue
[2026-04-01T04:34:57.241+0000] {logging_mixin.py:190} INFO - [2026-04-01T04:34:57.241+0000] {dagbag.py:588} INFO - Filling up the DagBag from /opt/airflow/dags/db_and_model_update_dag.py
[2026-04-01T04:34:57.259+0000] {processor.py:925} INFO - DAG(s) 'db_and_model_update' retrieved from /opt/airflow/dags/db_and_model_update_dag.py
[2026-04-01T04:34:57.287+0000] {logging_mixin.py:190} INFO - [2026-04-01T04:34:57.286+0000] {dag.py:3239} INFO - Sync 1 DAGs
[2026-04-01T04:34:57.310+0000] {logging_mixin.py:190} INFO - [2026-04-01T04:34:57.309+0000] {dag.py:4180} INFO - Setting next_dagrun for db_and_model_update to 2026-03-30 14:00:00+00:00, run_after=2026-04-06 14:00:00+00:00
[2026-04-01T04:34:57.329+0000] {processor.py:208} INFO - Processing /opt/airflow/dags/db_and_model_update_dag.py took 0.097 seconds
[2026-04-01T04:35:27.386+0000] {processor.py:186} INFO - Started process (PID=9497) to work on /opt/airflow/dags/db_and_model_update_dag.py
[2026-04-01T04:35:27.387+0000] {processor.py:914} INFO - Processing file /opt/airflow/dags/db_and_model_update_dag.py for tasks to queue
[2026-04-01T04:35:27.390+0000] {logging_mixin.py:190} INFO - [2026-04-01T04:35:27.390+0000] {dagbag.py:588} INFO - Filling up the DagBag from /opt/airflow/dags/db_and_model_update_dag.py
[2026-04-01T04:35:27.411+0000] {processor.py:925} INFO - DAG(s) 'db_and_model_update' retrieved from /opt/airflow/dags/db_and_model_update_dag.py
[2026-04-01T04:35:27.441+0000] {logging_mixin.py:190} INFO - [2026-04-01T04:35:27.441+0000] {dag.py:3239} INFO - Sync 1 DAGs
[2026-04-01T04:35:27.465+0000] {logging_mixin.py:190} INFO - [2026-04-01T04:35:27.465+0000] {dag.py:4180} INFO - Setting next_dagrun for db_and_model_update to 2026-03-30 14:00:00+00:00, run_after=2026-04-06 14:00:00+00:00
[2026-04-01T04:35:27.484+0000] {processor.py:208} INFO - Processing /opt/airflow/dags/db_and_model_update_dag.py took 0.105 seconds
[2026-04-01T04:35:57.616+0000] {processor.py:186} INFO - Started process (PID=9507) to work on /opt/airflow/dags/db_and_model_update_dag.py
[2026-04-01T04:35:57.617+0000] {processor.py:914} INFO - Processing file /opt/airflow/dags/db_and_model_update_dag.py for tasks to queue
[2026-04-01T04:35:57.619+0000] {logging_mixin.py:190} INFO - [2026-04-01T04:35:57.619+0000] {dagbag.py:588} INFO - Filling up the DagBag from /opt/airflow/dags/db_and_model_update_dag.py
[2026-04-01T04:35:57.637+0000] {processor.py:925} INFO - DAG(s) 'db_and_model_update' retrieved from /opt/airflow/dags/db_and_model_update_dag.py
[2026-04-01T04:35:57.666+0000] {logging_mixin.py:190} INFO - [2026-04-01T04:35:57.666+0000] {dag.py:3239} INFO - Sync 1 DAGs
[2026-04-01T04:35:57.689+0000] {logging_mixin.py:190} INFO - [2026-04-01T04:35:57.688+0000] {dag.py:4180} INFO - Setting next_dagrun for db_and_model_update to 2026-03-30 14:00:00+00:00, run_after=2026-04-06 14:00:00+00:00
[2026-04-01T04:35:57.709+0000] {processor.py:208} INFO - Processing /opt/airflow/dags/db_and_model_update_dag.py took 0.099 seconds
[2026-04-01T04:36:28.308+0000] {processor.py:186} INFO - Started process (PID=9517) to work on /opt/airflow/dags/db_and_model_update_dag.py
[2026-04-01T04:36:28.310+0000] {processor.py:914} INFO - Processing file /opt/airflow/dags/db_and_model_update_dag.py for tasks to queue
[2026-04-01T04:36:28.313+0000] {logging_mixin.py:190} INFO - [2026-04-01T04:36:28.312+0000] {dagbag.py:588} INFO - Filling up the DagBag from /opt/airflow/dags/db_and_model_update_dag.py
[2026-04-01T04:36:28.335+0000] {processor.py:925} INFO - DAG(s) 'db_and_model_update' retrieved from /opt/airflow/dags/db_and_model_update_dag.py
[2026-04-01T04:36:28.367+0000] {logging_mixin.py:190} INFO - [2026-04-01T04:36:28.367+0000] {dag.py:3239} INFO - Sync 1 DAGs
[2026-04-01T04:36:28.399+0000] {logging_mixin.py:190} INFO - [2026-04-01T04:36:28.399+0000] {dag.py:4180} INFO - Setting next_dagrun for db_and_model_update to 2026-03-30 14:00:00+00:00, run_after=2026-04-06 14:00:00+00:00
[2026-04-01T04:36:28.423+0000] {processor.py:208} INFO - Processing /opt/airflow/dags/db_and_model_update_dag.py took 0.123 seconds
[2026-04-01T04:36:59.175+0000] {processor.py:186} INFO - Started process (PID=9527) to work on /opt/airflow/dags/db_and_model_update_dag.py
[2026-04-01T04:36:59.176+0000] {processor.py:914} INFO - Processing file /opt/airflow/dags/db_and_model_update_dag.py for tasks to queue
[2026-04-01T04:36:59.178+0000] {logging_mixin.py:190} INFO - [2026-04-01T04:36:59.178+0000] {dagbag.py:588} INFO - Filling up the DagBag from /opt/airflow/dags/db_and_model_update_dag.py
[2026-04-01T04:36:59.200+0000] {processor.py:925} INFO - DAG(s) 'db_and_model_update' retrieved from /opt/airflow/dags/db_and_model_update_dag.py
[2026-04-01T04:36:59.228+0000] {logging_mixin.py:190} INFO - [2026-04-01T04:36:59.228+0000] {dag.py:3239} INFO - Sync 1 DAGs
[2026-04-01T04:36:59.249+0000] {logging_mixin.py:190} INFO - [2026-04-01T04:36:59.249+0000] {dag.py:4180} INFO - Setting next_dagrun for db_and_model_update to 2026-03-30 14:00:00+00:00, run_after=2026-04-06 14:00:00+00:00
[2026-04-01T04:36:59.270+0000] {processor.py:208} INFO - Processing /opt/airflow/dags/db_and_model_update_dag.py took 0.102 seconds
[2026-04-01T04:37:29.864+0000] {processor.py:186} INFO - Started process (PID=9537) to work on /opt/airflow/dags/db_and_model_update_dag.py
[2026-04-01T04:37:29.865+0000] {processor.py:914} INFO - Processing file /opt/airflow/dags/db_and_model_update_dag.py for tasks to queue
[2026-04-01T04:37:29.867+0000] {logging_mixin.py:190} INFO - [2026-04-01T04:37:29.867+0000] {dagbag.py:588} INFO - Filling up the DagBag from /opt/airflow/dags/db_and_model_update_dag.py
[2026-04-01T04:37:29.885+0000] {processor.py:925} INFO - DAG(s) 'db_and_model_update' retrieved from /opt/airflow/dags/db_and_model_update_dag.py
[2026-04-01T04:37:29.916+0000] {logging_mixin.py:190} INFO - [2026-04-01T04:37:29.916+0000] {dag.py:3239} INFO - Sync 1 DAGs
[2026-04-01T04:37:29.940+0000] {logging_mixin.py:190} INFO - [2026-04-01T04:37:29.940+0000] {dag.py:4180} INFO - Setting next_dagrun for db_and_model_update to 2026-03-30 14:00:00+00:00, run_after=2026-04-06 14:00:00+00:00
[2026-04-01T04:37:29.959+0000] {processor.py:208} INFO - Processing /opt/airflow/dags/db_and_model_update_dag.py took 0.102 seconds
[2026-04-01T04:38:00.105+0000] {processor.py:186} INFO - Started process (PID=9547) to work on /opt/airflow/dags/db_and_model_update_dag.py
[2026-04-01T04:38:00.106+0000] {processor.py:914} INFO - Processing file /opt/airflow/dags/db_and_model_update_dag.py for tasks to queue
[2026-04-01T04:38:00.109+0000] {logging_mixin.py:190} INFO - [2026-04-01T04:38:00.108+0000] {dagbag.py:588} INFO - Filling up the DagBag from /opt/airflow/dags/db_and_model_update_dag.py
[2026-04-01T04:38:00.129+0000] {processor.py:925} INFO - DAG(s) 'db_and_model_update' retrieved from /opt/airflow/dags/db_and_model_update_dag.py
[2026-04-01T04:38:00.159+0000] {logging_mixin.py:190} INFO - [2026-04-01T04:38:00.159+0000] {dag.py:3239} INFO - Sync 1 DAGs
[2026-04-01T04:38:00.181+0000] {logging_mixin.py:190} INFO - [2026-04-01T04:38:00.181+0000] {dag.py:4180} INFO - Setting next_dagrun for db_and_model_update to 2026-03-30 14:00:00+00:00, run_after=2026-04-06 14:00:00+00:00
[2026-04-01T04:38:00.203+0000] {processor.py:208} INFO - Processing /opt/airflow/dags/db_and_model_update_dag.py took 0.106 seconds
[2026-04-01T04:38:30.924+0000] {processor.py:186} INFO - Started process (PID=9557) to work on /opt/airflow/dags/db_and_model_update_dag.py
[2026-04-01T04:38:30.925+0000] {processor.py:914} INFO - Processing file /opt/airflow/dags/db_and_model_update_dag.py for tasks to queue
[2026-04-01T04:38:30.927+0000] {logging_mixin.py:190} INFO - [2026-04-01T04:38:30.927+0000] {dagbag.py:588} INFO - Filling up the DagBag from /opt/airflow/dags/db_and_model_update_dag.py
[2026-04-01T04:38:30.945+0000] {processor.py:925} INFO - DAG(s) 'db_and_model_update' retrieved from /opt/airflow/dags/db_and_model_update_dag.py
[2026-04-01T04:38:30.974+0000] {logging_mixin.py:190} INFO - [2026-04-01T04:38:30.974+0000] {dag.py:3239} INFO - Sync 1 DAGs
[2026-04-01T04:38:30.996+0000] {logging_mixin.py:190} INFO - [2026-04-01T04:38:30.996+0000] {dag.py:4180} INFO - Setting next_dagrun for db_and_model_update to 2026-03-30 14:00:00+00:00, run_after=2026-04-06 14:00:00+00:00
[2026-04-01T04:38:31.017+0000] {processor.py:208} INFO - Processing /opt/airflow/dags/db_and_model_update_dag.py took 0.099 seconds
[2026-04-01T04:39:01.675+0000] {processor.py:186} INFO - Started process (PID=9567) to work on /opt/airflow/dags/db_and_model_update_dag.py
[2026-04-01T04:39:01.676+0000] {processor.py:914} INFO - Processing file /opt/airflow/dags/db_and_model_update_dag.py for tasks to queue
[2026-04-01T04:39:01.679+0000] {logging_mixin.py:190} INFO - [2026-04-01T04:39:01.679+0000] {dagbag.py:588} INFO - Filling up the DagBag from /opt/airflow/dags/db_and_model_update_dag.py
[2026-04-01T04:39:01.715+0000] {processor.py:925} INFO - DAG(s) 'db_and_model_update' retrieved from /opt/airflow/dags/db_and_model_update_dag.py
[2026-04-01T04:39:01.768+0000] {logging_mixin.py:190} INFO - [2026-04-01T04:39:01.768+0000] {dag.py:3239} INFO - Sync 1 DAGs
[2026-04-01T04:39:01.812+0000] {logging_mixin.py:190} INFO - [2026-04-01T04:39:01.812+0000] {dag.py:4180} INFO - Setting next_dagrun for db_and_model_update to 2026-03-30 14:00:00+00:00, run_after=2026-04-06 14:00:00+00:00
[2026-04-01T04:39:01.842+0000] {processor.py:208} INFO - Processing /opt/airflow/dags/db_and_model_update_dag.py took 0.176 seconds
[2026-04-01T04:39:32.599+0000] {processor.py:186} INFO - Started process (PID=9577) to work on /opt/airflow/dags/db_and_model_update_dag.py
[2026-04-01T04:39:32.600+0000] {processor.py:914} INFO - Processing file /opt/airflow/dags/db_and_model_update_dag.py for tasks to queue
[2026-04-01T04:39:32.603+0000] {logging_mixin.py:190} INFO - [2026-04-01T04:39:32.602+0000] {dagbag.py:588} INFO - Filling up the DagBag from /opt/airflow/dags/db_and_model_update_dag.py
[2026-04-01T04:39:32.625+0000] {processor.py:925} INFO - DAG(s) 'db_and_model_update' retrieved from /opt/airflow/dags/db_and_model_update_dag.py
[2026-04-01T04:39:32.661+0000] {logging_mixin.py:190} INFO - [2026-04-01T04:39:32.660+0000] {dag.py:3239} INFO - Sync 1 DAGs
[2026-04-01T04:39:32.684+0000] {logging_mixin.py:190} INFO - [2026-04-01T04:39:32.684+0000] {dag.py:4180} INFO - Setting next_dagrun for db_and_model_update to 2026-03-30 14:00:00+00:00, run_after=2026-04-06 14:00:00+00:00
[2026-04-01T04:39:32.703+0000] {processor.py:208} INFO - Processing /opt/airflow/dags/db_and_model_update_dag.py took 0.116 seconds
[2026-04-01T04:40:03.353+0000] {processor.py:186} INFO - Started process (PID=9587) to work on /opt/airflow/dags/db_and_model_update_dag.py
[2026-04-01T04:40:03.354+0000] {processor.py:914} INFO - Processing file /opt/airflow/dags/db_and_model_update_dag.py for tasks to queue
[2026-04-01T04:40:03.356+0000] {logging_mixin.py:190} INFO - [2026-04-01T04:40:03.356+0000] {dagbag.py:588} INFO - Filling up the DagBag from /opt/airflow/dags/db_and_model_update_dag.py
[2026-04-01T04:40:03.377+0000] {processor.py:925} INFO - DAG(s) 'db_and_model_update' retrieved from /opt/airflow/dags/db_and_model_update_dag.py
[2026-04-01T04:40:03.407+0000] {logging_mixin.py:190} INFO - [2026-04-01T04:40:03.407+0000] {dag.py:3239} INFO - Sync 1 DAGs
[2026-04-01T04:40:03.432+0000] {logging_mixin.py:190} INFO - [2026-04-01T04:40:03.432+0000] {dag.py:4180} INFO - Setting next_dagrun for db_and_model_update to 2026-03-30 14:00:00+00:00, run_after=2026-04-06 14:00:00+00:00
[2026-04-01T04:40:03.452+0000] {processor.py:208} INFO - Processing /opt/airflow/dags/db_and_model_update_dag.py took 0.106 seconds
[2026-04-01T04:40:34.048+0000] {processor.py:186} INFO - Started process (PID=9597) to work on /opt/airflow/dags/db_and_model_update_dag.py
[2026-04-01T04:40:34.052+0000] {processor.py:914} INFO - Processing file /opt/airflow/dags/db_and_model_update_dag.py for tasks to queue
[2026-04-01T04:40:34.055+0000] {logging_mixin.py:190} INFO - [2026-04-01T04:40:34.055+0000] {dagbag.py:588} INFO - Filling up the DagBag from /opt/airflow/dags/db_and_model_update_dag.py
[2026-04-01T04:40:34.081+0000] {processor.py:925} INFO - DAG(s) 'db_and_model_update' retrieved from /opt/airflow/dags/db_and_model_update_dag.py
[2026-04-01T04:40:34.113+0000] {logging_mixin.py:190} INFO - [2026-04-01T04:40:34.112+0000] {dag.py:3239} INFO - Sync 1 DAGs
[2026-04-01T04:40:34.137+0000] {logging_mixin.py:190} INFO - [2026-04-01T04:40:34.137+0000] {dag.py:4180} INFO - Setting next_dagrun for db_and_model_update to 2026-03-30 14:00:00+00:00, run_after=2026-04-06 14:00:00+00:00
[2026-04-01T04:40:34.169+0000] {processor.py:208} INFO - Processing /opt/airflow/dags/db_and_model_update_dag.py took 0.128 seconds
[2026-04-01T04:41:04.905+0000] {processor.py:186} INFO - Started process (PID=9607) to work on /opt/airflow/dags/db_and_model_update_dag.py
[2026-04-01T04:41:04.906+0000] {processor.py:914} INFO - Processing file /opt/airflow/dags/db_and_model_update_dag.py for tasks to queue
[2026-04-01T04:41:04.910+0000] {logging_mixin.py:190} INFO - [2026-04-01T04:41:04.909+0000] {dagbag.py:588} INFO - Filling up the DagBag from /opt/airflow/dags/db_and_model_update_dag.py
[2026-04-01T04:41:04.934+0000] {processor.py:925} INFO - DAG(s) 'db_and_model_update' retrieved from /opt/airflow/dags/db_and_model_update_dag.py
[2026-04-01T04:41:04.965+0000] {logging_mixin.py:190} INFO - [2026-04-01T04:41:04.965+0000] {dag.py:3239} INFO - Sync 1 DAGs
[2026-04-01T04:41:04.992+0000] {logging_mixin.py:190} INFO - [2026-04-01T04:41:04.992+0000] {dag.py:4180} INFO - Setting next_dagrun for db_and_model_update to 2026-03-30 14:00:00+00:00, run_after=2026-04-06 14:00:00+00:00
[2026-04-01T04:41:05.016+0000] {processor.py:208} INFO - Processing /opt/airflow/dags/db_and_model_update_dag.py took 0.119 seconds
[2026-04-01T04:41:35.737+0000] {processor.py:186} INFO - Started process (PID=9617) to work on /opt/airflow/dags/db_and_model_update_dag.py
[2026-04-01T04:41:35.737+0000] {processor.py:914} INFO - Processing file /opt/airflow/dags/db_and_model_update_dag.py for tasks to queue
[2026-04-01T04:41:35.739+0000] {logging_mixin.py:190} INFO - [2026-04-01T04:41:35.739+0000] {dagbag.py:588} INFO - Filling up the DagBag from /opt/airflow/dags/db_and_model_update_dag.py
[2026-04-01T04:41:35.760+0000] {processor.py:925} INFO - DAG(s) 'db_and_model_update' retrieved from /opt/airflow/dags/db_and_model_update_dag.py
[2026-04-01T04:41:35.787+0000] {logging_mixin.py:190} INFO - [2026-04-01T04:41:35.786+0000] {dag.py:3239} INFO - Sync 1 DAGs
[2026-04-01T04:41:35.808+0000] {logging_mixin.py:190} INFO - [2026-04-01T04:41:35.808+0000] {dag.py:4180} INFO - Setting next_dagrun for db_and_model_update to 2026-03-30 14:00:00+00:00, run_after=2026-04-06 14:00:00+00:00
[2026-04-01T04:41:35.831+0000] {processor.py:208} INFO - Processing /opt/airflow/dags/db_and_model_update_dag.py took 0.101 seconds
[2026-04-01T04:42:06.330+0000] {processor.py:186} INFO - Started process (PID=9627) to work on /opt/airflow/dags/db_and_model_update_dag.py
[2026-04-01T04:42:06.332+0000] {processor.py:914} INFO - Processing file /opt/airflow/dags/db_and_model_update_dag.py for tasks to queue
[2026-04-01T04:42:06.334+0000] {logging_mixin.py:190} INFO - [2026-04-01T04:42:06.333+0000] {dagbag.py:588} INFO - Filling up the DagBag from /opt/airflow/dags/db_and_model_update_dag.py
[2026-04-01T04:42:06.361+0000] {processor.py:925} INFO - DAG(s) 'db_and_model_update' retrieved from /opt/airflow/dags/db_and_model_update_dag.py
[2026-04-01T04:42:06.390+0000] {logging_mixin.py:190} INFO - [2026-04-01T04:42:06.390+0000] {dag.py:3239} INFO - Sync 1 DAGs
[2026-04-01T04:42:06.409+0000] {logging_mixin.py:190} INFO - [2026-04-01T04:42:06.409+0000] {dag.py:4180} INFO - Setting next_dagrun for db_and_model_update to 2026-03-30 14:00:00+00:00, run_after=2026-04-06 14:00:00+00:00
[2026-04-01T04:42:06.428+0000] {processor.py:208} INFO - Processing /opt/airflow/dags/db_and_model_update_dag.py took 0.103 seconds
[2026-04-01T04:42:37.062+0000] {processor.py:186} INFO - Started process (PID=9637) to work on /opt/airflow/dags/db_and_model_update_dag.py
[2026-04-01T04:42:37.063+0000] {processor.py:914} INFO - Processing file /opt/airflow/dags/db_and_model_update_dag.py for tasks to queue
[2026-04-01T04:42:37.067+0000] {logging_mixin.py:190} INFO - [2026-04-01T04:42:37.066+0000] {dagbag.py:588} INFO - Filling up the DagBag from /opt/airflow/dags/db_and_model_update_dag.py
[2026-04-01T04:42:37.089+0000] {processor.py:925} INFO - DAG(s) 'db_and_model_update' retrieved from /opt/airflow/dags/db_and_model_update_dag.py
[2026-04-01T04:42:37.118+0000] {logging_mixin.py:190} INFO - [2026-04-01T04:42:37.118+0000] {dag.py:3239} INFO - Sync 1 DAGs
[2026-04-01T04:42:37.139+0000] {logging_mixin.py:190} INFO - [2026-04-01T04:42:37.139+0000] {dag.py:4180} INFO - Setting next_dagrun for db_and_model_update to 2026-03-30 14:00:00+00:00, run_after=2026-04-06 14:00:00+00:00
[2026-04-01T04:42:37.166+0000] {processor.py:208} INFO - Processing /opt/airflow/dags/db_and_model_update_dag.py took 0.112 seconds
[2026-04-01T04:43:07.809+0000] {processor.py:186} INFO - Started process (PID=9647) to work on /opt/airflow/dags/db_and_model_update_dag.py
[2026-04-01T04:43:07.810+0000] {processor.py:914} INFO - Processing file /opt/airflow/dags/db_and_model_update_dag.py for tasks to queue
[2026-04-01T04:43:07.812+0000] {logging_mixin.py:190} INFO - [2026-04-01T04:43:07.812+0000] {dagbag.py:588} INFO - Filling up the DagBag from /opt/airflow/dags/db_and_model_update_dag.py
[2026-04-01T04:43:07.831+0000] {processor.py:925} INFO - DAG(s) 'db_and_model_update' retrieved from /opt/airflow/dags/db_and_model_update_dag.py
[2026-04-01T04:43:07.858+0000] {logging_mixin.py:190} INFO - [2026-04-01T04:43:07.858+0000] {dag.py:3239} INFO - Sync 1 DAGs
[2026-04-01T04:43:07.879+0000] {logging_mixin.py:190} INFO - [2026-04-01T04:43:07.879+0000] {dag.py:4180} INFO - Setting next_dagrun for db_and_model_update to 2026-03-30 14:00:00+00:00, run_after=2026-04-06 14:00:00+00:00
[2026-04-01T04:43:07.896+0000] {processor.py:208} INFO - Processing /opt/airflow/dags/db_and_model_update_dag.py took 0.095 seconds
[2026-04-01T04:43:38.492+0000] {processor.py:186} INFO - Started process (PID=9657) to work on /opt/airflow/dags/db_and_model_update_dag.py
[2026-04-01T04:43:38.493+0000] {processor.py:914} INFO - Processing file /opt/airflow/dags/db_and_model_update_dag.py for tasks to queue
[2026-04-01T04:43:38.495+0000] {logging_mixin.py:190} INFO - [2026-04-01T04:43:38.495+0000] {dagbag.py:588} INFO - Filling up the DagBag from /opt/airflow/dags/db_and_model_update_dag.py
[2026-04-01T04:43:38.513+0000] {processor.py:925} INFO - DAG(s) 'db_and_model_update' retrieved from /opt/airflow/dags/db_and_model_update_dag.py
[2026-04-01T04:43:38.542+0000] {logging_mixin.py:190} INFO - [2026-04-01T04:43:38.542+0000] {dag.py:3239} INFO - Sync 1 DAGs
[2026-04-01T04:43:38.571+0000] {logging_mixin.py:190} INFO - [2026-04-01T04:43:38.571+0000] {dag.py:4180} INFO - Setting next_dagrun for db_and_model_update to 2026-03-30 14:00:00+00:00, run_after=2026-04-06 14:00:00+00:00
[2026-04-01T04:43:38.613+0000] {processor.py:208} INFO - Processing /opt/airflow/dags/db_and_model_update_dag.py took 0.128 seconds
[2026-04-01T04:44:09.153+0000] {processor.py:186} INFO - Started process (PID=9667) to work on /opt/airflow/dags/db_and_model_update_dag.py
[2026-04-01T04:44:09.155+0000] {processor.py:914} INFO - Processing file /opt/airflow/dags/db_and_model_update_dag.py for tasks to queue
[2026-04-01T04:44:09.157+0000] {logging_mixin.py:190} INFO - [2026-04-01T04:44:09.157+0000] {dagbag.py:588} INFO - Filling up the DagBag from /opt/airflow/dags/db_and_model_update_dag.py
[2026-04-01T04:44:09.178+0000] {processor.py:925} INFO - DAG(s) 'db_and_model_update' retrieved from /opt/airflow/dags/db_and_model_update_dag.py
[2026-04-01T04:44:09.209+0000] {logging_mixin.py:190} INFO - [2026-04-01T04:44:09.209+0000] {dag.py:3239} INFO - Sync 1 DAGs
[2026-04-01T04:44:09.230+0000] {logging_mixin.py:190} INFO - [2026-04-01T04:44:09.230+0000] {dag.py:4180} INFO - Setting next_dagrun for db_and_model_update to 2026-03-30 14:00:00+00:00, run_after=2026-04-06 14:00:00+00:00
[2026-04-01T04:44:09.248+0000] {processor.py:208} INFO - Processing /opt/airflow/dags/db_and_model_update_dag.py took 0.103 seconds
[2026-04-01T04:44:39.868+0000] {processor.py:186} INFO - Started process (PID=9677) to work on /opt/airflow/dags/db_and_model_update_dag.py
[2026-04-01T04:44:39.869+0000] {processor.py:914} INFO - Processing file /opt/airflow/dags/db_and_model_update_dag.py for tasks to queue
[2026-04-01T04:44:39.871+0000] {logging_mixin.py:190} INFO - [2026-04-01T04:44:39.871+0000] {dagbag.py:588} INFO - Filling up the DagBag from /opt/airflow/dags/db_and_model_update_dag.py
[2026-04-01T04:44:39.890+0000] {processor.py:925} INFO - DAG(s) 'db_and_model_update' retrieved from /opt/airflow/dags/db_and_model_update_dag.py
[2026-04-01T04:44:39.919+0000] {logging_mixin.py:190} INFO - [2026-04-01T04:44:39.919+0000] {dag.py:3239} INFO - Sync 1 DAGs
[2026-04-01T04:44:39.940+0000] {logging_mixin.py:190} INFO - [2026-04-01T04:44:39.940+0000] {dag.py:4180} INFO - Setting next_dagrun for db_and_model_update to 2026-03-30 14:00:00+00:00, run_after=2026-04-06 14:00:00+00:00
[2026-04-01T04:44:39.964+0000] {processor.py:208} INFO - Processing /opt/airflow/dags/db_and_model_update_dag.py took 0.102 seconds
[2026-04-01T04:45:10.505+0000] {processor.py:186} INFO - Started process (PID=9687) to work on /opt/airflow/dags/db_and_model_update_dag.py
[2026-04-01T04:45:10.516+0000] {processor.py:914} INFO - Processing file /opt/airflow/dags/db_and_model_update_dag.py for tasks to queue
[2026-04-01T04:45:10.518+0000] {logging_mixin.py:190} INFO - [2026-04-01T04:45:10.518+0000] {dagbag.py:588} INFO - Filling up the DagBag from /opt/airflow/dags/db_and_model_update_dag.py
[2026-04-01T04:45:10.542+0000] {processor.py:925} INFO - DAG(s) 'db_and_model_update' retrieved from /opt/airflow/dags/db_and_model_update_dag.py
[2026-04-01T04:45:10.572+0000] {logging_mixin.py:190} INFO - [2026-04-01T04:45:10.571+0000] {dag.py:3239} INFO - Sync 1 DAGs
[2026-04-01T04:45:10.594+0000] {logging_mixin.py:190} INFO - [2026-04-01T04:45:10.593+0000] {dag.py:4180} INFO - Setting next_dagrun for db_and_model_update to 2026-03-30 14:00:00+00:00, run_after=2026-04-06 14:00:00+00:00
[2026-04-01T04:45:10.617+0000] {processor.py:208} INFO - Processing /opt/airflow/dags/db_and_model_update_dag.py took 0.119 seconds
[2026-04-01T04:45:41.146+0000] {processor.py:186} INFO - Started process (PID=9697) to work on /opt/airflow/dags/db_and_model_update_dag.py
[2026-04-01T04:45:41.147+0000] {processor.py:914} INFO - Processing file /opt/airflow/dags/db_and_model_update_dag.py for tasks to queue
[2026-04-01T04:45:41.150+0000] {logging_mixin.py:190} INFO - [2026-04-01T04:45:41.149+0000] {dagbag.py:588} INFO - Filling up the DagBag from /opt/airflow/dags/db_and_model_update_dag.py
[2026-04-01T04:45:41.170+0000] {processor.py:925} INFO - DAG(s) 'db_and_model_update' retrieved from /opt/airflow/dags/db_and_model_update_dag.py
[2026-04-01T04:45:41.202+0000] {logging_mixin.py:190} INFO - [2026-04-01T04:45:41.202+0000] {dag.py:3239} INFO - Sync 1 DAGs
[2026-04-01T04:45:41.226+0000] {logging_mixin.py:190} INFO - [2026-04-01T04:45:41.225+0000] {dag.py:4180} INFO - Setting next_dagrun for db_and_model_update to 2026-03-30 14:00:00+00:00, run_after=2026-04-06 14:00:00+00:00
[2026-04-01T04:45:41.243+0000] {processor.py:208} INFO - Processing /opt/airflow/dags/db_and_model_update_dag.py took 0.104 seconds
[2026-04-01T04:46:11.884+0000] {processor.py:186} INFO - Started process (PID=9707) to work on /opt/airflow/dags/db_and_model_update_dag.py
[2026-04-01T04:46:11.886+0000] {processor.py:914} INFO - Processing file /opt/airflow/dags/db_and_model_update_dag.py for tasks to queue
[2026-04-01T04:46:11.889+0000] {logging_mixin.py:190} INFO - [2026-04-01T04:46:11.889+0000] {dagbag.py:588} INFO - Filling up the DagBag from /opt/airflow/dags/db_and_model_update_dag.py
[2026-04-01T04:46:11.909+0000] {processor.py:925} INFO - DAG(s) 'db_and_model_update' retrieved from /opt/airflow/dags/db_and_model_update_dag.py
[2026-04-01T04:46:11.946+0000] {logging_mixin.py:190} INFO - [2026-04-01T04:46:11.946+0000] {dag.py:3239} INFO - Sync 1 DAGs
[2026-04-01T04:46:11.976+0000] {logging_mixin.py:190} INFO - [2026-04-01T04:46:11.975+0000] {dag.py:4180} INFO - Setting next_dagrun for db_and_model_update to 2026-03-30 14:00:00+00:00, run_after=2026-04-06 14:00:00+00:00
[2026-04-01T04:46:12.004+0000] {processor.py:208} INFO - Processing /opt/airflow/dags/db_and_model_update_dag.py took 0.128 seconds
[2026-04-01T04:46:42.630+0000] {processor.py:186} INFO - Started process (PID=9717) to work on /opt/airflow/dags/db_and_model_update_dag.py
[2026-04-01T04:46:42.633+0000] {processor.py:914} INFO - Processing file /opt/airflow/dags/db_and_model_update_dag.py for tasks to queue
[2026-04-01T04:46:42.637+0000] {logging_mixin.py:190} INFO - [2026-04-01T04:46:42.636+0000] {dagbag.py:588} INFO - Filling up the DagBag from /opt/airflow/dags/db_and_model_update_dag.py
[2026-04-01T04:46:42.657+0000] {processor.py:925} INFO - DAG(s) 'db_and_model_update' retrieved from /opt/airflow/dags/db_and_model_update_dag.py
[2026-04-01T04:46:42.690+0000] {logging_mixin.py:190} INFO - [2026-04-01T04:46:42.689+0000] {dag.py:3239} INFO - Sync 1 DAGs
[2026-04-01T04:46:42.714+0000] {logging_mixin.py:190} INFO - [2026-04-01T04:46:42.714+0000] {dag.py:4180} INFO - Setting next_dagrun for db_and_model_update to 2026-03-30 14:00:00+00:00, run_after=2026-04-06 14:00:00+00:00
[2026-04-01T04:46:42.741+0000] {processor.py:208} INFO - Processing /opt/airflow/dags/db_and_model_update_dag.py took 0.120 seconds
[2026-04-01T04:47:13.257+0000] {processor.py:186} INFO - Started process (PID=9727) to work on /opt/airflow/dags/db_and_model_update_dag.py
[2026-04-01T04:47:13.258+0000] {processor.py:914} INFO - Processing file /opt/airflow/dags/db_and_model_update_dag.py for tasks to queue
[2026-04-01T04:47:13.261+0000] {logging_mixin.py:190} INFO - [2026-04-01T04:47:13.261+0000] {dagbag.py:588} INFO - Filling up the DagBag from /opt/airflow/dags/db_and_model_update_dag.py
[2026-04-01T04:47:13.282+0000] {processor.py:925} INFO - DAG(s) 'db_and_model_update' retrieved from /opt/airflow/dags/db_and_model_update_dag.py
[2026-04-01T04:47:13.313+0000] {logging_mixin.py:190} INFO - [2026-04-01T04:47:13.312+0000] {dag.py:3239} INFO - Sync 1 DAGs
[2026-04-01T04:47:13.338+0000] {logging_mixin.py:190} INFO - [2026-04-01T04:47:13.338+0000] {dag.py:4180} INFO - Setting next_dagrun for db_and_model_update to 2026-03-30 14:00:00+00:00, run_after=2026-04-06 14:00:00+00:00
[2026-04-01T04:47:13.360+0000] {processor.py:208} INFO - Processing /opt/airflow/dags/db_and_model_update_dag.py took 0.111 seconds
[2026-04-01T04:47:44.000+0000] {processor.py:186} INFO - Started process (PID=9737) to work on /opt/airflow/dags/db_and_model_update_dag.py
[2026-04-01T04:47:44.001+0000] {processor.py:914} INFO - Processing file /opt/airflow/dags/db_and_model_update_dag.py for tasks to queue
[2026-04-01T04:47:44.004+0000] {logging_mixin.py:190} INFO - [2026-04-01T04:47:44.003+0000] {dagbag.py:588} INFO - Filling up the DagBag from /opt/airflow/dags/db_and_model_update_dag.py
[2026-04-01T04:47:44.022+0000] {processor.py:925} INFO - DAG(s) 'db_and_model_update' retrieved from /opt/airflow/dags/db_and_model_update_dag.py
[2026-04-01T04:47:44.050+0000] {logging_mixin.py:190} INFO - [2026-04-01T04:47:44.050+0000] {dag.py:3239} INFO - Sync 1 DAGs
[2026-04-01T04:47:44.070+0000] {logging_mixin.py:190} INFO - [2026-04-01T04:47:44.070+0000] {dag.py:4180} INFO - Setting next_dagrun for db_and_model_update to 2026-03-30 14:00:00+00:00, run_after=2026-04-06 14:00:00+00:00
[2026-04-01T04:47:44.088+0000] {processor.py:208} INFO - Processing /opt/airflow/dags/db_and_model_update_dag.py took 0.095 seconds
[2026-04-01T04:48:14.694+0000] {processor.py:186} INFO - Started process (PID=9747) to work on /opt/airflow/dags/db_and_model_update_dag.py
[2026-04-01T04:48:14.695+0000] {processor.py:914} INFO - Processing file /opt/airflow/dags/db_and_model_update_dag.py for tasks to queue
[2026-04-01T04:48:14.697+0000] {logging_mixin.py:190} INFO - [2026-04-01T04:48:14.697+0000] {dagbag.py:588} INFO - Filling up the DagBag from /opt/airflow/dags/db_and_model_update_dag.py
[2026-04-01T04:48:14.715+0000] {processor.py:925} INFO - DAG(s) 'db_and_model_update' retrieved from /opt/airflow/dags/db_and_model_update_dag.py
[2026-04-01T04:48:14.742+0000] {logging_mixin.py:190} INFO - [2026-04-01T04:48:14.742+0000] {dag.py:3239} INFO - Sync 1 DAGs
[2026-04-01T04:48:14.763+0000] {logging_mixin.py:190} INFO - [2026-04-01T04:48:14.763+0000] {dag.py:4180} INFO - Setting next_dagrun for db_and_model_update to 2026-03-30 14:00:00+00:00, run_after=2026-04-06 14:00:00+00:00
[2026-04-01T04:48:14.781+0000] {processor.py:208} INFO - Processing /opt/airflow/dags/db_and_model_update_dag.py took 0.095 seconds
[2026-04-01T04:48:45.314+0000] {processor.py:186} INFO - Started process (PID=9757) to work on /opt/airflow/dags/db_and_model_update_dag.py
[2026-04-01T04:48:45.315+0000] {processor.py:914} INFO - Processing file /opt/airflow/dags/db_and_model_update_dag.py for tasks to queue
[2026-04-01T04:48:45.318+0000] {logging_mixin.py:190} INFO - [2026-04-01T04:48:45.318+0000] {dagbag.py:588} INFO - Filling up the DagBag from /opt/airflow/dags/db_and_model_update_dag.py
[2026-04-01T04:48:45.339+0000] {processor.py:925} INFO - DAG(s) 'db_and_model_update' retrieved from /opt/airflow/dags/db_and_model_update_dag.py
[2026-04-01T04:48:45.368+0000] {logging_mixin.py:190} INFO - [2026-04-01T04:48:45.367+0000] {dag.py:3239} INFO - Sync 1 DAGs
[2026-04-01T04:48:45.392+0000] {logging_mixin.py:190} INFO - [2026-04-01T04:48:45.392+0000] {dag.py:4180} INFO - Setting next_dagrun for db_and_model_update to 2026-03-30 14:00:00+00:00, run_after=2026-04-06 14:00:00+00:00
[2026-04-01T04:48:45.415+0000] {processor.py:208} INFO - Processing /opt/airflow/dags/db_and_model_update_dag.py took 0.107 seconds
[2026-04-01T04:49:16.329+0000] {processor.py:186} INFO - Started process (PID=9767) to work on /opt/airflow/dags/db_and_model_update_dag.py
[2026-04-01T04:49:16.331+0000] {processor.py:914} INFO - Processing file /opt/airflow/dags/db_and_model_update_dag.py for tasks to queue
[2026-04-01T04:49:16.333+0000] {logging_mixin.py:190} INFO - [2026-04-01T04:49:16.333+0000] {dagbag.py:588} INFO - Filling up the DagBag from /opt/airflow/dags/db_and_model_update_dag.py
[2026-04-01T04:49:16.357+0000] {processor.py:925} INFO - DAG(s) 'db_and_model_update' retrieved from /opt/airflow/dags/db_and_model_update_dag.py
[2026-04-01T04:49:16.393+0000] {logging_mixin.py:190} INFO - [2026-04-01T04:49:16.392+0000] {dag.py:3239} INFO - Sync 1 DAGs
[2026-04-01T04:49:16.417+0000] {logging_mixin.py:190} INFO - [2026-04-01T04:49:16.416+0000] {dag.py:4180} INFO - Setting next_dagrun for db_and_model_update to 2026-03-30 14:00:00+00:00, run_after=2026-04-06 14:00:00+00:00
[2026-04-01T04:49:16.449+0000] {processor.py:208} INFO - Processing /opt/airflow/dags/db_and_model_update_dag.py took 0.126 seconds
[2026-04-01T04:49:47.108+0000] {processor.py:186} INFO - Started process (PID=9777) to work on /opt/airflow/dags/db_and_model_update_dag.py
[2026-04-01T04:49:47.110+0000] {processor.py:914} INFO - Processing file /opt/airflow/dags/db_and_model_update_dag.py for tasks to queue
[2026-04-01T04:49:47.112+0000] {logging_mixin.py:190} INFO - [2026-04-01T04:49:47.111+0000] {dagbag.py:588} INFO - Filling up the DagBag from /opt/airflow/dags/db_and_model_update_dag.py
[2026-04-01T04:49:47.131+0000] {processor.py:925} INFO - DAG(s) 'db_and_model_update' retrieved from /opt/airflow/dags/db_and_model_update_dag.py
[2026-04-01T04:49:47.160+0000] {logging_mixin.py:190} INFO - [2026-04-01T04:49:47.160+0000] {dag.py:3239} INFO - Sync 1 DAGs
[2026-04-01T04:49:47.182+0000] {logging_mixin.py:190} INFO - [2026-04-01T04:49:47.182+0000] {dag.py:4180} INFO - Setting next_dagrun for db_and_model_update to 2026-03-30 14:00:00+00:00, run_after=2026-04-06 14:00:00+00:00
[2026-04-01T04:49:47.201+0000] {processor.py:208} INFO - Processing /opt/airflow/dags/db_and_model_update_dag.py took 0.101 seconds
[2026-04-01T04:50:17.914+0000] {processor.py:186} INFO - Started process (PID=9787) to work on /opt/airflow/dags/db_and_model_update_dag.py
[2026-04-01T04:50:17.915+0000] {processor.py:914} INFO - Processing file /opt/airflow/dags/db_and_model_update_dag.py for tasks to queue
[2026-04-01T04:50:17.918+0000] {logging_mixin.py:190} INFO - [2026-04-01T04:50:17.917+0000] {dagbag.py:588} INFO - Filling up the DagBag from /opt/airflow/dags/db_and_model_update_dag.py
[2026-04-01T04:50:17.938+0000] {processor.py:925} INFO - DAG(s) 'db_and_model_update' retrieved from /opt/airflow/dags/db_and_model_update_dag.py
[2026-04-01T04:50:17.967+0000] {logging_mixin.py:190} INFO - [2026-04-01T04:50:17.967+0000] {dag.py:3239} INFO - Sync 1 DAGs
[2026-04-01T04:50:17.988+0000] {logging_mixin.py:190} INFO - [2026-04-01T04:50:17.988+0000] {dag.py:4180} INFO - Setting next_dagrun for db_and_model_update to 2026-03-30 14:00:00+00:00, run_after=2026-04-06 14:00:00+00:00
[2026-04-01T04:50:18.008+0000] {processor.py:208} INFO - Processing /opt/airflow/dags/db_and_model_update_dag.py took 0.102 seconds
[2026-04-01T04:50:48.596+0000] {processor.py:186} INFO - Started process (PID=9797) to work on /opt/airflow/dags/db_and_model_update_dag.py
[2026-04-01T04:50:48.597+0000] {processor.py:914} INFO - Processing file /opt/airflow/dags/db_and_model_update_dag.py for tasks to queue
[2026-04-01T04:50:48.599+0000] {logging_mixin.py:190} INFO - [2026-04-01T04:50:48.599+0000] {dagbag.py:588} INFO - Filling up the DagBag from /opt/airflow/dags/db_and_model_update_dag.py
[2026-04-01T04:50:48.620+0000] {processor.py:925} INFO - DAG(s) 'db_and_model_update' retrieved from /opt/airflow/dags/db_and_model_update_dag.py
[2026-04-01T04:50:48.655+0000] {logging_mixin.py:190} INFO - [2026-04-01T04:50:48.655+0000] {dag.py:3239} INFO - Sync 1 DAGs
[2026-04-01T04:50:48.683+0000] {logging_mixin.py:190} INFO - [2026-04-01T04:50:48.682+0000] {dag.py:4180} INFO - Setting next_dagrun for db_and_model_update to 2026-03-30 14:00:00+00:00, run_after=2026-04-06 14:00:00+00:00
[2026-04-01T04:50:48.706+0000] {processor.py:208} INFO - Processing /opt/airflow/dags/db_and_model_update_dag.py took 0.120 seconds
[2026-04-01T04:51:19.365+0000] {processor.py:186} INFO - Started process (PID=9807) to work on /opt/airflow/dags/db_and_model_update_dag.py
[2026-04-01T04:51:19.366+0000] {processor.py:914} INFO - Processing file /opt/airflow/dags/db_and_model_update_dag.py for tasks to queue
[2026-04-01T04:51:19.369+0000] {logging_mixin.py:190} INFO - [2026-04-01T04:51:19.368+0000] {dagbag.py:588} INFO - Filling up the DagBag from /opt/airflow/dags/db_and_model_update_dag.py
[2026-04-01T04:51:19.387+0000] {processor.py:925} INFO - DAG(s) 'db_and_model_update' retrieved from /opt/airflow/dags/db_and_model_update_dag.py
[2026-04-01T04:51:19.415+0000] {logging_mixin.py:190} INFO - [2026-04-01T04:51:19.415+0000] {dag.py:3239} INFO - Sync 1 DAGs
[2026-04-01T04:51:19.436+0000] {logging_mixin.py:190} INFO - [2026-04-01T04:51:19.435+0000] {dag.py:4180} INFO - Setting next_dagrun for db_and_model_update to 2026-03-30 14:00:00+00:00, run_after=2026-04-06 14:00:00+00:00
[2026-04-01T04:51:19.455+0000] {processor.py:208} INFO - Processing /opt/airflow/dags/db_and_model_update_dag.py took 0.098 seconds
[2026-04-01T04:51:50.056+0000] {processor.py:186} INFO - Started process (PID=9817) to work on /opt/airflow/dags/db_and_model_update_dag.py
[2026-04-01T04:51:50.058+0000] {processor.py:914} INFO - Processing file /opt/airflow/dags/db_and_model_update_dag.py for tasks to queue
[2026-04-01T04:51:50.061+0000] {logging_mixin.py:190} INFO - [2026-04-01T04:51:50.060+0000] {dagbag.py:588} INFO - Filling up the DagBag from /opt/airflow/dags/db_and_model_update_dag.py
[2026-04-01T04:51:50.084+0000] {processor.py:925} INFO - DAG(s) 'db_and_model_update' retrieved from /opt/airflow/dags/db_and_model_update_dag.py
[2026-04-01T04:51:50.124+0000] {logging_mixin.py:190} INFO - [2026-04-01T04:51:50.124+0000] {dag.py:3239} INFO - Sync 1 DAGs
[2026-04-01T04:51:50.151+0000] {logging_mixin.py:190} INFO - [2026-04-01T04:51:50.150+0000] {dag.py:4180} INFO - Setting next_dagrun for db_and_model_update to 2026-03-30 14:00:00+00:00, run_after=2026-04-06 14:00:00+00:00
[2026-04-01T04:51:50.171+0000] {processor.py:208} INFO - Processing /opt/airflow/dags/db_and_model_update_dag.py took 0.122 seconds
[2026-04-01T04:52:20.756+0000] {processor.py:186} INFO - Started process (PID=9827) to work on /opt/airflow/dags/db_and_model_update_dag.py
[2026-04-01T04:52:20.757+0000] {processor.py:914} INFO - Processing file /opt/airflow/dags/db_and_model_update_dag.py for tasks to queue
[2026-04-01T04:52:20.760+0000] {logging_mixin.py:190} INFO - [2026-04-01T04:52:20.760+0000] {dagbag.py:588} INFO - Filling up the DagBag from /opt/airflow/dags/db_and_model_update_dag.py
[2026-04-01T04:52:20.781+0000] {processor.py:925} INFO - DAG(s) 'db_and_model_update' retrieved from /opt/airflow/dags/db_and_model_update_dag.py
[2026-04-01T04:52:20.812+0000] {logging_mixin.py:190} INFO - [2026-04-01T04:52:20.812+0000] {dag.py:3239} INFO - Sync 1 DAGs
[2026-04-01T04:52:20.836+0000] {logging_mixin.py:190} INFO - [2026-04-01T04:52:20.836+0000] {dag.py:4180} INFO - Setting next_dagrun for db_and_model_update to 2026-03-30 14:00:00+00:00, run_after=2026-04-06 14:00:00+00:00
[2026-04-01T04:52:20.859+0000] {processor.py:208} INFO - Processing /opt/airflow/dags/db_and_model_update_dag.py took 0.110 seconds
[2026-04-01T04:52:51.472+0000] {processor.py:186} INFO - Started process (PID=9837) to work on /opt/airflow/dags/db_and_model_update_dag.py
[2026-04-01T04:52:51.473+0000] {processor.py:914} INFO - Processing file /opt/airflow/dags/db_and_model_update_dag.py for tasks to queue
[2026-04-01T04:52:51.475+0000] {logging_mixin.py:190} INFO - [2026-04-01T04:52:51.475+0000] {dagbag.py:588} INFO - Filling up the DagBag from /opt/airflow/dags/db_and_model_update_dag.py
[2026-04-01T04:52:51.493+0000] {processor.py:925} INFO - DAG(s) 'db_and_model_update' retrieved from /opt/airflow/dags/db_and_model_update_dag.py
[2026-04-01T04:52:51.521+0000] {logging_mixin.py:190} INFO - [2026-04-01T04:52:51.521+0000] {dag.py:3239} INFO - Sync 1 DAGs
[2026-04-01T04:52:51.542+0000] {logging_mixin.py:190} INFO - [2026-04-01T04:52:51.541+0000] {dag.py:4180} INFO - Setting next_dagrun for db_and_model_update to 2026-03-30 14:00:00+00:00, run_after=2026-04-06 14:00:00+00:00
[2026-04-01T04:52:51.563+0000] {processor.py:208} INFO - Processing /opt/airflow/dags/db_and_model_update_dag.py took 0.098 seconds
[2026-04-01T04:53:22.065+0000] {processor.py:186} INFO - Started process (PID=9847) to work on /opt/airflow/dags/db_and_model_update_dag.py
[2026-04-01T04:53:22.067+0000] {processor.py:914} INFO - Processing file /opt/airflow/dags/db_and_model_update_dag.py for tasks to queue
[2026-04-01T04:53:22.070+0000] {logging_mixin.py:190} INFO - [2026-04-01T04:53:22.070+0000] {dagbag.py:588} INFO - Filling up the DagBag from /opt/airflow/dags/db_and_model_update_dag.py
[2026-04-01T04:53:22.092+0000] {processor.py:925} INFO - DAG(s) 'db_and_model_update' retrieved from /opt/airflow/dags/db_and_model_update_dag.py
[2026-04-01T04:53:22.122+0000] {logging_mixin.py:190} INFO - [2026-04-01T04:53:22.122+0000] {dag.py:3239} INFO - Sync 1 DAGs
[2026-04-01T04:53:22.143+0000] {logging_mixin.py:190} INFO - [2026-04-01T04:53:22.143+0000] {dag.py:4180} INFO - Setting next_dagrun for db_and_model_update to 2026-03-30 14:00:00+00:00, run_after=2026-04-06 14:00:00+00:00
[2026-04-01T04:53:22.168+0000] {processor.py:208} INFO - Processing /opt/airflow/dags/db_and_model_update_dag.py took 0.115 seconds
[2026-04-01T04:53:52.783+0000] {processor.py:186} INFO - Started process (PID=9857) to work on /opt/airflow/dags/db_and_model_update_dag.py
[2026-04-01T04:53:52.784+0000] {processor.py:914} INFO - Processing file /opt/airflow/dags/db_and_model_update_dag.py for tasks to queue
[2026-04-01T04:53:52.786+0000] {logging_mixin.py:190} INFO - [2026-04-01T04:53:52.786+0000] {dagbag.py:588} INFO - Filling up the DagBag from /opt/airflow/dags/db_and_model_update_dag.py
[2026-04-01T04:53:52.810+0000] {processor.py:925} INFO - DAG(s) 'db_and_model_update' retrieved from /opt/airflow/dags/db_and_model_update_dag.py
[2026-04-01T04:53:52.851+0000] {logging_mixin.py:190} INFO - [2026-04-01T04:53:52.850+0000] {dag.py:3239} INFO - Sync 1 DAGs
[2026-04-01T04:53:52.875+0000] {logging_mixin.py:190} INFO - [2026-04-01T04:53:52.875+0000] {dag.py:4180} INFO - Setting next_dagrun for db_and_model_update to 2026-03-30 14:00:00+00:00, run_after=2026-04-06 14:00:00+00:00
[2026-04-01T04:53:52.898+0000] {processor.py:208} INFO - Processing /opt/airflow/dags/db_and_model_update_dag.py took 0.124 seconds
[2026-04-01T04:54:23.496+0000] {processor.py:186} INFO - Started process (PID=9867) to work on /opt/airflow/dags/db_and_model_update_dag.py
[2026-04-01T04:54:23.498+0000] {processor.py:914} INFO - Processing file /opt/airflow/dags/db_and_model_update_dag.py for tasks to queue
[2026-04-01T04:54:23.501+0000] {logging_mixin.py:190} INFO - [2026-04-01T04:54:23.500+0000] {dagbag.py:588} INFO - Filling up the DagBag from /opt/airflow/dags/db_and_model_update_dag.py
[2026-04-01T04:54:23.518+0000] {processor.py:925} INFO - DAG(s) 'db_and_model_update' retrieved from /opt/airflow/dags/db_and_model_update_dag.py
[2026-04-01T04:54:23.547+0000] {logging_mixin.py:190} INFO - [2026-04-01T04:54:23.546+0000] {dag.py:3239} INFO - Sync 1 DAGs
[2026-04-01T04:54:23.567+0000] {logging_mixin.py:190} INFO - [2026-04-01T04:54:23.566+0000] {dag.py:4180} INFO - Setting next_dagrun for db_and_model_update to 2026-03-30 14:00:00+00:00, run_after=2026-04-06 14:00:00+00:00
[2026-04-01T04:54:23.584+0000] {processor.py:208} INFO - Processing /opt/airflow/dags/db_and_model_update_dag.py took 0.096 seconds
[2026-04-01T04:54:54.083+0000] {processor.py:186} INFO - Started process (PID=9877) to work on /opt/airflow/dags/db_and_model_update_dag.py
[2026-04-01T04:54:54.084+0000] {processor.py:914} INFO - Processing file /opt/airflow/dags/db_and_model_update_dag.py for tasks to queue
[2026-04-01T04:54:54.087+0000] {logging_mixin.py:190} INFO - [2026-04-01T04:54:54.086+0000] {dagbag.py:588} INFO - Filling up the DagBag from /opt/airflow/dags/db_and_model_update_dag.py
[2026-04-01T04:54:54.107+0000] {processor.py:925} INFO - DAG(s) 'db_and_model_update' retrieved from /opt/airflow/dags/db_and_model_update_dag.py
[2026-04-01T04:54:54.140+0000] {logging_mixin.py:190} INFO - [2026-04-01T04:54:54.140+0000] {dag.py:3239} INFO - Sync 1 DAGs
[2026-04-01T04:54:54.162+0000] {logging_mixin.py:190} INFO - [2026-04-01T04:54:54.162+0000] {dag.py:4180} INFO - Setting next_dagrun for db_and_model_update to 2026-03-30 14:00:00+00:00, run_after=2026-04-06 14:00:00+00:00
[2026-04-01T04:54:54.189+0000] {processor.py:208} INFO - Processing /opt/airflow/dags/db_and_model_update_dag.py took 0.113 seconds
[2026-04-01T04:55:24.839+0000] {processor.py:186} INFO - Started process (PID=9887) to work on /opt/airflow/dags/db_and_model_update_dag.py
[2026-04-01T04:55:24.840+0000] {processor.py:914} INFO - Processing file /opt/airflow/dags/db_and_model_update_dag.py for tasks to queue
[2026-04-01T04:55:24.843+0000] {logging_mixin.py:190} INFO - [2026-04-01T04:55:24.843+0000] {dagbag.py:588} INFO - Filling up the DagBag from /opt/airflow/dags/db_and_model_update_dag.py
[2026-04-01T04:55:24.862+0000] {processor.py:925} INFO - DAG(s) 'db_and_model_update' retrieved from /opt/airflow/dags/db_and_model_update_dag.py
[2026-04-01T04:55:24.889+0000] {logging_mixin.py:190} INFO - [2026-04-01T04:55:24.889+0000] {dag.py:3239} INFO - Sync 1 DAGs
[2026-04-01T04:55:24.911+0000] {logging_mixin.py:190} INFO - [2026-04-01T04:55:24.911+0000] {dag.py:4180} INFO - Setting next_dagrun for db_and_model_update to 2026-03-30 14:00:00+00:00, run_after=2026-04-06 14:00:00+00:00
[2026-04-01T04:55:24.930+0000] {processor.py:208} INFO - Processing /opt/airflow/dags/db_and_model_update_dag.py took 0.098 seconds
[2026-04-01T04:55:55.534+0000] {processor.py:186} INFO - Started process (PID=9897) to work on /opt/airflow/dags/db_and_model_update_dag.py
[2026-04-01T04:55:55.536+0000] {processor.py:914} INFO - Processing file /opt/airflow/dags/db_and_model_update_dag.py for tasks to queue
[2026-04-01T04:55:55.539+0000] {logging_mixin.py:190} INFO - [2026-04-01T04:55:55.538+0000] {dagbag.py:588} INFO - Filling up the DagBag from /opt/airflow/dags/db_and_model_update_dag.py
[2026-04-01T04:55:55.560+0000] {processor.py:925} INFO - DAG(s) 'db_and_model_update' retrieved from /opt/airflow/dags/db_and_model_update_dag.py
[2026-04-01T04:55:55.590+0000] {logging_mixin.py:190} INFO - [2026-04-01T04:55:55.590+0000] {dag.py:3239} INFO - Sync 1 DAGs
[2026-04-01T04:55:55.611+0000] {logging_mixin.py:190} INFO - [2026-04-01T04:55:55.611+0000] {dag.py:4180} INFO - Setting next_dagrun for db_and_model_update to 2026-03-30 14:00:00+00:00, run_after=2026-04-06 14:00:00+00:00
[2026-04-01T04:55:55.630+0000] {processor.py:208} INFO - Processing /opt/airflow/dags/db_and_model_update_dag.py took 0.103 seconds
[2026-04-01T04:56:26.036+0000] {processor.py:186} INFO - Started process (PID=9907) to work on /opt/airflow/dags/db_and_model_update_dag.py
[2026-04-01T04:56:26.038+0000] {processor.py:914} INFO - Processing file /opt/airflow/dags/db_and_model_update_dag.py for tasks to queue
[2026-04-01T04:56:26.042+0000] {logging_mixin.py:190} INFO - [2026-04-01T04:56:26.040+0000] {dagbag.py:588} INFO - Filling up the DagBag from /opt/airflow/dags/db_and_model_update_dag.py
[2026-04-01T04:56:26.060+0000] {processor.py:925} INFO - DAG(s) 'db_and_model_update' retrieved from /opt/airflow/dags/db_and_model_update_dag.py
[2026-04-01T04:56:26.091+0000] {logging_mixin.py:190} INFO - [2026-04-01T04:56:26.090+0000] {dag.py:3239} INFO - Sync 1 DAGs
[2026-04-01T04:56:26.116+0000] {logging_mixin.py:190} INFO - [2026-04-01T04:56:26.115+0000] {dag.py:4180} INFO - Setting next_dagrun for db_and_model_update to 2026-03-30 14:00:00+00:00, run_after=2026-04-06 14:00:00+00:00
[2026-04-01T04:56:26.134+0000] {processor.py:208} INFO - Processing /opt/airflow/dags/db_and_model_update_dag.py took 0.106 seconds
[2026-04-01T04:56:56.746+0000] {processor.py:186} INFO - Started process (PID=9917) to work on /opt/airflow/dags/db_and_model_update_dag.py
[2026-04-01T04:56:56.747+0000] {processor.py:914} INFO - Processing file /opt/airflow/dags/db_and_model_update_dag.py for tasks to queue
[2026-04-01T04:56:56.750+0000] {logging_mixin.py:190} INFO - [2026-04-01T04:56:56.749+0000] {dagbag.py:588} INFO - Filling up the DagBag from /opt/airflow/dags/db_and_model_update_dag.py
[2026-04-01T04:56:56.770+0000] {processor.py:925} INFO - DAG(s) 'db_and_model_update' retrieved from /opt/airflow/dags/db_and_model_update_dag.py
[2026-04-01T04:56:56.800+0000] {logging_mixin.py:190} INFO - [2026-04-01T04:56:56.800+0000] {dag.py:3239} INFO - Sync 1 DAGs
[2026-04-01T04:56:56.822+0000] {logging_mixin.py:190} INFO - [2026-04-01T04:56:56.822+0000] {dag.py:4180} INFO - Setting next_dagrun for db_and_model_update to 2026-03-30 14:00:00+00:00, run_after=2026-04-06 14:00:00+00:00
[2026-04-01T04:56:56.840+0000] {processor.py:208} INFO - Processing /opt/airflow/dags/db_and_model_update_dag.py took 0.103 seconds
[2026-04-01T04:57:27.437+0000] {processor.py:186} INFO - Started process (PID=9927) to work on /opt/airflow/dags/db_and_model_update_dag.py
[2026-04-01T04:57:27.438+0000] {processor.py:914} INFO - Processing file /opt/airflow/dags/db_and_model_update_dag.py for tasks to queue
[2026-04-01T04:57:27.440+0000] {logging_mixin.py:190} INFO - [2026-04-01T04:57:27.440+0000] {dagbag.py:588} INFO - Filling up the DagBag from /opt/airflow/dags/db_and_model_update_dag.py
[2026-04-01T04:57:27.460+0000] {processor.py:925} INFO - DAG(s) 'db_and_model_update' retrieved from /opt/airflow/dags/db_and_model_update_dag.py
[2026-04-01T04:57:27.488+0000] {logging_mixin.py:190} INFO - [2026-04-01T04:57:27.488+0000] {dag.py:3239} INFO - Sync 1 DAGs
[2026-04-01T04:57:27.511+0000] {logging_mixin.py:190} INFO - [2026-04-01T04:57:27.511+0000] {dag.py:4180} INFO - Setting next_dagrun for db_and_model_update to 2026-03-30 14:00:00+00:00, run_after=2026-04-06 14:00:00+00:00
[2026-04-01T04:57:27.533+0000] {processor.py:208} INFO - Processing /opt/airflow/dags/db_and_model_update_dag.py took 0.105 seconds
[2026-04-01T04:57:57.999+0000] {processor.py:186} INFO - Started process (PID=9937) to work on /opt/airflow/dags/db_and_model_update_dag.py
[2026-04-01T04:57:58.000+0000] {processor.py:914} INFO - Processing file /opt/airflow/dags/db_and_model_update_dag.py for tasks to queue
[2026-04-01T04:57:58.003+0000] {logging_mixin.py:190} INFO - [2026-04-01T04:57:58.003+0000] {dagbag.py:588} INFO - Filling up the DagBag from /opt/airflow/dags/db_and_model_update_dag.py
[2026-04-01T04:57:58.019+0000] {processor.py:925} INFO - DAG(s) 'db_and_model_update' retrieved from /opt/airflow/dags/db_and_model_update_dag.py
[2026-04-01T04:57:58.047+0000] {logging_mixin.py:190} INFO - [2026-04-01T04:57:58.047+0000] {dag.py:3239} INFO - Sync 1 DAGs
[2026-04-01T04:57:58.067+0000] {logging_mixin.py:190} INFO - [2026-04-01T04:57:58.066+0000] {dag.py:4180} INFO - Setting next_dagrun for db_and_model_update to 2026-03-30 14:00:00+00:00, run_after=2026-04-06 14:00:00+00:00
[2026-04-01T04:57:58.086+0000] {processor.py:208} INFO - Processing /opt/airflow/dags/db_and_model_update_dag.py took 0.095 seconds
[2026-04-01T04:58:28.707+0000] {processor.py:186} INFO - Started process (PID=9947) to work on /opt/airflow/dags/db_and_model_update_dag.py
[2026-04-01T04:58:28.708+0000] {processor.py:914} INFO - Processing file /opt/airflow/dags/db_and_model_update_dag.py for tasks to queue
[2026-04-01T04:58:28.711+0000] {logging_mixin.py:190} INFO - [2026-04-01T04:58:28.710+0000] {dagbag.py:588} INFO - Filling up the DagBag from /opt/airflow/dags/db_and_model_update_dag.py
[2026-04-01T04:58:28.729+0000] {processor.py:925} INFO - DAG(s) 'db_and_model_update' retrieved from /opt/airflow/dags/db_and_model_update_dag.py
[2026-04-01T04:58:28.759+0000] {logging_mixin.py:190} INFO - [2026-04-01T04:58:28.759+0000] {dag.py:3239} INFO - Sync 1 DAGs
[2026-04-01T04:58:28.781+0000] {logging_mixin.py:190} INFO - [2026-04-01T04:58:28.781+0000] {dag.py:4180} INFO - Setting next_dagrun for db_and_model_update to 2026-03-30 14:00:00+00:00, run_after=2026-04-06 14:00:00+00:00
[2026-04-01T04:58:28.804+0000] {processor.py:208} INFO - Processing /opt/airflow/dags/db_and_model_update_dag.py took 0.104 seconds
[2026-04-01T04:58:59.380+0000] {processor.py:186} INFO - Started process (PID=9957) to work on /opt/airflow/dags/db_and_model_update_dag.py
[2026-04-01T04:58:59.381+0000] {processor.py:914} INFO - Processing file /opt/airflow/dags/db_and_model_update_dag.py for tasks to queue
[2026-04-01T04:58:59.383+0000] {logging_mixin.py:190} INFO - [2026-04-01T04:58:59.383+0000] {dagbag.py:588} INFO - Filling up the DagBag from /opt/airflow/dags/db_and_model_update_dag.py
[2026-04-01T04:58:59.401+0000] {processor.py:925} INFO - DAG(s) 'db_and_model_update' retrieved from /opt/airflow/dags/db_and_model_update_dag.py
[2026-04-01T04:58:59.428+0000] {logging_mixin.py:190} INFO - [2026-04-01T04:58:59.428+0000] {dag.py:3239} INFO - Sync 1 DAGs
[2026-04-01T04:58:59.449+0000] {logging_mixin.py:190} INFO - [2026-04-01T04:58:59.448+0000] {dag.py:4180} INFO - Setting next_dagrun for db_and_model_update to 2026-03-30 14:00:00+00:00, run_after=2026-04-06 14:00:00+00:00
[2026-04-01T04:58:59.469+0000] {processor.py:208} INFO - Processing /opt/airflow/dags/db_and_model_update_dag.py took 0.095 seconds
[2026-04-01T04:59:30.050+0000] {processor.py:186} INFO - Started process (PID=9967) to work on /opt/airflow/dags/db_and_model_update_dag.py
[2026-04-01T04:59:30.055+0000] {processor.py:914} INFO - Processing file /opt/airflow/dags/db_and_model_update_dag.py for tasks to queue
[2026-04-01T04:59:30.058+0000] {logging_mixin.py:190} INFO - [2026-04-01T04:59:30.058+0000] {dagbag.py:588} INFO - Filling up the DagBag from /opt/airflow/dags/db_and_model_update_dag.py
[2026-04-01T04:59:30.093+0000] {processor.py:925} INFO - DAG(s) 'db_and_model_update' retrieved from /opt/airflow/dags/db_and_model_update_dag.py
[2026-04-01T04:59:30.121+0000] {logging_mixin.py:190} INFO - [2026-04-01T04:59:30.120+0000] {dag.py:3239} INFO - Sync 1 DAGs
[2026-04-01T04:59:30.145+0000] {logging_mixin.py:190} INFO - [2026-04-01T04:59:30.145+0000] {dag.py:4180} INFO - Setting next_dagrun for db_and_model_update to 2026-03-30 14:00:00+00:00, run_after=2026-04-06 14:00:00+00:00
[2026-04-01T04:59:30.171+0000] {processor.py:208} INFO - Processing /opt/airflow/dags/db_and_model_update_dag.py took 0.130 seconds
[2026-04-01T05:00:00.603+0000] {processor.py:186} INFO - Started process (PID=9977) to work on /opt/airflow/dags/db_and_model_update_dag.py
[2026-04-01T05:00:00.604+0000] {processor.py:914} INFO - Processing file /opt/airflow/dags/db_and_model_update_dag.py for tasks to queue
[2026-04-01T05:00:00.607+0000] {logging_mixin.py:190} INFO - [2026-04-01T05:00:00.607+0000] {dagbag.py:588} INFO - Filling up the DagBag from /opt/airflow/dags/db_and_model_update_dag.py
[2026-04-01T05:00:00.627+0000] {processor.py:925} INFO - DAG(s) 'db_and_model_update' retrieved from /opt/airflow/dags/db_and_model_update_dag.py
[2026-04-01T05:00:00.660+0000] {logging_mixin.py:190} INFO - [2026-04-01T05:00:00.659+0000] {dag.py:3239} INFO - Sync 1 DAGs
[2026-04-01T05:00:00.689+0000] {logging_mixin.py:190} INFO - [2026-04-01T05:00:00.688+0000] {dag.py:4180} INFO - Setting next_dagrun for db_and_model_update to 2026-03-30 14:00:00+00:00, run_after=2026-04-06 14:00:00+00:00
[2026-04-01T05:00:00.713+0000] {processor.py:208} INFO - Processing /opt/airflow/dags/db_and_model_update_dag.py took 0.119 seconds
[2026-04-01T05:00:31.632+0000] {processor.py:186} INFO - Started process (PID=9987) to work on /opt/airflow/dags/db_and_model_update_dag.py
[2026-04-01T05:00:31.633+0000] {processor.py:914} INFO - Processing file /opt/airflow/dags/db_and_model_update_dag.py for tasks to queue
[2026-04-01T05:00:31.635+0000] {logging_mixin.py:190} INFO - [2026-04-01T05:00:31.635+0000] {dagbag.py:588} INFO - Filling up the DagBag from /opt/airflow/dags/db_and_model_update_dag.py
[2026-04-01T05:00:31.655+0000] {processor.py:925} INFO - DAG(s) 'db_and_model_update' retrieved from /opt/airflow/dags/db_and_model_update_dag.py
[2026-04-01T05:00:31.683+0000] {logging_mixin.py:190} INFO - [2026-04-01T05:00:31.683+0000] {dag.py:3239} INFO - Sync 1 DAGs
[2026-04-01T05:00:31.704+0000] {logging_mixin.py:190} INFO - [2026-04-01T05:00:31.704+0000] {dag.py:4180} INFO - Setting next_dagrun for db_and_model_update to 2026-03-30 14:00:00+00:00, run_after=2026-04-06 14:00:00+00:00
[2026-04-01T05:00:31.722+0000] {processor.py:208} INFO - Processing /opt/airflow/dags/db_and_model_update_dag.py took 0.097 seconds
[2026-04-01T05:01:02.184+0000] {processor.py:186} INFO - Started process (PID=9997) to work on /opt/airflow/dags/db_and_model_update_dag.py
[2026-04-01T05:01:02.188+0000] {processor.py:914} INFO - Processing file /opt/airflow/dags/db_and_model_update_dag.py for tasks to queue
[2026-04-01T05:01:02.194+0000] {logging_mixin.py:190} INFO - [2026-04-01T05:01:02.193+0000] {dagbag.py:588} INFO - Filling up the DagBag from /opt/airflow/dags/db_and_model_update_dag.py
[2026-04-01T05:01:02.233+0000] {processor.py:925} INFO - DAG(s) 'db_and_model_update' retrieved from /opt/airflow/dags/db_and_model_update_dag.py
[2026-04-01T05:01:02.267+0000] {logging_mixin.py:190} INFO - [2026-04-01T05:01:02.267+0000] {dag.py:3239} INFO - Sync 1 DAGs
[2026-04-01T05:01:02.290+0000] {logging_mixin.py:190} INFO - [2026-04-01T05:01:02.289+0000] {dag.py:4180} INFO - Setting next_dagrun for db_and_model_update to 2026-03-30 14:00:00+00:00, run_after=2026-04-06 14:00:00+00:00
[2026-04-01T05:01:02.310+0000] {processor.py:208} INFO - Processing /opt/airflow/dags/db_and_model_update_dag.py took 0.134 seconds
[2026-04-01T05:01:32.836+0000] {processor.py:186} INFO - Started process (PID=10007) to work on /opt/airflow/dags/db_and_model_update_dag.py
[2026-04-01T05:01:32.837+0000] {processor.py:914} INFO - Processing file /opt/airflow/dags/db_and_model_update_dag.py for tasks to queue
[2026-04-01T05:01:32.840+0000] {logging_mixin.py:190} INFO - [2026-04-01T05:01:32.839+0000] {dagbag.py:588} INFO - Filling up the DagBag from /opt/airflow/dags/db_and_model_update_dag.py
[2026-04-01T05:01:32.870+0000] {processor.py:925} INFO - DAG(s) 'db_and_model_update' retrieved from /opt/airflow/dags/db_and_model_update_dag.py
[2026-04-01T05:01:32.909+0000] {logging_mixin.py:190} INFO - [2026-04-01T05:01:32.909+0000] {dag.py:3239} INFO - Sync 1 DAGs
[2026-04-01T05:01:32.934+0000] {logging_mixin.py:190} INFO - [2026-04-01T05:01:32.934+0000] {dag.py:4180} INFO - Setting next_dagrun for db_and_model_update to 2026-03-30 14:00:00+00:00, run_after=2026-04-06 14:00:00+00:00
[2026-04-01T05:01:32.957+0000] {processor.py:208} INFO - Processing /opt/airflow/dags/db_and_model_update_dag.py took 0.128 seconds
[2026-04-01T05:02:03.531+0000] {processor.py:186} INFO - Started process (PID=10017) to work on /opt/airflow/dags/db_and_model_update_dag.py
[2026-04-01T05:02:03.532+0000] {processor.py:914} INFO - Processing file /opt/airflow/dags/db_and_model_update_dag.py for tasks to queue
[2026-04-01T05:02:03.534+0000] {logging_mixin.py:190} INFO - [2026-04-01T05:02:03.534+0000] {dagbag.py:588} INFO - Filling up the DagBag from /opt/airflow/dags/db_and_model_update_dag.py
[2026-04-01T05:02:03.552+0000] {processor.py:925} INFO - DAG(s) 'db_and_model_update' retrieved from /opt/airflow/dags/db_and_model_update_dag.py
[2026-04-01T05:02:03.578+0000] {logging_mixin.py:190} INFO - [2026-04-01T05:02:03.578+0000] {dag.py:3239} INFO - Sync 1 DAGs
[2026-04-01T05:02:03.600+0000] {logging_mixin.py:190} INFO - [2026-04-01T05:02:03.600+0000] {dag.py:4180} INFO - Setting next_dagrun for db_and_model_update to 2026-03-30 14:00:00+00:00, run_after=2026-04-06 14:00:00+00:00
[2026-04-01T05:02:03.621+0000] {processor.py:208} INFO - Processing /opt/airflow/dags/db_and_model_update_dag.py took 0.097 seconds
[2026-04-01T05:02:34.071+0000] {processor.py:186} INFO - Started process (PID=10027) to work on /opt/airflow/dags/db_and_model_update_dag.py
[2026-04-01T05:02:34.072+0000] {processor.py:914} INFO - Processing file /opt/airflow/dags/db_and_model_update_dag.py for tasks to queue
[2026-04-01T05:02:34.075+0000] {logging_mixin.py:190} INFO - [2026-04-01T05:02:34.075+0000] {dagbag.py:588} INFO - Filling up the DagBag from /opt/airflow/dags/db_and_model_update_dag.py
[2026-04-01T05:02:34.105+0000] {processor.py:925} INFO - DAG(s) 'db_and_model_update' retrieved from /opt/airflow/dags/db_and_model_update_dag.py
[2026-04-01T05:02:34.149+0000] {logging_mixin.py:190} INFO - [2026-04-01T05:02:34.149+0000] {dag.py:3239} INFO - Sync 1 DAGs
[2026-04-01T05:02:34.176+0000] {logging_mixin.py:190} INFO - [2026-04-01T05:02:34.176+0000] {dag.py:4180} INFO - Setting next_dagrun for db_and_model_update to 2026-03-30 14:00:00+00:00, run_after=2026-04-06 14:00:00+00:00
[2026-04-01T05:02:34.209+0000] {processor.py:208} INFO - Processing /opt/airflow/dags/db_and_model_update_dag.py took 0.147 seconds
[2026-04-01T05:03:04.688+0000] {processor.py:186} INFO - Started process (PID=10037) to work on /opt/airflow/dags/db_and_model_update_dag.py
[2026-04-01T05:03:04.689+0000] {processor.py:914} INFO - Processing file /opt/airflow/dags/db_and_model_update_dag.py for tasks to queue
[2026-04-01T05:03:04.693+0000] {logging_mixin.py:190} INFO - [2026-04-01T05:03:04.692+0000] {dagbag.py:588} INFO - Filling up the DagBag from /opt/airflow/dags/db_and_model_update_dag.py
[2026-04-01T05:03:04.717+0000] {processor.py:925} INFO - DAG(s) 'db_and_model_update' retrieved from /opt/airflow/dags/db_and_model_update_dag.py
[2026-04-01T05:03:04.750+0000] {logging_mixin.py:190} INFO - [2026-04-01T05:03:04.750+0000] {dag.py:3239} INFO - Sync 1 DAGs
[2026-04-01T05:03:04.772+0000] {logging_mixin.py:190} INFO - [2026-04-01T05:03:04.771+0000] {dag.py:4180} INFO - Setting next_dagrun for db_and_model_update to 2026-03-30 14:00:00+00:00, run_after=2026-04-06 14:00:00+00:00
[2026-04-01T05:03:04.790+0000] {processor.py:208} INFO - Processing /opt/airflow/dags/db_and_model_update_dag.py took 0.110 seconds
[2026-04-01T05:03:35.286+0000] {processor.py:186} INFO - Started process (PID=10047) to work on /opt/airflow/dags/db_and_model_update_dag.py
[2026-04-01T05:03:35.287+0000] {processor.py:914} INFO - Processing file /opt/airflow/dags/db_and_model_update_dag.py for tasks to queue
[2026-04-01T05:03:35.289+0000] {logging_mixin.py:190} INFO - [2026-04-01T05:03:35.289+0000] {dagbag.py:588} INFO - Filling up the DagBag from /opt/airflow/dags/db_and_model_update_dag.py
[2026-04-01T05:03:35.306+0000] {processor.py:925} INFO - DAG(s) 'db_and_model_update' retrieved from /opt/airflow/dags/db_and_model_update_dag.py
[2026-04-01T05:03:35.333+0000] {logging_mixin.py:190} INFO - [2026-04-01T05:03:35.333+0000] {dag.py:3239} INFO - Sync 1 DAGs
[2026-04-01T05:03:35.355+0000] {logging_mixin.py:190} INFO - [2026-04-01T05:03:35.355+0000] {dag.py:4180} INFO - Setting next_dagrun for db_and_model_update to 2026-03-30 14:00:00+00:00, run_after=2026-04-06 14:00:00+00:00
[2026-04-01T05:03:35.372+0000] {processor.py:208} INFO - Processing /opt/airflow/dags/db_and_model_update_dag.py took 0.093 seconds
[2026-04-01T05:04:05.839+0000] {processor.py:186} INFO - Started process (PID=10057) to work on /opt/airflow/dags/db_and_model_update_dag.py
[2026-04-01T05:04:05.840+0000] {processor.py:914} INFO - Processing file /opt/airflow/dags/db_and_model_update_dag.py for tasks to queue
[2026-04-01T05:04:05.842+0000] {logging_mixin.py:190} INFO - [2026-04-01T05:04:05.842+0000] {dagbag.py:588} INFO - Filling up the DagBag from /opt/airflow/dags/db_and_model_update_dag.py
[2026-04-01T05:04:05.862+0000] {processor.py:925} INFO - DAG(s) 'db_and_model_update' retrieved from /opt/airflow/dags/db_and_model_update_dag.py
[2026-04-01T05:04:05.890+0000] {logging_mixin.py:190} INFO - [2026-04-01T05:04:05.890+0000] {dag.py:3239} INFO - Sync 1 DAGs
[2026-04-01T05:04:05.914+0000] {logging_mixin.py:190} INFO - [2026-04-01T05:04:05.914+0000] {dag.py:4180} INFO - Setting next_dagrun for db_and_model_update to 2026-03-30 14:00:00+00:00, run_after=2026-04-06 14:00:00+00:00
[2026-04-01T05:04:05.939+0000] {processor.py:208} INFO - Processing /opt/airflow/dags/db_and_model_update_dag.py took 0.108 seconds
[2026-04-01T05:04:36.426+0000] {processor.py:186} INFO - Started process (PID=10067) to work on /opt/airflow/dags/db_and_model_update_dag.py
[2026-04-01T05:04:36.428+0000] {processor.py:914} INFO - Processing file /opt/airflow/dags/db_and_model_update_dag.py for tasks to queue
[2026-04-01T05:04:36.430+0000] {logging_mixin.py:190} INFO - [2026-04-01T05:04:36.430+0000] {dagbag.py:588} INFO - Filling up the DagBag from /opt/airflow/dags/db_and_model_update_dag.py
[2026-04-01T05:04:36.453+0000] {processor.py:925} INFO - DAG(s) 'db_and_model_update' retrieved from /opt/airflow/dags/db_and_model_update_dag.py
[2026-04-01T05:04:36.485+0000] {logging_mixin.py:190} INFO - [2026-04-01T05:04:36.484+0000] {dag.py:3239} INFO - Sync 1 DAGs
[2026-04-01T05:04:36.508+0000] {logging_mixin.py:190} INFO - [2026-04-01T05:04:36.507+0000] {dag.py:4180} INFO - Setting next_dagrun for db_and_model_update to 2026-03-30 14:00:00+00:00, run_after=2026-04-06 14:00:00+00:00
[2026-04-01T05:04:36.530+0000] {processor.py:208} INFO - Processing /opt/airflow/dags/db_and_model_update_dag.py took 0.111 seconds
[2026-04-01T05:05:06.927+0000] {processor.py:186} INFO - Started process (PID=10077) to work on /opt/airflow/dags/db_and_model_update_dag.py
[2026-04-01T05:05:06.928+0000] {processor.py:914} INFO - Processing file /opt/airflow/dags/db_and_model_update_dag.py for tasks to queue
[2026-04-01T05:05:06.930+0000] {logging_mixin.py:190} INFO - [2026-04-01T05:05:06.930+0000] {dagbag.py:588} INFO - Filling up the DagBag from /opt/airflow/dags/db_and_model_update_dag.py
[2026-04-01T05:05:06.947+0000] {processor.py:925} INFO - DAG(s) 'db_and_model_update' retrieved from /opt/airflow/dags/db_and_model_update_dag.py
[2026-04-01T05:05:06.975+0000] {logging_mixin.py:190} INFO - [2026-04-01T05:05:06.974+0000] {dag.py:3239} INFO - Sync 1 DAGs
[2026-04-01T05:05:06.996+0000] {logging_mixin.py:190} INFO - [2026-04-01T05:05:06.996+0000] {dag.py:4180} INFO - Setting next_dagrun for db_and_model_update to 2026-03-30 14:00:00+00:00, run_after=2026-04-06 14:00:00+00:00
[2026-04-01T05:05:07.015+0000] {processor.py:208} INFO - Processing /opt/airflow/dags/db_and_model_update_dag.py took 0.095 seconds
[2026-04-01T05:05:37.628+0000] {processor.py:186} INFO - Started process (PID=10087) to work on /opt/airflow/dags/db_and_model_update_dag.py
[2026-04-01T05:05:37.630+0000] {processor.py:914} INFO - Processing file /opt/airflow/dags/db_and_model_update_dag.py for tasks to queue
[2026-04-01T05:05:37.632+0000] {logging_mixin.py:190} INFO - [2026-04-01T05:05:37.632+0000] {dagbag.py:588} INFO - Filling up the DagBag from /opt/airflow/dags/db_and_model_update_dag.py
[2026-04-01T05:05:37.657+0000] {processor.py:925} INFO - DAG(s) 'db_and_model_update' retrieved from /opt/airflow/dags/db_and_model_update_dag.py
[2026-04-01T05:05:37.688+0000] {logging_mixin.py:190} INFO - [2026-04-01T05:05:37.688+0000] {dag.py:3239} INFO - Sync 1 DAGs
[2026-04-01T05:05:37.728+0000] {logging_mixin.py:190} INFO - [2026-04-01T05:05:37.728+0000] {dag.py:4180} INFO - Setting next_dagrun for db_and_model_update to 2026-03-30 14:00:00+00:00, run_after=2026-04-06 14:00:00+00:00
[2026-04-01T05:05:37.754+0000] {processor.py:208} INFO - Processing /opt/airflow/dags/db_and_model_update_dag.py took 0.133 seconds
[2026-04-01T05:06:08.175+0000] {processor.py:186} INFO - Started process (PID=10097) to work on /opt/airflow/dags/db_and_model_update_dag.py
[2026-04-01T05:06:08.176+0000] {processor.py:914} INFO - Processing file /opt/airflow/dags/db_and_model_update_dag.py for tasks to queue
[2026-04-01T05:06:08.178+0000] {logging_mixin.py:190} INFO - [2026-04-01T05:06:08.178+0000] {dagbag.py:588} INFO - Filling up the DagBag from /opt/airflow/dags/db_and_model_update_dag.py
[2026-04-01T05:06:08.202+0000] {processor.py:925} INFO - DAG(s) 'db_and_model_update' retrieved from /opt/airflow/dags/db_and_model_update_dag.py
[2026-04-01T05:06:08.233+0000] {logging_mixin.py:190} INFO - [2026-04-01T05:06:08.232+0000] {dag.py:3239} INFO - Sync 1 DAGs
[2026-04-01T05:06:08.254+0000] {logging_mixin.py:190} INFO - [2026-04-01T05:06:08.254+0000] {dag.py:4180} INFO - Setting next_dagrun for db_and_model_update to 2026-03-30 14:00:00+00:00, run_after=2026-04-06 14:00:00+00:00
[2026-04-01T05:06:08.278+0000] {processor.py:208} INFO - Processing /opt/airflow/dags/db_and_model_update_dag.py took 0.111 seconds
[2026-04-01T05:06:38.771+0000] {processor.py:186} INFO - Started process (PID=10107) to work on /opt/airflow/dags/db_and_model_update_dag.py
[2026-04-01T05:06:38.772+0000] {processor.py:914} INFO - Processing file /opt/airflow/dags/db_and_model_update_dag.py for tasks to queue
[2026-04-01T05:06:38.776+0000] {logging_mixin.py:190} INFO - [2026-04-01T05:06:38.776+0000] {dagbag.py:588} INFO - Filling up the DagBag from /opt/airflow/dags/db_and_model_update_dag.py
[2026-04-01T05:06:38.793+0000] {processor.py:925} INFO - DAG(s) 'db_and_model_update' retrieved from /opt/airflow/dags/db_and_model_update_dag.py
[2026-04-01T05:06:38.823+0000] {logging_mixin.py:190} INFO - [2026-04-01T05:06:38.823+0000] {dag.py:3239} INFO - Sync 1 DAGs
[2026-04-01T05:06:38.845+0000] {logging_mixin.py:190} INFO - [2026-04-01T05:06:38.844+0000] {dag.py:4180} INFO - Setting next_dagrun for db_and_model_update to 2026-03-30 14:00:00+00:00, run_after=2026-04-06 14:00:00+00:00
[2026-04-01T05:06:38.867+0000] {processor.py:208} INFO - Processing /opt/airflow/dags/db_and_model_update_dag.py took 0.103 seconds
[2026-04-01T05:07:09.282+0000] {processor.py:186} INFO - Started process (PID=10117) to work on /opt/airflow/dags/db_and_model_update_dag.py
[2026-04-01T05:07:09.283+0000] {processor.py:914} INFO - Processing file /opt/airflow/dags/db_and_model_update_dag.py for tasks to queue
[2026-04-01T05:07:09.286+0000] {logging_mixin.py:190} INFO - [2026-04-01T05:07:09.286+0000] {dagbag.py:588} INFO - Filling up the DagBag from /opt/airflow/dags/db_and_model_update_dag.py
[2026-04-01T05:07:09.309+0000] {processor.py:925} INFO - DAG(s) 'db_and_model_update' retrieved from /opt/airflow/dags/db_and_model_update_dag.py
[2026-04-01T05:07:09.340+0000] {logging_mixin.py:190} INFO - [2026-04-01T05:07:09.340+0000] {dag.py:3239} INFO - Sync 1 DAGs
[2026-04-01T05:07:09.362+0000] {logging_mixin.py:190} INFO - [2026-04-01T05:07:09.362+0000] {dag.py:4180} INFO - Setting next_dagrun for db_and_model_update to 2026-03-30 14:00:00+00:00, run_after=2026-04-06 14:00:00+00:00
[2026-04-01T05:07:09.385+0000] {processor.py:208} INFO - Processing /opt/airflow/dags/db_and_model_update_dag.py took 0.110 seconds
[2026-04-01T05:07:39.872+0000] {processor.py:186} INFO - Started process (PID=10127) to work on /opt/airflow/dags/db_and_model_update_dag.py
[2026-04-01T05:07:39.875+0000] {processor.py:914} INFO - Processing file /opt/airflow/dags/db_and_model_update_dag.py for tasks to queue
[2026-04-01T05:07:39.878+0000] {logging_mixin.py:190} INFO - [2026-04-01T05:07:39.877+0000] {dagbag.py:588} INFO - Filling up the DagBag from /opt/airflow/dags/db_and_model_update_dag.py
[2026-04-01T05:07:39.899+0000] {processor.py:925} INFO - DAG(s) 'db_and_model_update' retrieved from /opt/airflow/dags/db_and_model_update_dag.py
[2026-04-01T05:07:39.928+0000] {logging_mixin.py:190} INFO - [2026-04-01T05:07:39.928+0000] {dag.py:3239} INFO - Sync 1 DAGs
[2026-04-01T05:07:39.950+0000] {logging_mixin.py:190} INFO - [2026-04-01T05:07:39.949+0000] {dag.py:4180} INFO - Setting next_dagrun for db_and_model_update to 2026-03-30 14:00:00+00:00, run_after=2026-04-06 14:00:00+00:00
[2026-04-01T05:07:39.972+0000] {processor.py:208} INFO - Processing /opt/airflow/dags/db_and_model_update_dag.py took 0.108 seconds
[2026-04-01T05:08:10.352+0000] {processor.py:186} INFO - Started process (PID=10137) to work on /opt/airflow/dags/db_and_model_update_dag.py
[2026-04-01T05:08:10.353+0000] {processor.py:914} INFO - Processing file /opt/airflow/dags/db_and_model_update_dag.py for tasks to queue
[2026-04-01T05:08:10.355+0000] {logging_mixin.py:190} INFO - [2026-04-01T05:08:10.355+0000] {dagbag.py:588} INFO - Filling up the DagBag from /opt/airflow/dags/db_and_model_update_dag.py
[2026-04-01T05:08:10.374+0000] {processor.py:925} INFO - DAG(s) 'db_and_model_update' retrieved from /opt/airflow/dags/db_and_model_update_dag.py
[2026-04-01T05:08:10.404+0000] {logging_mixin.py:190} INFO - [2026-04-01T05:08:10.404+0000] {dag.py:3239} INFO - Sync 1 DAGs
[2026-04-01T05:08:10.426+0000] {logging_mixin.py:190} INFO - [2026-04-01T05:08:10.426+0000] {dag.py:4180} INFO - Setting next_dagrun for db_and_model_update to 2026-03-30 14:00:00+00:00, run_after=2026-04-06 14:00:00+00:00
[2026-04-01T05:08:10.450+0000] {processor.py:208} INFO - Processing /opt/airflow/dags/db_and_model_update_dag.py took 0.104 seconds
[2026-04-01T05:08:40.967+0000] {processor.py:186} INFO - Started process (PID=10147) to work on /opt/airflow/dags/db_and_model_update_dag.py
[2026-04-01T05:08:40.968+0000] {processor.py:914} INFO - Processing file /opt/airflow/dags/db_and_model_update_dag.py for tasks to queue
[2026-04-01T05:08:40.971+0000] {logging_mixin.py:190} INFO - [2026-04-01T05:08:40.970+0000] {dagbag.py:588} INFO - Filling up the DagBag from /opt/airflow/dags/db_and_model_update_dag.py
[2026-04-01T05:08:40.992+0000] {processor.py:925} INFO - DAG(s) 'db_and_model_update' retrieved from /opt/airflow/dags/db_and_model_update_dag.py
[2026-04-01T05:08:41.028+0000] {logging_mixin.py:190} INFO - [2026-04-01T05:08:41.027+0000] {dag.py:3239} INFO - Sync 1 DAGs
[2026-04-01T05:08:41.050+0000] {logging_mixin.py:190} INFO - [2026-04-01T05:08:41.050+0000] {dag.py:4180} INFO - Setting next_dagrun for db_and_model_update to 2026-03-30 14:00:00+00:00, run_after=2026-04-06 14:00:00+00:00
[2026-04-01T05:08:41.071+0000] {processor.py:208} INFO - Processing /opt/airflow/dags/db_and_model_update_dag.py took 0.113 seconds
[2026-04-01T05:09:11.452+0000] {processor.py:186} INFO - Started process (PID=10157) to work on /opt/airflow/dags/db_and_model_update_dag.py
[2026-04-01T05:09:11.454+0000] {processor.py:914} INFO - Processing file /opt/airflow/dags/db_and_model_update_dag.py for tasks to queue
[2026-04-01T05:09:11.459+0000] {logging_mixin.py:190} INFO - [2026-04-01T05:09:11.457+0000] {dagbag.py:588} INFO - Filling up the DagBag from /opt/airflow/dags/db_and_model_update_dag.py
[2026-04-01T05:09:11.483+0000] {processor.py:925} INFO - DAG(s) 'db_and_model_update' retrieved from /opt/airflow/dags/db_and_model_update_dag.py
[2026-04-01T05:09:11.513+0000] {logging_mixin.py:190} INFO - [2026-04-01T05:09:11.512+0000] {dag.py:3239} INFO - Sync 1 DAGs
[2026-04-01T05:09:11.533+0000] {logging_mixin.py:190} INFO - [2026-04-01T05:09:11.533+0000] {dag.py:4180} INFO - Setting next_dagrun for db_and_model_update to 2026-03-30 14:00:00+00:00, run_after=2026-04-06 14:00:00+00:00
[2026-04-01T05:09:11.553+0000] {processor.py:208} INFO - Processing /opt/airflow/dags/db_and_model_update_dag.py took 0.108 seconds
[2026-04-01T05:09:42.080+0000] {processor.py:186} INFO - Started process (PID=10167) to work on /opt/airflow/dags/db_and_model_update_dag.py
[2026-04-01T05:09:42.082+0000] {processor.py:914} INFO - Processing file /opt/airflow/dags/db_and_model_update_dag.py for tasks to queue
[2026-04-01T05:09:42.084+0000] {logging_mixin.py:190} INFO - [2026-04-01T05:09:42.084+0000] {dagbag.py:588} INFO - Filling up the DagBag from /opt/airflow/dags/db_and_model_update_dag.py
[2026-04-01T05:09:42.107+0000] {processor.py:925} INFO - DAG(s) 'db_and_model_update' retrieved from /opt/airflow/dags/db_and_model_update_dag.py
[2026-04-01T05:09:42.134+0000] {logging_mixin.py:190} INFO - [2026-04-01T05:09:42.134+0000] {dag.py:3239} INFO - Sync 1 DAGs
[2026-04-01T05:09:42.154+0000] {logging_mixin.py:190} INFO - [2026-04-01T05:09:42.154+0000] {dag.py:4180} INFO - Setting next_dagrun for db_and_model_update to 2026-03-30 14:00:00+00:00, run_after=2026-04-06 14:00:00+00:00
[2026-04-01T05:09:42.180+0000] {processor.py:208} INFO - Processing /opt/airflow/dags/db_and_model_update_dag.py took 0.107 seconds
[2026-04-01T05:10:12.597+0000] {processor.py:186} INFO - Started process (PID=10177) to work on /opt/airflow/dags/db_and_model_update_dag.py
[2026-04-01T05:10:12.598+0000] {processor.py:914} INFO - Processing file /opt/airflow/dags/db_and_model_update_dag.py for tasks to queue
[2026-04-01T05:10:12.601+0000] {logging_mixin.py:190} INFO - [2026-04-01T05:10:12.600+0000] {dagbag.py:588} INFO - Filling up the DagBag from /opt/airflow/dags/db_and_model_update_dag.py
[2026-04-01T05:10:12.624+0000] {processor.py:925} INFO - DAG(s) 'db_and_model_update' retrieved from /opt/airflow/dags/db_and_model_update_dag.py
[2026-04-01T05:10:12.654+0000] {logging_mixin.py:190} INFO - [2026-04-01T05:10:12.654+0000] {dag.py:3239} INFO - Sync 1 DAGs
[2026-04-01T05:10:12.677+0000] {logging_mixin.py:190} INFO - [2026-04-01T05:10:12.677+0000] {dag.py:4180} INFO - Setting next_dagrun for db_and_model_update to 2026-03-30 14:00:00+00:00, run_after=2026-04-06 14:00:00+00:00
[2026-04-01T05:10:12.699+0000] {processor.py:208} INFO - Processing /opt/airflow/dags/db_and_model_update_dag.py took 0.111 seconds
[2026-04-01T05:10:43.074+0000] {processor.py:186} INFO - Started process (PID=10187) to work on /opt/airflow/dags/db_and_model_update_dag.py
[2026-04-01T05:10:43.075+0000] {processor.py:914} INFO - Processing file /opt/airflow/dags/db_and_model_update_dag.py for tasks to queue
[2026-04-01T05:10:43.078+0000] {logging_mixin.py:190} INFO - [2026-04-01T05:10:43.077+0000] {dagbag.py:588} INFO - Filling up the DagBag from /opt/airflow/dags/db_and_model_update_dag.py
[2026-04-01T05:10:43.097+0000] {processor.py:925} INFO - DAG(s) 'db_and_model_update' retrieved from /opt/airflow/dags/db_and_model_update_dag.py
[2026-04-01T05:10:43.127+0000] {logging_mixin.py:190} INFO - [2026-04-01T05:10:43.126+0000] {dag.py:3239} INFO - Sync 1 DAGs
[2026-04-01T05:10:43.147+0000] {logging_mixin.py:190} INFO - [2026-04-01T05:10:43.147+0000] {dag.py:4180} INFO - Setting next_dagrun for db_and_model_update to 2026-03-30 14:00:00+00:00, run_after=2026-04-06 14:00:00+00:00
[2026-04-01T05:10:43.165+0000] {processor.py:208} INFO - Processing /opt/airflow/dags/db_and_model_update_dag.py took 0.102 seconds
[2026-04-01T05:11:13.637+0000] {processor.py:186} INFO - Started process (PID=10197) to work on /opt/airflow/dags/db_and_model_update_dag.py
[2026-04-01T05:11:13.638+0000] {processor.py:914} INFO - Processing file /opt/airflow/dags/db_and_model_update_dag.py for tasks to queue
[2026-04-01T05:11:13.640+0000] {logging_mixin.py:190} INFO - [2026-04-01T05:11:13.640+0000] {dagbag.py:588} INFO - Filling up the DagBag from /opt/airflow/dags/db_and_model_update_dag.py
[2026-04-01T05:11:13.671+0000] {processor.py:925} INFO - DAG(s) 'db_and_model_update' retrieved from /opt/airflow/dags/db_and_model_update_dag.py
[2026-04-01T05:11:13.708+0000] {logging_mixin.py:190} INFO - [2026-04-01T05:11:13.708+0000] {dag.py:3239} INFO - Sync 1 DAGs
[2026-04-01T05:11:13.741+0000] {logging_mixin.py:190} INFO - [2026-04-01T05:11:13.740+0000] {dag.py:4180} INFO - Setting next_dagrun for db_and_model_update to 2026-03-30 14:00:00+00:00, run_after=2026-04-06 14:00:00+00:00
[2026-04-01T05:11:13.770+0000] {processor.py:208} INFO - Processing /opt/airflow/dags/db_and_model_update_dag.py took 0.142 seconds
[2026-04-01T05:11:44.536+0000] {processor.py:186} INFO - Started process (PID=10207) to work on /opt/airflow/dags/db_and_model_update_dag.py
[2026-04-01T05:11:44.537+0000] {processor.py:914} INFO - Processing file /opt/airflow/dags/db_and_model_update_dag.py for tasks to queue
[2026-04-01T05:11:44.540+0000] {logging_mixin.py:190} INFO - [2026-04-01T05:11:44.539+0000] {dagbag.py:588} INFO - Filling up the DagBag from /opt/airflow/dags/db_and_model_update_dag.py
[2026-04-01T05:11:44.562+0000] {processor.py:925} INFO - DAG(s) 'db_and_model_update' retrieved from /opt/airflow/dags/db_and_model_update_dag.py
[2026-04-01T05:11:44.591+0000] {logging_mixin.py:190} INFO - [2026-04-01T05:11:44.591+0000] {dag.py:3239} INFO - Sync 1 DAGs
[2026-04-01T05:11:44.612+0000] {logging_mixin.py:190} INFO - [2026-04-01T05:11:44.612+0000] {dag.py:4180} INFO - Setting next_dagrun for db_and_model_update to 2026-03-30 14:00:00+00:00, run_after=2026-04-06 14:00:00+00:00
[2026-04-01T05:11:44.632+0000] {processor.py:208} INFO - Processing /opt/airflow/dags/db_and_model_update_dag.py took 0.103 seconds
[2026-04-01T05:12:15.158+0000] {processor.py:186} INFO - Started process (PID=10217) to work on /opt/airflow/dags/db_and_model_update_dag.py
[2026-04-01T05:12:15.159+0000] {processor.py:914} INFO - Processing file /opt/airflow/dags/db_and_model_update_dag.py for tasks to queue
[2026-04-01T05:12:15.161+0000] {logging_mixin.py:190} INFO - [2026-04-01T05:12:15.161+0000] {dagbag.py:588} INFO - Filling up the DagBag from /opt/airflow/dags/db_and_model_update_dag.py
[2026-04-01T05:12:15.179+0000] {processor.py:925} INFO - DAG(s) 'db_and_model_update' retrieved from /opt/airflow/dags/db_and_model_update_dag.py
[2026-04-01T05:12:15.207+0000] {logging_mixin.py:190} INFO - [2026-04-01T05:12:15.207+0000] {dag.py:3239} INFO - Sync 1 DAGs
[2026-04-01T05:12:15.229+0000] {logging_mixin.py:190} INFO - [2026-04-01T05:12:15.229+0000] {dag.py:4180} INFO - Setting next_dagrun for db_and_model_update to 2026-03-30 14:00:00+00:00, run_after=2026-04-06 14:00:00+00:00
[2026-04-01T05:12:15.251+0000] {processor.py:208} INFO - Processing /opt/airflow/dags/db_and_model_update_dag.py took 0.099 seconds
[2026-04-01T05:12:45.691+0000] {processor.py:186} INFO - Started process (PID=10227) to work on /opt/airflow/dags/db_and_model_update_dag.py
[2026-04-01T05:12:45.692+0000] {processor.py:914} INFO - Processing file /opt/airflow/dags/db_and_model_update_dag.py for tasks to queue
[2026-04-01T05:12:45.695+0000] {logging_mixin.py:190} INFO - [2026-04-01T05:12:45.695+0000] {dagbag.py:588} INFO - Filling up the DagBag from /opt/airflow/dags/db_and_model_update_dag.py
[2026-04-01T05:12:45.714+0000] {processor.py:925} INFO - DAG(s) 'db_and_model_update' retrieved from /opt/airflow/dags/db_and_model_update_dag.py
[2026-04-01T05:12:45.742+0000] {logging_mixin.py:190} INFO - [2026-04-01T05:12:45.742+0000] {dag.py:3239} INFO - Sync 1 DAGs
[2026-04-01T05:12:45.772+0000] {logging_mixin.py:190} INFO - [2026-04-01T05:12:45.772+0000] {dag.py:4180} INFO - Setting next_dagrun for db_and_model_update to 2026-03-30 14:00:00+00:00, run_after=2026-04-06 14:00:00+00:00
[2026-04-01T05:12:45.791+0000] {processor.py:208} INFO - Processing /opt/airflow/dags/db_and_model_update_dag.py took 0.108 seconds
[2026-04-01T05:13:16.305+0000] {processor.py:186} INFO - Started process (PID=10237) to work on /opt/airflow/dags/db_and_model_update_dag.py
[2026-04-01T05:13:16.307+0000] {processor.py:914} INFO - Processing file /opt/airflow/dags/db_and_model_update_dag.py for tasks to queue
[2026-04-01T05:13:16.310+0000] {logging_mixin.py:190} INFO - [2026-04-01T05:13:16.310+0000] {dagbag.py:588} INFO - Filling up the DagBag from /opt/airflow/dags/db_and_model_update_dag.py
[2026-04-01T05:13:16.331+0000] {processor.py:925} INFO - DAG(s) 'db_and_model_update' retrieved from /opt/airflow/dags/db_and_model_update_dag.py
[2026-04-01T05:13:16.360+0000] {logging_mixin.py:190} INFO - [2026-04-01T05:13:16.360+0000] {dag.py:3239} INFO - Sync 1 DAGs
[2026-04-01T05:13:16.382+0000] {logging_mixin.py:190} INFO - [2026-04-01T05:13:16.382+0000] {dag.py:4180} INFO - Setting next_dagrun for db_and_model_update to 2026-03-30 14:00:00+00:00, run_after=2026-04-06 14:00:00+00:00
[2026-04-01T05:13:16.404+0000] {processor.py:208} INFO - Processing /opt/airflow/dags/db_and_model_update_dag.py took 0.106 seconds
[2026-04-01T05:13:46.791+0000] {processor.py:186} INFO - Started process (PID=10247) to work on /opt/airflow/dags/db_and_model_update_dag.py
[2026-04-01T05:13:46.793+0000] {processor.py:914} INFO - Processing file /opt/airflow/dags/db_and_model_update_dag.py for tasks to queue
[2026-04-01T05:13:46.795+0000] {logging_mixin.py:190} INFO - [2026-04-01T05:13:46.794+0000] {dagbag.py:588} INFO - Filling up the DagBag from /opt/airflow/dags/db_and_model_update_dag.py
[2026-04-01T05:13:46.819+0000] {processor.py:925} INFO - DAG(s) 'db_and_model_update' retrieved from /opt/airflow/dags/db_and_model_update_dag.py
[2026-04-01T05:13:46.847+0000] {logging_mixin.py:190} INFO - [2026-04-01T05:13:46.847+0000] {dag.py:3239} INFO - Sync 1 DAGs
[2026-04-01T05:13:46.868+0000] {logging_mixin.py:190} INFO - [2026-04-01T05:13:46.867+0000] {dag.py:4180} INFO - Setting next_dagrun for db_and_model_update to 2026-03-30 14:00:00+00:00, run_after=2026-04-06 14:00:00+00:00
[2026-04-01T05:13:46.884+0000] {processor.py:208} INFO - Processing /opt/airflow/dags/db_and_model_update_dag.py took 0.100 seconds
[2026-04-01T05:14:17.423+0000] {processor.py:186} INFO - Started process (PID=10257) to work on /opt/airflow/dags/db_and_model_update_dag.py
[2026-04-01T05:14:17.424+0000] {processor.py:914} INFO - Processing file /opt/airflow/dags/db_and_model_update_dag.py for tasks to queue
[2026-04-01T05:14:17.426+0000] {logging_mixin.py:190} INFO - [2026-04-01T05:14:17.426+0000] {dagbag.py:588} INFO - Filling up the DagBag from /opt/airflow/dags/db_and_model_update_dag.py
[2026-04-01T05:14:17.444+0000] {processor.py:925} INFO - DAG(s) 'db_and_model_update' retrieved from /opt/airflow/dags/db_and_model_update_dag.py
[2026-04-01T05:14:17.472+0000] {logging_mixin.py:190} INFO - [2026-04-01T05:14:17.472+0000] {dag.py:3239} INFO - Sync 1 DAGs
[2026-04-01T05:14:17.490+0000] {logging_mixin.py:190} INFO - [2026-04-01T05:14:17.490+0000] {dag.py:4180} INFO - Setting next_dagrun for db_and_model_update to 2026-03-30 14:00:00+00:00, run_after=2026-04-06 14:00:00+00:00
[2026-04-01T05:14:17.510+0000] {processor.py:208} INFO - Processing /opt/airflow/dags/db_and_model_update_dag.py took 0.093 seconds
[2026-04-01T05:14:47.904+0000] {processor.py:186} INFO - Started process (PID=10267) to work on /opt/airflow/dags/db_and_model_update_dag.py
[2026-04-01T05:14:47.906+0000] {processor.py:914} INFO - Processing file /opt/airflow/dags/db_and_model_update_dag.py for tasks to queue
[2026-04-01T05:14:47.909+0000] {logging_mixin.py:190} INFO - [2026-04-01T05:14:47.909+0000] {dagbag.py:588} INFO - Filling up the DagBag from /opt/airflow/dags/db_and_model_update_dag.py
[2026-04-01T05:14:47.930+0000] {processor.py:925} INFO - DAG(s) 'db_and_model_update' retrieved from /opt/airflow/dags/db_and_model_update_dag.py
[2026-04-01T05:14:47.966+0000] {logging_mixin.py:190} INFO - [2026-04-01T05:14:47.966+0000] {dag.py:3239} INFO - Sync 1 DAGs
[2026-04-01T05:14:47.993+0000] {logging_mixin.py:190} INFO - [2026-04-01T05:14:47.992+0000] {dag.py:4180} INFO - Setting next_dagrun for db_and_model_update to 2026-03-30 14:00:00+00:00, run_after=2026-04-06 14:00:00+00:00
[2026-04-01T05:14:48.024+0000] {processor.py:208} INFO - Processing /opt/airflow/dags/db_and_model_update_dag.py took 0.127 seconds
[2026-04-01T05:15:18.488+0000] {processor.py:186} INFO - Started process (PID=10277) to work on /opt/airflow/dags/db_and_model_update_dag.py
[2026-04-01T05:15:18.489+0000] {processor.py:914} INFO - Processing file /opt/airflow/dags/db_and_model_update_dag.py for tasks to queue
[2026-04-01T05:15:18.491+0000] {logging_mixin.py:190} INFO - [2026-04-01T05:15:18.491+0000] {dagbag.py:588} INFO - Filling up the DagBag from /opt/airflow/dags/db_and_model_update_dag.py
[2026-04-01T05:15:18.514+0000] {processor.py:925} INFO - DAG(s) 'db_and_model_update' retrieved from /opt/airflow/dags/db_and_model_update_dag.py
[2026-04-01T05:15:18.543+0000] {logging_mixin.py:190} INFO - [2026-04-01T05:15:18.543+0000] {dag.py:3239} INFO - Sync 1 DAGs
[2026-04-01T05:15:18.566+0000] {logging_mixin.py:190} INFO - [2026-04-01T05:15:18.566+0000] {dag.py:4180} INFO - Setting next_dagrun for db_and_model_update to 2026-03-30 14:00:00+00:00, run_after=2026-04-06 14:00:00+00:00
[2026-04-01T05:15:18.585+0000] {processor.py:208} INFO - Processing /opt/airflow/dags/db_and_model_update_dag.py took 0.105 seconds
[2026-04-01T05:15:49.105+0000] {processor.py:186} INFO - Started process (PID=10287) to work on /opt/airflow/dags/db_and_model_update_dag.py
[2026-04-01T05:15:49.106+0000] {processor.py:914} INFO - Processing file /opt/airflow/dags/db_and_model_update_dag.py for tasks to queue
[2026-04-01T05:15:49.109+0000] {logging_mixin.py:190} INFO - [2026-04-01T05:15:49.109+0000] {dagbag.py:588} INFO - Filling up the DagBag from /opt/airflow/dags/db_and_model_update_dag.py
[2026-04-01T05:15:49.128+0000] {processor.py:925} INFO - DAG(s) 'db_and_model_update' retrieved from /opt/airflow/dags/db_and_model_update_dag.py
[2026-04-01T05:15:49.160+0000] {logging_mixin.py:190} INFO - [2026-04-01T05:15:49.159+0000] {dag.py:3239} INFO - Sync 1 DAGs
[2026-04-01T05:15:49.186+0000] {logging_mixin.py:190} INFO - [2026-04-01T05:15:49.186+0000] {dag.py:4180} INFO - Setting next_dagrun for db_and_model_update to 2026-03-30 14:00:00+00:00, run_after=2026-04-06 14:00:00+00:00
[2026-04-01T05:15:49.206+0000] {processor.py:208} INFO - Processing /opt/airflow/dags/db_and_model_update_dag.py took 0.107 seconds
[2026-04-01T05:16:19.581+0000] {processor.py:186} INFO - Started process (PID=10297) to work on /opt/airflow/dags/db_and_model_update_dag.py
[2026-04-01T05:16:19.584+0000] {processor.py:914} INFO - Processing file /opt/airflow/dags/db_and_model_update_dag.py for tasks to queue
[2026-04-01T05:16:19.587+0000] {logging_mixin.py:190} INFO - [2026-04-01T05:16:19.587+0000] {dagbag.py:588} INFO - Filling up the DagBag from /opt/airflow/dags/db_and_model_update_dag.py
[2026-04-01T05:16:19.611+0000] {processor.py:925} INFO - DAG(s) 'db_and_model_update' retrieved from /opt/airflow/dags/db_and_model_update_dag.py
[2026-04-01T05:16:19.648+0000] {logging_mixin.py:190} INFO - [2026-04-01T05:16:19.647+0000] {dag.py:3239} INFO - Sync 1 DAGs
[2026-04-01T05:16:19.672+0000] {logging_mixin.py:190} INFO - [2026-04-01T05:16:19.672+0000] {dag.py:4180} INFO - Setting next_dagrun for db_and_model_update to 2026-03-30 14:00:00+00:00, run_after=2026-04-06 14:00:00+00:00
[2026-04-01T05:16:19.712+0000] {processor.py:208} INFO - Processing /opt/airflow/dags/db_and_model_update_dag.py took 0.138 seconds
[2026-04-01T05:16:50.228+0000] {processor.py:186} INFO - Started process (PID=10307) to work on /opt/airflow/dags/db_and_model_update_dag.py
[2026-04-01T05:16:50.229+0000] {processor.py:914} INFO - Processing file /opt/airflow/dags/db_and_model_update_dag.py for tasks to queue
[2026-04-01T05:16:50.232+0000] {logging_mixin.py:190} INFO - [2026-04-01T05:16:50.231+0000] {dagbag.py:588} INFO - Filling up the DagBag from /opt/airflow/dags/db_and_model_update_dag.py
[2026-04-01T05:16:50.253+0000] {processor.py:925} INFO - DAG(s) 'db_and_model_update' retrieved from /opt/airflow/dags/db_and_model_update_dag.py
[2026-04-01T05:16:50.284+0000] {logging_mixin.py:190} INFO - [2026-04-01T05:16:50.284+0000] {dag.py:3239} INFO - Sync 1 DAGs
[2026-04-01T05:16:50.306+0000] {logging_mixin.py:190} INFO - [2026-04-01T05:16:50.306+0000] {dag.py:4180} INFO - Setting next_dagrun for db_and_model_update to 2026-03-30 14:00:00+00:00, run_after=2026-04-06 14:00:00+00:00
[2026-04-01T05:16:50.324+0000] {processor.py:208} INFO - Processing /opt/airflow/dags/db_and_model_update_dag.py took 0.105 seconds
[2026-04-01T05:17:20.679+0000] {processor.py:186} INFO - Started process (PID=10317) to work on /opt/airflow/dags/db_and_model_update_dag.py
[2026-04-01T05:17:20.680+0000] {processor.py:914} INFO - Processing file /opt/airflow/dags/db_and_model_update_dag.py for tasks to queue
[2026-04-01T05:17:20.682+0000] {logging_mixin.py:190} INFO - [2026-04-01T05:17:20.681+0000] {dagbag.py:588} INFO - Filling up the DagBag from /opt/airflow/dags/db_and_model_update_dag.py
[2026-04-01T05:17:20.700+0000] {processor.py:925} INFO - DAG(s) 'db_and_model_update' retrieved from /opt/airflow/dags/db_and_model_update_dag.py
[2026-04-01T05:17:20.731+0000] {logging_mixin.py:190} INFO - [2026-04-01T05:17:20.731+0000] {dag.py:3239} INFO - Sync 1 DAGs
[2026-04-01T05:17:20.753+0000] {logging_mixin.py:190} INFO - [2026-04-01T05:17:20.753+0000] {dag.py:4180} INFO - Setting next_dagrun for db_and_model_update to 2026-03-30 14:00:00+00:00, run_after=2026-04-06 14:00:00+00:00
[2026-04-01T05:17:20.775+0000] {processor.py:208} INFO - Processing /opt/airflow/dags/db_and_model_update_dag.py took 0.103 seconds
[2026-04-01T05:17:51.233+0000] {processor.py:186} INFO - Started process (PID=10327) to work on /opt/airflow/dags/db_and_model_update_dag.py
[2026-04-01T05:17:51.235+0000] {processor.py:914} INFO - Processing file /opt/airflow/dags/db_and_model_update_dag.py for tasks to queue
[2026-04-01T05:17:51.237+0000] {logging_mixin.py:190} INFO - [2026-04-01T05:17:51.237+0000] {dagbag.py:588} INFO - Filling up the DagBag from /opt/airflow/dags/db_and_model_update_dag.py
[2026-04-01T05:17:51.260+0000] {processor.py:925} INFO - DAG(s) 'db_and_model_update' retrieved from /opt/airflow/dags/db_and_model_update_dag.py
[2026-04-01T05:17:51.291+0000] {logging_mixin.py:190} INFO - [2026-04-01T05:17:51.291+0000] {dag.py:3239} INFO - Sync 1 DAGs
[2026-04-01T05:17:51.314+0000] {logging_mixin.py:190} INFO - [2026-04-01T05:17:51.314+0000] {dag.py:4180} INFO - Setting next_dagrun for db_and_model_update to 2026-03-30 14:00:00+00:00, run_after=2026-04-06 14:00:00+00:00
[2026-04-01T05:17:51.344+0000] {processor.py:208} INFO - Processing /opt/airflow/dags/db_and_model_update_dag.py took 0.118 seconds
[2026-04-01T05:18:21.710+0000] {processor.py:186} INFO - Started process (PID=10337) to work on /opt/airflow/dags/db_and_model_update_dag.py
[2026-04-01T05:18:21.711+0000] {processor.py:914} INFO - Processing file /opt/airflow/dags/db_and_model_update_dag.py for tasks to queue
[2026-04-01T05:18:21.713+0000] {logging_mixin.py:190} INFO - [2026-04-01T05:18:21.712+0000] {dagbag.py:588} INFO - Filling up the DagBag from /opt/airflow/dags/db_and_model_update_dag.py
[2026-04-01T05:18:21.733+0000] {processor.py:925} INFO - DAG(s) 'db_and_model_update' retrieved from /opt/airflow/dags/db_and_model_update_dag.py
[2026-04-01T05:18:21.766+0000] {logging_mixin.py:190} INFO - [2026-04-01T05:18:21.766+0000] {dag.py:3239} INFO - Sync 1 DAGs
[2026-04-01T05:18:21.788+0000] {logging_mixin.py:190} INFO - [2026-04-01T05:18:21.787+0000] {dag.py:4180} INFO - Setting next_dagrun for db_and_model_update to 2026-03-30 14:00:00+00:00, run_after=2026-04-06 14:00:00+00:00
[2026-04-01T05:18:21.806+0000] {processor.py:208} INFO - Processing /opt/airflow/dags/db_and_model_update_dag.py took 0.104 seconds
[2026-04-01T05:18:52.248+0000] {processor.py:186} INFO - Started process (PID=10347) to work on /opt/airflow/dags/db_and_model_update_dag.py
[2026-04-01T05:18:52.250+0000] {processor.py:914} INFO - Processing file /opt/airflow/dags/db_and_model_update_dag.py for tasks to queue
[2026-04-01T05:18:52.253+0000] {logging_mixin.py:190} INFO - [2026-04-01T05:18:52.252+0000] {dagbag.py:588} INFO - Filling up the DagBag from /opt/airflow/dags/db_and_model_update_dag.py
[2026-04-01T05:18:52.272+0000] {processor.py:925} INFO - DAG(s) 'db_and_model_update' retrieved from /opt/airflow/dags/db_and_model_update_dag.py
[2026-04-01T05:18:52.307+0000] {logging_mixin.py:190} INFO - [2026-04-01T05:18:52.306+0000] {dag.py:3239} INFO - Sync 1 DAGs
[2026-04-01T05:18:52.329+0000] {logging_mixin.py:190} INFO - [2026-04-01T05:18:52.329+0000] {dag.py:4180} INFO - Setting next_dagrun for db_and_model_update to 2026-03-30 14:00:00+00:00, run_after=2026-04-06 14:00:00+00:00
[2026-04-01T05:18:52.351+0000] {processor.py:208} INFO - Processing /opt/airflow/dags/db_and_model_update_dag.py took 0.111 seconds
[2026-04-01T05:19:22.726+0000] {processor.py:186} INFO - Started process (PID=10357) to work on /opt/airflow/dags/db_and_model_update_dag.py
[2026-04-01T05:19:22.727+0000] {processor.py:914} INFO - Processing file /opt/airflow/dags/db_and_model_update_dag.py for tasks to queue
[2026-04-01T05:19:22.729+0000] {logging_mixin.py:190} INFO - [2026-04-01T05:19:22.729+0000] {dagbag.py:588} INFO - Filling up the DagBag from /opt/airflow/dags/db_and_model_update_dag.py
[2026-04-01T05:19:22.755+0000] {processor.py:925} INFO - DAG(s) 'db_and_model_update' retrieved from /opt/airflow/dags/db_and_model_update_dag.py
[2026-04-01T05:19:22.785+0000] {logging_mixin.py:190} INFO - [2026-04-01T05:19:22.785+0000] {dag.py:3239} INFO - Sync 1 DAGs
[2026-04-01T05:19:22.814+0000] {logging_mixin.py:190} INFO - [2026-04-01T05:19:22.813+0000] {dag.py:4180} INFO - Setting next_dagrun for db_and_model_update to 2026-03-30 14:00:00+00:00, run_after=2026-04-06 14:00:00+00:00
[2026-04-01T05:19:22.844+0000] {processor.py:208} INFO - Processing /opt/airflow/dags/db_and_model_update_dag.py took 0.124 seconds
[2026-04-01T05:19:53.325+0000] {processor.py:186} INFO - Started process (PID=10367) to work on /opt/airflow/dags/db_and_model_update_dag.py
[2026-04-01T05:19:53.326+0000] {processor.py:914} INFO - Processing file /opt/airflow/dags/db_and_model_update_dag.py for tasks to queue
[2026-04-01T05:19:53.329+0000] {logging_mixin.py:190} INFO - [2026-04-01T05:19:53.328+0000] {dagbag.py:588} INFO - Filling up the DagBag from /opt/airflow/dags/db_and_model_update_dag.py
[2026-04-01T05:19:53.350+0000] {processor.py:925} INFO - DAG(s) 'db_and_model_update' retrieved from /opt/airflow/dags/db_and_model_update_dag.py
[2026-04-01T05:19:53.383+0000] {logging_mixin.py:190} INFO - [2026-04-01T05:19:53.383+0000] {dag.py:3239} INFO - Sync 1 DAGs
[2026-04-01T05:19:53.426+0000] {logging_mixin.py:190} INFO - [2026-04-01T05:19:53.426+0000] {dag.py:4180} INFO - Setting next_dagrun for db_and_model_update to 2026-03-30 14:00:00+00:00, run_after=2026-04-06 14:00:00+00:00
[2026-04-01T05:19:53.450+0000] {processor.py:208} INFO - Processing /opt/airflow/dags/db_and_model_update_dag.py took 0.132 seconds
[2026-04-01T05:20:23.839+0000] {processor.py:186} INFO - Started process (PID=10377) to work on /opt/airflow/dags/db_and_model_update_dag.py
[2026-04-01T05:20:23.841+0000] {processor.py:914} INFO - Processing file /opt/airflow/dags/db_and_model_update_dag.py for tasks to queue
[2026-04-01T05:20:23.844+0000] {logging_mixin.py:190} INFO - [2026-04-01T05:20:23.844+0000] {dagbag.py:588} INFO - Filling up the DagBag from /opt/airflow/dags/db_and_model_update_dag.py
[2026-04-01T05:20:23.869+0000] {processor.py:925} INFO - DAG(s) 'db_and_model_update' retrieved from /opt/airflow/dags/db_and_model_update_dag.py
[2026-04-01T05:20:23.897+0000] {logging_mixin.py:190} INFO - [2026-04-01T05:20:23.897+0000] {dag.py:3239} INFO - Sync 1 DAGs
[2026-04-01T05:20:23.917+0000] {logging_mixin.py:190} INFO - [2026-04-01T05:20:23.916+0000] {dag.py:4180} INFO - Setting next_dagrun for db_and_model_update to 2026-03-30 14:00:00+00:00, run_after=2026-04-06 14:00:00+00:00
[2026-04-01T05:20:23.941+0000] {processor.py:208} INFO - Processing /opt/airflow/dags/db_and_model_update_dag.py took 0.114 seconds
[2026-04-01T05:20:54.315+0000] {processor.py:186} INFO - Started process (PID=10387) to work on /opt/airflow/dags/db_and_model_update_dag.py
[2026-04-01T05:20:54.317+0000] {processor.py:914} INFO - Processing file /opt/airflow/dags/db_and_model_update_dag.py for tasks to queue
[2026-04-01T05:20:54.319+0000] {logging_mixin.py:190} INFO - [2026-04-01T05:20:54.319+0000] {dagbag.py:588} INFO - Filling up the DagBag from /opt/airflow/dags/db_and_model_update_dag.py
[2026-04-01T05:20:54.348+0000] {processor.py:925} INFO - DAG(s) 'db_and_model_update' retrieved from /opt/airflow/dags/db_and_model_update_dag.py
[2026-04-01T05:20:54.387+0000] {logging_mixin.py:190} INFO - [2026-04-01T05:20:54.386+0000] {dag.py:3239} INFO - Sync 1 DAGs
[2026-04-01T05:20:54.416+0000] {logging_mixin.py:190} INFO - [2026-04-01T05:20:54.415+0000] {dag.py:4180} INFO - Setting next_dagrun for db_and_model_update to 2026-03-30 14:00:00+00:00, run_after=2026-04-06 14:00:00+00:00
[2026-04-01T05:20:54.437+0000] {processor.py:208} INFO - Processing /opt/airflow/dags/db_and_model_update_dag.py took 0.129 seconds
[2026-04-01T05:21:24.927+0000] {processor.py:186} INFO - Started process (PID=10397) to work on /opt/airflow/dags/db_and_model_update_dag.py
[2026-04-01T05:21:24.928+0000] {processor.py:914} INFO - Processing file /opt/airflow/dags/db_and_model_update_dag.py for tasks to queue
[2026-04-01T05:21:24.930+0000] {logging_mixin.py:190} INFO - [2026-04-01T05:21:24.930+0000] {dagbag.py:588} INFO - Filling up the DagBag from /opt/airflow/dags/db_and_model_update_dag.py
[2026-04-01T05:21:24.948+0000] {processor.py:925} INFO - DAG(s) 'db_and_model_update' retrieved from /opt/airflow/dags/db_and_model_update_dag.py
[2026-04-01T05:21:24.974+0000] {logging_mixin.py:190} INFO - [2026-04-01T05:21:24.974+0000] {dag.py:3239} INFO - Sync 1 DAGs
[2026-04-01T05:21:24.995+0000] {logging_mixin.py:190} INFO - [2026-04-01T05:21:24.995+0000] {dag.py:4180} INFO - Setting next_dagrun for db_and_model_update to 2026-03-30 14:00:00+00:00, run_after=2026-04-06 14:00:00+00:00
[2026-04-01T05:21:25.015+0000] {processor.py:208} INFO - Processing /opt/airflow/dags/db_and_model_update_dag.py took 0.096 seconds
[2026-04-01T05:21:55.343+0000] {processor.py:186} INFO - Started process (PID=10407) to work on /opt/airflow/dags/db_and_model_update_dag.py
[2026-04-01T05:21:55.344+0000] {processor.py:914} INFO - Processing file /opt/airflow/dags/db_and_model_update_dag.py for tasks to queue
[2026-04-01T05:21:55.347+0000] {logging_mixin.py:190} INFO - [2026-04-01T05:21:55.346+0000] {dagbag.py:588} INFO - Filling up the DagBag from /opt/airflow/dags/db_and_model_update_dag.py
[2026-04-01T05:21:55.378+0000] {processor.py:925} INFO - DAG(s) 'db_and_model_update' retrieved from /opt/airflow/dags/db_and_model_update_dag.py
[2026-04-01T05:21:55.418+0000] {logging_mixin.py:190} INFO - [2026-04-01T05:21:55.418+0000] {dag.py:3239} INFO - Sync 1 DAGs
[2026-04-01T05:21:55.442+0000] {logging_mixin.py:190} INFO - [2026-04-01T05:21:55.442+0000] {dag.py:4180} INFO - Setting next_dagrun for db_and_model_update to 2026-03-30 14:00:00+00:00, run_after=2026-04-06 14:00:00+00:00
[2026-04-01T05:21:55.470+0000] {processor.py:208} INFO - Processing /opt/airflow/dags/db_and_model_update_dag.py took 0.134 seconds
[2026-04-01T05:22:25.847+0000] {processor.py:186} INFO - Started process (PID=10417) to work on /opt/airflow/dags/db_and_model_update_dag.py
[2026-04-01T05:22:25.849+0000] {processor.py:914} INFO - Processing file /opt/airflow/dags/db_and_model_update_dag.py for tasks to queue
[2026-04-01T05:22:25.851+0000] {logging_mixin.py:190} INFO - [2026-04-01T05:22:25.851+0000] {dagbag.py:588} INFO - Filling up the DagBag from /opt/airflow/dags/db_and_model_update_dag.py
[2026-04-01T05:22:25.869+0000] {processor.py:925} INFO - DAG(s) 'db_and_model_update' retrieved from /opt/airflow/dags/db_and_model_update_dag.py
[2026-04-01T05:22:25.896+0000] {logging_mixin.py:190} INFO - [2026-04-01T05:22:25.896+0000] {dag.py:3239} INFO - Sync 1 DAGs
[2026-04-01T05:22:25.917+0000] {logging_mixin.py:190} INFO - [2026-04-01T05:22:25.916+0000] {dag.py:4180} INFO - Setting next_dagrun for db_and_model_update to 2026-03-30 14:00:00+00:00, run_after=2026-04-06 14:00:00+00:00
[2026-04-01T05:22:25.939+0000] {processor.py:208} INFO - Processing /opt/airflow/dags/db_and_model_update_dag.py took 0.100 seconds
[2026-04-01T05:22:56.607+0000] {processor.py:186} INFO - Started process (PID=10427) to work on /opt/airflow/dags/db_and_model_update_dag.py
[2026-04-01T05:22:56.608+0000] {processor.py:914} INFO - Processing file /opt/airflow/dags/db_and_model_update_dag.py for tasks to queue
[2026-04-01T05:22:56.611+0000] {logging_mixin.py:190} INFO - [2026-04-01T05:22:56.610+0000] {dagbag.py:588} INFO - Filling up the DagBag from /opt/airflow/dags/db_and_model_update_dag.py
[2026-04-01T05:22:56.631+0000] {processor.py:925} INFO - DAG(s) 'db_and_model_update' retrieved from /opt/airflow/dags/db_and_model_update_dag.py
[2026-04-01T05:22:56.662+0000] {logging_mixin.py:190} INFO - [2026-04-01T05:22:56.662+0000] {dag.py:3239} INFO - Sync 1 DAGs
[2026-04-01T05:22:56.682+0000] {logging_mixin.py:190} INFO - [2026-04-01T05:22:56.681+0000] {dag.py:4180} INFO - Setting next_dagrun for db_and_model_update to 2026-03-30 14:00:00+00:00, run_after=2026-04-06 14:00:00+00:00
[2026-04-01T05:22:56.706+0000] {processor.py:208} INFO - Processing /opt/airflow/dags/db_and_model_update_dag.py took 0.107 seconds
[2026-04-01T05:23:27.058+0000] {processor.py:186} INFO - Started process (PID=10437) to work on /opt/airflow/dags/db_and_model_update_dag.py
[2026-04-01T05:23:27.059+0000] {processor.py:914} INFO - Processing file /opt/airflow/dags/db_and_model_update_dag.py for tasks to queue
[2026-04-01T05:23:27.061+0000] {logging_mixin.py:190} INFO - [2026-04-01T05:23:27.061+0000] {dagbag.py:588} INFO - Filling up the DagBag from /opt/airflow/dags/db_and_model_update_dag.py
[2026-04-01T05:23:27.079+0000] {processor.py:925} INFO - DAG(s) 'db_and_model_update' retrieved from /opt/airflow/dags/db_and_model_update_dag.py
[2026-04-01T05:23:27.107+0000] {logging_mixin.py:190} INFO - [2026-04-01T05:23:27.107+0000] {dag.py:3239} INFO - Sync 1 DAGs
[2026-04-01T05:23:27.126+0000] {logging_mixin.py:190} INFO - [2026-04-01T05:23:27.126+0000] {dag.py:4180} INFO - Setting next_dagrun for db_and_model_update to 2026-03-30 14:00:00+00:00, run_after=2026-04-06 14:00:00+00:00
[2026-04-01T05:23:27.147+0000] {processor.py:208} INFO - Processing /opt/airflow/dags/db_and_model_update_dag.py took 0.095 seconds
[2026-04-01T05:23:57.525+0000] {processor.py:186} INFO - Started process (PID=10447) to work on /opt/airflow/dags/db_and_model_update_dag.py
[2026-04-01T05:23:57.526+0000] {processor.py:914} INFO - Processing file /opt/airflow/dags/db_and_model_update_dag.py for tasks to queue
[2026-04-01T05:23:57.528+0000] {logging_mixin.py:190} INFO - [2026-04-01T05:23:57.528+0000] {dagbag.py:588} INFO - Filling up the DagBag from /opt/airflow/dags/db_and_model_update_dag.py
[2026-04-01T05:23:57.548+0000] {processor.py:925} INFO - DAG(s) 'db_and_model_update' retrieved from /opt/airflow/dags/db_and_model_update_dag.py
[2026-04-01T05:23:57.579+0000] {logging_mixin.py:190} INFO - [2026-04-01T05:23:57.579+0000] {dag.py:3239} INFO - Sync 1 DAGs
[2026-04-01T05:23:57.602+0000] {logging_mixin.py:190} INFO - [2026-04-01T05:23:57.602+0000] {dag.py:4180} INFO - Setting next_dagrun for db_and_model_update to 2026-03-30 14:00:00+00:00, run_after=2026-04-06 14:00:00+00:00
[2026-04-01T05:23:57.623+0000] {processor.py:208} INFO - Processing /opt/airflow/dags/db_and_model_update_dag.py took 0.105 seconds
[2026-04-01T05:24:28.059+0000] {processor.py:186} INFO - Started process (PID=10457) to work on /opt/airflow/dags/db_and_model_update_dag.py
[2026-04-01T05:24:28.060+0000] {processor.py:914} INFO - Processing file /opt/airflow/dags/db_and_model_update_dag.py for tasks to queue
[2026-04-01T05:24:28.062+0000] {logging_mixin.py:190} INFO - [2026-04-01T05:24:28.062+0000] {dagbag.py:588} INFO - Filling up the DagBag from /opt/airflow/dags/db_and_model_update_dag.py
[2026-04-01T05:24:28.080+0000] {processor.py:925} INFO - DAG(s) 'db_and_model_update' retrieved from /opt/airflow/dags/db_and_model_update_dag.py
[2026-04-01T05:24:28.106+0000] {logging_mixin.py:190} INFO - [2026-04-01T05:24:28.106+0000] {dag.py:3239} INFO - Sync 1 DAGs
[2026-04-01T05:24:28.124+0000] {logging_mixin.py:190} INFO - [2026-04-01T05:24:28.124+0000] {dag.py:4180} INFO - Setting next_dagrun for db_and_model_update to 2026-03-30 14:00:00+00:00, run_after=2026-04-06 14:00:00+00:00
[2026-04-01T05:24:28.141+0000] {processor.py:208} INFO - Processing /opt/airflow/dags/db_and_model_update_dag.py took 0.090 seconds
[2026-04-01T05:24:58.517+0000] {processor.py:186} INFO - Started process (PID=10467) to work on /opt/airflow/dags/db_and_model_update_dag.py
[2026-04-01T05:24:58.518+0000] {processor.py:914} INFO - Processing file /opt/airflow/dags/db_and_model_update_dag.py for tasks to queue
[2026-04-01T05:24:58.520+0000] {logging_mixin.py:190} INFO - [2026-04-01T05:24:58.520+0000] {dagbag.py:588} INFO - Filling up the DagBag from /opt/airflow/dags/db_and_model_update_dag.py
[2026-04-01T05:24:58.540+0000] {processor.py:925} INFO - DAG(s) 'db_and_model_update' retrieved from /opt/airflow/dags/db_and_model_update_dag.py
[2026-04-01T05:24:58.570+0000] {logging_mixin.py:190} INFO - [2026-04-01T05:24:58.570+0000] {dag.py:3239} INFO - Sync 1 DAGs
[2026-04-01T05:24:58.594+0000] {logging_mixin.py:190} INFO - [2026-04-01T05:24:58.593+0000] {dag.py:4180} INFO - Setting next_dagrun for db_and_model_update to 2026-03-30 14:00:00+00:00, run_after=2026-04-06 14:00:00+00:00
[2026-04-01T05:24:58.614+0000] {processor.py:208} INFO - Processing /opt/airflow/dags/db_and_model_update_dag.py took 0.103 seconds
[2026-04-01T05:25:29.074+0000] {processor.py:186} INFO - Started process (PID=10477) to work on /opt/airflow/dags/db_and_model_update_dag.py
[2026-04-01T05:25:29.076+0000] {processor.py:914} INFO - Processing file /opt/airflow/dags/db_and_model_update_dag.py for tasks to queue
[2026-04-01T05:25:29.078+0000] {logging_mixin.py:190} INFO - [2026-04-01T05:25:29.077+0000] {dagbag.py:588} INFO - Filling up the DagBag from /opt/airflow/dags/db_and_model_update_dag.py
[2026-04-01T05:25:29.099+0000] {processor.py:925} INFO - DAG(s) 'db_and_model_update' retrieved from /opt/airflow/dags/db_and_model_update_dag.py
[2026-04-01T05:25:29.129+0000] {logging_mixin.py:190} INFO - [2026-04-01T05:25:29.129+0000] {dag.py:3239} INFO - Sync 1 DAGs
[2026-04-01T05:25:29.152+0000] {logging_mixin.py:190} INFO - [2026-04-01T05:25:29.152+0000] {dag.py:4180} INFO - Setting next_dagrun for db_and_model_update to 2026-03-30 14:00:00+00:00, run_after=2026-04-06 14:00:00+00:00
[2026-04-01T05:25:29.176+0000] {processor.py:208} INFO - Processing /opt/airflow/dags/db_and_model_update_dag.py took 0.108 seconds
[2026-04-01T05:25:59.632+0000] {processor.py:186} INFO - Started process (PID=10487) to work on /opt/airflow/dags/db_and_model_update_dag.py
[2026-04-01T05:25:59.633+0000] {processor.py:914} INFO - Processing file /opt/airflow/dags/db_and_model_update_dag.py for tasks to queue
[2026-04-01T05:25:59.636+0000] {logging_mixin.py:190} INFO - [2026-04-01T05:25:59.635+0000] {dagbag.py:588} INFO - Filling up the DagBag from /opt/airflow/dags/db_and_model_update_dag.py
[2026-04-01T05:25:59.653+0000] {processor.py:925} INFO - DAG(s) 'db_and_model_update' retrieved from /opt/airflow/dags/db_and_model_update_dag.py
[2026-04-01T05:25:59.681+0000] {logging_mixin.py:190} INFO - [2026-04-01T05:25:59.681+0000] {dag.py:3239} INFO - Sync 1 DAGs
[2026-04-01T05:25:59.701+0000] {logging_mixin.py:190} INFO - [2026-04-01T05:25:59.701+0000] {dag.py:4180} INFO - Setting next_dagrun for db_and_model_update to 2026-03-30 14:00:00+00:00, run_after=2026-04-06 14:00:00+00:00
[2026-04-01T05:25:59.719+0000] {processor.py:208} INFO - Processing /opt/airflow/dags/db_and_model_update_dag.py took 0.094 seconds
[2026-04-01T05:26:30.086+0000] {processor.py:186} INFO - Started process (PID=10497) to work on /opt/airflow/dags/db_and_model_update_dag.py
[2026-04-01T05:26:30.087+0000] {processor.py:914} INFO - Processing file /opt/airflow/dags/db_and_model_update_dag.py for tasks to queue
[2026-04-01T05:26:30.090+0000] {logging_mixin.py:190} INFO - [2026-04-01T05:26:30.089+0000] {dagbag.py:588} INFO - Filling up the DagBag from /opt/airflow/dags/db_and_model_update_dag.py
[2026-04-01T05:26:30.111+0000] {processor.py:925} INFO - DAG(s) 'db_and_model_update' retrieved from /opt/airflow/dags/db_and_model_update_dag.py
[2026-04-01T05:26:30.145+0000] {logging_mixin.py:190} INFO - [2026-04-01T05:26:30.145+0000] {dag.py:3239} INFO - Sync 1 DAGs
[2026-04-01T05:26:30.167+0000] {logging_mixin.py:190} INFO - [2026-04-01T05:26:30.167+0000] {dag.py:4180} INFO - Setting next_dagrun for db_and_model_update to 2026-03-30 14:00:00+00:00, run_after=2026-04-06 14:00:00+00:00
[2026-04-01T05:26:30.192+0000] {processor.py:208} INFO - Processing /opt/airflow/dags/db_and_model_update_dag.py took 0.119 seconds
[2026-04-01T05:27:00.554+0000] {processor.py:186} INFO - Started process (PID=10507) to work on /opt/airflow/dags/db_and_model_update_dag.py
[2026-04-01T05:27:00.556+0000] {processor.py:914} INFO - Processing file /opt/airflow/dags/db_and_model_update_dag.py for tasks to queue
[2026-04-01T05:27:00.559+0000] {logging_mixin.py:190} INFO - [2026-04-01T05:27:00.558+0000] {dagbag.py:588} INFO - Filling up the DagBag from /opt/airflow/dags/db_and_model_update_dag.py
[2026-04-01T05:27:00.584+0000] {processor.py:925} INFO - DAG(s) 'db_and_model_update' retrieved from /opt/airflow/dags/db_and_model_update_dag.py
[2026-04-01T05:27:00.632+0000] {logging_mixin.py:190} INFO - [2026-04-01T05:27:00.631+0000] {dag.py:3239} INFO - Sync 1 DAGs
[2026-04-01T05:27:00.658+0000] {logging_mixin.py:190} INFO - [2026-04-01T05:27:00.658+0000] {dag.py:4180} INFO - Setting next_dagrun for db_and_model_update to 2026-03-30 14:00:00+00:00, run_after=2026-04-06 14:00:00+00:00
[2026-04-01T05:27:00.686+0000] {processor.py:208} INFO - Processing /opt/airflow/dags/db_and_model_update_dag.py took 0.141 seconds
[2026-04-01T05:27:31.139+0000] {processor.py:186} INFO - Started process (PID=10517) to work on /opt/airflow/dags/db_and_model_update_dag.py
[2026-04-01T05:27:31.140+0000] {processor.py:914} INFO - Processing file /opt/airflow/dags/db_and_model_update_dag.py for tasks to queue
[2026-04-01T05:27:31.143+0000] {logging_mixin.py:190} INFO - [2026-04-01T05:27:31.142+0000] {dagbag.py:588} INFO - Filling up the DagBag from /opt/airflow/dags/db_and_model_update_dag.py
[2026-04-01T05:27:31.160+0000] {processor.py:925} INFO - DAG(s) 'db_and_model_update' retrieved from /opt/airflow/dags/db_and_model_update_dag.py
[2026-04-01T05:27:31.187+0000] {logging_mixin.py:190} INFO - [2026-04-01T05:27:31.187+0000] {dag.py:3239} INFO - Sync 1 DAGs
[2026-04-01T05:27:31.207+0000] {logging_mixin.py:190} INFO - [2026-04-01T05:27:31.206+0000] {dag.py:4180} INFO - Setting next_dagrun for db_and_model_update to 2026-03-30 14:00:00+00:00, run_after=2026-04-06 14:00:00+00:00
[2026-04-01T05:27:31.224+0000] {processor.py:208} INFO - Processing /opt/airflow/dags/db_and_model_update_dag.py took 0.092 seconds
[2026-04-01T05:28:01.691+0000] {processor.py:186} INFO - Started process (PID=10527) to work on /opt/airflow/dags/db_and_model_update_dag.py
[2026-04-01T05:28:01.692+0000] {processor.py:914} INFO - Processing file /opt/airflow/dags/db_and_model_update_dag.py for tasks to queue
[2026-04-01T05:28:01.695+0000] {logging_mixin.py:190} INFO - [2026-04-01T05:28:01.695+0000] {dagbag.py:588} INFO - Filling up the DagBag from /opt/airflow/dags/db_and_model_update_dag.py
[2026-04-01T05:28:01.722+0000] {processor.py:925} INFO - DAG(s) 'db_and_model_update' retrieved from /opt/airflow/dags/db_and_model_update_dag.py
[2026-04-01T05:28:01.757+0000] {logging_mixin.py:190} INFO - [2026-04-01T05:28:01.757+0000] {dag.py:3239} INFO - Sync 1 DAGs
[2026-04-01T05:28:01.779+0000] {logging_mixin.py:190} INFO - [2026-04-01T05:28:01.778+0000] {dag.py:4180} INFO - Setting next_dagrun for db_and_model_update to 2026-03-30 14:00:00+00:00, run_after=2026-04-06 14:00:00+00:00
[2026-04-01T05:28:01.797+0000] {processor.py:208} INFO - Processing /opt/airflow/dags/db_and_model_update_dag.py took 0.115 seconds
[2026-04-01T05:28:32.210+0000] {processor.py:186} INFO - Started process (PID=10537) to work on /opt/airflow/dags/db_and_model_update_dag.py
[2026-04-01T05:28:32.211+0000] {processor.py:914} INFO - Processing file /opt/airflow/dags/db_and_model_update_dag.py for tasks to queue
[2026-04-01T05:28:32.214+0000] {logging_mixin.py:190} INFO - [2026-04-01T05:28:32.214+0000] {dagbag.py:588} INFO - Filling up the DagBag from /opt/airflow/dags/db_and_model_update_dag.py
[2026-04-01T05:28:32.240+0000] {processor.py:925} INFO - DAG(s) 'db_and_model_update' retrieved from /opt/airflow/dags/db_and_model_update_dag.py
[2026-04-01T05:28:32.267+0000] {logging_mixin.py:190} INFO - [2026-04-01T05:28:32.267+0000] {dag.py:3239} INFO - Sync 1 DAGs
[2026-04-01T05:28:32.287+0000] {logging_mixin.py:190} INFO - [2026-04-01T05:28:32.286+0000] {dag.py:4180} INFO - Setting next_dagrun for db_and_model_update to 2026-03-30 14:00:00+00:00, run_after=2026-04-06 14:00:00+00:00
[2026-04-01T05:28:32.307+0000] {processor.py:208} INFO - Processing /opt/airflow/dags/db_and_model_update_dag.py took 0.105 seconds
[2026-04-01T05:29:02.651+0000] {processor.py:186} INFO - Started process (PID=10547) to work on /opt/airflow/dags/db_and_model_update_dag.py
[2026-04-01T05:29:02.652+0000] {processor.py:914} INFO - Processing file /opt/airflow/dags/db_and_model_update_dag.py for tasks to queue
[2026-04-01T05:29:02.655+0000] {logging_mixin.py:190} INFO - [2026-04-01T05:29:02.654+0000] {dagbag.py:588} INFO - Filling up the DagBag from /opt/airflow/dags/db_and_model_update_dag.py
[2026-04-01T05:29:02.674+0000] {processor.py:925} INFO - DAG(s) 'db_and_model_update' retrieved from /opt/airflow/dags/db_and_model_update_dag.py
[2026-04-01T05:29:02.701+0000] {logging_mixin.py:190} INFO - [2026-04-01T05:29:02.701+0000] {dag.py:3239} INFO - Sync 1 DAGs
[2026-04-01T05:29:02.722+0000] {logging_mixin.py:190} INFO - [2026-04-01T05:29:02.722+0000] {dag.py:4180} INFO - Setting next_dagrun for db_and_model_update to 2026-03-30 14:00:00+00:00, run_after=2026-04-06 14:00:00+00:00
[2026-04-01T05:29:02.739+0000] {processor.py:208} INFO - Processing /opt/airflow/dags/db_and_model_update_dag.py took 0.094 seconds
[2026-04-01T05:29:33.208+0000] {processor.py:186} INFO - Started process (PID=10557) to work on /opt/airflow/dags/db_and_model_update_dag.py
[2026-04-01T05:29:33.209+0000] {processor.py:914} INFO - Processing file /opt/airflow/dags/db_and_model_update_dag.py for tasks to queue
[2026-04-01T05:29:33.212+0000] {logging_mixin.py:190} INFO - [2026-04-01T05:29:33.211+0000] {dagbag.py:588} INFO - Filling up the DagBag from /opt/airflow/dags/db_and_model_update_dag.py
[2026-04-01T05:29:33.236+0000] {processor.py:925} INFO - DAG(s) 'db_and_model_update' retrieved from /opt/airflow/dags/db_and_model_update_dag.py
[2026-04-01T05:29:33.267+0000] {logging_mixin.py:190} INFO - [2026-04-01T05:29:33.266+0000] {dag.py:3239} INFO - Sync 1 DAGs
[2026-04-01T05:29:33.289+0000] {logging_mixin.py:190} INFO - [2026-04-01T05:29:33.289+0000] {dag.py:4180} INFO - Setting next_dagrun for db_and_model_update to 2026-03-30 14:00:00+00:00, run_after=2026-04-06 14:00:00+00:00
[2026-04-01T05:29:33.315+0000] {processor.py:208} INFO - Processing /opt/airflow/dags/db_and_model_update_dag.py took 0.115 seconds
[2026-04-01T05:30:03.633+0000] {processor.py:186} INFO - Started process (PID=10567) to work on /opt/airflow/dags/db_and_model_update_dag.py
[2026-04-01T05:30:03.634+0000] {processor.py:914} INFO - Processing file /opt/airflow/dags/db_and_model_update_dag.py for tasks to queue
[2026-04-01T05:30:03.636+0000] {logging_mixin.py:190} INFO - [2026-04-01T05:30:03.636+0000] {dagbag.py:588} INFO - Filling up the DagBag from /opt/airflow/dags/db_and_model_update_dag.py
[2026-04-01T05:30:03.657+0000] {processor.py:925} INFO - DAG(s) 'db_and_model_update' retrieved from /opt/airflow/dags/db_and_model_update_dag.py
[2026-04-01T05:30:03.686+0000] {logging_mixin.py:190} INFO - [2026-04-01T05:30:03.686+0000] {dag.py:3239} INFO - Sync 1 DAGs
[2026-04-01T05:30:03.706+0000] {logging_mixin.py:190} INFO - [2026-04-01T05:30:03.705+0000] {dag.py:4180} INFO - Setting next_dagrun for db_and_model_update to 2026-03-30 14:00:00+00:00, run_after=2026-04-06 14:00:00+00:00
[2026-04-01T05:30:03.723+0000] {processor.py:208} INFO - Processing /opt/airflow/dags/db_and_model_update_dag.py took 0.098 seconds
[2026-04-01T05:30:34.135+0000] {processor.py:186} INFO - Started process (PID=10577) to work on /opt/airflow/dags/db_and_model_update_dag.py
[2026-04-01T05:30:34.137+0000] {processor.py:914} INFO - Processing file /opt/airflow/dags/db_and_model_update_dag.py for tasks to queue
[2026-04-01T05:30:34.140+0000] {logging_mixin.py:190} INFO - [2026-04-01T05:30:34.140+0000] {dagbag.py:588} INFO - Filling up the DagBag from /opt/airflow/dags/db_and_model_update_dag.py
[2026-04-01T05:30:34.158+0000] {processor.py:925} INFO - DAG(s) 'db_and_model_update' retrieved from /opt/airflow/dags/db_and_model_update_dag.py
[2026-04-01T05:30:34.191+0000] {logging_mixin.py:190} INFO - [2026-04-01T05:30:34.191+0000] {dag.py:3239} INFO - Sync 1 DAGs
[2026-04-01T05:30:34.217+0000] {logging_mixin.py:190} INFO - [2026-04-01T05:30:34.217+0000] {dag.py:4180} INFO - Setting next_dagrun for db_and_model_update to 2026-03-30 14:00:00+00:00, run_after=2026-04-06 14:00:00+00:00
[2026-04-01T05:30:34.241+0000] {processor.py:208} INFO - Processing /opt/airflow/dags/db_and_model_update_dag.py took 0.113 seconds
[2026-04-01T05:31:04.653+0000] {processor.py:186} INFO - Started process (PID=10587) to work on /opt/airflow/dags/db_and_model_update_dag.py
[2026-04-01T05:31:04.654+0000] {processor.py:914} INFO - Processing file /opt/airflow/dags/db_and_model_update_dag.py for tasks to queue
[2026-04-01T05:31:04.658+0000] {logging_mixin.py:190} INFO - [2026-04-01T05:31:04.658+0000] {dagbag.py:588} INFO - Filling up the DagBag from /opt/airflow/dags/db_and_model_update_dag.py
[2026-04-01T05:31:04.679+0000] {processor.py:925} INFO - DAG(s) 'db_and_model_update' retrieved from /opt/airflow/dags/db_and_model_update_dag.py
[2026-04-01T05:31:04.708+0000] {logging_mixin.py:190} INFO - [2026-04-01T05:31:04.708+0000] {dag.py:3239} INFO - Sync 1 DAGs
[2026-04-01T05:31:04.730+0000] {logging_mixin.py:190} INFO - [2026-04-01T05:31:04.730+0000] {dag.py:4180} INFO - Setting next_dagrun for db_and_model_update to 2026-03-30 14:00:00+00:00, run_after=2026-04-06 14:00:00+00:00
[2026-04-01T05:31:04.763+0000] {processor.py:208} INFO - Processing /opt/airflow/dags/db_and_model_update_dag.py took 0.118 seconds
[2026-04-01T05:31:35.076+0000] {processor.py:186} INFO - Started process (PID=10597) to work on /opt/airflow/dags/db_and_model_update_dag.py
[2026-04-01T05:31:35.077+0000] {processor.py:914} INFO - Processing file /opt/airflow/dags/db_and_model_update_dag.py for tasks to queue
[2026-04-01T05:31:35.080+0000] {logging_mixin.py:190} INFO - [2026-04-01T05:31:35.079+0000] {dagbag.py:588} INFO - Filling up the DagBag from /opt/airflow/dags/db_and_model_update_dag.py
[2026-04-01T05:31:35.098+0000] {processor.py:925} INFO - DAG(s) 'db_and_model_update' retrieved from /opt/airflow/dags/db_and_model_update_dag.py
[2026-04-01T05:31:35.126+0000] {logging_mixin.py:190} INFO - [2026-04-01T05:31:35.126+0000] {dag.py:3239} INFO - Sync 1 DAGs
[2026-04-01T05:31:35.147+0000] {logging_mixin.py:190} INFO - [2026-04-01T05:31:35.147+0000] {dag.py:4180} INFO - Setting next_dagrun for db_and_model_update to 2026-03-30 14:00:00+00:00, run_after=2026-04-06 14:00:00+00:00
[2026-04-01T05:31:35.169+0000] {processor.py:208} INFO - Processing /opt/airflow/dags/db_and_model_update_dag.py took 0.102 seconds
[2026-04-01T05:32:05.589+0000] {processor.py:186} INFO - Started process (PID=10607) to work on /opt/airflow/dags/db_and_model_update_dag.py
[2026-04-01T05:32:05.590+0000] {processor.py:914} INFO - Processing file /opt/airflow/dags/db_and_model_update_dag.py for tasks to queue
[2026-04-01T05:32:05.593+0000] {logging_mixin.py:190} INFO - [2026-04-01T05:32:05.593+0000] {dagbag.py:588} INFO - Filling up the DagBag from /opt/airflow/dags/db_and_model_update_dag.py
[2026-04-01T05:32:05.626+0000] {processor.py:925} INFO - DAG(s) 'db_and_model_update' retrieved from /opt/airflow/dags/db_and_model_update_dag.py
[2026-04-01T05:32:05.659+0000] {logging_mixin.py:190} INFO - [2026-04-01T05:32:05.659+0000] {dag.py:3239} INFO - Sync 1 DAGs
[2026-04-01T05:32:05.685+0000] {logging_mixin.py:190} INFO - [2026-04-01T05:32:05.684+0000] {dag.py:4180} INFO - Setting next_dagrun for db_and_model_update to 2026-03-30 14:00:00+00:00, run_after=2026-04-06 14:00:00+00:00
[2026-04-01T05:32:05.714+0000] {processor.py:208} INFO - Processing /opt/airflow/dags/db_and_model_update_dag.py took 0.137 seconds
[2026-04-01T05:32:35.980+0000] {processor.py:186} INFO - Started process (PID=10617) to work on /opt/airflow/dags/db_and_model_update_dag.py
[2026-04-01T05:32:35.981+0000] {processor.py:914} INFO - Processing file /opt/airflow/dags/db_and_model_update_dag.py for tasks to queue
[2026-04-01T05:32:35.983+0000] {logging_mixin.py:190} INFO - [2026-04-01T05:32:35.983+0000] {dagbag.py:588} INFO - Filling up the DagBag from /opt/airflow/dags/db_and_model_update_dag.py
[2026-04-01T05:32:36.004+0000] {processor.py:925} INFO - DAG(s) 'db_and_model_update' retrieved from /opt/airflow/dags/db_and_model_update_dag.py
[2026-04-01T05:32:36.036+0000] {logging_mixin.py:190} INFO - [2026-04-01T05:32:36.035+0000] {dag.py:3239} INFO - Sync 1 DAGs
[2026-04-01T05:32:36.057+0000] {logging_mixin.py:190} INFO - [2026-04-01T05:32:36.057+0000] {dag.py:4180} INFO - Setting next_dagrun for db_and_model_update to 2026-03-30 14:00:00+00:00, run_after=2026-04-06 14:00:00+00:00
[2026-04-01T05:32:36.076+0000] {processor.py:208} INFO - Processing /opt/airflow/dags/db_and_model_update_dag.py took 0.103 seconds
[2026-04-01T05:33:06.507+0000] {processor.py:186} INFO - Started process (PID=10627) to work on /opt/airflow/dags/db_and_model_update_dag.py
[2026-04-01T05:33:06.508+0000] {processor.py:914} INFO - Processing file /opt/airflow/dags/db_and_model_update_dag.py for tasks to queue
[2026-04-01T05:33:06.511+0000] {logging_mixin.py:190} INFO - [2026-04-01T05:33:06.511+0000] {dagbag.py:588} INFO - Filling up the DagBag from /opt/airflow/dags/db_and_model_update_dag.py
[2026-04-01T05:33:06.530+0000] {processor.py:925} INFO - DAG(s) 'db_and_model_update' retrieved from /opt/airflow/dags/db_and_model_update_dag.py
[2026-04-01T05:33:06.559+0000] {logging_mixin.py:190} INFO - [2026-04-01T05:33:06.559+0000] {dag.py:3239} INFO - Sync 1 DAGs
[2026-04-01T05:33:06.583+0000] {logging_mixin.py:190} INFO - [2026-04-01T05:33:06.583+0000] {dag.py:4180} INFO - Setting next_dagrun for db_and_model_update to 2026-03-30 14:00:00+00:00, run_after=2026-04-06 14:00:00+00:00
[2026-04-01T05:33:06.600+0000] {processor.py:208} INFO - Processing /opt/airflow/dags/db_and_model_update_dag.py took 0.100 seconds
[2026-04-01T05:33:36.930+0000] {processor.py:186} INFO - Started process (PID=10637) to work on /opt/airflow/dags/db_and_model_update_dag.py
[2026-04-01T05:33:36.931+0000] {processor.py:914} INFO - Processing file /opt/airflow/dags/db_and_model_update_dag.py for tasks to queue
[2026-04-01T05:33:36.935+0000] {logging_mixin.py:190} INFO - [2026-04-01T05:33:36.934+0000] {dagbag.py:588} INFO - Filling up the DagBag from /opt/airflow/dags/db_and_model_update_dag.py
[2026-04-01T05:33:36.960+0000] {processor.py:925} INFO - DAG(s) 'db_and_model_update' retrieved from /opt/airflow/dags/db_and_model_update_dag.py
[2026-04-01T05:33:36.990+0000] {logging_mixin.py:190} INFO - [2026-04-01T05:33:36.989+0000] {dag.py:3239} INFO - Sync 1 DAGs
[2026-04-01T05:33:37.010+0000] {logging_mixin.py:190} INFO - [2026-04-01T05:33:37.010+0000] {dag.py:4180} INFO - Setting next_dagrun for db_and_model_update to 2026-03-30 14:00:00+00:00, run_after=2026-04-06 14:00:00+00:00
[2026-04-01T05:33:36.120+0000] {processor.py:208} INFO - Processing /opt/airflow/dags/db_and_model_update_dag.py took 0.115 seconds
[2026-04-01T05:34:06.582+0000] {processor.py:186} INFO - Started process (PID=10647) to work on /opt/airflow/dags/db_and_model_update_dag.py
[2026-04-01T05:34:06.585+0000] {processor.py:914} INFO - Processing file /opt/airflow/dags/db_and_model_update_dag.py for tasks to queue
[2026-04-01T05:34:06.591+0000] {logging_mixin.py:190} INFO - [2026-04-01T05:34:06.590+0000] {dagbag.py:588} INFO - Filling up the DagBag from /opt/airflow/dags/db_and_model_update_dag.py
[2026-04-01T05:34:06.617+0000] {processor.py:925} INFO - DAG(s) 'db_and_model_update' retrieved from /opt/airflow/dags/db_and_model_update_dag.py
[2026-04-01T05:34:06.648+0000] {logging_mixin.py:190} INFO - [2026-04-01T05:34:06.647+0000] {dag.py:3239} INFO - Sync 1 DAGs
[2026-04-01T05:34:06.670+0000] {logging_mixin.py:190} INFO - [2026-04-01T05:34:06.669+0000] {dag.py:4180} INFO - Setting next_dagrun for db_and_model_update to 2026-03-30 14:00:00+00:00, run_after=2026-04-06 14:00:00+00:00
[2026-04-01T05:34:06.689+0000] {processor.py:208} INFO - Processing /opt/airflow/dags/db_and_model_update_dag.py took 0.124 seconds
[2026-04-01T05:34:36.949+0000] {processor.py:186} INFO - Started process (PID=10657) to work on /opt/airflow/dags/db_and_model_update_dag.py
[2026-04-01T05:34:36.950+0000] {processor.py:914} INFO - Processing file /opt/airflow/dags/db_and_model_update_dag.py for tasks to queue
[2026-04-01T05:34:36.953+0000] {logging_mixin.py:190} INFO - [2026-04-01T05:34:36.952+0000] {dagbag.py:588} INFO - Filling up the DagBag from /opt/airflow/dags/db_and_model_update_dag.py
[2026-04-01T05:34:36.969+0000] {processor.py:925} INFO - DAG(s) 'db_and_model_update' retrieved from /opt/airflow/dags/db_and_model_update_dag.py
[2026-04-01T05:34:36.996+0000] {logging_mixin.py:190} INFO - [2026-04-01T05:34:36.996+0000] {dag.py:3239} INFO - Sync 1 DAGs
[2026-04-01T05:34:37.016+0000] {logging_mixin.py:190} INFO - [2026-04-01T05:34:37.016+0000] {dag.py:4180} INFO - Setting next_dagrun for db_and_model_update to 2026-03-30 14:00:00+00:00, run_after=2026-04-06 14:00:00+00:00
[2026-04-01T05:34:37.032+0000] {processor.py:208} INFO - Processing /opt/airflow/dags/db_and_model_update_dag.py took 0.091 seconds
[2026-04-01T05:35:07.448+0000] {processor.py:186} INFO - Started process (PID=10667) to work on /opt/airflow/dags/db_and_model_update_dag.py
[2026-04-01T05:35:07.450+0000] {processor.py:914} INFO - Processing file /opt/airflow/dags/db_and_model_update_dag.py for tasks to queue
[2026-04-01T05:35:07.452+0000] {logging_mixin.py:190} INFO - [2026-04-01T05:35:07.452+0000] {dagbag.py:588} INFO - Filling up the DagBag from /opt/airflow/dags/db_and_model_update_dag.py
[2026-04-01T05:35:07.474+0000] {processor.py:925} INFO - DAG(s) 'db_and_model_update' retrieved from /opt/airflow/dags/db_and_model_update_dag.py
[2026-04-01T05:35:07.507+0000] {logging_mixin.py:190} INFO - [2026-04-01T05:35:07.507+0000] {dag.py:3239} INFO - Sync 1 DAGs
[2026-04-01T05:35:07.530+0000] {logging_mixin.py:190} INFO - [2026-04-01T05:35:07.530+0000] {dag.py:4180} INFO - Setting next_dagrun for db_and_model_update to 2026-03-30 14:00:00+00:00, run_after=2026-04-06 14:00:00+00:00
[2026-04-01T05:35:07.550+0000] {processor.py:208} INFO - Processing /opt/airflow/dags/db_and_model_update_dag.py took 0.111 seconds
[2026-04-01T05:35:37.881+0000] {processor.py:186} INFO - Started process (PID=10677) to work on /opt/airflow/dags/db_and_model_update_dag.py
[2026-04-01T05:35:37.882+0000] {processor.py:914} INFO - Processing file /opt/airflow/dags/db_and_model_update_dag.py for tasks to queue
[2026-04-01T05:35:37.884+0000] {logging_mixin.py:190} INFO - [2026-04-01T05:35:37.884+0000] {dagbag.py:588} INFO - Filling up the DagBag from /opt/airflow/dags/db_and_model_update_dag.py
[2026-04-01T05:35:37.902+0000] {processor.py:925} INFO - DAG(s) 'db_and_model_update' retrieved from /opt/airflow/dags/db_and_model_update_dag.py
[2026-04-01T05:35:37.930+0000] {logging_mixin.py:190} INFO - [2026-04-01T05:35:37.929+0000] {dag.py:3239} INFO - Sync 1 DAGs
[2026-04-01T05:35:37.949+0000] {logging_mixin.py:190} INFO - [2026-04-01T05:35:37.949+0000] {dag.py:4180} INFO - Setting next_dagrun for db_and_model_update to 2026-03-30 14:00:00+00:00, run_after=2026-04-06 14:00:00+00:00
[2026-04-01T05:35:37.978+0000] {processor.py:208} INFO - Processing /opt/airflow/dags/db_and_model_update_dag.py took 0.104 seconds
[2026-04-01T05:36:08.326+0000] {processor.py:186} INFO - Started process (PID=10687) to work on /opt/airflow/dags/db_and_model_update_dag.py
[2026-04-01T05:36:08.327+0000] {processor.py:914} INFO - Processing file /opt/airflow/dags/db_and_model_update_dag.py for tasks to queue
[2026-04-01T05:36:08.329+0000] {logging_mixin.py:190} INFO - [2026-04-01T05:36:08.329+0000] {dagbag.py:588} INFO - Filling up the DagBag from /opt/airflow/dags/db_and_model_update_dag.py
[2026-04-01T05:36:08.351+0000] {processor.py:925} INFO - DAG(s) 'db_and_model_update' retrieved from /opt/airflow/dags/db_and_model_update_dag.py
[2026-04-01T05:36:08.377+0000] {logging_mixin.py:190} INFO - [2026-04-01T05:36:08.377+0000] {dag.py:3239} INFO - Sync 1 DAGs
[2026-04-01T05:36:08.399+0000] {logging_mixin.py:190} INFO - [2026-04-01T05:36:08.399+0000] {dag.py:4180} INFO - Setting next_dagrun for db_and_model_update to 2026-03-30 14:00:00+00:00, run_after=2026-04-06 14:00:00+00:00
[2026-04-01T05:36:08.416+0000] {processor.py:208} INFO - Processing /opt/airflow/dags/db_and_model_update_dag.py took 0.098 seconds
[2026-04-01T05:36:38.725+0000] {processor.py:186} INFO - Started process (PID=10697) to work on /opt/airflow/dags/db_and_model_update_dag.py
[2026-04-01T05:36:38.726+0000] {processor.py:914} INFO - Processing file /opt/airflow/dags/db_and_model_update_dag.py for tasks to queue
[2026-04-01T05:36:38.728+0000] {logging_mixin.py:190} INFO - [2026-04-01T05:36:38.728+0000] {dagbag.py:588} INFO - Filling up the DagBag from /opt/airflow/dags/db_and_model_update_dag.py
[2026-04-01T05:36:38.751+0000] {processor.py:925} INFO - DAG(s) 'db_and_model_update' retrieved from /opt/airflow/dags/db_and_model_update_dag.py
[2026-04-01T05:36:38.790+0000] {logging_mixin.py:190} INFO - [2026-04-01T05:36:38.790+0000] {dag.py:3239} INFO - Sync 1 DAGs
[2026-04-01T05:36:38.814+0000] {logging_mixin.py:190} INFO - [2026-04-01T05:36:38.814+0000] {dag.py:4180} INFO - Setting next_dagrun for db_and_model_update to 2026-03-30 14:00:00+00:00, run_after=2026-04-06 14:00:00+00:00
[2026-04-01T05:36:38.851+0000] {processor.py:208} INFO - Processing /opt/airflow/dags/db_and_model_update_dag.py took 0.134 seconds
[2026-04-01T05:37:09.323+0000] {processor.py:186} INFO - Started process (PID=10707) to work on /opt/airflow/dags/db_and_model_update_dag.py
[2026-04-01T05:37:09.325+0000] {processor.py:914} INFO - Processing file /opt/airflow/dags/db_and_model_update_dag.py for tasks to queue
[2026-04-01T05:37:09.328+0000] {logging_mixin.py:190} INFO - [2026-04-01T05:37:09.328+0000] {dagbag.py:588} INFO - Filling up the DagBag from /opt/airflow/dags/db_and_model_update_dag.py
[2026-04-01T05:37:09.351+0000] {processor.py:925} INFO - DAG(s) 'db_and_model_update' retrieved from /opt/airflow/dags/db_and_model_update_dag.py
[2026-04-01T05:37:09.380+0000] {logging_mixin.py:190} INFO - [2026-04-01T05:37:09.380+0000] {dag.py:3239} INFO - Sync 1 DAGs
[2026-04-01T05:37:09.404+0000] {logging_mixin.py:190} INFO - [2026-04-01T05:37:09.404+0000] {dag.py:4180} INFO - Setting next_dagrun for db_and_model_update to 2026-03-30 14:00:00+00:00, run_after=2026-04-06 14:00:00+00:00
[2026-04-01T05:37:09.425+0000] {processor.py:208} INFO - Processing /opt/airflow/dags/db_and_model_update_dag.py took 0.111 seconds
[2026-04-01T05:37:39.846+0000] {processor.py:186} INFO - Started process (PID=10717) to work on /opt/airflow/dags/db_and_model_update_dag.py
[2026-04-01T05:37:39.847+0000] {processor.py:914} INFO - Processing file /opt/airflow/dags/db_and_model_update_dag.py for tasks to queue
[2026-04-01T05:37:39.849+0000] {logging_mixin.py:190} INFO - [2026-04-01T05:37:39.848+0000] {dagbag.py:588} INFO - Filling up the DagBag from /opt/airflow/dags/db_and_model_update_dag.py
[2026-04-01T05:37:39.870+0000] {processor.py:925} INFO - DAG(s) 'db_and_model_update' retrieved from /opt/airflow/dags/db_and_model_update_dag.py
[2026-04-01T05:37:39.895+0000] {logging_mixin.py:190} INFO - [2026-04-01T05:37:39.895+0000] {dag.py:3239} INFO - Sync 1 DAGs
[2026-04-01T05:37:39.914+0000] {logging_mixin.py:190} INFO - [2026-04-01T05:37:39.914+0000] {dag.py:4180} INFO - Setting next_dagrun for db_and_model_update to 2026-03-30 14:00:00+00:00, run_after=2026-04-06 14:00:00+00:00
[2026-04-01T05:37:39.931+0000] {processor.py:208} INFO - Processing /opt/airflow/dags/db_and_model_update_dag.py took 0.093 seconds
[2026-04-01T05:38:10.239+0000] {processor.py:186} INFO - Started process (PID=10727) to work on /opt/airflow/dags/db_and_model_update_dag.py
[2026-04-01T05:38:10.240+0000] {processor.py:914} INFO - Processing file /opt/airflow/dags/db_and_model_update_dag.py for tasks to queue
[2026-04-01T05:38:10.242+0000] {logging_mixin.py:190} INFO - [2026-04-01T05:38:10.242+0000] {dagbag.py:588} INFO - Filling up the DagBag from /opt/airflow/dags/db_and_model_update_dag.py
[2026-04-01T05:38:10.263+0000] {processor.py:925} INFO - DAG(s) 'db_and_model_update' retrieved from /opt/airflow/dags/db_and_model_update_dag.py
[2026-04-01T05:38:10.295+0000] {logging_mixin.py:190} INFO - [2026-04-01T05:38:10.294+0000] {dag.py:3239} INFO - Sync 1 DAGs
[2026-04-01T05:38:10.323+0000] {logging_mixin.py:190} INFO - [2026-04-01T05:38:10.322+0000] {dag.py:4180} INFO - Setting next_dagrun for db_and_model_update to 2026-03-30 14:00:00+00:00, run_after=2026-04-06 14:00:00+00:00
[2026-04-01T05:38:10.344+0000] {processor.py:208} INFO - Processing /opt/airflow/dags/db_and_model_update_dag.py took 0.114 seconds
[2026-04-01T05:38:40.681+0000] {processor.py:186} INFO - Started process (PID=10737) to work on /opt/airflow/dags/db_and_model_update_dag.py
[2026-04-01T05:38:40.682+0000] {processor.py:914} INFO - Processing file /opt/airflow/dags/db_and_model_update_dag.py for tasks to queue
[2026-04-01T05:38:40.685+0000] {logging_mixin.py:190} INFO - [2026-04-01T05:38:40.684+0000] {dagbag.py:588} INFO - Filling up the DagBag from /opt/airflow/dags/db_and_model_update_dag.py
[2026-04-01T05:38:40.702+0000] {processor.py:925} INFO - DAG(s) 'db_and_model_update' retrieved from /opt/airflow/dags/db_and_model_update_dag.py
[2026-04-01T05:38:40.731+0000] {logging_mixin.py:190} INFO - [2026-04-01T05:38:40.730+0000] {dag.py:3239} INFO - Sync 1 DAGs
[2026-04-01T05:38:40.752+0000] {logging_mixin.py:190} INFO - [2026-04-01T05:38:40.752+0000] {dag.py:4180} INFO - Setting next_dagrun for db_and_model_update to 2026-03-30 14:00:00+00:00, run_after=2026-04-06 14:00:00+00:00
[2026-04-01T05:38:40.770+0000] {processor.py:208} INFO - Processing /opt/airflow/dags/db_and_model_update_dag.py took 0.095 seconds
[2026-04-01T05:39:11.179+0000] {processor.py:186} INFO - Started process (PID=10747) to work on /opt/airflow/dags/db_and_model_update_dag.py
[2026-04-01T05:39:11.181+0000] {processor.py:914} INFO - Processing file /opt/airflow/dags/db_and_model_update_dag.py for tasks to queue
[2026-04-01T05:39:11.183+0000] {logging_mixin.py:190} INFO - [2026-04-01T05:39:11.183+0000] {dagbag.py:588} INFO - Filling up the DagBag from /opt/airflow/dags/db_and_model_update_dag.py
[2026-04-01T05:39:11.201+0000] {processor.py:925} INFO - DAG(s) 'db_and_model_update' retrieved from /opt/airflow/dags/db_and_model_update_dag.py
[2026-04-01T05:39:11.228+0000] {logging_mixin.py:190} INFO - [2026-04-01T05:39:11.228+0000] {dag.py:3239} INFO - Sync 1 DAGs
[2026-04-01T05:39:11.248+0000] {logging_mixin.py:190} INFO - [2026-04-01T05:39:11.247+0000] {dag.py:4180} INFO - Setting next_dagrun for db_and_model_update to 2026-03-30 14:00:00+00:00, run_after=2026-04-06 14:00:00+00:00
[2026-04-01T05:39:11.272+0000] {processor.py:208} INFO - Processing /opt/airflow/dags/db_and_model_update_dag.py took 0.099 seconds
[2026-04-01T05:39:41.521+0000] {processor.py:186} INFO - Started process (PID=10757) to work on /opt/airflow/dags/db_and_model_update_dag.py
[2026-04-01T05:39:41.523+0000] {processor.py:914} INFO - Processing file /opt/airflow/dags/db_and_model_update_dag.py for tasks to queue
[2026-04-01T05:39:41.526+0000] {logging_mixin.py:190} INFO - [2026-04-01T05:39:41.526+0000] {dagbag.py:588} INFO - Filling up the DagBag from /opt/airflow/dags/db_and_model_update_dag.py
[2026-04-01T05:39:41.558+0000] {processor.py:925} INFO - DAG(s) 'db_and_model_update' retrieved from /opt/airflow/dags/db_and_model_update_dag.py
[2026-04-01T05:39:41.593+0000] {logging_mixin.py:190} INFO - [2026-04-01T05:39:41.593+0000] {dag.py:3239} INFO - Sync 1 DAGs
[2026-04-01T05:39:41.616+0000] {logging_mixin.py:190} INFO - [2026-04-01T05:39:41.615+0000] {dag.py:4180} INFO - Setting next_dagrun for db_and_model_update to 2026-03-30 14:00:00+00:00, run_after=2026-04-06 14:00:00+00:00
[2026-04-01T05:39:41.635+0000] {processor.py:208} INFO - Processing /opt/airflow/dags/db_and_model_update_dag.py took 0.123 seconds
[2026-04-01T05:40:12.214+0000] {processor.py:186} INFO - Started process (PID=10767) to work on /opt/airflow/dags/db_and_model_update_dag.py
[2026-04-01T05:40:12.215+0000] {processor.py:914} INFO - Processing file /opt/airflow/dags/db_and_model_update_dag.py for tasks to queue
[2026-04-01T05:40:12.218+0000] {logging_mixin.py:190} INFO - [2026-04-01T05:40:12.217+0000] {dagbag.py:588} INFO - Filling up the DagBag from /opt/airflow/dags/db_and_model_update_dag.py
[2026-04-01T05:40:12.244+0000] {processor.py:925} INFO - DAG(s) 'db_and_model_update' retrieved from /opt/airflow/dags/db_and_model_update_dag.py
[2026-04-01T05:40:12.274+0000] {logging_mixin.py:190} INFO - [2026-04-01T05:40:12.274+0000] {dag.py:3239} INFO - Sync 1 DAGs
[2026-04-01T05:40:12.296+0000] {logging_mixin.py:190} INFO - [2026-04-01T05:40:12.295+0000] {dag.py:4180} INFO - Setting next_dagrun for db_and_model_update to 2026-03-30 14:00:00+00:00, run_after=2026-04-06 14:00:00+00:00
[2026-04-01T05:40:12.313+0000] {processor.py:208} INFO - Processing /opt/airflow/dags/db_and_model_update_dag.py took 0.108 seconds
[2026-04-01T05:40:42.578+0000] {processor.py:186} INFO - Started process (PID=10777) to work on /opt/airflow/dags/db_and_model_update_dag.py
[2026-04-01T05:40:42.579+0000] {processor.py:914} INFO - Processing file /opt/airflow/dags/db_and_model_update_dag.py for tasks to queue
[2026-04-01T05:40:42.581+0000] {logging_mixin.py:190} INFO - [2026-04-01T05:40:42.581+0000] {dagbag.py:588} INFO - Filling up the DagBag from /opt/airflow/dags/db_and_model_update_dag.py
[2026-04-01T05:40:42.598+0000] {processor.py:925} INFO - DAG(s) 'db_and_model_update' retrieved from /opt/airflow/dags/db_and_model_update_dag.py
[2026-04-01T05:40:42.626+0000] {logging_mixin.py:190} INFO - [2026-04-01T05:40:42.625+0000] {dag.py:3239} INFO - Sync 1 DAGs
[2026-04-01T05:40:42.645+0000] {logging_mixin.py:190} INFO - [2026-04-01T05:40:42.645+0000] {dag.py:4180} INFO - Setting next_dagrun for db_and_model_update to 2026-03-30 14:00:00+00:00, run_after=2026-04-06 14:00:00+00:00
[2026-04-01T05:40:42.664+0000] {processor.py:208} INFO - Processing /opt/airflow/dags/db_and_model_update_dag.py took 0.094 seconds
[2026-04-01T05:41:13.096+0000] {processor.py:186} INFO - Started process (PID=10787) to work on /opt/airflow/dags/db_and_model_update_dag.py
[2026-04-01T05:41:13.098+0000] {processor.py:914} INFO - Processing file /opt/airflow/dags/db_and_model_update_dag.py for tasks to queue
[2026-04-01T05:41:13.102+0000] {logging_mixin.py:190} INFO - [2026-04-01T05:41:13.101+0000] {dagbag.py:588} INFO - Filling up the DagBag from /opt/airflow/dags/db_and_model_update_dag.py
[2026-04-01T05:41:13.136+0000] {processor.py:925} INFO - DAG(s) 'db_and_model_update' retrieved from /opt/airflow/dags/db_and_model_update_dag.py
[2026-04-01T05:41:13.189+0000] {logging_mixin.py:190} INFO - [2026-04-01T05:41:13.189+0000] {dag.py:3239} INFO - Sync 1 DAGs
[2026-04-01T05:41:13.244+0000] {logging_mixin.py:190} INFO - [2026-04-01T05:41:13.243+0000] {dag.py:4180} INFO - Setting next_dagrun for db_and_model_update to 2026-03-30 14:00:00+00:00, run_after=2026-04-06 14:00:00+00:00
[2026-04-01T05:41:13.292+0000] {processor.py:208} INFO - Processing /opt/airflow/dags/db_and_model_update_dag.py took 0.205 seconds
[2026-04-01T05:41:43.643+0000] {processor.py:186} INFO - Started process (PID=10797) to work on /opt/airflow/dags/db_and_model_update_dag.py
[2026-04-01T05:41:43.644+0000] {processor.py:914} INFO - Processing file /opt/airflow/dags/db_and_model_update_dag.py for tasks to queue
[2026-04-01T05:41:43.647+0000] {logging_mixin.py:190} INFO - [2026-04-01T05:41:43.647+0000] {dagbag.py:588} INFO - Filling up the DagBag from /opt/airflow/dags/db_and_model_update_dag.py
[2026-04-01T05:41:43.668+0000] {processor.py:925} INFO - DAG(s) 'db_and_model_update' retrieved from /opt/airflow/dags/db_and_model_update_dag.py
[2026-04-01T05:41:43.700+0000] {logging_mixin.py:190} INFO - [2026-04-01T05:41:43.700+0000] {dag.py:3239} INFO - Sync 1 DAGs
[2026-04-01T05:41:43.721+0000] {logging_mixin.py:190} INFO - [2026-04-01T05:41:43.721+0000] {dag.py:4180} INFO - Setting next_dagrun for db_and_model_update to 2026-03-30 14:00:00+00:00, run_after=2026-04-06 14:00:00+00:00
[2026-04-01T05:41:43.739+0000] {processor.py:208} INFO - Processing /opt/airflow/dags/db_and_model_update_dag.py took 0.103 seconds
[2026-04-01T05:42:14.040+0000] {processor.py:186} INFO - Started process (PID=10807) to work on /opt/airflow/dags/db_and_model_update_dag.py
[2026-04-01T05:42:14.041+0000] {processor.py:914} INFO - Processing file /opt/airflow/dags/db_and_model_update_dag.py for tasks to queue
[2026-04-01T05:42:14.043+0000] {logging_mixin.py:190} INFO - [2026-04-01T05:42:14.042+0000] {dagbag.py:588} INFO - Filling up the DagBag from /opt/airflow/dags/db_and_model_update_dag.py
[2026-04-01T05:42:14.061+0000] {processor.py:925} INFO - DAG(s) 'db_and_model_update' retrieved from /opt/airflow/dags/db_and_model_update_dag.py
[2026-04-01T05:42:14.090+0000] {logging_mixin.py:190} INFO - [2026-04-01T05:42:14.090+0000] {dag.py:3239} INFO - Sync 1 DAGs
[2026-04-01T05:42:14.113+0000] {logging_mixin.py:190} INFO - [2026-04-01T05:42:14.112+0000] {dag.py:4180} INFO - Setting next_dagrun for db_and_model_update to 2026-03-30 14:00:00+00:00, run_after=2026-04-06 14:00:00+00:00
[2026-04-01T05:42:14.134+0000] {processor.py:208} INFO - Processing /opt/airflow/dags/db_and_model_update_dag.py took 0.102 seconds
[2026-04-01T05:42:44.565+0000] {processor.py:186} INFO - Started process (PID=10817) to work on /opt/airflow/dags/db_and_model_update_dag.py
[2026-04-01T05:42:44.567+0000] {processor.py:914} INFO - Processing file /opt/airflow/dags/db_and_model_update_dag.py for tasks to queue
[2026-04-01T05:42:44.569+0000] {logging_mixin.py:190} INFO - [2026-04-01T05:42:44.569+0000] {dagbag.py:588} INFO - Filling up the DagBag from /opt/airflow/dags/db_and_model_update_dag.py
[2026-04-01T05:42:44.597+0000] {processor.py:925} INFO - DAG(s) 'db_and_model_update' retrieved from /opt/airflow/dags/db_and_model_update_dag.py
[2026-04-01T05:42:44.627+0000] {logging_mixin.py:190} INFO - [2026-04-01T05:42:44.626+0000] {dag.py:3239} INFO - Sync 1 DAGs
[2026-04-01T05:42:44.659+0000] {logging_mixin.py:190} INFO - [2026-04-01T05:42:44.659+0000] {dag.py:4180} INFO - Setting next_dagrun for db_and_model_update to 2026-03-30 14:00:00+00:00, run_after=2026-04-06 14:00:00+00:00
[2026-04-01T05:42:44.680+0000] {processor.py:208} INFO - Processing /opt/airflow/dags/db_and_model_update_dag.py took 0.122 seconds
[2026-04-01T05:43:14.916+0000] {processor.py:186} INFO - Started process (PID=10827) to work on /opt/airflow/dags/db_and_model_update_dag.py
[2026-04-01T05:43:14.918+0000] {processor.py:914} INFO - Processing file /opt/airflow/dags/db_and_model_update_dag.py for tasks to queue
[2026-04-01T05:43:14.920+0000] {logging_mixin.py:190} INFO - [2026-04-01T05:43:14.920+0000] {dagbag.py:588} INFO - Filling up the DagBag from /opt/airflow/dags/db_and_model_update_dag.py
[2026-04-01T05:43:14.939+0000] {processor.py:925} INFO - DAG(s) 'db_and_model_update' retrieved from /opt/airflow/dags/db_and_model_update_dag.py
[2026-04-01T05:43:14.969+0000] {logging_mixin.py:190} INFO - [2026-04-01T05:43:14.968+0000] {dag.py:3239} INFO - Sync 1 DAGs
[2026-04-01T05:43:14.990+0000] {logging_mixin.py:190} INFO - [2026-04-01T05:43:14.990+0000] {dag.py:4180} INFO - Setting next_dagrun for db_and_model_update to 2026-03-30 14:00:00+00:00, run_after=2026-04-06 14:00:00+00:00
[2026-04-01T05:43:15.011+0000] {processor.py:208} INFO - Processing /opt/airflow/dags/db_and_model_update_dag.py took 0.103 seconds
[2026-04-01T05:43:45.394+0000] {processor.py:186} INFO - Started process (PID=10837) to work on /opt/airflow/dags/db_and_model_update_dag.py
[2026-04-01T05:43:45.395+0000] {processor.py:914} INFO - Processing file /opt/airflow/dags/db_and_model_update_dag.py for tasks to queue
[2026-04-01T05:43:45.397+0000] {logging_mixin.py:190} INFO - [2026-04-01T05:43:45.397+0000] {dagbag.py:588} INFO - Filling up the DagBag from /opt/airflow/dags/db_and_model_update_dag.py
[2026-04-01T05:43:45.416+0000] {processor.py:925} INFO - DAG(s) 'db_and_model_update' retrieved from /opt/airflow/dags/db_and_model_update_dag.py
[2026-04-01T05:43:45.450+0000] {logging_mixin.py:190} INFO - [2026-04-01T05:43:45.450+0000] {dag.py:3239} INFO - Sync 1 DAGs
[2026-04-01T05:43:45.473+0000] {logging_mixin.py:190} INFO - [2026-04-01T05:43:45.473+0000] {dag.py:4180} INFO - Setting next_dagrun for db_and_model_update to 2026-03-30 14:00:00+00:00, run_after=2026-04-06 14:00:00+00:00
[2026-04-01T05:43:45.500+0000] {processor.py:208} INFO - Processing /opt/airflow/dags/db_and_model_update_dag.py took 0.113 seconds
[2026-04-01T05:44:15.891+0000] {processor.py:186} INFO - Started process (PID=10847) to work on /opt/airflow/dags/db_and_model_update_dag.py
[2026-04-01T05:44:15.892+0000] {processor.py:914} INFO - Processing file /opt/airflow/dags/db_and_model_update_dag.py for tasks to queue
[2026-04-01T05:44:15.895+0000] {logging_mixin.py:190} INFO - [2026-04-01T05:44:15.895+0000] {dagbag.py:588} INFO - Filling up the DagBag from /opt/airflow/dags/db_and_model_update_dag.py
[2026-04-01T05:44:15.915+0000] {processor.py:925} INFO - DAG(s) 'db_and_model_update' retrieved from /opt/airflow/dags/db_and_model_update_dag.py
[2026-04-01T05:44:15.945+0000] {logging_mixin.py:190} INFO - [2026-04-01T05:44:15.944+0000] {dag.py:3239} INFO - Sync 1 DAGs
[2026-04-01T05:44:15.969+0000] {logging_mixin.py:190} INFO - [2026-04-01T05:44:15.969+0000] {dag.py:4180} INFO - Setting next_dagrun for db_and_model_update to 2026-03-30 14:00:00+00:00, run_after=2026-04-06 14:00:00+00:00
[2026-04-01T05:44:15.994+0000] {processor.py:208} INFO - Processing /opt/airflow/dags/db_and_model_update_dag.py took 0.111 seconds
[2026-04-01T05:44:46.283+0000] {processor.py:186} INFO - Started process (PID=10857) to work on /opt/airflow/dags/db_and_model_update_dag.py
[2026-04-01T05:44:46.288+0000] {processor.py:914} INFO - Processing file /opt/airflow/dags/db_and_model_update_dag.py for tasks to queue
[2026-04-01T05:44:46.290+0000] {logging_mixin.py:190} INFO - [2026-04-01T05:44:46.290+0000] {dagbag.py:588} INFO - Filling up the DagBag from /opt/airflow/dags/db_and_model_update_dag.py
[2026-04-01T05:44:46.309+0000] {processor.py:925} INFO - DAG(s) 'db_and_model_update' retrieved from /opt/airflow/dags/db_and_model_update_dag.py
[2026-04-01T05:44:46.336+0000] {logging_mixin.py:190} INFO - [2026-04-01T05:44:46.336+0000] {dag.py:3239} INFO - Sync 1 DAGs
[2026-04-01T05:44:46.358+0000] {logging_mixin.py:190} INFO - [2026-04-01T05:44:46.358+0000] {dag.py:4180} INFO - Setting next_dagrun for db_and_model_update to 2026-03-30 14:00:00+00:00, run_after=2026-04-06 14:00:00+00:00
[2026-04-01T05:44:46.379+0000] {processor.py:208} INFO - Processing /opt/airflow/dags/db_and_model_update_dag.py took 0.102 seconds
[2026-04-01T05:45:16.847+0000] {processor.py:186} INFO - Started process (PID=10867) to work on /opt/airflow/dags/db_and_model_update_dag.py
[2026-04-01T05:45:16.848+0000] {processor.py:914} INFO - Processing file /opt/airflow/dags/db_and_model_update_dag.py for tasks to queue
[2026-04-01T05:45:16.850+0000] {logging_mixin.py:190} INFO - [2026-04-01T05:45:16.850+0000] {dagbag.py:588} INFO - Filling up the DagBag from /opt/airflow/dags/db_and_model_update_dag.py
[2026-04-01T05:45:16.868+0000] {processor.py:925} INFO - DAG(s) 'db_and_model_update' retrieved from /opt/airflow/dags/db_and_model_update_dag.py
[2026-04-01T05:45:16.895+0000] {logging_mixin.py:190} INFO - [2026-04-01T05:45:16.895+0000] {dag.py:3239} INFO - Sync 1 DAGs
[2026-04-01T05:45:16.916+0000] {logging_mixin.py:190} INFO - [2026-04-01T05:45:16.916+0000] {dag.py:4180} INFO - Setting next_dagrun for db_and_model_update to 2026-03-30 14:00:00+00:00, run_after=2026-04-06 14:00:00+00:00
[2026-04-01T05:45:16.932+0000] {processor.py:208} INFO - Processing /opt/airflow/dags/db_and_model_update_dag.py took 0.093 seconds
[2026-04-01T05:45:47.318+0000] {processor.py:186} INFO - Started process (PID=10877) to work on /opt/airflow/dags/db_and_model_update_dag.py
[2026-04-01T05:45:47.320+0000] {processor.py:914} INFO - Processing file /opt/airflow/dags/db_and_model_update_dag.py for tasks to queue
[2026-04-01T05:45:47.324+0000] {logging_mixin.py:190} INFO - [2026-04-01T05:45:47.323+0000] {dagbag.py:588} INFO - Filling up the DagBag from /opt/airflow/dags/db_and_model_update_dag.py
[2026-04-01T05:45:47.345+0000] {processor.py:925} INFO - DAG(s) 'db_and_model_update' retrieved from /opt/airflow/dags/db_and_model_update_dag.py
[2026-04-01T05:45:47.386+0000] {logging_mixin.py:190} INFO - [2026-04-01T05:45:47.386+0000] {dag.py:3239} INFO - Sync 1 DAGs
[2026-04-01T05:45:47.410+0000] {logging_mixin.py:190} INFO - [2026-04-01T05:45:47.409+0000] {dag.py:4180} INFO - Setting next_dagrun for db_and_model_update to 2026-03-30 14:00:00+00:00, run_after=2026-04-06 14:00:00+00:00
[2026-04-01T05:45:47.449+0000] {processor.py:208} INFO - Processing /opt/airflow/dags/db_and_model_update_dag.py took 0.142 seconds
[2026-04-01T05:46:17.656+0000] {processor.py:186} INFO - Started process (PID=10887) to work on /opt/airflow/dags/db_and_model_update_dag.py
[2026-04-01T05:46:17.658+0000] {processor.py:914} INFO - Processing file /opt/airflow/dags/db_and_model_update_dag.py for tasks to queue
[2026-04-01T05:46:17.660+0000] {logging_mixin.py:190} INFO - [2026-04-01T05:46:17.660+0000] {dagbag.py:588} INFO - Filling up the DagBag from /opt/airflow/dags/db_and_model_update_dag.py
[2026-04-01T05:46:17.681+0000] {processor.py:925} INFO - DAG(s) 'db_and_model_update' retrieved from /opt/airflow/dags/db_and_model_update_dag.py
[2026-04-01T05:46:17.712+0000] {logging_mixin.py:190} INFO - [2026-04-01T05:46:17.712+0000] {dag.py:3239} INFO - Sync 1 DAGs
[2026-04-01T05:46:17.734+0000] {logging_mixin.py:190} INFO - [2026-04-01T05:46:17.734+0000] {dag.py:4180} INFO - Setting next_dagrun for db_and_model_update to 2026-03-30 14:00:00+00:00, run_after=2026-04-06 14:00:00+00:00
[2026-04-01T05:46:17.754+0000] {processor.py:208} INFO - Processing /opt/airflow/dags/db_and_model_update_dag.py took 0.105 seconds
[2026-04-01T05:46:48.062+0000] {processor.py:186} INFO - Started process (PID=10897) to work on /opt/airflow/dags/db_and_model_update_dag.py
[2026-04-01T05:46:48.063+0000] {processor.py:914} INFO - Processing file /opt/airflow/dags/db_and_model_update_dag.py for tasks to queue
[2026-04-01T05:46:48.065+0000] {logging_mixin.py:190} INFO - [2026-04-01T05:46:48.064+0000] {dagbag.py:588} INFO - Filling up the DagBag from /opt/airflow/dags/db_and_model_update_dag.py
[2026-04-01T05:46:48.083+0000] {processor.py:925} INFO - DAG(s) 'db_and_model_update' retrieved from /opt/airflow/dags/db_and_model_update_dag.py
[2026-04-01T05:46:48.109+0000] {logging_mixin.py:190} INFO - [2026-04-01T05:46:48.108+0000] {dag.py:3239} INFO - Sync 1 DAGs
[2026-04-01T05:46:48.129+0000] {logging_mixin.py:190} INFO - [2026-04-01T05:46:48.128+0000] {dag.py:4180} INFO - Setting next_dagrun for db_and_model_update to 2026-03-30 14:00:00+00:00, run_after=2026-04-06 14:00:00+00:00
[2026-04-01T05:46:48.146+0000] {processor.py:208} INFO - Processing /opt/airflow/dags/db_and_model_update_dag.py took 0.091 seconds
[2026-04-01T05:47:18.433+0000] {processor.py:186} INFO - Started process (PID=10907) to work on /opt/airflow/dags/db_and_model_update_dag.py
[2026-04-01T05:47:18.434+0000] {processor.py:914} INFO - Processing file /opt/airflow/dags/db_and_model_update_dag.py for tasks to queue
[2026-04-01T05:47:18.436+0000] {logging_mixin.py:190} INFO - [2026-04-01T05:47:18.436+0000] {dagbag.py:588} INFO - Filling up the DagBag from /opt/airflow/dags/db_and_model_update_dag.py
[2026-04-01T05:47:18.464+0000] {processor.py:925} INFO - DAG(s) 'db_and_model_update' retrieved from /opt/airflow/dags/db_and_model_update_dag.py
[2026-04-01T05:47:18.494+0000] {logging_mixin.py:190} INFO - [2026-04-01T05:47:18.494+0000] {dag.py:3239} INFO - Sync 1 DAGs
[2026-04-01T05:47:18.516+0000] {logging_mixin.py:190} INFO - [2026-04-01T05:47:18.516+0000] {dag.py:4180} INFO - Setting next_dagrun for db_and_model_update to 2026-03-30 14:00:00+00:00, run_after=2026-04-06 14:00:00+00:00
[2026-04-01T05:47:18.537+0000] {processor.py:208} INFO - Processing /opt/airflow/dags/db_and_model_update_dag.py took 0.113 seconds
[2026-04-01T05:47:48.818+0000] {processor.py:186} INFO - Started process (PID=10917) to work on /opt/airflow/dags/db_and_model_update_dag.py
[2026-04-01T05:47:48.819+0000] {processor.py:914} INFO - Processing file /opt/airflow/dags/db_and_model_update_dag.py for tasks to queue
[2026-04-01T05:47:48.822+0000] {logging_mixin.py:190} INFO - [2026-04-01T05:47:48.822+0000] {dagbag.py:588} INFO - Filling up the DagBag from /opt/airflow/dags/db_and_model_update_dag.py
[2026-04-01T05:47:48.839+0000] {processor.py:925} INFO - DAG(s) 'db_and_model_update' retrieved from /opt/airflow/dags/db_and_model_update_dag.py
[2026-04-01T05:47:48.868+0000] {logging_mixin.py:190} INFO - [2026-04-01T05:47:48.868+0000] {dag.py:3239} INFO - Sync 1 DAGs
[2026-04-01T05:47:48.889+0000] {logging_mixin.py:190} INFO - [2026-04-01T05:47:48.888+0000] {dag.py:4180} INFO - Setting next_dagrun for db_and_model_update to 2026-03-30 14:00:00+00:00, run_after=2026-04-06 14:00:00+00:00
[2026-04-01T05:47:48.906+0000] {processor.py:208} INFO - Processing /opt/airflow/dags/db_and_model_update_dag.py took 0.095 seconds
[2026-04-01T05:48:19.269+0000] {processor.py:186} INFO - Started process (PID=10927) to work on /opt/airflow/dags/db_and_model_update_dag.py
[2026-04-01T05:48:19.271+0000] {processor.py:914} INFO - Processing file /opt/airflow/dags/db_and_model_update_dag.py for tasks to queue
[2026-04-01T05:48:19.273+0000] {logging_mixin.py:190} INFO - [2026-04-01T05:48:19.273+0000] {dagbag.py:588} INFO - Filling up the DagBag from /opt/airflow/dags/db_and_model_update_dag.py
[2026-04-01T05:48:19.293+0000] {processor.py:925} INFO - DAG(s) 'db_and_model_update' retrieved from /opt/airflow/dags/db_and_model_update_dag.py
[2026-04-01T05:48:19.327+0000] {logging_mixin.py:190} INFO - [2026-04-01T05:48:19.326+0000] {dag.py:3239} INFO - Sync 1 DAGs
[2026-04-01T05:48:19.347+0000] {logging_mixin.py:190} INFO - [2026-04-01T05:48:19.347+0000] {dag.py:4180} INFO - Setting next_dagrun for db_and_model_update to 2026-03-30 14:00:00+00:00, run_after=2026-04-06 14:00:00+00:00
[2026-04-01T05:48:19.365+0000] {processor.py:208} INFO - Processing /opt/airflow/dags/db_and_model_update_dag.py took 0.103 seconds
[2026-04-01T05:48:49.745+0000] {processor.py:186} INFO - Started process (PID=10937) to work on /opt/airflow/dags/db_and_model_update_dag.py
[2026-04-01T05:48:49.746+0000] {processor.py:914} INFO - Processing file /opt/airflow/dags/db_and_model_update_dag.py for tasks to queue
[2026-04-01T05:48:49.749+0000] {logging_mixin.py:190} INFO - [2026-04-01T05:48:49.749+0000] {dagbag.py:588} INFO - Filling up the DagBag from /opt/airflow/dags/db_and_model_update_dag.py
[2026-04-01T05:48:49.777+0000] {processor.py:925} INFO - DAG(s) 'db_and_model_update' retrieved from /opt/airflow/dags/db_and_model_update_dag.py
[2026-04-01T05:48:49.806+0000] {logging_mixin.py:190} INFO - [2026-04-01T05:48:49.806+0000] {dag.py:3239} INFO - Sync 1 DAGs
[2026-04-01T05:48:49.830+0000] {logging_mixin.py:190} INFO - [2026-04-01T05:48:49.830+0000] {dag.py:4180} INFO - Setting next_dagrun for db_and_model_update to 2026-03-30 14:00:00+00:00, run_after=2026-04-06 14:00:00+00:00
[2026-04-01T05:48:49.855+0000] {processor.py:208} INFO - Processing /opt/airflow/dags/db_and_model_update_dag.py took 0.119 seconds
[2026-04-01T05:49:20.097+0000] {processor.py:186} INFO - Started process (PID=10947) to work on /opt/airflow/dags/db_and_model_update_dag.py
[2026-04-01T05:49:20.101+0000] {processor.py:914} INFO - Processing file /opt/airflow/dags/db_and_model_update_dag.py for tasks to queue
[2026-04-01T05:49:20.103+0000] {logging_mixin.py:190} INFO - [2026-04-01T05:49:20.103+0000] {dagbag.py:588} INFO - Filling up the DagBag from /opt/airflow/dags/db_and_model_update_dag.py
[2026-04-01T05:49:20.121+0000] {processor.py:925} INFO - DAG(s) 'db_and_model_update' retrieved from /opt/airflow/dags/db_and_model_update_dag.py
[2026-04-01T05:49:20.153+0000] {logging_mixin.py:190} INFO - [2026-04-01T05:49:20.153+0000] {dag.py:3239} INFO - Sync 1 DAGs
[2026-04-01T05:49:20.188+0000] {logging_mixin.py:190} INFO - [2026-04-01T05:49:20.188+0000] {dag.py:4180} INFO - Setting next_dagrun for db_and_model_update to 2026-03-30 14:00:00+00:00, run_after=2026-04-06 14:00:00+00:00
[2026-04-01T05:49:20.210+0000] {processor.py:208} INFO - Processing /opt/airflow/dags/db_and_model_update_dag.py took 0.119 seconds
[2026-04-01T05:49:50.564+0000] {processor.py:186} INFO - Started process (PID=10957) to work on /opt/airflow/dags/db_and_model_update_dag.py
[2026-04-01T05:49:50.565+0000] {processor.py:914} INFO - Processing file /opt/airflow/dags/db_and_model_update_dag.py for tasks to queue
[2026-04-01T05:49:50.567+0000] {logging_mixin.py:190} INFO - [2026-04-01T05:49:50.567+0000] {dagbag.py:588} INFO - Filling up the DagBag from /opt/airflow/dags/db_and_model_update_dag.py
[2026-04-01T05:49:50.584+0000] {processor.py:925} INFO - DAG(s) 'db_and_model_update' retrieved from /opt/airflow/dags/db_and_model_update_dag.py
[2026-04-01T05:49:50.612+0000] {logging_mixin.py:190} INFO - [2026-04-01T05:49:50.611+0000] {dag.py:3239} INFO - Sync 1 DAGs
[2026-04-01T05:49:50.631+0000] {logging_mixin.py:190} INFO - [2026-04-01T05:49:50.631+0000] {dag.py:4180} INFO - Setting next_dagrun for db_and_model_update to 2026-03-30 14:00:00+00:00, run_after=2026-04-06 14:00:00+00:00
[2026-04-01T05:49:50.651+0000] {processor.py:208} INFO - Processing /opt/airflow/dags/db_and_model_update_dag.py took 0.094 seconds
[2026-04-01T05:50:20.925+0000] {processor.py:186} INFO - Started process (PID=10967) to work on /opt/airflow/dags/db_and_model_update_dag.py
[2026-04-01T05:50:20.926+0000] {processor.py:914} INFO - Processing file /opt/airflow/dags/db_and_model_update_dag.py for tasks to queue
[2026-04-01T05:50:20.931+0000] {logging_mixin.py:190} INFO - [2026-04-01T05:50:20.930+0000] {dagbag.py:588} INFO - Filling up the DagBag from /opt/airflow/dags/db_and_model_update_dag.py
[2026-04-01T05:50:20.954+0000] {processor.py:925} INFO - DAG(s) 'db_and_model_update' retrieved from /opt/airflow/dags/db_and_model_update_dag.py
[2026-04-01T05:50:20.986+0000] {logging_mixin.py:190} INFO - [2026-04-01T05:50:20.986+0000] {dag.py:3239} INFO - Sync 1 DAGs
[2026-04-01T05:50:21.008+0000] {logging_mixin.py:190} INFO - [2026-04-01T05:50:21.008+0000] {dag.py:4180} INFO - Setting next_dagrun for db_and_model_update to 2026-03-30 14:00:00+00:00, run_after=2026-04-06 14:00:00+00:00
[2026-04-01T05:50:21.028+0000] {processor.py:208} INFO - Processing /opt/airflow/dags/db_and_model_update_dag.py took 0.111 seconds
[2026-04-01T05:50:51.325+0000] {processor.py:186} INFO - Started process (PID=10977) to work on /opt/airflow/dags/db_and_model_update_dag.py
[2026-04-01T05:50:51.326+0000] {processor.py:914} INFO - Processing file /opt/airflow/dags/db_and_model_update_dag.py for tasks to queue
[2026-04-01T05:50:51.328+0000] {logging_mixin.py:190} INFO - [2026-04-01T05:50:51.328+0000] {dagbag.py:588} INFO - Filling up the DagBag from /opt/airflow/dags/db_and_model_update_dag.py
[2026-04-01T05:50:51.347+0000] {processor.py:925} INFO - DAG(s) 'db_and_model_update' retrieved from /opt/airflow/dags/db_and_model_update_dag.py
[2026-04-01T05:50:51.374+0000] {logging_mixin.py:190} INFO - [2026-04-01T05:50:51.374+0000] {dag.py:3239} INFO - Sync 1 DAGs
[2026-04-01T05:50:51.395+0000] {logging_mixin.py:190} INFO - [2026-04-01T05:50:51.395+0000] {dag.py:4180} INFO - Setting next_dagrun for db_and_model_update to 2026-03-30 14:00:00+00:00, run_after=2026-04-06 14:00:00+00:00
[2026-04-01T05:50:51.413+0000] {processor.py:208} INFO - Processing /opt/airflow/dags/db_and_model_update_dag.py took 0.096 seconds
[2026-04-01T05:51:21.766+0000] {processor.py:186} INFO - Started process (PID=10987) to work on /opt/airflow/dags/db_and_model_update_dag.py
[2026-04-01T05:51:21.767+0000] {processor.py:914} INFO - Processing file /opt/airflow/dags/db_and_model_update_dag.py for tasks to queue
[2026-04-01T05:51:21.769+0000] {logging_mixin.py:190} INFO - [2026-04-01T05:51:21.769+0000] {dagbag.py:588} INFO - Filling up the DagBag from /opt/airflow/dags/db_and_model_update_dag.py
[2026-04-01T05:51:21.791+0000] {processor.py:925} INFO - DAG(s) 'db_and_model_update' retrieved from /opt/airflow/dags/db_and_model_update_dag.py
[2026-04-01T05:51:21.818+0000] {logging_mixin.py:190} INFO - [2026-04-01T05:51:21.818+0000] {dag.py:3239} INFO - Sync 1 DAGs
[2026-04-01T05:51:21.838+0000] {logging_mixin.py:190} INFO - [2026-04-01T05:51:21.837+0000] {dag.py:4180} INFO - Setting next_dagrun for db_and_model_update to 2026-03-30 14:00:00+00:00, run_after=2026-04-06 14:00:00+00:00
[2026-04-01T05:51:21.862+0000] {processor.py:208} INFO - Processing /opt/airflow/dags/db_and_model_update_dag.py took 0.104 seconds
[2026-04-01T05:51:52.285+0000] {processor.py:186} INFO - Started process (PID=10997) to work on /opt/airflow/dags/db_and_model_update_dag.py
[2026-04-01T05:51:52.286+0000] {processor.py:914} INFO - Processing file /opt/airflow/dags/db_and_model_update_dag.py for tasks to queue
[2026-04-01T05:51:52.289+0000] {logging_mixin.py:190} INFO - [2026-04-01T05:51:52.289+0000] {dagbag.py:588} INFO - Filling up the DagBag from /opt/airflow/dags/db_and_model_update_dag.py
[2026-04-01T05:51:52.311+0000] {processor.py:925} INFO - DAG(s) 'db_and_model_update' retrieved from /opt/airflow/dags/db_and_model_update_dag.py
[2026-04-01T05:51:52.341+0000] {logging_mixin.py:190} INFO - [2026-04-01T05:51:52.340+0000] {dag.py:3239} INFO - Sync 1 DAGs
[2026-04-01T05:51:52.363+0000] {logging_mixin.py:190} INFO - [2026-04-01T05:51:52.362+0000] {dag.py:4180} INFO - Setting next_dagrun for db_and_model_update to 2026-03-30 14:00:00+00:00, run_after=2026-04-06 14:00:00+00:00
[2026-04-01T05:51:52.381+0000] {processor.py:208} INFO - Processing /opt/airflow/dags/db_and_model_update_dag.py took 0.105 seconds
[2026-04-01T05:52:22.721+0000] {processor.py:186} INFO - Started process (PID=11007) to work on /opt/airflow/dags/db_and_model_update_dag.py
[2026-04-01T05:52:22.722+0000] {processor.py:914} INFO - Processing file /opt/airflow/dags/db_and_model_update_dag.py for tasks to queue
[2026-04-01T05:52:22.724+0000] {logging_mixin.py:190} INFO - [2026-04-01T05:52:22.724+0000] {dagbag.py:588} INFO - Filling up the DagBag from /opt/airflow/dags/db_and_model_update_dag.py
[2026-04-01T05:52:22.742+0000] {processor.py:925} INFO - DAG(s) 'db_and_model_update' retrieved from /opt/airflow/dags/db_and_model_update_dag.py
[2026-04-01T05:52:22.768+0000] {logging_mixin.py:190} INFO - [2026-04-01T05:52:22.768+0000] {dag.py:3239} INFO - Sync 1 DAGs
[2026-04-01T05:52:22.788+0000] {logging_mixin.py:190} INFO - [2026-04-01T05:52:22.787+0000] {dag.py:4180} INFO - Setting next_dagrun for db_and_model_update to 2026-03-30 14:00:00+00:00, run_after=2026-04-06 14:00:00+00:00
[2026-04-01T05:52:22.843+0000] {processor.py:208} INFO - Processing /opt/airflow/dags/db_and_model_update_dag.py took 0.128 seconds
[2026-04-01T05:52:53.070+0000] {processor.py:186} INFO - Started process (PID=11017) to work on /opt/airflow/dags/db_and_model_update_dag.py
[2026-04-01T05:52:53.072+0000] {processor.py:914} INFO - Processing file /opt/airflow/dags/db_and_model_update_dag.py for tasks to queue
[2026-04-01T05:52:53.075+0000] {logging_mixin.py:190} INFO - [2026-04-01T05:52:53.074+0000] {dagbag.py:588} INFO - Filling up the DagBag from /opt/airflow/dags/db_and_model_update_dag.py
[2026-04-01T05:52:53.094+0000] {processor.py:925} INFO - DAG(s) 'db_and_model_update' retrieved from /opt/airflow/dags/db_and_model_update_dag.py
[2026-04-01T05:52:53.126+0000] {logging_mixin.py:190} INFO - [2026-04-01T05:52:53.126+0000] {dag.py:3239} INFO - Sync 1 DAGs
[2026-04-01T05:52:53.150+0000] {logging_mixin.py:190} INFO - [2026-04-01T05:52:53.150+0000] {dag.py:4180} INFO - Setting next_dagrun for db_and_model_update to 2026-03-30 14:00:00+00:00, run_after=2026-04-06 14:00:00+00:00
[2026-04-01T05:52:53.187+0000] {processor.py:208} INFO - Processing /opt/airflow/dags/db_and_model_update_dag.py took 0.125 seconds
[2026-04-01T05:53:23.506+0000] {processor.py:186} INFO - Started process (PID=11027) to work on /opt/airflow/dags/db_and_model_update_dag.py
[2026-04-01T05:53:23.507+0000] {processor.py:914} INFO - Processing file /opt/airflow/dags/db_and_model_update_dag.py for tasks to queue
[2026-04-01T05:53:23.509+0000] {logging_mixin.py:190} INFO - [2026-04-01T05:53:23.509+0000] {dagbag.py:588} INFO - Filling up the DagBag from /opt/airflow/dags/db_and_model_update_dag.py
[2026-04-01T05:53:23.537+0000] {processor.py:925} INFO - DAG(s) 'db_and_model_update' retrieved from /opt/airflow/dags/db_and_model_update_dag.py
[2026-04-01T05:53:23.567+0000] {logging_mixin.py:190} INFO - [2026-04-01T05:53:23.567+0000] {dag.py:3239} INFO - Sync 1 DAGs
[2026-04-01T05:53:23.589+0000] {logging_mixin.py:190} INFO - [2026-04-01T05:53:23.589+0000] {dag.py:4180} INFO - Setting next_dagrun for db_and_model_update to 2026-03-30 14:00:00+00:00, run_after=2026-04-06 14:00:00+00:00
[2026-04-01T05:53:23.609+0000] {processor.py:208} INFO - Processing /opt/airflow/dags/db_and_model_update_dag.py took 0.116 seconds
[2026-04-01T05:53:53.977+0000] {processor.py:186} INFO - Started process (PID=11037) to work on /opt/airflow/dags/db_and_model_update_dag.py
[2026-04-01T05:53:53.978+0000] {processor.py:914} INFO - Processing file /opt/airflow/dags/db_and_model_update_dag.py for tasks to queue
[2026-04-01T05:53:53.980+0000] {logging_mixin.py:190} INFO - [2026-04-01T05:53:53.980+0000] {dagbag.py:588} INFO - Filling up the DagBag from /opt/airflow/dags/db_and_model_update_dag.py
[2026-04-01T05:53:54.000+0000] {processor.py:925} INFO - DAG(s) 'db_and_model_update' retrieved from /opt/airflow/dags/db_and_model_update_dag.py
[2026-04-01T05:53:54.026+0000] {logging_mixin.py:190} INFO - [2026-04-01T05:53:54.026+0000] {dag.py:3239} INFO - Sync 1 DAGs
[2026-04-01T05:53:54.046+0000] {logging_mixin.py:190} INFO - [2026-04-01T05:53:54.046+0000] {dag.py:4180} INFO - Setting next_dagrun for db_and_model_update to 2026-03-30 14:00:00+00:00, run_after=2026-04-06 14:00:00+00:00
[2026-04-01T05:53:54.065+0000] {processor.py:208} INFO - Processing /opt/airflow/dags/db_and_model_update_dag.py took 0.097 seconds
[2026-04-01T05:54:24.297+0000] {processor.py:186} INFO - Started process (PID=11047) to work on /opt/airflow/dags/db_and_model_update_dag.py
[2026-04-01T05:54:24.298+0000] {processor.py:914} INFO - Processing file /opt/airflow/dags/db_and_model_update_dag.py for tasks to queue
[2026-04-01T05:54:24.300+0000] {logging_mixin.py:190} INFO - [2026-04-01T05:54:24.300+0000] {dagbag.py:588} INFO - Filling up the DagBag from /opt/airflow/dags/db_and_model_update_dag.py
[2026-04-01T05:54:24.323+0000] {processor.py:925} INFO - DAG(s) 'db_and_model_update' retrieved from /opt/airflow/dags/db_and_model_update_dag.py
[2026-04-01T05:54:24.356+0000] {logging_mixin.py:190} INFO - [2026-04-01T05:54:24.356+0000] {dag.py:3239} INFO - Sync 1 DAGs
[2026-04-01T05:54:24.379+0000] {logging_mixin.py:190} INFO - [2026-04-01T05:54:24.379+0000] {dag.py:4180} INFO - Setting next_dagrun for db_and_model_update to 2026-03-30 14:00:00+00:00, run_after=2026-04-06 14:00:00+00:00
[2026-04-01T05:54:24.401+0000] {processor.py:208} INFO - Processing /opt/airflow/dags/db_and_model_update_dag.py took 0.113 seconds
[2026-04-01T05:54:54.603+0000] {processor.py:186} INFO - Started process (PID=11057) to work on /opt/airflow/dags/db_and_model_update_dag.py
[2026-04-01T05:54:54.604+0000] {processor.py:914} INFO - Processing file /opt/airflow/dags/db_and_model_update_dag.py for tasks to queue
[2026-04-01T05:54:54.607+0000] {logging_mixin.py:190} INFO - [2026-04-01T05:54:54.606+0000] {dagbag.py:588} INFO - Filling up the DagBag from /opt/airflow/dags/db_and_model_update_dag.py
[2026-04-01T05:54:54.625+0000] {processor.py:925} INFO - DAG(s) 'db_and_model_update' retrieved from /opt/airflow/dags/db_and_model_update_dag.py
[2026-04-01T05:54:54.652+0000] {logging_mixin.py:190} INFO - [2026-04-01T05:54:54.651+0000] {dag.py:3239} INFO - Sync 1 DAGs
[2026-04-01T05:54:54.672+0000] {logging_mixin.py:190} INFO - [2026-04-01T05:54:54.672+0000] {dag.py:4180} INFO - Setting next_dagrun for db_and_model_update to 2026-03-30 14:00:00+00:00, run_after=2026-04-06 14:00:00+00:00
[2026-04-01T05:54:54.689+0000] {processor.py:208} INFO - Processing /opt/airflow/dags/db_and_model_update_dag.py took 0.093 seconds
[2026-04-01T05:55:24.921+0000] {processor.py:186} INFO - Started process (PID=11067) to work on /opt/airflow/dags/db_and_model_update_dag.py
[2026-04-01T05:55:24.922+0000] {processor.py:914} INFO - Processing file /opt/airflow/dags/db_and_model_update_dag.py for tasks to queue
[2026-04-01T05:55:24.925+0000] {logging_mixin.py:190} INFO - [2026-04-01T05:55:24.924+0000] {dagbag.py:588} INFO - Filling up the DagBag from /opt/airflow/dags/db_and_model_update_dag.py
[2026-04-01T05:55:24.967+0000] {processor.py:925} INFO - DAG(s) 'db_and_model_update' retrieved from /opt/airflow/dags/db_and_model_update_dag.py
[2026-04-01T05:55:24.994+0000] {logging_mixin.py:190} INFO - [2026-04-01T05:55:24.994+0000] {dag.py:3239} INFO - Sync 1 DAGs
[2026-04-01T05:55:25.015+0000] {logging_mixin.py:190} INFO - [2026-04-01T05:55:25.015+0000] {dag.py:4180} INFO - Setting next_dagrun for db_and_model_update to 2026-03-30 14:00:00+00:00, run_after=2026-04-06 14:00:00+00:00
[2026-04-01T05:55:25.032+0000] {processor.py:208} INFO - Processing /opt/airflow/dags/db_and_model_update_dag.py took 0.119 seconds
[2026-04-01T05:55:55.331+0000] {processor.py:186} INFO - Started process (PID=11077) to work on /opt/airflow/dags/db_and_model_update_dag.py
[2026-04-01T05:55:55.333+0000] {processor.py:914} INFO - Processing file /opt/airflow/dags/db_and_model_update_dag.py for tasks to queue
[2026-04-01T05:55:55.335+0000] {logging_mixin.py:190} INFO - [2026-04-01T05:55:55.334+0000] {dagbag.py:588} INFO - Filling up the DagBag from /opt/airflow/dags/db_and_model_update_dag.py
[2026-04-01T05:55:55.356+0000] {processor.py:925} INFO - DAG(s) 'db_and_model_update' retrieved from /opt/airflow/dags/db_and_model_update_dag.py
[2026-04-01T05:55:55.387+0000] {logging_mixin.py:190} INFO - [2026-04-01T05:55:55.387+0000] {dag.py:3239} INFO - Sync 1 DAGs
[2026-04-01T05:55:55.414+0000] {logging_mixin.py:190} INFO - [2026-04-01T05:55:55.414+0000] {dag.py:4180} INFO - Setting next_dagrun for db_and_model_update to 2026-03-30 14:00:00+00:00, run_after=2026-04-06 14:00:00+00:00
[2026-04-01T05:55:55.435+0000] {processor.py:208} INFO - Processing /opt/airflow/dags/db_and_model_update_dag.py took 0.113 seconds
[2026-04-01T05:56:25.720+0000] {processor.py:186} INFO - Started process (PID=11087) to work on /opt/airflow/dags/db_and_model_update_dag.py
[2026-04-01T05:56:25.722+0000] {processor.py:914} INFO - Processing file /opt/airflow/dags/db_and_model_update_dag.py for tasks to queue
[2026-04-01T05:56:25.724+0000] {logging_mixin.py:190} INFO - [2026-04-01T05:56:25.724+0000] {dagbag.py:588} INFO - Filling up the DagBag from /opt/airflow/dags/db_and_model_update_dag.py
[2026-04-01T05:56:25.746+0000] {processor.py:925} INFO - DAG(s) 'db_and_model_update' retrieved from /opt/airflow/dags/db_and_model_update_dag.py
[2026-04-01T05:56:25.776+0000] {logging_mixin.py:190} INFO - [2026-04-01T05:56:25.775+0000] {dag.py:3239} INFO - Sync 1 DAGs
[2026-04-01T05:56:25.799+0000] {logging_mixin.py:190} INFO - [2026-04-01T05:56:25.799+0000] {dag.py:4180} INFO - Setting next_dagrun for db_and_model_update to 2026-03-30 14:00:00+00:00, run_after=2026-04-06 14:00:00+00:00
[2026-04-01T05:56:25.823+0000] {processor.py:208} INFO - Processing /opt/airflow/dags/db_and_model_update_dag.py took 0.110 seconds
[2026-04-01T05:56:56.167+0000] {processor.py:186} INFO - Started process (PID=11097) to work on /opt/airflow/dags/db_and_model_update_dag.py
[2026-04-01T05:56:56.168+0000] {processor.py:914} INFO - Processing file /opt/airflow/dags/db_and_model_update_dag.py for tasks to queue
[2026-04-01T05:56:56.170+0000] {logging_mixin.py:190} INFO - [2026-04-01T05:56:56.170+0000] {dagbag.py:588} INFO - Filling up the DagBag from /opt/airflow/dags/db_and_model_update_dag.py
[2026-04-01T05:56:56.187+0000] {processor.py:925} INFO - DAG(s) 'db_and_model_update' retrieved from /opt/airflow/dags/db_and_model_update_dag.py
[2026-04-01T05:56:56.214+0000] {logging_mixin.py:190} INFO - [2026-04-01T05:56:56.214+0000] {dag.py:3239} INFO - Sync 1 DAGs
[2026-04-01T05:56:56.232+0000] {logging_mixin.py:190} INFO - [2026-04-01T05:56:56.232+0000] {dag.py:4180} INFO - Setting next_dagrun for db_and_model_update to 2026-03-30 14:00:00+00:00, run_after=2026-04-06 14:00:00+00:00
[2026-04-01T05:56:56.252+0000] {processor.py:208} INFO - Processing /opt/airflow/dags/db_and_model_update_dag.py took 0.092 seconds
[2026-04-01T05:57:26.503+0000] {processor.py:186} INFO - Started process (PID=11107) to work on /opt/airflow/dags/db_and_model_update_dag.py
[2026-04-01T05:57:26.506+0000] {processor.py:914} INFO - Processing file /opt/airflow/dags/db_and_model_update_dag.py for tasks to queue
[2026-04-01T05:57:26.509+0000] {logging_mixin.py:190} INFO - [2026-04-01T05:57:26.508+0000] {dagbag.py:588} INFO - Filling up the DagBag from /opt/airflow/dags/db_and_model_update_dag.py
[2026-04-01T05:57:26.534+0000] {processor.py:925} INFO - DAG(s) 'db_and_model_update' retrieved from /opt/airflow/dags/db_and_model_update_dag.py
[2026-04-01T05:57:26.574+0000] {logging_mixin.py:190} INFO - [2026-04-01T05:57:26.574+0000] {dag.py:3239} INFO - Sync 1 DAGs
[2026-04-01T05:57:26.607+0000] {logging_mixin.py:190} INFO - [2026-04-01T05:57:26.606+0000] {dag.py:4180} INFO - Setting next_dagrun for db_and_model_update to 2026-03-30 14:00:00+00:00, run_after=2026-04-06 14:00:00+00:00
[2026-04-01T05:57:26.630+0000] {processor.py:208} INFO - Processing /opt/airflow/dags/db_and_model_update_dag.py took 0.136 seconds
[2026-04-01T05:57:56.989+0000] {processor.py:186} INFO - Started process (PID=11117) to work on /opt/airflow/dags/db_and_model_update_dag.py
[2026-04-01T05:57:56.990+0000] {processor.py:914} INFO - Processing file /opt/airflow/dags/db_and_model_update_dag.py for tasks to queue
[2026-04-01T05:57:56.993+0000] {logging_mixin.py:190} INFO - [2026-04-01T05:57:56.992+0000] {dagbag.py:588} INFO - Filling up the DagBag from /opt/airflow/dags/db_and_model_update_dag.py
[2026-04-01T05:57:57.017+0000] {processor.py:925} INFO - DAG(s) 'db_and_model_update' retrieved from /opt/airflow/dags/db_and_model_update_dag.py
[2026-04-01T05:57:57.046+0000] {logging_mixin.py:190} INFO - [2026-04-01T05:57:57.046+0000] {dag.py:3239} INFO - Sync 1 DAGs
[2026-04-01T05:57:57.068+0000] {logging_mixin.py:190} INFO - [2026-04-01T05:57:57.068+0000] {dag.py:4180} INFO - Setting next_dagrun for db_and_model_update to 2026-03-30 14:00:00+00:00, run_after=2026-04-06 14:00:00+00:00
[2026-04-01T05:57:57.093+0000] {processor.py:208} INFO - Processing /opt/airflow/dags/db_and_model_update_dag.py took 0.112 seconds
[2026-04-01T05:58:27.302+0000] {processor.py:186} INFO - Started process (PID=11127) to work on /opt/airflow/dags/db_and_model_update_dag.py
[2026-04-01T05:58:27.303+0000] {processor.py:914} INFO - Processing file /opt/airflow/dags/db_and_model_update_dag.py for tasks to queue
[2026-04-01T05:58:27.305+0000] {logging_mixin.py:190} INFO - [2026-04-01T05:58:27.305+0000] {dagbag.py:588} INFO - Filling up the DagBag from /opt/airflow/dags/db_and_model_update_dag.py
[2026-04-01T05:58:27.323+0000] {processor.py:925} INFO - DAG(s) 'db_and_model_update' retrieved from /opt/airflow/dags/db_and_model_update_dag.py
[2026-04-01T05:58:27.353+0000] {logging_mixin.py:190} INFO - [2026-04-01T05:58:27.353+0000] {dag.py:3239} INFO - Sync 1 DAGs
[2026-04-01T05:58:27.377+0000] {logging_mixin.py:190} INFO - [2026-04-01T05:58:27.376+0000] {dag.py:4180} INFO - Setting next_dagrun for db_and_model_update to 2026-03-30 14:00:00+00:00, run_after=2026-04-06 14:00:00+00:00
[2026-04-01T05:58:27.394+0000] {processor.py:208} INFO - Processing /opt/airflow/dags/db_and_model_update_dag.py took 0.099 seconds
[2026-04-01T05:58:57.727+0000] {processor.py:186} INFO - Started process (PID=11137) to work on /opt/airflow/dags/db_and_model_update_dag.py
[2026-04-01T05:58:57.728+0000] {processor.py:914} INFO - Processing file /opt/airflow/dags/db_and_model_update_dag.py for tasks to queue
[2026-04-01T05:58:57.732+0000] {logging_mixin.py:190} INFO - [2026-04-01T05:58:57.731+0000] {dagbag.py:588} INFO - Filling up the DagBag from /opt/airflow/dags/db_and_model_update_dag.py
[2026-04-01T05:58:57.754+0000] {processor.py:925} INFO - DAG(s) 'db_and_model_update' retrieved from /opt/airflow/dags/db_and_model_update_dag.py
[2026-04-01T05:58:57.788+0000] {logging_mixin.py:190} INFO - [2026-04-01T05:58:57.787+0000] {dag.py:3239} INFO - Sync 1 DAGs
[2026-04-01T05:58:57.814+0000] {logging_mixin.py:190} INFO - [2026-04-01T05:58:57.814+0000] {dag.py:4180} INFO - Setting next_dagrun for db_and_model_update to 2026-03-30 14:00:00+00:00, run_after=2026-04-06 14:00:00+00:00
[2026-04-01T05:58:57.839+0000] {processor.py:208} INFO - Processing /opt/airflow/dags/db_and_model_update_dag.py took 0.123 seconds
[2026-04-01T05:59:28.059+0000] {processor.py:186} INFO - Started process (PID=11147) to work on /opt/airflow/dags/db_and_model_update_dag.py
[2026-04-01T05:59:28.060+0000] {processor.py:914} INFO - Processing file /opt/airflow/dags/db_and_model_update_dag.py for tasks to queue
[2026-04-01T05:59:28.062+0000] {logging_mixin.py:190} INFO - [2026-04-01T05:59:28.062+0000] {dagbag.py:588} INFO - Filling up the DagBag from /opt/airflow/dags/db_and_model_update_dag.py
[2026-04-01T05:59:28.081+0000] {processor.py:925} INFO - DAG(s) 'db_and_model_update' retrieved from /opt/airflow/dags/db_and_model_update_dag.py
[2026-04-01T05:59:28.110+0000] {logging_mixin.py:190} INFO - [2026-04-01T05:59:28.110+0000] {dag.py:3239} INFO - Sync 1 DAGs
[2026-04-01T05:59:28.136+0000] {logging_mixin.py:190} INFO - [2026-04-01T05:59:28.136+0000] {dag.py:4180} INFO - Setting next_dagrun for db_and_model_update to 2026-03-30 14:00:00+00:00, run_after=2026-04-06 14:00:00+00:00
[2026-04-01T05:59:28.153+0000] {processor.py:208} INFO - Processing /opt/airflow/dags/db_and_model_update_dag.py took 0.101 seconds
[2026-04-01T05:59:58.380+0000] {processor.py:186} INFO - Started process (PID=11157) to work on /opt/airflow/dags/db_and_model_update_dag.py
[2026-04-01T05:59:58.381+0000] {processor.py:914} INFO - Processing file /opt/airflow/dags/db_and_model_update_dag.py for tasks to queue
[2026-04-01T05:59:58.384+0000] {logging_mixin.py:190} INFO - [2026-04-01T05:59:58.383+0000] {dagbag.py:588} INFO - Filling up the DagBag from /opt/airflow/dags/db_and_model_update_dag.py
[2026-04-01T05:59:58.401+0000] {processor.py:925} INFO - DAG(s) 'db_and_model_update' retrieved from /opt/airflow/dags/db_and_model_update_dag.py
[2026-04-01T05:59:58.433+0000] {logging_mixin.py:190} INFO - [2026-04-01T05:59:58.433+0000] {dag.py:3239} INFO - Sync 1 DAGs
[2026-04-01T05:59:58.456+0000] {logging_mixin.py:190} INFO - [2026-04-01T05:59:58.456+0000] {dag.py:4180} INFO - Setting next_dagrun for db_and_model_update to 2026-03-30 14:00:00+00:00, run_after=2026-04-06 14:00:00+00:00
[2026-04-01T05:59:58.478+0000] {processor.py:208} INFO - Processing /opt/airflow/dags/db_and_model_update_dag.py took 0.105 seconds
[2026-04-01T06:00:28.722+0000] {processor.py:186} INFO - Started process (PID=11167) to work on /opt/airflow/dags/db_and_model_update_dag.py
[2026-04-01T06:00:28.723+0000] {processor.py:914} INFO - Processing file /opt/airflow/dags/db_and_model_update_dag.py for tasks to queue
[2026-04-01T06:00:28.726+0000] {logging_mixin.py:190} INFO - [2026-04-01T06:00:28.726+0000] {dagbag.py:588} INFO - Filling up the DagBag from /opt/airflow/dags/db_and_model_update_dag.py
[2026-04-01T06:00:28.747+0000] {processor.py:925} INFO - DAG(s) 'db_and_model_update' retrieved from /opt/airflow/dags/db_and_model_update_dag.py
[2026-04-01T06:00:28.777+0000] {logging_mixin.py:190} INFO - [2026-04-01T06:00:28.777+0000] {dag.py:3239} INFO - Sync 1 DAGs
[2026-04-01T06:00:28.799+0000] {logging_mixin.py:190} INFO - [2026-04-01T06:00:28.799+0000] {dag.py:4180} INFO - Setting next_dagrun for db_and_model_update to 2026-03-30 14:00:00+00:00, run_after=2026-04-06 14:00:00+00:00
[2026-04-01T06:00:28.817+0000] {processor.py:208} INFO - Processing /opt/airflow/dags/db_and_model_update_dag.py took 0.108 seconds
[2026-04-01T06:00:59.096+0000] {processor.py:186} INFO - Started process (PID=11177) to work on /opt/airflow/dags/db_and_model_update_dag.py
[2026-04-01T06:00:59.097+0000] {processor.py:914} INFO - Processing file /opt/airflow/dags/db_and_model_update_dag.py for tasks to queue
[2026-04-01T06:00:59.099+0000] {logging_mixin.py:190} INFO - [2026-04-01T06:00:59.098+0000] {dagbag.py:588} INFO - Filling up the DagBag from /opt/airflow/dags/db_and_model_update_dag.py
[2026-04-01T06:00:59.116+0000] {processor.py:925} INFO - DAG(s) 'db_and_model_update' retrieved from /opt/airflow/dags/db_and_model_update_dag.py
[2026-04-01T06:00:59.147+0000] {logging_mixin.py:190} INFO - [2026-04-01T06:00:59.146+0000] {dag.py:3239} INFO - Sync 1 DAGs
[2026-04-01T06:00:59.170+0000] {logging_mixin.py:190} INFO - [2026-04-01T06:00:59.169+0000] {dag.py:4180} INFO - Setting next_dagrun for db_and_model_update to 2026-03-30 14:00:00+00:00, run_after=2026-04-06 14:00:00+00:00
[2026-04-01T06:00:59.191+0000] {processor.py:208} INFO - Processing /opt/airflow/dags/db_and_model_update_dag.py took 0.101 seconds
[2026-04-01T06:01:29.387+0000] {processor.py:186} INFO - Started process (PID=11187) to work on /opt/airflow/dags/db_and_model_update_dag.py
[2026-04-01T06:01:29.388+0000] {processor.py:914} INFO - Processing file /opt/airflow/dags/db_and_model_update_dag.py for tasks to queue
[2026-04-01T06:01:29.390+0000] {logging_mixin.py:190} INFO - [2026-04-01T06:01:29.390+0000] {dagbag.py:588} INFO - Filling up the DagBag from /opt/airflow/dags/db_and_model_update_dag.py
[2026-04-01T06:01:29.410+0000] {processor.py:925} INFO - DAG(s) 'db_and_model_update' retrieved from /opt/airflow/dags/db_and_model_update_dag.py
[2026-04-01T06:01:29.438+0000] {logging_mixin.py:190} INFO - [2026-04-01T06:01:29.438+0000] {dag.py:3239} INFO - Sync 1 DAGs
[2026-04-01T06:01:29.463+0000] {logging_mixin.py:190} INFO - [2026-04-01T06:01:29.462+0000] {dag.py:4180} INFO - Setting next_dagrun for db_and_model_update to 2026-03-30 14:00:00+00:00, run_after=2026-04-06 14:00:00+00:00
[2026-04-01T06:01:29.487+0000] {processor.py:208} INFO - Processing /opt/airflow/dags/db_and_model_update_dag.py took 0.106 seconds
[2026-04-01T06:01:59.780+0000] {processor.py:186} INFO - Started process (PID=11197) to work on /opt/airflow/dags/db_and_model_update_dag.py
[2026-04-01T06:01:59.781+0000] {processor.py:914} INFO - Processing file /opt/airflow/dags/db_and_model_update_dag.py for tasks to queue
[2026-04-01T06:01:59.784+0000] {logging_mixin.py:190} INFO - [2026-04-01T06:01:59.784+0000] {dagbag.py:588} INFO - Filling up the DagBag from /opt/airflow/dags/db_and_model_update_dag.py
[2026-04-01T06:01:59.808+0000] {processor.py:925} INFO - DAG(s) 'db_and_model_update' retrieved from /opt/airflow/dags/db_and_model_update_dag.py
[2026-04-01T06:01:59.839+0000] {logging_mixin.py:190} INFO - [2026-04-01T06:01:59.839+0000] {dag.py:3239} INFO - Sync 1 DAGs
[2026-04-01T06:01:59.860+0000] {logging_mixin.py:190} INFO - [2026-04-01T06:01:59.860+0000] {dag.py:4180} INFO - Setting next_dagrun for db_and_model_update to 2026-03-30 14:00:00+00:00, run_after=2026-04-06 14:00:00+00:00
[2026-04-01T06:01:59.884+0000] {processor.py:208} INFO - Processing /opt/airflow/dags/db_and_model_update_dag.py took 0.113 seconds
[2026-04-01T06:02:30.244+0000] {processor.py:186} INFO - Started process (PID=11207) to work on /opt/airflow/dags/db_and_model_update_dag.py
[2026-04-01T06:02:30.245+0000] {processor.py:914} INFO - Processing file /opt/airflow/dags/db_and_model_update_dag.py for tasks to queue
[2026-04-01T06:02:30.247+0000] {logging_mixin.py:190} INFO - [2026-04-01T06:02:30.247+0000] {dagbag.py:588} INFO - Filling up the DagBag from /opt/airflow/dags/db_and_model_update_dag.py
[2026-04-01T06:02:30.265+0000] {processor.py:925} INFO - DAG(s) 'db_and_model_update' retrieved from /opt/airflow/dags/db_and_model_update_dag.py
[2026-04-01T06:02:30.294+0000] {logging_mixin.py:190} INFO - [2026-04-01T06:02:30.294+0000] {dag.py:3239} INFO - Sync 1 DAGs
[2026-04-01T06:02:30.314+0000] {logging_mixin.py:190} INFO - [2026-04-01T06:02:30.314+0000] {dag.py:4180} INFO - Setting next_dagrun for db_and_model_update to 2026-03-30 14:00:00+00:00, run_after=2026-04-06 14:00:00+00:00
[2026-04-01T06:02:30.336+0000] {processor.py:208} INFO - Processing /opt/airflow/dags/db_and_model_update_dag.py took 0.100 seconds
[2026-04-01T06:03:00.544+0000] {processor.py:186} INFO - Started process (PID=11217) to work on /opt/airflow/dags/db_and_model_update_dag.py
[2026-04-01T06:03:00.545+0000] {processor.py:914} INFO - Processing file /opt/airflow/dags/db_and_model_update_dag.py for tasks to queue
[2026-04-01T06:03:00.548+0000] {logging_mixin.py:190} INFO - [2026-04-01T06:03:00.548+0000] {dagbag.py:588} INFO - Filling up the DagBag from /opt/airflow/dags/db_and_model_update_dag.py
[2026-04-01T06:03:00.568+0000] {processor.py:925} INFO - DAG(s) 'db_and_model_update' retrieved from /opt/airflow/dags/db_and_model_update_dag.py
[2026-04-01T06:03:00.597+0000] {logging_mixin.py:190} INFO - [2026-04-01T06:03:00.596+0000] {dag.py:3239} INFO - Sync 1 DAGs
[2026-04-01T06:03:00.618+0000] {logging_mixin.py:190} INFO - [2026-04-01T06:03:00.618+0000] {dag.py:4180} INFO - Setting next_dagrun for db_and_model_update to 2026-03-30 14:00:00+00:00, run_after=2026-04-06 14:00:00+00:00
[2026-04-01T06:03:00.652+0000] {processor.py:208} INFO - Processing /opt/airflow/dags/db_and_model_update_dag.py took 0.115 seconds
[2026-04-01T06:03:30.937+0000] {processor.py:186} INFO - Started process (PID=11227) to work on /opt/airflow/dags/db_and_model_update_dag.py
[2026-04-01T06:03:30.939+0000] {processor.py:914} INFO - Processing file /opt/airflow/dags/db_and_model_update_dag.py for tasks to queue
[2026-04-01T06:03:30.941+0000] {logging_mixin.py:190} INFO - [2026-04-01T06:03:30.941+0000] {dagbag.py:588} INFO - Filling up the DagBag from /opt/airflow/dags/db_and_model_update_dag.py
[2026-04-01T06:03:30.961+0000] {processor.py:925} INFO - DAG(s) 'db_and_model_update' retrieved from /opt/airflow/dags/db_and_model_update_dag.py
[2026-04-01T06:03:30.992+0000] {logging_mixin.py:190} INFO - [2026-04-01T06:03:30.992+0000] {dag.py:3239} INFO - Sync 1 DAGs
[2026-04-01T06:03:31.013+0000] {logging_mixin.py:190} INFO - [2026-04-01T06:03:31.013+0000] {dag.py:4180} INFO - Setting next_dagrun for db_and_model_update to 2026-03-30 14:00:00+00:00, run_after=2026-04-06 14:00:00+00:00
[2026-04-01T06:03:31.036+0000] {processor.py:208} INFO - Processing /opt/airflow/dags/db_and_model_update_dag.py took 0.106 seconds
[2026-04-01T06:04:01.229+0000] {processor.py:186} INFO - Started process (PID=11237) to work on /opt/airflow/dags/db_and_model_update_dag.py
[2026-04-01T06:04:01.230+0000] {processor.py:914} INFO - Processing file /opt/airflow/dags/db_and_model_update_dag.py for tasks to queue
[2026-04-01T06:04:01.232+0000] {logging_mixin.py:190} INFO - [2026-04-01T06:04:01.232+0000] {dagbag.py:588} INFO - Filling up the DagBag from /opt/airflow/dags/db_and_model_update_dag.py
[2026-04-01T06:04:01.252+0000] {processor.py:925} INFO - DAG(s) 'db_and_model_update' retrieved from /opt/airflow/dags/db_and_model_update_dag.py
[2026-04-01T06:04:01.279+0000] {logging_mixin.py:190} INFO - [2026-04-01T06:04:01.279+0000] {dag.py:3239} INFO - Sync 1 DAGs
[2026-04-01T06:04:01.305+0000] {logging_mixin.py:190} INFO - [2026-04-01T06:04:01.305+0000] {dag.py:4180} INFO - Setting next_dagrun for db_and_model_update to 2026-03-30 14:00:00+00:00, run_after=2026-04-06 14:00:00+00:00
[2026-04-01T06:04:01.324+0000] {processor.py:208} INFO - Processing /opt/airflow/dags/db_and_model_update_dag.py took 0.103 seconds
[2026-04-01T06:04:31.642+0000] {processor.py:186} INFO - Started process (PID=11247) to work on /opt/airflow/dags/db_and_model_update_dag.py
[2026-04-01T06:04:31.643+0000] {processor.py:914} INFO - Processing file /opt/airflow/dags/db_and_model_update_dag.py for tasks to queue
[2026-04-01T06:04:31.648+0000] {logging_mixin.py:190} INFO - [2026-04-01T06:04:31.647+0000] {dagbag.py:588} INFO - Filling up the DagBag from /opt/airflow/dags/db_and_model_update_dag.py
[2026-04-01T06:04:31.678+0000] {processor.py:925} INFO - DAG(s) 'db_and_model_update' retrieved from /opt/airflow/dags/db_and_model_update_dag.py
[2026-04-01T06:04:31.713+0000] {logging_mixin.py:190} INFO - [2026-04-01T06:04:31.713+0000] {dag.py:3239} INFO - Sync 1 DAGs
[2026-04-01T06:04:31.745+0000] {logging_mixin.py:190} INFO - [2026-04-01T06:04:31.745+0000] {dag.py:4180} INFO - Setting next_dagrun for db_and_model_update to 2026-03-30 14:00:00+00:00, run_after=2026-04-06 14:00:00+00:00
[2026-04-01T06:04:31.780+0000] {processor.py:208} INFO - Processing /opt/airflow/dags/db_and_model_update_dag.py took 0.148 seconds
[2026-04-01T06:05:02.108+0000] {processor.py:186} INFO - Started process (PID=11257) to work on /opt/airflow/dags/db_and_model_update_dag.py
[2026-04-01T06:05:02.110+0000] {processor.py:914} INFO - Processing file /opt/airflow/dags/db_and_model_update_dag.py for tasks to queue
[2026-04-01T06:05:02.112+0000] {logging_mixin.py:190} INFO - [2026-04-01T06:05:02.112+0000] {dagbag.py:588} INFO - Filling up the DagBag from /opt/airflow/dags/db_and_model_update_dag.py
[2026-04-01T06:05:02.129+0000] {processor.py:925} INFO - DAG(s) 'db_and_model_update' retrieved from /opt/airflow/dags/db_and_model_update_dag.py
[2026-04-01T06:05:02.158+0000] {logging_mixin.py:190} INFO - [2026-04-01T06:05:02.158+0000] {dag.py:3239} INFO - Sync 1 DAGs
[2026-04-01T06:05:02.182+0000] {logging_mixin.py:190} INFO - [2026-04-01T06:05:02.181+0000] {dag.py:4180} INFO - Setting next_dagrun for db_and_model_update to 2026-03-30 14:00:00+00:00, run_after=2026-04-06 14:00:00+00:00
[2026-04-01T06:05:02.201+0000] {processor.py:208} INFO - Processing /opt/airflow/dags/db_and_model_update_dag.py took 0.099 seconds
[2026-04-01T06:05:32.444+0000] {processor.py:186} INFO - Started process (PID=11267) to work on /opt/airflow/dags/db_and_model_update_dag.py
[2026-04-01T06:05:32.447+0000] {processor.py:914} INFO - Processing file /opt/airflow/dags/db_and_model_update_dag.py for tasks to queue
[2026-04-01T06:05:32.455+0000] {logging_mixin.py:190} INFO - [2026-04-01T06:05:32.455+0000] {dagbag.py:588} INFO - Filling up the DagBag from /opt/airflow/dags/db_and_model_update_dag.py
[2026-04-01T06:05:32.478+0000] {processor.py:925} INFO - DAG(s) 'db_and_model_update' retrieved from /opt/airflow/dags/db_and_model_update_dag.py
[2026-04-01T06:05:32.507+0000] {logging_mixin.py:190} INFO - [2026-04-01T06:05:32.506+0000] {dag.py:3239} INFO - Sync 1 DAGs
[2026-04-01T06:05:32.531+0000] {logging_mixin.py:190} INFO - [2026-04-01T06:05:32.531+0000] {dag.py:4180} INFO - Setting next_dagrun for db_and_model_update to 2026-03-30 14:00:00+00:00, run_after=2026-04-06 14:00:00+00:00
[2026-04-01T06:05:32.557+0000] {processor.py:208} INFO - Processing /opt/airflow/dags/db_and_model_update_dag.py took 0.122 seconds
[2026-04-01T06:06:02.895+0000] {processor.py:186} INFO - Started process (PID=11277) to work on /opt/airflow/dags/db_and_model_update_dag.py
[2026-04-01T06:06:02.897+0000] {processor.py:914} INFO - Processing file /opt/airflow/dags/db_and_model_update_dag.py for tasks to queue
[2026-04-01T06:06:02.899+0000] {logging_mixin.py:190} INFO - [2026-04-01T06:06:02.899+0000] {dagbag.py:588} INFO - Filling up the DagBag from /opt/airflow/dags/db_and_model_update_dag.py
[2026-04-01T06:06:02.920+0000] {processor.py:925} INFO - DAG(s) 'db_and_model_update' retrieved from /opt/airflow/dags/db_and_model_update_dag.py
[2026-04-01T06:06:02.951+0000] {logging_mixin.py:190} INFO - [2026-04-01T06:06:02.951+0000] {dag.py:3239} INFO - Sync 1 DAGs
[2026-04-01T06:06:02.973+0000] {logging_mixin.py:190} INFO - [2026-04-01T06:06:02.973+0000] {dag.py:4180} INFO - Setting next_dagrun for db_and_model_update to 2026-03-30 14:00:00+00:00, run_after=2026-04-06 14:00:00+00:00
[2026-04-01T06:06:02.994+0000] {processor.py:208} INFO - Processing /opt/airflow/dags/db_and_model_update_dag.py took 0.107 seconds
[2026-04-01T06:06:33.223+0000] {processor.py:186} INFO - Started process (PID=11287) to work on /opt/airflow/dags/db_and_model_update_dag.py
[2026-04-01T06:06:33.224+0000] {processor.py:914} INFO - Processing file /opt/airflow/dags/db_and_model_update_dag.py for tasks to queue
[2026-04-01T06:06:33.227+0000] {logging_mixin.py:190} INFO - [2026-04-01T06:06:33.227+0000] {dagbag.py:588} INFO - Filling up the DagBag from /opt/airflow/dags/db_and_model_update_dag.py
[2026-04-01T06:06:33.249+0000] {processor.py:925} INFO - DAG(s) 'db_and_model_update' retrieved from /opt/airflow/dags/db_and_model_update_dag.py
[2026-04-01T06:06:33.283+0000] {logging_mixin.py:190} INFO - [2026-04-01T06:06:33.283+0000] {dag.py:3239} INFO - Sync 1 DAGs
[2026-04-01T06:06:33.305+0000] {logging_mixin.py:190} INFO - [2026-04-01T06:06:33.305+0000] {dag.py:4180} INFO - Setting next_dagrun for db_and_model_update to 2026-03-30 14:00:00+00:00, run_after=2026-04-06 14:00:00+00:00
[2026-04-01T06:06:33.324+0000] {processor.py:208} INFO - Processing /opt/airflow/dags/db_and_model_update_dag.py took 0.109 seconds
[2026-04-01T06:07:03.533+0000] {processor.py:186} INFO - Started process (PID=11297) to work on /opt/airflow/dags/db_and_model_update_dag.py
[2026-04-01T06:07:03.534+0000] {processor.py:914} INFO - Processing file /opt/airflow/dags/db_and_model_update_dag.py for tasks to queue
[2026-04-01T06:07:03.536+0000] {logging_mixin.py:190} INFO - [2026-04-01T06:07:03.536+0000] {dagbag.py:588} INFO - Filling up the DagBag from /opt/airflow/dags/db_and_model_update_dag.py
[2026-04-01T06:07:03.561+0000] {processor.py:925} INFO - DAG(s) 'db_and_model_update' retrieved from /opt/airflow/dags/db_and_model_update_dag.py
[2026-04-01T06:07:03.601+0000] {logging_mixin.py:190} INFO - [2026-04-01T06:07:03.601+0000] {dag.py:3239} INFO - Sync 1 DAGs
[2026-04-01T06:07:03.626+0000] {logging_mixin.py:190} INFO - [2026-04-01T06:07:03.626+0000] {dag.py:4180} INFO - Setting next_dagrun for db_and_model_update to 2026-03-30 14:00:00+00:00, run_after=2026-04-06 14:00:00+00:00
[2026-04-01T06:07:03.646+0000] {processor.py:208} INFO - Processing /opt/airflow/dags/db_and_model_update_dag.py took 0.120 seconds
[2026-04-01T06:07:33.979+0000] {processor.py:186} INFO - Started process (PID=11307) to work on /opt/airflow/dags/db_and_model_update_dag.py
[2026-04-01T06:07:33.980+0000] {processor.py:914} INFO - Processing file /opt/airflow/dags/db_and_model_update_dag.py for tasks to queue
[2026-04-01T06:07:33.984+0000] {logging_mixin.py:190} INFO - [2026-04-01T06:07:33.983+0000] {dagbag.py:588} INFO - Filling up the DagBag from /opt/airflow/dags/db_and_model_update_dag.py
[2026-04-01T06:07:34.005+0000] {processor.py:925} INFO - DAG(s) 'db_and_model_update' retrieved from /opt/airflow/dags/db_and_model_update_dag.py
[2026-04-01T06:07:34.049+0000] {logging_mixin.py:190} INFO - [2026-04-01T06:07:34.049+0000] {dag.py:3239} INFO - Sync 1 DAGs
[2026-04-01T06:07:34.071+0000] {logging_mixin.py:190} INFO - [2026-04-01T06:07:34.071+0000] {dag.py:4180} INFO - Setting next_dagrun for db_and_model_update to 2026-03-30 14:00:00+00:00, run_after=2026-04-06 14:00:00+00:00
[2026-04-01T06:07:34.109+0000] {processor.py:208} INFO - Processing /opt/airflow/dags/db_and_model_update_dag.py took 0.139 seconds
[2026-04-01T06:08:04.461+0000] {processor.py:186} INFO - Started process (PID=11317) to work on /opt/airflow/dags/db_and_model_update_dag.py
[2026-04-01T06:08:04.462+0000] {processor.py:914} INFO - Processing file /opt/airflow/dags/db_and_model_update_dag.py for tasks to queue
[2026-04-01T06:08:04.465+0000] {logging_mixin.py:190} INFO - [2026-04-01T06:08:04.465+0000] {dagbag.py:588} INFO - Filling up the DagBag from /opt/airflow/dags/db_and_model_update_dag.py
[2026-04-01T06:08:04.487+0000] {processor.py:925} INFO - DAG(s) 'db_and_model_update' retrieved from /opt/airflow/dags/db_and_model_update_dag.py
[2026-04-01T06:08:04.516+0000] {logging_mixin.py:190} INFO - [2026-04-01T06:08:04.516+0000] {dag.py:3239} INFO - Sync 1 DAGs
[2026-04-01T06:08:04.539+0000] {logging_mixin.py:190} INFO - [2026-04-01T06:08:04.539+0000] {dag.py:4180} INFO - Setting next_dagrun for db_and_model_update to 2026-03-30 14:00:00+00:00, run_after=2026-04-06 14:00:00+00:00
[2026-04-01T06:08:04.562+0000] {processor.py:208} INFO - Processing /opt/airflow/dags/db_and_model_update_dag.py took 0.109 seconds
[2026-04-01T06:08:34.853+0000] {processor.py:186} INFO - Started process (PID=11327) to work on /opt/airflow/dags/db_and_model_update_dag.py
[2026-04-01T06:08:34.854+0000] {processor.py:914} INFO - Processing file /opt/airflow/dags/db_and_model_update_dag.py for tasks to queue
[2026-04-01T06:08:34.856+0000] {logging_mixin.py:190} INFO - [2026-04-01T06:08:34.856+0000] {dagbag.py:588} INFO - Filling up the DagBag from /opt/airflow/dags/db_and_model_update_dag.py
[2026-04-01T06:08:34.877+0000] {processor.py:925} INFO - DAG(s) 'db_and_model_update' retrieved from /opt/airflow/dags/db_and_model_update_dag.py
[2026-04-01T06:08:34.907+0000] {logging_mixin.py:190} INFO - [2026-04-01T06:08:34.906+0000] {dag.py:3239} INFO - Sync 1 DAGs
[2026-04-01T06:08:34.927+0000] {logging_mixin.py:190} INFO - [2026-04-01T06:08:34.927+0000] {dag.py:4180} INFO - Setting next_dagrun for db_and_model_update to 2026-03-30 14:00:00+00:00, run_after=2026-04-06 14:00:00+00:00
[2026-04-01T06:08:34.952+0000] {processor.py:208} INFO - Processing /opt/airflow/dags/db_and_model_update_dag.py took 0.107 seconds
[2026-04-01T06:09:05.109+0000] {processor.py:186} INFO - Started process (PID=11337) to work on /opt/airflow/dags/db_and_model_update_dag.py
[2026-04-01T06:09:05.111+0000] {processor.py:914} INFO - Processing file /opt/airflow/dags/db_and_model_update_dag.py for tasks to queue
[2026-04-01T06:09:05.113+0000] {logging_mixin.py:190} INFO - [2026-04-01T06:09:05.112+0000] {dagbag.py:588} INFO - Filling up the DagBag from /opt/airflow/dags/db_and_model_update_dag.py
[2026-04-01T06:09:05.132+0000] {processor.py:925} INFO - DAG(s) 'db_and_model_update' retrieved from /opt/airflow/dags/db_and_model_update_dag.py
[2026-04-01T06:09:05.160+0000] {logging_mixin.py:190} INFO - [2026-04-01T06:09:05.160+0000] {dag.py:3239} INFO - Sync 1 DAGs
[2026-04-01T06:09:05.181+0000] {logging_mixin.py:190} INFO - [2026-04-01T06:09:05.181+0000] {dag.py:4180} INFO - Setting next_dagrun for db_and_model_update to 2026-03-30 14:00:00+00:00, run_after=2026-04-06 14:00:00+00:00
[2026-04-01T06:09:05.198+0000] {processor.py:208} INFO - Processing /opt/airflow/dags/db_and_model_update_dag.py took 0.095 seconds
[2026-04-01T06:09:35.500+0000] {processor.py:186} INFO - Started process (PID=11347) to work on /opt/airflow/dags/db_and_model_update_dag.py
[2026-04-01T06:09:35.502+0000] {processor.py:914} INFO - Processing file /opt/airflow/dags/db_and_model_update_dag.py for tasks to queue
[2026-04-01T06:09:35.504+0000] {logging_mixin.py:190} INFO - [2026-04-01T06:09:35.504+0000] {dagbag.py:588} INFO - Filling up the DagBag from /opt/airflow/dags/db_and_model_update_dag.py
[2026-04-01T06:09:35.524+0000] {processor.py:925} INFO - DAG(s) 'db_and_model_update' retrieved from /opt/airflow/dags/db_and_model_update_dag.py
[2026-04-01T06:09:35.558+0000] {logging_mixin.py:190} INFO - [2026-04-01T06:09:35.558+0000] {dag.py:3239} INFO - Sync 1 DAGs
[2026-04-01T06:09:35.582+0000] {logging_mixin.py:190} INFO - [2026-04-01T06:09:35.581+0000] {dag.py:4180} INFO - Setting next_dagrun for db_and_model_update to 2026-03-30 14:00:00+00:00, run_after=2026-04-06 14:00:00+00:00
[2026-04-01T06:09:35.603+0000] {processor.py:208} INFO - Processing /opt/airflow/dags/db_and_model_update_dag.py took 0.110 seconds
[2026-04-01T06:10:05.738+0000] {processor.py:186} INFO - Started process (PID=11357) to work on /opt/airflow/dags/db_and_model_update_dag.py
[2026-04-01T06:10:05.739+0000] {processor.py:914} INFO - Processing file /opt/airflow/dags/db_and_model_update_dag.py for tasks to queue
[2026-04-01T06:10:05.741+0000] {logging_mixin.py:190} INFO - [2026-04-01T06:10:05.741+0000] {dagbag.py:588} INFO - Filling up the DagBag from /opt/airflow/dags/db_and_model_update_dag.py
[2026-04-01T06:10:05.805+0000] {processor.py:925} INFO - DAG(s) 'db_and_model_update' retrieved from /opt/airflow/dags/db_and_model_update_dag.py
[2026-04-01T06:10:05.837+0000] {logging_mixin.py:190} INFO - [2026-04-01T06:10:05.837+0000] {dag.py:3239} INFO - Sync 1 DAGs
[2026-04-01T06:10:05.858+0000] {logging_mixin.py:190} INFO - [2026-04-01T06:10:05.858+0000] {dag.py:4180} INFO - Setting next_dagrun for db_and_model_update to 2026-03-30 14:00:00+00:00, run_after=2026-04-06 14:00:00+00:00
[2026-04-01T06:10:05.879+0000] {processor.py:208} INFO - Processing /opt/airflow/dags/db_and_model_update_dag.py took 0.148 seconds
[2026-04-01T06:10:36.095+0000] {processor.py:186} INFO - Started process (PID=11367) to work on /opt/airflow/dags/db_and_model_update_dag.py
[2026-04-01T06:10:36.097+0000] {processor.py:914} INFO - Processing file /opt/airflow/dags/db_and_model_update_dag.py for tasks to queue
[2026-04-01T06:10:36.099+0000] {logging_mixin.py:190} INFO - [2026-04-01T06:10:36.098+0000] {dagbag.py:588} INFO - Filling up the DagBag from /opt/airflow/dags/db_and_model_update_dag.py
[2026-04-01T06:10:36.124+0000] {processor.py:925} INFO - DAG(s) 'db_and_model_update' retrieved from /opt/airflow/dags/db_and_model_update_dag.py
[2026-04-01T06:10:36.157+0000] {logging_mixin.py:190} INFO - [2026-04-01T06:10:36.156+0000] {dag.py:3239} INFO - Sync 1 DAGs
[2026-04-01T06:10:36.179+0000] {logging_mixin.py:190} INFO - [2026-04-01T06:10:36.179+0000] {dag.py:4180} INFO - Setting next_dagrun for db_and_model_update to 2026-03-30 14:00:00+00:00, run_after=2026-04-06 14:00:00+00:00
[2026-04-01T06:10:36.199+0000] {processor.py:208} INFO - Processing /opt/airflow/dags/db_and_model_update_dag.py took 0.111 seconds
[2026-04-01T06:11:06.523+0000] {processor.py:186} INFO - Started process (PID=11377) to work on /opt/airflow/dags/db_and_model_update_dag.py
[2026-04-01T06:11:06.525+0000] {processor.py:914} INFO - Processing file /opt/airflow/dags/db_and_model_update_dag.py for tasks to queue
[2026-04-01T06:11:06.528+0000] {logging_mixin.py:190} INFO - [2026-04-01T06:11:06.528+0000] {dagbag.py:588} INFO - Filling up the DagBag from /opt/airflow/dags/db_and_model_update_dag.py
[2026-04-01T06:11:06.553+0000] {processor.py:925} INFO - DAG(s) 'db_and_model_update' retrieved from /opt/airflow/dags/db_and_model_update_dag.py
[2026-04-01T06:11:06.587+0000] {logging_mixin.py:190} INFO - [2026-04-01T06:11:06.586+0000] {dag.py:3239} INFO - Sync 1 DAGs
[2026-04-01T06:11:06.610+0000] {logging_mixin.py:190} INFO - [2026-04-01T06:11:06.609+0000] {dag.py:4180} INFO - Setting next_dagrun for db_and_model_update to 2026-03-30 14:00:00+00:00, run_after=2026-04-06 14:00:00+00:00
[2026-04-01T06:11:06.631+0000] {processor.py:208} INFO - Processing /opt/airflow/dags/db_and_model_update_dag.py took 0.117 seconds
[2026-04-01T06:11:36.800+0000] {processor.py:186} INFO - Started process (PID=11387) to work on /opt/airflow/dags/db_and_model_update_dag.py
[2026-04-01T06:11:36.801+0000] {processor.py:914} INFO - Processing file /opt/airflow/dags/db_and_model_update_dag.py for tasks to queue
[2026-04-01T06:11:36.803+0000] {logging_mixin.py:190} INFO - [2026-04-01T06:11:36.803+0000] {dagbag.py:588} INFO - Filling up the DagBag from /opt/airflow/dags/db_and_model_update_dag.py
[2026-04-01T06:11:36.823+0000] {processor.py:925} INFO - DAG(s) 'db_and_model_update' retrieved from /opt/airflow/dags/db_and_model_update_dag.py
[2026-04-01T06:11:36.851+0000] {logging_mixin.py:190} INFO - [2026-04-01T06:11:36.851+0000] {dag.py:3239} INFO - Sync 1 DAGs
[2026-04-01T06:11:36.876+0000] {logging_mixin.py:190} INFO - [2026-04-01T06:11:36.876+0000] {dag.py:4180} INFO - Setting next_dagrun for db_and_model_update to 2026-03-30 14:00:00+00:00, run_after=2026-04-06 14:00:00+00:00
[2026-04-01T06:11:36.901+0000] {processor.py:208} INFO - Processing /opt/airflow/dags/db_and_model_update_dag.py took 0.106 seconds
[2026-04-01T06:12:07.244+0000] {processor.py:186} INFO - Started process (PID=11397) to work on /opt/airflow/dags/db_and_model_update_dag.py
[2026-04-01T06:12:07.245+0000] {processor.py:914} INFO - Processing file /opt/airflow/dags/db_and_model_update_dag.py for tasks to queue
[2026-04-01T06:12:07.248+0000] {logging_mixin.py:190} INFO - [2026-04-01T06:12:07.248+0000] {dagbag.py:588} INFO - Filling up the DagBag from /opt/airflow/dags/db_and_model_update_dag.py
[2026-04-01T06:12:07.267+0000] {processor.py:925} INFO - DAG(s) 'db_and_model_update' retrieved from /opt/airflow/dags/db_and_model_update_dag.py
[2026-04-01T06:12:07.327+0000] {logging_mixin.py:190} INFO - [2026-04-01T06:12:07.326+0000] {dag.py:3239} INFO - Sync 1 DAGs
[2026-04-01T06:12:07.350+0000] {logging_mixin.py:190} INFO - [2026-04-01T06:12:07.350+0000] {dag.py:4180} INFO - Setting next_dagrun for db_and_model_update to 2026-03-30 14:00:00+00:00, run_after=2026-04-06 14:00:00+00:00
[2026-04-01T06:12:07.367+0000] {processor.py:208} INFO - Processing /opt/airflow/dags/db_and_model_update_dag.py took 0.130 seconds
[2026-04-01T06:12:37.542+0000] {processor.py:186} INFO - Started process (PID=11407) to work on /opt/airflow/dags/db_and_model_update_dag.py
[2026-04-01T06:12:37.543+0000] {processor.py:914} INFO - Processing file /opt/airflow/dags/db_and_model_update_dag.py for tasks to queue
[2026-04-01T06:12:37.545+0000] {logging_mixin.py:190} INFO - [2026-04-01T06:12:37.545+0000] {dagbag.py:588} INFO - Filling up the DagBag from /opt/airflow/dags/db_and_model_update_dag.py
[2026-04-01T06:12:37.569+0000] {processor.py:925} INFO - DAG(s) 'db_and_model_update' retrieved from /opt/airflow/dags/db_and_model_update_dag.py
[2026-04-01T06:12:37.599+0000] {logging_mixin.py:190} INFO - [2026-04-01T06:12:37.599+0000] {dag.py:3239} INFO - Sync 1 DAGs
[2026-04-01T06:12:37.622+0000] {logging_mixin.py:190} INFO - [2026-04-01T06:12:37.622+0000] {dag.py:4180} INFO - Setting next_dagrun for db_and_model_update to 2026-03-30 14:00:00+00:00, run_after=2026-04-06 14:00:00+00:00
[2026-04-01T06:12:37.641+0000] {processor.py:208} INFO - Processing /opt/airflow/dags/db_and_model_update_dag.py took 0.107 seconds
[2026-04-01T06:13:07.922+0000] {processor.py:186} INFO - Started process (PID=11417) to work on /opt/airflow/dags/db_and_model_update_dag.py
[2026-04-01T06:13:07.923+0000] {processor.py:914} INFO - Processing file /opt/airflow/dags/db_and_model_update_dag.py for tasks to queue
[2026-04-01T06:13:07.926+0000] {logging_mixin.py:190} INFO - [2026-04-01T06:13:07.926+0000] {dagbag.py:588} INFO - Filling up the DagBag from /opt/airflow/dags/db_and_model_update_dag.py
[2026-04-01T06:13:07.944+0000] {processor.py:925} INFO - DAG(s) 'db_and_model_update' retrieved from /opt/airflow/dags/db_and_model_update_dag.py
[2026-04-01T06:13:07.972+0000] {logging_mixin.py:190} INFO - [2026-04-01T06:13:07.972+0000] {dag.py:3239} INFO - Sync 1 DAGs
[2026-04-01T06:13:07.993+0000] {logging_mixin.py:190} INFO - [2026-04-01T06:13:07.993+0000] {dag.py:4180} INFO - Setting next_dagrun for db_and_model_update to 2026-03-30 14:00:00+00:00, run_after=2026-04-06 14:00:00+00:00
[2026-04-01T06:13:08.018+0000] {processor.py:208} INFO - Processing /opt/airflow/dags/db_and_model_update_dag.py took 0.103 seconds
[2026-04-01T06:13:38.184+0000] {processor.py:186} INFO - Started process (PID=11427) to work on /opt/airflow/dags/db_and_model_update_dag.py
[2026-04-01T06:13:38.185+0000] {processor.py:914} INFO - Processing file /opt/airflow/dags/db_and_model_update_dag.py for tasks to queue
[2026-04-01T06:13:38.187+0000] {logging_mixin.py:190} INFO - [2026-04-01T06:13:38.187+0000] {dagbag.py:588} INFO - Filling up the DagBag from /opt/airflow/dags/db_and_model_update_dag.py
[2026-04-01T06:13:38.205+0000] {processor.py:925} INFO - DAG(s) 'db_and_model_update' retrieved from /opt/airflow/dags/db_and_model_update_dag.py
[2026-04-01T06:13:38.232+0000] {logging_mixin.py:190} INFO - [2026-04-01T06:13:38.232+0000] {dag.py:3239} INFO - Sync 1 DAGs
[2026-04-01T06:13:38.252+0000] {logging_mixin.py:190} INFO - [2026-04-01T06:13:38.252+0000] {dag.py:4180} INFO - Setting next_dagrun for db_and_model_update to 2026-03-30 14:00:00+00:00, run_after=2026-04-06 14:00:00+00:00
[2026-04-01T06:13:38.273+0000] {processor.py:208} INFO - Processing /opt/airflow/dags/db_and_model_update_dag.py took 0.097 seconds
[2026-04-01T06:14:08.445+0000] {processor.py:186} INFO - Started process (PID=11437) to work on /opt/airflow/dags/db_and_model_update_dag.py
[2026-04-01T06:14:08.446+0000] {processor.py:914} INFO - Processing file /opt/airflow/dags/db_and_model_update_dag.py for tasks to queue
[2026-04-01T06:14:08.449+0000] {logging_mixin.py:190} INFO - [2026-04-01T06:14:08.449+0000] {dagbag.py:588} INFO - Filling up the DagBag from /opt/airflow/dags/db_and_model_update_dag.py
[2026-04-01T06:14:08.478+0000] {processor.py:925} INFO - DAG(s) 'db_and_model_update' retrieved from /opt/airflow/dags/db_and_model_update_dag.py
[2026-04-01T06:14:08.510+0000] {logging_mixin.py:190} INFO - [2026-04-01T06:14:08.510+0000] {dag.py:3239} INFO - Sync 1 DAGs
[2026-04-01T06:14:08.532+0000] {logging_mixin.py:190} INFO - [2026-04-01T06:14:08.532+0000] {dag.py:4180} INFO - Setting next_dagrun for db_and_model_update to 2026-03-30 14:00:00+00:00, run_after=2026-04-06 14:00:00+00:00
[2026-04-01T06:14:08.556+0000] {processor.py:208} INFO - Processing /opt/airflow/dags/db_and_model_update_dag.py took 0.118 seconds
[2026-04-01T06:14:38.722+0000] {processor.py:186} INFO - Started process (PID=11447) to work on /opt/airflow/dags/db_and_model_update_dag.py
[2026-04-01T06:14:38.723+0000] {processor.py:914} INFO - Processing file /opt/airflow/dags/db_and_model_update_dag.py for tasks to queue
[2026-04-01T06:14:38.725+0000] {logging_mixin.py:190} INFO - [2026-04-01T06:14:38.725+0000] {dagbag.py:588} INFO - Filling up the DagBag from /opt/airflow/dags/db_and_model_update_dag.py
[2026-04-01T06:14:38.742+0000] {processor.py:925} INFO - DAG(s) 'db_and_model_update' retrieved from /opt/airflow/dags/db_and_model_update_dag.py
[2026-04-01T06:14:38.771+0000] {logging_mixin.py:190} INFO - [2026-04-01T06:14:38.770+0000] {dag.py:3239} INFO - Sync 1 DAGs
[2026-04-01T06:14:38.790+0000] {logging_mixin.py:190} INFO - [2026-04-01T06:14:38.790+0000] {dag.py:4180} INFO - Setting next_dagrun for db_and_model_update to 2026-03-30 14:00:00+00:00, run_after=2026-04-06 14:00:00+00:00
[2026-04-01T06:14:38.808+0000] {processor.py:208} INFO - Processing /opt/airflow/dags/db_and_model_update_dag.py took 0.094 seconds
[2026-04-01T06:15:09.092+0000] {processor.py:186} INFO - Started process (PID=11457) to work on /opt/airflow/dags/db_and_model_update_dag.py
[2026-04-01T06:15:09.094+0000] {processor.py:914} INFO - Processing file /opt/airflow/dags/db_and_model_update_dag.py for tasks to queue
[2026-04-01T06:15:09.097+0000] {logging_mixin.py:190} INFO - [2026-04-01T06:15:09.097+0000] {dagbag.py:588} INFO - Filling up the DagBag from /opt/airflow/dags/db_and_model_update_dag.py
[2026-04-01T06:15:09.125+0000] {processor.py:925} INFO - DAG(s) 'db_and_model_update' retrieved from /opt/airflow/dags/db_and_model_update_dag.py
[2026-04-01T06:15:09.165+0000] {logging_mixin.py:190} INFO - [2026-04-01T06:15:09.164+0000] {dag.py:3239} INFO - Sync 1 DAGs
[2026-04-01T06:15:09.191+0000] {logging_mixin.py:190} INFO - [2026-04-01T06:15:09.191+0000] {dag.py:4180} INFO - Setting next_dagrun for db_and_model_update to 2026-03-30 14:00:00+00:00, run_after=2026-04-06 14:00:00+00:00
[2026-04-01T06:15:09.215+0000] {processor.py:208} INFO - Processing /opt/airflow/dags/db_and_model_update_dag.py took 0.130 seconds
[2026-04-01T06:15:39.502+0000] {processor.py:186} INFO - Started process (PID=11467) to work on /opt/airflow/dags/db_and_model_update_dag.py
[2026-04-01T06:15:39.505+0000] {processor.py:914} INFO - Processing file /opt/airflow/dags/db_and_model_update_dag.py for tasks to queue
[2026-04-01T06:15:39.509+0000] {logging_mixin.py:190} INFO - [2026-04-01T06:15:39.508+0000] {dagbag.py:588} INFO - Filling up the DagBag from /opt/airflow/dags/db_and_model_update_dag.py
[2026-04-01T06:15:39.529+0000] {processor.py:925} INFO - DAG(s) 'db_and_model_update' retrieved from /opt/airflow/dags/db_and_model_update_dag.py
[2026-04-01T06:15:39.562+0000] {logging_mixin.py:190} INFO - [2026-04-01T06:15:39.562+0000] {dag.py:3239} INFO - Sync 1 DAGs
[2026-04-01T06:15:39.588+0000] {logging_mixin.py:190} INFO - [2026-04-01T06:15:39.588+0000] {dag.py:4180} INFO - Setting next_dagrun for db_and_model_update to 2026-03-30 14:00:00+00:00, run_after=2026-04-06 14:00:00+00:00
[2026-04-01T06:15:39.608+0000] {processor.py:208} INFO - Processing /opt/airflow/dags/db_and_model_update_dag.py took 0.118 seconds
[2026-04-01T06:16:09.754+0000] {processor.py:186} INFO - Started process (PID=11477) to work on /opt/airflow/dags/db_and_model_update_dag.py
[2026-04-01T06:16:09.755+0000] {processor.py:914} INFO - Processing file /opt/airflow/dags/db_and_model_update_dag.py for tasks to queue
[2026-04-01T06:16:09.757+0000] {logging_mixin.py:190} INFO - [2026-04-01T06:16:09.757+0000] {dagbag.py:588} INFO - Filling up the DagBag from /opt/airflow/dags/db_and_model_update_dag.py
[2026-04-01T06:16:09.775+0000] {processor.py:925} INFO - DAG(s) 'db_and_model_update' retrieved from /opt/airflow/dags/db_and_model_update_dag.py
[2026-04-01T06:16:09.802+0000] {logging_mixin.py:190} INFO - [2026-04-01T06:16:09.801+0000] {dag.py:3239} INFO - Sync 1 DAGs
[2026-04-01T06:16:09.824+0000] {logging_mixin.py:190} INFO - [2026-04-01T06:16:09.824+0000] {dag.py:4180} INFO - Setting next_dagrun for db_and_model_update to 2026-03-30 14:00:00+00:00, run_after=2026-04-06 14:00:00+00:00
[2026-04-01T06:16:09.845+0000] {processor.py:208} INFO - Processing /opt/airflow/dags/db_and_model_update_dag.py took 0.098 seconds
[2026-04-01T06:16:40.129+0000] {processor.py:186} INFO - Started process (PID=11487) to work on /opt/airflow/dags/db_and_model_update_dag.py
[2026-04-01T06:16:40.131+0000] {processor.py:914} INFO - Processing file /opt/airflow/dags/db_and_model_update_dag.py for tasks to queue
[2026-04-01T06:16:40.134+0000] {logging_mixin.py:190} INFO - [2026-04-01T06:16:40.133+0000] {dagbag.py:588} INFO - Filling up the DagBag from /opt/airflow/dags/db_and_model_update_dag.py
[2026-04-01T06:16:40.170+0000] {processor.py:925} INFO - DAG(s) 'db_and_model_update' retrieved from /opt/airflow/dags/db_and_model_update_dag.py
[2026-04-01T06:16:40.216+0000] {logging_mixin.py:190} INFO - [2026-04-01T06:16:40.215+0000] {dag.py:3239} INFO - Sync 1 DAGs
[2026-04-01T06:16:40.242+0000] {logging_mixin.py:190} INFO - [2026-04-01T06:16:40.241+0000] {dag.py:4180} INFO - Setting next_dagrun for db_and_model_update to 2026-03-30 14:00:00+00:00, run_after=2026-04-06 14:00:00+00:00
[2026-04-01T06:16:40.268+0000] {processor.py:208} INFO - Processing /opt/airflow/dags/db_and_model_update_dag.py took 0.147 seconds
[2026-04-01T06:17:10.567+0000] {processor.py:186} INFO - Started process (PID=11497) to work on /opt/airflow/dags/db_and_model_update_dag.py
[2026-04-01T06:17:10.569+0000] {processor.py:914} INFO - Processing file /opt/airflow/dags/db_and_model_update_dag.py for tasks to queue
[2026-04-01T06:17:10.571+0000] {logging_mixin.py:190} INFO - [2026-04-01T06:17:10.570+0000] {dagbag.py:588} INFO - Filling up the DagBag from /opt/airflow/dags/db_and_model_update_dag.py
[2026-04-01T06:17:10.594+0000] {processor.py:925} INFO - DAG(s) 'db_and_model_update' retrieved from /opt/airflow/dags/db_and_model_update_dag.py
[2026-04-01T06:17:10.625+0000] {logging_mixin.py:190} INFO - [2026-04-01T06:17:10.625+0000] {dag.py:3239} INFO - Sync 1 DAGs
[2026-04-01T06:17:10.647+0000] {logging_mixin.py:190} INFO - [2026-04-01T06:17:10.647+0000] {dag.py:4180} INFO - Setting next_dagrun for db_and_model_update to 2026-03-30 14:00:00+00:00, run_after=2026-04-06 14:00:00+00:00
[2026-04-01T06:17:10.667+0000] {processor.py:208} INFO - Processing /opt/airflow/dags/db_and_model_update_dag.py took 0.109 seconds
[2026-04-01T06:17:40.965+0000] {processor.py:186} INFO - Started process (PID=11507) to work on /opt/airflow/dags/db_and_model_update_dag.py
[2026-04-01T06:17:40.966+0000] {processor.py:914} INFO - Processing file /opt/airflow/dags/db_and_model_update_dag.py for tasks to queue
[2026-04-01T06:17:40.969+0000] {logging_mixin.py:190} INFO - [2026-04-01T06:17:40.968+0000] {dagbag.py:588} INFO - Filling up the DagBag from /opt/airflow/dags/db_and_model_update_dag.py
[2026-04-01T06:17:40.989+0000] {processor.py:925} INFO - DAG(s) 'db_and_model_update' retrieved from /opt/airflow/dags/db_and_model_update_dag.py
[2026-04-01T06:17:41.021+0000] {logging_mixin.py:190} INFO - [2026-04-01T06:17:41.021+0000] {dag.py:3239} INFO - Sync 1 DAGs
[2026-04-01T06:17:41.045+0000] {logging_mixin.py:190} INFO - [2026-04-01T06:17:41.045+0000] {dag.py:4180} INFO - Setting next_dagrun for db_and_model_update to 2026-03-30 14:00:00+00:00, run_after=2026-04-06 14:00:00+00:00
[2026-04-01T06:17:41.067+0000] {processor.py:208} INFO - Processing /opt/airflow/dags/db_and_model_update_dag.py took 0.108 seconds
[2026-04-01T06:18:11.289+0000] {processor.py:186} INFO - Started process (PID=11517) to work on /opt/airflow/dags/db_and_model_update_dag.py
[2026-04-01T06:18:11.291+0000] {processor.py:914} INFO - Processing file /opt/airflow/dags/db_and_model_update_dag.py for tasks to queue
[2026-04-01T06:18:11.293+0000] {logging_mixin.py:190} INFO - [2026-04-01T06:18:11.293+0000] {dagbag.py:588} INFO - Filling up the DagBag from /opt/airflow/dags/db_and_model_update_dag.py
[2026-04-01T06:18:11.315+0000] {processor.py:925} INFO - DAG(s) 'db_and_model_update' retrieved from /opt/airflow/dags/db_and_model_update_dag.py
[2026-04-01T06:18:11.347+0000] {logging_mixin.py:190} INFO - [2026-04-01T06:18:11.346+0000] {dag.py:3239} INFO - Sync 1 DAGs
[2026-04-01T06:18:11.370+0000] {logging_mixin.py:190} INFO - [2026-04-01T06:18:11.370+0000] {dag.py:4180} INFO - Setting next_dagrun for db_and_model_update to 2026-03-30 14:00:00+00:00, run_after=2026-04-06 14:00:00+00:00
[2026-04-01T06:18:11.389+0000] {processor.py:208} INFO - Processing /opt/airflow/dags/db_and_model_update_dag.py took 0.107 seconds
[2026-04-01T06:18:41.543+0000] {processor.py:186} INFO - Started process (PID=11527) to work on /opt/airflow/dags/db_and_model_update_dag.py
[2026-04-01T06:18:41.544+0000] {processor.py:914} INFO - Processing file /opt/airflow/dags/db_and_model_update_dag.py for tasks to queue
[2026-04-01T06:18:41.547+0000] {logging_mixin.py:190} INFO - [2026-04-01T06:18:41.546+0000] {dagbag.py:588} INFO - Filling up the DagBag from /opt/airflow/dags/db_and_model_update_dag.py
[2026-04-01T06:18:41.566+0000] {processor.py:925} INFO - DAG(s) 'db_and_model_update' retrieved from /opt/airflow/dags/db_and_model_update_dag.py
[2026-04-01T06:18:41.596+0000] {logging_mixin.py:190} INFO - [2026-04-01T06:18:41.596+0000] {dag.py:3239} INFO - Sync 1 DAGs
[2026-04-01T06:18:41.624+0000] {logging_mixin.py:190} INFO - [2026-04-01T06:18:41.624+0000] {dag.py:4180} INFO - Setting next_dagrun for db_and_model_update to 2026-03-30 14:00:00+00:00, run_after=2026-04-06 14:00:00+00:00
[2026-04-01T06:18:41.651+0000] {processor.py:208} INFO - Processing /opt/airflow/dags/db_and_model_update_dag.py took 0.116 seconds
[2026-04-01T06:19:11.912+0000] {processor.py:186} INFO - Started process (PID=11537) to work on /opt/airflow/dags/db_and_model_update_dag.py
[2026-04-01T06:19:11.914+0000] {processor.py:914} INFO - Processing file /opt/airflow/dags/db_and_model_update_dag.py for tasks to queue
[2026-04-01T06:19:11.917+0000] {logging_mixin.py:190} INFO - [2026-04-01T06:19:11.917+0000] {dagbag.py:588} INFO - Filling up the DagBag from /opt/airflow/dags/db_and_model_update_dag.py
[2026-04-01T06:19:11.937+0000] {processor.py:925} INFO - DAG(s) 'db_and_model_update' retrieved from /opt/airflow/dags/db_and_model_update_dag.py
[2026-04-01T06:19:11.968+0000] {logging_mixin.py:190} INFO - [2026-04-01T06:19:11.968+0000] {dag.py:3239} INFO - Sync 1 DAGs
[2026-04-01T06:19:11.993+0000] {logging_mixin.py:190} INFO - [2026-04-01T06:19:11.992+0000] {dag.py:4180} INFO - Setting next_dagrun for db_and_model_update to 2026-03-30 14:00:00+00:00, run_after=2026-04-06 14:00:00+00:00
[2026-04-01T06:19:12.014+0000] {processor.py:208} INFO - Processing /opt/airflow/dags/db_and_model_update_dag.py took 0.109 seconds
[2026-04-01T06:19:42.291+0000] {processor.py:186} INFO - Started process (PID=11547) to work on /opt/airflow/dags/db_and_model_update_dag.py
[2026-04-01T06:19:42.292+0000] {processor.py:914} INFO - Processing file /opt/airflow/dags/db_and_model_update_dag.py for tasks to queue
[2026-04-01T06:19:42.295+0000] {logging_mixin.py:190} INFO - [2026-04-01T06:19:42.295+0000] {dagbag.py:588} INFO - Filling up the DagBag from /opt/airflow/dags/db_and_model_update_dag.py
[2026-04-01T06:19:42.316+0000] {processor.py:925} INFO - DAG(s) 'db_and_model_update' retrieved from /opt/airflow/dags/db_and_model_update_dag.py
[2026-04-01T06:19:42.347+0000] {logging_mixin.py:190} INFO - [2026-04-01T06:19:42.347+0000] {dag.py:3239} INFO - Sync 1 DAGs
[2026-04-01T06:19:42.371+0000] {logging_mixin.py:190} INFO - [2026-04-01T06:19:42.370+0000] {dag.py:4180} INFO - Setting next_dagrun for db_and_model_update to 2026-03-30 14:00:00+00:00, run_after=2026-04-06 14:00:00+00:00
[2026-04-01T06:19:42.393+0000] {processor.py:208} INFO - Processing /opt/airflow/dags/db_and_model_update_dag.py took 0.111 seconds
[2026-04-01T06:20:12.591+0000] {processor.py:186} INFO - Started process (PID=11557) to work on /opt/airflow/dags/db_and_model_update_dag.py
[2026-04-01T06:20:12.593+0000] {processor.py:914} INFO - Processing file /opt/airflow/dags/db_and_model_update_dag.py for tasks to queue
[2026-04-01T06:20:12.596+0000] {logging_mixin.py:190} INFO - [2026-04-01T06:20:12.596+0000] {dagbag.py:588} INFO - Filling up the DagBag from /opt/airflow/dags/db_and_model_update_dag.py
[2026-04-01T06:20:12.622+0000] {processor.py:925} INFO - DAG(s) 'db_and_model_update' retrieved from /opt/airflow/dags/db_and_model_update_dag.py
[2026-04-01T06:20:12.677+0000] {logging_mixin.py:190} INFO - [2026-04-01T06:20:12.677+0000] {dag.py:3239} INFO - Sync 1 DAGs
[2026-04-01T06:20:12.703+0000] {logging_mixin.py:190} INFO - [2026-04-01T06:20:12.702+0000] {dag.py:4180} INFO - Setting next_dagrun for db_and_model_update to 2026-03-30 14:00:00+00:00, run_after=2026-04-06 14:00:00+00:00
[2026-04-01T06:20:12.725+0000] {processor.py:208} INFO - Processing /opt/airflow/dags/db_and_model_update_dag.py took 0.143 seconds
[2026-04-01T06:20:42.884+0000] {processor.py:186} INFO - Started process (PID=11567) to work on /opt/airflow/dags/db_and_model_update_dag.py
[2026-04-01T06:20:42.885+0000] {processor.py:914} INFO - Processing file /opt/airflow/dags/db_and_model_update_dag.py for tasks to queue
[2026-04-01T06:20:42.888+0000] {logging_mixin.py:190} INFO - [2026-04-01T06:20:42.888+0000] {dagbag.py:588} INFO - Filling up the DagBag from /opt/airflow/dags/db_and_model_update_dag.py
[2026-04-01T06:20:42.911+0000] {processor.py:925} INFO - DAG(s) 'db_and_model_update' retrieved from /opt/airflow/dags/db_and_model_update_dag.py
[2026-04-01T06:20:42.941+0000] {logging_mixin.py:190} INFO - [2026-04-01T06:20:42.941+0000] {dag.py:3239} INFO - Sync 1 DAGs
[2026-04-01T06:20:42.964+0000] {logging_mixin.py:190} INFO - [2026-04-01T06:20:42.963+0000] {dag.py:4180} INFO - Setting next_dagrun for db_and_model_update to 2026-03-30 14:00:00+00:00, run_after=2026-04-06 14:00:00+00:00
[2026-04-01T06:20:42.984+0000] {processor.py:208} INFO - Processing /opt/airflow/dags/db_and_model_update_dag.py took 0.109 seconds
[2026-04-01T06:21:13.265+0000] {processor.py:186} INFO - Started process (PID=11577) to work on /opt/airflow/dags/db_and_model_update_dag.py
[2026-04-01T06:21:13.266+0000] {processor.py:914} INFO - Processing file /opt/airflow/dags/db_and_model_update_dag.py for tasks to queue
[2026-04-01T06:21:13.270+0000] {logging_mixin.py:190} INFO - [2026-04-01T06:21:13.270+0000] {dagbag.py:588} INFO - Filling up the DagBag from /opt/airflow/dags/db_and_model_update_dag.py
[2026-04-01T06:21:13.295+0000] {processor.py:925} INFO - DAG(s) 'db_and_model_update' retrieved from /opt/airflow/dags/db_and_model_update_dag.py
[2026-04-01T06:21:13.332+0000] {logging_mixin.py:190} INFO - [2026-04-01T06:21:13.331+0000] {dag.py:3239} INFO - Sync 1 DAGs
[2026-04-01T06:21:13.358+0000] {logging_mixin.py:190} INFO - [2026-04-01T06:21:13.358+0000] {dag.py:4180} INFO - Setting next_dagrun for db_and_model_update to 2026-03-30 14:00:00+00:00, run_after=2026-04-06 14:00:00+00:00
[2026-04-01T06:21:13.381+0000] {processor.py:208} INFO - Processing /opt/airflow/dags/db_and_model_update_dag.py took 0.124 seconds
[2026-04-01T06:21:43.476+0000] {processor.py:186} INFO - Started process (PID=11587) to work on /opt/airflow/dags/db_and_model_update_dag.py
[2026-04-01T06:21:43.478+0000] {processor.py:914} INFO - Processing file /opt/airflow/dags/db_and_model_update_dag.py for tasks to queue
[2026-04-01T06:21:43.480+0000] {logging_mixin.py:190} INFO - [2026-04-01T06:21:43.480+0000] {dagbag.py:588} INFO - Filling up the DagBag from /opt/airflow/dags/db_and_model_update_dag.py
[2026-04-01T06:21:43.503+0000] {processor.py:925} INFO - DAG(s) 'db_and_model_update' retrieved from /opt/airflow/dags/db_and_model_update_dag.py
[2026-04-01T06:21:43.533+0000] {logging_mixin.py:190} INFO - [2026-04-01T06:21:43.533+0000] {dag.py:3239} INFO - Sync 1 DAGs
[2026-04-01T06:21:43.559+0000] {logging_mixin.py:190} INFO - [2026-04-01T06:21:43.558+0000] {dag.py:4180} INFO - Setting next_dagrun for db_and_model_update to 2026-03-30 14:00:00+00:00, run_after=2026-04-06 14:00:00+00:00
[2026-04-01T06:21:43.579+0000] {processor.py:208} INFO - Processing /opt/airflow/dags/db_and_model_update_dag.py took 0.111 seconds
[2026-04-01T06:22:13.825+0000] {processor.py:186} INFO - Started process (PID=11597) to work on /opt/airflow/dags/db_and_model_update_dag.py
[2026-04-01T06:22:13.826+0000] {processor.py:914} INFO - Processing file /opt/airflow/dags/db_and_model_update_dag.py for tasks to queue
[2026-04-01T06:22:13.829+0000] {logging_mixin.py:190} INFO - [2026-04-01T06:22:13.829+0000] {dagbag.py:588} INFO - Filling up the DagBag from /opt/airflow/dags/db_and_model_update_dag.py
[2026-04-01T06:22:13.851+0000] {processor.py:925} INFO - DAG(s) 'db_and_model_update' retrieved from /opt/airflow/dags/db_and_model_update_dag.py
[2026-04-01T06:22:13.884+0000] {logging_mixin.py:190} INFO - [2026-04-01T06:22:13.884+0000] {dag.py:3239} INFO - Sync 1 DAGs
[2026-04-01T06:22:13.907+0000] {logging_mixin.py:190} INFO - [2026-04-01T06:22:13.907+0000] {dag.py:4180} INFO - Setting next_dagrun for db_and_model_update to 2026-03-30 14:00:00+00:00, run_after=2026-04-06 14:00:00+00:00
[2026-04-01T06:22:13.933+0000] {processor.py:208} INFO - Processing /opt/airflow/dags/db_and_model_update_dag.py took 0.114 seconds
[2026-04-01T06:22:44.035+0000] {processor.py:186} INFO - Started process (PID=11607) to work on /opt/airflow/dags/db_and_model_update_dag.py
[2026-04-01T06:22:44.036+0000] {processor.py:914} INFO - Processing file /opt/airflow/dags/db_and_model_update_dag.py for tasks to queue
[2026-04-01T06:22:44.039+0000] {logging_mixin.py:190} INFO - [2026-04-01T06:22:44.038+0000] {dagbag.py:588} INFO - Filling up the DagBag from /opt/airflow/dags/db_and_model_update_dag.py
[2026-04-01T06:22:44.060+0000] {processor.py:925} INFO - DAG(s) 'db_and_model_update' retrieved from /opt/airflow/dags/db_and_model_update_dag.py
[2026-04-01T06:22:44.093+0000] {logging_mixin.py:190} INFO - [2026-04-01T06:22:44.093+0000] {dag.py:3239} INFO - Sync 1 DAGs
[2026-04-01T06:22:44.121+0000] {logging_mixin.py:190} INFO - [2026-04-01T06:22:44.121+0000] {dag.py:4180} INFO - Setting next_dagrun for db_and_model_update to 2026-03-30 14:00:00+00:00, run_after=2026-04-06 14:00:00+00:00
[2026-04-01T06:22:44.144+0000] {processor.py:208} INFO - Processing /opt/airflow/dags/db_and_model_update_dag.py took 0.117 seconds
[2026-04-01T06:23:14.470+0000] {processor.py:186} INFO - Started process (PID=11617) to work on /opt/airflow/dags/db_and_model_update_dag.py
[2026-04-01T06:23:14.472+0000] {processor.py:914} INFO - Processing file /opt/airflow/dags/db_and_model_update_dag.py for tasks to queue
[2026-04-01T06:23:14.483+0000] {logging_mixin.py:190} INFO - [2026-04-01T06:23:14.482+0000] {dagbag.py:588} INFO - Filling up the DagBag from /opt/airflow/dags/db_and_model_update_dag.py
[2026-04-01T06:23:14.510+0000] {processor.py:925} INFO - DAG(s) 'db_and_model_update' retrieved from /opt/airflow/dags/db_and_model_update_dag.py
[2026-04-01T06:23:14.553+0000] {logging_mixin.py:190} INFO - [2026-04-01T06:23:14.553+0000] {dag.py:3239} INFO - Sync 1 DAGs
[2026-04-01T06:23:14.579+0000] {logging_mixin.py:190} INFO - [2026-04-01T06:23:14.579+0000] {dag.py:4180} INFO - Setting next_dagrun for db_and_model_update to 2026-03-30 14:00:00+00:00, run_after=2026-04-06 14:00:00+00:00
[2026-04-01T06:23:14.602+0000] {processor.py:208} INFO - Processing /opt/airflow/dags/db_and_model_update_dag.py took 0.144 seconds
[2026-04-01T06:23:44.908+0000] {processor.py:186} INFO - Started process (PID=11627) to work on /opt/airflow/dags/db_and_model_update_dag.py
[2026-04-01T06:23:44.909+0000] {processor.py:914} INFO - Processing file /opt/airflow/dags/db_and_model_update_dag.py for tasks to queue
[2026-04-01T06:23:44.916+0000] {logging_mixin.py:190} INFO - [2026-04-01T06:23:44.916+0000] {dagbag.py:588} INFO - Filling up the DagBag from /opt/airflow/dags/db_and_model_update_dag.py
[2026-04-01T06:23:44.938+0000] {processor.py:925} INFO - DAG(s) 'db_and_model_update' retrieved from /opt/airflow/dags/db_and_model_update_dag.py
[2026-04-01T06:23:44.982+0000] {logging_mixin.py:190} INFO - [2026-04-01T06:23:44.981+0000] {dag.py:3239} INFO - Sync 1 DAGs
[2026-04-01T06:23:45.020+0000] {logging_mixin.py:190} INFO - [2026-04-01T06:23:45.019+0000] {dag.py:4180} INFO - Setting next_dagrun for db_and_model_update to 2026-03-30 14:00:00+00:00, run_after=2026-04-06 14:00:00+00:00
[2026-04-01T06:23:45.087+0000] {processor.py:208} INFO - Processing /opt/airflow/dags/db_and_model_update_dag.py took 0.188 seconds
[2026-04-01T06:24:15.289+0000] {processor.py:186} INFO - Started process (PID=11637) to work on /opt/airflow/dags/db_and_model_update_dag.py
[2026-04-01T06:24:15.291+0000] {processor.py:914} INFO - Processing file /opt/airflow/dags/db_and_model_update_dag.py for tasks to queue
[2026-04-01T06:24:15.293+0000] {logging_mixin.py:190} INFO - [2026-04-01T06:24:15.293+0000] {dagbag.py:588} INFO - Filling up the DagBag from /opt/airflow/dags/db_and_model_update_dag.py
[2026-04-01T06:24:15.315+0000] {processor.py:925} INFO - DAG(s) 'db_and_model_update' retrieved from /opt/airflow/dags/db_and_model_update_dag.py
[2026-04-01T06:24:15.346+0000] {logging_mixin.py:190} INFO - [2026-04-01T06:24:15.345+0000] {dag.py:3239} INFO - Sync 1 DAGs
[2026-04-01T06:24:15.370+0000] {logging_mixin.py:190} INFO - [2026-04-01T06:24:15.369+0000] {dag.py:4180} INFO - Setting next_dagrun for db_and_model_update to 2026-03-30 14:00:00+00:00, run_after=2026-04-06 14:00:00+00:00
[2026-04-01T06:24:15.391+0000] {processor.py:208} INFO - Processing /opt/airflow/dags/db_and_model_update_dag.py took 0.110 seconds
[2026-04-01T06:24:45.549+0000] {processor.py:186} INFO - Started process (PID=11647) to work on /opt/airflow/dags/db_and_model_update_dag.py
[2026-04-01T06:24:45.550+0000] {processor.py:914} INFO - Processing file /opt/airflow/dags/db_and_model_update_dag.py for tasks to queue
[2026-04-01T06:24:45.553+0000] {logging_mixin.py:190} INFO - [2026-04-01T06:24:45.553+0000] {dagbag.py:588} INFO - Filling up the DagBag from /opt/airflow/dags/db_and_model_update_dag.py
[2026-04-01T06:24:45.576+0000] {processor.py:925} INFO - DAG(s) 'db_and_model_update' retrieved from /opt/airflow/dags/db_and_model_update_dag.py
[2026-04-01T06:24:45.611+0000] {logging_mixin.py:190} INFO - [2026-04-01T06:24:45.611+0000] {dag.py:3239} INFO - Sync 1 DAGs
[2026-04-01T06:24:45.637+0000] {logging_mixin.py:190} INFO - [2026-04-01T06:24:45.637+0000] {dag.py:4180} INFO - Setting next_dagrun for db_and_model_update to 2026-03-30 14:00:00+00:00, run_after=2026-04-06 14:00:00+00:00
[2026-04-01T06:24:45.663+0000] {processor.py:208} INFO - Processing /opt/airflow/dags/db_and_model_update_dag.py took 0.123 seconds
[2026-04-01T06:25:15.980+0000] {processor.py:186} INFO - Started process (PID=11657) to work on /opt/airflow/dags/db_and_model_update_dag.py
[2026-04-01T06:25:15.981+0000] {processor.py:914} INFO - Processing file /opt/airflow/dags/db_and_model_update_dag.py for tasks to queue
[2026-04-01T06:25:15.984+0000] {logging_mixin.py:190} INFO - [2026-04-01T06:25:15.984+0000] {dagbag.py:588} INFO - Filling up the DagBag from /opt/airflow/dags/db_and_model_update_dag.py
[2026-04-01T06:25:16.019+0000] {processor.py:925} INFO - DAG(s) 'db_and_model_update' retrieved from /opt/airflow/dags/db_and_model_update_dag.py
[2026-04-01T06:25:16.057+0000] {logging_mixin.py:190} INFO - [2026-04-01T06:25:16.057+0000] {dag.py:3239} INFO - Sync 1 DAGs
[2026-04-01T06:25:16.079+0000] {logging_mixin.py:190} INFO - [2026-04-01T06:25:16.078+0000] {dag.py:4180} INFO - Setting next_dagrun for db_and_model_update to 2026-03-30 14:00:00+00:00, run_after=2026-04-06 14:00:00+00:00
[2026-04-01T06:25:16.096+0000] {processor.py:208} INFO - Processing /opt/airflow/dags/db_and_model_update_dag.py took 0.126 seconds
[2026-04-01T06:25:46.384+0000] {processor.py:186} INFO - Started process (PID=11667) to work on /opt/airflow/dags/db_and_model_update_dag.py
[2026-04-01T06:25:46.385+0000] {processor.py:914} INFO - Processing file /opt/airflow/dags/db_and_model_update_dag.py for tasks to queue
[2026-04-01T06:25:46.387+0000] {logging_mixin.py:190} INFO - [2026-04-01T06:25:46.387+0000] {dagbag.py:588} INFO - Filling up the DagBag from /opt/airflow/dags/db_and_model_update_dag.py
[2026-04-01T06:25:46.429+0000] {processor.py:925} INFO - DAG(s) 'db_and_model_update' retrieved from /opt/airflow/dags/db_and_model_update_dag.py
[2026-04-01T06:25:46.453+0000] {logging_mixin.py:190} INFO - [2026-04-01T06:25:46.453+0000] {dag.py:3239} INFO - Sync 1 DAGs
[2026-04-01T06:25:46.475+0000] {logging_mixin.py:190} INFO - [2026-04-01T06:25:46.475+0000] {dag.py:4180} INFO - Setting next_dagrun for db_and_model_update to 2026-03-30 14:00:00+00:00, run_after=2026-04-06 14:00:00+00:00
[2026-04-01T06:25:46.495+0000] {processor.py:208} INFO - Processing /opt/airflow/dags/db_and_model_update_dag.py took 0.119 seconds
[2026-04-01T06:26:16.592+0000] {processor.py:186} INFO - Started process (PID=11677) to work on /opt/airflow/dags/db_and_model_update_dag.py
[2026-04-01T06:26:16.594+0000] {processor.py:914} INFO - Processing file /opt/airflow/dags/db_and_model_update_dag.py for tasks to queue
[2026-04-01T06:26:16.596+0000] {logging_mixin.py:190} INFO - [2026-04-01T06:26:16.596+0000] {dagbag.py:588} INFO - Filling up the DagBag from /opt/airflow/dags/db_and_model_update_dag.py
[2026-04-01T06:26:16.621+0000] {processor.py:925} INFO - DAG(s) 'db_and_model_update' retrieved from /opt/airflow/dags/db_and_model_update_dag.py
[2026-04-01T06:26:16.652+0000] {logging_mixin.py:190} INFO - [2026-04-01T06:26:16.652+0000] {dag.py:3239} INFO - Sync 1 DAGs
[2026-04-01T06:26:16.675+0000] {logging_mixin.py:190} INFO - [2026-04-01T06:26:16.674+0000] {dag.py:4180} INFO - Setting next_dagrun for db_and_model_update to 2026-03-30 14:00:00+00:00, run_after=2026-04-06 14:00:00+00:00
[2026-04-01T06:26:16.695+0000] {processor.py:208} INFO - Processing /opt/airflow/dags/db_and_model_update_dag.py took 0.113 seconds
[2026-04-01T06:26:46.830+0000] {processor.py:186} INFO - Started process (PID=11687) to work on /opt/airflow/dags/db_and_model_update_dag.py
[2026-04-01T06:26:46.831+0000] {processor.py:914} INFO - Processing file /opt/airflow/dags/db_and_model_update_dag.py for tasks to queue
[2026-04-01T06:26:46.834+0000] {logging_mixin.py:190} INFO - [2026-04-01T06:26:46.834+0000] {dagbag.py:588} INFO - Filling up the DagBag from /opt/airflow/dags/db_and_model_update_dag.py
[2026-04-01T06:26:46.853+0000] {processor.py:925} INFO - DAG(s) 'db_and_model_update' retrieved from /opt/airflow/dags/db_and_model_update_dag.py
[2026-04-01T06:26:46.887+0000] {logging_mixin.py:190} INFO - [2026-04-01T06:26:46.887+0000] {dag.py:3239} INFO - Sync 1 DAGs
[2026-04-01T06:26:46.910+0000] {logging_mixin.py:190} INFO - [2026-04-01T06:26:46.910+0000] {dag.py:4180} INFO - Setting next_dagrun for db_and_model_update to 2026-03-30 14:00:00+00:00, run_after=2026-04-06 14:00:00+00:00
[2026-04-01T06:26:46.931+0000] {processor.py:208} INFO - Processing /opt/airflow/dags/db_and_model_update_dag.py took 0.109 seconds
[2026-04-01T06:27:17.052+0000] {processor.py:186} INFO - Started process (PID=11697) to work on /opt/airflow/dags/db_and_model_update_dag.py
[2026-04-01T06:27:17.053+0000] {processor.py:914} INFO - Processing file /opt/airflow/dags/db_and_model_update_dag.py for tasks to queue
[2026-04-01T06:27:17.056+0000] {logging_mixin.py:190} INFO - [2026-04-01T06:27:17.056+0000] {dagbag.py:588} INFO - Filling up the DagBag from /opt/airflow/dags/db_and_model_update_dag.py
[2026-04-01T06:27:17.077+0000] {processor.py:925} INFO - DAG(s) 'db_and_model_update' retrieved from /opt/airflow/dags/db_and_model_update_dag.py
[2026-04-01T06:27:17.111+0000] {logging_mixin.py:190} INFO - [2026-04-01T06:27:17.111+0000] {dag.py:3239} INFO - Sync 1 DAGs
[2026-04-01T06:27:17.134+0000] {logging_mixin.py:190} INFO - [2026-04-01T06:27:17.133+0000] {dag.py:4180} INFO - Setting next_dagrun for db_and_model_update to 2026-03-30 14:00:00+00:00, run_after=2026-04-06 14:00:00+00:00
[2026-04-01T06:27:17.154+0000] {processor.py:208} INFO - Processing /opt/airflow/dags/db_and_model_update_dag.py took 0.109 seconds
[2026-04-01T06:27:47.321+0000] {processor.py:186} INFO - Started process (PID=11707) to work on /opt/airflow/dags/db_and_model_update_dag.py
[2026-04-01T06:27:47.322+0000] {processor.py:914} INFO - Processing file /opt/airflow/dags/db_and_model_update_dag.py for tasks to queue
[2026-04-01T06:27:47.325+0000] {logging_mixin.py:190} INFO - [2026-04-01T06:27:47.325+0000] {dagbag.py:588} INFO - Filling up the DagBag from /opt/airflow/dags/db_and_model_update_dag.py
[2026-04-01T06:27:47.345+0000] {processor.py:925} INFO - DAG(s) 'db_and_model_update' retrieved from /opt/airflow/dags/db_and_model_update_dag.py
[2026-04-01T06:27:47.378+0000] {logging_mixin.py:190} INFO - [2026-04-01T06:27:47.377+0000] {dag.py:3239} INFO - Sync 1 DAGs
[2026-04-01T06:27:47.402+0000] {logging_mixin.py:190} INFO - [2026-04-01T06:27:47.402+0000] {dag.py:4180} INFO - Setting next_dagrun for db_and_model_update to 2026-03-30 14:00:00+00:00, run_after=2026-04-06 14:00:00+00:00
[2026-04-01T06:27:47.423+0000] {processor.py:208} INFO - Processing /opt/airflow/dags/db_and_model_update_dag.py took 0.111 seconds
[2026-04-01T06:28:17.643+0000] {processor.py:186} INFO - Started process (PID=11717) to work on /opt/airflow/dags/db_and_model_update_dag.py
[2026-04-01T06:28:17.645+0000] {processor.py:914} INFO - Processing file /opt/airflow/dags/db_and_model_update_dag.py for tasks to queue
[2026-04-01T06:28:17.647+0000] {logging_mixin.py:190} INFO - [2026-04-01T06:28:17.647+0000] {dagbag.py:588} INFO - Filling up the DagBag from /opt/airflow/dags/db_and_model_update_dag.py
[2026-04-01T06:28:17.674+0000] {processor.py:925} INFO - DAG(s) 'db_and_model_update' retrieved from /opt/airflow/dags/db_and_model_update_dag.py
[2026-04-01T06:28:17.708+0000] {logging_mixin.py:190} INFO - [2026-04-01T06:28:17.707+0000] {dag.py:3239} INFO - Sync 1 DAGs
[2026-04-01T06:28:17.734+0000] {logging_mixin.py:190} INFO - [2026-04-01T06:28:17.734+0000] {dag.py:4180} INFO - Setting next_dagrun for db_and_model_update to 2026-03-30 14:00:00+00:00, run_after=2026-04-06 14:00:00+00:00
[2026-04-01T06:28:17.756+0000] {processor.py:208} INFO - Processing /opt/airflow/dags/db_and_model_update_dag.py took 0.121 seconds
[2026-04-01T06:28:47.983+0000] {processor.py:186} INFO - Started process (PID=11727) to work on /opt/airflow/dags/db_and_model_update_dag.py
[2026-04-01T06:28:47.984+0000] {processor.py:914} INFO - Processing file /opt/airflow/dags/db_and_model_update_dag.py for tasks to queue
[2026-04-01T06:28:47.987+0000] {logging_mixin.py:190} INFO - [2026-04-01T06:28:47.987+0000] {dagbag.py:588} INFO - Filling up the DagBag from /opt/airflow/dags/db_and_model_update_dag.py
[2026-04-01T06:28:48.007+0000] {processor.py:925} INFO - DAG(s) 'db_and_model_update' retrieved from /opt/airflow/dags/db_and_model_update_dag.py
[2026-04-01T06:28:48.042+0000] {logging_mixin.py:190} INFO - [2026-04-01T06:28:48.042+0000] {dag.py:3239} INFO - Sync 1 DAGs
[2026-04-01T06:28:48.067+0000] {logging_mixin.py:190} INFO - [2026-04-01T06:28:48.066+0000] {dag.py:4180} INFO - Setting next_dagrun for db_and_model_update to 2026-03-30 14:00:00+00:00, run_after=2026-04-06 14:00:00+00:00
[2026-04-01T06:28:48.087+0000] {processor.py:208} INFO - Processing /opt/airflow/dags/db_and_model_update_dag.py took 0.111 seconds
[2026-04-01T06:29:18.259+0000] {processor.py:186} INFO - Started process (PID=11737) to work on /opt/airflow/dags/db_and_model_update_dag.py
[2026-04-01T06:29:18.261+0000] {processor.py:914} INFO - Processing file /opt/airflow/dags/db_and_model_update_dag.py for tasks to queue
[2026-04-01T06:29:18.263+0000] {logging_mixin.py:190} INFO - [2026-04-01T06:29:18.262+0000] {dagbag.py:588} INFO - Filling up the DagBag from /opt/airflow/dags/db_and_model_update_dag.py
[2026-04-01T06:29:18.304+0000] {processor.py:925} INFO - DAG(s) 'db_and_model_update' retrieved from /opt/airflow/dags/db_and_model_update_dag.py
[2026-04-01T06:29:18.341+0000] {logging_mixin.py:190} INFO - [2026-04-01T06:29:18.341+0000] {dag.py:3239} INFO - Sync 1 DAGs
[2026-04-01T06:29:18.378+0000] {logging_mixin.py:190} INFO - [2026-04-01T06:29:18.378+0000] {dag.py:4180} INFO - Setting next_dagrun for db_and_model_update to 2026-03-30 14:00:00+00:00, run_after=2026-04-06 14:00:00+00:00
[2026-04-01T06:29:18.410+0000] {processor.py:208} INFO - Processing /opt/airflow/dags/db_and_model_update_dag.py took 0.159 seconds
[2026-04-01T06:29:48.647+0000] {processor.py:186} INFO - Started process (PID=11747) to work on /opt/airflow/dags/db_and_model_update_dag.py
[2026-04-01T06:29:48.649+0000] {processor.py:914} INFO - Processing file /opt/airflow/dags/db_and_model_update_dag.py for tasks to queue
[2026-04-01T06:29:48.651+0000] {logging_mixin.py:190} INFO - [2026-04-01T06:29:48.651+0000] {dagbag.py:588} INFO - Filling up the DagBag from /opt/airflow/dags/db_and_model_update_dag.py
[2026-04-01T06:29:48.671+0000] {processor.py:925} INFO - DAG(s) 'db_and_model_update' retrieved from /opt/airflow/dags/db_and_model_update_dag.py
[2026-04-01T06:29:48.703+0000] {logging_mixin.py:190} INFO - [2026-04-01T06:29:48.702+0000] {dag.py:3239} INFO - Sync 1 DAGs
[2026-04-01T06:29:48.729+0000] {logging_mixin.py:190} INFO - [2026-04-01T06:29:48.728+0000] {dag.py:4180} INFO - Setting next_dagrun for db_and_model_update to 2026-03-30 14:00:00+00:00, run_after=2026-04-06 14:00:00+00:00
[2026-04-01T06:29:48.749+0000] {processor.py:208} INFO - Processing /opt/airflow/dags/db_and_model_update_dag.py took 0.109 seconds
[2026-04-01T06:30:18.940+0000] {processor.py:186} INFO - Started process (PID=11757) to work on /opt/airflow/dags/db_and_model_update_dag.py
[2026-04-01T06:30:18.941+0000] {processor.py:914} INFO - Processing file /opt/airflow/dags/db_and_model_update_dag.py for tasks to queue
[2026-04-01T06:30:18.944+0000] {logging_mixin.py:190} INFO - [2026-04-01T06:30:18.943+0000] {dagbag.py:588} INFO - Filling up the DagBag from /opt/airflow/dags/db_and_model_update_dag.py
[2026-04-01T06:30:18.962+0000] {processor.py:925} INFO - DAG(s) 'db_and_model_update' retrieved from /opt/airflow/dags/db_and_model_update_dag.py
[2026-04-01T06:30:18.992+0000] {logging_mixin.py:190} INFO - [2026-04-01T06:30:18.992+0000] {dag.py:3239} INFO - Sync 1 DAGs
[2026-04-01T06:30:19.016+0000] {logging_mixin.py:190} INFO - [2026-04-01T06:30:19.016+0000] {dag.py:4180} INFO - Setting next_dagrun for db_and_model_update to 2026-03-30 14:00:00+00:00, run_after=2026-04-06 14:00:00+00:00
[2026-04-01T06:30:19.040+0000] {processor.py:208} INFO - Processing /opt/airflow/dags/db_and_model_update_dag.py took 0.108 seconds
[2026-04-01T06:30:49.131+0000] {processor.py:186} INFO - Started process (PID=11767) to work on /opt/airflow/dags/db_and_model_update_dag.py
[2026-04-01T06:30:49.136+0000] {processor.py:914} INFO - Processing file /opt/airflow/dags/db_and_model_update_dag.py for tasks to queue
[2026-04-01T06:30:49.139+0000] {logging_mixin.py:190} INFO - [2026-04-01T06:30:49.139+0000] {dagbag.py:588} INFO - Filling up the DagBag from /opt/airflow/dags/db_and_model_update_dag.py
[2026-04-01T06:30:49.166+0000] {processor.py:925} INFO - DAG(s) 'db_and_model_update' retrieved from /opt/airflow/dags/db_and_model_update_dag.py
[2026-04-01T06:30:49.205+0000] {logging_mixin.py:190} INFO - [2026-04-01T06:30:49.205+0000] {dag.py:3239} INFO - Sync 1 DAGs
[2026-04-01T06:30:49.238+0000] {logging_mixin.py:190} INFO - [2026-04-01T06:30:49.237+0000] {dag.py:4180} INFO - Setting next_dagrun for db_and_model_update to 2026-03-30 14:00:00+00:00, run_after=2026-04-06 14:00:00+00:00
[2026-04-01T06:30:49.262+0000] {processor.py:208} INFO - Processing /opt/airflow/dags/db_and_model_update_dag.py took 0.139 seconds
[2026-04-01T06:31:19.424+0000] {processor.py:186} INFO - Started process (PID=11777) to work on /opt/airflow/dags/db_and_model_update_dag.py
[2026-04-01T06:31:19.425+0000] {processor.py:914} INFO - Processing file /opt/airflow/dags/db_and_model_update_dag.py for tasks to queue
[2026-04-01T06:31:19.427+0000] {logging_mixin.py:190} INFO - [2026-04-01T06:31:19.427+0000] {dagbag.py:588} INFO - Filling up the DagBag from /opt/airflow/dags/db_and_model_update_dag.py
[2026-04-01T06:31:19.448+0000] {processor.py:925} INFO - DAG(s) 'db_and_model_update' retrieved from /opt/airflow/dags/db_and_model_update_dag.py
[2026-04-01T06:31:19.476+0000] {logging_mixin.py:190} INFO - [2026-04-01T06:31:19.476+0000] {dag.py:3239} INFO - Sync 1 DAGs
[2026-04-01T06:31:19.497+0000] {logging_mixin.py:190} INFO - [2026-04-01T06:31:19.496+0000] {dag.py:4180} INFO - Setting next_dagrun for db_and_model_update to 2026-03-30 14:00:00+00:00, run_after=2026-04-06 14:00:00+00:00
[2026-04-01T06:31:19.518+0000] {processor.py:208} INFO - Processing /opt/airflow/dags/db_and_model_update_dag.py took 0.101 seconds
[2026-04-01T06:31:49.737+0000] {processor.py:186} INFO - Started process (PID=11787) to work on /opt/airflow/dags/db_and_model_update_dag.py
[2026-04-01T06:31:49.739+0000] {processor.py:914} INFO - Processing file /opt/airflow/dags/db_and_model_update_dag.py for tasks to queue
[2026-04-01T06:31:49.743+0000] {logging_mixin.py:190} INFO - [2026-04-01T06:31:49.742+0000] {dagbag.py:588} INFO - Filling up the DagBag from /opt/airflow/dags/db_and_model_update_dag.py
[2026-04-01T06:31:49.771+0000] {processor.py:925} INFO - DAG(s) 'db_and_model_update' retrieved from /opt/airflow/dags/db_and_model_update_dag.py
[2026-04-01T06:31:49.803+0000] {logging_mixin.py:190} INFO - [2026-04-01T06:31:49.803+0000] {dag.py:3239} INFO - Sync 1 DAGs
[2026-04-01T06:31:49.830+0000] {logging_mixin.py:190} INFO - [2026-04-01T06:31:49.829+0000] {dag.py:4180} INFO - Setting next_dagrun for db_and_model_update to 2026-03-30 14:00:00+00:00, run_after=2026-04-06 14:00:00+00:00
[2026-04-01T06:31:49.852+0000] {processor.py:208} INFO - Processing /opt/airflow/dags/db_and_model_update_dag.py took 0.123 seconds
[2026-04-01T06:32:20.069+0000] {processor.py:186} INFO - Started process (PID=11797) to work on /opt/airflow/dags/db_and_model_update_dag.py
[2026-04-01T06:32:20.071+0000] {processor.py:914} INFO - Processing file /opt/airflow/dags/db_and_model_update_dag.py for tasks to queue
[2026-04-01T06:32:20.074+0000] {logging_mixin.py:190} INFO - [2026-04-01T06:32:20.074+0000] {dagbag.py:588} INFO - Filling up the DagBag from /opt/airflow/dags/db_and_model_update_dag.py
[2026-04-01T06:32:20.094+0000] {processor.py:925} INFO - DAG(s) 'db_and_model_update' retrieved from /opt/airflow/dags/db_and_model_update_dag.py
[2026-04-01T06:32:20.124+0000] {logging_mixin.py:190} INFO - [2026-04-01T06:32:20.123+0000] {dag.py:3239} INFO - Sync 1 DAGs
[2026-04-01T06:32:20.147+0000] {logging_mixin.py:190} INFO - [2026-04-01T06:32:20.147+0000] {dag.py:4180} INFO - Setting next_dagrun for db_and_model_update to 2026-03-30 14:00:00+00:00, run_after=2026-04-06 14:00:00+00:00
[2026-04-01T06:32:20.170+0000] {processor.py:208} INFO - Processing /opt/airflow/dags/db_and_model_update_dag.py took 0.109 seconds
[2026-04-01T06:32:50.371+0000] {processor.py:186} INFO - Started process (PID=11807) to work on /opt/airflow/dags/db_and_model_update_dag.py
[2026-04-01T06:32:50.372+0000] {processor.py:914} INFO - Processing file /opt/airflow/dags/db_and_model_update_dag.py for tasks to queue
[2026-04-01T06:32:50.375+0000] {logging_mixin.py:190} INFO - [2026-04-01T06:32:50.375+0000] {dagbag.py:588} INFO - Filling up the DagBag from /opt/airflow/dags/db_and_model_update_dag.py
[2026-04-01T06:32:50.396+0000] {processor.py:925} INFO - DAG(s) 'db_and_model_update' retrieved from /opt/airflow/dags/db_and_model_update_dag.py
[2026-04-01T06:32:50.432+0000] {logging_mixin.py:190} INFO - [2026-04-01T06:32:50.431+0000] {dag.py:3239} INFO - Sync 1 DAGs
[2026-04-01T06:32:50.456+0000] {logging_mixin.py:190} INFO - [2026-04-01T06:32:50.456+0000] {dag.py:4180} INFO - Setting next_dagrun for db_and_model_update to 2026-03-30 14:00:00+00:00, run_after=2026-04-06 14:00:00+00:00
[2026-04-01T06:32:50.476+0000] {processor.py:208} INFO - Processing /opt/airflow/dags/db_and_model_update_dag.py took 0.113 seconds
[2026-04-01T06:33:20.571+0000] {processor.py:186} INFO - Started process (PID=11817) to work on /opt/airflow/dags/db_and_model_update_dag.py
[2026-04-01T06:33:20.573+0000] {processor.py:914} INFO - Processing file /opt/airflow/dags/db_and_model_update_dag.py for tasks to queue
[2026-04-01T06:33:20.575+0000] {logging_mixin.py:190} INFO - [2026-04-01T06:33:20.575+0000] {dagbag.py:588} INFO - Filling up the DagBag from /opt/airflow/dags/db_and_model_update_dag.py
[2026-04-01T06:33:20.595+0000] {processor.py:925} INFO - DAG(s) 'db_and_model_update' retrieved from /opt/airflow/dags/db_and_model_update_dag.py
[2026-04-01T06:33:20.630+0000] {logging_mixin.py:190} INFO - [2026-04-01T06:33:20.629+0000] {dag.py:3239} INFO - Sync 1 DAGs
[2026-04-01T06:33:20.655+0000] {logging_mixin.py:190} INFO - [2026-04-01T06:33:20.655+0000] {dag.py:4180} INFO - Setting next_dagrun for db_and_model_update to 2026-03-30 14:00:00+00:00, run_after=2026-04-06 14:00:00+00:00
[2026-04-01T06:33:20.684+0000] {processor.py:208} INFO - Processing /opt/airflow/dags/db_and_model_update_dag.py took 0.120 seconds
[2026-04-01T06:33:50.925+0000] {processor.py:186} INFO - Started process (PID=11827) to work on /opt/airflow/dags/db_and_model_update_dag.py
[2026-04-01T06:33:50.926+0000] {processor.py:914} INFO - Processing file /opt/airflow/dags/db_and_model_update_dag.py for tasks to queue
[2026-04-01T06:33:50.928+0000] {logging_mixin.py:190} INFO - [2026-04-01T06:33:50.928+0000] {dagbag.py:588} INFO - Filling up the DagBag from /opt/airflow/dags/db_and_model_update_dag.py
[2026-04-01T06:33:50.947+0000] {processor.py:925} INFO - DAG(s) 'db_and_model_update' retrieved from /opt/airflow/dags/db_and_model_update_dag.py
[2026-04-01T06:33:50.977+0000] {logging_mixin.py:190} INFO - [2026-04-01T06:33:50.977+0000] {dag.py:3239} INFO - Sync 1 DAGs
[2026-04-01T06:33:50.998+0000] {logging_mixin.py:190} INFO - [2026-04-01T06:33:50.998+0000] {dag.py:4180} INFO - Setting next_dagrun for db_and_model_update to 2026-03-30 14:00:00+00:00, run_after=2026-04-06 14:00:00+00:00
[2026-04-01T06:33:51.015+0000] {processor.py:208} INFO - Processing /opt/airflow/dags/db_and_model_update_dag.py took 0.099 seconds
[2026-04-01T06:34:21.092+0000] {processor.py:186} INFO - Started process (PID=11837) to work on /opt/airflow/dags/db_and_model_update_dag.py
[2026-04-01T06:34:21.093+0000] {processor.py:914} INFO - Processing file /opt/airflow/dags/db_and_model_update_dag.py for tasks to queue
[2026-04-01T06:34:21.095+0000] {logging_mixin.py:190} INFO - [2026-04-01T06:34:21.095+0000] {dagbag.py:588} INFO - Filling up the DagBag from /opt/airflow/dags/db_and_model_update_dag.py
[2026-04-01T06:34:21.116+0000] {processor.py:925} INFO - DAG(s) 'db_and_model_update' retrieved from /opt/airflow/dags/db_and_model_update_dag.py
[2026-04-01T06:34:21.150+0000] {logging_mixin.py:190} INFO - [2026-04-01T06:34:21.149+0000] {dag.py:3239} INFO - Sync 1 DAGs
[2026-04-01T06:34:21.175+0000] {logging_mixin.py:190} INFO - [2026-04-01T06:34:21.175+0000] {dag.py:4180} INFO - Setting next_dagrun for db_and_model_update to 2026-03-30 14:00:00+00:00, run_after=2026-04-06 14:00:00+00:00
[2026-04-01T06:34:21.197+0000] {processor.py:208} INFO - Processing /opt/airflow/dags/db_and_model_update_dag.py took 0.112 seconds
[2026-04-01T06:34:51.434+0000] {processor.py:186} INFO - Started process (PID=11847) to work on /opt/airflow/dags/db_and_model_update_dag.py
[2026-04-01T06:34:51.435+0000] {processor.py:914} INFO - Processing file /opt/airflow/dags/db_and_model_update_dag.py for tasks to queue
[2026-04-01T06:34:51.438+0000] {logging_mixin.py:190} INFO - [2026-04-01T06:34:51.437+0000] {dagbag.py:588} INFO - Filling up the DagBag from /opt/airflow/dags/db_and_model_update_dag.py
[2026-04-01T06:34:51.458+0000] {processor.py:925} INFO - DAG(s) 'db_and_model_update' retrieved from /opt/airflow/dags/db_and_model_update_dag.py
[2026-04-01T06:34:51.490+0000] {logging_mixin.py:190} INFO - [2026-04-01T06:34:51.490+0000] {dag.py:3239} INFO - Sync 1 DAGs
[2026-04-01T06:34:51.518+0000] {logging_mixin.py:190} INFO - [2026-04-01T06:34:51.518+0000] {dag.py:4180} INFO - Setting next_dagrun for db_and_model_update to 2026-03-30 14:00:00+00:00, run_after=2026-04-06 14:00:00+00:00
[2026-04-01T06:34:51.544+0000] {processor.py:208} INFO - Processing /opt/airflow/dags/db_and_model_update_dag.py took 0.118 seconds
[2026-04-01T06:35:21.719+0000] {processor.py:186} INFO - Started process (PID=11857) to work on /opt/airflow/dags/db_and_model_update_dag.py
[2026-04-01T06:35:21.720+0000] {processor.py:914} INFO - Processing file /opt/airflow/dags/db_and_model_update_dag.py for tasks to queue
[2026-04-01T06:35:21.722+0000] {logging_mixin.py:190} INFO - [2026-04-01T06:35:21.722+0000] {dagbag.py:588} INFO - Filling up the DagBag from /opt/airflow/dags/db_and_model_update_dag.py
[2026-04-01T06:35:21.742+0000] {processor.py:925} INFO - DAG(s) 'db_and_model_update' retrieved from /opt/airflow/dags/db_and_model_update_dag.py
[2026-04-01T06:35:21.775+0000] {logging_mixin.py:190} INFO - [2026-04-01T06:35:21.775+0000] {dag.py:3239} INFO - Sync 1 DAGs
[2026-04-01T06:35:21.799+0000] {logging_mixin.py:190} INFO - [2026-04-01T06:35:21.799+0000] {dag.py:4180} INFO - Setting next_dagrun for db_and_model_update to 2026-03-30 14:00:00+00:00, run_after=2026-04-06 14:00:00+00:00
[2026-04-01T06:35:21.822+0000] {processor.py:208} INFO - Processing /opt/airflow/dags/db_and_model_update_dag.py took 0.111 seconds
[2026-04-01T06:35:51.896+0000] {processor.py:186} INFO - Started process (PID=11867) to work on /opt/airflow/dags/db_and_model_update_dag.py
[2026-04-01T06:35:51.897+0000] {processor.py:914} INFO - Processing file /opt/airflow/dags/db_and_model_update_dag.py for tasks to queue
[2026-04-01T06:35:51.900+0000] {logging_mixin.py:190} INFO - [2026-04-01T06:35:51.900+0000] {dagbag.py:588} INFO - Filling up the DagBag from /opt/airflow/dags/db_and_model_update_dag.py
[2026-04-01T06:35:51.920+0000] {processor.py:925} INFO - DAG(s) 'db_and_model_update' retrieved from /opt/airflow/dags/db_and_model_update_dag.py
[2026-04-01T06:35:51.949+0000] {logging_mixin.py:190} INFO - [2026-04-01T06:35:51.949+0000] {dag.py:3239} INFO - Sync 1 DAGs
[2026-04-01T06:35:51.972+0000] {logging_mixin.py:190} INFO - [2026-04-01T06:35:51.972+0000] {dag.py:4180} INFO - Setting next_dagrun for db_and_model_update to 2026-03-30 14:00:00+00:00, run_after=2026-04-06 14:00:00+00:00
[2026-04-01T06:35:51.995+0000] {processor.py:208} INFO - Processing /opt/airflow/dags/db_and_model_update_dag.py took 0.106 seconds
[2026-04-01T06:36:22.241+0000] {processor.py:186} INFO - Started process (PID=11877) to work on /opt/airflow/dags/db_and_model_update_dag.py
[2026-04-01T06:36:22.242+0000] {processor.py:914} INFO - Processing file /opt/airflow/dags/db_and_model_update_dag.py for tasks to queue
[2026-04-01T06:36:22.245+0000] {logging_mixin.py:190} INFO - [2026-04-01T06:36:22.244+0000] {dagbag.py:588} INFO - Filling up the DagBag from /opt/airflow/dags/db_and_model_update_dag.py
[2026-04-01T06:36:22.288+0000] {processor.py:925} INFO - DAG(s) 'db_and_model_update' retrieved from /opt/airflow/dags/db_and_model_update_dag.py
[2026-04-01T06:36:22.331+0000] {logging_mixin.py:190} INFO - [2026-04-01T06:36:22.331+0000] {dag.py:3239} INFO - Sync 1 DAGs
[2026-04-01T06:36:22.354+0000] {logging_mixin.py:190} INFO - [2026-04-01T06:36:22.354+0000] {dag.py:4180} INFO - Setting next_dagrun for db_and_model_update to 2026-03-30 14:00:00+00:00, run_after=2026-04-06 14:00:00+00:00
[2026-04-01T06:36:22.381+0000] {processor.py:208} INFO - Processing /opt/airflow/dags/db_and_model_update_dag.py took 0.150 seconds
[2026-04-01T06:36:52.551+0000] {processor.py:186} INFO - Started process (PID=11887) to work on /opt/airflow/dags/db_and_model_update_dag.py
[2026-04-01T06:36:52.553+0000] {processor.py:914} INFO - Processing file /opt/airflow/dags/db_and_model_update_dag.py for tasks to queue
[2026-04-01T06:36:52.556+0000] {logging_mixin.py:190} INFO - [2026-04-01T06:36:52.556+0000] {dagbag.py:588} INFO - Filling up the DagBag from /opt/airflow/dags/db_and_model_update_dag.py
[2026-04-01T06:36:52.578+0000] {processor.py:925} INFO - DAG(s) 'db_and_model_update' retrieved from /opt/airflow/dags/db_and_model_update_dag.py
[2026-04-01T06:36:52.609+0000] {logging_mixin.py:190} INFO - [2026-04-01T06:36:52.609+0000] {dag.py:3239} INFO - Sync 1 DAGs
[2026-04-01T06:36:52.632+0000] {logging_mixin.py:190} INFO - [2026-04-01T06:36:52.632+0000] {dag.py:4180} INFO - Setting next_dagrun for db_and_model_update to 2026-03-30 14:00:00+00:00, run_after=2026-04-06 14:00:00+00:00
[2026-04-01T06:36:52.652+0000] {processor.py:208} INFO - Processing /opt/airflow/dags/db_and_model_update_dag.py took 0.108 seconds
[2026-04-01T06:37:22.870+0000] {processor.py:186} INFO - Started process (PID=11897) to work on /opt/airflow/dags/db_and_model_update_dag.py
[2026-04-01T06:37:22.871+0000] {processor.py:914} INFO - Processing file /opt/airflow/dags/db_and_model_update_dag.py for tasks to queue
[2026-04-01T06:37:22.874+0000] {logging_mixin.py:190} INFO - [2026-04-01T06:37:22.873+0000] {dagbag.py:588} INFO - Filling up the DagBag from /opt/airflow/dags/db_and_model_update_dag.py
[2026-04-01T06:37:22.892+0000] {processor.py:925} INFO - DAG(s) 'db_and_model_update' retrieved from /opt/airflow/dags/db_and_model_update_dag.py
[2026-04-01T06:37:22.930+0000] {logging_mixin.py:190} INFO - [2026-04-01T06:37:22.929+0000] {dag.py:3239} INFO - Sync 1 DAGs
[2026-04-01T06:37:22.962+0000] {logging_mixin.py:190} INFO - [2026-04-01T06:37:22.962+0000] {dag.py:4180} INFO - Setting next_dagrun for db_and_model_update to 2026-03-30 14:00:00+00:00, run_after=2026-04-06 14:00:00+00:00
[2026-04-01T06:37:22.986+0000] {processor.py:208} INFO - Processing /opt/airflow/dags/db_and_model_update_dag.py took 0.124 seconds
[2026-04-01T06:37:53.143+0000] {processor.py:186} INFO - Started process (PID=11907) to work on /opt/airflow/dags/db_and_model_update_dag.py
[2026-04-01T06:37:53.144+0000] {processor.py:914} INFO - Processing file /opt/airflow/dags/db_and_model_update_dag.py for tasks to queue
[2026-04-01T06:37:53.148+0000] {logging_mixin.py:190} INFO - [2026-04-01T06:37:53.148+0000] {dagbag.py:588} INFO - Filling up the DagBag from /opt/airflow/dags/db_and_model_update_dag.py
[2026-04-01T06:37:53.170+0000] {processor.py:925} INFO - DAG(s) 'db_and_model_update' retrieved from /opt/airflow/dags/db_and_model_update_dag.py
[2026-04-01T06:37:53.202+0000] {logging_mixin.py:190} INFO - [2026-04-01T06:37:53.202+0000] {dag.py:3239} INFO - Sync 1 DAGs
[2026-04-01T06:37:53.225+0000] {logging_mixin.py:190} INFO - [2026-04-01T06:37:53.225+0000] {dag.py:4180} INFO - Setting next_dagrun for db_and_model_update to 2026-03-30 14:00:00+00:00, run_after=2026-04-06 14:00:00+00:00
[2026-04-01T06:37:53.246+0000] {processor.py:208} INFO - Processing /opt/airflow/dags/db_and_model_update_dag.py took 0.115 seconds
[2026-04-01T06:38:23.388+0000] {processor.py:186} INFO - Started process (PID=11917) to work on /opt/airflow/dags/db_and_model_update_dag.py
[2026-04-01T06:38:23.389+0000] {processor.py:914} INFO - Processing file /opt/airflow/dags/db_and_model_update_dag.py for tasks to queue
[2026-04-01T06:38:23.392+0000] {logging_mixin.py:190} INFO - [2026-04-01T06:38:23.391+0000] {dagbag.py:588} INFO - Filling up the DagBag from /opt/airflow/dags/db_and_model_update_dag.py
[2026-04-01T06:38:23.410+0000] {processor.py:925} INFO - DAG(s) 'db_and_model_update' retrieved from /opt/airflow/dags/db_and_model_update_dag.py
[2026-04-01T06:38:23.442+0000] {logging_mixin.py:190} INFO - [2026-04-01T06:38:23.442+0000] {dag.py:3239} INFO - Sync 1 DAGs
[2026-04-01T06:38:23.466+0000] {logging_mixin.py:190} INFO - [2026-04-01T06:38:23.466+0000] {dag.py:4180} INFO - Setting next_dagrun for db_and_model_update to 2026-03-30 14:00:00+00:00, run_after=2026-04-06 14:00:00+00:00
[2026-04-01T06:38:23.506+0000] {processor.py:208} INFO - Processing /opt/airflow/dags/db_and_model_update_dag.py took 0.126 seconds
[2026-04-01T06:38:53.608+0000] {processor.py:186} INFO - Started process (PID=11927) to work on /opt/airflow/dags/db_and_model_update_dag.py
[2026-04-01T06:38:53.609+0000] {processor.py:914} INFO - Processing file /opt/airflow/dags/db_and_model_update_dag.py for tasks to queue
[2026-04-01T06:38:53.613+0000] {logging_mixin.py:190} INFO - [2026-04-01T06:38:53.613+0000] {dagbag.py:588} INFO - Filling up the DagBag from /opt/airflow/dags/db_and_model_update_dag.py
[2026-04-01T06:38:53.637+0000] {processor.py:925} INFO - DAG(s) 'db_and_model_update' retrieved from /opt/airflow/dags/db_and_model_update_dag.py
[2026-04-01T06:38:53.672+0000] {logging_mixin.py:190} INFO - [2026-04-01T06:38:53.672+0000] {dag.py:3239} INFO - Sync 1 DAGs
[2026-04-01T06:38:53.694+0000] {logging_mixin.py:190} INFO - [2026-04-01T06:38:53.694+0000] {dag.py:4180} INFO - Setting next_dagrun for db_and_model_update to 2026-03-30 14:00:00+00:00, run_after=2026-04-06 14:00:00+00:00
[2026-04-01T06:38:53.729+0000] {processor.py:208} INFO - Processing /opt/airflow/dags/db_and_model_update_dag.py took 0.128 seconds
[2026-04-01T06:39:23.833+0000] {processor.py:186} INFO - Started process (PID=11937) to work on /opt/airflow/dags/db_and_model_update_dag.py
[2026-04-01T06:39:23.834+0000] {processor.py:914} INFO - Processing file /opt/airflow/dags/db_and_model_update_dag.py for tasks to queue
[2026-04-01T06:39:23.836+0000] {logging_mixin.py:190} INFO - [2026-04-01T06:39:23.836+0000] {dagbag.py:588} INFO - Filling up the DagBag from /opt/airflow/dags/db_and_model_update_dag.py
[2026-04-01T06:39:23.861+0000] {processor.py:925} INFO - DAG(s) 'db_and_model_update' retrieved from /opt/airflow/dags/db_and_model_update_dag.py
[2026-04-01T06:39:23.892+0000] {logging_mixin.py:190} INFO - [2026-04-01T06:39:23.892+0000] {dag.py:3239} INFO - Sync 1 DAGs
[2026-04-01T06:39:23.915+0000] {logging_mixin.py:190} INFO - [2026-04-01T06:39:23.914+0000] {dag.py:4180} INFO - Setting next_dagrun for db_and_model_update to 2026-03-30 14:00:00+00:00, run_after=2026-04-06 14:00:00+00:00
[2026-04-01T06:39:23.934+0000] {processor.py:208} INFO - Processing /opt/airflow/dags/db_and_model_update_dag.py took 0.108 seconds
[2026-04-01T06:39:53.998+0000] {processor.py:186} INFO - Started process (PID=11947) to work on /opt/airflow/dags/db_and_model_update_dag.py
[2026-04-01T06:39:53.999+0000] {processor.py:914} INFO - Processing file /opt/airflow/dags/db_and_model_update_dag.py for tasks to queue
[2026-04-01T06:39:54.002+0000] {logging_mixin.py:190} INFO - [2026-04-01T06:39:54.001+0000] {dagbag.py:588} INFO - Filling up the DagBag from /opt/airflow/dags/db_and_model_update_dag.py
[2026-04-01T06:39:54.022+0000] {processor.py:925} INFO - DAG(s) 'db_and_model_update' retrieved from /opt/airflow/dags/db_and_model_update_dag.py
[2026-04-01T06:39:54.052+0000] {logging_mixin.py:190} INFO - [2026-04-01T06:39:54.052+0000] {dag.py:3239} INFO - Sync 1 DAGs
[2026-04-01T06:39:54.074+0000] {logging_mixin.py:190} INFO - [2026-04-01T06:39:54.073+0000] {dag.py:4180} INFO - Setting next_dagrun for db_and_model_update to 2026-03-30 14:00:00+00:00, run_after=2026-04-06 14:00:00+00:00
[2026-04-01T06:39:54.091+0000] {processor.py:208} INFO - Processing /opt/airflow/dags/db_and_model_update_dag.py took 0.100 seconds
[2026-04-01T06:40:24.978+0000] {processor.py:186} INFO - Started process (PID=11957) to work on /opt/airflow/dags/db_and_model_update_dag.py
[2026-04-01T06:40:24.982+0000] {processor.py:914} INFO - Processing file /opt/airflow/dags/db_and_model_update_dag.py for tasks to queue
[2026-04-01T06:40:24.988+0000] {logging_mixin.py:190} INFO - [2026-04-01T06:40:24.987+0000] {dagbag.py:588} INFO - Filling up the DagBag from /opt/airflow/dags/db_and_model_update_dag.py
[2026-04-01T06:40:25.029+0000] {processor.py:925} INFO - DAG(s) 'db_and_model_update' retrieved from /opt/airflow/dags/db_and_model_update_dag.py
[2026-04-01T06:40:25.069+0000] {logging_mixin.py:190} INFO - [2026-04-01T06:40:25.069+0000] {dag.py:3239} INFO - Sync 1 DAGs
[2026-04-01T06:40:25.092+0000] {logging_mixin.py:190} INFO - [2026-04-01T06:40:25.092+0000] {dag.py:4180} INFO - Setting next_dagrun for db_and_model_update to 2026-03-30 14:00:00+00:00, run_after=2026-04-06 14:00:00+00:00
[2026-04-01T06:40:25.115+0000] {processor.py:208} INFO - Processing /opt/airflow/dags/db_and_model_update_dag.py took 0.148 seconds
[2026-04-01T06:40:55.685+0000] {processor.py:186} INFO - Started process (PID=11967) to work on /opt/airflow/dags/db_and_model_update_dag.py
[2026-04-01T06:40:55.686+0000] {processor.py:914} INFO - Processing file /opt/airflow/dags/db_and_model_update_dag.py for tasks to queue
[2026-04-01T06:40:55.689+0000] {logging_mixin.py:190} INFO - [2026-04-01T06:40:55.689+0000] {dagbag.py:588} INFO - Filling up the DagBag from /opt/airflow/dags/db_and_model_update_dag.py
[2026-04-01T06:40:55.709+0000] {processor.py:925} INFO - DAG(s) 'db_and_model_update' retrieved from /opt/airflow/dags/db_and_model_update_dag.py
[2026-04-01T06:40:55.747+0000] {logging_mixin.py:190} INFO - [2026-04-01T06:40:55.747+0000] {dag.py:3239} INFO - Sync 1 DAGs
[2026-04-01T06:40:55.769+0000] {logging_mixin.py:190} INFO - [2026-04-01T06:40:55.769+0000] {dag.py:4180} INFO - Setting next_dagrun for db_and_model_update to 2026-03-30 14:00:00+00:00, run_after=2026-04-06 14:00:00+00:00
[2026-04-01T06:40:55.794+0000] {processor.py:208} INFO - Processing /opt/airflow/dags/db_and_model_update_dag.py took 0.117 seconds
[2026-04-01T06:41:25.968+0000] {processor.py:186} INFO - Started process (PID=11977) to work on /opt/airflow/dags/db_and_model_update_dag.py
[2026-04-01T06:41:25.970+0000] {processor.py:914} INFO - Processing file /opt/airflow/dags/db_and_model_update_dag.py for tasks to queue
[2026-04-01T06:41:25.974+0000] {logging_mixin.py:190} INFO - [2026-04-01T06:41:25.973+0000] {dagbag.py:588} INFO - Filling up the DagBag from /opt/airflow/dags/db_and_model_update_dag.py
[2026-04-01T06:41:25.998+0000] {processor.py:925} INFO - DAG(s) 'db_and_model_update' retrieved from /opt/airflow/dags/db_and_model_update_dag.py
[2026-04-01T06:41:26.035+0000] {logging_mixin.py:190} INFO - [2026-04-01T06:41:26.035+0000] {dag.py:3239} INFO - Sync 1 DAGs
[2026-04-01T06:41:26.064+0000] {logging_mixin.py:190} INFO - [2026-04-01T06:41:26.064+0000] {dag.py:4180} INFO - Setting next_dagrun for db_and_model_update to 2026-03-30 14:00:00+00:00, run_after=2026-04-06 14:00:00+00:00
[2026-04-01T06:41:26.095+0000] {processor.py:208} INFO - Processing /opt/airflow/dags/db_and_model_update_dag.py took 0.136 seconds
[2026-04-01T06:41:56.260+0000] {processor.py:186} INFO - Started process (PID=11987) to work on /opt/airflow/dags/db_and_model_update_dag.py
[2026-04-01T06:41:56.261+0000] {processor.py:914} INFO - Processing file /opt/airflow/dags/db_and_model_update_dag.py for tasks to queue
[2026-04-01T06:41:56.264+0000] {logging_mixin.py:190} INFO - [2026-04-01T06:41:56.264+0000] {dagbag.py:588} INFO - Filling up the DagBag from /opt/airflow/dags/db_and_model_update_dag.py
[2026-04-01T06:41:56.286+0000] {processor.py:925} INFO - DAG(s) 'db_and_model_update' retrieved from /opt/airflow/dags/db_and_model_update_dag.py
[2026-04-01T06:41:56.321+0000] {logging_mixin.py:190} INFO - [2026-04-01T06:41:56.321+0000] {dag.py:3239} INFO - Sync 1 DAGs
[2026-04-01T06:41:56.347+0000] {logging_mixin.py:190} INFO - [2026-04-01T06:41:56.347+0000] {dag.py:4180} INFO - Setting next_dagrun for db_and_model_update to 2026-03-30 14:00:00+00:00, run_after=2026-04-06 14:00:00+00:00
[2026-04-01T06:41:56.372+0000] {processor.py:208} INFO - Processing /opt/airflow/dags/db_and_model_update_dag.py took 0.118 seconds
[2026-04-01T06:42:26.575+0000] {processor.py:186} INFO - Started process (PID=12000) to work on /opt/airflow/dags/db_and_model_update_dag.py
[2026-04-01T06:42:26.576+0000] {processor.py:914} INFO - Processing file /opt/airflow/dags/db_and_model_update_dag.py for tasks to queue
[2026-04-01T06:42:26.579+0000] {logging_mixin.py:190} INFO - [2026-04-01T06:42:26.579+0000] {dagbag.py:588} INFO - Filling up the DagBag from /opt/airflow/dags/db_and_model_update_dag.py
[2026-04-01T06:42:26.602+0000] {processor.py:925} INFO - DAG(s) 'db_and_model_update' retrieved from /opt/airflow/dags/db_and_model_update_dag.py
[2026-04-01T06:42:26.634+0000] {logging_mixin.py:190} INFO - [2026-04-01T06:42:26.634+0000] {dag.py:3239} INFO - Sync 1 DAGs
[2026-04-01T06:42:26.662+0000] {logging_mixin.py:190} INFO - [2026-04-01T06:42:26.662+0000] {dag.py:4180} INFO - Setting next_dagrun for db_and_model_update to 2026-03-30 14:00:00+00:00, run_after=2026-04-06 14:00:00+00:00
[2026-04-01T06:42:26.684+0000] {processor.py:208} INFO - Processing /opt/airflow/dags/db_and_model_update_dag.py took 0.117 seconds
[2026-04-01T06:42:56.761+0000] {processor.py:186} INFO - Started process (PID=12007) to work on /opt/airflow/dags/db_and_model_update_dag.py
[2026-04-01T06:42:56.762+0000] {processor.py:914} INFO - Processing file /opt/airflow/dags/db_and_model_update_dag.py for tasks to queue
[2026-04-01T06:42:56.764+0000] {logging_mixin.py:190} INFO - [2026-04-01T06:42:56.764+0000] {dagbag.py:588} INFO - Filling up the DagBag from /opt/airflow/dags/db_and_model_update_dag.py
[2026-04-01T06:42:56.784+0000] {processor.py:925} INFO - DAG(s) 'db_and_model_update' retrieved from /opt/airflow/dags/db_and_model_update_dag.py
[2026-04-01T06:42:56.817+0000] {logging_mixin.py:190} INFO - [2026-04-01T06:42:56.817+0000] {dag.py:3239} INFO - Sync 1 DAGs
[2026-04-01T06:42:56.840+0000] {logging_mixin.py:190} INFO - [2026-04-01T06:42:56.840+0000] {dag.py:4180} INFO - Setting next_dagrun for db_and_model_update to 2026-03-30 14:00:00+00:00, run_after=2026-04-06 14:00:00+00:00
[2026-04-01T06:42:56.872+0000] {processor.py:208} INFO - Processing /opt/airflow/dags/db_and_model_update_dag.py took 0.118 seconds
[2026-04-01T06:43:26.980+0000] {processor.py:186} INFO - Started process (PID=12017) to work on /opt/airflow/dags/db_and_model_update_dag.py
[2026-04-01T06:43:26.982+0000] {processor.py:914} INFO - Processing file /opt/airflow/dags/db_and_model_update_dag.py for tasks to queue
[2026-04-01T06:43:26.985+0000] {logging_mixin.py:190} INFO - [2026-04-01T06:43:26.984+0000] {dagbag.py:588} INFO - Filling up the DagBag from /opt/airflow/dags/db_and_model_update_dag.py
[2026-04-01T06:43:27.034+0000] {processor.py:925} INFO - DAG(s) 'db_and_model_update' retrieved from /opt/airflow/dags/db_and_model_update_dag.py
[2026-04-01T06:43:27.074+0000] {logging_mixin.py:190} INFO - [2026-04-01T06:43:27.073+0000] {dag.py:3239} INFO - Sync 1 DAGs
[2026-04-01T06:43:27.127+0000] {logging_mixin.py:190} INFO - [2026-04-01T06:43:27.127+0000] {dag.py:4180} INFO - Setting next_dagrun for db_and_model_update to 2026-03-30 14:00:00+00:00, run_after=2026-04-06 14:00:00+00:00
[2026-04-01T06:43:27.170+0000] {processor.py:208} INFO - Processing /opt/airflow/dags/db_and_model_update_dag.py took 0.198 seconds
[2026-04-01T06:43:57.325+0000] {processor.py:186} INFO - Started process (PID=12027) to work on /opt/airflow/dags/db_and_model_update_dag.py
[2026-04-01T06:43:57.326+0000] {processor.py:914} INFO - Processing file /opt/airflow/dags/db_and_model_update_dag.py for tasks to queue
[2026-04-01T06:43:57.328+0000] {logging_mixin.py:190} INFO - [2026-04-01T06:43:57.328+0000] {dagbag.py:588} INFO - Filling up the DagBag from /opt/airflow/dags/db_and_model_update_dag.py
[2026-04-01T06:43:57.346+0000] {processor.py:925} INFO - DAG(s) 'db_and_model_update' retrieved from /opt/airflow/dags/db_and_model_update_dag.py
[2026-04-01T06:43:57.374+0000] {logging_mixin.py:190} INFO - [2026-04-01T06:43:57.374+0000] {dag.py:3239} INFO - Sync 1 DAGs
[2026-04-01T06:43:57.403+0000] {logging_mixin.py:190} INFO - [2026-04-01T06:43:57.403+0000] {dag.py:4180} INFO - Setting next_dagrun for db_and_model_update to 2026-03-30 14:00:00+00:00, run_after=2026-04-06 14:00:00+00:00
[2026-04-01T06:43:57.428+0000] {processor.py:208} INFO - Processing /opt/airflow/dags/db_and_model_update_dag.py took 0.110 seconds
[2026-04-01T06:44:27.609+0000] {processor.py:186} INFO - Started process (PID=12042) to work on /opt/airflow/dags/db_and_model_update_dag.py
[2026-04-01T06:44:27.610+0000] {processor.py:914} INFO - Processing file /opt/airflow/dags/db_and_model_update_dag.py for tasks to queue
[2026-04-01T06:44:27.613+0000] {logging_mixin.py:190} INFO - [2026-04-01T06:44:27.612+0000] {dagbag.py:588} INFO - Filling up the DagBag from /opt/airflow/dags/db_and_model_update_dag.py
[2026-04-01T06:44:27.634+0000] {processor.py:925} INFO - DAG(s) 'db_and_model_update' retrieved from /opt/airflow/dags/db_and_model_update_dag.py
[2026-04-01T06:44:27.664+0000] {logging_mixin.py:190} INFO - [2026-04-01T06:44:27.664+0000] {dag.py:3239} INFO - Sync 1 DAGs
[2026-04-01T06:44:27.687+0000] {logging_mixin.py:190} INFO - [2026-04-01T06:44:27.686+0000] {dag.py:4180} INFO - Setting next_dagrun for db_and_model_update to 2026-03-30 14:00:00+00:00, run_after=2026-04-06 14:00:00+00:00
[2026-04-01T06:44:27.705+0000] {processor.py:208} INFO - Processing /opt/airflow/dags/db_and_model_update_dag.py took 0.104 seconds
[2026-04-01T06:44:57.896+0000] {processor.py:186} INFO - Started process (PID=12052) to work on /opt/airflow/dags/db_and_model_update_dag.py
[2026-04-01T06:44:57.898+0000] {processor.py:914} INFO - Processing file /opt/airflow/dags/db_and_model_update_dag.py for tasks to queue
[2026-04-01T06:44:57.902+0000] {logging_mixin.py:190} INFO - [2026-04-01T06:44:57.901+0000] {dagbag.py:588} INFO - Filling up the DagBag from /opt/airflow/dags/db_and_model_update_dag.py
[2026-04-01T06:44:57.926+0000] {processor.py:925} INFO - DAG(s) 'db_and_model_update' retrieved from /opt/airflow/dags/db_and_model_update_dag.py
[2026-04-01T06:44:57.962+0000] {logging_mixin.py:190} INFO - [2026-04-01T06:44:57.961+0000] {dag.py:3239} INFO - Sync 1 DAGs
[2026-04-01T06:44:57.988+0000] {logging_mixin.py:190} INFO - [2026-04-01T06:44:57.988+0000] {dag.py:4180} INFO - Setting next_dagrun for db_and_model_update to 2026-03-30 14:00:00+00:00, run_after=2026-04-06 14:00:00+00:00
[2026-04-01T06:44:58.010+0000] {processor.py:208} INFO - Processing /opt/airflow/dags/db_and_model_update_dag.py took 0.122 seconds
[2026-04-01T06:45:28.182+0000] {processor.py:186} INFO - Started process (PID=12062) to work on /opt/airflow/dags/db_and_model_update_dag.py
[2026-04-01T06:45:28.183+0000] {processor.py:914} INFO - Processing file /opt/airflow/dags/db_and_model_update_dag.py for tasks to queue
[2026-04-01T06:45:28.185+0000] {logging_mixin.py:190} INFO - [2026-04-01T06:45:28.185+0000] {dagbag.py:588} INFO - Filling up the DagBag from /opt/airflow/dags/db_and_model_update_dag.py
[2026-04-01T06:45:28.204+0000] {processor.py:925} INFO - DAG(s) 'db_and_model_update' retrieved from /opt/airflow/dags/db_and_model_update_dag.py
[2026-04-01T06:45:28.235+0000] {logging_mixin.py:190} INFO - [2026-04-01T06:45:28.235+0000] {dag.py:3239} INFO - Sync 1 DAGs
[2026-04-01T06:45:28.257+0000] {logging_mixin.py:190} INFO - [2026-04-01T06:45:28.257+0000] {dag.py:4180} INFO - Setting next_dagrun for db_and_model_update to 2026-03-30 14:00:00+00:00, run_after=2026-04-06 14:00:00+00:00
[2026-04-01T06:45:28.277+0000] {processor.py:208} INFO - Processing /opt/airflow/dags/db_and_model_update_dag.py took 0.101 seconds
[2026-04-01T06:45:58.346+0000] {processor.py:186} INFO - Started process (PID=12067) to work on /opt/airflow/dags/db_and_model_update_dag.py
[2026-04-01T06:45:58.348+0000] {processor.py:914} INFO - Processing file /opt/airflow/dags/db_and_model_update_dag.py for tasks to queue
[2026-04-01T06:45:58.350+0000] {logging_mixin.py:190} INFO - [2026-04-01T06:45:58.350+0000] {dagbag.py:588} INFO - Filling up the DagBag from /opt/airflow/dags/db_and_model_update_dag.py
[2026-04-01T06:45:58.379+0000] {processor.py:925} INFO - DAG(s) 'db_and_model_update' retrieved from /opt/airflow/dags/db_and_model_update_dag.py
[2026-04-01T06:45:58.411+0000] {logging_mixin.py:190} INFO - [2026-04-01T06:45:58.411+0000] {dag.py:3239} INFO - Sync 1 DAGs
[2026-04-01T06:45:58.434+0000] {logging_mixin.py:190} INFO - [2026-04-01T06:45:58.433+0000] {dag.py:4180} INFO - Setting next_dagrun for db_and_model_update to 2026-03-30 14:00:00+00:00, run_after=2026-04-06 14:00:00+00:00
[2026-04-01T06:45:58.454+0000] {processor.py:208} INFO - Processing /opt/airflow/dags/db_and_model_update_dag.py took 0.117 seconds
[2026-04-01T06:46:28.567+0000] {processor.py:186} INFO - Started process (PID=12077) to work on /opt/airflow/dags/db_and_model_update_dag.py
[2026-04-01T06:46:28.568+0000] {processor.py:914} INFO - Processing file /opt/airflow/dags/db_and_model_update_dag.py for tasks to queue
[2026-04-01T06:46:28.570+0000] {logging_mixin.py:190} INFO - [2026-04-01T06:46:28.570+0000] {dagbag.py:588} INFO - Filling up the DagBag from /opt/airflow/dags/db_and_model_update_dag.py
[2026-04-01T06:46:28.589+0000] {processor.py:925} INFO - DAG(s) 'db_and_model_update' retrieved from /opt/airflow/dags/db_and_model_update_dag.py
[2026-04-01T06:46:28.619+0000] {logging_mixin.py:190} INFO - [2026-04-01T06:46:28.619+0000] {dag.py:3239} INFO - Sync 1 DAGs
[2026-04-01T06:46:28.644+0000] {logging_mixin.py:190} INFO - [2026-04-01T06:46:28.643+0000] {dag.py:4180} INFO - Setting next_dagrun for db_and_model_update to 2026-03-30 14:00:00+00:00, run_after=2026-04-06 14:00:00+00:00
[2026-04-01T06:46:28.670+0000] {processor.py:208} INFO - Processing /opt/airflow/dags/db_and_model_update_dag.py took 0.110 seconds
[2026-04-01T06:46:58.815+0000] {processor.py:186} INFO - Started process (PID=12087) to work on /opt/airflow/dags/db_and_model_update_dag.py
[2026-04-01T06:46:58.817+0000] {processor.py:914} INFO - Processing file /opt/airflow/dags/db_and_model_update_dag.py for tasks to queue
[2026-04-01T06:46:58.820+0000] {logging_mixin.py:190} INFO - [2026-04-01T06:46:58.820+0000] {dagbag.py:588} INFO - Filling up the DagBag from /opt/airflow/dags/db_and_model_update_dag.py
[2026-04-01T06:46:58.842+0000] {processor.py:925} INFO - DAG(s) 'db_and_model_update' retrieved from /opt/airflow/dags/db_and_model_update_dag.py
[2026-04-01T06:46:58.876+0000] {logging_mixin.py:190} INFO - [2026-04-01T06:46:58.875+0000] {dag.py:3239} INFO - Sync 1 DAGs
[2026-04-01T06:46:58.899+0000] {logging_mixin.py:190} INFO - [2026-04-01T06:46:58.898+0000] {dag.py:4180} INFO - Setting next_dagrun for db_and_model_update to 2026-03-30 14:00:00+00:00, run_after=2026-04-06 14:00:00+00:00
[2026-04-01T06:46:58.918+0000] {processor.py:208} INFO - Processing /opt/airflow/dags/db_and_model_update_dag.py took 0.111 seconds
[2026-04-01T06:47:29.063+0000] {processor.py:186} INFO - Started process (PID=12097) to work on /opt/airflow/dags/db_and_model_update_dag.py
[2026-04-01T06:47:29.066+0000] {processor.py:914} INFO - Processing file /opt/airflow/dags/db_and_model_update_dag.py for tasks to queue
[2026-04-01T06:47:29.069+0000] {logging_mixin.py:190} INFO - [2026-04-01T06:47:29.068+0000] {dagbag.py:588} INFO - Filling up the DagBag from /opt/airflow/dags/db_and_model_update_dag.py
[2026-04-01T06:47:29.093+0000] {processor.py:925} INFO - DAG(s) 'db_and_model_update' retrieved from /opt/airflow/dags/db_and_model_update_dag.py
[2026-04-01T06:47:29.124+0000] {logging_mixin.py:190} INFO - [2026-04-01T06:47:29.124+0000] {dag.py:3239} INFO - Sync 1 DAGs
[2026-04-01T06:47:29.147+0000] {logging_mixin.py:190} INFO - [2026-04-01T06:47:29.147+0000] {dag.py:4180} INFO - Setting next_dagrun for db_and_model_update to 2026-03-30 14:00:00+00:00, run_after=2026-04-06 14:00:00+00:00
[2026-04-01T06:47:29.171+0000] {processor.py:208} INFO - Processing /opt/airflow/dags/db_and_model_update_dag.py took 0.115 seconds
[2026-04-01T06:47:59.279+0000] {processor.py:186} INFO - Started process (PID=12107) to work on /opt/airflow/dags/db_and_model_update_dag.py
[2026-04-01T06:47:59.282+0000] {processor.py:914} INFO - Processing file /opt/airflow/dags/db_and_model_update_dag.py for tasks to queue
[2026-04-01T06:47:59.285+0000] {logging_mixin.py:190} INFO - [2026-04-01T06:47:59.285+0000] {dagbag.py:588} INFO - Filling up the DagBag from /opt/airflow/dags/db_and_model_update_dag.py
[2026-04-01T06:47:59.305+0000] {processor.py:925} INFO - DAG(s) 'db_and_model_update' retrieved from /opt/airflow/dags/db_and_model_update_dag.py
[2026-04-01T06:47:59.337+0000] {logging_mixin.py:190} INFO - [2026-04-01T06:47:59.337+0000] {dag.py:3239} INFO - Sync 1 DAGs
[2026-04-01T06:47:59.360+0000] {logging_mixin.py:190} INFO - [2026-04-01T06:47:59.359+0000] {dag.py:4180} INFO - Setting next_dagrun for db_and_model_update to 2026-03-30 14:00:00+00:00, run_after=2026-04-06 14:00:00+00:00
[2026-04-01T06:47:59.381+0000] {processor.py:208} INFO - Processing /opt/airflow/dags/db_and_model_update_dag.py took 0.108 seconds
[2026-04-01T06:48:29.519+0000] {processor.py:186} INFO - Started process (PID=12117) to work on /opt/airflow/dags/db_and_model_update_dag.py
[2026-04-01T06:48:29.520+0000] {processor.py:914} INFO - Processing file /opt/airflow/dags/db_and_model_update_dag.py for tasks to queue
[2026-04-01T06:48:29.522+0000] {logging_mixin.py:190} INFO - [2026-04-01T06:48:29.522+0000] {dagbag.py:588} INFO - Filling up the DagBag from /opt/airflow/dags/db_and_model_update_dag.py
[2026-04-01T06:48:29.541+0000] {processor.py:925} INFO - DAG(s) 'db_and_model_update' retrieved from /opt/airflow/dags/db_and_model_update_dag.py
[2026-04-01T06:48:29.574+0000] {logging_mixin.py:190} INFO - [2026-04-01T06:48:29.574+0000] {dag.py:3239} INFO - Sync 1 DAGs
[2026-04-01T06:48:29.598+0000] {logging_mixin.py:190} INFO - [2026-04-01T06:48:29.598+0000] {dag.py:4180} INFO - Setting next_dagrun for db_and_model_update to 2026-03-30 14:00:00+00:00, run_after=2026-04-06 14:00:00+00:00
[2026-04-01T06:48:29.620+0000] {processor.py:208} INFO - Processing /opt/airflow/dags/db_and_model_update_dag.py took 0.108 seconds
[2026-04-01T06:48:59.707+0000] {processor.py:186} INFO - Started process (PID=12127) to work on /opt/airflow/dags/db_and_model_update_dag.py
[2026-04-01T06:48:59.709+0000] {processor.py:914} INFO - Processing file /opt/airflow/dags/db_and_model_update_dag.py for tasks to queue
[2026-04-01T06:48:59.711+0000] {logging_mixin.py:190} INFO - [2026-04-01T06:48:59.711+0000] {dagbag.py:588} INFO - Filling up the DagBag from /opt/airflow/dags/db_and_model_update_dag.py
[2026-04-01T06:48:59.734+0000] {processor.py:925} INFO - DAG(s) 'db_and_model_update' retrieved from /opt/airflow/dags/db_and_model_update_dag.py
[2026-04-01T06:48:59.768+0000] {logging_mixin.py:190} INFO - [2026-04-01T06:48:59.767+0000] {dag.py:3239} INFO - Sync 1 DAGs
[2026-04-01T06:48:59.792+0000] {logging_mixin.py:190} INFO - [2026-04-01T06:48:59.792+0000] {dag.py:4180} INFO - Setting next_dagrun for db_and_model_update to 2026-03-30 14:00:00+00:00, run_after=2026-04-06 14:00:00+00:00
[2026-04-01T06:48:59.813+0000] {processor.py:208} INFO - Processing /opt/airflow/dags/db_and_model_update_dag.py took 0.112 seconds
[2026-04-01T06:49:29.987+0000] {processor.py:186} INFO - Started process (PID=12137) to work on /opt/airflow/dags/db_and_model_update_dag.py
[2026-04-01T06:49:29.989+0000] {processor.py:914} INFO - Processing file /opt/airflow/dags/db_and_model_update_dag.py for tasks to queue
[2026-04-01T06:49:29.992+0000] {logging_mixin.py:190} INFO - [2026-04-01T06:49:29.991+0000] {dagbag.py:588} INFO - Filling up the DagBag from /opt/airflow/dags/db_and_model_update_dag.py
[2026-04-01T06:49:30.016+0000] {processor.py:925} INFO - DAG(s) 'db_and_model_update' retrieved from /opt/airflow/dags/db_and_model_update_dag.py
[2026-04-01T06:49:30.051+0000] {logging_mixin.py:190} INFO - [2026-04-01T06:49:30.051+0000] {dag.py:3239} INFO - Sync 1 DAGs
[2026-04-01T06:49:30.080+0000] {logging_mixin.py:190} INFO - [2026-04-01T06:49:30.080+0000] {dag.py:4180} INFO - Setting next_dagrun for db_and_model_update to 2026-03-30 14:00:00+00:00, run_after=2026-04-06 14:00:00+00:00
[2026-04-01T06:49:30.102+0000] {processor.py:208} INFO - Processing /opt/airflow/dags/db_and_model_update_dag.py took 0.123 seconds
[2026-04-01T06:50:00.245+0000] {processor.py:186} INFO - Started process (PID=12147) to work on /opt/airflow/dags/db_and_model_update_dag.py
[2026-04-01T06:50:00.246+0000] {processor.py:914} INFO - Processing file /opt/airflow/dags/db_and_model_update_dag.py for tasks to queue
[2026-04-01T06:50:00.249+0000] {logging_mixin.py:190} INFO - [2026-04-01T06:50:00.249+0000] {dagbag.py:588} INFO - Filling up the DagBag from /opt/airflow/dags/db_and_model_update_dag.py
[2026-04-01T06:50:00.274+0000] {processor.py:925} INFO - DAG(s) 'db_and_model_update' retrieved from /opt/airflow/dags/db_and_model_update_dag.py
[2026-04-01T06:50:00.307+0000] {logging_mixin.py:190} INFO - [2026-04-01T06:50:00.306+0000] {dag.py:3239} INFO - Sync 1 DAGs
[2026-04-01T06:49:59.193+0000] {logging_mixin.py:190} INFO - [2026-04-01T06:49:59.192+0000] {dag.py:4180} INFO - Setting next_dagrun for db_and_model_update to 2026-03-30 14:00:00+00:00, run_after=2026-04-06 14:00:00+00:00
[2026-04-01T06:49:59.215+0000] {processor.py:208} INFO - Processing /opt/airflow/dags/db_and_model_update_dag.py took 0.119 seconds
[2026-04-01T06:50:29.431+0000] {processor.py:186} INFO - Started process (PID=12165) to work on /opt/airflow/dags/db_and_model_update_dag.py
[2026-04-01T06:50:29.433+0000] {processor.py:914} INFO - Processing file /opt/airflow/dags/db_and_model_update_dag.py for tasks to queue
[2026-04-01T06:50:29.436+0000] {logging_mixin.py:190} INFO - [2026-04-01T06:50:29.436+0000] {dagbag.py:588} INFO - Filling up the DagBag from /opt/airflow/dags/db_and_model_update_dag.py
[2026-04-01T06:50:29.461+0000] {processor.py:925} INFO - DAG(s) 'db_and_model_update' retrieved from /opt/airflow/dags/db_and_model_update_dag.py
[2026-04-01T06:50:29.497+0000] {logging_mixin.py:190} INFO - [2026-04-01T06:50:29.496+0000] {dag.py:3239} INFO - Sync 1 DAGs
[2026-04-01T06:50:29.550+0000] {processor.py:208} INFO - Processing /opt/airflow/dags/db_and_model_update_dag.py took 0.129 seconds
[2026-04-01T06:50:59.651+0000] {processor.py:186} INFO - Started process (PID=12175) to work on /opt/airflow/dags/db_and_model_update_dag.py
[2026-04-01T06:50:59.659+0000] {processor.py:914} INFO - Processing file /opt/airflow/dags/db_and_model_update_dag.py for tasks to queue
[2026-04-01T06:50:59.663+0000] {logging_mixin.py:190} INFO - [2026-04-01T06:50:59.663+0000] {dagbag.py:588} INFO - Filling up the DagBag from /opt/airflow/dags/db_and_model_update_dag.py
[2026-04-01T06:50:59.708+0000] {processor.py:925} INFO - DAG(s) 'db_and_model_update' retrieved from /opt/airflow/dags/db_and_model_update_dag.py
[2026-04-01T06:50:59.756+0000] {logging_mixin.py:190} INFO - [2026-04-01T06:50:59.756+0000] {dag.py:3239} INFO - Sync 1 DAGs
[2026-04-01T06:50:59.816+0000] {processor.py:208} INFO - Processing /opt/airflow/dags/db_and_model_update_dag.py took 0.175 seconds
[2026-04-01T06:51:30.050+0000] {processor.py:186} INFO - Started process (PID=12185) to work on /opt/airflow/dags/db_and_model_update_dag.py
[2026-04-01T06:51:30.051+0000] {processor.py:914} INFO - Processing file /opt/airflow/dags/db_and_model_update_dag.py for tasks to queue
[2026-04-01T06:51:30.054+0000] {logging_mixin.py:190} INFO - [2026-04-01T06:51:30.053+0000] {dagbag.py:588} INFO - Filling up the DagBag from /opt/airflow/dags/db_and_model_update_dag.py
[2026-04-01T06:51:30.088+0000] {processor.py:925} INFO - DAG(s) 'db_and_model_update' retrieved from /opt/airflow/dags/db_and_model_update_dag.py
[2026-04-01T06:51:30.141+0000] {logging_mixin.py:190} INFO - [2026-04-01T06:51:30.141+0000] {dag.py:3239} INFO - Sync 1 DAGs
[2026-04-01T06:51:30.228+0000] {processor.py:208} INFO - Processing /opt/airflow/dags/db_and_model_update_dag.py took 0.192 seconds
[2026-04-01T06:52:00.464+0000] {processor.py:186} INFO - Started process (PID=12195) to work on /opt/airflow/dags/db_and_model_update_dag.py
[2026-04-01T06:52:00.466+0000] {processor.py:914} INFO - Processing file /opt/airflow/dags/db_and_model_update_dag.py for tasks to queue
[2026-04-01T06:52:00.469+0000] {logging_mixin.py:190} INFO - [2026-04-01T06:52:00.469+0000] {dagbag.py:588} INFO - Filling up the DagBag from /opt/airflow/dags/db_and_model_update_dag.py
[2026-04-01T06:52:00.496+0000] {processor.py:925} INFO - DAG(s) 'db_and_model_update' retrieved from /opt/airflow/dags/db_and_model_update_dag.py
[2026-04-01T06:52:00.603+0000] {logging_mixin.py:190} INFO - [2026-04-01T06:52:00.603+0000] {dag.py:3239} INFO - Sync 1 DAGs
[2026-04-01T06:52:00.671+0000] {processor.py:208} INFO - Processing /opt/airflow/dags/db_and_model_update_dag.py took 0.231 seconds
[2026-04-01T06:52:30.976+0000] {processor.py:186} INFO - Started process (PID=12205) to work on /opt/airflow/dags/db_and_model_update_dag.py
[2026-04-01T06:52:30.981+0000] {processor.py:914} INFO - Processing file /opt/airflow/dags/db_and_model_update_dag.py for tasks to queue
[2026-04-01T06:52:31.011+0000] {logging_mixin.py:190} INFO - [2026-04-01T06:52:31.005+0000] {dagbag.py:588} INFO - Filling up the DagBag from /opt/airflow/dags/db_and_model_update_dag.py
[2026-04-01T06:52:31.129+0000] {processor.py:925} INFO - DAG(s) 'db_and_model_update' retrieved from /opt/airflow/dags/db_and_model_update_dag.py
[2026-04-01T06:52:31.290+0000] {logging_mixin.py:190} INFO - [2026-04-01T06:52:31.290+0000] {dag.py:3239} INFO - Sync 1 DAGs
[2026-04-01T06:52:31.516+0000] {processor.py:208} INFO - Processing /opt/airflow/dags/db_and_model_update_dag.py took 0.572 seconds
[2026-04-01T06:53:01.736+0000] {processor.py:186} INFO - Started process (PID=12215) to work on /opt/airflow/dags/db_and_model_update_dag.py
[2026-04-01T06:53:01.738+0000] {processor.py:914} INFO - Processing file /opt/airflow/dags/db_and_model_update_dag.py for tasks to queue
[2026-04-01T06:53:01.741+0000] {logging_mixin.py:190} INFO - [2026-04-01T06:53:01.741+0000] {dagbag.py:588} INFO - Filling up the DagBag from /opt/airflow/dags/db_and_model_update_dag.py
[2026-04-01T06:53:01.784+0000] {processor.py:925} INFO - DAG(s) 'db_and_model_update' retrieved from /opt/airflow/dags/db_and_model_update_dag.py
[2026-04-01T06:53:01.846+0000] {logging_mixin.py:190} INFO - [2026-04-01T06:53:01.846+0000] {dag.py:3239} INFO - Sync 1 DAGs
[2026-04-01T06:53:01.913+0000] {processor.py:208} INFO - Processing /opt/airflow/dags/db_and_model_update_dag.py took 0.193 seconds
[2026-04-01T06:53:32.050+0000] {processor.py:186} INFO - Started process (PID=12228) to work on /opt/airflow/dags/db_and_model_update_dag.py
[2026-04-01T06:53:32.052+0000] {processor.py:914} INFO - Processing file /opt/airflow/dags/db_and_model_update_dag.py for tasks to queue
[2026-04-01T06:53:32.055+0000] {logging_mixin.py:190} INFO - [2026-04-01T06:53:32.055+0000] {dagbag.py:588} INFO - Filling up the DagBag from /opt/airflow/dags/db_and_model_update_dag.py
[2026-04-01T06:53:32.090+0000] {processor.py:925} INFO - DAG(s) 'db_and_model_update' retrieved from /opt/airflow/dags/db_and_model_update_dag.py
[2026-04-01T06:53:32.142+0000] {logging_mixin.py:190} INFO - [2026-04-01T06:53:32.142+0000] {dag.py:3239} INFO - Sync 1 DAGs
[2026-04-01T06:53:32.215+0000] {processor.py:208} INFO - Processing /opt/airflow/dags/db_and_model_update_dag.py took 0.176 seconds
[2026-04-01T06:54:02.511+0000] {processor.py:186} INFO - Started process (PID=12238) to work on /opt/airflow/dags/db_and_model_update_dag.py
[2026-04-01T06:54:02.514+0000] {processor.py:914} INFO - Processing file /opt/airflow/dags/db_and_model_update_dag.py for tasks to queue
[2026-04-01T06:54:02.518+0000] {logging_mixin.py:190} INFO - [2026-04-01T06:54:02.518+0000] {dagbag.py:588} INFO - Filling up the DagBag from /opt/airflow/dags/db_and_model_update_dag.py
[2026-04-01T06:54:02.553+0000] {processor.py:925} INFO - DAG(s) 'db_and_model_update' retrieved from /opt/airflow/dags/db_and_model_update_dag.py
[2026-04-01T06:54:02.603+0000] {logging_mixin.py:190} INFO - [2026-04-01T06:54:02.603+0000] {dag.py:3239} INFO - Sync 1 DAGs
[2026-04-01T06:54:02.671+0000] {processor.py:208} INFO - Processing /opt/airflow/dags/db_and_model_update_dag.py took 0.171 seconds
[2026-04-01T06:54:32.863+0000] {processor.py:186} INFO - Started process (PID=12248) to work on /opt/airflow/dags/db_and_model_update_dag.py
[2026-04-01T06:54:32.864+0000] {processor.py:914} INFO - Processing file /opt/airflow/dags/db_and_model_update_dag.py for tasks to queue
[2026-04-01T06:54:32.868+0000] {logging_mixin.py:190} INFO - [2026-04-01T06:54:32.867+0000] {dagbag.py:588} INFO - Filling up the DagBag from /opt/airflow/dags/db_and_model_update_dag.py
[2026-04-01T06:54:32.893+0000] {processor.py:925} INFO - DAG(s) 'db_and_model_update' retrieved from /opt/airflow/dags/db_and_model_update_dag.py
[2026-04-01T06:54:32.933+0000] {logging_mixin.py:190} INFO - [2026-04-01T06:54:32.932+0000] {dag.py:3239} INFO - Sync 1 DAGs
[2026-04-01T06:54:32.984+0000] {processor.py:208} INFO - Processing /opt/airflow/dags/db_and_model_update_dag.py took 0.132 seconds
[2026-04-01T06:55:03.222+0000] {processor.py:186} INFO - Started process (PID=12258) to work on /opt/airflow/dags/db_and_model_update_dag.py
[2026-04-01T06:55:03.224+0000] {processor.py:914} INFO - Processing file /opt/airflow/dags/db_and_model_update_dag.py for tasks to queue
[2026-04-01T06:55:03.229+0000] {logging_mixin.py:190} INFO - [2026-04-01T06:55:03.228+0000] {dagbag.py:588} INFO - Filling up the DagBag from /opt/airflow/dags/db_and_model_update_dag.py
[2026-04-01T06:55:03.260+0000] {processor.py:925} INFO - DAG(s) 'db_and_model_update' retrieved from /opt/airflow/dags/db_and_model_update_dag.py
[2026-04-01T06:55:03.308+0000] {logging_mixin.py:190} INFO - [2026-04-01T06:55:03.308+0000] {dag.py:3239} INFO - Sync 1 DAGs
[2026-04-01T06:55:03.369+0000] {processor.py:208} INFO - Processing /opt/airflow/dags/db_and_model_update_dag.py took 0.166 seconds
[2026-04-01T06:55:33.590+0000] {processor.py:186} INFO - Started process (PID=12268) to work on /opt/airflow/dags/db_and_model_update_dag.py
[2026-04-01T06:55:33.591+0000] {processor.py:914} INFO - Processing file /opt/airflow/dags/db_and_model_update_dag.py for tasks to queue
[2026-04-01T06:55:33.595+0000] {logging_mixin.py:190} INFO - [2026-04-01T06:55:33.594+0000] {dagbag.py:588} INFO - Filling up the DagBag from /opt/airflow/dags/db_and_model_update_dag.py
[2026-04-01T06:55:33.618+0000] {processor.py:925} INFO - DAG(s) 'db_and_model_update' retrieved from /opt/airflow/dags/db_and_model_update_dag.py
[2026-04-01T06:55:33.653+0000] {logging_mixin.py:190} INFO - [2026-04-01T06:55:33.652+0000] {dag.py:3239} INFO - Sync 1 DAGs
[2026-04-01T06:55:33.711+0000] {processor.py:208} INFO - Processing /opt/airflow/dags/db_and_model_update_dag.py took 0.130 seconds
[2026-04-01T06:56:03.982+0000] {processor.py:186} INFO - Started process (PID=12278) to work on /opt/airflow/dags/db_and_model_update_dag.py
[2026-04-01T06:56:03.989+0000] {processor.py:914} INFO - Processing file /opt/airflow/dags/db_and_model_update_dag.py for tasks to queue
[2026-04-01T06:56:04.027+0000] {logging_mixin.py:190} INFO - [2026-04-01T06:56:04.025+0000] {dagbag.py:588} INFO - Filling up the DagBag from /opt/airflow/dags/db_and_model_update_dag.py
[2026-04-01T06:56:04.166+0000] {processor.py:925} INFO - DAG(s) 'db_and_model_update' retrieved from /opt/airflow/dags/db_and_model_update_dag.py
[2026-04-01T06:56:04.337+0000] {logging_mixin.py:190} INFO - [2026-04-01T06:56:04.336+0000] {dag.py:3239} INFO - Sync 1 DAGs
[2026-04-01T06:56:04.558+0000] {processor.py:208} INFO - Processing /opt/airflow/dags/db_and_model_update_dag.py took 0.664 seconds
[2026-04-01T06:56:34.858+0000] {processor.py:186} INFO - Started process (PID=12288) to work on /opt/airflow/dags/db_and_model_update_dag.py
[2026-04-01T06:56:34.860+0000] {processor.py:914} INFO - Processing file /opt/airflow/dags/db_and_model_update_dag.py for tasks to queue
[2026-04-01T06:56:34.865+0000] {logging_mixin.py:190} INFO - [2026-04-01T06:56:34.864+0000] {dagbag.py:588} INFO - Filling up the DagBag from /opt/airflow/dags/db_and_model_update_dag.py
[2026-04-01T06:56:34.910+0000] {processor.py:925} INFO - DAG(s) 'db_and_model_update' retrieved from /opt/airflow/dags/db_and_model_update_dag.py
[2026-04-01T06:56:34.957+0000] {logging_mixin.py:190} INFO - [2026-04-01T06:56:34.956+0000] {dag.py:3239} INFO - Sync 1 DAGs
[2026-04-01T06:56:35.028+0000] {processor.py:208} INFO - Processing /opt/airflow/dags/db_and_model_update_dag.py took 0.183 seconds
[2026-04-01T06:57:05.254+0000] {processor.py:186} INFO - Started process (PID=12298) to work on /opt/airflow/dags/db_and_model_update_dag.py
[2026-04-01T06:57:05.256+0000] {processor.py:914} INFO - Processing file /opt/airflow/dags/db_and_model_update_dag.py for tasks to queue
[2026-04-01T06:57:05.259+0000] {logging_mixin.py:190} INFO - [2026-04-01T06:57:05.259+0000] {dagbag.py:588} INFO - Filling up the DagBag from /opt/airflow/dags/db_and_model_update_dag.py
[2026-04-01T06:57:05.302+0000] {processor.py:925} INFO - DAG(s) 'db_and_model_update' retrieved from /opt/airflow/dags/db_and_model_update_dag.py
[2026-04-01T06:57:05.341+0000] {logging_mixin.py:190} INFO - [2026-04-01T06:57:05.341+0000] {dag.py:3239} INFO - Sync 1 DAGs
[2026-04-01T06:57:05.389+0000] {processor.py:208} INFO - Processing /opt/airflow/dags/db_and_model_update_dag.py took 0.149 seconds
[2026-04-01T06:57:35.521+0000] {processor.py:186} INFO - Started process (PID=12308) to work on /opt/airflow/dags/db_and_model_update_dag.py
[2026-04-01T06:57:35.523+0000] {processor.py:914} INFO - Processing file /opt/airflow/dags/db_and_model_update_dag.py for tasks to queue
[2026-04-01T06:57:35.528+0000] {logging_mixin.py:190} INFO - [2026-04-01T06:57:35.528+0000] {dagbag.py:588} INFO - Filling up the DagBag from /opt/airflow/dags/db_and_model_update_dag.py
[2026-04-01T06:57:35.558+0000] {processor.py:925} INFO - DAG(s) 'db_and_model_update' retrieved from /opt/airflow/dags/db_and_model_update_dag.py
[2026-04-01T06:57:35.598+0000] {logging_mixin.py:190} INFO - [2026-04-01T06:57:35.598+0000] {dag.py:3239} INFO - Sync 1 DAGs
[2026-04-01T06:57:35.647+0000] {processor.py:208} INFO - Processing /opt/airflow/dags/db_and_model_update_dag.py took 0.138 seconds
[2026-04-01T06:58:05.887+0000] {processor.py:186} INFO - Started process (PID=12318) to work on /opt/airflow/dags/db_and_model_update_dag.py
[2026-04-01T06:58:05.889+0000] {processor.py:914} INFO - Processing file /opt/airflow/dags/db_and_model_update_dag.py for tasks to queue
[2026-04-01T06:58:05.896+0000] {logging_mixin.py:190} INFO - [2026-04-01T06:58:05.895+0000] {dagbag.py:588} INFO - Filling up the DagBag from /opt/airflow/dags/db_and_model_update_dag.py
[2026-04-01T06:58:05.938+0000] {processor.py:925} INFO - DAG(s) 'db_and_model_update' retrieved from /opt/airflow/dags/db_and_model_update_dag.py
[2026-04-01T06:58:05.985+0000] {logging_mixin.py:190} INFO - [2026-04-01T06:58:05.984+0000] {dag.py:3239} INFO - Sync 1 DAGs
[2026-04-01T06:58:06.040+0000] {processor.py:208} INFO - Processing /opt/airflow/dags/db_and_model_update_dag.py took 0.170 seconds
[2026-04-01T06:58:36.148+0000] {processor.py:186} INFO - Started process (PID=12328) to work on /opt/airflow/dags/db_and_model_update_dag.py
[2026-04-01T06:58:36.150+0000] {processor.py:914} INFO - Processing file /opt/airflow/dags/db_and_model_update_dag.py for tasks to queue
[2026-04-01T06:58:36.153+0000] {logging_mixin.py:190} INFO - [2026-04-01T06:58:36.153+0000] {dagbag.py:588} INFO - Filling up the DagBag from /opt/airflow/dags/db_and_model_update_dag.py
[2026-04-01T06:58:36.214+0000] {processor.py:925} INFO - DAG(s) 'db_and_model_update' retrieved from /opt/airflow/dags/db_and_model_update_dag.py
[2026-04-01T06:58:36.285+0000] {logging_mixin.py:190} INFO - [2026-04-01T06:58:36.285+0000] {dag.py:3239} INFO - Sync 1 DAGs
[2026-04-01T06:58:36.351+0000] {processor.py:208} INFO - Processing /opt/airflow/dags/db_and_model_update_dag.py took 0.226 seconds
[2026-04-01T06:59:06.584+0000] {processor.py:186} INFO - Started process (PID=12346) to work on /opt/airflow/dags/db_and_model_update_dag.py
[2026-04-01T06:59:06.592+0000] {processor.py:914} INFO - Processing file /opt/airflow/dags/db_and_model_update_dag.py for tasks to queue
[2026-04-01T06:59:06.600+0000] {logging_mixin.py:190} INFO - [2026-04-01T06:59:06.599+0000] {dagbag.py:588} INFO - Filling up the DagBag from /opt/airflow/dags/db_and_model_update_dag.py
[2026-04-01T06:59:06.662+0000] {processor.py:925} INFO - DAG(s) 'db_and_model_update' retrieved from /opt/airflow/dags/db_and_model_update_dag.py
[2026-04-01T06:59:06.775+0000] {logging_mixin.py:190} INFO - [2026-04-01T06:59:06.775+0000] {dag.py:3239} INFO - Sync 1 DAGs
[2026-04-01T06:59:06.903+0000] {processor.py:208} INFO - Processing /opt/airflow/dags/db_and_model_update_dag.py took 0.353 seconds
[2026-04-01T06:59:37.311+0000] {processor.py:186} INFO - Started process (PID=12361) to work on /opt/airflow/dags/db_and_model_update_dag.py
[2026-04-01T06:59:37.313+0000] {processor.py:914} INFO - Processing file /opt/airflow/dags/db_and_model_update_dag.py for tasks to queue
[2026-04-01T06:59:37.317+0000] {logging_mixin.py:190} INFO - [2026-04-01T06:59:37.317+0000] {dagbag.py:588} INFO - Filling up the DagBag from /opt/airflow/dags/db_and_model_update_dag.py
[2026-04-01T06:59:37.357+0000] {processor.py:925} INFO - DAG(s) 'db_and_model_update' retrieved from /opt/airflow/dags/db_and_model_update_dag.py
[2026-04-01T06:59:37.399+0000] {logging_mixin.py:190} INFO - [2026-04-01T06:59:37.399+0000] {dag.py:3239} INFO - Sync 1 DAGs
[2026-04-01T06:59:37.468+0000] {processor.py:208} INFO - Processing /opt/airflow/dags/db_and_model_update_dag.py took 0.170 seconds
[2026-04-01T07:00:07.621+0000] {processor.py:186} INFO - Started process (PID=12369) to work on /opt/airflow/dags/db_and_model_update_dag.py
[2026-04-01T07:00:07.623+0000] {processor.py:914} INFO - Processing file /opt/airflow/dags/db_and_model_update_dag.py for tasks to queue
[2026-04-01T07:00:07.630+0000] {logging_mixin.py:190} INFO - [2026-04-01T07:00:07.628+0000] {dagbag.py:588} INFO - Filling up the DagBag from /opt/airflow/dags/db_and_model_update_dag.py
[2026-04-01T07:00:07.658+0000] {processor.py:925} INFO - DAG(s) 'db_and_model_update' retrieved from /opt/airflow/dags/db_and_model_update_dag.py
[2026-04-01T07:00:07.704+0000] {logging_mixin.py:190} INFO - [2026-04-01T07:00:07.704+0000] {dag.py:3239} INFO - Sync 1 DAGs
[2026-04-01T07:00:07.755+0000] {processor.py:208} INFO - Processing /opt/airflow/dags/db_and_model_update_dag.py took 0.145 seconds
[2026-04-01T07:00:37.869+0000] {processor.py:186} INFO - Started process (PID=12379) to work on /opt/airflow/dags/db_and_model_update_dag.py
[2026-04-01T07:00:37.873+0000] {processor.py:914} INFO - Processing file /opt/airflow/dags/db_and_model_update_dag.py for tasks to queue
[2026-04-01T07:00:37.879+0000] {logging_mixin.py:190} INFO - [2026-04-01T07:00:37.878+0000] {dagbag.py:588} INFO - Filling up the DagBag from /opt/airflow/dags/db_and_model_update_dag.py
[2026-04-01T07:00:37.921+0000] {processor.py:925} INFO - DAG(s) 'db_and_model_update' retrieved from /opt/airflow/dags/db_and_model_update_dag.py
[2026-04-01T07:00:38.020+0000] {logging_mixin.py:190} INFO - [2026-04-01T07:00:38.020+0000] {dag.py:3239} INFO - Sync 1 DAGs
[2026-04-01T07:00:38.091+0000] {processor.py:208} INFO - Processing /opt/airflow/dags/db_and_model_update_dag.py took 0.238 seconds
[2026-04-01T07:01:08.270+0000] {processor.py:186} INFO - Started process (PID=12386) to work on /opt/airflow/dags/db_and_model_update_dag.py
[2026-04-01T07:01:08.272+0000] {processor.py:914} INFO - Processing file /opt/airflow/dags/db_and_model_update_dag.py for tasks to queue
[2026-04-01T07:01:08.278+0000] {logging_mixin.py:190} INFO - [2026-04-01T07:01:08.277+0000] {dagbag.py:588} INFO - Filling up the DagBag from /opt/airflow/dags/db_and_model_update_dag.py
[2026-04-01T07:01:08.327+0000] {processor.py:925} INFO - DAG(s) 'db_and_model_update' retrieved from /opt/airflow/dags/db_and_model_update_dag.py
[2026-04-01T07:01:08.373+0000] {logging_mixin.py:190} INFO - [2026-04-01T07:01:08.372+0000] {dag.py:3239} INFO - Sync 1 DAGs
[2026-04-01T07:01:08.442+0000] {processor.py:208} INFO - Processing /opt/airflow/dags/db_and_model_update_dag.py took 0.187 seconds
[2026-04-01T07:01:38.680+0000] {processor.py:186} INFO - Started process (PID=12396) to work on /opt/airflow/dags/db_and_model_update_dag.py
[2026-04-01T07:01:38.681+0000] {processor.py:914} INFO - Processing file /opt/airflow/dags/db_and_model_update_dag.py for tasks to queue
[2026-04-01T07:01:38.689+0000] {logging_mixin.py:190} INFO - [2026-04-01T07:01:38.688+0000] {dagbag.py:588} INFO - Filling up the DagBag from /opt/airflow/dags/db_and_model_update_dag.py
[2026-04-01T07:01:38.742+0000] {processor.py:925} INFO - DAG(s) 'db_and_model_update' retrieved from /opt/airflow/dags/db_and_model_update_dag.py
[2026-04-01T07:01:38.833+0000] {logging_mixin.py:190} INFO - [2026-04-01T07:01:38.832+0000] {dag.py:3239} INFO - Sync 1 DAGs
[2026-04-01T07:01:38.937+0000] {processor.py:208} INFO - Processing /opt/airflow/dags/db_and_model_update_dag.py took 0.282 seconds
[2026-04-01T07:02:09.167+0000] {processor.py:186} INFO - Started process (PID=12406) to work on /opt/airflow/dags/db_and_model_update_dag.py
[2026-04-01T07:02:09.169+0000] {processor.py:914} INFO - Processing file /opt/airflow/dags/db_and_model_update_dag.py for tasks to queue
[2026-04-01T07:02:09.182+0000] {logging_mixin.py:190} INFO - [2026-04-01T07:02:09.181+0000] {dagbag.py:588} INFO - Filling up the DagBag from /opt/airflow/dags/db_and_model_update_dag.py
[2026-04-01T07:02:09.228+0000] {processor.py:925} INFO - DAG(s) 'db_and_model_update' retrieved from /opt/airflow/dags/db_and_model_update_dag.py
[2026-04-01T07:02:09.281+0000] {logging_mixin.py:190} INFO - [2026-04-01T07:02:09.280+0000] {dag.py:3239} INFO - Sync 1 DAGs
[2026-04-01T07:02:09.379+0000] {processor.py:208} INFO - Processing /opt/airflow/dags/db_and_model_update_dag.py took 0.226 seconds
[2026-04-01T07:02:39.628+0000] {processor.py:186} INFO - Started process (PID=12416) to work on /opt/airflow/dags/db_and_model_update_dag.py
[2026-04-01T07:02:39.632+0000] {processor.py:914} INFO - Processing file /opt/airflow/dags/db_and_model_update_dag.py for tasks to queue
[2026-04-01T07:02:39.641+0000] {logging_mixin.py:190} INFO - [2026-04-01T07:02:39.641+0000] {dagbag.py:588} INFO - Filling up the DagBag from /opt/airflow/dags/db_and_model_update_dag.py
[2026-04-01T07:02:39.670+0000] {processor.py:925} INFO - DAG(s) 'db_and_model_update' retrieved from /opt/airflow/dags/db_and_model_update_dag.py
[2026-04-01T07:02:39.718+0000] {logging_mixin.py:190} INFO - [2026-04-01T07:02:39.718+0000] {dag.py:3239} INFO - Sync 1 DAGs
[2026-04-01T07:02:39.779+0000] {processor.py:208} INFO - Processing /opt/airflow/dags/db_and_model_update_dag.py took 0.188 seconds
[2026-04-01T07:03:09.885+0000] {processor.py:186} INFO - Started process (PID=12426) to work on /opt/airflow/dags/db_and_model_update_dag.py
[2026-04-01T07:03:09.893+0000] {processor.py:914} INFO - Processing file /opt/airflow/dags/db_and_model_update_dag.py for tasks to queue
[2026-04-01T07:03:09.897+0000] {logging_mixin.py:190} INFO - [2026-04-01T07:03:09.897+0000] {dagbag.py:588} INFO - Filling up the DagBag from /opt/airflow/dags/db_and_model_update_dag.py
[2026-04-01T07:03:09.945+0000] {processor.py:925} INFO - DAG(s) 'db_and_model_update' retrieved from /opt/airflow/dags/db_and_model_update_dag.py
[2026-04-01T07:03:09.989+0000] {logging_mixin.py:190} INFO - [2026-04-01T07:03:09.988+0000] {dag.py:3239} INFO - Sync 1 DAGs
[2026-04-01T07:03:10.050+0000] {processor.py:208} INFO - Processing /opt/airflow/dags/db_and_model_update_dag.py took 0.183 seconds
[2026-04-01T07:03:40.253+0000] {processor.py:186} INFO - Started process (PID=12436) to work on /opt/airflow/dags/db_and_model_update_dag.py
[2026-04-01T07:03:40.255+0000] {processor.py:914} INFO - Processing file /opt/airflow/dags/db_and_model_update_dag.py for tasks to queue
[2026-04-01T07:03:40.260+0000] {logging_mixin.py:190} INFO - [2026-04-01T07:03:40.260+0000] {dagbag.py:588} INFO - Filling up the DagBag from /opt/airflow/dags/db_and_model_update_dag.py
[2026-04-01T07:03:40.296+0000] {processor.py:925} INFO - DAG(s) 'db_and_model_update' retrieved from /opt/airflow/dags/db_and_model_update_dag.py
[2026-04-01T07:03:40.340+0000] {logging_mixin.py:190} INFO - [2026-04-01T07:03:40.340+0000] {dag.py:3239} INFO - Sync 1 DAGs
[2026-04-01T07:03:40.398+0000] {processor.py:208} INFO - Processing /opt/airflow/dags/db_and_model_update_dag.py took 0.160 seconds
[2026-04-01T07:04:10.628+0000] {processor.py:186} INFO - Started process (PID=12446) to work on /opt/airflow/dags/db_and_model_update_dag.py
[2026-04-01T07:04:10.629+0000] {processor.py:914} INFO - Processing file /opt/airflow/dags/db_and_model_update_dag.py for tasks to queue
[2026-04-01T07:04:10.635+0000] {logging_mixin.py:190} INFO - [2026-04-01T07:04:10.634+0000] {dagbag.py:588} INFO - Filling up the DagBag from /opt/airflow/dags/db_and_model_update_dag.py
[2026-04-01T07:04:10.668+0000] {processor.py:925} INFO - DAG(s) 'db_and_model_update' retrieved from /opt/airflow/dags/db_and_model_update_dag.py
[2026-04-01T07:04:10.718+0000] {logging_mixin.py:190} INFO - [2026-04-01T07:04:10.718+0000] {dag.py:3239} INFO - Sync 1 DAGs
[2026-04-01T07:04:10.790+0000] {processor.py:208} INFO - Processing /opt/airflow/dags/db_and_model_update_dag.py took 0.175 seconds
[2026-04-01T07:04:41.003+0000] {processor.py:186} INFO - Started process (PID=12456) to work on /opt/airflow/dags/db_and_model_update_dag.py
[2026-04-01T07:04:41.007+0000] {processor.py:914} INFO - Processing file /opt/airflow/dags/db_and_model_update_dag.py for tasks to queue
[2026-04-01T07:04:41.016+0000] {logging_mixin.py:190} INFO - [2026-04-01T07:04:41.015+0000] {dagbag.py:588} INFO - Filling up the DagBag from /opt/airflow/dags/db_and_model_update_dag.py
[2026-04-01T07:04:41.064+0000] {processor.py:925} INFO - DAG(s) 'db_and_model_update' retrieved from /opt/airflow/dags/db_and_model_update_dag.py
[2026-04-01T07:04:41.162+0000] {logging_mixin.py:190} INFO - [2026-04-01T07:04:41.162+0000] {dag.py:3239} INFO - Sync 1 DAGs
[2026-04-01T07:04:41.270+0000] {processor.py:208} INFO - Processing /opt/airflow/dags/db_and_model_update_dag.py took 0.280 seconds
[2026-04-01T07:05:11.443+0000] {processor.py:186} INFO - Started process (PID=12466) to work on /opt/airflow/dags/db_and_model_update_dag.py
[2026-04-01T07:05:11.444+0000] {processor.py:914} INFO - Processing file /opt/airflow/dags/db_and_model_update_dag.py for tasks to queue
[2026-04-01T07:05:11.448+0000] {logging_mixin.py:190} INFO - [2026-04-01T07:05:11.448+0000] {dagbag.py:588} INFO - Filling up the DagBag from /opt/airflow/dags/db_and_model_update_dag.py
[2026-04-01T07:05:11.476+0000] {processor.py:925} INFO - DAG(s) 'db_and_model_update' retrieved from /opt/airflow/dags/db_and_model_update_dag.py
[2026-04-01T07:05:11.521+0000] {logging_mixin.py:190} INFO - [2026-04-01T07:05:11.521+0000] {dag.py:3239} INFO - Sync 1 DAGs
[2026-04-01T07:05:11.575+0000] {processor.py:208} INFO - Processing /opt/airflow/dags/db_and_model_update_dag.py took 0.144 seconds
[2026-04-01T07:05:41.775+0000] {processor.py:186} INFO - Started process (PID=12476) to work on /opt/airflow/dags/db_and_model_update_dag.py
[2026-04-01T07:05:41.777+0000] {processor.py:914} INFO - Processing file /opt/airflow/dags/db_and_model_update_dag.py for tasks to queue
[2026-04-01T07:05:41.786+0000] {logging_mixin.py:190} INFO - [2026-04-01T07:05:41.784+0000] {dagbag.py:588} INFO - Filling up the DagBag from /opt/airflow/dags/db_and_model_update_dag.py
[2026-04-01T07:05:41.831+0000] {processor.py:925} INFO - DAG(s) 'db_and_model_update' retrieved from /opt/airflow/dags/db_and_model_update_dag.py
[2026-04-01T07:05:41.903+0000] {logging_mixin.py:190} INFO - [2026-04-01T07:05:41.903+0000] {dag.py:3239} INFO - Sync 1 DAGs
[2026-04-01T07:05:41.979+0000] {processor.py:208} INFO - Processing /opt/airflow/dags/db_and_model_update_dag.py took 0.228 seconds
[2026-04-01T07:06:12.126+0000] {processor.py:186} INFO - Started process (PID=12486) to work on /opt/airflow/dags/db_and_model_update_dag.py
[2026-04-01T07:06:12.128+0000] {processor.py:914} INFO - Processing file /opt/airflow/dags/db_and_model_update_dag.py for tasks to queue
[2026-04-01T07:06:12.132+0000] {logging_mixin.py:190} INFO - [2026-04-01T07:06:12.131+0000] {dagbag.py:588} INFO - Filling up the DagBag from /opt/airflow/dags/db_and_model_update_dag.py
[2026-04-01T07:06:12.162+0000] {processor.py:925} INFO - DAG(s) 'db_and_model_update' retrieved from /opt/airflow/dags/db_and_model_update_dag.py
[2026-04-01T07:06:12.203+0000] {logging_mixin.py:190} INFO - [2026-04-01T07:06:12.203+0000] {dag.py:3239} INFO - Sync 1 DAGs
[2026-04-01T07:06:12.253+0000] {processor.py:208} INFO - Processing /opt/airflow/dags/db_and_model_update_dag.py took 0.141 seconds
[2026-04-01T07:06:42.447+0000] {processor.py:186} INFO - Started process (PID=12504) to work on /opt/airflow/dags/db_and_model_update_dag.py
[2026-04-01T07:06:42.450+0000] {processor.py:914} INFO - Processing file /opt/airflow/dags/db_and_model_update_dag.py for tasks to queue
[2026-04-01T07:06:42.458+0000] {logging_mixin.py:190} INFO - [2026-04-01T07:06:42.457+0000] {dagbag.py:588} INFO - Filling up the DagBag from /opt/airflow/dags/db_and_model_update_dag.py
[2026-04-01T07:06:42.501+0000] {processor.py:925} INFO - DAG(s) 'db_and_model_update' retrieved from /opt/airflow/dags/db_and_model_update_dag.py
[2026-04-01T07:06:42.556+0000] {logging_mixin.py:190} INFO - [2026-04-01T07:06:42.555+0000] {dag.py:3239} INFO - Sync 1 DAGs
[2026-04-01T07:06:42.650+0000] {processor.py:208} INFO - Processing /opt/airflow/dags/db_and_model_update_dag.py took 0.229 seconds
[2026-04-01T07:07:12.810+0000] {processor.py:186} INFO - Started process (PID=12514) to work on /opt/airflow/dags/db_and_model_update_dag.py
[2026-04-01T07:07:12.813+0000] {processor.py:914} INFO - Processing file /opt/airflow/dags/db_and_model_update_dag.py for tasks to queue
[2026-04-01T07:07:12.817+0000] {logging_mixin.py:190} INFO - [2026-04-01T07:07:12.817+0000] {dagbag.py:588} INFO - Filling up the DagBag from /opt/airflow/dags/db_and_model_update_dag.py
[2026-04-01T07:07:12.852+0000] {processor.py:925} INFO - DAG(s) 'db_and_model_update' retrieved from /opt/airflow/dags/db_and_model_update_dag.py
[2026-04-01T07:07:12.902+0000] {logging_mixin.py:190} INFO - [2026-04-01T07:07:12.901+0000] {dag.py:3239} INFO - Sync 1 DAGs
[2026-04-01T07:07:12.991+0000] {processor.py:208} INFO - Processing /opt/airflow/dags/db_and_model_update_dag.py took 0.192 seconds
[2026-04-01T07:07:43.163+0000] {processor.py:186} INFO - Started process (PID=12524) to work on /opt/airflow/dags/db_and_model_update_dag.py
[2026-04-01T07:07:43.166+0000] {processor.py:914} INFO - Processing file /opt/airflow/dags/db_and_model_update_dag.py for tasks to queue
[2026-04-01T07:07:43.170+0000] {logging_mixin.py:190} INFO - [2026-04-01T07:07:43.169+0000] {dagbag.py:588} INFO - Filling up the DagBag from /opt/airflow/dags/db_and_model_update_dag.py
[2026-04-01T07:07:43.205+0000] {processor.py:925} INFO - DAG(s) 'db_and_model_update' retrieved from /opt/airflow/dags/db_and_model_update_dag.py
[2026-04-01T07:07:43.267+0000] {logging_mixin.py:190} INFO - [2026-04-01T07:07:43.267+0000] {dag.py:3239} INFO - Sync 1 DAGs
[2026-04-01T07:07:43.375+0000] {processor.py:208} INFO - Processing /opt/airflow/dags/db_and_model_update_dag.py took 0.224 seconds
[2026-04-01T07:08:13.520+0000] {processor.py:186} INFO - Started process (PID=12534) to work on /opt/airflow/dags/db_and_model_update_dag.py
[2026-04-01T07:08:13.523+0000] {processor.py:914} INFO - Processing file /opt/airflow/dags/db_and_model_update_dag.py for tasks to queue
[2026-04-01T07:08:13.527+0000] {logging_mixin.py:190} INFO - [2026-04-01T07:08:13.526+0000] {dagbag.py:588} INFO - Filling up the DagBag from /opt/airflow/dags/db_and_model_update_dag.py
[2026-04-01T07:08:13.562+0000] {processor.py:925} INFO - DAG(s) 'db_and_model_update' retrieved from /opt/airflow/dags/db_and_model_update_dag.py
[2026-04-01T07:08:13.605+0000] {logging_mixin.py:190} INFO - [2026-04-01T07:08:13.605+0000] {dag.py:3239} INFO - Sync 1 DAGs
[2026-04-01T07:08:13.664+0000] {processor.py:208} INFO - Processing /opt/airflow/dags/db_and_model_update_dag.py took 0.155 seconds
[2026-04-01T07:08:43.788+0000] {processor.py:186} INFO - Started process (PID=12544) to work on /opt/airflow/dags/db_and_model_update_dag.py
[2026-04-01T07:08:43.790+0000] {processor.py:914} INFO - Processing file /opt/airflow/dags/db_and_model_update_dag.py for tasks to queue
[2026-04-01T07:08:43.796+0000] {logging_mixin.py:190} INFO - [2026-04-01T07:08:43.796+0000] {dagbag.py:588} INFO - Filling up the DagBag from /opt/airflow/dags/db_and_model_update_dag.py
[2026-04-01T07:08:43.880+0000] {processor.py:925} INFO - DAG(s) 'db_and_model_update' retrieved from /opt/airflow/dags/db_and_model_update_dag.py
[2026-04-01T07:08:43.929+0000] {logging_mixin.py:190} INFO - [2026-04-01T07:08:43.928+0000] {dag.py:3239} INFO - Sync 1 DAGs
[2026-04-01T07:08:43.979+0000] {processor.py:208} INFO - Processing /opt/airflow/dags/db_and_model_update_dag.py took 0.205 seconds
[2026-04-01T07:09:14.933+0000] {processor.py:186} INFO - Started process (PID=12554) to work on /opt/airflow/dags/db_and_model_update_dag.py
[2026-04-01T07:09:14.935+0000] {processor.py:914} INFO - Processing file /opt/airflow/dags/db_and_model_update_dag.py for tasks to queue
[2026-04-01T07:09:14.942+0000] {logging_mixin.py:190} INFO - [2026-04-01T07:09:14.941+0000] {dagbag.py:588} INFO - Filling up the DagBag from /opt/airflow/dags/db_and_model_update_dag.py
[2026-04-01T07:09:14.983+0000] {processor.py:925} INFO - DAG(s) 'db_and_model_update' retrieved from /opt/airflow/dags/db_and_model_update_dag.py
[2026-04-01T07:09:15.039+0000] {logging_mixin.py:190} INFO - [2026-04-01T07:09:15.039+0000] {dag.py:3239} INFO - Sync 1 DAGs
[2026-04-01T07:09:15.094+0000] {processor.py:208} INFO - Processing /opt/airflow/dags/db_and_model_update_dag.py took 0.181 seconds
[2026-04-01T07:09:45.359+0000] {processor.py:186} INFO - Started process (PID=12564) to work on /opt/airflow/dags/db_and_model_update_dag.py
[2026-04-01T07:09:45.362+0000] {processor.py:914} INFO - Processing file /opt/airflow/dags/db_and_model_update_dag.py for tasks to queue
[2026-04-01T07:09:45.366+0000] {logging_mixin.py:190} INFO - [2026-04-01T07:09:45.365+0000] {dagbag.py:588} INFO - Filling up the DagBag from /opt/airflow/dags/db_and_model_update_dag.py
[2026-04-01T07:09:45.402+0000] {processor.py:925} INFO - DAG(s) 'db_and_model_update' retrieved from /opt/airflow/dags/db_and_model_update_dag.py
[2026-04-01T07:09:45.466+0000] {logging_mixin.py:190} INFO - [2026-04-01T07:09:45.466+0000] {dag.py:3239} INFO - Sync 1 DAGs
[2026-04-01T07:09:45.527+0000] {processor.py:208} INFO - Processing /opt/airflow/dags/db_and_model_update_dag.py took 0.182 seconds
[2026-04-01T07:10:15.672+0000] {processor.py:186} INFO - Started process (PID=12574) to work on /opt/airflow/dags/db_and_model_update_dag.py
[2026-04-01T07:10:15.674+0000] {processor.py:914} INFO - Processing file /opt/airflow/dags/db_and_model_update_dag.py for tasks to queue
[2026-04-01T07:10:15.677+0000] {logging_mixin.py:190} INFO - [2026-04-01T07:10:15.677+0000] {dagbag.py:588} INFO - Filling up the DagBag from /opt/airflow/dags/db_and_model_update_dag.py
[2026-04-01T07:10:15.706+0000] {processor.py:925} INFO - DAG(s) 'db_and_model_update' retrieved from /opt/airflow/dags/db_and_model_update_dag.py
[2026-04-01T07:10:15.774+0000] {logging_mixin.py:190} INFO - [2026-04-01T07:10:15.774+0000] {dag.py:3239} INFO - Sync 1 DAGs
[2026-04-01T07:10:15.825+0000] {processor.py:208} INFO - Processing /opt/airflow/dags/db_and_model_update_dag.py took 0.167 seconds
[2026-04-01T07:10:46.045+0000] {processor.py:186} INFO - Started process (PID=12584) to work on /opt/airflow/dags/db_and_model_update_dag.py
[2026-04-01T07:10:46.049+0000] {processor.py:914} INFO - Processing file /opt/airflow/dags/db_and_model_update_dag.py for tasks to queue
[2026-04-01T07:10:46.053+0000] {logging_mixin.py:190} INFO - [2026-04-01T07:10:46.052+0000] {dagbag.py:588} INFO - Filling up the DagBag from /opt/airflow/dags/db_and_model_update_dag.py
[2026-04-01T07:10:46.085+0000] {processor.py:925} INFO - DAG(s) 'db_and_model_update' retrieved from /opt/airflow/dags/db_and_model_update_dag.py
[2026-04-01T07:10:46.132+0000] {logging_mixin.py:190} INFO - [2026-04-01T07:10:46.132+0000] {dag.py:3239} INFO - Sync 1 DAGs
[2026-04-01T07:10:46.195+0000] {processor.py:208} INFO - Processing /opt/airflow/dags/db_and_model_update_dag.py took 0.181 seconds
[2026-04-01T07:11:16.309+0000] {processor.py:186} INFO - Started process (PID=12597) to work on /opt/airflow/dags/db_and_model_update_dag.py
[2026-04-01T07:11:16.310+0000] {processor.py:914} INFO - Processing file /opt/airflow/dags/db_and_model_update_dag.py for tasks to queue
[2026-04-01T07:11:16.314+0000] {logging_mixin.py:190} INFO - [2026-04-01T07:11:16.314+0000] {dagbag.py:588} INFO - Filling up the DagBag from /opt/airflow/dags/db_and_model_update_dag.py
[2026-04-01T07:11:16.344+0000] {processor.py:925} INFO - DAG(s) 'db_and_model_update' retrieved from /opt/airflow/dags/db_and_model_update_dag.py
[2026-04-01T07:11:16.385+0000] {logging_mixin.py:190} INFO - [2026-04-01T07:11:16.385+0000] {dag.py:3239} INFO - Sync 1 DAGs
[2026-04-01T07:11:16.438+0000] {processor.py:208} INFO - Processing /opt/airflow/dags/db_and_model_update_dag.py took 0.140 seconds
[2026-04-01T07:11:46.581+0000] {processor.py:186} INFO - Started process (PID=12604) to work on /opt/airflow/dags/db_and_model_update_dag.py
[2026-04-01T07:11:46.583+0000] {processor.py:914} INFO - Processing file /opt/airflow/dags/db_and_model_update_dag.py for tasks to queue
[2026-04-01T07:11:46.588+0000] {logging_mixin.py:190} INFO - [2026-04-01T07:11:46.588+0000] {dagbag.py:588} INFO - Filling up the DagBag from /opt/airflow/dags/db_and_model_update_dag.py
[2026-04-01T07:11:46.622+0000] {processor.py:925} INFO - DAG(s) 'db_and_model_update' retrieved from /opt/airflow/dags/db_and_model_update_dag.py
[2026-04-01T07:11:46.718+0000] {logging_mixin.py:190} INFO - [2026-04-01T07:11:46.718+0000] {dag.py:3239} INFO - Sync 1 DAGs
[2026-04-01T07:11:46.831+0000] {processor.py:208} INFO - Processing /opt/airflow/dags/db_and_model_update_dag.py took 0.265 seconds
[2026-04-01T07:12:17.046+0000] {processor.py:186} INFO - Started process (PID=12614) to work on /opt/airflow/dags/db_and_model_update_dag.py
[2026-04-01T07:12:17.047+0000] {processor.py:914} INFO - Processing file /opt/airflow/dags/db_and_model_update_dag.py for tasks to queue
[2026-04-01T07:12:17.051+0000] {logging_mixin.py:190} INFO - [2026-04-01T07:12:17.050+0000] {dagbag.py:588} INFO - Filling up the DagBag from /opt/airflow/dags/db_and_model_update_dag.py
[2026-04-01T07:12:17.098+0000] {processor.py:925} INFO - DAG(s) 'db_and_model_update' retrieved from /opt/airflow/dags/db_and_model_update_dag.py
[2026-04-01T07:12:17.144+0000] {logging_mixin.py:190} INFO - [2026-04-01T07:12:17.143+0000] {dag.py:3239} INFO - Sync 1 DAGs
[2026-04-01T07:12:17.224+0000] {processor.py:208} INFO - Processing /opt/airflow/dags/db_and_model_update_dag.py took 0.188 seconds
[2026-04-01T07:12:47.395+0000] {processor.py:186} INFO - Started process (PID=12624) to work on /opt/airflow/dags/db_and_model_update_dag.py
[2026-04-01T07:12:47.397+0000] {processor.py:914} INFO - Processing file /opt/airflow/dags/db_and_model_update_dag.py for tasks to queue
[2026-04-01T07:12:47.401+0000] {logging_mixin.py:190} INFO - [2026-04-01T07:12:47.401+0000] {dagbag.py:588} INFO - Filling up the DagBag from /opt/airflow/dags/db_and_model_update_dag.py
[2026-04-01T07:12:47.441+0000] {processor.py:925} INFO - DAG(s) 'db_and_model_update' retrieved from /opt/airflow/dags/db_and_model_update_dag.py
[2026-04-01T07:12:47.478+0000] {logging_mixin.py:190} INFO - [2026-04-01T07:12:47.478+0000] {dag.py:3239} INFO - Sync 1 DAGs
[2026-04-01T07:12:47.554+0000] {processor.py:208} INFO - Processing /opt/airflow/dags/db_and_model_update_dag.py took 0.167 seconds
[2026-04-01T07:13:17.682+0000] {processor.py:186} INFO - Started process (PID=12634) to work on /opt/airflow/dags/db_and_model_update_dag.py
[2026-04-01T07:13:17.683+0000] {processor.py:914} INFO - Processing file /opt/airflow/dags/db_and_model_update_dag.py for tasks to queue
[2026-04-01T07:13:17.688+0000] {logging_mixin.py:190} INFO - [2026-04-01T07:13:17.687+0000] {dagbag.py:588} INFO - Filling up the DagBag from /opt/airflow/dags/db_and_model_update_dag.py
[2026-04-01T07:13:17.725+0000] {processor.py:925} INFO - DAG(s) 'db_and_model_update' retrieved from /opt/airflow/dags/db_and_model_update_dag.py
[2026-04-01T07:13:17.773+0000] {logging_mixin.py:190} INFO - [2026-04-01T07:13:17.773+0000] {dag.py:3239} INFO - Sync 1 DAGs
[2026-04-01T07:13:17.833+0000] {processor.py:208} INFO - Processing /opt/airflow/dags/db_and_model_update_dag.py took 0.170 seconds
[2026-04-01T07:13:48.748+0000] {processor.py:186} INFO - Started process (PID=12644) to work on /opt/airflow/dags/db_and_model_update_dag.py
[2026-04-01T07:13:48.749+0000] {processor.py:914} INFO - Processing file /opt/airflow/dags/db_and_model_update_dag.py for tasks to queue
[2026-04-01T07:13:48.753+0000] {logging_mixin.py:190} INFO - [2026-04-01T07:13:48.752+0000] {dagbag.py:588} INFO - Filling up the DagBag from /opt/airflow/dags/db_and_model_update_dag.py
[2026-04-01T07:13:48.795+0000] {processor.py:925} INFO - DAG(s) 'db_and_model_update' retrieved from /opt/airflow/dags/db_and_model_update_dag.py
[2026-04-01T07:13:48.852+0000] {logging_mixin.py:190} INFO - [2026-04-01T07:13:48.852+0000] {dag.py:3239} INFO - Sync 1 DAGs
[2026-04-01T07:13:48.968+0000] {processor.py:208} INFO - Processing /opt/airflow/dags/db_and_model_update_dag.py took 0.230 seconds
[2026-04-01T07:14:19.104+0000] {processor.py:186} INFO - Started process (PID=12654) to work on /opt/airflow/dags/db_and_model_update_dag.py
[2026-04-01T07:14:19.105+0000] {processor.py:914} INFO - Processing file /opt/airflow/dags/db_and_model_update_dag.py for tasks to queue
[2026-04-01T07:14:19.109+0000] {logging_mixin.py:190} INFO - [2026-04-01T07:14:19.108+0000] {dagbag.py:588} INFO - Filling up the DagBag from /opt/airflow/dags/db_and_model_update_dag.py
[2026-04-01T07:14:19.136+0000] {processor.py:925} INFO - DAG(s) 'db_and_model_update' retrieved from /opt/airflow/dags/db_and_model_update_dag.py
[2026-04-01T07:14:19.175+0000] {logging_mixin.py:190} INFO - [2026-04-01T07:14:19.175+0000] {dag.py:3239} INFO - Sync 1 DAGs
[2026-04-01T07:14:19.202+0000] {logging_mixin.py:190} INFO - [2026-04-01T07:14:19.202+0000] {dag.py:4180} INFO - Setting next_dagrun for db_and_model_update to 2026-03-30 14:00:00+00:00, run_after=2026-04-06 14:00:00+00:00
[2026-04-01T07:14:19.225+0000] {processor.py:208} INFO - Processing /opt/airflow/dags/db_and_model_update_dag.py took 0.131 seconds
[2026-04-01T07:14:49.301+0000] {processor.py:186} INFO - Started process (PID=12664) to work on /opt/airflow/dags/db_and_model_update_dag.py
[2026-04-01T07:14:49.302+0000] {processor.py:914} INFO - Processing file /opt/airflow/dags/db_and_model_update_dag.py for tasks to queue
[2026-04-01T07:14:49.306+0000] {logging_mixin.py:190} INFO - [2026-04-01T07:14:49.306+0000] {dagbag.py:588} INFO - Filling up the DagBag from /opt/airflow/dags/db_and_model_update_dag.py
[2026-04-01T07:14:49.328+0000] {processor.py:925} INFO - DAG(s) 'db_and_model_update' retrieved from /opt/airflow/dags/db_and_model_update_dag.py
[2026-04-01T07:14:49.363+0000] {logging_mixin.py:190} INFO - [2026-04-01T07:14:49.363+0000] {dag.py:3239} INFO - Sync 1 DAGs
[2026-04-01T07:14:49.388+0000] {logging_mixin.py:190} INFO - [2026-04-01T07:14:49.387+0000] {dag.py:4180} INFO - Setting next_dagrun for db_and_model_update to 2026-03-30 14:00:00+00:00, run_after=2026-04-06 14:00:00+00:00
[2026-04-01T07:14:49.407+0000] {processor.py:208} INFO - Processing /opt/airflow/dags/db_and_model_update_dag.py took 0.117 seconds
[2026-04-01T07:15:20.392+0000] {processor.py:186} INFO - Started process (PID=12674) to work on /opt/airflow/dags/db_and_model_update_dag.py
[2026-04-01T07:15:20.394+0000] {processor.py:914} INFO - Processing file /opt/airflow/dags/db_and_model_update_dag.py for tasks to queue
[2026-04-01T07:15:20.397+0000] {logging_mixin.py:190} INFO - [2026-04-01T07:15:20.396+0000] {dagbag.py:588} INFO - Filling up the DagBag from /opt/airflow/dags/db_and_model_update_dag.py
[2026-04-01T07:15:20.419+0000] {processor.py:925} INFO - DAG(s) 'db_and_model_update' retrieved from /opt/airflow/dags/db_and_model_update_dag.py
[2026-04-01T07:15:20.453+0000] {logging_mixin.py:190} INFO - [2026-04-01T07:15:20.453+0000] {dag.py:3239} INFO - Sync 1 DAGs
[2026-04-01T07:15:20.480+0000] {logging_mixin.py:190} INFO - [2026-04-01T07:15:20.479+0000] {dag.py:4180} INFO - Setting next_dagrun for db_and_model_update to 2026-03-30 14:00:00+00:00, run_after=2026-04-06 14:00:00+00:00
[2026-04-01T07:15:20.523+0000] {processor.py:208} INFO - Processing /opt/airflow/dags/db_and_model_update_dag.py took 0.138 seconds
[2026-04-01T07:15:50.593+0000] {processor.py:186} INFO - Started process (PID=12684) to work on /opt/airflow/dags/db_and_model_update_dag.py
[2026-04-01T07:15:50.595+0000] {processor.py:914} INFO - Processing file /opt/airflow/dags/db_and_model_update_dag.py for tasks to queue
[2026-04-01T07:15:50.601+0000] {logging_mixin.py:190} INFO - [2026-04-01T07:15:50.600+0000] {dagbag.py:588} INFO - Filling up the DagBag from /opt/airflow/dags/db_and_model_update_dag.py
[2026-04-01T07:15:50.630+0000] {processor.py:925} INFO - DAG(s) 'db_and_model_update' retrieved from /opt/airflow/dags/db_and_model_update_dag.py
[2026-04-01T07:15:50.672+0000] {logging_mixin.py:190} INFO - [2026-04-01T07:15:50.672+0000] {dag.py:3239} INFO - Sync 1 DAGs
[2026-04-01T07:15:50.702+0000] {logging_mixin.py:190} INFO - [2026-04-01T07:15:50.702+0000] {dag.py:4180} INFO - Setting next_dagrun for db_and_model_update to 2026-03-30 14:00:00+00:00, run_after=2026-04-06 14:00:00+00:00
[2026-04-01T07:15:50.725+0000] {processor.py:208} INFO - Processing /opt/airflow/dags/db_and_model_update_dag.py took 0.144 seconds
[2026-04-01T07:16:21.766+0000] {processor.py:186} INFO - Started process (PID=12694) to work on /opt/airflow/dags/db_and_model_update_dag.py
[2026-04-01T07:16:21.767+0000] {processor.py:914} INFO - Processing file /opt/airflow/dags/db_and_model_update_dag.py for tasks to queue
[2026-04-01T07:16:21.771+0000] {logging_mixin.py:190} INFO - [2026-04-01T07:16:21.771+0000] {dagbag.py:588} INFO - Filling up the DagBag from /opt/airflow/dags/db_and_model_update_dag.py
[2026-04-01T07:16:21.800+0000] {processor.py:925} INFO - DAG(s) 'db_and_model_update' retrieved from /opt/airflow/dags/db_and_model_update_dag.py
[2026-04-01T07:16:21.835+0000] {logging_mixin.py:190} INFO - [2026-04-01T07:16:21.835+0000] {dag.py:3239} INFO - Sync 1 DAGs
[2026-04-01T07:16:21.862+0000] {logging_mixin.py:190} INFO - [2026-04-01T07:16:21.862+0000] {dag.py:4180} INFO - Setting next_dagrun for db_and_model_update to 2026-03-30 14:00:00+00:00, run_after=2026-04-06 14:00:00+00:00
[2026-04-01T07:16:21.882+0000] {processor.py:208} INFO - Processing /opt/airflow/dags/db_and_model_update_dag.py took 0.126 seconds
[2026-04-01T07:16:52.793+0000] {processor.py:186} INFO - Started process (PID=12704) to work on /opt/airflow/dags/db_and_model_update_dag.py
[2026-04-01T07:16:52.795+0000] {processor.py:914} INFO - Processing file /opt/airflow/dags/db_and_model_update_dag.py for tasks to queue
[2026-04-01T07:16:52.799+0000] {logging_mixin.py:190} INFO - [2026-04-01T07:16:52.798+0000] {dagbag.py:588} INFO - Filling up the DagBag from /opt/airflow/dags/db_and_model_update_dag.py
[2026-04-01T07:16:52.823+0000] {processor.py:925} INFO - DAG(s) 'db_and_model_update' retrieved from /opt/airflow/dags/db_and_model_update_dag.py
[2026-04-01T07:16:52.859+0000] {logging_mixin.py:190} INFO - [2026-04-01T07:16:52.858+0000] {dag.py:3239} INFO - Sync 1 DAGs
[2026-04-01T07:16:52.889+0000] {logging_mixin.py:190} INFO - [2026-04-01T07:16:52.888+0000] {dag.py:4180} INFO - Setting next_dagrun for db_and_model_update to 2026-03-30 14:00:00+00:00, run_after=2026-04-06 14:00:00+00:00
[2026-04-01T07:16:52.933+0000] {processor.py:208} INFO - Processing /opt/airflow/dags/db_and_model_update_dag.py took 0.148 seconds
[2026-04-01T07:17:23.684+0000] {processor.py:186} INFO - Started process (PID=12714) to work on /opt/airflow/dags/db_and_model_update_dag.py
[2026-04-01T07:17:23.685+0000] {processor.py:914} INFO - Processing file /opt/airflow/dags/db_and_model_update_dag.py for tasks to queue
[2026-04-01T07:17:23.688+0000] {logging_mixin.py:190} INFO - [2026-04-01T07:17:23.688+0000] {dagbag.py:588} INFO - Filling up the DagBag from /opt/airflow/dags/db_and_model_update_dag.py
[2026-04-01T07:17:23.716+0000] {processor.py:925} INFO - DAG(s) 'db_and_model_update' retrieved from /opt/airflow/dags/db_and_model_update_dag.py
[2026-04-01T07:17:23.754+0000] {logging_mixin.py:190} INFO - [2026-04-01T07:17:23.754+0000] {dag.py:3239} INFO - Sync 1 DAGs
[2026-04-01T07:17:23.784+0000] {logging_mixin.py:190} INFO - [2026-04-01T07:17:23.784+0000] {dag.py:4180} INFO - Setting next_dagrun for db_and_model_update to 2026-03-30 14:00:00+00:00, run_after=2026-04-06 14:00:00+00:00
[2026-04-01T07:17:23.806+0000] {processor.py:208} INFO - Processing /opt/airflow/dags/db_and_model_update_dag.py took 0.133 seconds
[2026-04-01T07:17:54.753+0000] {processor.py:186} INFO - Started process (PID=12724) to work on /opt/airflow/dags/db_and_model_update_dag.py
[2026-04-01T07:17:54.755+0000] {processor.py:914} INFO - Processing file /opt/airflow/dags/db_and_model_update_dag.py for tasks to queue
[2026-04-01T07:17:54.761+0000] {logging_mixin.py:190} INFO - [2026-04-01T07:17:54.761+0000] {dagbag.py:588} INFO - Filling up the DagBag from /opt/airflow/dags/db_and_model_update_dag.py
[2026-04-01T07:17:54.804+0000] {processor.py:925} INFO - DAG(s) 'db_and_model_update' retrieved from /opt/airflow/dags/db_and_model_update_dag.py
[2026-04-01T07:17:54.839+0000] {logging_mixin.py:190} INFO - [2026-04-01T07:17:54.838+0000] {dag.py:3239} INFO - Sync 1 DAGs
[2026-04-01T07:17:54.866+0000] {logging_mixin.py:190} INFO - [2026-04-01T07:17:54.866+0000] {dag.py:4180} INFO - Setting next_dagrun for db_and_model_update to 2026-03-30 14:00:00+00:00, run_after=2026-04-06 14:00:00+00:00
[2026-04-01T07:17:54.890+0000] {processor.py:208} INFO - Processing /opt/airflow/dags/db_and_model_update_dag.py took 0.147 seconds
[2026-04-01T07:18:25.933+0000] {processor.py:186} INFO - Started process (PID=12734) to work on /opt/airflow/dags/db_and_model_update_dag.py
[2026-04-01T07:18:25.935+0000] {processor.py:914} INFO - Processing file /opt/airflow/dags/db_and_model_update_dag.py for tasks to queue
[2026-04-01T07:18:25.939+0000] {logging_mixin.py:190} INFO - [2026-04-01T07:18:25.938+0000] {dagbag.py:588} INFO - Filling up the DagBag from /opt/airflow/dags/db_and_model_update_dag.py
[2026-04-01T07:18:25.964+0000] {processor.py:925} INFO - DAG(s) 'db_and_model_update' retrieved from /opt/airflow/dags/db_and_model_update_dag.py
[2026-04-01T07:18:26.000+0000] {logging_mixin.py:190} INFO - [2026-04-01T07:18:26.000+0000] {dag.py:3239} INFO - Sync 1 DAGs
[2026-04-01T07:18:26.025+0000] {logging_mixin.py:190} INFO - [2026-04-01T07:18:26.025+0000] {dag.py:4180} INFO - Setting next_dagrun for db_and_model_update to 2026-03-30 14:00:00+00:00, run_after=2026-04-06 14:00:00+00:00
[2026-04-01T07:18:26.056+0000] {processor.py:208} INFO - Processing /opt/airflow/dags/db_and_model_update_dag.py took 0.131 seconds
[2026-04-01T07:18:56.113+0000] {processor.py:186} INFO - Started process (PID=12744) to work on /opt/airflow/dags/db_and_model_update_dag.py
[2026-04-01T07:18:56.115+0000] {processor.py:914} INFO - Processing file /opt/airflow/dags/db_and_model_update_dag.py for tasks to queue
[2026-04-01T07:18:56.118+0000] {logging_mixin.py:190} INFO - [2026-04-01T07:18:56.118+0000] {dagbag.py:588} INFO - Filling up the DagBag from /opt/airflow/dags/db_and_model_update_dag.py
[2026-04-01T07:18:56.140+0000] {processor.py:925} INFO - DAG(s) 'db_and_model_update' retrieved from /opt/airflow/dags/db_and_model_update_dag.py
[2026-04-01T07:18:56.173+0000] {logging_mixin.py:190} INFO - [2026-04-01T07:18:56.173+0000] {dag.py:3239} INFO - Sync 1 DAGs
[2026-04-01T07:18:56.199+0000] {logging_mixin.py:190} INFO - [2026-04-01T07:18:56.199+0000] {dag.py:4180} INFO - Setting next_dagrun for db_and_model_update to 2026-03-30 14:00:00+00:00, run_after=2026-04-06 14:00:00+00:00
[2026-04-01T07:18:56.218+0000] {processor.py:208} INFO - Processing /opt/airflow/dags/db_and_model_update_dag.py took 0.115 seconds
[2026-04-01T07:19:26.405+0000] {processor.py:186} INFO - Started process (PID=12754) to work on /opt/airflow/dags/db_and_model_update_dag.py
[2026-04-01T07:19:26.406+0000] {processor.py:914} INFO - Processing file /opt/airflow/dags/db_and_model_update_dag.py for tasks to queue
[2026-04-01T07:19:26.410+0000] {logging_mixin.py:190} INFO - [2026-04-01T07:19:26.409+0000] {dagbag.py:588} INFO - Filling up the DagBag from /opt/airflow/dags/db_and_model_update_dag.py
[2026-04-01T07:19:26.440+0000] {processor.py:925} INFO - DAG(s) 'db_and_model_update' retrieved from /opt/airflow/dags/db_and_model_update_dag.py
[2026-04-01T07:19:26.477+0000] {logging_mixin.py:190} INFO - [2026-04-01T07:19:26.476+0000] {dag.py:3239} INFO - Sync 1 DAGs
[2026-04-01T07:19:26.503+0000] {logging_mixin.py:190} INFO - [2026-04-01T07:19:26.502+0000] {dag.py:4180} INFO - Setting next_dagrun for db_and_model_update to 2026-03-30 14:00:00+00:00, run_after=2026-04-06 14:00:00+00:00
[2026-04-01T07:19:26.523+0000] {processor.py:208} INFO - Processing /opt/airflow/dags/db_and_model_update_dag.py took 0.128 seconds
[2026-04-01T07:19:56.600+0000] {processor.py:186} INFO - Started process (PID=12764) to work on /opt/airflow/dags/db_and_model_update_dag.py
[2026-04-01T07:19:56.601+0000] {processor.py:914} INFO - Processing file /opt/airflow/dags/db_and_model_update_dag.py for tasks to queue
[2026-04-01T07:19:56.605+0000] {logging_mixin.py:190} INFO - [2026-04-01T07:19:56.604+0000] {dagbag.py:588} INFO - Filling up the DagBag from /opt/airflow/dags/db_and_model_update_dag.py
[2026-04-01T07:19:56.628+0000] {processor.py:925} INFO - DAG(s) 'db_and_model_update' retrieved from /opt/airflow/dags/db_and_model_update_dag.py
[2026-04-01T07:19:56.664+0000] {logging_mixin.py:190} INFO - [2026-04-01T07:19:56.664+0000] {dag.py:3239} INFO - Sync 1 DAGs
[2026-04-01T07:19:56.688+0000] {logging_mixin.py:190} INFO - [2026-04-01T07:19:56.687+0000] {dag.py:4180} INFO - Setting next_dagrun for db_and_model_update to 2026-03-30 14:00:00+00:00, run_after=2026-04-06 14:00:00+00:00
[2026-04-01T07:19:56.708+0000] {processor.py:208} INFO - Processing /opt/airflow/dags/db_and_model_update_dag.py took 0.118 seconds
[2026-04-01T07:20:26.834+0000] {processor.py:186} INFO - Started process (PID=12774) to work on /opt/airflow/dags/db_and_model_update_dag.py
[2026-04-01T07:20:26.835+0000] {processor.py:914} INFO - Processing file /opt/airflow/dags/db_and_model_update_dag.py for tasks to queue
[2026-04-01T07:20:26.838+0000] {logging_mixin.py:190} INFO - [2026-04-01T07:20:26.837+0000] {dagbag.py:588} INFO - Filling up the DagBag from /opt/airflow/dags/db_and_model_update_dag.py
[2026-04-01T07:20:26.861+0000] {processor.py:925} INFO - DAG(s) 'db_and_model_update' retrieved from /opt/airflow/dags/db_and_model_update_dag.py
[2026-04-01T07:20:26.895+0000] {logging_mixin.py:190} INFO - [2026-04-01T07:20:26.895+0000] {dag.py:3239} INFO - Sync 1 DAGs
[2026-04-01T07:20:26.919+0000] {logging_mixin.py:190} INFO - [2026-04-01T07:20:26.919+0000] {dag.py:4180} INFO - Setting next_dagrun for db_and_model_update to 2026-03-30 14:00:00+00:00, run_after=2026-04-06 14:00:00+00:00
[2026-04-01T07:20:26.942+0000] {processor.py:208} INFO - Processing /opt/airflow/dags/db_and_model_update_dag.py took 0.116 seconds
[2026-04-01T07:20:57.863+0000] {processor.py:186} INFO - Started process (PID=12784) to work on /opt/airflow/dags/db_and_model_update_dag.py
[2026-04-01T07:20:57.864+0000] {processor.py:914} INFO - Processing file /opt/airflow/dags/db_and_model_update_dag.py for tasks to queue
[2026-04-01T07:20:57.870+0000] {logging_mixin.py:190} INFO - [2026-04-01T07:20:57.869+0000] {dagbag.py:588} INFO - Filling up the DagBag from /opt/airflow/dags/db_and_model_update_dag.py
[2026-04-01T07:20:57.898+0000] {processor.py:925} INFO - DAG(s) 'db_and_model_update' retrieved from /opt/airflow/dags/db_and_model_update_dag.py
[2026-04-01T07:20:57.931+0000] {logging_mixin.py:190} INFO - [2026-04-01T07:20:57.931+0000] {dag.py:3239} INFO - Sync 1 DAGs
[2026-04-01T07:20:57.956+0000] {logging_mixin.py:190} INFO - [2026-04-01T07:20:57.955+0000] {dag.py:4180} INFO - Setting next_dagrun for db_and_model_update to 2026-03-30 14:00:00+00:00, run_after=2026-04-06 14:00:00+00:00
[2026-04-01T07:20:57.977+0000] {processor.py:208} INFO - Processing /opt/airflow/dags/db_and_model_update_dag.py took 0.125 seconds
[2026-04-01T07:21:28.190+0000] {processor.py:186} INFO - Started process (PID=12794) to work on /opt/airflow/dags/db_and_model_update_dag.py
[2026-04-01T07:21:28.192+0000] {processor.py:914} INFO - Processing file /opt/airflow/dags/db_and_model_update_dag.py for tasks to queue
[2026-04-01T07:21:28.196+0000] {logging_mixin.py:190} INFO - [2026-04-01T07:21:28.195+0000] {dagbag.py:588} INFO - Filling up the DagBag from /opt/airflow/dags/db_and_model_update_dag.py
[2026-04-01T07:21:28.240+0000] {processor.py:925} INFO - DAG(s) 'db_and_model_update' retrieved from /opt/airflow/dags/db_and_model_update_dag.py
[2026-04-01T07:21:28.273+0000] {logging_mixin.py:190} INFO - [2026-04-01T07:21:28.273+0000] {dag.py:3239} INFO - Sync 1 DAGs
[2026-04-01T07:21:28.297+0000] {logging_mixin.py:190} INFO - [2026-04-01T07:21:28.297+0000] {dag.py:4180} INFO - Setting next_dagrun for db_and_model_update to 2026-03-30 14:00:00+00:00, run_after=2026-04-06 14:00:00+00:00
[2026-04-01T07:21:28.336+0000] {processor.py:208} INFO - Processing /opt/airflow/dags/db_and_model_update_dag.py took 0.155 seconds
[2026-04-01T07:21:58.511+0000] {processor.py:186} INFO - Started process (PID=12804) to work on /opt/airflow/dags/db_and_model_update_dag.py
[2026-04-01T07:21:58.513+0000] {processor.py:914} INFO - Processing file /opt/airflow/dags/db_and_model_update_dag.py for tasks to queue
[2026-04-01T07:21:58.516+0000] {logging_mixin.py:190} INFO - [2026-04-01T07:21:58.516+0000] {dagbag.py:588} INFO - Filling up the DagBag from /opt/airflow/dags/db_and_model_update_dag.py
[2026-04-01T07:21:58.539+0000] {processor.py:925} INFO - DAG(s) 'db_and_model_update' retrieved from /opt/airflow/dags/db_and_model_update_dag.py
[2026-04-01T07:21:58.574+0000] {logging_mixin.py:190} INFO - [2026-04-01T07:21:58.574+0000] {dag.py:3239} INFO - Sync 1 DAGs
[2026-04-01T07:21:58.597+0000] {logging_mixin.py:190} INFO - [2026-04-01T07:21:58.597+0000] {dag.py:4180} INFO - Setting next_dagrun for db_and_model_update to 2026-03-30 14:00:00+00:00, run_after=2026-04-06 14:00:00+00:00
[2026-04-01T07:21:58.618+0000] {processor.py:208} INFO - Processing /opt/airflow/dags/db_and_model_update_dag.py took 0.116 seconds
[2026-04-01T07:22:28.805+0000] {processor.py:186} INFO - Started process (PID=12822) to work on /opt/airflow/dags/db_and_model_update_dag.py
[2026-04-01T07:22:28.807+0000] {processor.py:914} INFO - Processing file /opt/airflow/dags/db_and_model_update_dag.py for tasks to queue
[2026-04-01T07:22:28.810+0000] {logging_mixin.py:190} INFO - [2026-04-01T07:22:28.809+0000] {dagbag.py:588} INFO - Filling up the DagBag from /opt/airflow/dags/db_and_model_update_dag.py
[2026-04-01T07:22:28.834+0000] {processor.py:925} INFO - DAG(s) 'db_and_model_update' retrieved from /opt/airflow/dags/db_and_model_update_dag.py
[2026-04-01T07:22:28.870+0000] {logging_mixin.py:190} INFO - [2026-04-01T07:22:28.869+0000] {dag.py:3239} INFO - Sync 1 DAGs
[2026-04-01T07:22:28.922+0000] {processor.py:208} INFO - Processing /opt/airflow/dags/db_and_model_update_dag.py took 0.126 seconds
[2026-04-01T07:22:59.027+0000] {processor.py:186} INFO - Started process (PID=12840) to work on /opt/airflow/dags/db_and_model_update_dag.py
[2026-04-01T07:22:59.028+0000] {processor.py:914} INFO - Processing file /opt/airflow/dags/db_and_model_update_dag.py for tasks to queue
[2026-04-01T07:22:59.032+0000] {logging_mixin.py:190} INFO - [2026-04-01T07:22:59.031+0000] {dagbag.py:588} INFO - Filling up the DagBag from /opt/airflow/dags/db_and_model_update_dag.py
[2026-04-01T07:22:59.061+0000] {processor.py:925} INFO - DAG(s) 'db_and_model_update' retrieved from /opt/airflow/dags/db_and_model_update_dag.py
[2026-04-01T07:22:59.109+0000] {logging_mixin.py:190} INFO - [2026-04-01T07:22:59.108+0000] {dag.py:3239} INFO - Sync 1 DAGs
[2026-04-01T07:22:59.163+0000] {processor.py:208} INFO - Processing /opt/airflow/dags/db_and_model_update_dag.py took 0.147 seconds
[2026-04-01T07:23:29.284+0000] {processor.py:186} INFO - Started process (PID=12850) to work on /opt/airflow/dags/db_and_model_update_dag.py
[2026-04-01T07:23:29.285+0000] {processor.py:914} INFO - Processing file /opt/airflow/dags/db_and_model_update_dag.py for tasks to queue
[2026-04-01T07:23:29.290+0000] {logging_mixin.py:190} INFO - [2026-04-01T07:23:29.290+0000] {dagbag.py:588} INFO - Filling up the DagBag from /opt/airflow/dags/db_and_model_update_dag.py
[2026-04-01T07:23:29.318+0000] {processor.py:925} INFO - DAG(s) 'db_and_model_update' retrieved from /opt/airflow/dags/db_and_model_update_dag.py
[2026-04-01T07:23:29.355+0000] {logging_mixin.py:190} INFO - [2026-04-01T07:23:29.355+0000] {dag.py:3239} INFO - Sync 1 DAGs
[2026-04-01T07:23:29.405+0000] {processor.py:208} INFO - Processing /opt/airflow/dags/db_and_model_update_dag.py took 0.132 seconds
[2026-04-01T07:23:59.537+0000] {processor.py:186} INFO - Started process (PID=12860) to work on /opt/airflow/dags/db_and_model_update_dag.py
[2026-04-01T07:23:59.540+0000] {processor.py:914} INFO - Processing file /opt/airflow/dags/db_and_model_update_dag.py for tasks to queue
[2026-04-01T07:23:59.545+0000] {logging_mixin.py:190} INFO - [2026-04-01T07:23:59.545+0000] {dagbag.py:588} INFO - Filling up the DagBag from /opt/airflow/dags/db_and_model_update_dag.py
[2026-04-01T07:23:59.573+0000] {processor.py:925} INFO - DAG(s) 'db_and_model_update' retrieved from /opt/airflow/dags/db_and_model_update_dag.py
[2026-04-01T07:23:59.620+0000] {logging_mixin.py:190} INFO - [2026-04-01T07:23:59.620+0000] {dag.py:3239} INFO - Sync 1 DAGs
[2026-04-01T07:23:59.681+0000] {processor.py:208} INFO - Processing /opt/airflow/dags/db_and_model_update_dag.py took 0.156 seconds
[2026-04-01T07:24:29.787+0000] {processor.py:186} INFO - Started process (PID=12870) to work on /opt/airflow/dags/db_and_model_update_dag.py
[2026-04-01T07:24:29.789+0000] {processor.py:914} INFO - Processing file /opt/airflow/dags/db_and_model_update_dag.py for tasks to queue
[2026-04-01T07:24:29.794+0000] {logging_mixin.py:190} INFO - [2026-04-01T07:24:29.793+0000] {dagbag.py:588} INFO - Filling up the DagBag from /opt/airflow/dags/db_and_model_update_dag.py
[2026-04-01T07:24:29.834+0000] {processor.py:925} INFO - DAG(s) 'db_and_model_update' retrieved from /opt/airflow/dags/db_and_model_update_dag.py
[2026-04-01T07:24:29.881+0000] {logging_mixin.py:190} INFO - [2026-04-01T07:24:29.880+0000] {dag.py:3239} INFO - Sync 1 DAGs
[2026-04-01T07:24:29.941+0000] {processor.py:208} INFO - Processing /opt/airflow/dags/db_and_model_update_dag.py took 0.164 seconds
[2026-04-01T07:25:00.066+0000] {processor.py:186} INFO - Started process (PID=12880) to work on /opt/airflow/dags/db_and_model_update_dag.py
[2026-04-01T07:25:00.068+0000] {processor.py:914} INFO - Processing file /opt/airflow/dags/db_and_model_update_dag.py for tasks to queue
[2026-04-01T07:25:00.073+0000] {logging_mixin.py:190} INFO - [2026-04-01T07:25:00.073+0000] {dagbag.py:588} INFO - Filling up the DagBag from /opt/airflow/dags/db_and_model_update_dag.py
[2026-04-01T07:25:00.113+0000] {processor.py:925} INFO - DAG(s) 'db_and_model_update' retrieved from /opt/airflow/dags/db_and_model_update_dag.py
[2026-04-01T07:25:00.158+0000] {logging_mixin.py:190} INFO - [2026-04-01T07:25:00.158+0000] {dag.py:3239} INFO - Sync 1 DAGs
[2026-04-01T07:25:00.212+0000] {processor.py:208} INFO - Processing /opt/airflow/dags/db_and_model_update_dag.py took 0.157 seconds
[2026-04-01T07:25:30.754+0000] {processor.py:186} INFO - Started process (PID=12893) to work on /opt/airflow/dags/db_and_model_update_dag.py
[2026-04-01T07:25:30.755+0000] {processor.py:914} INFO - Processing file /opt/airflow/dags/db_and_model_update_dag.py for tasks to queue
[2026-04-01T07:25:30.759+0000] {logging_mixin.py:190} INFO - [2026-04-01T07:25:30.758+0000] {dagbag.py:588} INFO - Filling up the DagBag from /opt/airflow/dags/db_and_model_update_dag.py
[2026-04-01T07:25:30.801+0000] {processor.py:925} INFO - DAG(s) 'db_and_model_update' retrieved from /opt/airflow/dags/db_and_model_update_dag.py
[2026-04-01T07:25:30.880+0000] {logging_mixin.py:190} INFO - [2026-04-01T07:25:30.880+0000] {dag.py:3239} INFO - Sync 1 DAGs
[2026-04-01T07:25:30.934+0000] {processor.py:208} INFO - Processing /opt/airflow/dags/db_and_model_update_dag.py took 0.195 seconds
[2026-04-01T07:25:59.805+0000] {processor.py:186} INFO - Started process (PID=12903) to work on /opt/airflow/dags/db_and_model_update_dag.py
[2026-04-01T07:25:59.806+0000] {processor.py:914} INFO - Processing file /opt/airflow/dags/db_and_model_update_dag.py for tasks to queue
[2026-04-01T07:25:59.810+0000] {logging_mixin.py:190} INFO - [2026-04-01T07:25:59.809+0000] {dagbag.py:588} INFO - Filling up the DagBag from /opt/airflow/dags/db_and_model_update_dag.py
[2026-04-01T07:25:59.839+0000] {processor.py:925} INFO - DAG(s) 'db_and_model_update' retrieved from /opt/airflow/dags/db_and_model_update_dag.py
[2026-04-01T07:25:59.918+0000] {logging_mixin.py:190} INFO - [2026-04-01T07:25:59.918+0000] {dag.py:3239} INFO - Sync 1 DAGs
[2026-04-01T07:26:00.007+0000] {processor.py:208} INFO - Processing /opt/airflow/dags/db_and_model_update_dag.py took 0.212 seconds
[2026-04-01T07:26:30.085+0000] {processor.py:186} INFO - Started process (PID=12913) to work on /opt/airflow/dags/db_and_model_update_dag.py
[2026-04-01T07:26:30.087+0000] {processor.py:914} INFO - Processing file /opt/airflow/dags/db_and_model_update_dag.py for tasks to queue
[2026-04-01T07:26:30.091+0000] {logging_mixin.py:190} INFO - [2026-04-01T07:26:30.090+0000] {dagbag.py:588} INFO - Filling up the DagBag from /opt/airflow/dags/db_and_model_update_dag.py
[2026-04-01T07:26:30.126+0000] {processor.py:925} INFO - DAG(s) 'db_and_model_update' retrieved from /opt/airflow/dags/db_and_model_update_dag.py
[2026-04-01T07:26:30.165+0000] {logging_mixin.py:190} INFO - [2026-04-01T07:26:30.165+0000] {dag.py:3239} INFO - Sync 1 DAGs
[2026-04-01T07:26:30.213+0000] {processor.py:208} INFO - Processing /opt/airflow/dags/db_and_model_update_dag.py took 0.138 seconds
[2026-04-01T07:27:00.322+0000] {processor.py:186} INFO - Started process (PID=12923) to work on /opt/airflow/dags/db_and_model_update_dag.py
[2026-04-01T07:27:00.324+0000] {processor.py:914} INFO - Processing file /opt/airflow/dags/db_and_model_update_dag.py for tasks to queue
[2026-04-01T07:27:00.328+0000] {logging_mixin.py:190} INFO - [2026-04-01T07:27:00.328+0000] {dagbag.py:588} INFO - Filling up the DagBag from /opt/airflow/dags/db_and_model_update_dag.py
[2026-04-01T07:27:00.356+0000] {processor.py:925} INFO - DAG(s) 'db_and_model_update' retrieved from /opt/airflow/dags/db_and_model_update_dag.py
[2026-04-01T07:27:00.401+0000] {logging_mixin.py:190} INFO - [2026-04-01T07:27:00.401+0000] {dag.py:3239} INFO - Sync 1 DAGs
[2026-04-01T07:27:00.478+0000] {processor.py:208} INFO - Processing /opt/airflow/dags/db_and_model_update_dag.py took 0.166 seconds
[2026-04-01T07:27:30.743+0000] {processor.py:186} INFO - Started process (PID=12933) to work on /opt/airflow/dags/db_and_model_update_dag.py
[2026-04-01T07:27:30.745+0000] {processor.py:914} INFO - Processing file /opt/airflow/dags/db_and_model_update_dag.py for tasks to queue
[2026-04-01T07:27:30.750+0000] {logging_mixin.py:190} INFO - [2026-04-01T07:27:30.749+0000] {dagbag.py:588} INFO - Filling up the DagBag from /opt/airflow/dags/db_and_model_update_dag.py
[2026-04-01T07:27:30.787+0000] {processor.py:925} INFO - DAG(s) 'db_and_model_update' retrieved from /opt/airflow/dags/db_and_model_update_dag.py
[2026-04-01T07:27:30.833+0000] {logging_mixin.py:190} INFO - [2026-04-01T07:27:30.832+0000] {dag.py:3239} INFO - Sync 1 DAGs
[2026-04-01T07:27:30.915+0000] {processor.py:208} INFO - Processing /opt/airflow/dags/db_and_model_update_dag.py took 0.183 seconds
[2026-04-01T07:28:01.025+0000] {processor.py:186} INFO - Started process (PID=12943) to work on /opt/airflow/dags/db_and_model_update_dag.py
[2026-04-01T07:28:01.028+0000] {processor.py:914} INFO - Processing file /opt/airflow/dags/db_and_model_update_dag.py for tasks to queue
[2026-04-01T07:28:01.033+0000] {logging_mixin.py:190} INFO - [2026-04-01T07:28:01.032+0000] {dagbag.py:588} INFO - Filling up the DagBag from /opt/airflow/dags/db_and_model_update_dag.py
[2026-04-01T07:28:01.062+0000] {processor.py:925} INFO - DAG(s) 'db_and_model_update' retrieved from /opt/airflow/dags/db_and_model_update_dag.py
[2026-04-01T07:28:01.106+0000] {logging_mixin.py:190} INFO - [2026-04-01T07:28:01.106+0000] {dag.py:3239} INFO - Sync 1 DAGs
[2026-04-01T07:28:01.158+0000] {processor.py:208} INFO - Processing /opt/airflow/dags/db_and_model_update_dag.py took 0.144 seconds
[2026-04-01T07:28:31.357+0000] {processor.py:186} INFO - Started process (PID=12953) to work on /opt/airflow/dags/db_and_model_update_dag.py
[2026-04-01T07:28:31.359+0000] {processor.py:914} INFO - Processing file /opt/airflow/dags/db_and_model_update_dag.py for tasks to queue
[2026-04-01T07:28:31.363+0000] {logging_mixin.py:190} INFO - [2026-04-01T07:28:31.362+0000] {dagbag.py:588} INFO - Filling up the DagBag from /opt/airflow/dags/db_and_model_update_dag.py
[2026-04-01T07:28:31.396+0000] {processor.py:925} INFO - DAG(s) 'db_and_model_update' retrieved from /opt/airflow/dags/db_and_model_update_dag.py
[2026-04-01T07:28:31.500+0000] {logging_mixin.py:190} INFO - [2026-04-01T07:28:31.500+0000] {dag.py:3239} INFO - Sync 1 DAGs
[2026-04-01T07:28:31.577+0000] {processor.py:208} INFO - Processing /opt/airflow/dags/db_and_model_update_dag.py took 0.231 seconds
[2026-04-01T07:29:01.735+0000] {processor.py:186} INFO - Started process (PID=12963) to work on /opt/airflow/dags/db_and_model_update_dag.py
[2026-04-01T07:29:01.738+0000] {processor.py:914} INFO - Processing file /opt/airflow/dags/db_and_model_update_dag.py for tasks to queue
[2026-04-01T07:29:01.742+0000] {logging_mixin.py:190} INFO - [2026-04-01T07:29:01.742+0000] {dagbag.py:588} INFO - Filling up the DagBag from /opt/airflow/dags/db_and_model_update_dag.py
[2026-04-01T07:29:01.787+0000] {processor.py:925} INFO - DAG(s) 'db_and_model_update' retrieved from /opt/airflow/dags/db_and_model_update_dag.py
[2026-04-01T07:29:01.832+0000] {logging_mixin.py:190} INFO - [2026-04-01T07:29:01.832+0000] {dag.py:3239} INFO - Sync 1 DAGs
[2026-04-01T07:29:01.884+0000] {processor.py:208} INFO - Processing /opt/airflow/dags/db_and_model_update_dag.py took 0.164 seconds
[2026-04-01T07:29:31.976+0000] {processor.py:186} INFO - Started process (PID=12973) to work on /opt/airflow/dags/db_and_model_update_dag.py
[2026-04-01T07:29:31.977+0000] {processor.py:914} INFO - Processing file /opt/airflow/dags/db_and_model_update_dag.py for tasks to queue
[2026-04-01T07:29:31.981+0000] {logging_mixin.py:190} INFO - [2026-04-01T07:29:31.981+0000] {dagbag.py:588} INFO - Filling up the DagBag from /opt/airflow/dags/db_and_model_update_dag.py
[2026-04-01T07:29:32.006+0000] {processor.py:925} INFO - DAG(s) 'db_and_model_update' retrieved from /opt/airflow/dags/db_and_model_update_dag.py
[2026-04-01T07:29:32.047+0000] {logging_mixin.py:190} INFO - [2026-04-01T07:29:32.047+0000] {dag.py:3239} INFO - Sync 1 DAGs
[2026-04-01T07:29:32.095+0000] {processor.py:208} INFO - Processing /opt/airflow/dags/db_and_model_update_dag.py took 0.131 seconds
[2026-04-01T07:30:02.282+0000] {processor.py:186} INFO - Started process (PID=12983) to work on /opt/airflow/dags/db_and_model_update_dag.py
[2026-04-01T07:30:02.283+0000] {processor.py:914} INFO - Processing file /opt/airflow/dags/db_and_model_update_dag.py for tasks to queue
[2026-04-01T07:30:02.288+0000] {logging_mixin.py:190} INFO - [2026-04-01T07:30:02.287+0000] {dagbag.py:588} INFO - Filling up the DagBag from /opt/airflow/dags/db_and_model_update_dag.py
[2026-04-01T07:30:02.314+0000] {processor.py:925} INFO - DAG(s) 'db_and_model_update' retrieved from /opt/airflow/dags/db_and_model_update_dag.py
[2026-04-01T07:30:02.358+0000] {logging_mixin.py:190} INFO - [2026-04-01T07:30:02.357+0000] {dag.py:3239} INFO - Sync 1 DAGs
[2026-04-01T07:30:02.415+0000] {processor.py:208} INFO - Processing /opt/airflow/dags/db_and_model_update_dag.py took 0.143 seconds
[2026-04-01T07:30:32.539+0000] {processor.py:186} INFO - Started process (PID=13001) to work on /opt/airflow/dags/db_and_model_update_dag.py
[2026-04-01T07:30:32.540+0000] {processor.py:914} INFO - Processing file /opt/airflow/dags/db_and_model_update_dag.py for tasks to queue
[2026-04-01T07:30:32.544+0000] {logging_mixin.py:190} INFO - [2026-04-01T07:30:32.544+0000] {dagbag.py:588} INFO - Filling up the DagBag from /opt/airflow/dags/db_and_model_update_dag.py
[2026-04-01T07:30:32.571+0000] {processor.py:925} INFO - DAG(s) 'db_and_model_update' retrieved from /opt/airflow/dags/db_and_model_update_dag.py
[2026-04-01T07:30:32.614+0000] {logging_mixin.py:190} INFO - [2026-04-01T07:30:32.614+0000] {dag.py:3239} INFO - Sync 1 DAGs
[2026-04-01T07:30:32.668+0000] {processor.py:208} INFO - Processing /opt/airflow/dags/db_and_model_update_dag.py took 0.140 seconds
[2026-04-01T07:31:02.859+0000] {processor.py:186} INFO - Started process (PID=13011) to work on /opt/airflow/dags/db_and_model_update_dag.py
[2026-04-01T07:31:02.860+0000] {processor.py:914} INFO - Processing file /opt/airflow/dags/db_and_model_update_dag.py for tasks to queue
[2026-04-01T07:31:02.865+0000] {logging_mixin.py:190} INFO - [2026-04-01T07:31:02.864+0000] {dagbag.py:588} INFO - Filling up the DagBag from /opt/airflow/dags/db_and_model_update_dag.py
[2026-04-01T07:31:02.892+0000] {processor.py:925} INFO - DAG(s) 'db_and_model_update' retrieved from /opt/airflow/dags/db_and_model_update_dag.py
[2026-04-01T07:31:02.930+0000] {logging_mixin.py:190} INFO - [2026-04-01T07:31:02.930+0000] {dag.py:3239} INFO - Sync 1 DAGs
[2026-04-01T07:31:02.980+0000] {processor.py:208} INFO - Processing /opt/airflow/dags/db_and_model_update_dag.py took 0.132 seconds
[2026-04-01T07:31:33.058+0000] {processor.py:186} INFO - Started process (PID=13021) to work on /opt/airflow/dags/db_and_model_update_dag.py
[2026-04-01T07:31:33.059+0000] {processor.py:914} INFO - Processing file /opt/airflow/dags/db_and_model_update_dag.py for tasks to queue
[2026-04-01T07:31:33.063+0000] {logging_mixin.py:190} INFO - [2026-04-01T07:31:33.062+0000] {dagbag.py:588} INFO - Filling up the DagBag from /opt/airflow/dags/db_and_model_update_dag.py
[2026-04-01T07:31:33.092+0000] {processor.py:925} INFO - DAG(s) 'db_and_model_update' retrieved from /opt/airflow/dags/db_and_model_update_dag.py
[2026-04-01T07:31:33.133+0000] {logging_mixin.py:190} INFO - [2026-04-01T07:31:33.133+0000] {dag.py:3239} INFO - Sync 1 DAGs
[2026-04-01T07:31:33.197+0000] {processor.py:208} INFO - Processing /opt/airflow/dags/db_and_model_update_dag.py took 0.150 seconds
[2026-04-01T07:32:03.486+0000] {processor.py:186} INFO - Started process (PID=13031) to work on /opt/airflow/dags/db_and_model_update_dag.py
[2026-04-01T07:32:03.488+0000] {processor.py:914} INFO - Processing file /opt/airflow/dags/db_and_model_update_dag.py for tasks to queue
[2026-04-01T07:32:03.492+0000] {logging_mixin.py:190} INFO - [2026-04-01T07:32:03.492+0000] {dagbag.py:588} INFO - Filling up the DagBag from /opt/airflow/dags/db_and_model_update_dag.py
[2026-04-01T07:32:03.522+0000] {processor.py:925} INFO - DAG(s) 'db_and_model_update' retrieved from /opt/airflow/dags/db_and_model_update_dag.py
[2026-04-01T07:32:03.564+0000] {logging_mixin.py:190} INFO - [2026-04-01T07:32:03.564+0000] {dag.py:3239} INFO - Sync 1 DAGs
[2026-04-01T07:32:03.645+0000] {processor.py:208} INFO - Processing /opt/airflow/dags/db_and_model_update_dag.py took 0.171 seconds
[2026-04-01T07:32:34.015+0000] {processor.py:186} INFO - Started process (PID=13041) to work on /opt/airflow/dags/db_and_model_update_dag.py
[2026-04-01T07:32:34.018+0000] {processor.py:914} INFO - Processing file /opt/airflow/dags/db_and_model_update_dag.py for tasks to queue
[2026-04-01T07:32:34.025+0000] {logging_mixin.py:190} INFO - [2026-04-01T07:32:34.024+0000] {dagbag.py:588} INFO - Filling up the DagBag from /opt/airflow/dags/db_and_model_update_dag.py
[2026-04-01T07:32:34.063+0000] {processor.py:925} INFO - DAG(s) 'db_and_model_update' retrieved from /opt/airflow/dags/db_and_model_update_dag.py
[2026-04-01T07:32:34.134+0000] {logging_mixin.py:190} INFO - [2026-04-01T07:32:34.133+0000] {dag.py:3239} INFO - Sync 1 DAGs
[2026-04-01T07:32:34.211+0000] {processor.py:208} INFO - Processing /opt/airflow/dags/db_and_model_update_dag.py took 0.225 seconds
[2026-04-01T07:33:04.340+0000] {processor.py:186} INFO - Started process (PID=13051) to work on /opt/airflow/dags/db_and_model_update_dag.py
[2026-04-01T07:33:04.341+0000] {processor.py:914} INFO - Processing file /opt/airflow/dags/db_and_model_update_dag.py for tasks to queue
[2026-04-01T07:33:04.346+0000] {logging_mixin.py:190} INFO - [2026-04-01T07:33:04.345+0000] {dagbag.py:588} INFO - Filling up the DagBag from /opt/airflow/dags/db_and_model_update_dag.py
[2026-04-01T07:33:04.377+0000] {processor.py:925} INFO - DAG(s) 'db_and_model_update' retrieved from /opt/airflow/dags/db_and_model_update_dag.py
[2026-04-01T07:33:04.423+0000] {logging_mixin.py:190} INFO - [2026-04-01T07:33:04.422+0000] {dag.py:3239} INFO - Sync 1 DAGs
[2026-04-01T07:33:04.480+0000] {processor.py:208} INFO - Processing /opt/airflow/dags/db_and_model_update_dag.py took 0.153 seconds
[2026-04-01T07:33:34.594+0000] {processor.py:186} INFO - Started process (PID=13061) to work on /opt/airflow/dags/db_and_model_update_dag.py
[2026-04-01T07:33:34.596+0000] {processor.py:914} INFO - Processing file /opt/airflow/dags/db_and_model_update_dag.py for tasks to queue
[2026-04-01T07:33:34.599+0000] {logging_mixin.py:190} INFO - [2026-04-01T07:33:34.599+0000] {dagbag.py:588} INFO - Filling up the DagBag from /opt/airflow/dags/db_and_model_update_dag.py
[2026-04-01T07:33:34.646+0000] {processor.py:925} INFO - DAG(s) 'db_and_model_update' retrieved from /opt/airflow/dags/db_and_model_update_dag.py
[2026-04-01T07:33:34.690+0000] {logging_mixin.py:190} INFO - [2026-04-01T07:33:34.689+0000] {dag.py:3239} INFO - Sync 1 DAGs
[2026-04-01T07:33:34.758+0000] {processor.py:208} INFO - Processing /opt/airflow/dags/db_and_model_update_dag.py took 0.176 seconds
[2026-04-01T07:34:04.964+0000] {processor.py:186} INFO - Started process (PID=13071) to work on /opt/airflow/dags/db_and_model_update_dag.py
[2026-04-01T07:34:04.970+0000] {processor.py:914} INFO - Processing file /opt/airflow/dags/db_and_model_update_dag.py for tasks to queue
[2026-04-01T07:34:04.975+0000] {logging_mixin.py:190} INFO - [2026-04-01T07:34:04.974+0000] {dagbag.py:588} INFO - Filling up the DagBag from /opt/airflow/dags/db_and_model_update_dag.py
[2026-04-01T07:34:05.052+0000] {processor.py:925} INFO - DAG(s) 'db_and_model_update' retrieved from /opt/airflow/dags/db_and_model_update_dag.py
[2026-04-01T07:34:05.104+0000] {logging_mixin.py:190} INFO - [2026-04-01T07:34:05.104+0000] {dag.py:3239} INFO - Sync 1 DAGs
[2026-04-01T07:34:05.151+0000] {processor.py:208} INFO - Processing /opt/airflow/dags/db_and_model_update_dag.py took 0.198 seconds
[2026-04-01T07:34:35.421+0000] {processor.py:186} INFO - Started process (PID=13081) to work on /opt/airflow/dags/db_and_model_update_dag.py
[2026-04-01T07:34:35.422+0000] {processor.py:914} INFO - Processing file /opt/airflow/dags/db_and_model_update_dag.py for tasks to queue
[2026-04-01T07:34:35.426+0000] {logging_mixin.py:190} INFO - [2026-04-01T07:34:35.426+0000] {dagbag.py:588} INFO - Filling up the DagBag from /opt/airflow/dags/db_and_model_update_dag.py
[2026-04-01T07:34:35.453+0000] {processor.py:925} INFO - DAG(s) 'db_and_model_update' retrieved from /opt/airflow/dags/db_and_model_update_dag.py
[2026-04-01T07:34:35.492+0000] {logging_mixin.py:190} INFO - [2026-04-01T07:34:35.492+0000] {dag.py:3239} INFO - Sync 1 DAGs
[2026-04-01T07:34:35.546+0000] {processor.py:208} INFO - Processing /opt/airflow/dags/db_and_model_update_dag.py took 0.135 seconds
[2026-04-01T07:35:06.347+0000] {processor.py:186} INFO - Started process (PID=13091) to work on /opt/airflow/dags/db_and_model_update_dag.py
[2026-04-01T07:35:06.348+0000] {processor.py:914} INFO - Processing file /opt/airflow/dags/db_and_model_update_dag.py for tasks to queue
[2026-04-01T07:35:06.352+0000] {logging_mixin.py:190} INFO - [2026-04-01T07:35:06.351+0000] {dagbag.py:588} INFO - Filling up the DagBag from /opt/airflow/dags/db_and_model_update_dag.py
[2026-04-01T07:35:06.378+0000] {processor.py:925} INFO - DAG(s) 'db_and_model_update' retrieved from /opt/airflow/dags/db_and_model_update_dag.py
[2026-04-01T07:35:06.418+0000] {logging_mixin.py:190} INFO - [2026-04-01T07:35:06.417+0000] {dag.py:3239} INFO - Sync 1 DAGs
[2026-04-01T07:35:06.466+0000] {processor.py:208} INFO - Processing /opt/airflow/dags/db_and_model_update_dag.py took 0.130 seconds
[2026-04-01T07:35:36.590+0000] {processor.py:186} INFO - Started process (PID=13101) to work on /opt/airflow/dags/db_and_model_update_dag.py
[2026-04-01T07:35:36.592+0000] {processor.py:914} INFO - Processing file /opt/airflow/dags/db_and_model_update_dag.py for tasks to queue
[2026-04-01T07:35:36.595+0000] {logging_mixin.py:190} INFO - [2026-04-01T07:35:36.595+0000] {dagbag.py:588} INFO - Filling up the DagBag from /opt/airflow/dags/db_and_model_update_dag.py
[2026-04-01T07:35:36.636+0000] {processor.py:925} INFO - DAG(s) 'db_and_model_update' retrieved from /opt/airflow/dags/db_and_model_update_dag.py
[2026-04-01T07:35:36.689+0000] {logging_mixin.py:190} INFO - [2026-04-01T07:35:36.689+0000] {dag.py:3239} INFO - Sync 1 DAGs
[2026-04-01T07:35:36.763+0000] {processor.py:208} INFO - Processing /opt/airflow/dags/db_and_model_update_dag.py took 0.187 seconds
[2026-04-01T07:36:06.957+0000] {processor.py:186} INFO - Started process (PID=13111) to work on /opt/airflow/dags/db_and_model_update_dag.py
[2026-04-01T07:36:06.959+0000] {processor.py:914} INFO - Processing file /opt/airflow/dags/db_and_model_update_dag.py for tasks to queue
[2026-04-01T07:36:06.964+0000] {logging_mixin.py:190} INFO - [2026-04-01T07:36:06.962+0000] {dagbag.py:588} INFO - Filling up the DagBag from /opt/airflow/dags/db_and_model_update_dag.py
[2026-04-01T07:36:06.997+0000] {processor.py:925} INFO - DAG(s) 'db_and_model_update' retrieved from /opt/airflow/dags/db_and_model_update_dag.py
[2026-04-01T07:36:07.048+0000] {logging_mixin.py:190} INFO - [2026-04-01T07:36:07.047+0000] {dag.py:3239} INFO - Sync 1 DAGs
[2026-04-01T07:36:07.099+0000] {processor.py:208} INFO - Processing /opt/airflow/dags/db_and_model_update_dag.py took 0.155 seconds
[2026-04-01T07:36:37.461+0000] {processor.py:186} INFO - Started process (PID=13121) to work on /opt/airflow/dags/db_and_model_update_dag.py
[2026-04-01T07:36:37.463+0000] {processor.py:914} INFO - Processing file /opt/airflow/dags/db_and_model_update_dag.py for tasks to queue
[2026-04-01T07:36:37.467+0000] {logging_mixin.py:190} INFO - [2026-04-01T07:36:37.466+0000] {dagbag.py:588} INFO - Filling up the DagBag from /opt/airflow/dags/db_and_model_update_dag.py
[2026-04-01T07:36:37.500+0000] {processor.py:925} INFO - DAG(s) 'db_and_model_update' retrieved from /opt/airflow/dags/db_and_model_update_dag.py
[2026-04-01T07:36:37.545+0000] {logging_mixin.py:190} INFO - [2026-04-01T07:36:37.544+0000] {dag.py:3239} INFO - Sync 1 DAGs
[2026-04-01T07:36:37.595+0000] {processor.py:208} INFO - Processing /opt/airflow/dags/db_and_model_update_dag.py took 0.150 seconds
[2026-04-01T07:37:07.681+0000] {processor.py:186} INFO - Started process (PID=13131) to work on /opt/airflow/dags/db_and_model_update_dag.py
[2026-04-01T07:37:07.682+0000] {processor.py:914} INFO - Processing file /opt/airflow/dags/db_and_model_update_dag.py for tasks to queue
[2026-04-01T07:37:07.687+0000] {logging_mixin.py:190} INFO - [2026-04-01T07:37:07.686+0000] {dagbag.py:588} INFO - Filling up the DagBag from /opt/airflow/dags/db_and_model_update_dag.py
[2026-04-01T07:37:07.714+0000] {processor.py:925} INFO - DAG(s) 'db_and_model_update' retrieved from /opt/airflow/dags/db_and_model_update_dag.py
[2026-04-01T07:37:07.761+0000] {logging_mixin.py:190} INFO - [2026-04-01T07:37:07.761+0000] {dag.py:3239} INFO - Sync 1 DAGs
[2026-04-01T07:37:07.822+0000] {processor.py:208} INFO - Processing /opt/airflow/dags/db_and_model_update_dag.py took 0.152 seconds
[2026-04-01T07:37:38.874+0000] {processor.py:186} INFO - Started process (PID=13141) to work on /opt/airflow/dags/db_and_model_update_dag.py
[2026-04-01T07:37:38.875+0000] {processor.py:914} INFO - Processing file /opt/airflow/dags/db_and_model_update_dag.py for tasks to queue
[2026-04-01T07:37:38.879+0000] {logging_mixin.py:190} INFO - [2026-04-01T07:37:38.878+0000] {dagbag.py:588} INFO - Filling up the DagBag from /opt/airflow/dags/db_and_model_update_dag.py
[2026-04-01T07:37:38.906+0000] {processor.py:925} INFO - DAG(s) 'db_and_model_update' retrieved from /opt/airflow/dags/db_and_model_update_dag.py
[2026-04-01T07:37:38.945+0000] {logging_mixin.py:190} INFO - [2026-04-01T07:37:38.945+0000] {dag.py:3239} INFO - Sync 1 DAGs
[2026-04-01T07:37:38.991+0000] {processor.py:208} INFO - Processing /opt/airflow/dags/db_and_model_update_dag.py took 0.126 seconds
[2026-04-01T07:38:09.120+0000] {processor.py:186} INFO - Started process (PID=13159) to work on /opt/airflow/dags/db_and_model_update_dag.py
[2026-04-01T07:38:09.122+0000] {processor.py:914} INFO - Processing file /opt/airflow/dags/db_and_model_update_dag.py for tasks to queue
[2026-04-01T07:38:09.130+0000] {logging_mixin.py:190} INFO - [2026-04-01T07:38:09.129+0000] {dagbag.py:588} INFO - Filling up the DagBag from /opt/airflow/dags/db_and_model_update_dag.py
[2026-04-01T07:38:09.172+0000] {processor.py:925} INFO - DAG(s) 'db_and_model_update' retrieved from /opt/airflow/dags/db_and_model_update_dag.py
[2026-04-01T07:38:09.239+0000] {logging_mixin.py:190} INFO - [2026-04-01T07:38:09.239+0000] {dag.py:3239} INFO - Sync 1 DAGs
[2026-04-01T07:38:09.327+0000] {processor.py:208} INFO - Processing /opt/airflow/dags/db_and_model_update_dag.py took 0.221 seconds
[2026-04-01T07:38:39.436+0000] {processor.py:186} INFO - Started process (PID=13169) to work on /opt/airflow/dags/db_and_model_update_dag.py
[2026-04-01T07:38:39.437+0000] {processor.py:914} INFO - Processing file /opt/airflow/dags/db_and_model_update_dag.py for tasks to queue
[2026-04-01T07:38:39.441+0000] {logging_mixin.py:190} INFO - [2026-04-01T07:38:39.441+0000] {dagbag.py:588} INFO - Filling up the DagBag from /opt/airflow/dags/db_and_model_update_dag.py
[2026-04-01T07:38:39.487+0000] {processor.py:925} INFO - DAG(s) 'db_and_model_update' retrieved from /opt/airflow/dags/db_and_model_update_dag.py
[2026-04-01T07:38:39.531+0000] {logging_mixin.py:190} INFO - [2026-04-01T07:38:39.530+0000] {dag.py:3239} INFO - Sync 1 DAGs
[2026-04-01T07:38:39.599+0000] {processor.py:208} INFO - Processing /opt/airflow/dags/db_and_model_update_dag.py took 0.175 seconds
[2026-04-01T07:39:09.889+0000] {processor.py:186} INFO - Started process (PID=13179) to work on /opt/airflow/dags/db_and_model_update_dag.py
[2026-04-01T07:39:09.891+0000] {processor.py:914} INFO - Processing file /opt/airflow/dags/db_and_model_update_dag.py for tasks to queue
[2026-04-01T07:39:09.894+0000] {logging_mixin.py:190} INFO - [2026-04-01T07:39:09.893+0000] {dagbag.py:588} INFO - Filling up the DagBag from /opt/airflow/dags/db_and_model_update_dag.py
[2026-04-01T07:39:09.917+0000] {processor.py:925} INFO - DAG(s) 'db_and_model_update' retrieved from /opt/airflow/dags/db_and_model_update_dag.py
[2026-04-01T07:39:09.952+0000] {logging_mixin.py:190} INFO - [2026-04-01T07:39:09.951+0000] {dag.py:3239} INFO - Sync 1 DAGs
[2026-04-01T07:39:09.998+0000] {processor.py:208} INFO - Processing /opt/airflow/dags/db_and_model_update_dag.py took 0.119 seconds
[2026-04-01T07:39:40.176+0000] {processor.py:186} INFO - Started process (PID=13189) to work on /opt/airflow/dags/db_and_model_update_dag.py
[2026-04-01T07:39:40.178+0000] {processor.py:914} INFO - Processing file /opt/airflow/dags/db_and_model_update_dag.py for tasks to queue
[2026-04-01T07:39:40.186+0000] {logging_mixin.py:190} INFO - [2026-04-01T07:39:40.185+0000] {dagbag.py:588} INFO - Filling up the DagBag from /opt/airflow/dags/db_and_model_update_dag.py
[2026-04-01T07:39:40.228+0000] {processor.py:925} INFO - DAG(s) 'db_and_model_update' retrieved from /opt/airflow/dags/db_and_model_update_dag.py
[2026-04-01T07:39:40.272+0000] {logging_mixin.py:190} INFO - [2026-04-01T07:39:40.272+0000] {dag.py:3239} INFO - Sync 1 DAGs
[2026-04-01T07:39:40.319+0000] {processor.py:208} INFO - Processing /opt/airflow/dags/db_and_model_update_dag.py took 0.164 seconds
[2026-04-01T07:40:11.125+0000] {processor.py:186} INFO - Started process (PID=13199) to work on /opt/airflow/dags/db_and_model_update_dag.py
[2026-04-01T07:40:11.126+0000] {processor.py:914} INFO - Processing file /opt/airflow/dags/db_and_model_update_dag.py for tasks to queue
[2026-04-01T07:40:11.130+0000] {logging_mixin.py:190} INFO - [2026-04-01T07:40:11.130+0000] {dagbag.py:588} INFO - Filling up the DagBag from /opt/airflow/dags/db_and_model_update_dag.py
[2026-04-01T07:40:11.155+0000] {processor.py:925} INFO - DAG(s) 'db_and_model_update' retrieved from /opt/airflow/dags/db_and_model_update_dag.py
[2026-04-01T07:40:11.194+0000] {logging_mixin.py:190} INFO - [2026-04-01T07:40:11.193+0000] {dag.py:3239} INFO - Sync 1 DAGs
[2026-04-01T07:40:11.237+0000] {processor.py:208} INFO - Processing /opt/airflow/dags/db_and_model_update_dag.py took 0.123 seconds
[2026-04-01T07:40:41.457+0000] {processor.py:186} INFO - Started process (PID=13209) to work on /opt/airflow/dags/db_and_model_update_dag.py
[2026-04-01T07:40:41.458+0000] {processor.py:914} INFO - Processing file /opt/airflow/dags/db_and_model_update_dag.py for tasks to queue
[2026-04-01T07:40:41.463+0000] {logging_mixin.py:190} INFO - [2026-04-01T07:40:41.463+0000] {dagbag.py:588} INFO - Filling up the DagBag from /opt/airflow/dags/db_and_model_update_dag.py
[2026-04-01T07:40:41.497+0000] {processor.py:925} INFO - DAG(s) 'db_and_model_update' retrieved from /opt/airflow/dags/db_and_model_update_dag.py
[2026-04-01T07:40:41.544+0000] {logging_mixin.py:190} INFO - [2026-04-01T07:40:41.543+0000] {dag.py:3239} INFO - Sync 1 DAGs
[2026-04-01T07:40:41.604+0000] {processor.py:208} INFO - Processing /opt/airflow/dags/db_and_model_update_dag.py took 0.160 seconds
[2026-04-01T07:41:12.259+0000] {processor.py:186} INFO - Started process (PID=13219) to work on /opt/airflow/dags/db_and_model_update_dag.py
[2026-04-01T07:41:12.264+0000] {processor.py:914} INFO - Processing file /opt/airflow/dags/db_and_model_update_dag.py for tasks to queue
[2026-04-01T07:41:12.277+0000] {logging_mixin.py:190} INFO - [2026-04-01T07:41:12.276+0000] {dagbag.py:588} INFO - Filling up the DagBag from /opt/airflow/dags/db_and_model_update_dag.py
[2026-04-01T07:41:12.335+0000] {processor.py:925} INFO - DAG(s) 'db_and_model_update' retrieved from /opt/airflow/dags/db_and_model_update_dag.py
[2026-04-01T07:41:12.423+0000] {logging_mixin.py:190} INFO - [2026-04-01T07:41:12.423+0000] {dag.py:3239} INFO - Sync 1 DAGs
[2026-04-01T07:41:12.524+0000] {processor.py:208} INFO - Processing /opt/airflow/dags/db_and_model_update_dag.py took 0.286 seconds
[2026-04-01T07:41:42.864+0000] {processor.py:186} INFO - Started process (PID=13229) to work on /opt/airflow/dags/db_and_model_update_dag.py
[2026-04-01T07:41:42.868+0000] {processor.py:914} INFO - Processing file /opt/airflow/dags/db_and_model_update_dag.py for tasks to queue
[2026-04-01T07:41:42.876+0000] {logging_mixin.py:190} INFO - [2026-04-01T07:41:42.873+0000] {dagbag.py:588} INFO - Filling up the DagBag from /opt/airflow/dags/db_and_model_update_dag.py
[2026-04-01T07:41:42.925+0000] {processor.py:925} INFO - DAG(s) 'db_and_model_update' retrieved from /opt/airflow/dags/db_and_model_update_dag.py
[2026-04-01T07:41:42.987+0000] {logging_mixin.py:190} INFO - [2026-04-01T07:41:42.987+0000] {dag.py:3239} INFO - Sync 1 DAGs
[2026-04-01T07:41:43.099+0000] {processor.py:208} INFO - Processing /opt/airflow/dags/db_and_model_update_dag.py took 0.249 seconds
[2026-04-01T07:42:13.278+0000] {processor.py:186} INFO - Started process (PID=13239) to work on /opt/airflow/dags/db_and_model_update_dag.py
[2026-04-01T07:42:13.280+0000] {processor.py:914} INFO - Processing file /opt/airflow/dags/db_and_model_update_dag.py for tasks to queue
[2026-04-01T07:42:13.286+0000] {logging_mixin.py:190} INFO - [2026-04-01T07:42:13.285+0000] {dagbag.py:588} INFO - Filling up the DagBag from /opt/airflow/dags/db_and_model_update_dag.py
[2026-04-01T07:42:13.316+0000] {processor.py:925} INFO - DAG(s) 'db_and_model_update' retrieved from /opt/airflow/dags/db_and_model_update_dag.py
[2026-04-01T07:42:13.373+0000] {logging_mixin.py:190} INFO - [2026-04-01T07:42:13.372+0000] {dag.py:3239} INFO - Sync 1 DAGs
[2026-04-01T07:42:13.447+0000] {processor.py:208} INFO - Processing /opt/airflow/dags/db_and_model_update_dag.py took 0.183 seconds
[2026-04-01T07:42:43.592+0000] {processor.py:186} INFO - Started process (PID=13249) to work on /opt/airflow/dags/db_and_model_update_dag.py
[2026-04-01T07:42:43.597+0000] {processor.py:914} INFO - Processing file /opt/airflow/dags/db_and_model_update_dag.py for tasks to queue
[2026-04-01T07:42:43.608+0000] {logging_mixin.py:190} INFO - [2026-04-01T07:42:43.607+0000] {dagbag.py:588} INFO - Filling up the DagBag from /opt/airflow/dags/db_and_model_update_dag.py
[2026-04-01T07:42:43.649+0000] {processor.py:925} INFO - DAG(s) 'db_and_model_update' retrieved from /opt/airflow/dags/db_and_model_update_dag.py
[2026-04-01T07:42:43.695+0000] {logging_mixin.py:190} INFO - [2026-04-01T07:42:43.695+0000] {dag.py:3239} INFO - Sync 1 DAGs
[2026-04-01T07:42:43.758+0000] {processor.py:208} INFO - Processing /opt/airflow/dags/db_and_model_update_dag.py took 0.190 seconds
[2026-04-01T07:43:14.597+0000] {processor.py:186} INFO - Started process (PID=13259) to work on /opt/airflow/dags/db_and_model_update_dag.py
[2026-04-01T07:43:14.598+0000] {processor.py:914} INFO - Processing file /opt/airflow/dags/db_and_model_update_dag.py for tasks to queue
[2026-04-01T07:43:14.603+0000] {logging_mixin.py:190} INFO - [2026-04-01T07:43:14.602+0000] {dagbag.py:588} INFO - Filling up the DagBag from /opt/airflow/dags/db_and_model_update_dag.py
[2026-04-01T07:43:14.631+0000] {processor.py:925} INFO - DAG(s) 'db_and_model_update' retrieved from /opt/airflow/dags/db_and_model_update_dag.py
[2026-04-01T07:43:14.686+0000] {logging_mixin.py:190} INFO - [2026-04-01T07:43:14.685+0000] {dag.py:3239} INFO - Sync 1 DAGs
[2026-04-01T07:43:14.780+0000] {processor.py:208} INFO - Processing /opt/airflow/dags/db_and_model_update_dag.py took 0.205 seconds
[2026-04-01T07:43:44.990+0000] {processor.py:186} INFO - Started process (PID=13269) to work on /opt/airflow/dags/db_and_model_update_dag.py
[2026-04-01T07:43:44.998+0000] {processor.py:914} INFO - Processing file /opt/airflow/dags/db_and_model_update_dag.py for tasks to queue
[2026-04-01T07:43:45.015+0000] {logging_mixin.py:190} INFO - [2026-04-01T07:43:45.010+0000] {dagbag.py:588} INFO - Filling up the DagBag from /opt/airflow/dags/db_and_model_update_dag.py
[2026-04-01T07:43:45.088+0000] {processor.py:925} INFO - DAG(s) 'db_and_model_update' retrieved from /opt/airflow/dags/db_and_model_update_dag.py
[2026-04-01T07:43:45.209+0000] {logging_mixin.py:190} INFO - [2026-04-01T07:43:45.208+0000] {dag.py:3239} INFO - Sync 1 DAGs
[2026-04-01T07:43:45.419+0000] {processor.py:208} INFO - Processing /opt/airflow/dags/db_and_model_update_dag.py took 0.447 seconds
[2026-04-01T07:44:15.713+0000] {processor.py:186} INFO - Started process (PID=13279) to work on /opt/airflow/dags/db_and_model_update_dag.py
[2026-04-01T07:44:15.717+0000] {processor.py:914} INFO - Processing file /opt/airflow/dags/db_and_model_update_dag.py for tasks to queue
[2026-04-01T07:44:15.722+0000] {logging_mixin.py:190} INFO - [2026-04-01T07:44:15.722+0000] {dagbag.py:588} INFO - Filling up the DagBag from /opt/airflow/dags/db_and_model_update_dag.py
[2026-04-01T07:44:15.781+0000] {processor.py:925} INFO - DAG(s) 'db_and_model_update' retrieved from /opt/airflow/dags/db_and_model_update_dag.py
[2026-04-01T07:44:15.896+0000] {logging_mixin.py:190} INFO - [2026-04-01T07:44:15.895+0000] {dag.py:3239} INFO - Sync 1 DAGs
[2026-04-01T07:44:16.021+0000] {processor.py:208} INFO - Processing /opt/airflow/dags/db_and_model_update_dag.py took 0.331 seconds
[2026-04-01T07:44:46.233+0000] {processor.py:186} INFO - Started process (PID=13289) to work on /opt/airflow/dags/db_and_model_update_dag.py
[2026-04-01T07:44:46.239+0000] {processor.py:914} INFO - Processing file /opt/airflow/dags/db_and_model_update_dag.py for tasks to queue
[2026-04-01T07:44:46.249+0000] {logging_mixin.py:190} INFO - [2026-04-01T07:44:46.248+0000] {dagbag.py:588} INFO - Filling up the DagBag from /opt/airflow/dags/db_and_model_update_dag.py
[2026-04-01T07:44:46.310+0000] {processor.py:925} INFO - DAG(s) 'db_and_model_update' retrieved from /opt/airflow/dags/db_and_model_update_dag.py
[2026-04-01T07:44:46.418+0000] {logging_mixin.py:190} INFO - [2026-04-01T07:44:46.417+0000] {dag.py:3239} INFO - Sync 1 DAGs
[2026-04-01T07:44:46.607+0000] {processor.py:208} INFO - Processing /opt/airflow/dags/db_and_model_update_dag.py took 0.396 seconds
[2026-04-01T07:45:16.777+0000] {processor.py:186} INFO - Started process (PID=13299) to work on /opt/airflow/dags/db_and_model_update_dag.py
[2026-04-01T07:45:16.780+0000] {processor.py:914} INFO - Processing file /opt/airflow/dags/db_and_model_update_dag.py for tasks to queue
[2026-04-01T07:45:16.787+0000] {logging_mixin.py:190} INFO - [2026-04-01T07:45:16.786+0000] {dagbag.py:588} INFO - Filling up the DagBag from /opt/airflow/dags/db_and_model_update_dag.py
[2026-04-01T07:45:16.837+0000] {processor.py:925} INFO - DAG(s) 'db_and_model_update' retrieved from /opt/airflow/dags/db_and_model_update_dag.py
[2026-04-01T07:45:16.890+0000] {logging_mixin.py:190} INFO - [2026-04-01T07:45:16.889+0000] {dag.py:3239} INFO - Sync 1 DAGs
[2026-04-01T07:45:16.965+0000] {processor.py:208} INFO - Processing /opt/airflow/dags/db_and_model_update_dag.py took 0.201 seconds
[2026-04-01T07:45:47.069+0000] {processor.py:186} INFO - Started process (PID=13309) to work on /opt/airflow/dags/db_and_model_update_dag.py
[2026-04-01T07:45:47.070+0000] {processor.py:914} INFO - Processing file /opt/airflow/dags/db_and_model_update_dag.py for tasks to queue
[2026-04-01T07:45:47.074+0000] {logging_mixin.py:190} INFO - [2026-04-01T07:45:47.074+0000] {dagbag.py:588} INFO - Filling up the DagBag from /opt/airflow/dags/db_and_model_update_dag.py
[2026-04-01T07:45:47.107+0000] {processor.py:925} INFO - DAG(s) 'db_and_model_update' retrieved from /opt/airflow/dags/db_and_model_update_dag.py
[2026-04-01T07:45:47.152+0000] {logging_mixin.py:190} INFO - [2026-04-01T07:45:47.151+0000] {dag.py:3239} INFO - Sync 1 DAGs
[2026-04-01T07:45:47.250+0000] {processor.py:208} INFO - Processing /opt/airflow/dags/db_and_model_update_dag.py took 0.192 seconds
[2026-04-01T07:46:18.115+0000] {processor.py:186} INFO - Started process (PID=13319) to work on /opt/airflow/dags/db_and_model_update_dag.py
[2026-04-01T07:46:18.119+0000] {processor.py:914} INFO - Processing file /opt/airflow/dags/db_and_model_update_dag.py for tasks to queue
[2026-04-01T07:46:18.125+0000] {logging_mixin.py:190} INFO - [2026-04-01T07:46:18.124+0000] {dagbag.py:588} INFO - Filling up the DagBag from /opt/airflow/dags/db_and_model_update_dag.py
[2026-04-01T07:46:18.182+0000] {processor.py:925} INFO - DAG(s) 'db_and_model_update' retrieved from /opt/airflow/dags/db_and_model_update_dag.py
[2026-04-01T07:46:18.327+0000] {logging_mixin.py:190} INFO - [2026-04-01T07:46:18.326+0000] {dag.py:3239} INFO - Sync 1 DAGs
[2026-04-01T07:46:18.464+0000] {processor.py:208} INFO - Processing /opt/airflow/dags/db_and_model_update_dag.py took 0.366 seconds
[2026-04-01T07:46:49.353+0000] {processor.py:186} INFO - Started process (PID=13329) to work on /opt/airflow/dags/db_and_model_update_dag.py
[2026-04-01T07:46:49.354+0000] {processor.py:914} INFO - Processing file /opt/airflow/dags/db_and_model_update_dag.py for tasks to queue
[2026-04-01T07:46:49.361+0000] {logging_mixin.py:190} INFO - [2026-04-01T07:46:49.359+0000] {dagbag.py:588} INFO - Filling up the DagBag from /opt/airflow/dags/db_and_model_update_dag.py
[2026-04-01T07:46:49.412+0000] {processor.py:925} INFO - DAG(s) 'db_and_model_update' retrieved from /opt/airflow/dags/db_and_model_update_dag.py
[2026-04-01T07:46:49.461+0000] {logging_mixin.py:190} INFO - [2026-04-01T07:46:49.461+0000] {dag.py:3239} INFO - Sync 1 DAGs
[2026-04-01T07:46:49.501+0000] {logging_mixin.py:190} INFO - [2026-04-01T07:46:49.501+0000] {dag.py:4180} INFO - Setting next_dagrun for db_and_model_update to 2026-03-30 14:00:00+00:00, run_after=2026-04-06 14:00:00+00:00
[2026-04-01T07:46:49.532+0000] {processor.py:208} INFO - Processing /opt/airflow/dags/db_and_model_update_dag.py took 0.190 seconds
[2026-04-01T07:47:20.496+0000] {processor.py:186} INFO - Started process (PID=13339) to work on /opt/airflow/dags/db_and_model_update_dag.py
[2026-04-01T07:47:20.500+0000] {processor.py:914} INFO - Processing file /opt/airflow/dags/db_and_model_update_dag.py for tasks to queue
[2026-04-01T07:47:20.513+0000] {logging_mixin.py:190} INFO - [2026-04-01T07:47:20.511+0000] {dagbag.py:588} INFO - Filling up the DagBag from /opt/airflow/dags/db_and_model_update_dag.py
[2026-04-01T07:47:20.578+0000] {processor.py:925} INFO - DAG(s) 'db_and_model_update' retrieved from /opt/airflow/dags/db_and_model_update_dag.py
[2026-04-01T07:47:20.630+0000] {logging_mixin.py:190} INFO - [2026-04-01T07:47:20.629+0000] {dag.py:3239} INFO - Sync 1 DAGs
[2026-04-01T07:47:20.665+0000] {logging_mixin.py:190} INFO - [2026-04-01T07:47:20.664+0000] {dag.py:4180} INFO - Setting next_dagrun for db_and_model_update to 2026-03-30 14:00:00+00:00, run_after=2026-04-06 14:00:00+00:00
[2026-04-01T07:47:20.701+0000] {processor.py:208} INFO - Processing /opt/airflow/dags/db_and_model_update_dag.py took 0.234 seconds
[2026-04-01T07:47:51.502+0000] {processor.py:186} INFO - Started process (PID=13349) to work on /opt/airflow/dags/db_and_model_update_dag.py
[2026-04-01T07:47:51.504+0000] {processor.py:914} INFO - Processing file /opt/airflow/dags/db_and_model_update_dag.py for tasks to queue
[2026-04-01T07:47:51.508+0000] {logging_mixin.py:190} INFO - [2026-04-01T07:47:51.507+0000] {dagbag.py:588} INFO - Filling up the DagBag from /opt/airflow/dags/db_and_model_update_dag.py
[2026-04-01T07:47:51.536+0000] {processor.py:925} INFO - DAG(s) 'db_and_model_update' retrieved from /opt/airflow/dags/db_and_model_update_dag.py
[2026-04-01T07:47:51.587+0000] {logging_mixin.py:190} INFO - [2026-04-01T07:47:51.587+0000] {dag.py:3239} INFO - Sync 1 DAGs
[2026-04-01T07:47:51.627+0000] {logging_mixin.py:190} INFO - [2026-04-01T07:47:51.627+0000] {dag.py:4180} INFO - Setting next_dagrun for db_and_model_update to 2026-03-30 14:00:00+00:00, run_after=2026-04-06 14:00:00+00:00
[2026-04-01T07:47:51.657+0000] {processor.py:208} INFO - Processing /opt/airflow/dags/db_and_model_update_dag.py took 0.168 seconds
[2026-04-01T07:48:22.465+0000] {processor.py:186} INFO - Started process (PID=13359) to work on /opt/airflow/dags/db_and_model_update_dag.py
[2026-04-01T07:48:22.467+0000] {processor.py:914} INFO - Processing file /opt/airflow/dags/db_and_model_update_dag.py for tasks to queue
[2026-04-01T07:48:22.472+0000] {logging_mixin.py:190} INFO - [2026-04-01T07:48:22.471+0000] {dagbag.py:588} INFO - Filling up the DagBag from /opt/airflow/dags/db_and_model_update_dag.py
[2026-04-01T07:48:22.505+0000] {processor.py:925} INFO - DAG(s) 'db_and_model_update' retrieved from /opt/airflow/dags/db_and_model_update_dag.py
[2026-04-01T07:48:22.576+0000] {logging_mixin.py:190} INFO - [2026-04-01T07:48:22.576+0000] {dag.py:3239} INFO - Sync 1 DAGs
[2026-04-01T07:48:22.610+0000] {logging_mixin.py:190} INFO - [2026-04-01T07:48:22.610+0000] {dag.py:4180} INFO - Setting next_dagrun for db_and_model_update to 2026-03-30 14:00:00+00:00, run_after=2026-04-06 14:00:00+00:00
[2026-04-01T07:48:22.657+0000] {processor.py:208} INFO - Processing /opt/airflow/dags/db_and_model_update_dag.py took 0.205 seconds
[2026-04-01T07:48:53.639+0000] {processor.py:186} INFO - Started process (PID=13369) to work on /opt/airflow/dags/db_and_model_update_dag.py
[2026-04-01T07:48:53.641+0000] {processor.py:914} INFO - Processing file /opt/airflow/dags/db_and_model_update_dag.py for tasks to queue
[2026-04-01T07:48:53.645+0000] {logging_mixin.py:190} INFO - [2026-04-01T07:48:53.644+0000] {dagbag.py:588} INFO - Filling up the DagBag from /opt/airflow/dags/db_and_model_update_dag.py
[2026-04-01T07:48:53.708+0000] {processor.py:925} INFO - DAG(s) 'db_and_model_update' retrieved from /opt/airflow/dags/db_and_model_update_dag.py
[2026-04-01T07:48:53.762+0000] {logging_mixin.py:190} INFO - [2026-04-01T07:48:53.761+0000] {dag.py:3239} INFO - Sync 1 DAGs
[2026-04-01T07:48:53.802+0000] {logging_mixin.py:190} INFO - [2026-04-01T07:48:53.802+0000] {dag.py:4180} INFO - Setting next_dagrun for db_and_model_update to 2026-03-30 14:00:00+00:00, run_after=2026-04-06 14:00:00+00:00
[2026-04-01T07:48:53.860+0000] {processor.py:208} INFO - Processing /opt/airflow/dags/db_and_model_update_dag.py took 0.232 seconds
[2026-04-01T07:49:24.806+0000] {processor.py:186} INFO - Started process (PID=13379) to work on /opt/airflow/dags/db_and_model_update_dag.py
[2026-04-01T07:49:24.809+0000] {processor.py:914} INFO - Processing file /opt/airflow/dags/db_and_model_update_dag.py for tasks to queue
[2026-04-01T07:49:24.814+0000] {logging_mixin.py:190} INFO - [2026-04-01T07:49:24.814+0000] {dagbag.py:588} INFO - Filling up the DagBag from /opt/airflow/dags/db_and_model_update_dag.py
[2026-04-01T07:49:24.843+0000] {processor.py:925} INFO - DAG(s) 'db_and_model_update' retrieved from /opt/airflow/dags/db_and_model_update_dag.py
[2026-04-01T07:49:24.887+0000] {logging_mixin.py:190} INFO - [2026-04-01T07:49:24.887+0000] {dag.py:3239} INFO - Sync 1 DAGs
[2026-04-01T07:49:24.936+0000] {logging_mixin.py:190} INFO - [2026-04-01T07:49:24.936+0000] {dag.py:4180} INFO - Setting next_dagrun for db_and_model_update to 2026-03-30 14:00:00+00:00, run_after=2026-04-06 14:00:00+00:00
[2026-04-01T07:49:24.971+0000] {processor.py:208} INFO - Processing /opt/airflow/dags/db_and_model_update_dag.py took 0.176 seconds
[2026-04-01T07:49:55.687+0000] {processor.py:186} INFO - Started process (PID=13389) to work on /opt/airflow/dags/db_and_model_update_dag.py
[2026-04-01T07:49:55.689+0000] {processor.py:914} INFO - Processing file /opt/airflow/dags/db_and_model_update_dag.py for tasks to queue
[2026-04-01T07:49:55.693+0000] {logging_mixin.py:190} INFO - [2026-04-01T07:49:55.692+0000] {dagbag.py:588} INFO - Filling up the DagBag from /opt/airflow/dags/db_and_model_update_dag.py
[2026-04-01T07:49:55.741+0000] {processor.py:925} INFO - DAG(s) 'db_and_model_update' retrieved from /opt/airflow/dags/db_and_model_update_dag.py
[2026-04-01T07:49:55.785+0000] {logging_mixin.py:190} INFO - [2026-04-01T07:49:55.785+0000] {dag.py:3239} INFO - Sync 1 DAGs
[2026-04-01T07:49:55.825+0000] {logging_mixin.py:190} INFO - [2026-04-01T07:49:55.825+0000] {dag.py:4180} INFO - Setting next_dagrun for db_and_model_update to 2026-03-30 14:00:00+00:00, run_after=2026-04-06 14:00:00+00:00
[2026-04-01T07:49:55.862+0000] {processor.py:208} INFO - Processing /opt/airflow/dags/db_and_model_update_dag.py took 0.186 seconds
[2026-04-01T07:50:26.671+0000] {processor.py:186} INFO - Started process (PID=13399) to work on /opt/airflow/dags/db_and_model_update_dag.py
[2026-04-01T07:50:26.673+0000] {processor.py:914} INFO - Processing file /opt/airflow/dags/db_and_model_update_dag.py for tasks to queue
[2026-04-01T07:50:26.678+0000] {logging_mixin.py:190} INFO - [2026-04-01T07:50:26.677+0000] {dagbag.py:588} INFO - Filling up the DagBag from /opt/airflow/dags/db_and_model_update_dag.py
[2026-04-01T07:50:26.710+0000] {processor.py:925} INFO - DAG(s) 'db_and_model_update' retrieved from /opt/airflow/dags/db_and_model_update_dag.py
[2026-04-01T07:50:26.757+0000] {logging_mixin.py:190} INFO - [2026-04-01T07:50:26.756+0000] {dag.py:3239} INFO - Sync 1 DAGs
[2026-04-01T07:50:26.792+0000] {logging_mixin.py:190} INFO - [2026-04-01T07:50:26.791+0000] {dag.py:4180} INFO - Setting next_dagrun for db_and_model_update to 2026-03-30 14:00:00+00:00, run_after=2026-04-06 14:00:00+00:00
[2026-04-01T07:50:26.837+0000] {processor.py:208} INFO - Processing /opt/airflow/dags/db_and_model_update_dag.py took 0.179 seconds
[2026-04-01T07:50:57.848+0000] {processor.py:186} INFO - Started process (PID=13409) to work on /opt/airflow/dags/db_and_model_update_dag.py
[2026-04-01T07:50:57.850+0000] {processor.py:914} INFO - Processing file /opt/airflow/dags/db_and_model_update_dag.py for tasks to queue
[2026-04-01T07:50:57.854+0000] {logging_mixin.py:190} INFO - [2026-04-01T07:50:57.853+0000] {dagbag.py:588} INFO - Filling up the DagBag from /opt/airflow/dags/db_and_model_update_dag.py
[2026-04-01T07:50:57.885+0000] {processor.py:925} INFO - DAG(s) 'db_and_model_update' retrieved from /opt/airflow/dags/db_and_model_update_dag.py
[2026-04-01T07:50:57.953+0000] {logging_mixin.py:190} INFO - [2026-04-01T07:50:57.952+0000] {dag.py:3239} INFO - Sync 1 DAGs
[2026-04-01T07:50:57.985+0000] {logging_mixin.py:190} INFO - [2026-04-01T07:50:57.984+0000] {dag.py:4180} INFO - Setting next_dagrun for db_and_model_update to 2026-03-30 14:00:00+00:00, run_after=2026-04-06 14:00:00+00:00
[2026-04-01T07:50:58.016+0000] {processor.py:208} INFO - Processing /opt/airflow/dags/db_and_model_update_dag.py took 0.180 seconds
[2026-04-01T07:51:28.781+0000] {processor.py:186} INFO - Started process (PID=13419) to work on /opt/airflow/dags/db_and_model_update_dag.py
[2026-04-01T07:51:28.782+0000] {processor.py:914} INFO - Processing file /opt/airflow/dags/db_and_model_update_dag.py for tasks to queue
[2026-04-01T07:51:28.786+0000] {logging_mixin.py:190} INFO - [2026-04-01T07:51:28.785+0000] {dagbag.py:588} INFO - Filling up the DagBag from /opt/airflow/dags/db_and_model_update_dag.py
[2026-04-01T07:51:28.812+0000] {processor.py:925} INFO - DAG(s) 'db_and_model_update' retrieved from /opt/airflow/dags/db_and_model_update_dag.py
[2026-04-01T07:51:28.875+0000] {logging_mixin.py:190} INFO - [2026-04-01T07:51:28.875+0000] {dag.py:3239} INFO - Sync 1 DAGs
[2026-04-01T07:51:28.911+0000] {logging_mixin.py:190} INFO - [2026-04-01T07:51:28.911+0000] {dag.py:4180} INFO - Setting next_dagrun for db_and_model_update to 2026-03-30 14:00:00+00:00, run_after=2026-04-06 14:00:00+00:00
[2026-04-01T07:51:28.941+0000] {processor.py:208} INFO - Processing /opt/airflow/dags/db_and_model_update_dag.py took 0.170 seconds
[2026-04-01T07:51:59.936+0000] {processor.py:186} INFO - Started process (PID=13429) to work on /opt/airflow/dags/db_and_model_update_dag.py
[2026-04-01T07:51:59.937+0000] {processor.py:914} INFO - Processing file /opt/airflow/dags/db_and_model_update_dag.py for tasks to queue
[2026-04-01T07:51:59.941+0000] {logging_mixin.py:190} INFO - [2026-04-01T07:51:59.940+0000] {dagbag.py:588} INFO - Filling up the DagBag from /opt/airflow/dags/db_and_model_update_dag.py
[2026-04-01T07:51:59.972+0000] {processor.py:925} INFO - DAG(s) 'db_and_model_update' retrieved from /opt/airflow/dags/db_and_model_update_dag.py
[2026-04-01T07:52:00.014+0000] {logging_mixin.py:190} INFO - [2026-04-01T07:52:00.014+0000] {dag.py:3239} INFO - Sync 1 DAGs
[2026-04-01T07:52:00.049+0000] {logging_mixin.py:190} INFO - [2026-04-01T07:52:00.049+0000] {dag.py:4180} INFO - Setting next_dagrun for db_and_model_update to 2026-03-30 14:00:00+00:00, run_after=2026-04-06 14:00:00+00:00
[2026-04-01T07:52:00.084+0000] {processor.py:208} INFO - Processing /opt/airflow/dags/db_and_model_update_dag.py took 0.162 seconds
[2026-04-01T07:52:31.042+0000] {processor.py:186} INFO - Started process (PID=13439) to work on /opt/airflow/dags/db_and_model_update_dag.py
[2026-04-01T07:52:31.044+0000] {processor.py:914} INFO - Processing file /opt/airflow/dags/db_and_model_update_dag.py for tasks to queue
[2026-04-01T07:52:31.049+0000] {logging_mixin.py:190} INFO - [2026-04-01T07:52:31.048+0000] {dagbag.py:588} INFO - Filling up the DagBag from /opt/airflow/dags/db_and_model_update_dag.py
[2026-04-01T07:52:31.072+0000] {processor.py:925} INFO - DAG(s) 'db_and_model_update' retrieved from /opt/airflow/dags/db_and_model_update_dag.py
[2026-04-01T07:52:31.110+0000] {logging_mixin.py:190} INFO - [2026-04-01T07:52:31.109+0000] {dag.py:3239} INFO - Sync 1 DAGs
[2026-04-01T07:52:31.142+0000] {logging_mixin.py:190} INFO - [2026-04-01T07:52:31.142+0000] {dag.py:4180} INFO - Setting next_dagrun for db_and_model_update to 2026-03-30 14:00:00+00:00, run_after=2026-04-06 14:00:00+00:00
[2026-04-01T07:52:31.173+0000] {processor.py:208} INFO - Processing /opt/airflow/dags/db_and_model_update_dag.py took 0.142 seconds
[2026-04-01T07:53:02.185+0000] {processor.py:186} INFO - Started process (PID=13449) to work on /opt/airflow/dags/db_and_model_update_dag.py
[2026-04-01T07:53:02.187+0000] {processor.py:914} INFO - Processing file /opt/airflow/dags/db_and_model_update_dag.py for tasks to queue
[2026-04-01T07:53:02.193+0000] {logging_mixin.py:190} INFO - [2026-04-01T07:53:02.192+0000] {dagbag.py:588} INFO - Filling up the DagBag from /opt/airflow/dags/db_and_model_update_dag.py
[2026-04-01T07:53:02.225+0000] {processor.py:925} INFO - DAG(s) 'db_and_model_update' retrieved from /opt/airflow/dags/db_and_model_update_dag.py
[2026-04-01T07:53:02.270+0000] {logging_mixin.py:190} INFO - [2026-04-01T07:53:02.269+0000] {dag.py:3239} INFO - Sync 1 DAGs
[2026-04-01T07:53:02.306+0000] {logging_mixin.py:190} INFO - [2026-04-01T07:53:02.306+0000] {dag.py:4180} INFO - Setting next_dagrun for db_and_model_update to 2026-03-30 14:00:00+00:00, run_after=2026-04-06 14:00:00+00:00
[2026-04-01T07:53:02.346+0000] {processor.py:208} INFO - Processing /opt/airflow/dags/db_and_model_update_dag.py took 0.173 seconds
[2026-04-01T07:53:33.434+0000] {processor.py:186} INFO - Started process (PID=13459) to work on /opt/airflow/dags/db_and_model_update_dag.py
[2026-04-01T07:53:33.436+0000] {processor.py:914} INFO - Processing file /opt/airflow/dags/db_and_model_update_dag.py for tasks to queue
[2026-04-01T07:53:33.440+0000] {logging_mixin.py:190} INFO - [2026-04-01T07:53:33.440+0000] {dagbag.py:588} INFO - Filling up the DagBag from /opt/airflow/dags/db_and_model_update_dag.py
[2026-04-01T07:53:33.471+0000] {processor.py:925} INFO - DAG(s) 'db_and_model_update' retrieved from /opt/airflow/dags/db_and_model_update_dag.py
[2026-04-01T07:53:33.521+0000] {logging_mixin.py:190} INFO - [2026-04-01T07:53:33.521+0000] {dag.py:3239} INFO - Sync 1 DAGs
[2026-04-01T07:53:33.553+0000] {logging_mixin.py:190} INFO - [2026-04-01T07:53:33.552+0000] {dag.py:4180} INFO - Setting next_dagrun for db_and_model_update to 2026-03-30 14:00:00+00:00, run_after=2026-04-06 14:00:00+00:00
[2026-04-01T07:53:33.580+0000] {processor.py:208} INFO - Processing /opt/airflow/dags/db_and_model_update_dag.py took 0.157 seconds
[2026-04-01T07:54:04.402+0000] {processor.py:186} INFO - Started process (PID=13469) to work on /opt/airflow/dags/db_and_model_update_dag.py
[2026-04-01T07:54:04.406+0000] {processor.py:914} INFO - Processing file /opt/airflow/dags/db_and_model_update_dag.py for tasks to queue
[2026-04-01T07:54:04.410+0000] {logging_mixin.py:190} INFO - [2026-04-01T07:54:04.410+0000] {dagbag.py:588} INFO - Filling up the DagBag from /opt/airflow/dags/db_and_model_update_dag.py
[2026-04-01T07:54:04.433+0000] {processor.py:925} INFO - DAG(s) 'db_and_model_update' retrieved from /opt/airflow/dags/db_and_model_update_dag.py
[2026-04-01T07:54:04.472+0000] {logging_mixin.py:190} INFO - [2026-04-01T07:54:04.472+0000] {dag.py:3239} INFO - Sync 1 DAGs
[2026-04-01T07:54:04.504+0000] {logging_mixin.py:190} INFO - [2026-04-01T07:54:04.504+0000] {dag.py:4180} INFO - Setting next_dagrun for db_and_model_update to 2026-03-30 14:00:00+00:00, run_after=2026-04-06 14:00:00+00:00
[2026-04-01T07:54:04.535+0000] {processor.py:208} INFO - Processing /opt/airflow/dags/db_and_model_update_dag.py took 0.144 seconds
[2026-04-01T07:54:35.544+0000] {processor.py:186} INFO - Started process (PID=13479) to work on /opt/airflow/dags/db_and_model_update_dag.py
[2026-04-01T07:54:35.545+0000] {processor.py:914} INFO - Processing file /opt/airflow/dags/db_and_model_update_dag.py for tasks to queue
[2026-04-01T07:54:35.551+0000] {logging_mixin.py:190} INFO - [2026-04-01T07:54:35.550+0000] {dagbag.py:588} INFO - Filling up the DagBag from /opt/airflow/dags/db_and_model_update_dag.py
[2026-04-01T07:54:35.602+0000] {processor.py:925} INFO - DAG(s) 'db_and_model_update' retrieved from /opt/airflow/dags/db_and_model_update_dag.py
[2026-04-01T07:54:35.658+0000] {logging_mixin.py:190} INFO - [2026-04-01T07:54:35.657+0000] {dag.py:3239} INFO - Sync 1 DAGs
[2026-04-01T07:54:35.705+0000] {logging_mixin.py:190} INFO - [2026-04-01T07:54:35.705+0000] {dag.py:4180} INFO - Setting next_dagrun for db_and_model_update to 2026-03-30 14:00:00+00:00, run_after=2026-04-06 14:00:00+00:00
[2026-04-01T07:54:35.757+0000] {processor.py:208} INFO - Processing /opt/airflow/dags/db_and_model_update_dag.py took 0.228 seconds
[2026-04-01T07:55:06.738+0000] {processor.py:186} INFO - Started process (PID=13489) to work on /opt/airflow/dags/db_and_model_update_dag.py
[2026-04-01T07:55:06.740+0000] {processor.py:914} INFO - Processing file /opt/airflow/dags/db_and_model_update_dag.py for tasks to queue
[2026-04-01T07:55:06.744+0000] {logging_mixin.py:190} INFO - [2026-04-01T07:55:06.743+0000] {dagbag.py:588} INFO - Filling up the DagBag from /opt/airflow/dags/db_and_model_update_dag.py
[2026-04-01T07:55:06.773+0000] {processor.py:925} INFO - DAG(s) 'db_and_model_update' retrieved from /opt/airflow/dags/db_and_model_update_dag.py
[2026-04-01T07:55:06.815+0000] {logging_mixin.py:190} INFO - [2026-04-01T07:55:06.815+0000] {dag.py:3239} INFO - Sync 1 DAGs
[2026-04-01T07:55:06.858+0000] {logging_mixin.py:190} INFO - [2026-04-01T07:55:06.857+0000] {dag.py:4180} INFO - Setting next_dagrun for db_and_model_update to 2026-03-30 14:00:00+00:00, run_after=2026-04-06 14:00:00+00:00
[2026-04-01T07:55:06.885+0000] {processor.py:208} INFO - Processing /opt/airflow/dags/db_and_model_update_dag.py took 0.159 seconds
[2026-04-01T07:55:37.334+0000] {processor.py:186} INFO - Started process (PID=13499) to work on /opt/airflow/dags/db_and_model_update_dag.py
[2026-04-01T07:55:37.336+0000] {processor.py:914} INFO - Processing file /opt/airflow/dags/db_and_model_update_dag.py for tasks to queue
[2026-04-01T07:55:37.341+0000] {logging_mixin.py:190} INFO - [2026-04-01T07:55:37.341+0000] {dagbag.py:588} INFO - Filling up the DagBag from /opt/airflow/dags/db_and_model_update_dag.py
[2026-04-01T07:55:37.366+0000] {processor.py:925} INFO - DAG(s) 'db_and_model_update' retrieved from /opt/airflow/dags/db_and_model_update_dag.py
[2026-04-01T07:55:37.403+0000] {logging_mixin.py:190} INFO - [2026-04-01T07:55:37.403+0000] {dag.py:3239} INFO - Sync 1 DAGs
[2026-04-01T07:55:37.431+0000] {logging_mixin.py:190} INFO - [2026-04-01T07:55:37.431+0000] {dag.py:4180} INFO - Setting next_dagrun for db_and_model_update to 2026-03-30 14:00:00+00:00, run_after=2026-04-06 14:00:00+00:00
[2026-04-01T07:55:37.461+0000] {processor.py:208} INFO - Processing /opt/airflow/dags/db_and_model_update_dag.py took 0.139 seconds
[2026-04-01T07:56:08.400+0000] {processor.py:186} INFO - Started process (PID=13509) to work on /opt/airflow/dags/db_and_model_update_dag.py
[2026-04-01T07:56:08.402+0000] {processor.py:914} INFO - Processing file /opt/airflow/dags/db_and_model_update_dag.py for tasks to queue
[2026-04-01T07:56:08.405+0000] {logging_mixin.py:190} INFO - [2026-04-01T07:56:08.405+0000] {dagbag.py:588} INFO - Filling up the DagBag from /opt/airflow/dags/db_and_model_update_dag.py
[2026-04-01T07:56:08.431+0000] {processor.py:925} INFO - DAG(s) 'db_and_model_update' retrieved from /opt/airflow/dags/db_and_model_update_dag.py
[2026-04-01T07:56:08.480+0000] {logging_mixin.py:190} INFO - [2026-04-01T07:56:08.480+0000] {dag.py:3239} INFO - Sync 1 DAGs
[2026-04-01T07:56:08.509+0000] {logging_mixin.py:190} INFO - [2026-04-01T07:56:08.509+0000] {dag.py:4180} INFO - Setting next_dagrun for db_and_model_update to 2026-03-30 14:00:00+00:00, run_after=2026-04-06 14:00:00+00:00
[2026-04-01T07:56:08.537+0000] {processor.py:208} INFO - Processing /opt/airflow/dags/db_and_model_update_dag.py took 0.147 seconds
[2026-04-01T07:56:39.366+0000] {processor.py:186} INFO - Started process (PID=13519) to work on /opt/airflow/dags/db_and_model_update_dag.py
[2026-04-01T07:56:39.368+0000] {processor.py:914} INFO - Processing file /opt/airflow/dags/db_and_model_update_dag.py for tasks to queue
[2026-04-01T07:56:39.373+0000] {logging_mixin.py:190} INFO - [2026-04-01T07:56:39.372+0000] {dagbag.py:588} INFO - Filling up the DagBag from /opt/airflow/dags/db_and_model_update_dag.py
[2026-04-01T07:56:39.401+0000] {processor.py:925} INFO - DAG(s) 'db_and_model_update' retrieved from /opt/airflow/dags/db_and_model_update_dag.py
[2026-04-01T07:56:39.440+0000] {logging_mixin.py:190} INFO - [2026-04-01T07:56:39.440+0000] {dag.py:3239} INFO - Sync 1 DAGs
[2026-04-01T07:56:39.475+0000] {logging_mixin.py:190} INFO - [2026-04-01T07:56:39.474+0000] {dag.py:4180} INFO - Setting next_dagrun for db_and_model_update to 2026-03-30 14:00:00+00:00, run_after=2026-04-06 14:00:00+00:00
[2026-04-01T07:56:39.503+0000] {processor.py:208} INFO - Processing /opt/airflow/dags/db_and_model_update_dag.py took 0.147 seconds
[2026-04-01T07:57:10.524+0000] {processor.py:186} INFO - Started process (PID=13529) to work on /opt/airflow/dags/db_and_model_update_dag.py
[2026-04-01T07:57:10.525+0000] {processor.py:914} INFO - Processing file /opt/airflow/dags/db_and_model_update_dag.py for tasks to queue
[2026-04-01T07:57:10.530+0000] {logging_mixin.py:190} INFO - [2026-04-01T07:57:10.530+0000] {dagbag.py:588} INFO - Filling up the DagBag from /opt/airflow/dags/db_and_model_update_dag.py
[2026-04-01T07:57:10.564+0000] {processor.py:925} INFO - DAG(s) 'db_and_model_update' retrieved from /opt/airflow/dags/db_and_model_update_dag.py
[2026-04-01T07:57:10.624+0000] {logging_mixin.py:190} INFO - [2026-04-01T07:57:10.624+0000] {dag.py:3239} INFO - Sync 1 DAGs
[2026-04-01T07:57:10.659+0000] {logging_mixin.py:190} INFO - [2026-04-01T07:57:10.659+0000] {dag.py:4180} INFO - Setting next_dagrun for db_and_model_update to 2026-03-30 14:00:00+00:00, run_after=2026-04-06 14:00:00+00:00
[2026-04-01T07:57:10.691+0000] {processor.py:208} INFO - Processing /opt/airflow/dags/db_and_model_update_dag.py took 0.183 seconds
[2026-04-01T07:57:41.497+0000] {processor.py:186} INFO - Started process (PID=13539) to work on /opt/airflow/dags/db_and_model_update_dag.py
[2026-04-01T07:57:41.499+0000] {processor.py:914} INFO - Processing file /opt/airflow/dags/db_and_model_update_dag.py for tasks to queue
[2026-04-01T07:57:41.504+0000] {logging_mixin.py:190} INFO - [2026-04-01T07:57:41.503+0000] {dagbag.py:588} INFO - Filling up the DagBag from /opt/airflow/dags/db_and_model_update_dag.py
[2026-04-01T07:57:41.558+0000] {processor.py:925} INFO - DAG(s) 'db_and_model_update' retrieved from /opt/airflow/dags/db_and_model_update_dag.py
[2026-04-01T07:57:41.637+0000] {logging_mixin.py:190} INFO - [2026-04-01T07:57:41.636+0000] {dag.py:3239} INFO - Sync 1 DAGs
[2026-04-01T07:57:41.701+0000] {logging_mixin.py:190} INFO - [2026-04-01T07:57:41.701+0000] {dag.py:4180} INFO - Setting next_dagrun for db_and_model_update to 2026-03-30 14:00:00+00:00, run_after=2026-04-06 14:00:00+00:00
[2026-04-01T07:57:41.739+0000] {processor.py:208} INFO - Processing /opt/airflow/dags/db_and_model_update_dag.py took 0.253 seconds
