[2026-03-31T18:18:49.796+0000] {processor.py:186} INFO - Started process (PID=66) to work on /opt/airflow/dags/ingestion_postgres_dag.py
[2026-03-31T18:18:49.798+0000] {processor.py:914} INFO - Processing file /opt/airflow/dags/ingestion_postgres_dag.py for tasks to queue
[2026-03-31T18:18:49.800+0000] {logging_mixin.py:190} INFO - [2026-03-31T18:18:49.800+0000] {dagbag.py:588} INFO - Filling up the DagBag from /opt/airflow/dags/ingestion_postgres_dag.py
[2026-03-31T18:18:49.832+0000] {processor.py:925} INFO - DAG(s) 'ingestion_postgres_tmdb' retrieved from /opt/airflow/dags/ingestion_postgres_dag.py
[2026-03-31T18:18:49.865+0000] {logging_mixin.py:190} INFO - [2026-03-31T18:18:49.865+0000] {dag.py:3239} INFO - Sync 1 DAGs
[2026-03-31T18:18:49.890+0000] {logging_mixin.py:190} INFO - [2026-03-31T18:18:49.890+0000] {dag.py:4180} INFO - Setting next_dagrun for ingestion_postgres_tmdb to 2026-03-02 10:00:00+00:00, run_after=2026-04-06 10:00:00+00:00
[2026-03-31T18:18:49.908+0000] {processor.py:208} INFO - Processing /opt/airflow/dags/ingestion_postgres_dag.py took 0.121 seconds
[2026-03-31T18:19:20.049+0000] {processor.py:186} INFO - Started process (PID=85) to work on /opt/airflow/dags/ingestion_postgres_dag.py
[2026-03-31T18:19:20.050+0000] {processor.py:914} INFO - Processing file /opt/airflow/dags/ingestion_postgres_dag.py for tasks to queue
[2026-03-31T18:19:20.052+0000] {logging_mixin.py:190} INFO - [2026-03-31T18:19:20.052+0000] {dagbag.py:588} INFO - Filling up the DagBag from /opt/airflow/dags/ingestion_postgres_dag.py
[2026-03-31T18:19:20.073+0000] {processor.py:925} INFO - DAG(s) 'ingestion_postgres_tmdb' retrieved from /opt/airflow/dags/ingestion_postgres_dag.py
[2026-03-31T18:19:20.102+0000] {logging_mixin.py:190} INFO - [2026-03-31T18:19:20.102+0000] {dag.py:3239} INFO - Sync 1 DAGs
[2026-03-31T18:19:20.123+0000] {logging_mixin.py:190} INFO - [2026-03-31T18:19:20.123+0000] {dag.py:4180} INFO - Setting next_dagrun for ingestion_postgres_tmdb to 2026-03-02 10:00:00+00:00, run_after=2026-04-06 10:00:00+00:00
[2026-03-31T18:19:20.158+0000] {processor.py:208} INFO - Processing /opt/airflow/dags/ingestion_postgres_dag.py took 0.116 seconds
[2026-03-31T18:19:50.396+0000] {processor.py:186} INFO - Started process (PID=95) to work on /opt/airflow/dags/ingestion_postgres_dag.py
[2026-03-31T18:19:50.397+0000] {processor.py:914} INFO - Processing file /opt/airflow/dags/ingestion_postgres_dag.py for tasks to queue
[2026-03-31T18:19:50.401+0000] {logging_mixin.py:190} INFO - [2026-03-31T18:19:50.400+0000] {dagbag.py:588} INFO - Filling up the DagBag from /opt/airflow/dags/ingestion_postgres_dag.py
[2026-03-31T18:19:50.421+0000] {processor.py:925} INFO - DAG(s) 'ingestion_postgres_tmdb' retrieved from /opt/airflow/dags/ingestion_postgres_dag.py
[2026-03-31T18:19:50.450+0000] {logging_mixin.py:190} INFO - [2026-03-31T18:19:50.450+0000] {dag.py:3239} INFO - Sync 1 DAGs
[2026-03-31T18:19:50.472+0000] {logging_mixin.py:190} INFO - [2026-03-31T18:19:50.472+0000] {dag.py:4180} INFO - Setting next_dagrun for ingestion_postgres_tmdb to 2026-03-02 10:00:00+00:00, run_after=2026-04-06 10:00:00+00:00
[2026-03-31T18:19:50.516+0000] {processor.py:208} INFO - Processing /opt/airflow/dags/ingestion_postgres_dag.py took 0.127 seconds
[2026-03-31T18:20:20.631+0000] {processor.py:186} INFO - Started process (PID=105) to work on /opt/airflow/dags/ingestion_postgres_dag.py
[2026-03-31T18:20:20.633+0000] {processor.py:914} INFO - Processing file /opt/airflow/dags/ingestion_postgres_dag.py for tasks to queue
[2026-03-31T18:20:20.635+0000] {logging_mixin.py:190} INFO - [2026-03-31T18:20:20.635+0000] {dagbag.py:588} INFO - Filling up the DagBag from /opt/airflow/dags/ingestion_postgres_dag.py
[2026-03-31T18:20:20.655+0000] {processor.py:925} INFO - DAG(s) 'ingestion_postgres_tmdb' retrieved from /opt/airflow/dags/ingestion_postgres_dag.py
[2026-03-31T18:20:20.685+0000] {logging_mixin.py:190} INFO - [2026-03-31T18:20:20.684+0000] {dag.py:3239} INFO - Sync 1 DAGs
[2026-03-31T18:20:20.706+0000] {logging_mixin.py:190} INFO - [2026-03-31T18:20:20.706+0000] {dag.py:4180} INFO - Setting next_dagrun for ingestion_postgres_tmdb to 2026-03-02 10:00:00+00:00, run_after=2026-04-06 10:00:00+00:00
[2026-03-31T18:20:20.748+0000] {processor.py:208} INFO - Processing /opt/airflow/dags/ingestion_postgres_dag.py took 0.122 seconds
[2026-03-31T18:20:50.952+0000] {processor.py:186} INFO - Started process (PID=115) to work on /opt/airflow/dags/ingestion_postgres_dag.py
[2026-03-31T18:20:50.953+0000] {processor.py:914} INFO - Processing file /opt/airflow/dags/ingestion_postgres_dag.py for tasks to queue
[2026-03-31T18:20:50.954+0000] {logging_mixin.py:190} INFO - [2026-03-31T18:20:50.954+0000] {dagbag.py:588} INFO - Filling up the DagBag from /opt/airflow/dags/ingestion_postgres_dag.py
[2026-03-31T18:20:50.970+0000] {processor.py:925} INFO - DAG(s) 'ingestion_postgres_tmdb' retrieved from /opt/airflow/dags/ingestion_postgres_dag.py
[2026-03-31T18:20:50.999+0000] {logging_mixin.py:190} INFO - [2026-03-31T18:20:50.999+0000] {dag.py:3239} INFO - Sync 1 DAGs
[2026-03-31T18:20:51.020+0000] {logging_mixin.py:190} INFO - [2026-03-31T18:20:51.020+0000] {dag.py:4180} INFO - Setting next_dagrun for ingestion_postgres_tmdb to 2026-03-02 10:00:00+00:00, run_after=2026-04-06 10:00:00+00:00
[2026-03-31T18:20:51.050+0000] {processor.py:208} INFO - Processing /opt/airflow/dags/ingestion_postgres_dag.py took 0.103 seconds
[2026-03-31T18:21:21.177+0000] {processor.py:186} INFO - Started process (PID=133) to work on /opt/airflow/dags/ingestion_postgres_dag.py
[2026-03-31T18:21:21.178+0000] {processor.py:914} INFO - Processing file /opt/airflow/dags/ingestion_postgres_dag.py for tasks to queue
[2026-03-31T18:21:21.180+0000] {logging_mixin.py:190} INFO - [2026-03-31T18:21:21.179+0000] {dagbag.py:588} INFO - Filling up the DagBag from /opt/airflow/dags/ingestion_postgres_dag.py
[2026-03-31T18:21:21.198+0000] {processor.py:925} INFO - DAG(s) 'ingestion_postgres_tmdb' retrieved from /opt/airflow/dags/ingestion_postgres_dag.py
[2026-03-31T18:21:21.223+0000] {logging_mixin.py:190} INFO - [2026-03-31T18:21:21.222+0000] {dag.py:3239} INFO - Sync 1 DAGs
[2026-03-31T18:21:21.246+0000] {logging_mixin.py:190} INFO - [2026-03-31T18:21:21.246+0000] {dag.py:4180} INFO - Setting next_dagrun for ingestion_postgres_tmdb to 2026-03-02 10:00:00+00:00, run_after=2026-04-06 10:00:00+00:00
[2026-03-31T18:21:21.297+0000] {processor.py:208} INFO - Processing /opt/airflow/dags/ingestion_postgres_dag.py took 0.125 seconds
[2026-03-31T18:21:51.493+0000] {processor.py:186} INFO - Started process (PID=143) to work on /opt/airflow/dags/ingestion_postgres_dag.py
[2026-03-31T18:21:51.494+0000] {processor.py:914} INFO - Processing file /opt/airflow/dags/ingestion_postgres_dag.py for tasks to queue
[2026-03-31T18:21:51.497+0000] {logging_mixin.py:190} INFO - [2026-03-31T18:21:51.496+0000] {dagbag.py:588} INFO - Filling up the DagBag from /opt/airflow/dags/ingestion_postgres_dag.py
[2026-03-31T18:21:51.515+0000] {processor.py:925} INFO - DAG(s) 'ingestion_postgres_tmdb' retrieved from /opt/airflow/dags/ingestion_postgres_dag.py
[2026-03-31T18:21:51.545+0000] {logging_mixin.py:190} INFO - [2026-03-31T18:21:51.544+0000] {dag.py:3239} INFO - Sync 1 DAGs
[2026-03-31T18:21:51.569+0000] {logging_mixin.py:190} INFO - [2026-03-31T18:21:51.568+0000] {dag.py:4180} INFO - Setting next_dagrun for ingestion_postgres_tmdb to 2026-03-02 10:00:00+00:00, run_after=2026-04-06 10:00:00+00:00
[2026-03-31T18:21:51.600+0000] {processor.py:208} INFO - Processing /opt/airflow/dags/ingestion_postgres_dag.py took 0.113 seconds
[2026-03-31T18:22:21.723+0000] {processor.py:186} INFO - Started process (PID=153) to work on /opt/airflow/dags/ingestion_postgres_dag.py
[2026-03-31T18:22:21.724+0000] {processor.py:914} INFO - Processing file /opt/airflow/dags/ingestion_postgres_dag.py for tasks to queue
[2026-03-31T18:22:21.727+0000] {logging_mixin.py:190} INFO - [2026-03-31T18:22:21.726+0000] {dagbag.py:588} INFO - Filling up the DagBag from /opt/airflow/dags/ingestion_postgres_dag.py
[2026-03-31T18:22:21.743+0000] {processor.py:925} INFO - DAG(s) 'ingestion_postgres_tmdb' retrieved from /opt/airflow/dags/ingestion_postgres_dag.py
[2026-03-31T18:22:21.774+0000] {logging_mixin.py:190} INFO - [2026-03-31T18:22:21.774+0000] {dag.py:3239} INFO - Sync 1 DAGs
[2026-03-31T18:22:21.797+0000] {logging_mixin.py:190} INFO - [2026-03-31T18:22:21.796+0000] {dag.py:4180} INFO - Setting next_dagrun for ingestion_postgres_tmdb to 2026-03-02 10:00:00+00:00, run_after=2026-04-06 10:00:00+00:00
[2026-03-31T18:22:21.815+0000] {processor.py:208} INFO - Processing /opt/airflow/dags/ingestion_postgres_dag.py took 0.098 seconds
[2026-03-31T18:22:52.026+0000] {processor.py:186} INFO - Started process (PID=163) to work on /opt/airflow/dags/ingestion_postgres_dag.py
[2026-03-31T18:22:52.027+0000] {processor.py:914} INFO - Processing file /opt/airflow/dags/ingestion_postgres_dag.py for tasks to queue
[2026-03-31T18:22:52.029+0000] {logging_mixin.py:190} INFO - [2026-03-31T18:22:52.029+0000] {dagbag.py:588} INFO - Filling up the DagBag from /opt/airflow/dags/ingestion_postgres_dag.py
[2026-03-31T18:22:52.045+0000] {processor.py:925} INFO - DAG(s) 'ingestion_postgres_tmdb' retrieved from /opt/airflow/dags/ingestion_postgres_dag.py
[2026-03-31T18:22:52.074+0000] {logging_mixin.py:190} INFO - [2026-03-31T18:22:52.074+0000] {dag.py:3239} INFO - Sync 1 DAGs
[2026-03-31T18:22:52.100+0000] {logging_mixin.py:190} INFO - [2026-03-31T18:22:52.100+0000] {dag.py:4180} INFO - Setting next_dagrun for ingestion_postgres_tmdb to 2026-03-02 10:00:00+00:00, run_after=2026-04-06 10:00:00+00:00
[2026-03-31T18:22:52.120+0000] {processor.py:208} INFO - Processing /opt/airflow/dags/ingestion_postgres_dag.py took 0.099 seconds
[2026-03-31T18:23:22.253+0000] {processor.py:186} INFO - Started process (PID=181) to work on /opt/airflow/dags/ingestion_postgres_dag.py
[2026-03-31T18:23:22.254+0000] {processor.py:914} INFO - Processing file /opt/airflow/dags/ingestion_postgres_dag.py for tasks to queue
[2026-03-31T18:23:22.256+0000] {logging_mixin.py:190} INFO - [2026-03-31T18:23:22.256+0000] {dagbag.py:588} INFO - Filling up the DagBag from /opt/airflow/dags/ingestion_postgres_dag.py
[2026-03-31T18:23:22.275+0000] {processor.py:925} INFO - DAG(s) 'ingestion_postgres_tmdb' retrieved from /opt/airflow/dags/ingestion_postgres_dag.py
[2026-03-31T18:23:22.302+0000] {logging_mixin.py:190} INFO - [2026-03-31T18:23:22.302+0000] {dag.py:3239} INFO - Sync 1 DAGs
[2026-03-31T18:23:22.331+0000] {logging_mixin.py:190} INFO - [2026-03-31T18:23:22.331+0000] {dag.py:4180} INFO - Setting next_dagrun for ingestion_postgres_tmdb to 2026-03-02 10:00:00+00:00, run_after=2026-04-06 10:00:00+00:00
[2026-03-31T18:23:22.353+0000] {processor.py:208} INFO - Processing /opt/airflow/dags/ingestion_postgres_dag.py took 0.105 seconds
[2026-03-31T18:23:52.583+0000] {processor.py:186} INFO - Started process (PID=191) to work on /opt/airflow/dags/ingestion_postgres_dag.py
[2026-03-31T18:23:52.584+0000] {processor.py:914} INFO - Processing file /opt/airflow/dags/ingestion_postgres_dag.py for tasks to queue
[2026-03-31T18:23:52.587+0000] {logging_mixin.py:190} INFO - [2026-03-31T18:23:52.587+0000] {dagbag.py:588} INFO - Filling up the DagBag from /opt/airflow/dags/ingestion_postgres_dag.py
[2026-03-31T18:23:52.603+0000] {processor.py:925} INFO - DAG(s) 'ingestion_postgres_tmdb' retrieved from /opt/airflow/dags/ingestion_postgres_dag.py
[2026-03-31T18:23:52.629+0000] {logging_mixin.py:190} INFO - [2026-03-31T18:23:52.628+0000] {dag.py:3239} INFO - Sync 1 DAGs
[2026-03-31T18:23:52.650+0000] {logging_mixin.py:190} INFO - [2026-03-31T18:23:52.650+0000] {dag.py:4180} INFO - Setting next_dagrun for ingestion_postgres_tmdb to 2026-03-02 10:00:00+00:00, run_after=2026-04-06 10:00:00+00:00
[2026-03-31T18:23:52.669+0000] {processor.py:208} INFO - Processing /opt/airflow/dags/ingestion_postgres_dag.py took 0.090 seconds
[2026-03-31T18:24:22.824+0000] {processor.py:186} INFO - Started process (PID=201) to work on /opt/airflow/dags/ingestion_postgres_dag.py
[2026-03-31T18:24:22.825+0000] {processor.py:914} INFO - Processing file /opt/airflow/dags/ingestion_postgres_dag.py for tasks to queue
[2026-03-31T18:24:22.827+0000] {logging_mixin.py:190} INFO - [2026-03-31T18:24:22.827+0000] {dagbag.py:588} INFO - Filling up the DagBag from /opt/airflow/dags/ingestion_postgres_dag.py
[2026-03-31T18:24:22.842+0000] {processor.py:925} INFO - DAG(s) 'ingestion_postgres_tmdb' retrieved from /opt/airflow/dags/ingestion_postgres_dag.py
[2026-03-31T18:24:22.879+0000] {logging_mixin.py:190} INFO - [2026-03-31T18:24:22.879+0000] {dag.py:3239} INFO - Sync 1 DAGs
[2026-03-31T18:24:22.908+0000] {logging_mixin.py:190} INFO - [2026-03-31T18:24:22.908+0000] {dag.py:4180} INFO - Setting next_dagrun for ingestion_postgres_tmdb to 2026-03-02 10:00:00+00:00, run_after=2026-04-06 10:00:00+00:00
[2026-03-31T18:24:22.926+0000] {processor.py:208} INFO - Processing /opt/airflow/dags/ingestion_postgres_dag.py took 0.107 seconds
[2026-03-31T18:24:53.184+0000] {processor.py:186} INFO - Started process (PID=211) to work on /opt/airflow/dags/ingestion_postgres_dag.py
[2026-03-31T18:24:53.184+0000] {processor.py:914} INFO - Processing file /opt/airflow/dags/ingestion_postgres_dag.py for tasks to queue
[2026-03-31T18:24:53.186+0000] {logging_mixin.py:190} INFO - [2026-03-31T18:24:53.186+0000] {dagbag.py:588} INFO - Filling up the DagBag from /opt/airflow/dags/ingestion_postgres_dag.py
[2026-03-31T18:24:53.202+0000] {processor.py:925} INFO - DAG(s) 'ingestion_postgres_tmdb' retrieved from /opt/airflow/dags/ingestion_postgres_dag.py
[2026-03-31T18:24:53.228+0000] {logging_mixin.py:190} INFO - [2026-03-31T18:24:53.228+0000] {dag.py:3239} INFO - Sync 1 DAGs
[2026-03-31T18:24:53.251+0000] {logging_mixin.py:190} INFO - [2026-03-31T18:24:53.250+0000] {dag.py:4180} INFO - Setting next_dagrun for ingestion_postgres_tmdb to 2026-03-02 10:00:00+00:00, run_after=2026-04-06 10:00:00+00:00
[2026-03-31T18:24:53.270+0000] {processor.py:208} INFO - Processing /opt/airflow/dags/ingestion_postgres_dag.py took 0.091 seconds
[2026-03-31T18:25:23.413+0000] {processor.py:186} INFO - Started process (PID=221) to work on /opt/airflow/dags/ingestion_postgres_dag.py
[2026-03-31T18:25:23.414+0000] {processor.py:914} INFO - Processing file /opt/airflow/dags/ingestion_postgres_dag.py for tasks to queue
[2026-03-31T18:25:23.417+0000] {logging_mixin.py:190} INFO - [2026-03-31T18:25:23.416+0000] {dagbag.py:588} INFO - Filling up the DagBag from /opt/airflow/dags/ingestion_postgres_dag.py
[2026-03-31T18:25:23.432+0000] {processor.py:925} INFO - DAG(s) 'ingestion_postgres_tmdb' retrieved from /opt/airflow/dags/ingestion_postgres_dag.py
[2026-03-31T18:25:23.460+0000] {logging_mixin.py:190} INFO - [2026-03-31T18:25:23.460+0000] {dag.py:3239} INFO - Sync 1 DAGs
[2026-03-31T18:25:23.481+0000] {logging_mixin.py:190} INFO - [2026-03-31T18:25:23.481+0000] {dag.py:4180} INFO - Setting next_dagrun for ingestion_postgres_tmdb to 2026-03-02 10:00:00+00:00, run_after=2026-04-06 10:00:00+00:00
[2026-03-31T18:25:23.498+0000] {processor.py:208} INFO - Processing /opt/airflow/dags/ingestion_postgres_dag.py took 0.090 seconds
[2026-03-31T18:25:53.697+0000] {processor.py:186} INFO - Started process (PID=239) to work on /opt/airflow/dags/ingestion_postgres_dag.py
[2026-03-31T18:25:53.698+0000] {processor.py:914} INFO - Processing file /opt/airflow/dags/ingestion_postgres_dag.py for tasks to queue
[2026-03-31T18:25:53.699+0000] {logging_mixin.py:190} INFO - [2026-03-31T18:25:53.699+0000] {dagbag.py:588} INFO - Filling up the DagBag from /opt/airflow/dags/ingestion_postgres_dag.py
[2026-03-31T18:25:53.715+0000] {processor.py:925} INFO - DAG(s) 'ingestion_postgres_tmdb' retrieved from /opt/airflow/dags/ingestion_postgres_dag.py
[2026-03-31T18:25:53.740+0000] {logging_mixin.py:190} INFO - [2026-03-31T18:25:53.739+0000] {dag.py:3239} INFO - Sync 1 DAGs
[2026-03-31T18:25:53.761+0000] {logging_mixin.py:190} INFO - [2026-03-31T18:25:53.761+0000] {dag.py:4180} INFO - Setting next_dagrun for ingestion_postgres_tmdb to 2026-03-02 10:00:00+00:00, run_after=2026-04-06 10:00:00+00:00
[2026-03-31T18:25:53.778+0000] {processor.py:208} INFO - Processing /opt/airflow/dags/ingestion_postgres_dag.py took 0.086 seconds
[2026-03-31T18:26:23.937+0000] {processor.py:186} INFO - Started process (PID=249) to work on /opt/airflow/dags/ingestion_postgres_dag.py
[2026-03-31T18:26:23.937+0000] {processor.py:914} INFO - Processing file /opt/airflow/dags/ingestion_postgres_dag.py for tasks to queue
[2026-03-31T18:26:23.939+0000] {logging_mixin.py:190} INFO - [2026-03-31T18:26:23.939+0000] {dagbag.py:588} INFO - Filling up the DagBag from /opt/airflow/dags/ingestion_postgres_dag.py
[2026-03-31T18:26:23.955+0000] {processor.py:925} INFO - DAG(s) 'ingestion_postgres_tmdb' retrieved from /opt/airflow/dags/ingestion_postgres_dag.py
[2026-03-31T18:26:23.982+0000] {logging_mixin.py:190} INFO - [2026-03-31T18:26:23.982+0000] {dag.py:3239} INFO - Sync 1 DAGs
[2026-03-31T18:26:24.003+0000] {logging_mixin.py:190} INFO - [2026-03-31T18:26:24.003+0000] {dag.py:4180} INFO - Setting next_dagrun for ingestion_postgres_tmdb to 2026-03-02 10:00:00+00:00, run_after=2026-04-06 10:00:00+00:00
[2026-03-31T18:26:24.022+0000] {processor.py:208} INFO - Processing /opt/airflow/dags/ingestion_postgres_dag.py took 0.090 seconds
[2026-03-31T18:26:54.675+0000] {processor.py:186} INFO - Started process (PID=259) to work on /opt/airflow/dags/ingestion_postgres_dag.py
[2026-03-31T18:26:54.680+0000] {processor.py:914} INFO - Processing file /opt/airflow/dags/ingestion_postgres_dag.py for tasks to queue
[2026-03-31T18:26:54.685+0000] {logging_mixin.py:190} INFO - [2026-03-31T18:26:54.685+0000] {dagbag.py:588} INFO - Filling up the DagBag from /opt/airflow/dags/ingestion_postgres_dag.py
[2026-03-31T18:26:54.776+0000] {processor.py:925} INFO - DAG(s) 'ingestion_postgres_tmdb' retrieved from /opt/airflow/dags/ingestion_postgres_dag.py
[2026-03-31T18:27:00.686+0000] {logging_mixin.py:190} INFO - [2026-03-31T18:27:00.686+0000] {dag.py:3239} INFO - Sync 1 DAGs
[2026-03-31T18:26:54.907+0000] {logging_mixin.py:190} INFO - [2026-03-31T18:26:54.907+0000] {dag.py:4180} INFO - Setting next_dagrun for ingestion_postgres_tmdb to 2026-03-02 10:00:00+00:00, run_after=2026-04-06 10:00:00+00:00
[2026-03-31T18:26:54.961+0000] {processor.py:208} INFO - Processing /opt/airflow/dags/ingestion_postgres_dag.py took 0.309 seconds
[2026-03-31T18:27:25.489+0000] {processor.py:186} INFO - Started process (PID=269) to work on /opt/airflow/dags/ingestion_postgres_dag.py
[2026-03-31T18:27:25.490+0000] {processor.py:914} INFO - Processing file /opt/airflow/dags/ingestion_postgres_dag.py for tasks to queue
[2026-03-31T18:27:25.492+0000] {logging_mixin.py:190} INFO - [2026-03-31T18:27:25.492+0000] {dagbag.py:588} INFO - Filling up the DagBag from /opt/airflow/dags/ingestion_postgres_dag.py
[2026-03-31T18:27:25.548+0000] {processor.py:925} INFO - DAG(s) 'ingestion_postgres_tmdb' retrieved from /opt/airflow/dags/ingestion_postgres_dag.py
[2026-03-31T18:27:25.610+0000] {logging_mixin.py:190} INFO - [2026-03-31T18:27:25.609+0000] {dag.py:3239} INFO - Sync 1 DAGs
[2026-03-31T18:27:25.657+0000] {logging_mixin.py:190} INFO - [2026-03-31T18:27:25.657+0000] {dag.py:4180} INFO - Setting next_dagrun for ingestion_postgres_tmdb to 2026-03-02 10:00:00+00:00, run_after=2026-04-06 10:00:00+00:00
[2026-03-31T18:27:25.688+0000] {processor.py:208} INFO - Processing /opt/airflow/dags/ingestion_postgres_dag.py took 0.210 seconds
[2026-03-31T18:27:54.943+0000] {processor.py:186} INFO - Started process (PID=287) to work on /opt/airflow/dags/ingestion_postgres_dag.py
[2026-03-31T18:27:54.945+0000] {processor.py:914} INFO - Processing file /opt/airflow/dags/ingestion_postgres_dag.py for tasks to queue
[2026-03-31T18:27:54.948+0000] {logging_mixin.py:190} INFO - [2026-03-31T18:27:54.947+0000] {dagbag.py:588} INFO - Filling up the DagBag from /opt/airflow/dags/ingestion_postgres_dag.py
[2026-03-31T18:27:54.970+0000] {processor.py:925} INFO - DAG(s) 'ingestion_postgres_tmdb' retrieved from /opt/airflow/dags/ingestion_postgres_dag.py
[2026-03-31T18:27:55.010+0000] {logging_mixin.py:190} INFO - [2026-03-31T18:27:55.009+0000] {dag.py:3239} INFO - Sync 1 DAGs
[2026-03-31T18:27:55.040+0000] {logging_mixin.py:190} INFO - [2026-03-31T18:27:55.040+0000] {dag.py:4180} INFO - Setting next_dagrun for ingestion_postgres_tmdb to 2026-03-02 10:00:00+00:00, run_after=2026-04-06 10:00:00+00:00
[2026-03-31T18:27:55.062+0000] {processor.py:208} INFO - Processing /opt/airflow/dags/ingestion_postgres_dag.py took 0.129 seconds
[2026-03-31T18:28:25.220+0000] {processor.py:186} INFO - Started process (PID=297) to work on /opt/airflow/dags/ingestion_postgres_dag.py
[2026-03-31T18:28:25.221+0000] {processor.py:914} INFO - Processing file /opt/airflow/dags/ingestion_postgres_dag.py for tasks to queue
[2026-03-31T18:28:25.223+0000] {logging_mixin.py:190} INFO - [2026-03-31T18:28:25.223+0000] {dagbag.py:588} INFO - Filling up the DagBag from /opt/airflow/dags/ingestion_postgres_dag.py
[2026-03-31T18:28:25.244+0000] {processor.py:925} INFO - DAG(s) 'ingestion_postgres_tmdb' retrieved from /opt/airflow/dags/ingestion_postgres_dag.py
[2026-03-31T18:28:25.273+0000] {logging_mixin.py:190} INFO - [2026-03-31T18:28:25.272+0000] {dag.py:3239} INFO - Sync 1 DAGs
[2026-03-31T18:28:25.296+0000] {logging_mixin.py:190} INFO - [2026-03-31T18:28:25.296+0000] {dag.py:4180} INFO - Setting next_dagrun for ingestion_postgres_tmdb to 2026-03-02 10:00:00+00:00, run_after=2026-04-06 10:00:00+00:00
[2026-03-31T18:28:25.317+0000] {processor.py:208} INFO - Processing /opt/airflow/dags/ingestion_postgres_dag.py took 0.105 seconds
[2026-03-31T18:28:55.574+0000] {processor.py:186} INFO - Started process (PID=307) to work on /opt/airflow/dags/ingestion_postgres_dag.py
[2026-03-31T18:28:55.575+0000] {processor.py:914} INFO - Processing file /opt/airflow/dags/ingestion_postgres_dag.py for tasks to queue
[2026-03-31T18:28:55.578+0000] {logging_mixin.py:190} INFO - [2026-03-31T18:28:55.577+0000] {dagbag.py:588} INFO - Filling up the DagBag from /opt/airflow/dags/ingestion_postgres_dag.py
[2026-03-31T18:28:55.596+0000] {processor.py:925} INFO - DAG(s) 'ingestion_postgres_tmdb' retrieved from /opt/airflow/dags/ingestion_postgres_dag.py
[2026-03-31T18:28:55.626+0000] {logging_mixin.py:190} INFO - [2026-03-31T18:28:55.626+0000] {dag.py:3239} INFO - Sync 1 DAGs
[2026-03-31T18:28:55.655+0000] {logging_mixin.py:190} INFO - [2026-03-31T18:28:55.655+0000] {dag.py:4180} INFO - Setting next_dagrun for ingestion_postgres_tmdb to 2026-03-02 10:00:00+00:00, run_after=2026-04-06 10:00:00+00:00
[2026-03-31T18:28:55.679+0000] {processor.py:208} INFO - Processing /opt/airflow/dags/ingestion_postgres_dag.py took 0.111 seconds
[2026-03-31T18:29:26.443+0000] {processor.py:186} INFO - Started process (PID=317) to work on /opt/airflow/dags/ingestion_postgres_dag.py
[2026-03-31T18:29:26.444+0000] {processor.py:914} INFO - Processing file /opt/airflow/dags/ingestion_postgres_dag.py for tasks to queue
[2026-03-31T18:29:26.448+0000] {logging_mixin.py:190} INFO - [2026-03-31T18:29:26.447+0000] {dagbag.py:588} INFO - Filling up the DagBag from /opt/airflow/dags/ingestion_postgres_dag.py
[2026-03-31T18:29:26.472+0000] {processor.py:925} INFO - DAG(s) 'ingestion_postgres_tmdb' retrieved from /opt/airflow/dags/ingestion_postgres_dag.py
[2026-03-31T18:29:26.502+0000] {logging_mixin.py:190} INFO - [2026-03-31T18:29:26.501+0000] {dag.py:3239} INFO - Sync 1 DAGs
[2026-03-31T18:29:26.525+0000] {logging_mixin.py:190} INFO - [2026-03-31T18:29:26.525+0000] {dag.py:4180} INFO - Setting next_dagrun for ingestion_postgres_tmdb to 2026-03-02 10:00:00+00:00, run_after=2026-04-06 10:00:00+00:00
[2026-03-31T18:29:26.549+0000] {processor.py:208} INFO - Processing /opt/airflow/dags/ingestion_postgres_dag.py took 0.114 seconds
[2026-03-31T18:29:57.356+0000] {processor.py:186} INFO - Started process (PID=327) to work on /opt/airflow/dags/ingestion_postgres_dag.py
[2026-03-31T18:29:57.357+0000] {processor.py:914} INFO - Processing file /opt/airflow/dags/ingestion_postgres_dag.py for tasks to queue
[2026-03-31T18:29:57.359+0000] {logging_mixin.py:190} INFO - [2026-03-31T18:29:57.359+0000] {dagbag.py:588} INFO - Filling up the DagBag from /opt/airflow/dags/ingestion_postgres_dag.py
[2026-03-31T18:29:57.377+0000] {processor.py:925} INFO - DAG(s) 'ingestion_postgres_tmdb' retrieved from /opt/airflow/dags/ingestion_postgres_dag.py
[2026-03-31T18:29:57.406+0000] {logging_mixin.py:190} INFO - [2026-03-31T18:29:57.406+0000] {dag.py:3239} INFO - Sync 1 DAGs
[2026-03-31T18:29:57.429+0000] {logging_mixin.py:190} INFO - [2026-03-31T18:29:57.428+0000] {dag.py:4180} INFO - Setting next_dagrun for ingestion_postgres_tmdb to 2026-03-02 10:00:00+00:00, run_after=2026-04-06 10:00:00+00:00
[2026-03-31T18:29:57.452+0000] {processor.py:208} INFO - Processing /opt/airflow/dags/ingestion_postgres_dag.py took 0.102 seconds
[2026-03-31T18:30:28.001+0000] {processor.py:186} INFO - Started process (PID=337) to work on /opt/airflow/dags/ingestion_postgres_dag.py
[2026-03-31T18:30:28.002+0000] {processor.py:914} INFO - Processing file /opt/airflow/dags/ingestion_postgres_dag.py for tasks to queue
[2026-03-31T18:30:28.005+0000] {logging_mixin.py:190} INFO - [2026-03-31T18:30:28.005+0000] {dagbag.py:588} INFO - Filling up the DagBag from /opt/airflow/dags/ingestion_postgres_dag.py
[2026-03-31T18:30:28.030+0000] {processor.py:925} INFO - DAG(s) 'ingestion_postgres_tmdb' retrieved from /opt/airflow/dags/ingestion_postgres_dag.py
[2026-03-31T18:30:28.061+0000] {logging_mixin.py:190} INFO - [2026-03-31T18:30:28.060+0000] {dag.py:3239} INFO - Sync 1 DAGs
[2026-03-31T18:30:28.085+0000] {logging_mixin.py:190} INFO - [2026-03-31T18:30:28.084+0000] {dag.py:4180} INFO - Setting next_dagrun for ingestion_postgres_tmdb to 2026-03-02 10:00:00+00:00, run_after=2026-04-06 10:00:00+00:00
[2026-03-31T18:30:28.113+0000] {processor.py:208} INFO - Processing /opt/airflow/dags/ingestion_postgres_dag.py took 0.121 seconds
[2026-03-31T18:30:59.094+0000] {processor.py:186} INFO - Started process (PID=347) to work on /opt/airflow/dags/ingestion_postgres_dag.py
[2026-03-31T18:30:59.095+0000] {processor.py:914} INFO - Processing file /opt/airflow/dags/ingestion_postgres_dag.py for tasks to queue
[2026-03-31T18:30:59.097+0000] {logging_mixin.py:190} INFO - [2026-03-31T18:30:59.097+0000] {dagbag.py:588} INFO - Filling up the DagBag from /opt/airflow/dags/ingestion_postgres_dag.py
[2026-03-31T18:30:59.122+0000] {processor.py:925} INFO - DAG(s) 'ingestion_postgres_tmdb' retrieved from /opt/airflow/dags/ingestion_postgres_dag.py
[2026-03-31T18:30:59.155+0000] {logging_mixin.py:190} INFO - [2026-03-31T18:30:59.154+0000] {dag.py:3239} INFO - Sync 1 DAGs
[2026-03-31T18:30:59.180+0000] {logging_mixin.py:190} INFO - [2026-03-31T18:30:59.180+0000] {dag.py:4180} INFO - Setting next_dagrun for ingestion_postgres_tmdb to 2026-03-02 10:00:00+00:00, run_after=2026-04-06 10:00:00+00:00
[2026-03-31T18:30:59.202+0000] {processor.py:208} INFO - Processing /opt/airflow/dags/ingestion_postgres_dag.py took 0.115 seconds
[2026-03-31T18:31:29.874+0000] {processor.py:186} INFO - Started process (PID=357) to work on /opt/airflow/dags/ingestion_postgres_dag.py
[2026-03-31T18:31:29.876+0000] {processor.py:914} INFO - Processing file /opt/airflow/dags/ingestion_postgres_dag.py for tasks to queue
[2026-03-31T18:31:29.878+0000] {logging_mixin.py:190} INFO - [2026-03-31T18:31:29.878+0000] {dagbag.py:588} INFO - Filling up the DagBag from /opt/airflow/dags/ingestion_postgres_dag.py
[2026-03-31T18:31:29.898+0000] {processor.py:925} INFO - DAG(s) 'ingestion_postgres_tmdb' retrieved from /opt/airflow/dags/ingestion_postgres_dag.py
[2026-03-31T18:31:29.928+0000] {logging_mixin.py:190} INFO - [2026-03-31T18:31:29.928+0000] {dag.py:3239} INFO - Sync 1 DAGs
[2026-03-31T18:31:29.961+0000] {logging_mixin.py:190} INFO - [2026-03-31T18:31:29.960+0000] {dag.py:4180} INFO - Setting next_dagrun for ingestion_postgres_tmdb to 2026-03-02 10:00:00+00:00, run_after=2026-04-06 10:00:00+00:00
[2026-03-31T18:31:29.989+0000] {processor.py:208} INFO - Processing /opt/airflow/dags/ingestion_postgres_dag.py took 0.123 seconds
[2026-03-31T18:32:00.089+0000] {processor.py:186} INFO - Started process (PID=367) to work on /opt/airflow/dags/ingestion_postgres_dag.py
[2026-03-31T18:32:00.090+0000] {processor.py:914} INFO - Processing file /opt/airflow/dags/ingestion_postgres_dag.py for tasks to queue
[2026-03-31T18:32:00.095+0000] {logging_mixin.py:190} INFO - [2026-03-31T18:32:00.095+0000] {dagbag.py:588} INFO - Filling up the DagBag from /opt/airflow/dags/ingestion_postgres_dag.py
[2026-03-31T18:32:00.117+0000] {processor.py:925} INFO - DAG(s) 'ingestion_postgres_tmdb' retrieved from /opt/airflow/dags/ingestion_postgres_dag.py
[2026-03-31T18:32:00.149+0000] {logging_mixin.py:190} INFO - [2026-03-31T18:32:00.149+0000] {dag.py:3239} INFO - Sync 1 DAGs
[2026-03-31T18:32:00.173+0000] {logging_mixin.py:190} INFO - [2026-03-31T18:32:00.173+0000] {dag.py:4180} INFO - Setting next_dagrun for ingestion_postgres_tmdb to 2026-03-02 10:00:00+00:00, run_after=2026-04-06 10:00:00+00:00
[2026-03-31T18:32:00.196+0000] {processor.py:208} INFO - Processing /opt/airflow/dags/ingestion_postgres_dag.py took 0.115 seconds
[2026-03-31T18:32:30.505+0000] {processor.py:186} INFO - Started process (PID=377) to work on /opt/airflow/dags/ingestion_postgres_dag.py
[2026-03-31T18:32:30.506+0000] {processor.py:914} INFO - Processing file /opt/airflow/dags/ingestion_postgres_dag.py for tasks to queue
[2026-03-31T18:32:30.509+0000] {logging_mixin.py:190} INFO - [2026-03-31T18:32:30.508+0000] {dagbag.py:588} INFO - Filling up the DagBag from /opt/airflow/dags/ingestion_postgres_dag.py
[2026-03-31T18:32:30.529+0000] {processor.py:925} INFO - DAG(s) 'ingestion_postgres_tmdb' retrieved from /opt/airflow/dags/ingestion_postgres_dag.py
[2026-03-31T18:32:30.561+0000] {logging_mixin.py:190} INFO - [2026-03-31T18:32:30.561+0000] {dag.py:3239} INFO - Sync 1 DAGs
[2026-03-31T18:32:30.587+0000] {logging_mixin.py:190} INFO - [2026-03-31T18:32:30.587+0000] {dag.py:4180} INFO - Setting next_dagrun for ingestion_postgres_tmdb to 2026-03-02 10:00:00+00:00, run_after=2026-04-06 10:00:00+00:00
[2026-03-31T18:32:30.608+0000] {processor.py:208} INFO - Processing /opt/airflow/dags/ingestion_postgres_dag.py took 0.109 seconds
[2026-03-31T18:33:00.912+0000] {processor.py:186} INFO - Started process (PID=387) to work on /opt/airflow/dags/ingestion_postgres_dag.py
[2026-03-31T18:33:00.914+0000] {processor.py:914} INFO - Processing file /opt/airflow/dags/ingestion_postgres_dag.py for tasks to queue
[2026-03-31T18:33:00.916+0000] {logging_mixin.py:190} INFO - [2026-03-31T18:33:00.916+0000] {dagbag.py:588} INFO - Filling up the DagBag from /opt/airflow/dags/ingestion_postgres_dag.py
[2026-03-31T18:33:00.939+0000] {processor.py:925} INFO - DAG(s) 'ingestion_postgres_tmdb' retrieved from /opt/airflow/dags/ingestion_postgres_dag.py
[2026-03-31T18:33:00.971+0000] {logging_mixin.py:190} INFO - [2026-03-31T18:33:00.970+0000] {dag.py:3239} INFO - Sync 1 DAGs
[2026-03-31T18:33:00.993+0000] {logging_mixin.py:190} INFO - [2026-03-31T18:33:00.992+0000] {dag.py:4180} INFO - Setting next_dagrun for ingestion_postgres_tmdb to 2026-03-02 10:00:00+00:00, run_after=2026-04-06 10:00:00+00:00
[2026-03-31T18:33:01.017+0000] {processor.py:208} INFO - Processing /opt/airflow/dags/ingestion_postgres_dag.py took 0.114 seconds
[2026-03-31T18:33:31.353+0000] {processor.py:186} INFO - Started process (PID=397) to work on /opt/airflow/dags/ingestion_postgres_dag.py
[2026-03-31T18:33:31.354+0000] {processor.py:914} INFO - Processing file /opt/airflow/dags/ingestion_postgres_dag.py for tasks to queue
[2026-03-31T18:33:31.356+0000] {logging_mixin.py:190} INFO - [2026-03-31T18:33:31.356+0000] {dagbag.py:588} INFO - Filling up the DagBag from /opt/airflow/dags/ingestion_postgres_dag.py
[2026-03-31T18:33:31.377+0000] {processor.py:925} INFO - DAG(s) 'ingestion_postgres_tmdb' retrieved from /opt/airflow/dags/ingestion_postgres_dag.py
[2026-03-31T18:33:31.405+0000] {logging_mixin.py:190} INFO - [2026-03-31T18:33:31.405+0000] {dag.py:3239} INFO - Sync 1 DAGs
[2026-03-31T18:33:31.427+0000] {logging_mixin.py:190} INFO - [2026-03-31T18:33:31.427+0000] {dag.py:4180} INFO - Setting next_dagrun for ingestion_postgres_tmdb to 2026-03-02 10:00:00+00:00, run_after=2026-04-06 10:00:00+00:00
[2026-03-31T18:33:31.447+0000] {processor.py:208} INFO - Processing /opt/airflow/dags/ingestion_postgres_dag.py took 0.099 seconds
[2026-03-31T18:34:01.594+0000] {processor.py:186} INFO - Started process (PID=415) to work on /opt/airflow/dags/ingestion_postgres_dag.py
[2026-03-31T18:34:01.595+0000] {processor.py:914} INFO - Processing file /opt/airflow/dags/ingestion_postgres_dag.py for tasks to queue
[2026-03-31T18:34:01.597+0000] {logging_mixin.py:190} INFO - [2026-03-31T18:34:01.596+0000] {dagbag.py:588} INFO - Filling up the DagBag from /opt/airflow/dags/ingestion_postgres_dag.py
[2026-03-31T18:34:01.615+0000] {processor.py:925} INFO - DAG(s) 'ingestion_postgres_tmdb' retrieved from /opt/airflow/dags/ingestion_postgres_dag.py
[2026-03-31T18:34:01.641+0000] {logging_mixin.py:190} INFO - [2026-03-31T18:34:01.641+0000] {dag.py:3239} INFO - Sync 1 DAGs
[2026-03-31T18:34:01.661+0000] {logging_mixin.py:190} INFO - [2026-03-31T18:34:01.661+0000] {dag.py:4180} INFO - Setting next_dagrun for ingestion_postgres_tmdb to 2026-03-02 10:00:00+00:00, run_after=2026-04-06 10:00:00+00:00
[2026-03-31T18:34:01.681+0000] {processor.py:208} INFO - Processing /opt/airflow/dags/ingestion_postgres_dag.py took 0.093 seconds
[2026-03-31T18:34:32.467+0000] {processor.py:186} INFO - Started process (PID=433) to work on /opt/airflow/dags/ingestion_postgres_dag.py
[2026-03-31T18:34:32.468+0000] {processor.py:914} INFO - Processing file /opt/airflow/dags/ingestion_postgres_dag.py for tasks to queue
[2026-03-31T18:34:32.470+0000] {logging_mixin.py:190} INFO - [2026-03-31T18:34:32.470+0000] {dagbag.py:588} INFO - Filling up the DagBag from /opt/airflow/dags/ingestion_postgres_dag.py
[2026-03-31T18:34:32.488+0000] {processor.py:925} INFO - DAG(s) 'ingestion_postgres_tmdb' retrieved from /opt/airflow/dags/ingestion_postgres_dag.py
[2026-03-31T18:34:32.513+0000] {logging_mixin.py:190} INFO - [2026-03-31T18:34:32.513+0000] {dag.py:3239} INFO - Sync 1 DAGs
[2026-03-31T18:34:32.532+0000] {logging_mixin.py:190} INFO - [2026-03-31T18:34:32.532+0000] {dag.py:4180} INFO - Setting next_dagrun for ingestion_postgres_tmdb to 2026-03-02 10:00:00+00:00, run_after=2026-04-06 10:00:00+00:00
[2026-03-31T18:34:32.550+0000] {processor.py:208} INFO - Processing /opt/airflow/dags/ingestion_postgres_dag.py took 0.090 seconds
[2026-03-31T18:35:02.138+0000] {processor.py:186} INFO - Started process (PID=443) to work on /opt/airflow/dags/ingestion_postgres_dag.py
[2026-03-31T18:35:02.144+0000] {processor.py:914} INFO - Processing file /opt/airflow/dags/ingestion_postgres_dag.py for tasks to queue
[2026-03-31T18:35:02.153+0000] {logging_mixin.py:190} INFO - [2026-03-31T18:35:02.153+0000] {dagbag.py:588} INFO - Filling up the DagBag from /opt/airflow/dags/ingestion_postgres_dag.py
[2026-03-31T18:35:02.262+0000] {processor.py:925} INFO - DAG(s) 'ingestion_postgres_tmdb' retrieved from /opt/airflow/dags/ingestion_postgres_dag.py
[2026-03-31T18:35:02.343+0000] {logging_mixin.py:190} INFO - [2026-03-31T18:35:02.342+0000] {dag.py:3239} INFO - Sync 1 DAGs
[2026-03-31T18:35:02.421+0000] {logging_mixin.py:190} INFO - [2026-03-31T18:35:02.415+0000] {dag.py:4180} INFO - Setting next_dagrun for ingestion_postgres_tmdb to 2026-03-02 10:00:00+00:00, run_after=2026-04-06 10:00:00+00:00
[2026-03-31T18:35:02.536+0000] {processor.py:208} INFO - Processing /opt/airflow/dags/ingestion_postgres_dag.py took 0.413 seconds
[2026-03-31T18:35:32.735+0000] {processor.py:186} INFO - Started process (PID=461) to work on /opt/airflow/dags/ingestion_postgres_dag.py
[2026-03-31T18:35:32.737+0000] {processor.py:914} INFO - Processing file /opt/airflow/dags/ingestion_postgres_dag.py for tasks to queue
[2026-03-31T18:35:32.744+0000] {logging_mixin.py:190} INFO - [2026-03-31T18:35:32.744+0000] {dagbag.py:588} INFO - Filling up the DagBag from /opt/airflow/dags/ingestion_postgres_dag.py
[2026-03-31T18:35:32.766+0000] {processor.py:925} INFO - DAG(s) 'ingestion_postgres_tmdb' retrieved from /opt/airflow/dags/ingestion_postgres_dag.py
[2026-03-31T18:35:32.803+0000] {logging_mixin.py:190} INFO - [2026-03-31T18:35:32.803+0000] {dag.py:3239} INFO - Sync 1 DAGs
[2026-03-31T18:35:32.833+0000] {logging_mixin.py:190} INFO - [2026-03-31T18:35:32.833+0000] {dag.py:4180} INFO - Setting next_dagrun for ingestion_postgres_tmdb to 2026-03-02 10:00:00+00:00, run_after=2026-04-06 10:00:00+00:00
[2026-03-31T18:35:32.860+0000] {processor.py:208} INFO - Processing /opt/airflow/dags/ingestion_postgres_dag.py took 0.136 seconds
[2026-03-31T18:36:03.470+0000] {processor.py:186} INFO - Started process (PID=471) to work on /opt/airflow/dags/ingestion_postgres_dag.py
[2026-03-31T18:36:03.471+0000] {processor.py:914} INFO - Processing file /opt/airflow/dags/ingestion_postgres_dag.py for tasks to queue
[2026-03-31T18:36:03.474+0000] {logging_mixin.py:190} INFO - [2026-03-31T18:36:03.474+0000] {dagbag.py:588} INFO - Filling up the DagBag from /opt/airflow/dags/ingestion_postgres_dag.py
[2026-03-31T18:36:03.496+0000] {processor.py:925} INFO - DAG(s) 'ingestion_postgres_tmdb' retrieved from /opt/airflow/dags/ingestion_postgres_dag.py
[2026-03-31T18:36:03.528+0000] {logging_mixin.py:190} INFO - [2026-03-31T18:36:03.527+0000] {dag.py:3239} INFO - Sync 1 DAGs
[2026-03-31T18:36:03.554+0000] {logging_mixin.py:190} INFO - [2026-03-31T18:36:03.553+0000] {dag.py:4180} INFO - Setting next_dagrun for ingestion_postgres_tmdb to 2026-03-02 10:00:00+00:00, run_after=2026-04-06 10:00:00+00:00
[2026-03-31T18:36:03.578+0000] {processor.py:208} INFO - Processing /opt/airflow/dags/ingestion_postgres_dag.py took 0.115 seconds
[2026-03-31T18:36:33.774+0000] {processor.py:186} INFO - Started process (PID=481) to work on /opt/airflow/dags/ingestion_postgres_dag.py
[2026-03-31T18:36:33.775+0000] {processor.py:914} INFO - Processing file /opt/airflow/dags/ingestion_postgres_dag.py for tasks to queue
[2026-03-31T18:36:33.778+0000] {logging_mixin.py:190} INFO - [2026-03-31T18:36:33.778+0000] {dagbag.py:588} INFO - Filling up the DagBag from /opt/airflow/dags/ingestion_postgres_dag.py
[2026-03-31T18:36:33.807+0000] {processor.py:925} INFO - DAG(s) 'ingestion_postgres_tmdb' retrieved from /opt/airflow/dags/ingestion_postgres_dag.py
[2026-03-31T18:36:33.860+0000] {logging_mixin.py:190} INFO - [2026-03-31T18:36:33.859+0000] {dag.py:3239} INFO - Sync 1 DAGs
[2026-03-31T18:36:33.889+0000] {logging_mixin.py:190} INFO - [2026-03-31T18:36:33.888+0000] {dag.py:4180} INFO - Setting next_dagrun for ingestion_postgres_tmdb to 2026-03-02 10:00:00+00:00, run_after=2026-04-06 10:00:00+00:00
[2026-03-31T18:36:33.919+0000] {processor.py:208} INFO - Processing /opt/airflow/dags/ingestion_postgres_dag.py took 0.154 seconds
[2026-03-31T18:37:04.277+0000] {processor.py:186} INFO - Started process (PID=491) to work on /opt/airflow/dags/ingestion_postgres_dag.py
[2026-03-31T18:37:04.279+0000] {processor.py:914} INFO - Processing file /opt/airflow/dags/ingestion_postgres_dag.py for tasks to queue
[2026-03-31T18:37:04.281+0000] {logging_mixin.py:190} INFO - [2026-03-31T18:37:04.281+0000] {dagbag.py:588} INFO - Filling up the DagBag from /opt/airflow/dags/ingestion_postgres_dag.py
[2026-03-31T18:37:04.304+0000] {processor.py:925} INFO - DAG(s) 'ingestion_postgres_tmdb' retrieved from /opt/airflow/dags/ingestion_postgres_dag.py
[2026-03-31T18:37:04.335+0000] {logging_mixin.py:190} INFO - [2026-03-31T18:37:04.334+0000] {dag.py:3239} INFO - Sync 1 DAGs
[2026-03-31T18:37:04.360+0000] {logging_mixin.py:190} INFO - [2026-03-31T18:37:04.360+0000] {dag.py:4180} INFO - Setting next_dagrun for ingestion_postgres_tmdb to 2026-03-02 10:00:00+00:00, run_after=2026-04-06 10:00:00+00:00
[2026-03-31T18:37:04.385+0000] {processor.py:208} INFO - Processing /opt/airflow/dags/ingestion_postgres_dag.py took 0.116 seconds
[2026-03-31T18:37:34.686+0000] {processor.py:186} INFO - Started process (PID=501) to work on /opt/airflow/dags/ingestion_postgres_dag.py
[2026-03-31T18:37:34.687+0000] {processor.py:914} INFO - Processing file /opt/airflow/dags/ingestion_postgres_dag.py for tasks to queue
[2026-03-31T18:37:34.690+0000] {logging_mixin.py:190} INFO - [2026-03-31T18:37:34.689+0000] {dagbag.py:588} INFO - Filling up the DagBag from /opt/airflow/dags/ingestion_postgres_dag.py
[2026-03-31T18:37:34.709+0000] {processor.py:925} INFO - DAG(s) 'ingestion_postgres_tmdb' retrieved from /opt/airflow/dags/ingestion_postgres_dag.py
[2026-03-31T18:37:34.737+0000] {logging_mixin.py:190} INFO - [2026-03-31T18:37:34.737+0000] {dag.py:3239} INFO - Sync 1 DAGs
[2026-03-31T18:37:34.760+0000] {logging_mixin.py:190} INFO - [2026-03-31T18:37:34.760+0000] {dag.py:4180} INFO - Setting next_dagrun for ingestion_postgres_tmdb to 2026-03-02 10:00:00+00:00, run_after=2026-04-06 10:00:00+00:00
[2026-03-31T18:37:34.782+0000] {processor.py:208} INFO - Processing /opt/airflow/dags/ingestion_postgres_dag.py took 0.102 seconds
[2026-03-31T18:38:05.103+0000] {processor.py:186} INFO - Started process (PID=511) to work on /opt/airflow/dags/ingestion_postgres_dag.py
[2026-03-31T18:38:05.104+0000] {processor.py:914} INFO - Processing file /opt/airflow/dags/ingestion_postgres_dag.py for tasks to queue
[2026-03-31T18:38:05.107+0000] {logging_mixin.py:190} INFO - [2026-03-31T18:38:05.106+0000] {dagbag.py:588} INFO - Filling up the DagBag from /opt/airflow/dags/ingestion_postgres_dag.py
[2026-03-31T18:38:05.130+0000] {processor.py:925} INFO - DAG(s) 'ingestion_postgres_tmdb' retrieved from /opt/airflow/dags/ingestion_postgres_dag.py
[2026-03-31T18:38:05.164+0000] {logging_mixin.py:190} INFO - [2026-03-31T18:38:05.164+0000] {dag.py:3239} INFO - Sync 1 DAGs
[2026-03-31T18:38:05.193+0000] {logging_mixin.py:190} INFO - [2026-03-31T18:38:05.192+0000] {dag.py:4180} INFO - Setting next_dagrun for ingestion_postgres_tmdb to 2026-03-02 10:00:00+00:00, run_after=2026-04-06 10:00:00+00:00
[2026-03-31T18:38:05.217+0000] {processor.py:208} INFO - Processing /opt/airflow/dags/ingestion_postgres_dag.py took 0.121 seconds
[2026-03-31T18:38:35.401+0000] {processor.py:186} INFO - Started process (PID=521) to work on /opt/airflow/dags/ingestion_postgres_dag.py
[2026-03-31T18:38:35.402+0000] {processor.py:914} INFO - Processing file /opt/airflow/dags/ingestion_postgres_dag.py for tasks to queue
[2026-03-31T18:38:35.405+0000] {logging_mixin.py:190} INFO - [2026-03-31T18:38:35.404+0000] {dagbag.py:588} INFO - Filling up the DagBag from /opt/airflow/dags/ingestion_postgres_dag.py
[2026-03-31T18:38:35.425+0000] {processor.py:925} INFO - DAG(s) 'ingestion_postgres_tmdb' retrieved from /opt/airflow/dags/ingestion_postgres_dag.py
[2026-03-31T18:38:35.455+0000] {logging_mixin.py:190} INFO - [2026-03-31T18:38:35.454+0000] {dag.py:3239} INFO - Sync 1 DAGs
[2026-03-31T18:38:35.481+0000] {logging_mixin.py:190} INFO - [2026-03-31T18:38:35.480+0000] {dag.py:4180} INFO - Setting next_dagrun for ingestion_postgres_tmdb to 2026-03-02 10:00:00+00:00, run_after=2026-04-06 10:00:00+00:00
[2026-03-31T18:38:35.501+0000] {processor.py:208} INFO - Processing /opt/airflow/dags/ingestion_postgres_dag.py took 0.107 seconds
[2026-03-31T18:39:06.527+0000] {processor.py:186} INFO - Started process (PID=547) to work on /opt/airflow/dags/ingestion_postgres_dag.py
[2026-03-31T18:39:06.528+0000] {processor.py:914} INFO - Processing file /opt/airflow/dags/ingestion_postgres_dag.py for tasks to queue
[2026-03-31T18:39:06.531+0000] {logging_mixin.py:190} INFO - [2026-03-31T18:39:06.531+0000] {dagbag.py:588} INFO - Filling up the DagBag from /opt/airflow/dags/ingestion_postgres_dag.py
[2026-03-31T18:39:06.575+0000] {processor.py:925} INFO - DAG(s) 'ingestion_postgres_tmdb' retrieved from /opt/airflow/dags/ingestion_postgres_dag.py
[2026-03-31T18:39:06.614+0000] {logging_mixin.py:190} INFO - [2026-03-31T18:39:06.613+0000] {dag.py:3239} INFO - Sync 1 DAGs
[2026-03-31T18:39:06.649+0000] {logging_mixin.py:190} INFO - [2026-03-31T18:39:06.649+0000] {dag.py:4180} INFO - Setting next_dagrun for ingestion_postgres_tmdb to 2026-03-02 10:00:00+00:00, run_after=2026-04-06 10:00:00+00:00
[2026-03-31T18:39:06.676+0000] {processor.py:208} INFO - Processing /opt/airflow/dags/ingestion_postgres_dag.py took 0.163 seconds
[2026-03-31T18:39:36.943+0000] {processor.py:186} INFO - Started process (PID=557) to work on /opt/airflow/dags/ingestion_postgres_dag.py
[2026-03-31T18:39:36.944+0000] {processor.py:914} INFO - Processing file /opt/airflow/dags/ingestion_postgres_dag.py for tasks to queue
[2026-03-31T18:39:36.949+0000] {logging_mixin.py:190} INFO - [2026-03-31T18:39:36.949+0000] {dagbag.py:588} INFO - Filling up the DagBag from /opt/airflow/dags/ingestion_postgres_dag.py
[2026-03-31T18:39:36.990+0000] {processor.py:925} INFO - DAG(s) 'ingestion_postgres_tmdb' retrieved from /opt/airflow/dags/ingestion_postgres_dag.py
[2026-03-31T18:39:37.048+0000] {logging_mixin.py:190} INFO - [2026-03-31T18:39:37.047+0000] {dag.py:3239} INFO - Sync 1 DAGs
[2026-03-31T18:39:37.087+0000] {logging_mixin.py:190} INFO - [2026-03-31T18:39:37.087+0000] {dag.py:4180} INFO - Setting next_dagrun for ingestion_postgres_tmdb to 2026-03-02 10:00:00+00:00, run_after=2026-04-06 10:00:00+00:00
[2026-03-31T18:39:37.215+0000] {processor.py:208} INFO - Processing /opt/airflow/dags/ingestion_postgres_dag.py took 0.287 seconds
[2026-03-31T18:40:07.779+0000] {processor.py:186} INFO - Started process (PID=567) to work on /opt/airflow/dags/ingestion_postgres_dag.py
[2026-03-31T18:40:07.781+0000] {processor.py:914} INFO - Processing file /opt/airflow/dags/ingestion_postgres_dag.py for tasks to queue
[2026-03-31T18:40:07.785+0000] {logging_mixin.py:190} INFO - [2026-03-31T18:40:07.785+0000] {dagbag.py:588} INFO - Filling up the DagBag from /opt/airflow/dags/ingestion_postgres_dag.py
[2026-03-31T18:40:07.815+0000] {processor.py:925} INFO - DAG(s) 'ingestion_postgres_tmdb' retrieved from /opt/airflow/dags/ingestion_postgres_dag.py
[2026-03-31T18:40:07.856+0000] {logging_mixin.py:190} INFO - [2026-03-31T18:40:07.856+0000] {dag.py:3239} INFO - Sync 1 DAGs
[2026-03-31T18:40:07.884+0000] {logging_mixin.py:190} INFO - [2026-03-31T18:40:07.883+0000] {dag.py:4180} INFO - Setting next_dagrun for ingestion_postgres_tmdb to 2026-03-02 10:00:00+00:00, run_after=2026-04-06 10:00:00+00:00
[2026-03-31T18:40:07.918+0000] {processor.py:208} INFO - Processing /opt/airflow/dags/ingestion_postgres_dag.py took 0.150 seconds
[2026-03-31T18:40:38.279+0000] {processor.py:186} INFO - Started process (PID=577) to work on /opt/airflow/dags/ingestion_postgres_dag.py
[2026-03-31T18:40:38.282+0000] {processor.py:914} INFO - Processing file /opt/airflow/dags/ingestion_postgres_dag.py for tasks to queue
[2026-03-31T18:40:38.284+0000] {logging_mixin.py:190} INFO - [2026-03-31T18:40:38.284+0000] {dagbag.py:588} INFO - Filling up the DagBag from /opt/airflow/dags/ingestion_postgres_dag.py
[2026-03-31T18:40:38.320+0000] {processor.py:925} INFO - DAG(s) 'ingestion_postgres_tmdb' retrieved from /opt/airflow/dags/ingestion_postgres_dag.py
[2026-03-31T18:40:38.380+0000] {logging_mixin.py:190} INFO - [2026-03-31T18:40:38.379+0000] {dag.py:3239} INFO - Sync 1 DAGs
[2026-03-31T18:40:38.417+0000] {logging_mixin.py:190} INFO - [2026-03-31T18:40:38.416+0000] {dag.py:4180} INFO - Setting next_dagrun for ingestion_postgres_tmdb to 2026-03-02 10:00:00+00:00, run_after=2026-04-06 10:00:00+00:00
[2026-03-31T18:40:38.445+0000] {processor.py:208} INFO - Processing /opt/airflow/dags/ingestion_postgres_dag.py took 0.172 seconds
[2026-03-31T18:41:08.857+0000] {processor.py:186} INFO - Started process (PID=587) to work on /opt/airflow/dags/ingestion_postgres_dag.py
[2026-03-31T18:41:08.860+0000] {processor.py:914} INFO - Processing file /opt/airflow/dags/ingestion_postgres_dag.py for tasks to queue
[2026-03-31T18:41:08.867+0000] {logging_mixin.py:190} INFO - [2026-03-31T18:41:08.867+0000] {dagbag.py:588} INFO - Filling up the DagBag from /opt/airflow/dags/ingestion_postgres_dag.py
[2026-03-31T18:41:08.986+0000] {processor.py:925} INFO - DAG(s) 'ingestion_postgres_tmdb' retrieved from /opt/airflow/dags/ingestion_postgres_dag.py
[2026-03-31T18:41:09.169+0000] {logging_mixin.py:190} INFO - [2026-03-31T18:41:09.169+0000] {dag.py:3239} INFO - Sync 1 DAGs
[2026-03-31T18:41:09.252+0000] {logging_mixin.py:190} INFO - [2026-03-31T18:41:09.252+0000] {dag.py:4180} INFO - Setting next_dagrun for ingestion_postgres_tmdb to 2026-03-02 10:00:00+00:00, run_after=2026-04-06 10:00:00+00:00
[2026-03-31T18:41:09.280+0000] {processor.py:208} INFO - Processing /opt/airflow/dags/ingestion_postgres_dag.py took 0.438 seconds
[2026-03-31T18:41:39.720+0000] {processor.py:186} INFO - Started process (PID=600) to work on /opt/airflow/dags/ingestion_postgres_dag.py
[2026-03-31T18:41:39.723+0000] {processor.py:914} INFO - Processing file /opt/airflow/dags/ingestion_postgres_dag.py for tasks to queue
[2026-03-31T18:41:39.727+0000] {logging_mixin.py:190} INFO - [2026-03-31T18:41:39.726+0000] {dagbag.py:588} INFO - Filling up the DagBag from /opt/airflow/dags/ingestion_postgres_dag.py
[2026-03-31T18:41:39.816+0000] {processor.py:925} INFO - DAG(s) 'ingestion_postgres_tmdb' retrieved from /opt/airflow/dags/ingestion_postgres_dag.py
[2026-03-31T18:41:39.949+0000] {logging_mixin.py:190} INFO - [2026-03-31T18:41:39.948+0000] {dag.py:3239} INFO - Sync 1 DAGs
[2026-03-31T18:41:40.085+0000] {logging_mixin.py:190} INFO - [2026-03-31T18:41:40.085+0000] {dag.py:4180} INFO - Setting next_dagrun for ingestion_postgres_tmdb to 2026-03-02 10:00:00+00:00, run_after=2026-04-06 10:00:00+00:00
[2026-03-31T18:41:40.142+0000] {processor.py:208} INFO - Processing /opt/airflow/dags/ingestion_postgres_dag.py took 0.435 seconds
[2026-03-31T18:42:10.631+0000] {processor.py:186} INFO - Started process (PID=610) to work on /opt/airflow/dags/ingestion_postgres_dag.py
[2026-03-31T18:42:10.633+0000] {processor.py:914} INFO - Processing file /opt/airflow/dags/ingestion_postgres_dag.py for tasks to queue
[2026-03-31T18:42:10.638+0000] {logging_mixin.py:190} INFO - [2026-03-31T18:42:10.637+0000] {dagbag.py:588} INFO - Filling up the DagBag from /opt/airflow/dags/ingestion_postgres_dag.py
[2026-03-31T18:42:10.676+0000] {processor.py:925} INFO - DAG(s) 'ingestion_postgres_tmdb' retrieved from /opt/airflow/dags/ingestion_postgres_dag.py
[2026-03-31T18:42:10.723+0000] {logging_mixin.py:190} INFO - [2026-03-31T18:42:10.723+0000] {dag.py:3239} INFO - Sync 1 DAGs
[2026-03-31T18:42:10.763+0000] {logging_mixin.py:190} INFO - [2026-03-31T18:42:10.763+0000] {dag.py:4180} INFO - Setting next_dagrun for ingestion_postgres_tmdb to 2026-03-02 10:00:00+00:00, run_after=2026-04-06 10:00:00+00:00
[2026-03-31T18:42:10.801+0000] {processor.py:208} INFO - Processing /opt/airflow/dags/ingestion_postgres_dag.py took 0.181 seconds
[2026-03-31T18:42:41.758+0000] {processor.py:186} INFO - Started process (PID=620) to work on /opt/airflow/dags/ingestion_postgres_dag.py
[2026-03-31T18:42:41.767+0000] {processor.py:914} INFO - Processing file /opt/airflow/dags/ingestion_postgres_dag.py for tasks to queue
[2026-03-31T18:42:41.773+0000] {logging_mixin.py:190} INFO - [2026-03-31T18:42:41.773+0000] {dagbag.py:588} INFO - Filling up the DagBag from /opt/airflow/dags/ingestion_postgres_dag.py
[2026-03-31T18:42:41.816+0000] {processor.py:925} INFO - DAG(s) 'ingestion_postgres_tmdb' retrieved from /opt/airflow/dags/ingestion_postgres_dag.py
[2026-03-31T18:42:41.871+0000] {logging_mixin.py:190} INFO - [2026-03-31T18:42:41.870+0000] {dag.py:3239} INFO - Sync 1 DAGs
[2026-03-31T18:42:41.907+0000] {logging_mixin.py:190} INFO - [2026-03-31T18:42:41.906+0000] {dag.py:4180} INFO - Setting next_dagrun for ingestion_postgres_tmdb to 2026-03-02 10:00:00+00:00, run_after=2026-04-06 10:00:00+00:00
[2026-03-31T18:42:41.935+0000] {processor.py:208} INFO - Processing /opt/airflow/dags/ingestion_postgres_dag.py took 0.188 seconds
[2026-03-31T18:43:12.343+0000] {processor.py:186} INFO - Started process (PID=630) to work on /opt/airflow/dags/ingestion_postgres_dag.py
[2026-03-31T18:43:12.347+0000] {processor.py:914} INFO - Processing file /opt/airflow/dags/ingestion_postgres_dag.py for tasks to queue
[2026-03-31T18:43:12.354+0000] {logging_mixin.py:190} INFO - [2026-03-31T18:43:12.352+0000] {dagbag.py:588} INFO - Filling up the DagBag from /opt/airflow/dags/ingestion_postgres_dag.py
[2026-03-31T18:43:12.391+0000] {processor.py:925} INFO - DAG(s) 'ingestion_postgres_tmdb' retrieved from /opt/airflow/dags/ingestion_postgres_dag.py
[2026-03-31T18:43:12.450+0000] {logging_mixin.py:190} INFO - [2026-03-31T18:43:12.449+0000] {dag.py:3239} INFO - Sync 1 DAGs
[2026-03-31T18:43:12.508+0000] {logging_mixin.py:190} INFO - [2026-03-31T18:43:12.507+0000] {dag.py:4180} INFO - Setting next_dagrun for ingestion_postgres_tmdb to 2026-03-02 10:00:00+00:00, run_after=2026-04-06 10:00:00+00:00
[2026-03-31T18:43:12.547+0000] {processor.py:208} INFO - Processing /opt/airflow/dags/ingestion_postgres_dag.py took 0.218 seconds
[2026-03-31T18:43:42.809+0000] {processor.py:186} INFO - Started process (PID=640) to work on /opt/airflow/dags/ingestion_postgres_dag.py
[2026-03-31T18:43:42.810+0000] {processor.py:914} INFO - Processing file /opt/airflow/dags/ingestion_postgres_dag.py for tasks to queue
[2026-03-31T18:43:42.814+0000] {logging_mixin.py:190} INFO - [2026-03-31T18:43:42.813+0000] {dagbag.py:588} INFO - Filling up the DagBag from /opt/airflow/dags/ingestion_postgres_dag.py
[2026-03-31T18:43:42.846+0000] {processor.py:925} INFO - DAG(s) 'ingestion_postgres_tmdb' retrieved from /opt/airflow/dags/ingestion_postgres_dag.py
[2026-03-31T18:43:42.886+0000] {logging_mixin.py:190} INFO - [2026-03-31T18:43:42.886+0000] {dag.py:3239} INFO - Sync 1 DAGs
[2026-03-31T18:43:42.920+0000] {logging_mixin.py:190} INFO - [2026-03-31T18:43:42.920+0000] {dag.py:4180} INFO - Setting next_dagrun for ingestion_postgres_tmdb to 2026-03-02 10:00:00+00:00, run_after=2026-04-06 10:00:00+00:00
[2026-03-31T18:43:42.943+0000] {processor.py:208} INFO - Processing /opt/airflow/dags/ingestion_postgres_dag.py took 0.142 seconds
[2026-03-31T18:44:13.466+0000] {processor.py:186} INFO - Started process (PID=650) to work on /opt/airflow/dags/ingestion_postgres_dag.py
[2026-03-31T18:44:13.470+0000] {processor.py:914} INFO - Processing file /opt/airflow/dags/ingestion_postgres_dag.py for tasks to queue
[2026-03-31T18:44:13.478+0000] {logging_mixin.py:190} INFO - [2026-03-31T18:44:13.475+0000] {dagbag.py:588} INFO - Filling up the DagBag from /opt/airflow/dags/ingestion_postgres_dag.py
[2026-03-31T18:44:13.519+0000] {processor.py:925} INFO - DAG(s) 'ingestion_postgres_tmdb' retrieved from /opt/airflow/dags/ingestion_postgres_dag.py
[2026-03-31T18:44:13.563+0000] {logging_mixin.py:190} INFO - [2026-03-31T18:44:13.563+0000] {dag.py:3239} INFO - Sync 1 DAGs
[2026-03-31T18:44:13.605+0000] {logging_mixin.py:190} INFO - [2026-03-31T18:44:13.604+0000] {dag.py:4180} INFO - Setting next_dagrun for ingestion_postgres_tmdb to 2026-03-02 10:00:00+00:00, run_after=2026-04-06 10:00:00+00:00
[2026-03-31T18:44:13.629+0000] {processor.py:208} INFO - Processing /opt/airflow/dags/ingestion_postgres_dag.py took 0.185 seconds
[2026-03-31T18:44:44.071+0000] {processor.py:186} INFO - Started process (PID=660) to work on /opt/airflow/dags/ingestion_postgres_dag.py
[2026-03-31T18:44:44.074+0000] {processor.py:914} INFO - Processing file /opt/airflow/dags/ingestion_postgres_dag.py for tasks to queue
[2026-03-31T18:44:44.082+0000] {logging_mixin.py:190} INFO - [2026-03-31T18:44:44.080+0000] {dagbag.py:588} INFO - Filling up the DagBag from /opt/airflow/dags/ingestion_postgres_dag.py
[2026-03-31T18:44:44.113+0000] {processor.py:925} INFO - DAG(s) 'ingestion_postgres_tmdb' retrieved from /opt/airflow/dags/ingestion_postgres_dag.py
[2026-03-31T18:44:44.152+0000] {logging_mixin.py:190} INFO - [2026-03-31T18:44:44.152+0000] {dag.py:3239} INFO - Sync 1 DAGs
[2026-03-31T18:44:44.180+0000] {logging_mixin.py:190} INFO - [2026-03-31T18:44:44.180+0000] {dag.py:4180} INFO - Setting next_dagrun for ingestion_postgres_tmdb to 2026-03-02 10:00:00+00:00, run_after=2026-04-06 10:00:00+00:00
[2026-03-31T18:44:44.212+0000] {processor.py:208} INFO - Processing /opt/airflow/dags/ingestion_postgres_dag.py took 0.153 seconds
[2026-03-31T18:45:14.633+0000] {processor.py:186} INFO - Started process (PID=670) to work on /opt/airflow/dags/ingestion_postgres_dag.py
[2026-03-31T18:45:14.637+0000] {processor.py:914} INFO - Processing file /opt/airflow/dags/ingestion_postgres_dag.py for tasks to queue
[2026-03-31T18:45:14.642+0000] {logging_mixin.py:190} INFO - [2026-03-31T18:45:14.641+0000] {dagbag.py:588} INFO - Filling up the DagBag from /opt/airflow/dags/ingestion_postgres_dag.py
[2026-03-31T18:45:14.676+0000] {processor.py:925} INFO - DAG(s) 'ingestion_postgres_tmdb' retrieved from /opt/airflow/dags/ingestion_postgres_dag.py
[2026-03-31T18:45:14.718+0000] {logging_mixin.py:190} INFO - [2026-03-31T18:45:14.717+0000] {dag.py:3239} INFO - Sync 1 DAGs
[2026-03-31T18:45:14.752+0000] {logging_mixin.py:190} INFO - [2026-03-31T18:45:14.751+0000] {dag.py:4180} INFO - Setting next_dagrun for ingestion_postgres_tmdb to 2026-03-02 10:00:00+00:00, run_after=2026-04-06 10:00:00+00:00
[2026-03-31T18:45:14.785+0000] {processor.py:208} INFO - Processing /opt/airflow/dags/ingestion_postgres_dag.py took 0.165 seconds
[2026-03-31T18:45:45.003+0000] {processor.py:186} INFO - Started process (PID=680) to work on /opt/airflow/dags/ingestion_postgres_dag.py
[2026-03-31T18:45:45.005+0000] {processor.py:914} INFO - Processing file /opt/airflow/dags/ingestion_postgres_dag.py for tasks to queue
[2026-03-31T18:45:45.008+0000] {logging_mixin.py:190} INFO - [2026-03-31T18:45:45.008+0000] {dagbag.py:588} INFO - Filling up the DagBag from /opt/airflow/dags/ingestion_postgres_dag.py
[2026-03-31T18:45:45.035+0000] {processor.py:925} INFO - DAG(s) 'ingestion_postgres_tmdb' retrieved from /opt/airflow/dags/ingestion_postgres_dag.py
[2026-03-31T18:45:45.076+0000] {logging_mixin.py:190} INFO - [2026-03-31T18:45:45.075+0000] {dag.py:3239} INFO - Sync 1 DAGs
[2026-03-31T18:45:45.108+0000] {logging_mixin.py:190} INFO - [2026-03-31T18:45:45.107+0000] {dag.py:4180} INFO - Setting next_dagrun for ingestion_postgres_tmdb to 2026-03-02 10:00:00+00:00, run_after=2026-04-06 10:00:00+00:00
[2026-03-31T18:45:45.132+0000] {processor.py:208} INFO - Processing /opt/airflow/dags/ingestion_postgres_dag.py took 0.138 seconds
[2026-03-31T18:46:15.515+0000] {processor.py:186} INFO - Started process (PID=690) to work on /opt/airflow/dags/ingestion_postgres_dag.py
[2026-03-31T18:46:15.517+0000] {processor.py:914} INFO - Processing file /opt/airflow/dags/ingestion_postgres_dag.py for tasks to queue
[2026-03-31T18:46:15.520+0000] {logging_mixin.py:190} INFO - [2026-03-31T18:46:15.520+0000] {dagbag.py:588} INFO - Filling up the DagBag from /opt/airflow/dags/ingestion_postgres_dag.py
[2026-03-31T18:46:15.556+0000] {processor.py:925} INFO - DAG(s) 'ingestion_postgres_tmdb' retrieved from /opt/airflow/dags/ingestion_postgres_dag.py
[2026-03-31T18:46:15.597+0000] {logging_mixin.py:190} INFO - [2026-03-31T18:46:15.596+0000] {dag.py:3239} INFO - Sync 1 DAGs
[2026-03-31T18:46:15.632+0000] {logging_mixin.py:190} INFO - [2026-03-31T18:46:15.631+0000] {dag.py:4180} INFO - Setting next_dagrun for ingestion_postgres_tmdb to 2026-03-02 10:00:00+00:00, run_after=2026-04-06 10:00:00+00:00
[2026-03-31T18:46:15.662+0000] {processor.py:208} INFO - Processing /opt/airflow/dags/ingestion_postgres_dag.py took 0.157 seconds
[2026-03-31T18:46:45.892+0000] {processor.py:186} INFO - Started process (PID=703) to work on /opt/airflow/dags/ingestion_postgres_dag.py
[2026-03-31T18:46:45.893+0000] {processor.py:914} INFO - Processing file /opt/airflow/dags/ingestion_postgres_dag.py for tasks to queue
[2026-03-31T18:46:45.897+0000] {logging_mixin.py:190} INFO - [2026-03-31T18:46:45.896+0000] {dagbag.py:588} INFO - Filling up the DagBag from /opt/airflow/dags/ingestion_postgres_dag.py
[2026-03-31T18:46:45.923+0000] {processor.py:925} INFO - DAG(s) 'ingestion_postgres_tmdb' retrieved from /opt/airflow/dags/ingestion_postgres_dag.py
[2026-03-31T18:46:45.956+0000] {logging_mixin.py:190} INFO - [2026-03-31T18:46:45.956+0000] {dag.py:3239} INFO - Sync 1 DAGs
[2026-03-31T18:46:45.987+0000] {logging_mixin.py:190} INFO - [2026-03-31T18:46:45.987+0000] {dag.py:4180} INFO - Setting next_dagrun for ingestion_postgres_tmdb to 2026-03-02 10:00:00+00:00, run_after=2026-04-06 10:00:00+00:00
[2026-03-31T18:46:46.023+0000] {processor.py:208} INFO - Processing /opt/airflow/dags/ingestion_postgres_dag.py took 0.139 seconds
[2026-03-31T18:47:15.996+0000] {processor.py:186} INFO - Started process (PID=718) to work on /opt/airflow/dags/ingestion_postgres_dag.py
[2026-03-31T18:47:15.998+0000] {processor.py:914} INFO - Processing file /opt/airflow/dags/ingestion_postgres_dag.py for tasks to queue
[2026-03-31T18:47:16.001+0000] {logging_mixin.py:190} INFO - [2026-03-31T18:47:16.000+0000] {dagbag.py:588} INFO - Filling up the DagBag from /opt/airflow/dags/ingestion_postgres_dag.py
[2026-03-31T18:47:16.034+0000] {processor.py:925} INFO - DAG(s) 'ingestion_postgres_tmdb' retrieved from /opt/airflow/dags/ingestion_postgres_dag.py
[2026-03-31T18:47:16.113+0000] {logging_mixin.py:190} INFO - [2026-03-31T18:47:16.113+0000] {dag.py:3239} INFO - Sync 1 DAGs
[2026-03-31T18:47:16.188+0000] {logging_mixin.py:190} INFO - [2026-03-31T18:47:16.188+0000] {dag.py:4180} INFO - Setting next_dagrun for ingestion_postgres_tmdb to 2026-03-02 10:00:00+00:00, run_after=2026-04-06 10:00:00+00:00
[2026-03-31T18:47:16.272+0000] {processor.py:208} INFO - Processing /opt/airflow/dags/ingestion_postgres_dag.py took 0.287 seconds
[2026-03-31T18:47:46.802+0000] {processor.py:186} INFO - Started process (PID=730) to work on /opt/airflow/dags/ingestion_postgres_dag.py
[2026-03-31T18:47:46.804+0000] {processor.py:914} INFO - Processing file /opt/airflow/dags/ingestion_postgres_dag.py for tasks to queue
[2026-03-31T18:47:46.808+0000] {logging_mixin.py:190} INFO - [2026-03-31T18:47:46.807+0000] {dagbag.py:588} INFO - Filling up the DagBag from /opt/airflow/dags/ingestion_postgres_dag.py
[2026-03-31T18:47:46.836+0000] {processor.py:925} INFO - DAG(s) 'ingestion_postgres_tmdb' retrieved from /opt/airflow/dags/ingestion_postgres_dag.py
[2026-03-31T18:47:46.889+0000] {logging_mixin.py:190} INFO - [2026-03-31T18:47:46.888+0000] {dag.py:3239} INFO - Sync 1 DAGs
[2026-03-31T18:47:46.925+0000] {logging_mixin.py:190} INFO - [2026-03-31T18:47:46.924+0000] {dag.py:4180} INFO - Setting next_dagrun for ingestion_postgres_tmdb to 2026-03-02 10:00:00+00:00, run_after=2026-04-06 10:00:00+00:00
[2026-03-31T18:47:46.955+0000] {processor.py:208} INFO - Processing /opt/airflow/dags/ingestion_postgres_dag.py took 0.172 seconds
[2026-03-31T18:48:17.330+0000] {processor.py:186} INFO - Started process (PID=735) to work on /opt/airflow/dags/ingestion_postgres_dag.py
[2026-03-31T18:48:17.331+0000] {processor.py:914} INFO - Processing file /opt/airflow/dags/ingestion_postgres_dag.py for tasks to queue
[2026-03-31T18:48:17.334+0000] {logging_mixin.py:190} INFO - [2026-03-31T18:48:17.334+0000] {dagbag.py:588} INFO - Filling up the DagBag from /opt/airflow/dags/ingestion_postgres_dag.py
[2026-03-31T18:48:17.356+0000] {processor.py:925} INFO - DAG(s) 'ingestion_postgres_tmdb' retrieved from /opt/airflow/dags/ingestion_postgres_dag.py
[2026-03-31T18:48:17.394+0000] {logging_mixin.py:190} INFO - [2026-03-31T18:48:17.394+0000] {dag.py:3239} INFO - Sync 1 DAGs
[2026-03-31T18:48:17.424+0000] {logging_mixin.py:190} INFO - [2026-03-31T18:48:17.424+0000] {dag.py:4180} INFO - Setting next_dagrun for ingestion_postgres_tmdb to 2026-03-02 10:00:00+00:00, run_after=2026-04-06 10:00:00+00:00
[2026-03-31T18:48:17.466+0000] {processor.py:208} INFO - Processing /opt/airflow/dags/ingestion_postgres_dag.py took 0.143 seconds
[2026-03-31T18:48:47.895+0000] {processor.py:186} INFO - Started process (PID=745) to work on /opt/airflow/dags/ingestion_postgres_dag.py
[2026-03-31T18:48:47.897+0000] {processor.py:914} INFO - Processing file /opt/airflow/dags/ingestion_postgres_dag.py for tasks to queue
[2026-03-31T18:48:47.901+0000] {logging_mixin.py:190} INFO - [2026-03-31T18:48:47.900+0000] {dagbag.py:588} INFO - Filling up the DagBag from /opt/airflow/dags/ingestion_postgres_dag.py
[2026-03-31T18:48:47.930+0000] {processor.py:925} INFO - DAG(s) 'ingestion_postgres_tmdb' retrieved from /opt/airflow/dags/ingestion_postgres_dag.py
[2026-03-31T18:48:47.985+0000] {logging_mixin.py:190} INFO - [2026-03-31T18:48:47.984+0000] {dag.py:3239} INFO - Sync 1 DAGs
[2026-03-31T18:48:48.032+0000] {logging_mixin.py:190} INFO - [2026-03-31T18:48:48.032+0000] {dag.py:4180} INFO - Setting next_dagrun for ingestion_postgres_tmdb to 2026-03-02 10:00:00+00:00, run_after=2026-04-06 10:00:00+00:00
[2026-03-31T18:48:48.066+0000] {processor.py:208} INFO - Processing /opt/airflow/dags/ingestion_postgres_dag.py took 0.181 seconds
[2026-03-31T18:49:18.623+0000] {processor.py:186} INFO - Started process (PID=755) to work on /opt/airflow/dags/ingestion_postgres_dag.py
[2026-03-31T18:49:18.625+0000] {processor.py:914} INFO - Processing file /opt/airflow/dags/ingestion_postgres_dag.py for tasks to queue
[2026-03-31T18:49:18.634+0000] {logging_mixin.py:190} INFO - [2026-03-31T18:49:18.633+0000] {dagbag.py:588} INFO - Filling up the DagBag from /opt/airflow/dags/ingestion_postgres_dag.py
[2026-03-31T18:49:18.694+0000] {processor.py:925} INFO - DAG(s) 'ingestion_postgres_tmdb' retrieved from /opt/airflow/dags/ingestion_postgres_dag.py
[2026-03-31T18:49:18.783+0000] {logging_mixin.py:190} INFO - [2026-03-31T18:49:18.782+0000] {dag.py:3239} INFO - Sync 1 DAGs
[2026-03-31T18:49:18.836+0000] {logging_mixin.py:190} INFO - [2026-03-31T18:49:18.835+0000] {dag.py:4180} INFO - Setting next_dagrun for ingestion_postgres_tmdb to 2026-03-02 10:00:00+00:00, run_after=2026-04-06 10:00:00+00:00
[2026-03-31T18:49:18.893+0000] {processor.py:208} INFO - Processing /opt/airflow/dags/ingestion_postgres_dag.py took 0.303 seconds
[2026-03-31T18:49:49.224+0000] {processor.py:186} INFO - Started process (PID=765) to work on /opt/airflow/dags/ingestion_postgres_dag.py
[2026-03-31T18:49:49.226+0000] {processor.py:914} INFO - Processing file /opt/airflow/dags/ingestion_postgres_dag.py for tasks to queue
[2026-03-31T18:49:49.229+0000] {logging_mixin.py:190} INFO - [2026-03-31T18:49:49.229+0000] {dagbag.py:588} INFO - Filling up the DagBag from /opt/airflow/dags/ingestion_postgres_dag.py
[2026-03-31T18:49:49.258+0000] {processor.py:925} INFO - DAG(s) 'ingestion_postgres_tmdb' retrieved from /opt/airflow/dags/ingestion_postgres_dag.py
[2026-03-31T18:49:49.300+0000] {logging_mixin.py:190} INFO - [2026-03-31T18:49:49.299+0000] {dag.py:3239} INFO - Sync 1 DAGs
[2026-03-31T18:49:49.342+0000] {logging_mixin.py:190} INFO - [2026-03-31T18:49:49.341+0000] {dag.py:4180} INFO - Setting next_dagrun for ingestion_postgres_tmdb to 2026-03-02 10:00:00+00:00, run_after=2026-04-06 10:00:00+00:00
[2026-03-31T18:49:49.391+0000] {processor.py:208} INFO - Processing /opt/airflow/dags/ingestion_postgres_dag.py took 0.184 seconds
[2026-03-31T18:50:19.613+0000] {processor.py:186} INFO - Started process (PID=775) to work on /opt/airflow/dags/ingestion_postgres_dag.py
[2026-03-31T18:50:19.615+0000] {processor.py:914} INFO - Processing file /opt/airflow/dags/ingestion_postgres_dag.py for tasks to queue
[2026-03-31T18:50:19.618+0000] {logging_mixin.py:190} INFO - [2026-03-31T18:50:19.618+0000] {dagbag.py:588} INFO - Filling up the DagBag from /opt/airflow/dags/ingestion_postgres_dag.py
[2026-03-31T18:50:19.653+0000] {processor.py:925} INFO - DAG(s) 'ingestion_postgres_tmdb' retrieved from /opt/airflow/dags/ingestion_postgres_dag.py
[2026-03-31T18:50:19.700+0000] {logging_mixin.py:190} INFO - [2026-03-31T18:50:19.699+0000] {dag.py:3239} INFO - Sync 1 DAGs
[2026-03-31T18:50:19.738+0000] {logging_mixin.py:190} INFO - [2026-03-31T18:50:19.738+0000] {dag.py:4180} INFO - Setting next_dagrun for ingestion_postgres_tmdb to 2026-03-02 10:00:00+00:00, run_after=2026-04-06 10:00:00+00:00
[2026-03-31T18:50:19.762+0000] {processor.py:208} INFO - Processing /opt/airflow/dags/ingestion_postgres_dag.py took 0.160 seconds
[2026-03-31T18:50:50.157+0000] {processor.py:186} INFO - Started process (PID=785) to work on /opt/airflow/dags/ingestion_postgres_dag.py
[2026-03-31T18:50:50.158+0000] {processor.py:914} INFO - Processing file /opt/airflow/dags/ingestion_postgres_dag.py for tasks to queue
[2026-03-31T18:50:50.162+0000] {logging_mixin.py:190} INFO - [2026-03-31T18:50:50.162+0000] {dagbag.py:588} INFO - Filling up the DagBag from /opt/airflow/dags/ingestion_postgres_dag.py
[2026-03-31T18:50:50.189+0000] {processor.py:925} INFO - DAG(s) 'ingestion_postgres_tmdb' retrieved from /opt/airflow/dags/ingestion_postgres_dag.py
[2026-03-31T18:50:50.228+0000] {logging_mixin.py:190} INFO - [2026-03-31T18:50:50.227+0000] {dag.py:3239} INFO - Sync 1 DAGs
[2026-03-31T18:50:50.257+0000] {logging_mixin.py:190} INFO - [2026-03-31T18:50:50.256+0000] {dag.py:4180} INFO - Setting next_dagrun for ingestion_postgres_tmdb to 2026-03-02 10:00:00+00:00, run_after=2026-04-06 10:00:00+00:00
[2026-03-31T18:50:50.280+0000] {processor.py:208} INFO - Processing /opt/airflow/dags/ingestion_postgres_dag.py took 0.134 seconds
[2026-03-31T18:51:20.703+0000] {processor.py:186} INFO - Started process (PID=795) to work on /opt/airflow/dags/ingestion_postgres_dag.py
[2026-03-31T18:51:20.707+0000] {processor.py:914} INFO - Processing file /opt/airflow/dags/ingestion_postgres_dag.py for tasks to queue
[2026-03-31T18:51:20.712+0000] {logging_mixin.py:190} INFO - [2026-03-31T18:51:20.711+0000] {dagbag.py:588} INFO - Filling up the DagBag from /opt/airflow/dags/ingestion_postgres_dag.py
[2026-03-31T18:51:20.763+0000] {processor.py:925} INFO - DAG(s) 'ingestion_postgres_tmdb' retrieved from /opt/airflow/dags/ingestion_postgres_dag.py
[2026-03-31T18:51:20.813+0000] {logging_mixin.py:190} INFO - [2026-03-31T18:51:20.813+0000] {dag.py:3239} INFO - Sync 1 DAGs
[2026-03-31T18:51:20.853+0000] {logging_mixin.py:190} INFO - [2026-03-31T18:51:20.852+0000] {dag.py:4180} INFO - Setting next_dagrun for ingestion_postgres_tmdb to 2026-03-02 10:00:00+00:00, run_after=2026-04-06 10:00:00+00:00
[2026-03-31T18:51:20.885+0000] {processor.py:208} INFO - Processing /opt/airflow/dags/ingestion_postgres_dag.py took 0.196 seconds
[2026-03-31T18:51:51.325+0000] {processor.py:186} INFO - Started process (PID=805) to work on /opt/airflow/dags/ingestion_postgres_dag.py
[2026-03-31T18:51:51.328+0000] {processor.py:914} INFO - Processing file /opt/airflow/dags/ingestion_postgres_dag.py for tasks to queue
[2026-03-31T18:51:51.335+0000] {logging_mixin.py:190} INFO - [2026-03-31T18:51:51.334+0000] {dagbag.py:588} INFO - Filling up the DagBag from /opt/airflow/dags/ingestion_postgres_dag.py
[2026-03-31T18:51:51.376+0000] {processor.py:925} INFO - DAG(s) 'ingestion_postgres_tmdb' retrieved from /opt/airflow/dags/ingestion_postgres_dag.py
[2026-03-31T18:51:51.439+0000] {logging_mixin.py:190} INFO - [2026-03-31T18:51:51.438+0000] {dag.py:3239} INFO - Sync 1 DAGs
[2026-03-31T18:51:51.485+0000] {logging_mixin.py:190} INFO - [2026-03-31T18:51:51.484+0000] {dag.py:4180} INFO - Setting next_dagrun for ingestion_postgres_tmdb to 2026-03-02 10:00:00+00:00, run_after=2026-04-06 10:00:00+00:00
[2026-03-31T18:51:51.523+0000] {processor.py:208} INFO - Processing /opt/airflow/dags/ingestion_postgres_dag.py took 0.228 seconds
[2026-03-31T18:52:21.637+0000] {processor.py:186} INFO - Started process (PID=815) to work on /opt/airflow/dags/ingestion_postgres_dag.py
[2026-03-31T18:52:21.638+0000] {processor.py:914} INFO - Processing file /opt/airflow/dags/ingestion_postgres_dag.py for tasks to queue
[2026-03-31T18:52:21.648+0000] {logging_mixin.py:190} INFO - [2026-03-31T18:52:21.647+0000] {dagbag.py:588} INFO - Filling up the DagBag from /opt/airflow/dags/ingestion_postgres_dag.py
[2026-03-31T18:52:21.676+0000] {processor.py:925} INFO - DAG(s) 'ingestion_postgres_tmdb' retrieved from /opt/airflow/dags/ingestion_postgres_dag.py
[2026-03-31T18:52:21.726+0000] {logging_mixin.py:190} INFO - [2026-03-31T18:52:21.726+0000] {dag.py:3239} INFO - Sync 1 DAGs
[2026-03-31T18:52:21.761+0000] {logging_mixin.py:190} INFO - [2026-03-31T18:52:21.761+0000] {dag.py:4180} INFO - Setting next_dagrun for ingestion_postgres_tmdb to 2026-03-02 10:00:00+00:00, run_after=2026-04-06 10:00:00+00:00
[2026-03-31T18:52:21.792+0000] {processor.py:208} INFO - Processing /opt/airflow/dags/ingestion_postgres_dag.py took 0.178 seconds
[2026-03-31T18:52:52.037+0000] {processor.py:186} INFO - Started process (PID=825) to work on /opt/airflow/dags/ingestion_postgres_dag.py
[2026-03-31T18:52:52.039+0000] {processor.py:914} INFO - Processing file /opt/airflow/dags/ingestion_postgres_dag.py for tasks to queue
[2026-03-31T18:52:52.042+0000] {logging_mixin.py:190} INFO - [2026-03-31T18:52:52.042+0000] {dagbag.py:588} INFO - Filling up the DagBag from /opt/airflow/dags/ingestion_postgres_dag.py
[2026-03-31T18:52:52.079+0000] {processor.py:925} INFO - DAG(s) 'ingestion_postgres_tmdb' retrieved from /opt/airflow/dags/ingestion_postgres_dag.py
[2026-03-31T18:52:52.121+0000] {logging_mixin.py:190} INFO - [2026-03-31T18:52:52.121+0000] {dag.py:3239} INFO - Sync 1 DAGs
[2026-03-31T18:52:52.154+0000] {logging_mixin.py:190} INFO - [2026-03-31T18:52:52.153+0000] {dag.py:4180} INFO - Setting next_dagrun for ingestion_postgres_tmdb to 2026-03-02 10:00:00+00:00, run_after=2026-04-06 10:00:00+00:00
[2026-03-31T18:52:52.187+0000] {processor.py:208} INFO - Processing /opt/airflow/dags/ingestion_postgres_dag.py took 0.161 seconds
[2026-03-31T18:53:22.629+0000] {processor.py:186} INFO - Started process (PID=835) to work on /opt/airflow/dags/ingestion_postgres_dag.py
[2026-03-31T18:53:22.631+0000] {processor.py:914} INFO - Processing file /opt/airflow/dags/ingestion_postgres_dag.py for tasks to queue
[2026-03-31T18:53:22.636+0000] {logging_mixin.py:190} INFO - [2026-03-31T18:53:22.636+0000] {dagbag.py:588} INFO - Filling up the DagBag from /opt/airflow/dags/ingestion_postgres_dag.py
[2026-03-31T18:53:22.664+0000] {processor.py:925} INFO - DAG(s) 'ingestion_postgres_tmdb' retrieved from /opt/airflow/dags/ingestion_postgres_dag.py
[2026-03-31T18:53:22.708+0000] {logging_mixin.py:190} INFO - [2026-03-31T18:53:22.707+0000] {dag.py:3239} INFO - Sync 1 DAGs
[2026-03-31T18:53:22.744+0000] {logging_mixin.py:190} INFO - [2026-03-31T18:53:22.743+0000] {dag.py:4180} INFO - Setting next_dagrun for ingestion_postgres_tmdb to 2026-03-02 10:00:00+00:00, run_after=2026-04-06 10:00:00+00:00
[2026-03-31T18:53:22.778+0000] {processor.py:208} INFO - Processing /opt/airflow/dags/ingestion_postgres_dag.py took 0.162 seconds
[2026-03-31T18:53:53.207+0000] {processor.py:186} INFO - Started process (PID=845) to work on /opt/airflow/dags/ingestion_postgres_dag.py
[2026-03-31T18:53:53.208+0000] {processor.py:914} INFO - Processing file /opt/airflow/dags/ingestion_postgres_dag.py for tasks to queue
[2026-03-31T18:53:53.212+0000] {logging_mixin.py:190} INFO - [2026-03-31T18:53:53.212+0000] {dagbag.py:588} INFO - Filling up the DagBag from /opt/airflow/dags/ingestion_postgres_dag.py
[2026-03-31T18:53:53.240+0000] {processor.py:925} INFO - DAG(s) 'ingestion_postgres_tmdb' retrieved from /opt/airflow/dags/ingestion_postgres_dag.py
[2026-03-31T18:53:53.282+0000] {logging_mixin.py:190} INFO - [2026-03-31T18:53:53.281+0000] {dag.py:3239} INFO - Sync 1 DAGs
[2026-03-31T18:53:53.317+0000] {logging_mixin.py:190} INFO - [2026-03-31T18:53:53.317+0000] {dag.py:4180} INFO - Setting next_dagrun for ingestion_postgres_tmdb to 2026-03-02 10:00:00+00:00, run_after=2026-04-06 10:00:00+00:00
[2026-03-31T18:53:53.346+0000] {processor.py:208} INFO - Processing /opt/airflow/dags/ingestion_postgres_dag.py took 0.150 seconds
[2026-03-31T18:54:23.807+0000] {processor.py:186} INFO - Started process (PID=855) to work on /opt/airflow/dags/ingestion_postgres_dag.py
[2026-03-31T18:54:23.809+0000] {processor.py:914} INFO - Processing file /opt/airflow/dags/ingestion_postgres_dag.py for tasks to queue
[2026-03-31T18:54:23.828+0000] {logging_mixin.py:190} INFO - [2026-03-31T18:54:23.828+0000] {dagbag.py:588} INFO - Filling up the DagBag from /opt/airflow/dags/ingestion_postgres_dag.py
[2026-03-31T18:54:23.873+0000] {processor.py:925} INFO - DAG(s) 'ingestion_postgres_tmdb' retrieved from /opt/airflow/dags/ingestion_postgres_dag.py
[2026-03-31T18:54:23.932+0000] {logging_mixin.py:190} INFO - [2026-03-31T18:54:23.932+0000] {dag.py:3239} INFO - Sync 1 DAGs
[2026-03-31T18:54:23.968+0000] {logging_mixin.py:190} INFO - [2026-03-31T18:54:23.968+0000] {dag.py:4180} INFO - Setting next_dagrun for ingestion_postgres_tmdb to 2026-03-02 10:00:00+00:00, run_after=2026-04-06 10:00:00+00:00
[2026-03-31T18:54:24.006+0000] {processor.py:208} INFO - Processing /opt/airflow/dags/ingestion_postgres_dag.py took 0.218 seconds
[2026-03-31T18:54:54.416+0000] {processor.py:186} INFO - Started process (PID=873) to work on /opt/airflow/dags/ingestion_postgres_dag.py
[2026-03-31T18:54:54.418+0000] {processor.py:914} INFO - Processing file /opt/airflow/dags/ingestion_postgres_dag.py for tasks to queue
[2026-03-31T18:54:54.423+0000] {logging_mixin.py:190} INFO - [2026-03-31T18:54:54.422+0000] {dagbag.py:588} INFO - Filling up the DagBag from /opt/airflow/dags/ingestion_postgres_dag.py
[2026-03-31T18:54:54.460+0000] {processor.py:925} INFO - DAG(s) 'ingestion_postgres_tmdb' retrieved from /opt/airflow/dags/ingestion_postgres_dag.py
[2026-03-31T18:54:54.530+0000] {logging_mixin.py:190} INFO - [2026-03-31T18:54:54.530+0000] {dag.py:3239} INFO - Sync 1 DAGs
[2026-03-31T18:54:54.575+0000] {logging_mixin.py:190} INFO - [2026-03-31T18:54:54.574+0000] {dag.py:4180} INFO - Setting next_dagrun for ingestion_postgres_tmdb to 2026-03-02 10:00:00+00:00, run_after=2026-04-06 10:00:00+00:00
[2026-03-31T18:54:54.639+0000] {processor.py:208} INFO - Processing /opt/airflow/dags/ingestion_postgres_dag.py took 0.235 seconds
[2026-03-31T18:55:25.049+0000] {processor.py:186} INFO - Started process (PID=883) to work on /opt/airflow/dags/ingestion_postgres_dag.py
[2026-03-31T18:55:25.050+0000] {processor.py:914} INFO - Processing file /opt/airflow/dags/ingestion_postgres_dag.py for tasks to queue
[2026-03-31T18:55:25.055+0000] {logging_mixin.py:190} INFO - [2026-03-31T18:55:25.054+0000] {dagbag.py:588} INFO - Filling up the DagBag from /opt/airflow/dags/ingestion_postgres_dag.py
[2026-03-31T18:55:25.086+0000] {processor.py:925} INFO - DAG(s) 'ingestion_postgres_tmdb' retrieved from /opt/airflow/dags/ingestion_postgres_dag.py
[2026-03-31T18:55:25.141+0000] {logging_mixin.py:190} INFO - [2026-03-31T18:55:25.140+0000] {dag.py:3239} INFO - Sync 1 DAGs
[2026-03-31T18:55:25.169+0000] {logging_mixin.py:190} INFO - [2026-03-31T18:55:25.169+0000] {dag.py:4180} INFO - Setting next_dagrun for ingestion_postgres_tmdb to 2026-03-02 10:00:00+00:00, run_after=2026-04-06 10:00:00+00:00
[2026-03-31T18:55:25.195+0000] {processor.py:208} INFO - Processing /opt/airflow/dags/ingestion_postgres_dag.py took 0.158 seconds
[2026-03-31T18:55:55.579+0000] {processor.py:186} INFO - Started process (PID=893) to work on /opt/airflow/dags/ingestion_postgres_dag.py
[2026-03-31T18:55:55.580+0000] {processor.py:914} INFO - Processing file /opt/airflow/dags/ingestion_postgres_dag.py for tasks to queue
[2026-03-31T18:55:55.584+0000] {logging_mixin.py:190} INFO - [2026-03-31T18:55:55.584+0000] {dagbag.py:588} INFO - Filling up the DagBag from /opt/airflow/dags/ingestion_postgres_dag.py
[2026-03-31T18:55:55.617+0000] {processor.py:925} INFO - DAG(s) 'ingestion_postgres_tmdb' retrieved from /opt/airflow/dags/ingestion_postgres_dag.py
[2026-03-31T18:55:55.685+0000] {logging_mixin.py:190} INFO - [2026-03-31T18:55:55.684+0000] {dag.py:3239} INFO - Sync 1 DAGs
[2026-03-31T18:55:55.715+0000] {logging_mixin.py:190} INFO - [2026-03-31T18:55:55.715+0000] {dag.py:4180} INFO - Setting next_dagrun for ingestion_postgres_tmdb to 2026-03-02 10:00:00+00:00, run_after=2026-04-06 10:00:00+00:00
[2026-03-31T18:55:55.738+0000] {processor.py:208} INFO - Processing /opt/airflow/dags/ingestion_postgres_dag.py took 0.168 seconds
[2026-03-31T18:56:25.836+0000] {processor.py:186} INFO - Started process (PID=903) to work on /opt/airflow/dags/ingestion_postgres_dag.py
[2026-03-31T18:56:25.837+0000] {processor.py:914} INFO - Processing file /opt/airflow/dags/ingestion_postgres_dag.py for tasks to queue
[2026-03-31T18:56:25.845+0000] {logging_mixin.py:190} INFO - [2026-03-31T18:56:25.844+0000] {dagbag.py:588} INFO - Filling up the DagBag from /opt/airflow/dags/ingestion_postgres_dag.py
[2026-03-31T18:56:25.893+0000] {processor.py:925} INFO - DAG(s) 'ingestion_postgres_tmdb' retrieved from /opt/airflow/dags/ingestion_postgres_dag.py
[2026-03-31T18:56:25.938+0000] {logging_mixin.py:190} INFO - [2026-03-31T18:56:25.937+0000] {dag.py:3239} INFO - Sync 1 DAGs
[2026-03-31T18:56:25.969+0000] {logging_mixin.py:190} INFO - [2026-03-31T18:56:25.969+0000] {dag.py:4180} INFO - Setting next_dagrun for ingestion_postgres_tmdb to 2026-03-02 10:00:00+00:00, run_after=2026-04-06 10:00:00+00:00
[2026-03-31T18:56:25.998+0000] {processor.py:208} INFO - Processing /opt/airflow/dags/ingestion_postgres_dag.py took 0.175 seconds
[2026-03-31T18:56:56.670+0000] {processor.py:186} INFO - Started process (PID=913) to work on /opt/airflow/dags/ingestion_postgres_dag.py
[2026-03-31T18:56:56.672+0000] {processor.py:914} INFO - Processing file /opt/airflow/dags/ingestion_postgres_dag.py for tasks to queue
[2026-03-31T18:56:56.677+0000] {logging_mixin.py:190} INFO - [2026-03-31T18:56:56.676+0000] {dagbag.py:588} INFO - Filling up the DagBag from /opt/airflow/dags/ingestion_postgres_dag.py
[2026-03-31T18:56:56.710+0000] {processor.py:925} INFO - DAG(s) 'ingestion_postgres_tmdb' retrieved from /opt/airflow/dags/ingestion_postgres_dag.py
[2026-03-31T18:56:56.753+0000] {logging_mixin.py:190} INFO - [2026-03-31T18:56:56.753+0000] {dag.py:3239} INFO - Sync 1 DAGs
[2026-03-31T18:56:56.788+0000] {logging_mixin.py:190} INFO - [2026-03-31T18:56:56.788+0000] {dag.py:4180} INFO - Setting next_dagrun for ingestion_postgres_tmdb to 2026-03-02 10:00:00+00:00, run_after=2026-04-06 10:00:00+00:00
[2026-03-31T18:56:56.818+0000] {processor.py:208} INFO - Processing /opt/airflow/dags/ingestion_postgres_dag.py took 0.159 seconds
[2026-03-31T18:57:26.953+0000] {processor.py:186} INFO - Started process (PID=926) to work on /opt/airflow/dags/ingestion_postgres_dag.py
[2026-03-31T18:57:26.956+0000] {processor.py:914} INFO - Processing file /opt/airflow/dags/ingestion_postgres_dag.py for tasks to queue
[2026-03-31T18:57:26.964+0000] {logging_mixin.py:190} INFO - [2026-03-31T18:57:26.963+0000] {dagbag.py:588} INFO - Filling up the DagBag from /opt/airflow/dags/ingestion_postgres_dag.py
[2026-03-31T18:57:27.010+0000] {processor.py:925} INFO - DAG(s) 'ingestion_postgres_tmdb' retrieved from /opt/airflow/dags/ingestion_postgres_dag.py
[2026-03-31T18:57:27.103+0000] {logging_mixin.py:190} INFO - [2026-03-31T18:57:27.103+0000] {dag.py:3239} INFO - Sync 1 DAGs
[2026-03-31T18:57:27.190+0000] {logging_mixin.py:190} INFO - [2026-03-31T18:57:27.189+0000] {dag.py:4180} INFO - Setting next_dagrun for ingestion_postgres_tmdb to 2026-03-02 10:00:00+00:00, run_after=2026-04-06 10:00:00+00:00
[2026-03-31T18:57:27.254+0000] {processor.py:208} INFO - Processing /opt/airflow/dags/ingestion_postgres_dag.py took 0.319 seconds
[2026-03-31T18:57:57.785+0000] {processor.py:186} INFO - Started process (PID=936) to work on /opt/airflow/dags/ingestion_postgres_dag.py
[2026-03-31T18:57:57.792+0000] {processor.py:914} INFO - Processing file /opt/airflow/dags/ingestion_postgres_dag.py for tasks to queue
[2026-03-31T18:57:57.801+0000] {logging_mixin.py:190} INFO - [2026-03-31T18:57:57.800+0000] {dagbag.py:588} INFO - Filling up the DagBag from /opt/airflow/dags/ingestion_postgres_dag.py
[2026-03-31T18:57:57.859+0000] {processor.py:925} INFO - DAG(s) 'ingestion_postgres_tmdb' retrieved from /opt/airflow/dags/ingestion_postgres_dag.py
[2026-03-31T18:57:57.933+0000] {logging_mixin.py:190} INFO - [2026-03-31T18:57:57.931+0000] {dag.py:3239} INFO - Sync 1 DAGs
[2026-03-31T18:57:57.997+0000] {logging_mixin.py:190} INFO - [2026-03-31T18:57:57.996+0000] {dag.py:4180} INFO - Setting next_dagrun for ingestion_postgres_tmdb to 2026-03-02 10:00:00+00:00, run_after=2026-04-06 10:00:00+00:00
[2026-03-31T18:57:58.029+0000] {processor.py:208} INFO - Processing /opt/airflow/dags/ingestion_postgres_dag.py took 0.257 seconds
[2026-03-31T18:58:28.170+0000] {processor.py:186} INFO - Started process (PID=946) to work on /opt/airflow/dags/ingestion_postgres_dag.py
[2026-03-31T18:58:28.171+0000] {processor.py:914} INFO - Processing file /opt/airflow/dags/ingestion_postgres_dag.py for tasks to queue
[2026-03-31T18:58:28.174+0000] {logging_mixin.py:190} INFO - [2026-03-31T18:58:28.174+0000] {dagbag.py:588} INFO - Filling up the DagBag from /opt/airflow/dags/ingestion_postgres_dag.py
[2026-03-31T18:58:28.204+0000] {processor.py:925} INFO - DAG(s) 'ingestion_postgres_tmdb' retrieved from /opt/airflow/dags/ingestion_postgres_dag.py
[2026-03-31T18:58:28.243+0000] {logging_mixin.py:190} INFO - [2026-03-31T18:58:28.243+0000] {dag.py:3239} INFO - Sync 1 DAGs
[2026-03-31T18:58:28.274+0000] {logging_mixin.py:190} INFO - [2026-03-31T18:58:28.273+0000] {dag.py:4180} INFO - Setting next_dagrun for ingestion_postgres_tmdb to 2026-03-02 10:00:00+00:00, run_after=2026-04-06 10:00:00+00:00
[2026-03-31T18:58:28.303+0000] {processor.py:208} INFO - Processing /opt/airflow/dags/ingestion_postgres_dag.py took 0.143 seconds
[2026-03-31T18:58:58.709+0000] {processor.py:186} INFO - Started process (PID=956) to work on /opt/airflow/dags/ingestion_postgres_dag.py
[2026-03-31T18:58:58.712+0000] {processor.py:914} INFO - Processing file /opt/airflow/dags/ingestion_postgres_dag.py for tasks to queue
[2026-03-31T18:58:58.717+0000] {logging_mixin.py:190} INFO - [2026-03-31T18:58:58.716+0000] {dagbag.py:588} INFO - Filling up the DagBag from /opt/airflow/dags/ingestion_postgres_dag.py
[2026-03-31T18:58:58.757+0000] {processor.py:925} INFO - DAG(s) 'ingestion_postgres_tmdb' retrieved from /opt/airflow/dags/ingestion_postgres_dag.py
[2026-03-31T18:58:58.810+0000] {logging_mixin.py:190} INFO - [2026-03-31T18:58:58.810+0000] {dag.py:3239} INFO - Sync 1 DAGs
[2026-03-31T18:58:58.856+0000] {logging_mixin.py:190} INFO - [2026-03-31T18:58:58.855+0000] {dag.py:4180} INFO - Setting next_dagrun for ingestion_postgres_tmdb to 2026-03-02 10:00:00+00:00, run_after=2026-04-06 10:00:00+00:00
[2026-03-31T18:58:58.890+0000] {processor.py:208} INFO - Processing /opt/airflow/dags/ingestion_postgres_dag.py took 0.203 seconds
[2026-03-31T18:59:29.363+0000] {processor.py:186} INFO - Started process (PID=966) to work on /opt/airflow/dags/ingestion_postgres_dag.py
[2026-03-31T18:59:29.365+0000] {processor.py:914} INFO - Processing file /opt/airflow/dags/ingestion_postgres_dag.py for tasks to queue
[2026-03-31T18:59:29.369+0000] {logging_mixin.py:190} INFO - [2026-03-31T18:59:29.369+0000] {dagbag.py:588} INFO - Filling up the DagBag from /opt/airflow/dags/ingestion_postgres_dag.py
[2026-03-31T18:59:29.407+0000] {processor.py:925} INFO - DAG(s) 'ingestion_postgres_tmdb' retrieved from /opt/airflow/dags/ingestion_postgres_dag.py
[2026-03-31T18:59:29.449+0000] {logging_mixin.py:190} INFO - [2026-03-31T18:59:29.448+0000] {dag.py:3239} INFO - Sync 1 DAGs
[2026-03-31T18:59:29.480+0000] {logging_mixin.py:190} INFO - [2026-03-31T18:59:29.480+0000] {dag.py:4180} INFO - Setting next_dagrun for ingestion_postgres_tmdb to 2026-03-02 10:00:00+00:00, run_after=2026-04-06 10:00:00+00:00
[2026-03-31T18:59:29.505+0000] {processor.py:208} INFO - Processing /opt/airflow/dags/ingestion_postgres_dag.py took 0.152 seconds
[2026-03-31T18:59:59.933+0000] {processor.py:186} INFO - Started process (PID=976) to work on /opt/airflow/dags/ingestion_postgres_dag.py
[2026-03-31T18:59:59.936+0000] {processor.py:914} INFO - Processing file /opt/airflow/dags/ingestion_postgres_dag.py for tasks to queue
[2026-03-31T18:59:59.942+0000] {logging_mixin.py:190} INFO - [2026-03-31T18:59:59.941+0000] {dagbag.py:588} INFO - Filling up the DagBag from /opt/airflow/dags/ingestion_postgres_dag.py
[2026-03-31T18:59:59.985+0000] {processor.py:925} INFO - DAG(s) 'ingestion_postgres_tmdb' retrieved from /opt/airflow/dags/ingestion_postgres_dag.py
[2026-03-31T19:00:00.053+0000] {logging_mixin.py:190} INFO - [2026-03-31T19:00:00.052+0000] {dag.py:3239} INFO - Sync 1 DAGs
[2026-03-31T19:00:00.105+0000] {logging_mixin.py:190} INFO - [2026-03-31T19:00:00.104+0000] {dag.py:4180} INFO - Setting next_dagrun for ingestion_postgres_tmdb to 2026-03-02 10:00:00+00:00, run_after=2026-04-06 10:00:00+00:00
[2026-03-31T19:00:00.139+0000] {processor.py:208} INFO - Processing /opt/airflow/dags/ingestion_postgres_dag.py took 0.219 seconds
[2026-03-31T19:00:30.258+0000] {processor.py:186} INFO - Started process (PID=986) to work on /opt/airflow/dags/ingestion_postgres_dag.py
[2026-03-31T19:00:30.260+0000] {processor.py:914} INFO - Processing file /opt/airflow/dags/ingestion_postgres_dag.py for tasks to queue
[2026-03-31T19:00:30.263+0000] {logging_mixin.py:190} INFO - [2026-03-31T19:00:30.262+0000] {dagbag.py:588} INFO - Filling up the DagBag from /opt/airflow/dags/ingestion_postgres_dag.py
[2026-03-31T19:00:30.294+0000] {processor.py:925} INFO - DAG(s) 'ingestion_postgres_tmdb' retrieved from /opt/airflow/dags/ingestion_postgres_dag.py
[2026-03-31T19:00:30.352+0000] {logging_mixin.py:190} INFO - [2026-03-31T19:00:30.351+0000] {dag.py:3239} INFO - Sync 1 DAGs
[2026-03-31T19:00:30.414+0000] {logging_mixin.py:190} INFO - [2026-03-31T19:00:30.414+0000] {dag.py:4180} INFO - Setting next_dagrun for ingestion_postgres_tmdb to 2026-03-02 10:00:00+00:00, run_after=2026-04-06 10:00:00+00:00
[2026-03-31T19:00:30.461+0000] {processor.py:208} INFO - Processing /opt/airflow/dags/ingestion_postgres_dag.py took 0.212 seconds
[2026-03-31T19:01:01.171+0000] {processor.py:186} INFO - Started process (PID=996) to work on /opt/airflow/dags/ingestion_postgres_dag.py
[2026-03-31T19:01:01.172+0000] {processor.py:914} INFO - Processing file /opt/airflow/dags/ingestion_postgres_dag.py for tasks to queue
[2026-03-31T19:01:01.180+0000] {logging_mixin.py:190} INFO - [2026-03-31T19:01:01.179+0000] {dagbag.py:588} INFO - Filling up the DagBag from /opt/airflow/dags/ingestion_postgres_dag.py
[2026-03-31T19:01:01.211+0000] {processor.py:925} INFO - DAG(s) 'ingestion_postgres_tmdb' retrieved from /opt/airflow/dags/ingestion_postgres_dag.py
[2026-03-31T19:01:01.249+0000] {logging_mixin.py:190} INFO - [2026-03-31T19:01:01.249+0000] {dag.py:3239} INFO - Sync 1 DAGs
[2026-03-31T19:01:01.277+0000] {logging_mixin.py:190} INFO - [2026-03-31T19:01:01.276+0000] {dag.py:4180} INFO - Setting next_dagrun for ingestion_postgres_tmdb to 2026-03-02 10:00:00+00:00, run_after=2026-04-06 10:00:00+00:00
[2026-03-31T19:01:01.304+0000] {processor.py:208} INFO - Processing /opt/airflow/dags/ingestion_postgres_dag.py took 0.146 seconds
[2026-03-31T19:01:31.732+0000] {processor.py:186} INFO - Started process (PID=1006) to work on /opt/airflow/dags/ingestion_postgres_dag.py
[2026-03-31T19:01:31.733+0000] {processor.py:914} INFO - Processing file /opt/airflow/dags/ingestion_postgres_dag.py for tasks to queue
[2026-03-31T19:01:31.737+0000] {logging_mixin.py:190} INFO - [2026-03-31T19:01:31.737+0000] {dagbag.py:588} INFO - Filling up the DagBag from /opt/airflow/dags/ingestion_postgres_dag.py
[2026-03-31T19:01:31.771+0000] {processor.py:925} INFO - DAG(s) 'ingestion_postgres_tmdb' retrieved from /opt/airflow/dags/ingestion_postgres_dag.py
[2026-03-31T19:01:31.824+0000] {logging_mixin.py:190} INFO - [2026-03-31T19:01:31.824+0000] {dag.py:3239} INFO - Sync 1 DAGs
[2026-03-31T19:01:31.868+0000] {logging_mixin.py:190} INFO - [2026-03-31T19:01:31.867+0000] {dag.py:4180} INFO - Setting next_dagrun for ingestion_postgres_tmdb to 2026-03-02 10:00:00+00:00, run_after=2026-04-06 10:00:00+00:00
[2026-03-31T19:01:31.928+0000] {processor.py:208} INFO - Processing /opt/airflow/dags/ingestion_postgres_dag.py took 0.207 seconds
[2026-03-31T19:02:02.307+0000] {processor.py:186} INFO - Started process (PID=1016) to work on /opt/airflow/dags/ingestion_postgres_dag.py
[2026-03-31T19:02:02.309+0000] {processor.py:914} INFO - Processing file /opt/airflow/dags/ingestion_postgres_dag.py for tasks to queue
[2026-03-31T19:02:02.313+0000] {logging_mixin.py:190} INFO - [2026-03-31T19:02:02.313+0000] {dagbag.py:588} INFO - Filling up the DagBag from /opt/airflow/dags/ingestion_postgres_dag.py
[2026-03-31T19:02:02.340+0000] {processor.py:925} INFO - DAG(s) 'ingestion_postgres_tmdb' retrieved from /opt/airflow/dags/ingestion_postgres_dag.py
[2026-03-31T19:02:02.379+0000] {logging_mixin.py:190} INFO - [2026-03-31T19:02:02.379+0000] {dag.py:3239} INFO - Sync 1 DAGs
[2026-03-31T19:02:02.450+0000] {logging_mixin.py:190} INFO - [2026-03-31T19:02:02.445+0000] {dag.py:4180} INFO - Setting next_dagrun for ingestion_postgres_tmdb to 2026-03-02 10:00:00+00:00, run_after=2026-04-06 10:00:00+00:00
[2026-03-31T19:02:02.482+0000] {processor.py:208} INFO - Processing /opt/airflow/dags/ingestion_postgres_dag.py took 0.187 seconds
[2026-03-31T19:02:33.407+0000] {processor.py:186} INFO - Started process (PID=1042) to work on /opt/airflow/dags/ingestion_postgres_dag.py
[2026-03-31T19:02:33.409+0000] {processor.py:914} INFO - Processing file /opt/airflow/dags/ingestion_postgres_dag.py for tasks to queue
[2026-03-31T19:02:33.414+0000] {logging_mixin.py:190} INFO - [2026-03-31T19:02:33.413+0000] {dagbag.py:588} INFO - Filling up the DagBag from /opt/airflow/dags/ingestion_postgres_dag.py
[2026-03-31T19:02:33.446+0000] {processor.py:925} INFO - DAG(s) 'ingestion_postgres_tmdb' retrieved from /opt/airflow/dags/ingestion_postgres_dag.py
[2026-03-31T19:02:33.491+0000] {logging_mixin.py:190} INFO - [2026-03-31T19:02:33.490+0000] {dag.py:3239} INFO - Sync 1 DAGs
[2026-03-31T19:02:33.527+0000] {logging_mixin.py:190} INFO - [2026-03-31T19:02:33.527+0000] {dag.py:4180} INFO - Setting next_dagrun for ingestion_postgres_tmdb to 2026-03-02 10:00:00+00:00, run_after=2026-04-06 10:00:00+00:00
[2026-03-31T19:02:33.559+0000] {processor.py:208} INFO - Processing /opt/airflow/dags/ingestion_postgres_dag.py took 0.163 seconds
[2026-03-31T19:03:03.776+0000] {processor.py:186} INFO - Started process (PID=1052) to work on /opt/airflow/dags/ingestion_postgres_dag.py
[2026-03-31T19:03:03.778+0000] {processor.py:914} INFO - Processing file /opt/airflow/dags/ingestion_postgres_dag.py for tasks to queue
[2026-03-31T19:03:03.784+0000] {logging_mixin.py:190} INFO - [2026-03-31T19:03:03.783+0000] {dagbag.py:588} INFO - Filling up the DagBag from /opt/airflow/dags/ingestion_postgres_dag.py
[2026-03-31T19:03:03.828+0000] {processor.py:925} INFO - DAG(s) 'ingestion_postgres_tmdb' retrieved from /opt/airflow/dags/ingestion_postgres_dag.py
[2026-03-31T19:03:03.886+0000] {logging_mixin.py:190} INFO - [2026-03-31T19:03:03.886+0000] {dag.py:3239} INFO - Sync 1 DAGs
[2026-03-31T19:03:03.977+0000] {logging_mixin.py:190} INFO - [2026-03-31T19:03:03.976+0000] {dag.py:4180} INFO - Setting next_dagrun for ingestion_postgres_tmdb to 2026-03-02 10:00:00+00:00, run_after=2026-04-06 10:00:00+00:00
[2026-03-31T19:03:04.064+0000] {processor.py:208} INFO - Processing /opt/airflow/dags/ingestion_postgres_dag.py took 0.299 seconds
[2026-03-31T19:03:34.483+0000] {processor.py:186} INFO - Started process (PID=1062) to work on /opt/airflow/dags/ingestion_postgres_dag.py
[2026-03-31T19:03:34.485+0000] {processor.py:914} INFO - Processing file /opt/airflow/dags/ingestion_postgres_dag.py for tasks to queue
[2026-03-31T19:03:34.497+0000] {logging_mixin.py:190} INFO - [2026-03-31T19:03:34.496+0000] {dagbag.py:588} INFO - Filling up the DagBag from /opt/airflow/dags/ingestion_postgres_dag.py
[2026-03-31T19:03:34.540+0000] {processor.py:925} INFO - DAG(s) 'ingestion_postgres_tmdb' retrieved from /opt/airflow/dags/ingestion_postgres_dag.py
[2026-03-31T19:03:34.587+0000] {logging_mixin.py:190} INFO - [2026-03-31T19:03:34.587+0000] {dag.py:3239} INFO - Sync 1 DAGs
[2026-03-31T19:03:34.621+0000] {logging_mixin.py:190} INFO - [2026-03-31T19:03:34.621+0000] {dag.py:4180} INFO - Setting next_dagrun for ingestion_postgres_tmdb to 2026-03-02 10:00:00+00:00, run_after=2026-04-06 10:00:00+00:00
[2026-03-31T19:03:34.657+0000] {processor.py:208} INFO - Processing /opt/airflow/dags/ingestion_postgres_dag.py took 0.191 seconds
[2026-03-31T19:04:05.075+0000] {processor.py:186} INFO - Started process (PID=1072) to work on /opt/airflow/dags/ingestion_postgres_dag.py
[2026-03-31T19:04:05.080+0000] {processor.py:914} INFO - Processing file /opt/airflow/dags/ingestion_postgres_dag.py for tasks to queue
[2026-03-31T19:04:05.088+0000] {logging_mixin.py:190} INFO - [2026-03-31T19:04:05.087+0000] {dagbag.py:588} INFO - Filling up the DagBag from /opt/airflow/dags/ingestion_postgres_dag.py
[2026-03-31T19:04:05.146+0000] {processor.py:925} INFO - DAG(s) 'ingestion_postgres_tmdb' retrieved from /opt/airflow/dags/ingestion_postgres_dag.py
[2026-03-31T19:04:05.213+0000] {logging_mixin.py:190} INFO - [2026-03-31T19:04:05.212+0000] {dag.py:3239} INFO - Sync 1 DAGs
[2026-03-31T19:04:05.250+0000] {logging_mixin.py:190} INFO - [2026-03-31T19:04:05.249+0000] {dag.py:4180} INFO - Setting next_dagrun for ingestion_postgres_tmdb to 2026-03-02 10:00:00+00:00, run_after=2026-04-06 10:00:00+00:00
[2026-03-31T19:04:05.278+0000] {processor.py:208} INFO - Processing /opt/airflow/dags/ingestion_postgres_dag.py took 0.213 seconds
[2026-03-31T19:04:35.680+0000] {processor.py:186} INFO - Started process (PID=1082) to work on /opt/airflow/dags/ingestion_postgres_dag.py
[2026-03-31T19:04:35.681+0000] {processor.py:914} INFO - Processing file /opt/airflow/dags/ingestion_postgres_dag.py for tasks to queue
[2026-03-31T19:04:35.685+0000] {logging_mixin.py:190} INFO - [2026-03-31T19:04:35.684+0000] {dagbag.py:588} INFO - Filling up the DagBag from /opt/airflow/dags/ingestion_postgres_dag.py
[2026-03-31T19:04:35.723+0000] {processor.py:925} INFO - DAG(s) 'ingestion_postgres_tmdb' retrieved from /opt/airflow/dags/ingestion_postgres_dag.py
[2026-03-31T19:04:35.757+0000] {logging_mixin.py:190} INFO - [2026-03-31T19:04:35.757+0000] {dag.py:3239} INFO - Sync 1 DAGs
[2026-03-31T19:04:35.787+0000] {logging_mixin.py:190} INFO - [2026-03-31T19:04:35.787+0000] {dag.py:4180} INFO - Setting next_dagrun for ingestion_postgres_tmdb to 2026-03-02 10:00:00+00:00, run_after=2026-04-06 10:00:00+00:00
[2026-03-31T19:04:35.822+0000] {processor.py:208} INFO - Processing /opt/airflow/dags/ingestion_postgres_dag.py took 0.161 seconds
[2026-03-31T19:05:06.322+0000] {processor.py:186} INFO - Started process (PID=1093) to work on /opt/airflow/dags/ingestion_postgres_dag.py
[2026-03-31T19:05:06.326+0000] {processor.py:914} INFO - Processing file /opt/airflow/dags/ingestion_postgres_dag.py for tasks to queue
[2026-03-31T19:05:06.338+0000] {logging_mixin.py:190} INFO - [2026-03-31T19:05:06.336+0000] {dagbag.py:588} INFO - Filling up the DagBag from /opt/airflow/dags/ingestion_postgres_dag.py
[2026-03-31T19:05:06.426+0000] {processor.py:925} INFO - DAG(s) 'ingestion_postgres_tmdb' retrieved from /opt/airflow/dags/ingestion_postgres_dag.py
[2026-03-31T19:05:06.539+0000] {logging_mixin.py:190} INFO - [2026-03-31T19:05:06.538+0000] {dag.py:3239} INFO - Sync 1 DAGs
[2026-03-31T19:05:06.596+0000] {logging_mixin.py:190} INFO - [2026-03-31T19:05:06.596+0000] {dag.py:4180} INFO - Setting next_dagrun for ingestion_postgres_tmdb to 2026-03-02 10:00:00+00:00, run_after=2026-04-06 10:00:00+00:00
[2026-03-31T19:05:06.629+0000] {processor.py:208} INFO - Processing /opt/airflow/dags/ingestion_postgres_dag.py took 0.362 seconds
[2026-03-31T19:05:36.797+0000] {processor.py:186} INFO - Started process (PID=1105) to work on /opt/airflow/dags/ingestion_postgres_dag.py
[2026-03-31T19:05:36.803+0000] {processor.py:914} INFO - Processing file /opt/airflow/dags/ingestion_postgres_dag.py for tasks to queue
[2026-03-31T19:05:36.814+0000] {logging_mixin.py:190} INFO - [2026-03-31T19:05:36.812+0000] {dagbag.py:588} INFO - Filling up the DagBag from /opt/airflow/dags/ingestion_postgres_dag.py
[2026-03-31T19:05:36.875+0000] {processor.py:925} INFO - DAG(s) 'ingestion_postgres_tmdb' retrieved from /opt/airflow/dags/ingestion_postgres_dag.py
[2026-03-31T19:05:36.919+0000] {logging_mixin.py:190} INFO - [2026-03-31T19:05:36.919+0000] {dag.py:3239} INFO - Sync 1 DAGs
[2026-03-31T19:05:36.973+0000] {logging_mixin.py:190} INFO - [2026-03-31T19:05:36.973+0000] {dag.py:4180} INFO - Setting next_dagrun for ingestion_postgres_tmdb to 2026-03-02 10:00:00+00:00, run_after=2026-04-06 10:00:00+00:00
[2026-03-31T19:05:37.001+0000] {processor.py:208} INFO - Processing /opt/airflow/dags/ingestion_postgres_dag.py took 0.214 seconds
[2026-03-31T19:06:07.386+0000] {processor.py:186} INFO - Started process (PID=1115) to work on /opt/airflow/dags/ingestion_postgres_dag.py
[2026-03-31T19:06:07.388+0000] {processor.py:914} INFO - Processing file /opt/airflow/dags/ingestion_postgres_dag.py for tasks to queue
[2026-03-31T19:06:07.393+0000] {logging_mixin.py:190} INFO - [2026-03-31T19:06:07.392+0000] {dagbag.py:588} INFO - Filling up the DagBag from /opt/airflow/dags/ingestion_postgres_dag.py
[2026-03-31T19:06:07.420+0000] {processor.py:925} INFO - DAG(s) 'ingestion_postgres_tmdb' retrieved from /opt/airflow/dags/ingestion_postgres_dag.py
[2026-03-31T19:06:07.459+0000] {logging_mixin.py:190} INFO - [2026-03-31T19:06:07.458+0000] {dag.py:3239} INFO - Sync 1 DAGs
[2026-03-31T19:06:07.507+0000] {logging_mixin.py:190} INFO - [2026-03-31T19:06:07.506+0000] {dag.py:4180} INFO - Setting next_dagrun for ingestion_postgres_tmdb to 2026-03-02 10:00:00+00:00, run_after=2026-04-06 10:00:00+00:00
[2026-03-31T19:06:07.554+0000] {processor.py:208} INFO - Processing /opt/airflow/dags/ingestion_postgres_dag.py took 0.182 seconds
[2026-03-31T19:06:37.941+0000] {processor.py:186} INFO - Started process (PID=1125) to work on /opt/airflow/dags/ingestion_postgres_dag.py
[2026-03-31T19:06:37.943+0000] {processor.py:914} INFO - Processing file /opt/airflow/dags/ingestion_postgres_dag.py for tasks to queue
[2026-03-31T19:06:37.946+0000] {logging_mixin.py:190} INFO - [2026-03-31T19:06:37.945+0000] {dagbag.py:588} INFO - Filling up the DagBag from /opt/airflow/dags/ingestion_postgres_dag.py
[2026-03-31T19:06:37.475+0000] {processor.py:925} INFO - DAG(s) 'ingestion_postgres_tmdb' retrieved from /opt/airflow/dags/ingestion_postgres_dag.py
[2026-03-31T19:06:37.510+0000] {logging_mixin.py:190} INFO - [2026-03-31T19:06:37.509+0000] {dag.py:3239} INFO - Sync 1 DAGs
[2026-03-31T19:06:37.540+0000] {logging_mixin.py:190} INFO - [2026-03-31T19:06:37.540+0000] {dag.py:4180} INFO - Setting next_dagrun for ingestion_postgres_tmdb to 2026-03-02 10:00:00+00:00, run_after=2026-04-06 10:00:00+00:00
[2026-03-31T19:06:37.568+0000] {processor.py:208} INFO - Processing /opt/airflow/dags/ingestion_postgres_dag.py took 0.135 seconds
[2026-03-31T19:07:07.899+0000] {processor.py:186} INFO - Started process (PID=1135) to work on /opt/airflow/dags/ingestion_postgres_dag.py
[2026-03-31T19:07:07.902+0000] {processor.py:914} INFO - Processing file /opt/airflow/dags/ingestion_postgres_dag.py for tasks to queue
[2026-03-31T19:07:07.906+0000] {logging_mixin.py:190} INFO - [2026-03-31T19:07:07.905+0000] {dagbag.py:588} INFO - Filling up the DagBag from /opt/airflow/dags/ingestion_postgres_dag.py
[2026-03-31T19:07:07.970+0000] {processor.py:925} INFO - DAG(s) 'ingestion_postgres_tmdb' retrieved from /opt/airflow/dags/ingestion_postgres_dag.py
[2026-03-31T19:07:08.052+0000] {logging_mixin.py:190} INFO - [2026-03-31T19:07:08.052+0000] {dag.py:3239} INFO - Sync 1 DAGs
[2026-03-31T19:07:08.141+0000] {logging_mixin.py:190} INFO - [2026-03-31T19:07:08.136+0000] {dag.py:4180} INFO - Setting next_dagrun for ingestion_postgres_tmdb to 2026-03-02 10:00:00+00:00, run_after=2026-04-06 10:00:00+00:00
[2026-03-31T19:07:08.219+0000] {processor.py:208} INFO - Processing /opt/airflow/dags/ingestion_postgres_dag.py took 0.342 seconds
[2026-03-31T19:07:38.651+0000] {processor.py:186} INFO - Started process (PID=1145) to work on /opt/airflow/dags/ingestion_postgres_dag.py
[2026-03-31T19:07:38.652+0000] {processor.py:914} INFO - Processing file /opt/airflow/dags/ingestion_postgres_dag.py for tasks to queue
[2026-03-31T19:07:38.660+0000] {logging_mixin.py:190} INFO - [2026-03-31T19:07:38.658+0000] {dagbag.py:588} INFO - Filling up the DagBag from /opt/airflow/dags/ingestion_postgres_dag.py
[2026-03-31T19:07:38.696+0000] {processor.py:925} INFO - DAG(s) 'ingestion_postgres_tmdb' retrieved from /opt/airflow/dags/ingestion_postgres_dag.py
[2026-03-31T19:07:38.741+0000] {logging_mixin.py:190} INFO - [2026-03-31T19:07:38.740+0000] {dag.py:3239} INFO - Sync 1 DAGs
[2026-03-31T19:07:38.778+0000] {logging_mixin.py:190} INFO - [2026-03-31T19:07:38.778+0000] {dag.py:4180} INFO - Setting next_dagrun for ingestion_postgres_tmdb to 2026-03-02 10:00:00+00:00, run_after=2026-04-06 10:00:00+00:00
[2026-03-31T19:07:38.854+0000] {processor.py:208} INFO - Processing /opt/airflow/dags/ingestion_postgres_dag.py took 0.221 seconds
[2026-03-31T19:08:09.350+0000] {processor.py:186} INFO - Started process (PID=1155) to work on /opt/airflow/dags/ingestion_postgres_dag.py
[2026-03-31T19:08:09.352+0000] {processor.py:914} INFO - Processing file /opt/airflow/dags/ingestion_postgres_dag.py for tasks to queue
[2026-03-31T19:08:09.356+0000] {logging_mixin.py:190} INFO - [2026-03-31T19:08:09.355+0000] {dagbag.py:588} INFO - Filling up the DagBag from /opt/airflow/dags/ingestion_postgres_dag.py
[2026-03-31T19:08:09.396+0000] {processor.py:925} INFO - DAG(s) 'ingestion_postgres_tmdb' retrieved from /opt/airflow/dags/ingestion_postgres_dag.py
[2026-03-31T19:08:09.502+0000] {logging_mixin.py:190} INFO - [2026-03-31T19:08:09.502+0000] {dag.py:3239} INFO - Sync 1 DAGs
[2026-03-31T19:08:09.551+0000] {logging_mixin.py:190} INFO - [2026-03-31T19:08:09.551+0000] {dag.py:4180} INFO - Setting next_dagrun for ingestion_postgres_tmdb to 2026-03-02 10:00:00+00:00, run_after=2026-04-06 10:00:00+00:00
[2026-03-31T19:08:09.587+0000] {processor.py:208} INFO - Processing /opt/airflow/dags/ingestion_postgres_dag.py took 0.255 seconds
[2026-03-31T19:08:39.799+0000] {processor.py:186} INFO - Started process (PID=1165) to work on /opt/airflow/dags/ingestion_postgres_dag.py
[2026-03-31T19:08:39.804+0000] {processor.py:914} INFO - Processing file /opt/airflow/dags/ingestion_postgres_dag.py for tasks to queue
[2026-03-31T19:08:39.817+0000] {logging_mixin.py:190} INFO - [2026-03-31T19:08:39.817+0000] {dagbag.py:588} INFO - Filling up the DagBag from /opt/airflow/dags/ingestion_postgres_dag.py
[2026-03-31T19:08:39.908+0000] {processor.py:925} INFO - DAG(s) 'ingestion_postgres_tmdb' retrieved from /opt/airflow/dags/ingestion_postgres_dag.py
[2026-03-31T19:08:40.009+0000] {logging_mixin.py:190} INFO - [2026-03-31T19:08:40.009+0000] {dag.py:3239} INFO - Sync 1 DAGs
[2026-03-31T19:08:40.142+0000] {processor.py:208} INFO - Processing /opt/airflow/dags/ingestion_postgres_dag.py took 0.370 seconds
[2026-03-31T19:09:10.429+0000] {processor.py:186} INFO - Started process (PID=1175) to work on /opt/airflow/dags/ingestion_postgres_dag.py
[2026-03-31T19:09:10.431+0000] {processor.py:914} INFO - Processing file /opt/airflow/dags/ingestion_postgres_dag.py for tasks to queue
[2026-03-31T19:09:10.435+0000] {logging_mixin.py:190} INFO - [2026-03-31T19:09:10.435+0000] {dagbag.py:588} INFO - Filling up the DagBag from /opt/airflow/dags/ingestion_postgres_dag.py
[2026-03-31T19:09:10.467+0000] {processor.py:925} INFO - DAG(s) 'ingestion_postgres_tmdb' retrieved from /opt/airflow/dags/ingestion_postgres_dag.py
[2026-03-31T19:09:10.512+0000] {logging_mixin.py:190} INFO - [2026-03-31T19:09:10.512+0000] {dag.py:3239} INFO - Sync 1 DAGs
[2026-03-31T19:09:10.566+0000] {processor.py:208} INFO - Processing /opt/airflow/dags/ingestion_postgres_dag.py took 0.149 seconds
[2026-03-31T19:09:41.065+0000] {processor.py:186} INFO - Started process (PID=1184) to work on /opt/airflow/dags/ingestion_postgres_dag.py
[2026-03-31T19:09:41.067+0000] {processor.py:914} INFO - Processing file /opt/airflow/dags/ingestion_postgres_dag.py for tasks to queue
[2026-03-31T19:09:41.074+0000] {logging_mixin.py:190} INFO - [2026-03-31T19:09:41.073+0000] {dagbag.py:588} INFO - Filling up the DagBag from /opt/airflow/dags/ingestion_postgres_dag.py
[2026-03-31T19:09:41.118+0000] {processor.py:925} INFO - DAG(s) 'ingestion_postgres_tmdb' retrieved from /opt/airflow/dags/ingestion_postgres_dag.py
[2026-03-31T19:09:41.170+0000] {logging_mixin.py:190} INFO - [2026-03-31T19:09:41.169+0000] {dag.py:3239} INFO - Sync 1 DAGs
[2026-03-31T19:09:41.224+0000] {processor.py:208} INFO - Processing /opt/airflow/dags/ingestion_postgres_dag.py took 0.176 seconds
[2026-03-31T19:10:11.661+0000] {processor.py:186} INFO - Started process (PID=1203) to work on /opt/airflow/dags/ingestion_postgres_dag.py
[2026-03-31T19:10:11.663+0000] {processor.py:914} INFO - Processing file /opt/airflow/dags/ingestion_postgres_dag.py for tasks to queue
[2026-03-31T19:10:11.668+0000] {logging_mixin.py:190} INFO - [2026-03-31T19:10:11.668+0000] {dagbag.py:588} INFO - Filling up the DagBag from /opt/airflow/dags/ingestion_postgres_dag.py
[2026-03-31T19:10:11.708+0000] {processor.py:925} INFO - DAG(s) 'ingestion_postgres_tmdb' retrieved from /opt/airflow/dags/ingestion_postgres_dag.py
[2026-03-31T19:10:11.768+0000] {logging_mixin.py:190} INFO - [2026-03-31T19:10:11.768+0000] {dag.py:3239} INFO - Sync 1 DAGs
[2026-03-31T19:10:11.850+0000] {processor.py:208} INFO - Processing /opt/airflow/dags/ingestion_postgres_dag.py took 0.202 seconds
[2026-03-31T19:10:42.098+0000] {processor.py:186} INFO - Started process (PID=1213) to work on /opt/airflow/dags/ingestion_postgres_dag.py
[2026-03-31T19:10:42.102+0000] {processor.py:914} INFO - Processing file /opt/airflow/dags/ingestion_postgres_dag.py for tasks to queue
[2026-03-31T19:10:42.108+0000] {logging_mixin.py:190} INFO - [2026-03-31T19:10:42.108+0000] {dagbag.py:588} INFO - Filling up the DagBag from /opt/airflow/dags/ingestion_postgres_dag.py
[2026-03-31T19:10:42.153+0000] {processor.py:925} INFO - DAG(s) 'ingestion_postgres_tmdb' retrieved from /opt/airflow/dags/ingestion_postgres_dag.py
[2026-03-31T19:10:42.228+0000] {logging_mixin.py:190} INFO - [2026-03-31T19:10:42.227+0000] {dag.py:3239} INFO - Sync 1 DAGs
[2026-03-31T19:10:42.338+0000] {processor.py:208} INFO - Processing /opt/airflow/dags/ingestion_postgres_dag.py took 0.265 seconds
[2026-03-31T19:11:12.806+0000] {processor.py:186} INFO - Started process (PID=1223) to work on /opt/airflow/dags/ingestion_postgres_dag.py
[2026-03-31T19:11:12.808+0000] {processor.py:914} INFO - Processing file /opt/airflow/dags/ingestion_postgres_dag.py for tasks to queue
[2026-03-31T19:11:12.814+0000] {logging_mixin.py:190} INFO - [2026-03-31T19:11:12.813+0000] {dagbag.py:588} INFO - Filling up the DagBag from /opt/airflow/dags/ingestion_postgres_dag.py
[2026-03-31T19:11:12.849+0000] {processor.py:925} INFO - DAG(s) 'ingestion_postgres_tmdb' retrieved from /opt/airflow/dags/ingestion_postgres_dag.py
[2026-03-31T19:11:12.905+0000] {logging_mixin.py:190} INFO - [2026-03-31T19:11:12.904+0000] {dag.py:3239} INFO - Sync 1 DAGs
[2026-03-31T19:11:13.009+0000] {processor.py:208} INFO - Processing /opt/airflow/dags/ingestion_postgres_dag.py took 0.216 seconds
[2026-03-31T19:11:42.900+0000] {processor.py:186} INFO - Started process (PID=1233) to work on /opt/airflow/dags/ingestion_postgres_dag.py
[2026-03-31T19:11:42.901+0000] {processor.py:914} INFO - Processing file /opt/airflow/dags/ingestion_postgres_dag.py for tasks to queue
[2026-03-31T19:11:42.907+0000] {logging_mixin.py:190} INFO - [2026-03-31T19:11:42.906+0000] {dagbag.py:588} INFO - Filling up the DagBag from /opt/airflow/dags/ingestion_postgres_dag.py
[2026-03-31T19:11:42.958+0000] {processor.py:925} INFO - DAG(s) 'ingestion_postgres_tmdb' retrieved from /opt/airflow/dags/ingestion_postgres_dag.py
[2026-03-31T19:11:43.016+0000] {logging_mixin.py:190} INFO - [2026-03-31T19:11:43.016+0000] {dag.py:3239} INFO - Sync 1 DAGs
[2026-03-31T19:11:43.070+0000] {processor.py:208} INFO - Processing /opt/airflow/dags/ingestion_postgres_dag.py took 0.180 seconds
[2026-03-31T19:12:13.257+0000] {processor.py:186} INFO - Started process (PID=1243) to work on /opt/airflow/dags/ingestion_postgres_dag.py
[2026-03-31T19:12:13.259+0000] {processor.py:914} INFO - Processing file /opt/airflow/dags/ingestion_postgres_dag.py for tasks to queue
[2026-03-31T19:12:13.264+0000] {logging_mixin.py:190} INFO - [2026-03-31T19:12:13.263+0000] {dagbag.py:588} INFO - Filling up the DagBag from /opt/airflow/dags/ingestion_postgres_dag.py
[2026-03-31T19:12:13.291+0000] {processor.py:925} INFO - DAG(s) 'ingestion_postgres_tmdb' retrieved from /opt/airflow/dags/ingestion_postgres_dag.py
[2026-03-31T19:12:13.334+0000] {logging_mixin.py:190} INFO - [2026-03-31T19:12:13.334+0000] {dag.py:3239} INFO - Sync 1 DAGs
[2026-03-31T19:12:13.385+0000] {processor.py:208} INFO - Processing /opt/airflow/dags/ingestion_postgres_dag.py took 0.143 seconds
[2026-03-31T19:12:43.863+0000] {processor.py:186} INFO - Started process (PID=1253) to work on /opt/airflow/dags/ingestion_postgres_dag.py
[2026-03-31T19:12:43.865+0000] {processor.py:914} INFO - Processing file /opt/airflow/dags/ingestion_postgres_dag.py for tasks to queue
[2026-03-31T19:12:43.870+0000] {logging_mixin.py:190} INFO - [2026-03-31T19:12:43.869+0000] {dagbag.py:588} INFO - Filling up the DagBag from /opt/airflow/dags/ingestion_postgres_dag.py
[2026-03-31T19:12:43.938+0000] {processor.py:925} INFO - DAG(s) 'ingestion_postgres_tmdb' retrieved from /opt/airflow/dags/ingestion_postgres_dag.py
[2026-03-31T19:12:43.989+0000] {logging_mixin.py:190} INFO - [2026-03-31T19:12:43.988+0000] {dag.py:3239} INFO - Sync 1 DAGs
[2026-03-31T19:12:44.100+0000] {processor.py:208} INFO - Processing /opt/airflow/dags/ingestion_postgres_dag.py took 0.256 seconds
[2026-03-31T19:13:14.301+0000] {processor.py:186} INFO - Started process (PID=1260) to work on /opt/airflow/dags/ingestion_postgres_dag.py
[2026-03-31T19:13:14.303+0000] {processor.py:914} INFO - Processing file /opt/airflow/dags/ingestion_postgres_dag.py for tasks to queue
[2026-03-31T19:13:14.313+0000] {logging_mixin.py:190} INFO - [2026-03-31T19:13:14.313+0000] {dagbag.py:588} INFO - Filling up the DagBag from /opt/airflow/dags/ingestion_postgres_dag.py
[2026-03-31T19:13:14.363+0000] {processor.py:925} INFO - DAG(s) 'ingestion_postgres_tmdb' retrieved from /opt/airflow/dags/ingestion_postgres_dag.py
[2026-03-31T19:13:14.424+0000] {logging_mixin.py:190} INFO - [2026-03-31T19:13:14.424+0000] {dag.py:3239} INFO - Sync 1 DAGs
[2026-03-31T19:13:14.499+0000] {processor.py:208} INFO - Processing /opt/airflow/dags/ingestion_postgres_dag.py took 0.222 seconds
[2026-03-31T19:13:45.061+0000] {processor.py:186} INFO - Started process (PID=1273) to work on /opt/airflow/dags/ingestion_postgres_dag.py
[2026-03-31T19:13:45.063+0000] {processor.py:914} INFO - Processing file /opt/airflow/dags/ingestion_postgres_dag.py for tasks to queue
[2026-03-31T19:13:45.076+0000] {logging_mixin.py:190} INFO - [2026-03-31T19:13:45.076+0000] {dagbag.py:588} INFO - Filling up the DagBag from /opt/airflow/dags/ingestion_postgres_dag.py
[2026-03-31T19:13:45.145+0000] {processor.py:925} INFO - DAG(s) 'ingestion_postgres_tmdb' retrieved from /opt/airflow/dags/ingestion_postgres_dag.py
[2026-03-31T19:13:45.190+0000] {logging_mixin.py:190} INFO - [2026-03-31T19:13:45.190+0000] {dag.py:3239} INFO - Sync 1 DAGs
[2026-03-31T19:13:45.256+0000] {processor.py:208} INFO - Processing /opt/airflow/dags/ingestion_postgres_dag.py took 0.220 seconds
[2026-03-31T19:14:15.627+0000] {processor.py:186} INFO - Started process (PID=1283) to work on /opt/airflow/dags/ingestion_postgres_dag.py
[2026-03-31T19:14:15.628+0000] {processor.py:914} INFO - Processing file /opt/airflow/dags/ingestion_postgres_dag.py for tasks to queue
[2026-03-31T19:14:15.632+0000] {logging_mixin.py:190} INFO - [2026-03-31T19:14:15.631+0000] {dagbag.py:588} INFO - Filling up the DagBag from /opt/airflow/dags/ingestion_postgres_dag.py
[2026-03-31T19:14:15.660+0000] {processor.py:925} INFO - DAG(s) 'ingestion_postgres_tmdb' retrieved from /opt/airflow/dags/ingestion_postgres_dag.py
[2026-03-31T19:14:15.700+0000] {logging_mixin.py:190} INFO - [2026-03-31T19:14:15.699+0000] {dag.py:3239} INFO - Sync 1 DAGs
[2026-03-31T19:14:15.759+0000] {processor.py:208} INFO - Processing /opt/airflow/dags/ingestion_postgres_dag.py took 0.143 seconds
[2026-03-31T19:14:45.994+0000] {processor.py:186} INFO - Started process (PID=1293) to work on /opt/airflow/dags/ingestion_postgres_dag.py
[2026-03-31T19:14:45.996+0000] {processor.py:914} INFO - Processing file /opt/airflow/dags/ingestion_postgres_dag.py for tasks to queue
[2026-03-31T19:14:46.000+0000] {logging_mixin.py:190} INFO - [2026-03-31T19:14:46.000+0000] {dagbag.py:588} INFO - Filling up the DagBag from /opt/airflow/dags/ingestion_postgres_dag.py
[2026-03-31T19:14:46.029+0000] {processor.py:925} INFO - DAG(s) 'ingestion_postgres_tmdb' retrieved from /opt/airflow/dags/ingestion_postgres_dag.py
[2026-03-31T19:14:46.065+0000] {logging_mixin.py:190} INFO - [2026-03-31T19:14:46.065+0000] {dag.py:3239} INFO - Sync 1 DAGs
[2026-03-31T19:14:46.124+0000] {processor.py:208} INFO - Processing /opt/airflow/dags/ingestion_postgres_dag.py took 0.139 seconds
[2026-03-31T19:15:16.544+0000] {processor.py:186} INFO - Started process (PID=1303) to work on /opt/airflow/dags/ingestion_postgres_dag.py
[2026-03-31T19:15:16.545+0000] {processor.py:914} INFO - Processing file /opt/airflow/dags/ingestion_postgres_dag.py for tasks to queue
[2026-03-31T19:15:16.550+0000] {logging_mixin.py:190} INFO - [2026-03-31T19:15:16.549+0000] {dagbag.py:588} INFO - Filling up the DagBag from /opt/airflow/dags/ingestion_postgres_dag.py
[2026-03-31T19:15:16.590+0000] {processor.py:925} INFO - DAG(s) 'ingestion_postgres_tmdb' retrieved from /opt/airflow/dags/ingestion_postgres_dag.py
[2026-03-31T19:15:16.650+0000] {logging_mixin.py:190} INFO - [2026-03-31T19:15:16.649+0000] {dag.py:3239} INFO - Sync 1 DAGs
[2026-03-31T19:15:16.747+0000] {processor.py:208} INFO - Processing /opt/airflow/dags/ingestion_postgres_dag.py took 0.218 seconds
[2026-03-31T19:15:47.470+0000] {processor.py:186} INFO - Started process (PID=1313) to work on /opt/airflow/dags/ingestion_postgres_dag.py
[2026-03-31T19:15:47.474+0000] {processor.py:914} INFO - Processing file /opt/airflow/dags/ingestion_postgres_dag.py for tasks to queue
[2026-03-31T19:15:47.484+0000] {logging_mixin.py:190} INFO - [2026-03-31T19:15:47.483+0000] {dagbag.py:588} INFO - Filling up the DagBag from /opt/airflow/dags/ingestion_postgres_dag.py
[2026-03-31T19:15:47.547+0000] {processor.py:925} INFO - DAG(s) 'ingestion_postgres_tmdb' retrieved from /opt/airflow/dags/ingestion_postgres_dag.py
[2026-03-31T19:15:47.669+0000] {logging_mixin.py:190} INFO - [2026-03-31T19:15:47.668+0000] {dag.py:3239} INFO - Sync 1 DAGs
[2026-03-31T19:15:47.790+0000] {processor.py:208} INFO - Processing /opt/airflow/dags/ingestion_postgres_dag.py took 0.340 seconds
[2026-03-31T19:16:18.246+0000] {processor.py:186} INFO - Started process (PID=1323) to work on /opt/airflow/dags/ingestion_postgres_dag.py
[2026-03-31T19:16:18.247+0000] {processor.py:914} INFO - Processing file /opt/airflow/dags/ingestion_postgres_dag.py for tasks to queue
[2026-03-31T19:16:18.251+0000] {logging_mixin.py:190} INFO - [2026-03-31T19:16:18.251+0000] {dagbag.py:588} INFO - Filling up the DagBag from /opt/airflow/dags/ingestion_postgres_dag.py
[2026-03-31T19:16:18.285+0000] {processor.py:925} INFO - DAG(s) 'ingestion_postgres_tmdb' retrieved from /opt/airflow/dags/ingestion_postgres_dag.py
[2026-03-31T19:16:18.335+0000] {logging_mixin.py:190} INFO - [2026-03-31T19:16:18.334+0000] {dag.py:3239} INFO - Sync 1 DAGs
[2026-03-31T19:16:18.426+0000] {processor.py:208} INFO - Processing /opt/airflow/dags/ingestion_postgres_dag.py took 0.191 seconds
[2026-03-31T19:16:48.596+0000] {processor.py:186} INFO - Started process (PID=1333) to work on /opt/airflow/dags/ingestion_postgres_dag.py
[2026-03-31T19:16:48.603+0000] {processor.py:914} INFO - Processing file /opt/airflow/dags/ingestion_postgres_dag.py for tasks to queue
[2026-03-31T19:16:48.613+0000] {logging_mixin.py:190} INFO - [2026-03-31T19:16:48.613+0000] {dagbag.py:588} INFO - Filling up the DagBag from /opt/airflow/dags/ingestion_postgres_dag.py
[2026-03-31T19:16:48.669+0000] {processor.py:925} INFO - DAG(s) 'ingestion_postgres_tmdb' retrieved from /opt/airflow/dags/ingestion_postgres_dag.py
[2026-03-31T19:16:48.244+0000] {logging_mixin.py:190} INFO - [2026-03-31T19:16:48.244+0000] {dag.py:3239} INFO - Sync 1 DAGs
[2026-03-31T19:16:48.312+0000] {processor.py:208} INFO - Processing /opt/airflow/dags/ingestion_postgres_dag.py took 0.239 seconds
[2026-03-31T19:17:18.738+0000] {processor.py:186} INFO - Started process (PID=1343) to work on /opt/airflow/dags/ingestion_postgres_dag.py
[2026-03-31T19:17:18.739+0000] {processor.py:914} INFO - Processing file /opt/airflow/dags/ingestion_postgres_dag.py for tasks to queue
[2026-03-31T19:17:18.745+0000] {logging_mixin.py:190} INFO - [2026-03-31T19:17:18.744+0000] {dagbag.py:588} INFO - Filling up the DagBag from /opt/airflow/dags/ingestion_postgres_dag.py
[2026-03-31T19:17:18.798+0000] {processor.py:925} INFO - DAG(s) 'ingestion_postgres_tmdb' retrieved from /opt/airflow/dags/ingestion_postgres_dag.py
[2026-03-31T19:17:18.847+0000] {logging_mixin.py:190} INFO - [2026-03-31T19:17:18.847+0000] {dag.py:3239} INFO - Sync 1 DAGs
[2026-03-31T19:17:18.913+0000] {processor.py:208} INFO - Processing /opt/airflow/dags/ingestion_postgres_dag.py took 0.198 seconds
[2026-03-31T19:17:49.113+0000] {processor.py:186} INFO - Started process (PID=1361) to work on /opt/airflow/dags/ingestion_postgres_dag.py
[2026-03-31T19:17:49.117+0000] {processor.py:914} INFO - Processing file /opt/airflow/dags/ingestion_postgres_dag.py for tasks to queue
[2026-03-31T19:17:49.122+0000] {logging_mixin.py:190} INFO - [2026-03-31T19:17:49.120+0000] {dagbag.py:588} INFO - Filling up the DagBag from /opt/airflow/dags/ingestion_postgres_dag.py
[2026-03-31T19:17:49.182+0000] {processor.py:925} INFO - DAG(s) 'ingestion_postgres_tmdb' retrieved from /opt/airflow/dags/ingestion_postgres_dag.py
[2026-03-31T19:17:49.264+0000] {logging_mixin.py:190} INFO - [2026-03-31T19:17:49.264+0000] {dag.py:3239} INFO - Sync 1 DAGs
[2026-03-31T19:17:49.341+0000] {processor.py:208} INFO - Processing /opt/airflow/dags/ingestion_postgres_dag.py took 0.241 seconds
[2026-03-31T19:18:19.682+0000] {processor.py:186} INFO - Started process (PID=1371) to work on /opt/airflow/dags/ingestion_postgres_dag.py
[2026-03-31T19:18:19.684+0000] {processor.py:914} INFO - Processing file /opt/airflow/dags/ingestion_postgres_dag.py for tasks to queue
[2026-03-31T19:18:19.694+0000] {logging_mixin.py:190} INFO - [2026-03-31T19:18:19.692+0000] {dagbag.py:588} INFO - Filling up the DagBag from /opt/airflow/dags/ingestion_postgres_dag.py
[2026-03-31T19:18:19.732+0000] {processor.py:925} INFO - DAG(s) 'ingestion_postgres_tmdb' retrieved from /opt/airflow/dags/ingestion_postgres_dag.py
[2026-03-31T19:18:19.790+0000] {logging_mixin.py:190} INFO - [2026-03-31T19:18:19.789+0000] {dag.py:3239} INFO - Sync 1 DAGs
[2026-03-31T19:18:19.871+0000] {processor.py:208} INFO - Processing /opt/airflow/dags/ingestion_postgres_dag.py took 0.205 seconds
[2026-03-31T19:18:50.332+0000] {processor.py:186} INFO - Started process (PID=1381) to work on /opt/airflow/dags/ingestion_postgres_dag.py
[2026-03-31T19:18:50.336+0000] {processor.py:914} INFO - Processing file /opt/airflow/dags/ingestion_postgres_dag.py for tasks to queue
[2026-03-31T19:18:50.342+0000] {logging_mixin.py:190} INFO - [2026-03-31T19:18:50.341+0000] {dagbag.py:588} INFO - Filling up the DagBag from /opt/airflow/dags/ingestion_postgres_dag.py
[2026-03-31T19:18:50.385+0000] {processor.py:925} INFO - DAG(s) 'ingestion_postgres_tmdb' retrieved from /opt/airflow/dags/ingestion_postgres_dag.py
[2026-03-31T19:18:50.448+0000] {logging_mixin.py:190} INFO - [2026-03-31T19:18:50.448+0000] {dag.py:3239} INFO - Sync 1 DAGs
[2026-03-31T19:18:50.551+0000] {processor.py:208} INFO - Processing /opt/airflow/dags/ingestion_postgres_dag.py took 0.250 seconds
[2026-03-31T19:19:20.974+0000] {processor.py:186} INFO - Started process (PID=1391) to work on /opt/airflow/dags/ingestion_postgres_dag.py
[2026-03-31T19:19:20.976+0000] {processor.py:914} INFO - Processing file /opt/airflow/dags/ingestion_postgres_dag.py for tasks to queue
[2026-03-31T19:19:20.981+0000] {logging_mixin.py:190} INFO - [2026-03-31T19:19:20.981+0000] {dagbag.py:588} INFO - Filling up the DagBag from /opt/airflow/dags/ingestion_postgres_dag.py
[2026-03-31T19:19:21.010+0000] {processor.py:925} INFO - DAG(s) 'ingestion_postgres_tmdb' retrieved from /opt/airflow/dags/ingestion_postgres_dag.py
[2026-03-31T19:19:21.054+0000] {logging_mixin.py:190} INFO - [2026-03-31T19:19:21.054+0000] {dag.py:3239} INFO - Sync 1 DAGs
[2026-03-31T19:19:21.121+0000] {processor.py:208} INFO - Processing /opt/airflow/dags/ingestion_postgres_dag.py took 0.159 seconds
[2026-03-31T19:19:51.522+0000] {processor.py:186} INFO - Started process (PID=1401) to work on /opt/airflow/dags/ingestion_postgres_dag.py
[2026-03-31T19:19:51.524+0000] {processor.py:914} INFO - Processing file /opt/airflow/dags/ingestion_postgres_dag.py for tasks to queue
[2026-03-31T19:19:51.527+0000] {logging_mixin.py:190} INFO - [2026-03-31T19:19:51.527+0000] {dagbag.py:588} INFO - Filling up the DagBag from /opt/airflow/dags/ingestion_postgres_dag.py
[2026-03-31T19:19:51.573+0000] {processor.py:925} INFO - DAG(s) 'ingestion_postgres_tmdb' retrieved from /opt/airflow/dags/ingestion_postgres_dag.py
[2026-03-31T19:19:51.619+0000] {logging_mixin.py:190} INFO - [2026-03-31T19:19:51.619+0000] {dag.py:3239} INFO - Sync 1 DAGs
[2026-03-31T19:19:51.695+0000] {processor.py:208} INFO - Processing /opt/airflow/dags/ingestion_postgres_dag.py took 0.183 seconds
[2026-03-31T19:20:21.852+0000] {processor.py:186} INFO - Started process (PID=1411) to work on /opt/airflow/dags/ingestion_postgres_dag.py
[2026-03-31T19:20:21.853+0000] {processor.py:914} INFO - Processing file /opt/airflow/dags/ingestion_postgres_dag.py for tasks to queue
[2026-03-31T19:20:21.856+0000] {logging_mixin.py:190} INFO - [2026-03-31T19:20:21.856+0000] {dagbag.py:588} INFO - Filling up the DagBag from /opt/airflow/dags/ingestion_postgres_dag.py
[2026-03-31T19:20:21.881+0000] {processor.py:925} INFO - DAG(s) 'ingestion_postgres_tmdb' retrieved from /opt/airflow/dags/ingestion_postgres_dag.py
[2026-03-31T19:20:21.917+0000] {logging_mixin.py:190} INFO - [2026-03-31T19:20:21.917+0000] {dag.py:3239} INFO - Sync 1 DAGs
[2026-03-31T19:20:21.971+0000] {processor.py:208} INFO - Processing /opt/airflow/dags/ingestion_postgres_dag.py took 0.128 seconds
[2026-03-31T19:20:52.421+0000] {processor.py:186} INFO - Started process (PID=1421) to work on /opt/airflow/dags/ingestion_postgres_dag.py
[2026-03-31T19:20:52.425+0000] {processor.py:914} INFO - Processing file /opt/airflow/dags/ingestion_postgres_dag.py for tasks to queue
[2026-03-31T19:20:52.433+0000] {logging_mixin.py:190} INFO - [2026-03-31T19:20:52.433+0000] {dagbag.py:588} INFO - Filling up the DagBag from /opt/airflow/dags/ingestion_postgres_dag.py
[2026-03-31T19:20:52.475+0000] {processor.py:925} INFO - DAG(s) 'ingestion_postgres_tmdb' retrieved from /opt/airflow/dags/ingestion_postgres_dag.py
[2026-03-31T19:20:52.538+0000] {logging_mixin.py:190} INFO - [2026-03-31T19:20:52.537+0000] {dag.py:3239} INFO - Sync 1 DAGs
[2026-03-31T19:20:52.617+0000] {processor.py:208} INFO - Processing /opt/airflow/dags/ingestion_postgres_dag.py took 0.212 seconds
[2026-03-31T19:21:22.856+0000] {processor.py:186} INFO - Started process (PID=1431) to work on /opt/airflow/dags/ingestion_postgres_dag.py
[2026-03-31T19:21:22.863+0000] {processor.py:914} INFO - Processing file /opt/airflow/dags/ingestion_postgres_dag.py for tasks to queue
[2026-03-31T19:21:22.873+0000] {logging_mixin.py:190} INFO - [2026-03-31T19:21:22.872+0000] {dagbag.py:588} INFO - Filling up the DagBag from /opt/airflow/dags/ingestion_postgres_dag.py
[2026-03-31T19:21:22.936+0000] {processor.py:925} INFO - DAG(s) 'ingestion_postgres_tmdb' retrieved from /opt/airflow/dags/ingestion_postgres_dag.py
[2026-03-31T19:21:23.008+0000] {logging_mixin.py:190} INFO - [2026-03-31T19:21:23.008+0000] {dag.py:3239} INFO - Sync 1 DAGs
[2026-03-31T19:21:23.090+0000] {processor.py:208} INFO - Processing /opt/airflow/dags/ingestion_postgres_dag.py took 0.259 seconds
[2026-03-31T19:21:53.916+0000] {processor.py:186} INFO - Started process (PID=1441) to work on /opt/airflow/dags/ingestion_postgres_dag.py
[2026-03-31T19:21:53.918+0000] {processor.py:914} INFO - Processing file /opt/airflow/dags/ingestion_postgres_dag.py for tasks to queue
[2026-03-31T19:21:53.921+0000] {logging_mixin.py:190} INFO - [2026-03-31T19:21:53.921+0000] {dagbag.py:588} INFO - Filling up the DagBag from /opt/airflow/dags/ingestion_postgres_dag.py
[2026-03-31T19:21:53.953+0000] {processor.py:925} INFO - DAG(s) 'ingestion_postgres_tmdb' retrieved from /opt/airflow/dags/ingestion_postgres_dag.py
[2026-03-31T19:21:53.994+0000] {logging_mixin.py:190} INFO - [2026-03-31T19:21:53.994+0000] {dag.py:3239} INFO - Sync 1 DAGs
[2026-03-31T19:21:54.060+0000] {processor.py:208} INFO - Processing /opt/airflow/dags/ingestion_postgres_dag.py took 0.159 seconds
[2026-03-31T19:22:24.342+0000] {processor.py:186} INFO - Started process (PID=1451) to work on /opt/airflow/dags/ingestion_postgres_dag.py
[2026-03-31T19:22:24.343+0000] {processor.py:914} INFO - Processing file /opt/airflow/dags/ingestion_postgres_dag.py for tasks to queue
[2026-03-31T19:22:24.346+0000] {logging_mixin.py:190} INFO - [2026-03-31T19:22:24.346+0000] {dagbag.py:588} INFO - Filling up the DagBag from /opt/airflow/dags/ingestion_postgres_dag.py
[2026-03-31T19:22:24.372+0000] {processor.py:925} INFO - DAG(s) 'ingestion_postgres_tmdb' retrieved from /opt/airflow/dags/ingestion_postgres_dag.py
[2026-03-31T19:22:24.413+0000] {logging_mixin.py:190} INFO - [2026-03-31T19:22:24.413+0000] {dag.py:3239} INFO - Sync 1 DAGs
[2026-03-31T19:22:24.463+0000] {processor.py:208} INFO - Processing /opt/airflow/dags/ingestion_postgres_dag.py took 0.130 seconds
[2026-03-31T19:22:54.863+0000] {processor.py:186} INFO - Started process (PID=1461) to work on /opt/airflow/dags/ingestion_postgres_dag.py
[2026-03-31T19:22:54.866+0000] {processor.py:914} INFO - Processing file /opt/airflow/dags/ingestion_postgres_dag.py for tasks to queue
[2026-03-31T19:22:54.870+0000] {logging_mixin.py:190} INFO - [2026-03-31T19:22:54.870+0000] {dagbag.py:588} INFO - Filling up the DagBag from /opt/airflow/dags/ingestion_postgres_dag.py
[2026-03-31T19:22:54.925+0000] {processor.py:925} INFO - DAG(s) 'ingestion_postgres_tmdb' retrieved from /opt/airflow/dags/ingestion_postgres_dag.py
[2026-03-31T19:22:55.081+0000] {logging_mixin.py:190} INFO - [2026-03-31T19:22:55.080+0000] {dag.py:3239} INFO - Sync 1 DAGs
[2026-03-31T19:22:55.171+0000] {processor.py:208} INFO - Processing /opt/airflow/dags/ingestion_postgres_dag.py took 0.327 seconds
[2026-03-31T19:23:25.370+0000] {processor.py:186} INFO - Started process (PID=1471) to work on /opt/airflow/dags/ingestion_postgres_dag.py
[2026-03-31T19:23:25.371+0000] {processor.py:914} INFO - Processing file /opt/airflow/dags/ingestion_postgres_dag.py for tasks to queue
[2026-03-31T19:23:25.382+0000] {logging_mixin.py:190} INFO - [2026-03-31T19:23:25.380+0000] {dagbag.py:588} INFO - Filling up the DagBag from /opt/airflow/dags/ingestion_postgres_dag.py
[2026-03-31T19:23:25.425+0000] {processor.py:925} INFO - DAG(s) 'ingestion_postgres_tmdb' retrieved from /opt/airflow/dags/ingestion_postgres_dag.py
[2026-03-31T19:23:25.479+0000] {logging_mixin.py:190} INFO - [2026-03-31T19:23:25.478+0000] {dag.py:3239} INFO - Sync 1 DAGs
[2026-03-31T19:23:25.576+0000] {processor.py:208} INFO - Processing /opt/airflow/dags/ingestion_postgres_dag.py took 0.226 seconds
[2026-03-31T19:23:56.025+0000] {processor.py:186} INFO - Started process (PID=1481) to work on /opt/airflow/dags/ingestion_postgres_dag.py
[2026-03-31T19:23:56.028+0000] {processor.py:914} INFO - Processing file /opt/airflow/dags/ingestion_postgres_dag.py for tasks to queue
[2026-03-31T19:23:56.032+0000] {logging_mixin.py:190} INFO - [2026-03-31T19:23:56.032+0000] {dagbag.py:588} INFO - Filling up the DagBag from /opt/airflow/dags/ingestion_postgres_dag.py
[2026-03-31T19:23:56.073+0000] {processor.py:925} INFO - DAG(s) 'ingestion_postgres_tmdb' retrieved from /opt/airflow/dags/ingestion_postgres_dag.py
[2026-03-31T19:23:56.148+0000] {logging_mixin.py:190} INFO - [2026-03-31T19:23:56.147+0000] {dag.py:3239} INFO - Sync 1 DAGs
[2026-03-31T19:23:56.231+0000] {processor.py:208} INFO - Processing /opt/airflow/dags/ingestion_postgres_dag.py took 0.218 seconds
[2026-03-31T19:24:26.724+0000] {processor.py:186} INFO - Started process (PID=1491) to work on /opt/airflow/dags/ingestion_postgres_dag.py
[2026-03-31T19:24:26.728+0000] {processor.py:914} INFO - Processing file /opt/airflow/dags/ingestion_postgres_dag.py for tasks to queue
[2026-03-31T19:24:26.733+0000] {logging_mixin.py:190} INFO - [2026-03-31T19:24:26.732+0000] {dagbag.py:588} INFO - Filling up the DagBag from /opt/airflow/dags/ingestion_postgres_dag.py
[2026-03-31T19:24:26.772+0000] {processor.py:925} INFO - DAG(s) 'ingestion_postgres_tmdb' retrieved from /opt/airflow/dags/ingestion_postgres_dag.py
[2026-03-31T19:24:26.835+0000] {logging_mixin.py:190} INFO - [2026-03-31T19:24:26.835+0000] {dag.py:3239} INFO - Sync 1 DAGs
[2026-03-31T19:24:26.939+0000] {processor.py:208} INFO - Processing /opt/airflow/dags/ingestion_postgres_dag.py took 0.226 seconds
[2026-03-31T19:24:57.365+0000] {processor.py:186} INFO - Started process (PID=1501) to work on /opt/airflow/dags/ingestion_postgres_dag.py
[2026-03-31T19:24:57.366+0000] {processor.py:914} INFO - Processing file /opt/airflow/dags/ingestion_postgres_dag.py for tasks to queue
[2026-03-31T19:24:57.370+0000] {logging_mixin.py:190} INFO - [2026-03-31T19:24:57.370+0000] {dagbag.py:588} INFO - Filling up the DagBag from /opt/airflow/dags/ingestion_postgres_dag.py
[2026-03-31T19:24:57.402+0000] {processor.py:925} INFO - DAG(s) 'ingestion_postgres_tmdb' retrieved from /opt/airflow/dags/ingestion_postgres_dag.py
[2026-03-31T19:24:57.465+0000] {logging_mixin.py:190} INFO - [2026-03-31T19:24:57.465+0000] {dag.py:3239} INFO - Sync 1 DAGs
[2026-03-31T19:24:57.524+0000] {processor.py:208} INFO - Processing /opt/airflow/dags/ingestion_postgres_dag.py took 0.168 seconds
[2026-03-31T19:25:27.968+0000] {processor.py:186} INFO - Started process (PID=1515) to work on /opt/airflow/dags/ingestion_postgres_dag.py
[2026-03-31T19:25:27.969+0000] {processor.py:914} INFO - Processing file /opt/airflow/dags/ingestion_postgres_dag.py for tasks to queue
[2026-03-31T19:25:27.973+0000] {logging_mixin.py:190} INFO - [2026-03-31T19:25:27.973+0000] {dagbag.py:588} INFO - Filling up the DagBag from /opt/airflow/dags/ingestion_postgres_dag.py
[2026-03-31T19:25:28.006+0000] {processor.py:925} INFO - DAG(s) 'ingestion_postgres_tmdb' retrieved from /opt/airflow/dags/ingestion_postgres_dag.py
[2026-03-31T19:25:28.045+0000] {logging_mixin.py:190} INFO - [2026-03-31T19:25:28.045+0000] {dag.py:3239} INFO - Sync 1 DAGs
[2026-03-31T19:25:28.118+0000] {processor.py:208} INFO - Processing /opt/airflow/dags/ingestion_postgres_dag.py took 0.167 seconds
[2026-03-31T19:25:58.931+0000] {processor.py:186} INFO - Started process (PID=1529) to work on /opt/airflow/dags/ingestion_postgres_dag.py
[2026-03-31T19:25:58.932+0000] {processor.py:914} INFO - Processing file /opt/airflow/dags/ingestion_postgres_dag.py for tasks to queue
[2026-03-31T19:25:58.936+0000] {logging_mixin.py:190} INFO - [2026-03-31T19:25:58.935+0000] {dagbag.py:588} INFO - Filling up the DagBag from /opt/airflow/dags/ingestion_postgres_dag.py
[2026-03-31T19:25:58.957+0000] {processor.py:925} INFO - DAG(s) 'ingestion_postgres_tmdb' retrieved from /opt/airflow/dags/ingestion_postgres_dag.py
[2026-03-31T19:25:58.990+0000] {logging_mixin.py:190} INFO - [2026-03-31T19:25:58.990+0000] {dag.py:3239} INFO - Sync 1 DAGs
[2026-03-31T19:25:59.042+0000] {processor.py:208} INFO - Processing /opt/airflow/dags/ingestion_postgres_dag.py took 0.119 seconds
[2026-03-31T19:26:29.081+0000] {processor.py:186} INFO - Started process (PID=1539) to work on /opt/airflow/dags/ingestion_postgres_dag.py
[2026-03-31T19:26:29.083+0000] {processor.py:914} INFO - Processing file /opt/airflow/dags/ingestion_postgres_dag.py for tasks to queue
[2026-03-31T19:26:29.088+0000] {logging_mixin.py:190} INFO - [2026-03-31T19:26:29.088+0000] {dagbag.py:588} INFO - Filling up the DagBag from /opt/airflow/dags/ingestion_postgres_dag.py
[2026-03-31T19:26:29.115+0000] {processor.py:925} INFO - DAG(s) 'ingestion_postgres_tmdb' retrieved from /opt/airflow/dags/ingestion_postgres_dag.py
[2026-03-31T19:26:29.151+0000] {logging_mixin.py:190} INFO - [2026-03-31T19:26:29.151+0000] {dag.py:3239} INFO - Sync 1 DAGs
[2026-03-31T19:26:29.201+0000] {processor.py:208} INFO - Processing /opt/airflow/dags/ingestion_postgres_dag.py took 0.132 seconds
[2026-03-31T19:26:59.541+0000] {processor.py:186} INFO - Started process (PID=1549) to work on /opt/airflow/dags/ingestion_postgres_dag.py
[2026-03-31T19:26:59.542+0000] {processor.py:914} INFO - Processing file /opt/airflow/dags/ingestion_postgres_dag.py for tasks to queue
[2026-03-31T19:26:59.547+0000] {logging_mixin.py:190} INFO - [2026-03-31T19:26:59.547+0000] {dagbag.py:588} INFO - Filling up the DagBag from /opt/airflow/dags/ingestion_postgres_dag.py
[2026-03-31T19:26:59.567+0000] {processor.py:925} INFO - DAG(s) 'ingestion_postgres_tmdb' retrieved from /opt/airflow/dags/ingestion_postgres_dag.py
[2026-03-31T19:26:59.597+0000] {logging_mixin.py:190} INFO - [2026-03-31T19:26:59.596+0000] {dag.py:3239} INFO - Sync 1 DAGs
[2026-03-31T19:26:59.636+0000] {processor.py:208} INFO - Processing /opt/airflow/dags/ingestion_postgres_dag.py took 0.103 seconds
[2026-03-31T19:27:29.854+0000] {processor.py:186} INFO - Started process (PID=1559) to work on /opt/airflow/dags/ingestion_postgres_dag.py
[2026-03-31T19:27:29.855+0000] {processor.py:914} INFO - Processing file /opt/airflow/dags/ingestion_postgres_dag.py for tasks to queue
[2026-03-31T19:27:29.861+0000] {logging_mixin.py:190} INFO - [2026-03-31T19:27:29.860+0000] {dagbag.py:588} INFO - Filling up the DagBag from /opt/airflow/dags/ingestion_postgres_dag.py
[2026-03-31T19:27:29.891+0000] {processor.py:925} INFO - DAG(s) 'ingestion_postgres_tmdb' retrieved from /opt/airflow/dags/ingestion_postgres_dag.py
[2026-03-31T19:27:29.927+0000] {logging_mixin.py:190} INFO - [2026-03-31T19:27:29.927+0000] {dag.py:3239} INFO - Sync 1 DAGs
[2026-03-31T19:27:29.978+0000] {processor.py:208} INFO - Processing /opt/airflow/dags/ingestion_postgres_dag.py took 0.135 seconds
[2026-03-31T19:28:00.324+0000] {processor.py:186} INFO - Started process (PID=1569) to work on /opt/airflow/dags/ingestion_postgres_dag.py
[2026-03-31T19:28:00.327+0000] {processor.py:914} INFO - Processing file /opt/airflow/dags/ingestion_postgres_dag.py for tasks to queue
[2026-03-31T19:28:00.336+0000] {logging_mixin.py:190} INFO - [2026-03-31T19:28:00.335+0000] {dagbag.py:588} INFO - Filling up the DagBag from /opt/airflow/dags/ingestion_postgres_dag.py
[2026-03-31T19:28:00.428+0000] {processor.py:925} INFO - DAG(s) 'ingestion_postgres_tmdb' retrieved from /opt/airflow/dags/ingestion_postgres_dag.py
[2026-03-31T19:28:00.527+0000] {logging_mixin.py:190} INFO - [2026-03-31T19:28:00.525+0000] {dag.py:3239} INFO - Sync 1 DAGs
[2026-03-31T19:28:00.813+0000] {processor.py:208} INFO - Processing /opt/airflow/dags/ingestion_postgres_dag.py took 0.513 seconds
[2026-03-31T19:28:31.105+0000] {processor.py:186} INFO - Started process (PID=1579) to work on /opt/airflow/dags/ingestion_postgres_dag.py
[2026-03-31T19:28:31.108+0000] {processor.py:914} INFO - Processing file /opt/airflow/dags/ingestion_postgres_dag.py for tasks to queue
[2026-03-31T19:28:31.113+0000] {logging_mixin.py:190} INFO - [2026-03-31T19:28:31.112+0000] {dagbag.py:588} INFO - Filling up the DagBag from /opt/airflow/dags/ingestion_postgres_dag.py
[2026-03-31T19:28:31.141+0000] {processor.py:925} INFO - DAG(s) 'ingestion_postgres_tmdb' retrieved from /opt/airflow/dags/ingestion_postgres_dag.py
[2026-03-31T19:28:31.190+0000] {logging_mixin.py:190} INFO - [2026-03-31T19:28:31.189+0000] {dag.py:3239} INFO - Sync 1 DAGs
[2026-03-31T19:28:31.250+0000] {processor.py:208} INFO - Processing /opt/airflow/dags/ingestion_postgres_dag.py took 0.155 seconds
[2026-03-31T19:29:01.654+0000] {processor.py:186} INFO - Started process (PID=1589) to work on /opt/airflow/dags/ingestion_postgres_dag.py
[2026-03-31T19:29:01.656+0000] {processor.py:914} INFO - Processing file /opt/airflow/dags/ingestion_postgres_dag.py for tasks to queue
[2026-03-31T19:29:01.660+0000] {logging_mixin.py:190} INFO - [2026-03-31T19:29:01.659+0000] {dagbag.py:588} INFO - Filling up the DagBag from /opt/airflow/dags/ingestion_postgres_dag.py
[2026-03-31T19:29:01.687+0000] {processor.py:925} INFO - DAG(s) 'ingestion_postgres_tmdb' retrieved from /opt/airflow/dags/ingestion_postgres_dag.py
[2026-03-31T19:29:01.728+0000] {logging_mixin.py:190} INFO - [2026-03-31T19:29:01.728+0000] {dag.py:3239} INFO - Sync 1 DAGs
[2026-03-31T19:29:01.776+0000] {processor.py:208} INFO - Processing /opt/airflow/dags/ingestion_postgres_dag.py took 0.130 seconds
[2026-03-31T19:29:31.993+0000] {processor.py:186} INFO - Started process (PID=1599) to work on /opt/airflow/dags/ingestion_postgres_dag.py
[2026-03-31T19:29:31.994+0000] {processor.py:914} INFO - Processing file /opt/airflow/dags/ingestion_postgres_dag.py for tasks to queue
[2026-03-31T19:29:31.998+0000] {logging_mixin.py:190} INFO - [2026-03-31T19:29:31.998+0000] {dagbag.py:588} INFO - Filling up the DagBag from /opt/airflow/dags/ingestion_postgres_dag.py
[2026-03-31T19:29:32.020+0000] {processor.py:925} INFO - DAG(s) 'ingestion_postgres_tmdb' retrieved from /opt/airflow/dags/ingestion_postgres_dag.py
[2026-03-31T19:29:32.060+0000] {logging_mixin.py:190} INFO - [2026-03-31T19:29:32.060+0000] {dag.py:3239} INFO - Sync 1 DAGs
[2026-03-31T19:29:32.117+0000] {processor.py:208} INFO - Processing /opt/airflow/dags/ingestion_postgres_dag.py took 0.134 seconds
[2026-03-31T19:30:02.460+0000] {processor.py:186} INFO - Started process (PID=1609) to work on /opt/airflow/dags/ingestion_postgres_dag.py
[2026-03-31T19:30:02.461+0000] {processor.py:914} INFO - Processing file /opt/airflow/dags/ingestion_postgres_dag.py for tasks to queue
[2026-03-31T19:30:02.464+0000] {logging_mixin.py:190} INFO - [2026-03-31T19:30:02.464+0000] {dagbag.py:588} INFO - Filling up the DagBag from /opt/airflow/dags/ingestion_postgres_dag.py
[2026-03-31T19:30:02.488+0000] {processor.py:925} INFO - DAG(s) 'ingestion_postgres_tmdb' retrieved from /opt/airflow/dags/ingestion_postgres_dag.py
[2026-03-31T19:30:02.519+0000] {logging_mixin.py:190} INFO - [2026-03-31T19:30:02.519+0000] {dag.py:3239} INFO - Sync 1 DAGs
[2026-03-31T19:30:02.567+0000] {processor.py:208} INFO - Processing /opt/airflow/dags/ingestion_postgres_dag.py took 0.116 seconds
[2026-03-31T19:30:32.725+0000] {processor.py:186} INFO - Started process (PID=1619) to work on /opt/airflow/dags/ingestion_postgres_dag.py
[2026-03-31T19:30:32.727+0000] {processor.py:914} INFO - Processing file /opt/airflow/dags/ingestion_postgres_dag.py for tasks to queue
[2026-03-31T19:30:32.730+0000] {logging_mixin.py:190} INFO - [2026-03-31T19:30:32.730+0000] {dagbag.py:588} INFO - Filling up the DagBag from /opt/airflow/dags/ingestion_postgres_dag.py
[2026-03-31T19:30:32.760+0000] {processor.py:925} INFO - DAG(s) 'ingestion_postgres_tmdb' retrieved from /opt/airflow/dags/ingestion_postgres_dag.py
[2026-03-31T19:30:32.793+0000] {logging_mixin.py:190} INFO - [2026-03-31T19:30:32.793+0000] {dag.py:3239} INFO - Sync 1 DAGs
[2026-03-31T19:30:32.843+0000] {processor.py:208} INFO - Processing /opt/airflow/dags/ingestion_postgres_dag.py took 0.127 seconds
[2026-03-31T19:31:03.250+0000] {processor.py:186} INFO - Started process (PID=1629) to work on /opt/airflow/dags/ingestion_postgres_dag.py
[2026-03-31T19:31:03.251+0000] {processor.py:914} INFO - Processing file /opt/airflow/dags/ingestion_postgres_dag.py for tasks to queue
[2026-03-31T19:31:03.254+0000] {logging_mixin.py:190} INFO - [2026-03-31T19:31:03.254+0000] {dagbag.py:588} INFO - Filling up the DagBag from /opt/airflow/dags/ingestion_postgres_dag.py
[2026-03-31T19:31:03.285+0000] {processor.py:925} INFO - DAG(s) 'ingestion_postgres_tmdb' retrieved from /opt/airflow/dags/ingestion_postgres_dag.py
[2026-03-31T19:31:03.321+0000] {logging_mixin.py:190} INFO - [2026-03-31T19:31:03.321+0000] {dag.py:3239} INFO - Sync 1 DAGs
[2026-03-31T19:31:03.365+0000] {processor.py:208} INFO - Processing /opt/airflow/dags/ingestion_postgres_dag.py took 0.125 seconds
[2026-03-31T19:31:33.563+0000] {processor.py:186} INFO - Started process (PID=1639) to work on /opt/airflow/dags/ingestion_postgres_dag.py
[2026-03-31T19:31:33.564+0000] {processor.py:914} INFO - Processing file /opt/airflow/dags/ingestion_postgres_dag.py for tasks to queue
[2026-03-31T19:31:33.569+0000] {logging_mixin.py:190} INFO - [2026-03-31T19:31:33.568+0000] {dagbag.py:588} INFO - Filling up the DagBag from /opt/airflow/dags/ingestion_postgres_dag.py
[2026-03-31T19:31:33.601+0000] {processor.py:925} INFO - DAG(s) 'ingestion_postgres_tmdb' retrieved from /opt/airflow/dags/ingestion_postgres_dag.py
[2026-03-31T19:31:33.644+0000] {logging_mixin.py:190} INFO - [2026-03-31T19:31:33.644+0000] {dag.py:3239} INFO - Sync 1 DAGs
[2026-03-31T19:31:33.692+0000] {processor.py:208} INFO - Processing /opt/airflow/dags/ingestion_postgres_dag.py took 0.140 seconds
[2026-03-31T19:32:04.048+0000] {processor.py:186} INFO - Started process (PID=1649) to work on /opt/airflow/dags/ingestion_postgres_dag.py
[2026-03-31T19:32:04.049+0000] {processor.py:914} INFO - Processing file /opt/airflow/dags/ingestion_postgres_dag.py for tasks to queue
[2026-03-31T19:32:04.052+0000] {logging_mixin.py:190} INFO - [2026-03-31T19:32:04.052+0000] {dagbag.py:588} INFO - Filling up the DagBag from /opt/airflow/dags/ingestion_postgres_dag.py
[2026-03-31T19:32:04.076+0000] {processor.py:925} INFO - DAG(s) 'ingestion_postgres_tmdb' retrieved from /opt/airflow/dags/ingestion_postgres_dag.py
[2026-03-31T19:32:04.110+0000] {logging_mixin.py:190} INFO - [2026-03-31T19:32:04.110+0000] {dag.py:3239} INFO - Sync 1 DAGs
[2026-03-31T19:32:04.155+0000] {processor.py:208} INFO - Processing /opt/airflow/dags/ingestion_postgres_dag.py took 0.115 seconds
[2026-03-31T19:32:34.517+0000] {processor.py:186} INFO - Started process (PID=1659) to work on /opt/airflow/dags/ingestion_postgres_dag.py
[2026-03-31T19:32:34.519+0000] {processor.py:914} INFO - Processing file /opt/airflow/dags/ingestion_postgres_dag.py for tasks to queue
[2026-03-31T19:32:34.522+0000] {logging_mixin.py:190} INFO - [2026-03-31T19:32:34.522+0000] {dagbag.py:588} INFO - Filling up the DagBag from /opt/airflow/dags/ingestion_postgres_dag.py
[2026-03-31T19:32:34.546+0000] {processor.py:925} INFO - DAG(s) 'ingestion_postgres_tmdb' retrieved from /opt/airflow/dags/ingestion_postgres_dag.py
[2026-03-31T19:32:34.591+0000] {logging_mixin.py:190} INFO - [2026-03-31T19:32:34.591+0000] {dag.py:3239} INFO - Sync 1 DAGs
[2026-03-31T19:32:34.635+0000] {processor.py:208} INFO - Processing /opt/airflow/dags/ingestion_postgres_dag.py took 0.129 seconds
[2026-03-31T19:33:04.973+0000] {processor.py:186} INFO - Started process (PID=1669) to work on /opt/airflow/dags/ingestion_postgres_dag.py
[2026-03-31T19:33:04.974+0000] {processor.py:914} INFO - Processing file /opt/airflow/dags/ingestion_postgres_dag.py for tasks to queue
[2026-03-31T19:33:04.978+0000] {logging_mixin.py:190} INFO - [2026-03-31T19:33:04.978+0000] {dagbag.py:588} INFO - Filling up the DagBag from /opt/airflow/dags/ingestion_postgres_dag.py
[2026-03-31T19:33:05.013+0000] {processor.py:925} INFO - DAG(s) 'ingestion_postgres_tmdb' retrieved from /opt/airflow/dags/ingestion_postgres_dag.py
[2026-03-31T19:33:05.071+0000] {logging_mixin.py:190} INFO - [2026-03-31T19:33:05.070+0000] {dag.py:3239} INFO - Sync 1 DAGs
[2026-03-31T19:33:04.630+0000] {processor.py:208} INFO - Processing /opt/airflow/dags/ingestion_postgres_dag.py took 0.167 seconds
[2026-03-31T19:33:34.991+0000] {processor.py:186} INFO - Started process (PID=1679) to work on /opt/airflow/dags/ingestion_postgres_dag.py
[2026-03-31T19:33:34.993+0000] {processor.py:914} INFO - Processing file /opt/airflow/dags/ingestion_postgres_dag.py for tasks to queue
[2026-03-31T19:33:34.997+0000] {logging_mixin.py:190} INFO - [2026-03-31T19:33:34.997+0000] {dagbag.py:588} INFO - Filling up the DagBag from /opt/airflow/dags/ingestion_postgres_dag.py
[2026-03-31T19:33:35.028+0000] {processor.py:925} INFO - DAG(s) 'ingestion_postgres_tmdb' retrieved from /opt/airflow/dags/ingestion_postgres_dag.py
[2026-03-31T19:33:35.079+0000] {logging_mixin.py:190} INFO - [2026-03-31T19:33:35.079+0000] {dag.py:3239} INFO - Sync 1 DAGs
[2026-03-31T19:33:35.143+0000] {processor.py:208} INFO - Processing /opt/airflow/dags/ingestion_postgres_dag.py took 0.161 seconds
[2026-03-31T19:34:05.552+0000] {processor.py:186} INFO - Started process (PID=1689) to work on /opt/airflow/dags/ingestion_postgres_dag.py
[2026-03-31T19:34:05.554+0000] {processor.py:914} INFO - Processing file /opt/airflow/dags/ingestion_postgres_dag.py for tasks to queue
[2026-03-31T19:34:05.559+0000] {logging_mixin.py:190} INFO - [2026-03-31T19:34:05.558+0000] {dagbag.py:588} INFO - Filling up the DagBag from /opt/airflow/dags/ingestion_postgres_dag.py
[2026-03-31T19:34:05.585+0000] {processor.py:925} INFO - DAG(s) 'ingestion_postgres_tmdb' retrieved from /opt/airflow/dags/ingestion_postgres_dag.py
[2026-03-31T19:34:05.644+0000] {logging_mixin.py:190} INFO - [2026-03-31T19:34:05.643+0000] {dag.py:3239} INFO - Sync 1 DAGs
[2026-03-31T19:34:05.713+0000] {processor.py:208} INFO - Processing /opt/airflow/dags/ingestion_postgres_dag.py took 0.184 seconds
[2026-03-31T19:34:35.944+0000] {processor.py:186} INFO - Started process (PID=1699) to work on /opt/airflow/dags/ingestion_postgres_dag.py
[2026-03-31T19:34:35.946+0000] {processor.py:914} INFO - Processing file /opt/airflow/dags/ingestion_postgres_dag.py for tasks to queue
[2026-03-31T19:34:35.949+0000] {logging_mixin.py:190} INFO - [2026-03-31T19:34:35.949+0000] {dagbag.py:588} INFO - Filling up the DagBag from /opt/airflow/dags/ingestion_postgres_dag.py
[2026-03-31T19:34:35.980+0000] {processor.py:925} INFO - DAG(s) 'ingestion_postgres_tmdb' retrieved from /opt/airflow/dags/ingestion_postgres_dag.py
[2026-03-31T19:34:36.028+0000] {logging_mixin.py:190} INFO - [2026-03-31T19:34:36.027+0000] {dag.py:3239} INFO - Sync 1 DAGs
[2026-03-31T19:34:36.077+0000] {processor.py:208} INFO - Processing /opt/airflow/dags/ingestion_postgres_dag.py took 0.142 seconds
[2026-03-31T19:35:06.517+0000] {processor.py:186} INFO - Started process (PID=1709) to work on /opt/airflow/dags/ingestion_postgres_dag.py
[2026-03-31T19:35:06.519+0000] {processor.py:914} INFO - Processing file /opt/airflow/dags/ingestion_postgres_dag.py for tasks to queue
[2026-03-31T19:35:06.522+0000] {logging_mixin.py:190} INFO - [2026-03-31T19:35:06.521+0000] {dagbag.py:588} INFO - Filling up the DagBag from /opt/airflow/dags/ingestion_postgres_dag.py
[2026-03-31T19:35:06.556+0000] {processor.py:925} INFO - DAG(s) 'ingestion_postgres_tmdb' retrieved from /opt/airflow/dags/ingestion_postgres_dag.py
[2026-03-31T19:35:06.604+0000] {logging_mixin.py:190} INFO - [2026-03-31T19:35:06.604+0000] {dag.py:3239} INFO - Sync 1 DAGs
[2026-03-31T19:35:06.654+0000] {processor.py:208} INFO - Processing /opt/airflow/dags/ingestion_postgres_dag.py took 0.146 seconds
[2026-03-31T19:35:36.814+0000] {processor.py:186} INFO - Started process (PID=1719) to work on /opt/airflow/dags/ingestion_postgres_dag.py
[2026-03-31T19:35:36.816+0000] {processor.py:914} INFO - Processing file /opt/airflow/dags/ingestion_postgres_dag.py for tasks to queue
[2026-03-31T19:35:36.820+0000] {logging_mixin.py:190} INFO - [2026-03-31T19:35:36.819+0000] {dagbag.py:588} INFO - Filling up the DagBag from /opt/airflow/dags/ingestion_postgres_dag.py
[2026-03-31T19:35:36.862+0000] {processor.py:925} INFO - DAG(s) 'ingestion_postgres_tmdb' retrieved from /opt/airflow/dags/ingestion_postgres_dag.py
[2026-03-31T19:35:36.900+0000] {logging_mixin.py:190} INFO - [2026-03-31T19:35:36.900+0000] {dag.py:3239} INFO - Sync 1 DAGs
[2026-03-31T19:35:36.948+0000] {processor.py:208} INFO - Processing /opt/airflow/dags/ingestion_postgres_dag.py took 0.145 seconds
[2026-03-31T19:36:07.298+0000] {processor.py:186} INFO - Started process (PID=1729) to work on /opt/airflow/dags/ingestion_postgres_dag.py
[2026-03-31T19:36:07.300+0000] {processor.py:914} INFO - Processing file /opt/airflow/dags/ingestion_postgres_dag.py for tasks to queue
[2026-03-31T19:36:07.303+0000] {logging_mixin.py:190} INFO - [2026-03-31T19:36:07.302+0000] {dagbag.py:588} INFO - Filling up the DagBag from /opt/airflow/dags/ingestion_postgres_dag.py
[2026-03-31T19:36:07.334+0000] {processor.py:925} INFO - DAG(s) 'ingestion_postgres_tmdb' retrieved from /opt/airflow/dags/ingestion_postgres_dag.py
[2026-03-31T19:36:07.367+0000] {logging_mixin.py:190} INFO - [2026-03-31T19:36:07.366+0000] {dag.py:3239} INFO - Sync 1 DAGs
[2026-03-31T19:36:07.413+0000] {processor.py:208} INFO - Processing /opt/airflow/dags/ingestion_postgres_dag.py took 0.122 seconds
[2026-03-31T19:36:37.745+0000] {processor.py:186} INFO - Started process (PID=1739) to work on /opt/airflow/dags/ingestion_postgres_dag.py
[2026-03-31T19:36:37.747+0000] {processor.py:914} INFO - Processing file /opt/airflow/dags/ingestion_postgres_dag.py for tasks to queue
[2026-03-31T19:36:37.750+0000] {logging_mixin.py:190} INFO - [2026-03-31T19:36:37.749+0000] {dagbag.py:588} INFO - Filling up the DagBag from /opt/airflow/dags/ingestion_postgres_dag.py
[2026-03-31T19:36:37.776+0000] {processor.py:925} INFO - DAG(s) 'ingestion_postgres_tmdb' retrieved from /opt/airflow/dags/ingestion_postgres_dag.py
[2026-03-31T19:36:37.809+0000] {logging_mixin.py:190} INFO - [2026-03-31T19:36:37.809+0000] {dag.py:3239} INFO - Sync 1 DAGs
[2026-03-31T19:36:37.856+0000] {processor.py:208} INFO - Processing /opt/airflow/dags/ingestion_postgres_dag.py took 0.119 seconds
[2026-03-31T19:37:08.191+0000] {processor.py:186} INFO - Started process (PID=1749) to work on /opt/airflow/dags/ingestion_postgres_dag.py
[2026-03-31T19:37:08.192+0000] {processor.py:914} INFO - Processing file /opt/airflow/dags/ingestion_postgres_dag.py for tasks to queue
[2026-03-31T19:37:08.196+0000] {logging_mixin.py:190} INFO - [2026-03-31T19:37:08.195+0000] {dagbag.py:588} INFO - Filling up the DagBag from /opt/airflow/dags/ingestion_postgres_dag.py
[2026-03-31T19:37:08.219+0000] {processor.py:925} INFO - DAG(s) 'ingestion_postgres_tmdb' retrieved from /opt/airflow/dags/ingestion_postgres_dag.py
[2026-03-31T19:37:08.250+0000] {logging_mixin.py:190} INFO - [2026-03-31T19:37:08.249+0000] {dag.py:3239} INFO - Sync 1 DAGs
[2026-03-31T19:37:08.301+0000] {processor.py:208} INFO - Processing /opt/airflow/dags/ingestion_postgres_dag.py took 0.119 seconds
[2026-03-31T19:37:38.519+0000] {processor.py:186} INFO - Started process (PID=1759) to work on /opt/airflow/dags/ingestion_postgres_dag.py
[2026-03-31T19:37:38.520+0000] {processor.py:914} INFO - Processing file /opt/airflow/dags/ingestion_postgres_dag.py for tasks to queue
[2026-03-31T19:37:38.524+0000] {logging_mixin.py:190} INFO - [2026-03-31T19:37:38.524+0000] {dagbag.py:588} INFO - Filling up the DagBag from /opt/airflow/dags/ingestion_postgres_dag.py
[2026-03-31T19:37:38.551+0000] {processor.py:925} INFO - DAG(s) 'ingestion_postgres_tmdb' retrieved from /opt/airflow/dags/ingestion_postgres_dag.py
[2026-03-31T19:37:38.593+0000] {logging_mixin.py:190} INFO - [2026-03-31T19:37:38.593+0000] {dag.py:3239} INFO - Sync 1 DAGs
[2026-03-31T19:37:38.639+0000] {processor.py:208} INFO - Processing /opt/airflow/dags/ingestion_postgres_dag.py took 0.129 seconds
[2026-03-31T19:38:08.915+0000] {processor.py:186} INFO - Started process (PID=1769) to work on /opt/airflow/dags/ingestion_postgres_dag.py
[2026-03-31T19:38:08.916+0000] {processor.py:914} INFO - Processing file /opt/airflow/dags/ingestion_postgres_dag.py for tasks to queue
[2026-03-31T19:38:08.919+0000] {logging_mixin.py:190} INFO - [2026-03-31T19:38:08.919+0000] {dagbag.py:588} INFO - Filling up the DagBag from /opt/airflow/dags/ingestion_postgres_dag.py
[2026-03-31T19:38:08.943+0000] {processor.py:925} INFO - DAG(s) 'ingestion_postgres_tmdb' retrieved from /opt/airflow/dags/ingestion_postgres_dag.py
[2026-03-31T19:38:08.973+0000] {logging_mixin.py:190} INFO - [2026-03-31T19:38:08.973+0000] {dag.py:3239} INFO - Sync 1 DAGs
[2026-03-31T19:38:09.016+0000] {processor.py:208} INFO - Processing /opt/airflow/dags/ingestion_postgres_dag.py took 0.109 seconds
[2026-03-31T19:38:39.270+0000] {processor.py:186} INFO - Started process (PID=1779) to work on /opt/airflow/dags/ingestion_postgres_dag.py
[2026-03-31T19:38:39.274+0000] {processor.py:914} INFO - Processing file /opt/airflow/dags/ingestion_postgres_dag.py for tasks to queue
[2026-03-31T19:38:39.277+0000] {logging_mixin.py:190} INFO - [2026-03-31T19:38:39.277+0000] {dagbag.py:588} INFO - Filling up the DagBag from /opt/airflow/dags/ingestion_postgres_dag.py
[2026-03-31T19:38:39.317+0000] {processor.py:925} INFO - DAG(s) 'ingestion_postgres_tmdb' retrieved from /opt/airflow/dags/ingestion_postgres_dag.py
[2026-03-31T19:38:39.356+0000] {logging_mixin.py:190} INFO - [2026-03-31T19:38:39.355+0000] {dag.py:3239} INFO - Sync 1 DAGs
[2026-03-31T19:38:39.460+0000] {processor.py:208} INFO - Processing /opt/airflow/dags/ingestion_postgres_dag.py took 0.205 seconds
[2026-03-31T19:39:10.332+0000] {processor.py:186} INFO - Started process (PID=1789) to work on /opt/airflow/dags/ingestion_postgres_dag.py
[2026-03-31T19:39:10.334+0000] {processor.py:914} INFO - Processing file /opt/airflow/dags/ingestion_postgres_dag.py for tasks to queue
[2026-03-31T19:39:10.338+0000] {logging_mixin.py:190} INFO - [2026-03-31T19:39:10.338+0000] {dagbag.py:588} INFO - Filling up the DagBag from /opt/airflow/dags/ingestion_postgres_dag.py
[2026-03-31T19:39:10.368+0000] {processor.py:925} INFO - DAG(s) 'ingestion_postgres_tmdb' retrieved from /opt/airflow/dags/ingestion_postgres_dag.py
[2026-03-31T19:39:10.416+0000] {logging_mixin.py:190} INFO - [2026-03-31T19:39:10.415+0000] {dag.py:3239} INFO - Sync 1 DAGs
[2026-03-31T19:39:10.475+0000] {processor.py:208} INFO - Processing /opt/airflow/dags/ingestion_postgres_dag.py took 0.153 seconds
[2026-03-31T19:39:40.638+0000] {processor.py:186} INFO - Started process (PID=1799) to work on /opt/airflow/dags/ingestion_postgres_dag.py
[2026-03-31T19:39:40.639+0000] {processor.py:914} INFO - Processing file /opt/airflow/dags/ingestion_postgres_dag.py for tasks to queue
[2026-03-31T19:39:40.642+0000] {logging_mixin.py:190} INFO - [2026-03-31T19:39:40.642+0000] {dagbag.py:588} INFO - Filling up the DagBag from /opt/airflow/dags/ingestion_postgres_dag.py
[2026-03-31T19:39:40.663+0000] {processor.py:925} INFO - DAG(s) 'ingestion_postgres_tmdb' retrieved from /opt/airflow/dags/ingestion_postgres_dag.py
[2026-03-31T19:39:40.696+0000] {logging_mixin.py:190} INFO - [2026-03-31T19:39:40.696+0000] {dag.py:3239} INFO - Sync 1 DAGs
[2026-03-31T19:39:40.740+0000] {processor.py:208} INFO - Processing /opt/airflow/dags/ingestion_postgres_dag.py took 0.110 seconds
[2026-03-31T19:40:10.937+0000] {processor.py:186} INFO - Started process (PID=1809) to work on /opt/airflow/dags/ingestion_postgres_dag.py
[2026-03-31T19:40:10.938+0000] {processor.py:914} INFO - Processing file /opt/airflow/dags/ingestion_postgres_dag.py for tasks to queue
[2026-03-31T19:40:10.941+0000] {logging_mixin.py:190} INFO - [2026-03-31T19:40:10.941+0000] {dagbag.py:588} INFO - Filling up the DagBag from /opt/airflow/dags/ingestion_postgres_dag.py
[2026-03-31T19:40:10.976+0000] {processor.py:925} INFO - DAG(s) 'ingestion_postgres_tmdb' retrieved from /opt/airflow/dags/ingestion_postgres_dag.py
[2026-03-31T19:40:11.023+0000] {logging_mixin.py:190} INFO - [2026-03-31T19:40:11.022+0000] {dag.py:3239} INFO - Sync 1 DAGs
[2026-03-31T19:40:11.080+0000] {processor.py:208} INFO - Processing /opt/airflow/dags/ingestion_postgres_dag.py took 0.154 seconds
[2026-03-31T19:40:41.426+0000] {processor.py:186} INFO - Started process (PID=1819) to work on /opt/airflow/dags/ingestion_postgres_dag.py
[2026-03-31T19:40:41.427+0000] {processor.py:914} INFO - Processing file /opt/airflow/dags/ingestion_postgres_dag.py for tasks to queue
[2026-03-31T19:40:41.432+0000] {logging_mixin.py:190} INFO - [2026-03-31T19:40:41.431+0000] {dagbag.py:588} INFO - Filling up the DagBag from /opt/airflow/dags/ingestion_postgres_dag.py
[2026-03-31T19:40:41.453+0000] {processor.py:925} INFO - DAG(s) 'ingestion_postgres_tmdb' retrieved from /opt/airflow/dags/ingestion_postgres_dag.py
[2026-03-31T19:40:41.487+0000] {logging_mixin.py:190} INFO - [2026-03-31T19:40:41.487+0000] {dag.py:3239} INFO - Sync 1 DAGs
[2026-03-31T19:40:41.542+0000] {processor.py:208} INFO - Processing /opt/airflow/dags/ingestion_postgres_dag.py took 0.125 seconds
[2026-03-31T19:41:11.726+0000] {processor.py:186} INFO - Started process (PID=1829) to work on /opt/airflow/dags/ingestion_postgres_dag.py
[2026-03-31T19:41:11.728+0000] {processor.py:914} INFO - Processing file /opt/airflow/dags/ingestion_postgres_dag.py for tasks to queue
[2026-03-31T19:41:11.731+0000] {logging_mixin.py:190} INFO - [2026-03-31T19:41:11.731+0000] {dagbag.py:588} INFO - Filling up the DagBag from /opt/airflow/dags/ingestion_postgres_dag.py
[2026-03-31T19:41:11.755+0000] {processor.py:925} INFO - DAG(s) 'ingestion_postgres_tmdb' retrieved from /opt/airflow/dags/ingestion_postgres_dag.py
[2026-03-31T19:41:11.789+0000] {logging_mixin.py:190} INFO - [2026-03-31T19:41:11.789+0000] {dag.py:3239} INFO - Sync 1 DAGs
[2026-03-31T19:41:11.840+0000] {processor.py:208} INFO - Processing /opt/airflow/dags/ingestion_postgres_dag.py took 0.123 seconds
[2026-03-31T19:41:42.159+0000] {processor.py:186} INFO - Started process (PID=1839) to work on /opt/airflow/dags/ingestion_postgres_dag.py
[2026-03-31T19:41:42.161+0000] {processor.py:914} INFO - Processing file /opt/airflow/dags/ingestion_postgres_dag.py for tasks to queue
[2026-03-31T19:41:42.169+0000] {logging_mixin.py:190} INFO - [2026-03-31T19:41:42.168+0000] {dagbag.py:588} INFO - Filling up the DagBag from /opt/airflow/dags/ingestion_postgres_dag.py
[2026-03-31T19:41:42.196+0000] {processor.py:925} INFO - DAG(s) 'ingestion_postgres_tmdb' retrieved from /opt/airflow/dags/ingestion_postgres_dag.py
[2026-03-31T19:41:42.231+0000] {logging_mixin.py:190} INFO - [2026-03-31T19:41:42.230+0000] {dag.py:3239} INFO - Sync 1 DAGs
[2026-03-31T19:41:42.295+0000] {processor.py:208} INFO - Processing /opt/airflow/dags/ingestion_postgres_dag.py took 0.147 seconds
[2026-03-31T19:42:12.682+0000] {processor.py:186} INFO - Started process (PID=1849) to work on /opt/airflow/dags/ingestion_postgres_dag.py
[2026-03-31T19:42:12.684+0000] {processor.py:914} INFO - Processing file /opt/airflow/dags/ingestion_postgres_dag.py for tasks to queue
[2026-03-31T19:42:12.688+0000] {logging_mixin.py:190} INFO - [2026-03-31T19:42:12.687+0000] {dagbag.py:588} INFO - Filling up the DagBag from /opt/airflow/dags/ingestion_postgres_dag.py
[2026-03-31T19:42:12.717+0000] {processor.py:925} INFO - DAG(s) 'ingestion_postgres_tmdb' retrieved from /opt/airflow/dags/ingestion_postgres_dag.py
[2026-03-31T19:42:12.750+0000] {logging_mixin.py:190} INFO - [2026-03-31T19:42:12.750+0000] {dag.py:3239} INFO - Sync 1 DAGs
[2026-03-31T19:42:12.798+0000] {processor.py:208} INFO - Processing /opt/airflow/dags/ingestion_postgres_dag.py took 0.126 seconds
[2026-03-31T19:42:42.951+0000] {processor.py:186} INFO - Started process (PID=1859) to work on /opt/airflow/dags/ingestion_postgres_dag.py
[2026-03-31T19:42:42.952+0000] {processor.py:914} INFO - Processing file /opt/airflow/dags/ingestion_postgres_dag.py for tasks to queue
[2026-03-31T19:42:42.955+0000] {logging_mixin.py:190} INFO - [2026-03-31T19:42:42.954+0000] {dagbag.py:588} INFO - Filling up the DagBag from /opt/airflow/dags/ingestion_postgres_dag.py
[2026-03-31T19:42:42.979+0000] {processor.py:925} INFO - DAG(s) 'ingestion_postgres_tmdb' retrieved from /opt/airflow/dags/ingestion_postgres_dag.py
[2026-03-31T19:42:43.012+0000] {logging_mixin.py:190} INFO - [2026-03-31T19:42:43.012+0000] {dag.py:3239} INFO - Sync 1 DAGs
[2026-03-31T19:42:43.054+0000] {processor.py:208} INFO - Processing /opt/airflow/dags/ingestion_postgres_dag.py took 0.113 seconds
[2026-03-31T19:43:13.234+0000] {processor.py:186} INFO - Started process (PID=1869) to work on /opt/airflow/dags/ingestion_postgres_dag.py
[2026-03-31T19:43:13.236+0000] {processor.py:914} INFO - Processing file /opt/airflow/dags/ingestion_postgres_dag.py for tasks to queue
[2026-03-31T19:43:13.239+0000] {logging_mixin.py:190} INFO - [2026-03-31T19:43:13.238+0000] {dagbag.py:588} INFO - Filling up the DagBag from /opt/airflow/dags/ingestion_postgres_dag.py
[2026-03-31T19:43:13.277+0000] {processor.py:925} INFO - DAG(s) 'ingestion_postgres_tmdb' retrieved from /opt/airflow/dags/ingestion_postgres_dag.py
[2026-03-31T19:43:13.316+0000] {logging_mixin.py:190} INFO - [2026-03-31T19:43:13.316+0000] {dag.py:3239} INFO - Sync 1 DAGs
[2026-03-31T19:43:13.370+0000] {processor.py:208} INFO - Processing /opt/airflow/dags/ingestion_postgres_dag.py took 0.144 seconds
[2026-03-31T19:43:43.635+0000] {processor.py:186} INFO - Started process (PID=1879) to work on /opt/airflow/dags/ingestion_postgres_dag.py
[2026-03-31T19:43:43.636+0000] {processor.py:914} INFO - Processing file /opt/airflow/dags/ingestion_postgres_dag.py for tasks to queue
[2026-03-31T19:43:43.641+0000] {logging_mixin.py:190} INFO - [2026-03-31T19:43:43.640+0000] {dagbag.py:588} INFO - Filling up the DagBag from /opt/airflow/dags/ingestion_postgres_dag.py
[2026-03-31T19:43:43.665+0000] {processor.py:925} INFO - DAG(s) 'ingestion_postgres_tmdb' retrieved from /opt/airflow/dags/ingestion_postgres_dag.py
[2026-03-31T19:43:43.711+0000] {logging_mixin.py:190} INFO - [2026-03-31T19:43:43.711+0000] {dag.py:3239} INFO - Sync 1 DAGs
[2026-03-31T19:43:43.785+0000] {processor.py:208} INFO - Processing /opt/airflow/dags/ingestion_postgres_dag.py took 0.172 seconds
[2026-03-31T19:44:14.091+0000] {processor.py:186} INFO - Started process (PID=1889) to work on /opt/airflow/dags/ingestion_postgres_dag.py
[2026-03-31T19:44:14.094+0000] {processor.py:914} INFO - Processing file /opt/airflow/dags/ingestion_postgres_dag.py for tasks to queue
[2026-03-31T19:44:14.099+0000] {logging_mixin.py:190} INFO - [2026-03-31T19:44:14.098+0000] {dagbag.py:588} INFO - Filling up the DagBag from /opt/airflow/dags/ingestion_postgres_dag.py
[2026-03-31T19:44:14.137+0000] {processor.py:925} INFO - DAG(s) 'ingestion_postgres_tmdb' retrieved from /opt/airflow/dags/ingestion_postgres_dag.py
[2026-03-31T19:44:14.191+0000] {logging_mixin.py:190} INFO - [2026-03-31T19:44:14.190+0000] {dag.py:3239} INFO - Sync 1 DAGs
[2026-03-31T19:44:14.241+0000] {processor.py:208} INFO - Processing /opt/airflow/dags/ingestion_postgres_dag.py took 0.162 seconds
[2026-03-31T19:44:44.576+0000] {processor.py:186} INFO - Started process (PID=1899) to work on /opt/airflow/dags/ingestion_postgres_dag.py
[2026-03-31T19:44:44.577+0000] {processor.py:914} INFO - Processing file /opt/airflow/dags/ingestion_postgres_dag.py for tasks to queue
[2026-03-31T19:44:44.581+0000] {logging_mixin.py:190} INFO - [2026-03-31T19:44:44.581+0000] {dagbag.py:588} INFO - Filling up the DagBag from /opt/airflow/dags/ingestion_postgres_dag.py
[2026-03-31T19:44:44.613+0000] {processor.py:925} INFO - DAG(s) 'ingestion_postgres_tmdb' retrieved from /opt/airflow/dags/ingestion_postgres_dag.py
[2026-03-31T19:44:44.649+0000] {logging_mixin.py:190} INFO - [2026-03-31T19:44:44.649+0000] {dag.py:3239} INFO - Sync 1 DAGs
[2026-03-31T19:44:44.702+0000] {processor.py:208} INFO - Processing /opt/airflow/dags/ingestion_postgres_dag.py took 0.136 seconds
[2026-03-31T19:45:15.053+0000] {processor.py:186} INFO - Started process (PID=1909) to work on /opt/airflow/dags/ingestion_postgres_dag.py
[2026-03-31T19:45:15.055+0000] {processor.py:914} INFO - Processing file /opt/airflow/dags/ingestion_postgres_dag.py for tasks to queue
[2026-03-31T19:45:15.058+0000] {logging_mixin.py:190} INFO - [2026-03-31T19:45:15.058+0000] {dagbag.py:588} INFO - Filling up the DagBag from /opt/airflow/dags/ingestion_postgres_dag.py
[2026-03-31T19:45:15.098+0000] {processor.py:925} INFO - DAG(s) 'ingestion_postgres_tmdb' retrieved from /opt/airflow/dags/ingestion_postgres_dag.py
[2026-03-31T19:45:15.133+0000] {logging_mixin.py:190} INFO - [2026-03-31T19:45:15.133+0000] {dag.py:3239} INFO - Sync 1 DAGs
[2026-03-31T19:45:15.193+0000] {processor.py:208} INFO - Processing /opt/airflow/dags/ingestion_postgres_dag.py took 0.148 seconds
[2026-03-31T19:45:45.525+0000] {processor.py:186} INFO - Started process (PID=1919) to work on /opt/airflow/dags/ingestion_postgres_dag.py
[2026-03-31T19:45:45.526+0000] {processor.py:914} INFO - Processing file /opt/airflow/dags/ingestion_postgres_dag.py for tasks to queue
[2026-03-31T19:45:45.529+0000] {logging_mixin.py:190} INFO - [2026-03-31T19:45:45.529+0000] {dagbag.py:588} INFO - Filling up the DagBag from /opt/airflow/dags/ingestion_postgres_dag.py
[2026-03-31T19:45:45.554+0000] {processor.py:925} INFO - DAG(s) 'ingestion_postgres_tmdb' retrieved from /opt/airflow/dags/ingestion_postgres_dag.py
[2026-03-31T19:45:45.593+0000] {logging_mixin.py:190} INFO - [2026-03-31T19:45:45.592+0000] {dag.py:3239} INFO - Sync 1 DAGs
[2026-03-31T19:45:45.652+0000] {processor.py:208} INFO - Processing /opt/airflow/dags/ingestion_postgres_dag.py took 0.135 seconds
[2026-03-31T19:46:15.997+0000] {processor.py:186} INFO - Started process (PID=1929) to work on /opt/airflow/dags/ingestion_postgres_dag.py
[2026-03-31T19:46:15.998+0000] {processor.py:914} INFO - Processing file /opt/airflow/dags/ingestion_postgres_dag.py for tasks to queue
[2026-03-31T19:46:16.002+0000] {logging_mixin.py:190} INFO - [2026-03-31T19:46:16.001+0000] {dagbag.py:588} INFO - Filling up the DagBag from /opt/airflow/dags/ingestion_postgres_dag.py
[2026-03-31T19:46:16.026+0000] {processor.py:925} INFO - DAG(s) 'ingestion_postgres_tmdb' retrieved from /opt/airflow/dags/ingestion_postgres_dag.py
[2026-03-31T19:46:16.075+0000] {logging_mixin.py:190} INFO - [2026-03-31T19:46:16.075+0000] {dag.py:3239} INFO - Sync 1 DAGs
[2026-03-31T19:46:21.641+0000] {processor.py:208} INFO - Processing /opt/airflow/dags/ingestion_postgres_dag.py took 0.156 seconds
[2026-03-31T19:46:45.795+0000] {processor.py:186} INFO - Started process (PID=1939) to work on /opt/airflow/dags/ingestion_postgres_dag.py
[2026-03-31T19:46:45.796+0000] {processor.py:914} INFO - Processing file /opt/airflow/dags/ingestion_postgres_dag.py for tasks to queue
[2026-03-31T19:46:45.799+0000] {logging_mixin.py:190} INFO - [2026-03-31T19:46:45.799+0000] {dagbag.py:588} INFO - Filling up the DagBag from /opt/airflow/dags/ingestion_postgres_dag.py
[2026-03-31T19:46:45.819+0000] {processor.py:925} INFO - DAG(s) 'ingestion_postgres_tmdb' retrieved from /opt/airflow/dags/ingestion_postgres_dag.py
[2026-03-31T19:46:45.853+0000] {logging_mixin.py:190} INFO - [2026-03-31T19:46:45.853+0000] {dag.py:3239} INFO - Sync 1 DAGs
[2026-03-31T19:46:45.900+0000] {processor.py:208} INFO - Processing /opt/airflow/dags/ingestion_postgres_dag.py took 0.114 seconds
[2026-03-31T19:47:16.083+0000] {processor.py:186} INFO - Started process (PID=1949) to work on /opt/airflow/dags/ingestion_postgres_dag.py
[2026-03-31T19:47:16.087+0000] {processor.py:914} INFO - Processing file /opt/airflow/dags/ingestion_postgres_dag.py for tasks to queue
[2026-03-31T19:47:16.096+0000] {logging_mixin.py:190} INFO - [2026-03-31T19:47:16.095+0000] {dagbag.py:588} INFO - Filling up the DagBag from /opt/airflow/dags/ingestion_postgres_dag.py
[2026-03-31T19:47:16.141+0000] {processor.py:925} INFO - DAG(s) 'ingestion_postgres_tmdb' retrieved from /opt/airflow/dags/ingestion_postgres_dag.py
[2026-03-31T19:47:16.201+0000] {logging_mixin.py:190} INFO - [2026-03-31T19:47:16.200+0000] {dag.py:3239} INFO - Sync 1 DAGs
[2026-03-31T19:47:16.270+0000] {processor.py:208} INFO - Processing /opt/airflow/dags/ingestion_postgres_dag.py took 0.198 seconds
[2026-03-31T19:47:46.617+0000] {processor.py:186} INFO - Started process (PID=1959) to work on /opt/airflow/dags/ingestion_postgres_dag.py
[2026-03-31T19:47:46.618+0000] {processor.py:914} INFO - Processing file /opt/airflow/dags/ingestion_postgres_dag.py for tasks to queue
[2026-03-31T19:47:46.630+0000] {logging_mixin.py:190} INFO - [2026-03-31T19:47:46.630+0000] {dagbag.py:588} INFO - Filling up the DagBag from /opt/airflow/dags/ingestion_postgres_dag.py
[2026-03-31T19:47:46.675+0000] {processor.py:925} INFO - DAG(s) 'ingestion_postgres_tmdb' retrieved from /opt/airflow/dags/ingestion_postgres_dag.py
[2026-03-31T19:47:46.640+0000] {logging_mixin.py:190} INFO - [2026-03-31T19:47:46.640+0000] {dag.py:3239} INFO - Sync 1 DAGs
[2026-03-31T19:47:46.717+0000] {processor.py:208} INFO - Processing /opt/airflow/dags/ingestion_postgres_dag.py took 0.193 seconds
[2026-03-31T19:48:17.121+0000] {processor.py:186} INFO - Started process (PID=1969) to work on /opt/airflow/dags/ingestion_postgres_dag.py
[2026-03-31T19:48:17.122+0000] {processor.py:914} INFO - Processing file /opt/airflow/dags/ingestion_postgres_dag.py for tasks to queue
[2026-03-31T19:48:17.125+0000] {logging_mixin.py:190} INFO - [2026-03-31T19:48:17.124+0000] {dagbag.py:588} INFO - Filling up the DagBag from /opt/airflow/dags/ingestion_postgres_dag.py
[2026-03-31T19:48:17.147+0000] {processor.py:925} INFO - DAG(s) 'ingestion_postgres_tmdb' retrieved from /opt/airflow/dags/ingestion_postgres_dag.py
[2026-03-31T19:48:17.180+0000] {logging_mixin.py:190} INFO - [2026-03-31T19:48:17.180+0000] {dag.py:3239} INFO - Sync 1 DAGs
[2026-03-31T19:48:17.226+0000] {processor.py:208} INFO - Processing /opt/airflow/dags/ingestion_postgres_dag.py took 0.113 seconds
[2026-03-31T19:48:47.454+0000] {processor.py:186} INFO - Started process (PID=1979) to work on /opt/airflow/dags/ingestion_postgres_dag.py
[2026-03-31T19:48:47.455+0000] {processor.py:914} INFO - Processing file /opt/airflow/dags/ingestion_postgres_dag.py for tasks to queue
[2026-03-31T19:48:47.459+0000] {logging_mixin.py:190} INFO - [2026-03-31T19:48:47.458+0000] {dagbag.py:588} INFO - Filling up the DagBag from /opt/airflow/dags/ingestion_postgres_dag.py
[2026-03-31T19:48:47.482+0000] {processor.py:925} INFO - DAG(s) 'ingestion_postgres_tmdb' retrieved from /opt/airflow/dags/ingestion_postgres_dag.py
[2026-03-31T19:48:47.513+0000] {logging_mixin.py:190} INFO - [2026-03-31T19:48:47.513+0000] {dag.py:3239} INFO - Sync 1 DAGs
[2026-03-31T19:48:47.558+0000] {processor.py:208} INFO - Processing /opt/airflow/dags/ingestion_postgres_dag.py took 0.112 seconds
[2026-03-31T19:49:17.917+0000] {processor.py:186} INFO - Started process (PID=1989) to work on /opt/airflow/dags/ingestion_postgres_dag.py
[2026-03-31T19:49:17.918+0000] {processor.py:914} INFO - Processing file /opt/airflow/dags/ingestion_postgres_dag.py for tasks to queue
[2026-03-31T19:49:17.922+0000] {logging_mixin.py:190} INFO - [2026-03-31T19:49:17.922+0000] {dagbag.py:588} INFO - Filling up the DagBag from /opt/airflow/dags/ingestion_postgres_dag.py
[2026-03-31T19:49:17.946+0000] {processor.py:925} INFO - DAG(s) 'ingestion_postgres_tmdb' retrieved from /opt/airflow/dags/ingestion_postgres_dag.py
[2026-03-31T19:49:17.981+0000] {logging_mixin.py:190} INFO - [2026-03-31T19:49:17.981+0000] {dag.py:3239} INFO - Sync 1 DAGs
[2026-03-31T19:49:18.041+0000] {processor.py:208} INFO - Processing /opt/airflow/dags/ingestion_postgres_dag.py took 0.134 seconds
[2026-03-31T19:49:48.247+0000] {processor.py:186} INFO - Started process (PID=1999) to work on /opt/airflow/dags/ingestion_postgres_dag.py
[2026-03-31T19:49:48.251+0000] {processor.py:914} INFO - Processing file /opt/airflow/dags/ingestion_postgres_dag.py for tasks to queue
[2026-03-31T19:49:48.255+0000] {logging_mixin.py:190} INFO - [2026-03-31T19:49:48.254+0000] {dagbag.py:588} INFO - Filling up the DagBag from /opt/airflow/dags/ingestion_postgres_dag.py
[2026-03-31T19:49:48.284+0000] {processor.py:925} INFO - DAG(s) 'ingestion_postgres_tmdb' retrieved from /opt/airflow/dags/ingestion_postgres_dag.py
[2026-03-31T19:49:48.325+0000] {logging_mixin.py:190} INFO - [2026-03-31T19:49:48.325+0000] {dag.py:3239} INFO - Sync 1 DAGs
[2026-03-31T19:49:48.377+0000] {processor.py:208} INFO - Processing /opt/airflow/dags/ingestion_postgres_dag.py took 0.143 seconds
[2026-03-31T19:50:18.618+0000] {processor.py:186} INFO - Started process (PID=2009) to work on /opt/airflow/dags/ingestion_postgres_dag.py
[2026-03-31T19:50:18.620+0000] {processor.py:914} INFO - Processing file /opt/airflow/dags/ingestion_postgres_dag.py for tasks to queue
[2026-03-31T19:50:18.624+0000] {logging_mixin.py:190} INFO - [2026-03-31T19:50:18.623+0000] {dagbag.py:588} INFO - Filling up the DagBag from /opt/airflow/dags/ingestion_postgres_dag.py
[2026-03-31T19:50:18.651+0000] {processor.py:925} INFO - DAG(s) 'ingestion_postgres_tmdb' retrieved from /opt/airflow/dags/ingestion_postgres_dag.py
[2026-03-31T19:50:18.690+0000] {logging_mixin.py:190} INFO - [2026-03-31T19:50:18.689+0000] {dag.py:3239} INFO - Sync 1 DAGs
[2026-03-31T19:50:18.785+0000] {processor.py:208} INFO - Processing /opt/airflow/dags/ingestion_postgres_dag.py took 0.181 seconds
[2026-03-31T19:50:48.956+0000] {processor.py:186} INFO - Started process (PID=2019) to work on /opt/airflow/dags/ingestion_postgres_dag.py
[2026-03-31T19:50:48.957+0000] {processor.py:914} INFO - Processing file /opt/airflow/dags/ingestion_postgres_dag.py for tasks to queue
[2026-03-31T19:50:48.960+0000] {logging_mixin.py:190} INFO - [2026-03-31T19:50:48.959+0000] {dagbag.py:588} INFO - Filling up the DagBag from /opt/airflow/dags/ingestion_postgres_dag.py
[2026-03-31T19:50:48.982+0000] {processor.py:925} INFO - DAG(s) 'ingestion_postgres_tmdb' retrieved from /opt/airflow/dags/ingestion_postgres_dag.py
[2026-03-31T19:50:49.018+0000] {logging_mixin.py:190} INFO - [2026-03-31T19:50:49.017+0000] {dag.py:3239} INFO - Sync 1 DAGs
[2026-03-31T19:50:49.083+0000] {processor.py:208} INFO - Processing /opt/airflow/dags/ingestion_postgres_dag.py took 0.135 seconds
[2026-03-31T19:51:19.433+0000] {processor.py:186} INFO - Started process (PID=2029) to work on /opt/airflow/dags/ingestion_postgres_dag.py
[2026-03-31T19:51:19.434+0000] {processor.py:914} INFO - Processing file /opt/airflow/dags/ingestion_postgres_dag.py for tasks to queue
[2026-03-31T19:51:19.437+0000] {logging_mixin.py:190} INFO - [2026-03-31T19:51:19.437+0000] {dagbag.py:588} INFO - Filling up the DagBag from /opt/airflow/dags/ingestion_postgres_dag.py
[2026-03-31T19:51:19.461+0000] {processor.py:925} INFO - DAG(s) 'ingestion_postgres_tmdb' retrieved from /opt/airflow/dags/ingestion_postgres_dag.py
[2026-03-31T19:51:19.491+0000] {logging_mixin.py:190} INFO - [2026-03-31T19:51:19.491+0000] {dag.py:3239} INFO - Sync 1 DAGs
[2026-03-31T19:51:19.535+0000] {processor.py:208} INFO - Processing /opt/airflow/dags/ingestion_postgres_dag.py took 0.110 seconds
[2026-03-31T19:51:49.769+0000] {processor.py:186} INFO - Started process (PID=2039) to work on /opt/airflow/dags/ingestion_postgres_dag.py
[2026-03-31T19:51:49.775+0000] {processor.py:914} INFO - Processing file /opt/airflow/dags/ingestion_postgres_dag.py for tasks to queue
[2026-03-31T19:51:49.779+0000] {logging_mixin.py:190} INFO - [2026-03-31T19:51:49.778+0000] {dagbag.py:588} INFO - Filling up the DagBag from /opt/airflow/dags/ingestion_postgres_dag.py
[2026-03-31T19:51:49.806+0000] {processor.py:925} INFO - DAG(s) 'ingestion_postgres_tmdb' retrieved from /opt/airflow/dags/ingestion_postgres_dag.py
[2026-03-31T19:51:49.840+0000] {logging_mixin.py:190} INFO - [2026-03-31T19:51:49.840+0000] {dag.py:3239} INFO - Sync 1 DAGs
[2026-03-31T19:51:49.896+0000] {processor.py:208} INFO - Processing /opt/airflow/dags/ingestion_postgres_dag.py took 0.137 seconds
[2026-03-31T19:52:20.831+0000] {processor.py:186} INFO - Started process (PID=2049) to work on /opt/airflow/dags/ingestion_postgres_dag.py
[2026-03-31T19:52:20.833+0000] {processor.py:914} INFO - Processing file /opt/airflow/dags/ingestion_postgres_dag.py for tasks to queue
[2026-03-31T19:52:20.841+0000] {logging_mixin.py:190} INFO - [2026-03-31T19:52:20.840+0000] {dagbag.py:588} INFO - Filling up the DagBag from /opt/airflow/dags/ingestion_postgres_dag.py
[2026-03-31T19:52:20.881+0000] {processor.py:925} INFO - DAG(s) 'ingestion_postgres_tmdb' retrieved from /opt/airflow/dags/ingestion_postgres_dag.py
[2026-03-31T19:52:20.922+0000] {logging_mixin.py:190} INFO - [2026-03-31T19:52:20.922+0000] {dag.py:3239} INFO - Sync 1 DAGs
[2026-03-31T19:52:20.980+0000] {processor.py:208} INFO - Processing /opt/airflow/dags/ingestion_postgres_dag.py took 0.165 seconds
[2026-03-31T19:52:51.456+0000] {processor.py:186} INFO - Started process (PID=2059) to work on /opt/airflow/dags/ingestion_postgres_dag.py
[2026-03-31T19:52:51.457+0000] {processor.py:914} INFO - Processing file /opt/airflow/dags/ingestion_postgres_dag.py for tasks to queue
[2026-03-31T19:52:51.460+0000] {logging_mixin.py:190} INFO - [2026-03-31T19:52:51.460+0000] {dagbag.py:588} INFO - Filling up the DagBag from /opt/airflow/dags/ingestion_postgres_dag.py
[2026-03-31T19:52:51.481+0000] {processor.py:925} INFO - DAG(s) 'ingestion_postgres_tmdb' retrieved from /opt/airflow/dags/ingestion_postgres_dag.py
[2026-03-31T19:52:51.516+0000] {logging_mixin.py:190} INFO - [2026-03-31T19:52:51.516+0000] {dag.py:3239} INFO - Sync 1 DAGs
[2026-03-31T19:52:51.151+0000] {processor.py:208} INFO - Processing /opt/airflow/dags/ingestion_postgres_dag.py took 0.151 seconds
[2026-03-31T19:53:21.420+0000] {processor.py:186} INFO - Started process (PID=2069) to work on /opt/airflow/dags/ingestion_postgres_dag.py
[2026-03-31T19:53:21.421+0000] {processor.py:914} INFO - Processing file /opt/airflow/dags/ingestion_postgres_dag.py for tasks to queue
[2026-03-31T19:53:21.424+0000] {logging_mixin.py:190} INFO - [2026-03-31T19:53:21.424+0000] {dagbag.py:588} INFO - Filling up the DagBag from /opt/airflow/dags/ingestion_postgres_dag.py
[2026-03-31T19:53:21.456+0000] {processor.py:925} INFO - DAG(s) 'ingestion_postgres_tmdb' retrieved from /opt/airflow/dags/ingestion_postgres_dag.py
[2026-03-31T19:53:21.493+0000] {logging_mixin.py:190} INFO - [2026-03-31T19:53:21.493+0000] {dag.py:3239} INFO - Sync 1 DAGs
[2026-03-31T19:53:21.543+0000] {processor.py:208} INFO - Processing /opt/airflow/dags/ingestion_postgres_dag.py took 0.133 seconds
[2026-03-31T19:53:51.735+0000] {processor.py:186} INFO - Started process (PID=2079) to work on /opt/airflow/dags/ingestion_postgres_dag.py
[2026-03-31T19:53:51.736+0000] {processor.py:914} INFO - Processing file /opt/airflow/dags/ingestion_postgres_dag.py for tasks to queue
[2026-03-31T19:53:51.742+0000] {logging_mixin.py:190} INFO - [2026-03-31T19:53:51.741+0000] {dagbag.py:588} INFO - Filling up the DagBag from /opt/airflow/dags/ingestion_postgres_dag.py
[2026-03-31T19:53:51.771+0000] {processor.py:925} INFO - DAG(s) 'ingestion_postgres_tmdb' retrieved from /opt/airflow/dags/ingestion_postgres_dag.py
[2026-03-31T19:53:51.807+0000] {logging_mixin.py:190} INFO - [2026-03-31T19:53:51.807+0000] {dag.py:3239} INFO - Sync 1 DAGs
[2026-03-31T19:53:51.857+0000] {processor.py:208} INFO - Processing /opt/airflow/dags/ingestion_postgres_dag.py took 0.136 seconds
[2026-03-31T19:54:22.221+0000] {processor.py:186} INFO - Started process (PID=2089) to work on /opt/airflow/dags/ingestion_postgres_dag.py
[2026-03-31T19:54:22.222+0000] {processor.py:914} INFO - Processing file /opt/airflow/dags/ingestion_postgres_dag.py for tasks to queue
[2026-03-31T19:54:22.225+0000] {logging_mixin.py:190} INFO - [2026-03-31T19:54:22.225+0000] {dagbag.py:588} INFO - Filling up the DagBag from /opt/airflow/dags/ingestion_postgres_dag.py
[2026-03-31T19:54:22.253+0000] {processor.py:925} INFO - DAG(s) 'ingestion_postgres_tmdb' retrieved from /opt/airflow/dags/ingestion_postgres_dag.py
[2026-03-31T19:54:22.284+0000] {logging_mixin.py:190} INFO - [2026-03-31T19:54:22.284+0000] {dag.py:3239} INFO - Sync 1 DAGs
[2026-03-31T19:54:22.339+0000] {processor.py:208} INFO - Processing /opt/airflow/dags/ingestion_postgres_dag.py took 0.127 seconds
[2026-03-31T19:54:52.588+0000] {processor.py:186} INFO - Started process (PID=2099) to work on /opt/airflow/dags/ingestion_postgres_dag.py
[2026-03-31T19:54:52.590+0000] {processor.py:914} INFO - Processing file /opt/airflow/dags/ingestion_postgres_dag.py for tasks to queue
[2026-03-31T19:54:52.595+0000] {logging_mixin.py:190} INFO - [2026-03-31T19:54:52.594+0000] {dagbag.py:588} INFO - Filling up the DagBag from /opt/airflow/dags/ingestion_postgres_dag.py
[2026-03-31T19:54:52.614+0000] {processor.py:925} INFO - DAG(s) 'ingestion_postgres_tmdb' retrieved from /opt/airflow/dags/ingestion_postgres_dag.py
[2026-03-31T19:54:52.650+0000] {logging_mixin.py:190} INFO - [2026-03-31T19:54:52.650+0000] {dag.py:3239} INFO - Sync 1 DAGs
[2026-03-31T19:54:52.716+0000] {processor.py:208} INFO - Processing /opt/airflow/dags/ingestion_postgres_dag.py took 0.138 seconds
[2026-03-31T19:55:22.911+0000] {processor.py:186} INFO - Started process (PID=2109) to work on /opt/airflow/dags/ingestion_postgres_dag.py
[2026-03-31T19:55:22.912+0000] {processor.py:914} INFO - Processing file /opt/airflow/dags/ingestion_postgres_dag.py for tasks to queue
[2026-03-31T19:55:22.916+0000] {logging_mixin.py:190} INFO - [2026-03-31T19:55:22.915+0000] {dagbag.py:588} INFO - Filling up the DagBag from /opt/airflow/dags/ingestion_postgres_dag.py
[2026-03-31T19:55:22.945+0000] {processor.py:925} INFO - DAG(s) 'ingestion_postgres_tmdb' retrieved from /opt/airflow/dags/ingestion_postgres_dag.py
[2026-03-31T19:55:22.985+0000] {logging_mixin.py:190} INFO - [2026-03-31T19:55:22.984+0000] {dag.py:3239} INFO - Sync 1 DAGs
[2026-03-31T19:55:23.041+0000] {processor.py:208} INFO - Processing /opt/airflow/dags/ingestion_postgres_dag.py took 0.139 seconds
[2026-03-31T19:55:53.357+0000] {processor.py:186} INFO - Started process (PID=2119) to work on /opt/airflow/dags/ingestion_postgres_dag.py
[2026-03-31T19:55:53.358+0000] {processor.py:914} INFO - Processing file /opt/airflow/dags/ingestion_postgres_dag.py for tasks to queue
[2026-03-31T19:55:53.360+0000] {logging_mixin.py:190} INFO - [2026-03-31T19:55:53.360+0000] {dagbag.py:588} INFO - Filling up the DagBag from /opt/airflow/dags/ingestion_postgres_dag.py
[2026-03-31T19:55:53.387+0000] {processor.py:925} INFO - DAG(s) 'ingestion_postgres_tmdb' retrieved from /opt/airflow/dags/ingestion_postgres_dag.py
[2026-03-31T19:55:53.434+0000] {logging_mixin.py:190} INFO - [2026-03-31T19:55:53.433+0000] {dag.py:3239} INFO - Sync 1 DAGs
[2026-03-31T19:55:53.491+0000] {processor.py:208} INFO - Processing /opt/airflow/dags/ingestion_postgres_dag.py took 0.142 seconds
[2026-03-31T19:56:23.680+0000] {processor.py:186} INFO - Started process (PID=2129) to work on /opt/airflow/dags/ingestion_postgres_dag.py
[2026-03-31T19:56:23.682+0000] {processor.py:914} INFO - Processing file /opt/airflow/dags/ingestion_postgres_dag.py for tasks to queue
[2026-03-31T19:56:23.686+0000] {logging_mixin.py:190} INFO - [2026-03-31T19:56:23.685+0000] {dagbag.py:588} INFO - Filling up the DagBag from /opt/airflow/dags/ingestion_postgres_dag.py
[2026-03-31T19:56:23.707+0000] {processor.py:925} INFO - DAG(s) 'ingestion_postgres_tmdb' retrieved from /opt/airflow/dags/ingestion_postgres_dag.py
[2026-03-31T19:56:23.744+0000] {logging_mixin.py:190} INFO - [2026-03-31T19:56:23.744+0000] {dag.py:3239} INFO - Sync 1 DAGs
[2026-03-31T19:56:23.835+0000] {processor.py:208} INFO - Processing /opt/airflow/dags/ingestion_postgres_dag.py took 0.163 seconds
[2026-03-31T19:56:54.157+0000] {processor.py:186} INFO - Started process (PID=2139) to work on /opt/airflow/dags/ingestion_postgres_dag.py
[2026-03-31T19:56:54.159+0000] {processor.py:914} INFO - Processing file /opt/airflow/dags/ingestion_postgres_dag.py for tasks to queue
[2026-03-31T19:56:54.163+0000] {logging_mixin.py:190} INFO - [2026-03-31T19:56:54.162+0000] {dagbag.py:588} INFO - Filling up the DagBag from /opt/airflow/dags/ingestion_postgres_dag.py
[2026-03-31T19:56:54.188+0000] {processor.py:925} INFO - DAG(s) 'ingestion_postgres_tmdb' retrieved from /opt/airflow/dags/ingestion_postgres_dag.py
[2026-03-31T19:56:54.223+0000] {logging_mixin.py:190} INFO - [2026-03-31T19:56:54.223+0000] {dag.py:3239} INFO - Sync 1 DAGs
[2026-03-31T19:56:54.273+0000] {processor.py:208} INFO - Processing /opt/airflow/dags/ingestion_postgres_dag.py took 0.128 seconds
[2026-03-31T19:57:24.537+0000] {processor.py:186} INFO - Started process (PID=2149) to work on /opt/airflow/dags/ingestion_postgres_dag.py
[2026-03-31T19:57:24.538+0000] {processor.py:914} INFO - Processing file /opt/airflow/dags/ingestion_postgres_dag.py for tasks to queue
[2026-03-31T19:57:24.541+0000] {logging_mixin.py:190} INFO - [2026-03-31T19:57:24.541+0000] {dagbag.py:588} INFO - Filling up the DagBag from /opt/airflow/dags/ingestion_postgres_dag.py
[2026-03-31T19:57:24.562+0000] {processor.py:925} INFO - DAG(s) 'ingestion_postgres_tmdb' retrieved from /opt/airflow/dags/ingestion_postgres_dag.py
[2026-03-31T19:57:24.594+0000] {logging_mixin.py:190} INFO - [2026-03-31T19:57:24.593+0000] {dag.py:3239} INFO - Sync 1 DAGs
[2026-03-31T19:57:24.641+0000] {processor.py:208} INFO - Processing /opt/airflow/dags/ingestion_postgres_dag.py took 0.111 seconds
[2026-03-31T19:57:54.952+0000] {processor.py:186} INFO - Started process (PID=2159) to work on /opt/airflow/dags/ingestion_postgres_dag.py
[2026-03-31T19:57:54.955+0000] {processor.py:914} INFO - Processing file /opt/airflow/dags/ingestion_postgres_dag.py for tasks to queue
[2026-03-31T19:57:54.959+0000] {logging_mixin.py:190} INFO - [2026-03-31T19:57:54.958+0000] {dagbag.py:588} INFO - Filling up the DagBag from /opt/airflow/dags/ingestion_postgres_dag.py
[2026-03-31T19:57:54.984+0000] {processor.py:925} INFO - DAG(s) 'ingestion_postgres_tmdb' retrieved from /opt/airflow/dags/ingestion_postgres_dag.py
[2026-03-31T19:57:55.022+0000] {logging_mixin.py:190} INFO - [2026-03-31T19:57:55.021+0000] {dag.py:3239} INFO - Sync 1 DAGs
[2026-03-31T19:57:55.071+0000] {processor.py:208} INFO - Processing /opt/airflow/dags/ingestion_postgres_dag.py took 0.133 seconds
[2026-03-31T19:58:25.247+0000] {processor.py:186} INFO - Started process (PID=2169) to work on /opt/airflow/dags/ingestion_postgres_dag.py
[2026-03-31T19:58:25.248+0000] {processor.py:914} INFO - Processing file /opt/airflow/dags/ingestion_postgres_dag.py for tasks to queue
[2026-03-31T19:58:25.251+0000] {logging_mixin.py:190} INFO - [2026-03-31T19:58:25.250+0000] {dagbag.py:588} INFO - Filling up the DagBag from /opt/airflow/dags/ingestion_postgres_dag.py
[2026-03-31T19:58:25.316+0000] {processor.py:925} INFO - DAG(s) 'ingestion_postgres_tmdb' retrieved from /opt/airflow/dags/ingestion_postgres_dag.py
[2026-03-31T19:58:25.405+0000] {logging_mixin.py:190} INFO - [2026-03-31T19:58:25.404+0000] {dag.py:3239} INFO - Sync 1 DAGs
[2026-03-31T19:58:25.527+0000] {processor.py:208} INFO - Processing /opt/airflow/dags/ingestion_postgres_dag.py took 0.291 seconds
[2026-03-31T19:58:55.856+0000] {processor.py:186} INFO - Started process (PID=2179) to work on /opt/airflow/dags/ingestion_postgres_dag.py
[2026-03-31T19:58:55.860+0000] {processor.py:914} INFO - Processing file /opt/airflow/dags/ingestion_postgres_dag.py for tasks to queue
[2026-03-31T19:58:55.864+0000] {logging_mixin.py:190} INFO - [2026-03-31T19:58:55.864+0000] {dagbag.py:588} INFO - Filling up the DagBag from /opt/airflow/dags/ingestion_postgres_dag.py
[2026-03-31T19:58:55.926+0000] {processor.py:925} INFO - DAG(s) 'ingestion_postgres_tmdb' retrieved from /opt/airflow/dags/ingestion_postgres_dag.py
[2026-03-31T19:58:55.960+0000] {logging_mixin.py:190} INFO - [2026-03-31T19:58:55.960+0000] {dag.py:3239} INFO - Sync 1 DAGs
[2026-03-31T19:58:56.009+0000] {processor.py:208} INFO - Processing /opt/airflow/dags/ingestion_postgres_dag.py took 0.165 seconds
[2026-03-31T19:59:26.136+0000] {processor.py:186} INFO - Started process (PID=2189) to work on /opt/airflow/dags/ingestion_postgres_dag.py
[2026-03-31T19:59:26.137+0000] {processor.py:914} INFO - Processing file /opt/airflow/dags/ingestion_postgres_dag.py for tasks to queue
[2026-03-31T19:59:26.141+0000] {logging_mixin.py:190} INFO - [2026-03-31T19:59:26.141+0000] {dagbag.py:588} INFO - Filling up the DagBag from /opt/airflow/dags/ingestion_postgres_dag.py
[2026-03-31T19:59:26.168+0000] {processor.py:925} INFO - DAG(s) 'ingestion_postgres_tmdb' retrieved from /opt/airflow/dags/ingestion_postgres_dag.py
[2026-03-31T19:59:26.208+0000] {logging_mixin.py:190} INFO - [2026-03-31T19:59:26.208+0000] {dag.py:3239} INFO - Sync 1 DAGs
[2026-03-31T19:59:26.270+0000] {processor.py:208} INFO - Processing /opt/airflow/dags/ingestion_postgres_dag.py took 0.142 seconds
[2026-03-31T19:59:56.447+0000] {processor.py:186} INFO - Started process (PID=2199) to work on /opt/airflow/dags/ingestion_postgres_dag.py
[2026-03-31T19:59:56.448+0000] {processor.py:914} INFO - Processing file /opt/airflow/dags/ingestion_postgres_dag.py for tasks to queue
[2026-03-31T19:59:56.455+0000] {logging_mixin.py:190} INFO - [2026-03-31T19:59:56.454+0000] {dagbag.py:588} INFO - Filling up the DagBag from /opt/airflow/dags/ingestion_postgres_dag.py
[2026-03-31T19:59:56.551+0000] {processor.py:925} INFO - DAG(s) 'ingestion_postgres_tmdb' retrieved from /opt/airflow/dags/ingestion_postgres_dag.py
[2026-03-31T19:59:56.648+0000] {logging_mixin.py:190} INFO - [2026-03-31T19:59:56.647+0000] {dag.py:3239} INFO - Sync 1 DAGs
[2026-03-31T19:59:56.741+0000] {processor.py:208} INFO - Processing /opt/airflow/dags/ingestion_postgres_dag.py took 0.305 seconds
[2026-03-31T20:00:26.896+0000] {processor.py:186} INFO - Started process (PID=2209) to work on /opt/airflow/dags/ingestion_postgres_dag.py
[2026-03-31T20:00:26.897+0000] {processor.py:914} INFO - Processing file /opt/airflow/dags/ingestion_postgres_dag.py for tasks to queue
[2026-03-31T20:00:26.901+0000] {logging_mixin.py:190} INFO - [2026-03-31T20:00:26.901+0000] {dagbag.py:588} INFO - Filling up the DagBag from /opt/airflow/dags/ingestion_postgres_dag.py
[2026-03-31T20:00:26.925+0000] {processor.py:925} INFO - DAG(s) 'ingestion_postgres_tmdb' retrieved from /opt/airflow/dags/ingestion_postgres_dag.py
[2026-03-31T20:00:26.958+0000] {logging_mixin.py:190} INFO - [2026-03-31T20:00:26.958+0000] {dag.py:3239} INFO - Sync 1 DAGs
[2026-03-31T20:00:27.005+0000] {processor.py:208} INFO - Processing /opt/airflow/dags/ingestion_postgres_dag.py took 0.121 seconds
[2026-03-31T20:01:02.878+0000] {processor.py:186} INFO - Started process (PID=2219) to work on /opt/airflow/dags/ingestion_postgres_dag.py
[2026-03-31T20:01:02.879+0000] {processor.py:914} INFO - Processing file /opt/airflow/dags/ingestion_postgres_dag.py for tasks to queue
[2026-03-31T20:01:02.882+0000] {logging_mixin.py:190} INFO - [2026-03-31T20:01:02.882+0000] {dagbag.py:588} INFO - Filling up the DagBag from /opt/airflow/dags/ingestion_postgres_dag.py
[2026-03-31T20:00:56.867+0000] {processor.py:925} INFO - DAG(s) 'ingestion_postgres_tmdb' retrieved from /opt/airflow/dags/ingestion_postgres_dag.py
[2026-03-31T20:00:56.924+0000] {logging_mixin.py:190} INFO - [2026-03-31T20:00:56.924+0000] {dag.py:3239} INFO - Sync 1 DAGs
[2026-03-31T20:00:57.013+0000] {processor.py:208} INFO - Processing /opt/airflow/dags/ingestion_postgres_dag.py took 0.180 seconds
[2026-03-31T20:01:27.121+0000] {processor.py:186} INFO - Started process (PID=2229) to work on /opt/airflow/dags/ingestion_postgres_dag.py
[2026-03-31T20:01:27.122+0000] {processor.py:914} INFO - Processing file /opt/airflow/dags/ingestion_postgres_dag.py for tasks to queue
[2026-03-31T20:01:27.125+0000] {logging_mixin.py:190} INFO - [2026-03-31T20:01:27.125+0000] {dagbag.py:588} INFO - Filling up the DagBag from /opt/airflow/dags/ingestion_postgres_dag.py
[2026-03-31T20:01:27.151+0000] {processor.py:925} INFO - DAG(s) 'ingestion_postgres_tmdb' retrieved from /opt/airflow/dags/ingestion_postgres_dag.py
[2026-03-31T20:01:27.249+0000] {logging_mixin.py:190} INFO - [2026-03-31T20:01:27.248+0000] {dag.py:3239} INFO - Sync 1 DAGs
[2026-03-31T20:01:27.311+0000] {processor.py:208} INFO - Processing /opt/airflow/dags/ingestion_postgres_dag.py took 0.200 seconds
[2026-03-31T20:01:57.566+0000] {processor.py:186} INFO - Started process (PID=2239) to work on /opt/airflow/dags/ingestion_postgres_dag.py
[2026-03-31T20:01:57.567+0000] {processor.py:914} INFO - Processing file /opt/airflow/dags/ingestion_postgres_dag.py for tasks to queue
[2026-03-31T20:01:57.570+0000] {logging_mixin.py:190} INFO - [2026-03-31T20:01:57.570+0000] {dagbag.py:588} INFO - Filling up the DagBag from /opt/airflow/dags/ingestion_postgres_dag.py
[2026-03-31T20:01:57.593+0000] {processor.py:925} INFO - DAG(s) 'ingestion_postgres_tmdb' retrieved from /opt/airflow/dags/ingestion_postgres_dag.py
[2026-03-31T20:01:57.630+0000] {logging_mixin.py:190} INFO - [2026-03-31T20:01:57.630+0000] {dag.py:3239} INFO - Sync 1 DAGs
[2026-03-31T20:01:57.683+0000] {processor.py:208} INFO - Processing /opt/airflow/dags/ingestion_postgres_dag.py took 0.125 seconds
[2026-03-31T20:02:28.038+0000] {processor.py:186} INFO - Started process (PID=2249) to work on /opt/airflow/dags/ingestion_postgres_dag.py
[2026-03-31T20:02:28.040+0000] {processor.py:914} INFO - Processing file /opt/airflow/dags/ingestion_postgres_dag.py for tasks to queue
[2026-03-31T20:02:28.043+0000] {logging_mixin.py:190} INFO - [2026-03-31T20:02:28.043+0000] {dagbag.py:588} INFO - Filling up the DagBag from /opt/airflow/dags/ingestion_postgres_dag.py
[2026-03-31T20:02:28.068+0000] {processor.py:925} INFO - DAG(s) 'ingestion_postgres_tmdb' retrieved from /opt/airflow/dags/ingestion_postgres_dag.py
[2026-03-31T20:02:28.106+0000] {logging_mixin.py:190} INFO - [2026-03-31T20:02:28.105+0000] {dag.py:3239} INFO - Sync 1 DAGs
[2026-03-31T20:02:28.164+0000] {processor.py:208} INFO - Processing /opt/airflow/dags/ingestion_postgres_dag.py took 0.133 seconds
[2026-03-31T20:02:58.341+0000] {processor.py:186} INFO - Started process (PID=2259) to work on /opt/airflow/dags/ingestion_postgres_dag.py
[2026-03-31T20:02:58.346+0000] {processor.py:914} INFO - Processing file /opt/airflow/dags/ingestion_postgres_dag.py for tasks to queue
[2026-03-31T20:02:58.349+0000] {logging_mixin.py:190} INFO - [2026-03-31T20:02:58.348+0000] {dagbag.py:588} INFO - Filling up the DagBag from /opt/airflow/dags/ingestion_postgres_dag.py
[2026-03-31T20:02:58.379+0000] {processor.py:925} INFO - DAG(s) 'ingestion_postgres_tmdb' retrieved from /opt/airflow/dags/ingestion_postgres_dag.py
[2026-03-31T20:02:58.420+0000] {logging_mixin.py:190} INFO - [2026-03-31T20:02:58.420+0000] {dag.py:3239} INFO - Sync 1 DAGs
[2026-03-31T20:02:58.478+0000] {processor.py:208} INFO - Processing /opt/airflow/dags/ingestion_postgres_dag.py took 0.146 seconds
[2026-03-31T20:03:28.816+0000] {processor.py:186} INFO - Started process (PID=2269) to work on /opt/airflow/dags/ingestion_postgres_dag.py
[2026-03-31T20:03:28.817+0000] {processor.py:914} INFO - Processing file /opt/airflow/dags/ingestion_postgres_dag.py for tasks to queue
[2026-03-31T20:03:28.820+0000] {logging_mixin.py:190} INFO - [2026-03-31T20:03:28.819+0000] {dagbag.py:588} INFO - Filling up the DagBag from /opt/airflow/dags/ingestion_postgres_dag.py
[2026-03-31T20:03:28.844+0000] {processor.py:925} INFO - DAG(s) 'ingestion_postgres_tmdb' retrieved from /opt/airflow/dags/ingestion_postgres_dag.py
[2026-03-31T20:03:28.879+0000] {logging_mixin.py:190} INFO - [2026-03-31T20:03:28.879+0000] {dag.py:3239} INFO - Sync 1 DAGs
[2026-03-31T20:03:28.936+0000] {processor.py:208} INFO - Processing /opt/airflow/dags/ingestion_postgres_dag.py took 0.127 seconds
[2026-03-31T20:03:59.116+0000] {processor.py:186} INFO - Started process (PID=2279) to work on /opt/airflow/dags/ingestion_postgres_dag.py
[2026-03-31T20:03:59.118+0000] {processor.py:914} INFO - Processing file /opt/airflow/dags/ingestion_postgres_dag.py for tasks to queue
[2026-03-31T20:03:59.121+0000] {logging_mixin.py:190} INFO - [2026-03-31T20:03:59.121+0000] {dagbag.py:588} INFO - Filling up the DagBag from /opt/airflow/dags/ingestion_postgres_dag.py
[2026-03-31T20:03:59.150+0000] {processor.py:925} INFO - DAG(s) 'ingestion_postgres_tmdb' retrieved from /opt/airflow/dags/ingestion_postgres_dag.py
[2026-03-31T20:03:59.188+0000] {logging_mixin.py:190} INFO - [2026-03-31T20:03:59.188+0000] {dag.py:3239} INFO - Sync 1 DAGs
[2026-03-31T20:03:59.237+0000] {processor.py:208} INFO - Processing /opt/airflow/dags/ingestion_postgres_dag.py took 0.130 seconds
[2026-03-31T20:04:29.559+0000] {processor.py:186} INFO - Started process (PID=2289) to work on /opt/airflow/dags/ingestion_postgres_dag.py
[2026-03-31T20:04:29.560+0000] {processor.py:914} INFO - Processing file /opt/airflow/dags/ingestion_postgres_dag.py for tasks to queue
[2026-03-31T20:04:29.563+0000] {logging_mixin.py:190} INFO - [2026-03-31T20:04:29.563+0000] {dagbag.py:588} INFO - Filling up the DagBag from /opt/airflow/dags/ingestion_postgres_dag.py
[2026-03-31T20:04:29.587+0000] {processor.py:925} INFO - DAG(s) 'ingestion_postgres_tmdb' retrieved from /opt/airflow/dags/ingestion_postgres_dag.py
[2026-03-31T20:04:29.618+0000] {logging_mixin.py:190} INFO - [2026-03-31T20:04:29.618+0000] {dag.py:3239} INFO - Sync 1 DAGs
[2026-03-31T20:04:29.669+0000] {processor.py:208} INFO - Processing /opt/airflow/dags/ingestion_postgres_dag.py took 0.118 seconds
[2026-03-31T20:04:59.875+0000] {processor.py:186} INFO - Started process (PID=2299) to work on /opt/airflow/dags/ingestion_postgres_dag.py
[2026-03-31T20:04:59.876+0000] {processor.py:914} INFO - Processing file /opt/airflow/dags/ingestion_postgres_dag.py for tasks to queue
[2026-03-31T20:04:59.880+0000] {logging_mixin.py:190} INFO - [2026-03-31T20:04:59.880+0000] {dagbag.py:588} INFO - Filling up the DagBag from /opt/airflow/dags/ingestion_postgres_dag.py
[2026-03-31T20:04:59.920+0000] {processor.py:925} INFO - DAG(s) 'ingestion_postgres_tmdb' retrieved from /opt/airflow/dags/ingestion_postgres_dag.py
[2026-03-31T20:04:59.975+0000] {logging_mixin.py:190} INFO - [2026-03-31T20:04:59.975+0000] {dag.py:3239} INFO - Sync 1 DAGs
[2026-03-31T20:05:00.049+0000] {processor.py:208} INFO - Processing /opt/airflow/dags/ingestion_postgres_dag.py took 0.183 seconds
[2026-03-31T20:05:30.256+0000] {processor.py:186} INFO - Started process (PID=2309) to work on /opt/airflow/dags/ingestion_postgres_dag.py
[2026-03-31T20:05:30.258+0000] {processor.py:914} INFO - Processing file /opt/airflow/dags/ingestion_postgres_dag.py for tasks to queue
[2026-03-31T20:05:30.262+0000] {logging_mixin.py:190} INFO - [2026-03-31T20:05:30.262+0000] {dagbag.py:588} INFO - Filling up the DagBag from /opt/airflow/dags/ingestion_postgres_dag.py
[2026-03-31T20:05:30.287+0000] {processor.py:925} INFO - DAG(s) 'ingestion_postgres_tmdb' retrieved from /opt/airflow/dags/ingestion_postgres_dag.py
[2026-03-31T20:05:30.326+0000] {logging_mixin.py:190} INFO - [2026-03-31T20:05:30.326+0000] {dag.py:3239} INFO - Sync 1 DAGs
[2026-03-31T20:05:30.358+0000] {logging_mixin.py:190} INFO - [2026-03-31T20:05:30.357+0000] {dag.py:4180} INFO - Setting next_dagrun for ingestion_postgres_tmdb to 2026-03-02 10:00:00+00:00, run_after=2026-04-06 10:00:00+00:00
[2026-03-31T20:05:30.383+0000] {processor.py:208} INFO - Processing /opt/airflow/dags/ingestion_postgres_dag.py took 0.137 seconds
[2026-03-31T20:06:00.711+0000] {processor.py:186} INFO - Started process (PID=2319) to work on /opt/airflow/dags/ingestion_postgres_dag.py
[2026-03-31T20:06:00.712+0000] {processor.py:914} INFO - Processing file /opt/airflow/dags/ingestion_postgres_dag.py for tasks to queue
[2026-03-31T20:06:00.716+0000] {logging_mixin.py:190} INFO - [2026-03-31T20:06:00.715+0000] {dagbag.py:588} INFO - Filling up the DagBag from /opt/airflow/dags/ingestion_postgres_dag.py
[2026-03-31T20:06:00.742+0000] {processor.py:925} INFO - DAG(s) 'ingestion_postgres_tmdb' retrieved from /opt/airflow/dags/ingestion_postgres_dag.py
[2026-03-31T20:06:00.798+0000] {logging_mixin.py:190} INFO - [2026-03-31T20:06:00.797+0000] {dag.py:3239} INFO - Sync 1 DAGs
[2026-03-31T20:06:00.824+0000] {logging_mixin.py:190} INFO - [2026-03-31T20:06:00.824+0000] {dag.py:4180} INFO - Setting next_dagrun for ingestion_postgres_tmdb to 2026-03-02 10:00:00+00:00, run_after=2026-04-06 10:00:00+00:00
[2026-03-31T20:06:00.853+0000] {processor.py:208} INFO - Processing /opt/airflow/dags/ingestion_postgres_dag.py took 0.152 seconds
[2026-03-31T20:06:31.185+0000] {processor.py:186} INFO - Started process (PID=2329) to work on /opt/airflow/dags/ingestion_postgres_dag.py
[2026-03-31T20:06:31.186+0000] {processor.py:914} INFO - Processing file /opt/airflow/dags/ingestion_postgres_dag.py for tasks to queue
[2026-03-31T20:06:31.189+0000] {logging_mixin.py:190} INFO - [2026-03-31T20:06:31.188+0000] {dagbag.py:588} INFO - Filling up the DagBag from /opt/airflow/dags/ingestion_postgres_dag.py
[2026-03-31T20:06:31.212+0000] {processor.py:925} INFO - DAG(s) 'ingestion_postgres_tmdb' retrieved from /opt/airflow/dags/ingestion_postgres_dag.py
[2026-03-31T20:06:31.244+0000] {logging_mixin.py:190} INFO - [2026-03-31T20:06:31.244+0000] {dag.py:3239} INFO - Sync 1 DAGs
[2026-03-31T20:06:31.269+0000] {logging_mixin.py:190} INFO - [2026-03-31T20:06:31.269+0000] {dag.py:4180} INFO - Setting next_dagrun for ingestion_postgres_tmdb to 2026-03-02 10:00:00+00:00, run_after=2026-04-06 10:00:00+00:00
[2026-03-31T20:06:31.288+0000] {processor.py:208} INFO - Processing /opt/airflow/dags/ingestion_postgres_dag.py took 0.110 seconds
[2026-03-31T20:07:01.487+0000] {processor.py:186} INFO - Started process (PID=2339) to work on /opt/airflow/dags/ingestion_postgres_dag.py
[2026-03-31T20:07:01.488+0000] {processor.py:914} INFO - Processing file /opt/airflow/dags/ingestion_postgres_dag.py for tasks to queue
[2026-03-31T20:07:01.492+0000] {logging_mixin.py:190} INFO - [2026-03-31T20:07:01.491+0000] {dagbag.py:588} INFO - Filling up the DagBag from /opt/airflow/dags/ingestion_postgres_dag.py
[2026-03-31T20:07:01.520+0000] {processor.py:925} INFO - DAG(s) 'ingestion_postgres_tmdb' retrieved from /opt/airflow/dags/ingestion_postgres_dag.py
[2026-03-31T20:07:01.559+0000] {logging_mixin.py:190} INFO - [2026-03-31T20:07:01.559+0000] {dag.py:3239} INFO - Sync 1 DAGs
[2026-03-31T20:07:01.590+0000] {logging_mixin.py:190} INFO - [2026-03-31T20:07:01.590+0000] {dag.py:4180} INFO - Setting next_dagrun for ingestion_postgres_tmdb to 2026-03-02 10:00:00+00:00, run_after=2026-04-06 10:00:00+00:00
[2026-03-31T20:07:01.622+0000] {processor.py:208} INFO - Processing /opt/airflow/dags/ingestion_postgres_dag.py took 0.145 seconds
[2026-03-31T20:07:31.879+0000] {processor.py:186} INFO - Started process (PID=2349) to work on /opt/airflow/dags/ingestion_postgres_dag.py
[2026-03-31T20:07:31.880+0000] {processor.py:914} INFO - Processing file /opt/airflow/dags/ingestion_postgres_dag.py for tasks to queue
[2026-03-31T20:07:31.883+0000] {logging_mixin.py:190} INFO - [2026-03-31T20:07:31.883+0000] {dagbag.py:588} INFO - Filling up the DagBag from /opt/airflow/dags/ingestion_postgres_dag.py
[2026-03-31T20:07:31.909+0000] {processor.py:925} INFO - DAG(s) 'ingestion_postgres_tmdb' retrieved from /opt/airflow/dags/ingestion_postgres_dag.py
[2026-03-31T20:07:31.942+0000] {logging_mixin.py:190} INFO - [2026-03-31T20:07:31.942+0000] {dag.py:3239} INFO - Sync 1 DAGs
[2026-03-31T20:07:31.969+0000] {logging_mixin.py:190} INFO - [2026-03-31T20:07:31.969+0000] {dag.py:4180} INFO - Setting next_dagrun for ingestion_postgres_tmdb to 2026-03-02 10:00:00+00:00, run_after=2026-04-06 10:00:00+00:00
[2026-03-31T20:07:31.991+0000] {processor.py:208} INFO - Processing /opt/airflow/dags/ingestion_postgres_dag.py took 0.120 seconds
[2026-03-31T20:08:02.325+0000] {processor.py:186} INFO - Started process (PID=2359) to work on /opt/airflow/dags/ingestion_postgres_dag.py
[2026-03-31T20:08:02.326+0000] {processor.py:914} INFO - Processing file /opt/airflow/dags/ingestion_postgres_dag.py for tasks to queue
[2026-03-31T20:08:02.329+0000] {logging_mixin.py:190} INFO - [2026-03-31T20:08:02.329+0000] {dagbag.py:588} INFO - Filling up the DagBag from /opt/airflow/dags/ingestion_postgres_dag.py
[2026-03-31T20:08:02.352+0000] {processor.py:925} INFO - DAG(s) 'ingestion_postgres_tmdb' retrieved from /opt/airflow/dags/ingestion_postgres_dag.py
[2026-03-31T20:08:02.386+0000] {logging_mixin.py:190} INFO - [2026-03-31T20:08:02.386+0000] {dag.py:3239} INFO - Sync 1 DAGs
[2026-03-31T20:08:02.412+0000] {logging_mixin.py:190} INFO - [2026-03-31T20:08:02.412+0000] {dag.py:4180} INFO - Setting next_dagrun for ingestion_postgres_tmdb to 2026-03-02 10:00:00+00:00, run_after=2026-04-06 10:00:00+00:00
[2026-03-31T20:08:02.435+0000] {processor.py:208} INFO - Processing /opt/airflow/dags/ingestion_postgres_dag.py took 0.118 seconds
[2026-03-31T20:08:32.616+0000] {processor.py:186} INFO - Started process (PID=2369) to work on /opt/airflow/dags/ingestion_postgres_dag.py
[2026-03-31T20:08:32.617+0000] {processor.py:914} INFO - Processing file /opt/airflow/dags/ingestion_postgres_dag.py for tasks to queue
[2026-03-31T20:08:32.621+0000] {logging_mixin.py:190} INFO - [2026-03-31T20:08:32.620+0000] {dagbag.py:588} INFO - Filling up the DagBag from /opt/airflow/dags/ingestion_postgres_dag.py
[2026-03-31T20:08:32.649+0000] {processor.py:925} INFO - DAG(s) 'ingestion_postgres_tmdb' retrieved from /opt/airflow/dags/ingestion_postgres_dag.py
[2026-03-31T20:08:32.683+0000] {logging_mixin.py:190} INFO - [2026-03-31T20:08:32.683+0000] {dag.py:3239} INFO - Sync 1 DAGs
[2026-03-31T20:08:32.709+0000] {logging_mixin.py:190} INFO - [2026-03-31T20:08:32.708+0000] {dag.py:4180} INFO - Setting next_dagrun for ingestion_postgres_tmdb to 2026-03-02 10:00:00+00:00, run_after=2026-04-06 10:00:00+00:00
[2026-03-31T20:08:32.735+0000] {processor.py:208} INFO - Processing /opt/airflow/dags/ingestion_postgres_dag.py took 0.127 seconds
[2026-03-31T20:09:03.599+0000] {processor.py:186} INFO - Started process (PID=2379) to work on /opt/airflow/dags/ingestion_postgres_dag.py
[2026-03-31T20:09:03.601+0000] {processor.py:914} INFO - Processing file /opt/airflow/dags/ingestion_postgres_dag.py for tasks to queue
[2026-03-31T20:09:03.608+0000] {logging_mixin.py:190} INFO - [2026-03-31T20:09:03.608+0000] {dagbag.py:588} INFO - Filling up the DagBag from /opt/airflow/dags/ingestion_postgres_dag.py
[2026-03-31T20:09:03.640+0000] {processor.py:925} INFO - DAG(s) 'ingestion_postgres_tmdb' retrieved from /opt/airflow/dags/ingestion_postgres_dag.py
[2026-03-31T20:09:03.673+0000] {logging_mixin.py:190} INFO - [2026-03-31T20:09:03.673+0000] {dag.py:3239} INFO - Sync 1 DAGs
[2026-03-31T20:09:03.700+0000] {logging_mixin.py:190} INFO - [2026-03-31T20:09:03.700+0000] {dag.py:4180} INFO - Setting next_dagrun for ingestion_postgres_tmdb to 2026-03-02 10:00:00+00:00, run_after=2026-04-06 10:00:00+00:00
[2026-03-31T20:09:03.726+0000] {processor.py:208} INFO - Processing /opt/airflow/dags/ingestion_postgres_dag.py took 0.136 seconds
[2026-03-31T20:09:34.050+0000] {processor.py:186} INFO - Started process (PID=2389) to work on /opt/airflow/dags/ingestion_postgres_dag.py
[2026-03-31T20:09:34.051+0000] {processor.py:914} INFO - Processing file /opt/airflow/dags/ingestion_postgres_dag.py for tasks to queue
[2026-03-31T20:09:34.054+0000] {logging_mixin.py:190} INFO - [2026-03-31T20:09:34.054+0000] {dagbag.py:588} INFO - Filling up the DagBag from /opt/airflow/dags/ingestion_postgres_dag.py
[2026-03-31T20:09:34.075+0000] {processor.py:925} INFO - DAG(s) 'ingestion_postgres_tmdb' retrieved from /opt/airflow/dags/ingestion_postgres_dag.py
[2026-03-31T20:09:34.103+0000] {logging_mixin.py:190} INFO - [2026-03-31T20:09:34.102+0000] {dag.py:3239} INFO - Sync 1 DAGs
[2026-03-31T20:09:34.124+0000] {logging_mixin.py:190} INFO - [2026-03-31T20:09:34.124+0000] {dag.py:4180} INFO - Setting next_dagrun for ingestion_postgres_tmdb to 2026-03-02 10:00:00+00:00, run_after=2026-04-06 10:00:00+00:00
[2026-03-31T20:09:34.148+0000] {processor.py:208} INFO - Processing /opt/airflow/dags/ingestion_postgres_dag.py took 0.106 seconds
[2026-03-31T20:10:04.300+0000] {processor.py:186} INFO - Started process (PID=2399) to work on /opt/airflow/dags/ingestion_postgres_dag.py
[2026-03-31T20:10:04.301+0000] {processor.py:914} INFO - Processing file /opt/airflow/dags/ingestion_postgres_dag.py for tasks to queue
[2026-03-31T20:10:04.304+0000] {logging_mixin.py:190} INFO - [2026-03-31T20:10:04.304+0000] {dagbag.py:588} INFO - Filling up the DagBag from /opt/airflow/dags/ingestion_postgres_dag.py
[2026-03-31T20:10:04.338+0000] {processor.py:925} INFO - DAG(s) 'ingestion_postgres_tmdb' retrieved from /opt/airflow/dags/ingestion_postgres_dag.py
[2026-03-31T20:10:04.371+0000] {logging_mixin.py:190} INFO - [2026-03-31T20:10:04.370+0000] {dag.py:3239} INFO - Sync 1 DAGs
[2026-03-31T20:10:04.398+0000] {logging_mixin.py:190} INFO - [2026-03-31T20:10:04.398+0000] {dag.py:4180} INFO - Setting next_dagrun for ingestion_postgres_tmdb to 2026-03-02 10:00:00+00:00, run_after=2026-04-06 10:00:00+00:00
[2026-03-31T20:10:04.419+0000] {processor.py:208} INFO - Processing /opt/airflow/dags/ingestion_postgres_dag.py took 0.128 seconds
[2026-03-31T20:10:34.800+0000] {processor.py:186} INFO - Started process (PID=2409) to work on /opt/airflow/dags/ingestion_postgres_dag.py
[2026-03-31T20:10:34.802+0000] {processor.py:914} INFO - Processing file /opt/airflow/dags/ingestion_postgres_dag.py for tasks to queue
[2026-03-31T20:10:34.806+0000] {logging_mixin.py:190} INFO - [2026-03-31T20:10:34.806+0000] {dagbag.py:588} INFO - Filling up the DagBag from /opt/airflow/dags/ingestion_postgres_dag.py
[2026-03-31T20:10:34.830+0000] {processor.py:925} INFO - DAG(s) 'ingestion_postgres_tmdb' retrieved from /opt/airflow/dags/ingestion_postgres_dag.py
[2026-03-31T20:10:34.864+0000] {logging_mixin.py:190} INFO - [2026-03-31T20:10:34.864+0000] {dag.py:3239} INFO - Sync 1 DAGs
[2026-03-31T20:10:34.893+0000] {logging_mixin.py:190} INFO - [2026-03-31T20:10:34.893+0000] {dag.py:4180} INFO - Setting next_dagrun for ingestion_postgres_tmdb to 2026-03-02 10:00:00+00:00, run_after=2026-04-06 10:00:00+00:00
[2026-03-31T20:10:34.919+0000] {processor.py:208} INFO - Processing /opt/airflow/dags/ingestion_postgres_dag.py took 0.130 seconds
[2026-03-31T20:11:05.244+0000] {processor.py:186} INFO - Started process (PID=2419) to work on /opt/airflow/dags/ingestion_postgres_dag.py
[2026-03-31T20:11:05.245+0000] {processor.py:914} INFO - Processing file /opt/airflow/dags/ingestion_postgres_dag.py for tasks to queue
[2026-03-31T20:11:05.250+0000] {logging_mixin.py:190} INFO - [2026-03-31T20:11:05.250+0000] {dagbag.py:588} INFO - Filling up the DagBag from /opt/airflow/dags/ingestion_postgres_dag.py
[2026-03-31T20:11:05.279+0000] {processor.py:925} INFO - DAG(s) 'ingestion_postgres_tmdb' retrieved from /opt/airflow/dags/ingestion_postgres_dag.py
[2026-03-31T20:11:05.312+0000] {logging_mixin.py:190} INFO - [2026-03-31T20:11:05.312+0000] {dag.py:3239} INFO - Sync 1 DAGs
[2026-03-31T20:11:05.342+0000] {logging_mixin.py:190} INFO - [2026-03-31T20:11:05.341+0000] {dag.py:4180} INFO - Setting next_dagrun for ingestion_postgres_tmdb to 2026-03-02 10:00:00+00:00, run_after=2026-04-06 10:00:00+00:00
[2026-03-31T20:11:05.363+0000] {processor.py:208} INFO - Processing /opt/airflow/dags/ingestion_postgres_dag.py took 0.128 seconds
[2026-03-31T20:11:35.677+0000] {processor.py:186} INFO - Started process (PID=2429) to work on /opt/airflow/dags/ingestion_postgres_dag.py
[2026-03-31T20:11:35.679+0000] {processor.py:914} INFO - Processing file /opt/airflow/dags/ingestion_postgres_dag.py for tasks to queue
[2026-03-31T20:11:35.683+0000] {logging_mixin.py:190} INFO - [2026-03-31T20:11:35.682+0000] {dagbag.py:588} INFO - Filling up the DagBag from /opt/airflow/dags/ingestion_postgres_dag.py
[2026-03-31T20:11:35.710+0000] {processor.py:925} INFO - DAG(s) 'ingestion_postgres_tmdb' retrieved from /opt/airflow/dags/ingestion_postgres_dag.py
[2026-03-31T20:11:35.744+0000] {logging_mixin.py:190} INFO - [2026-03-31T20:11:35.744+0000] {dag.py:3239} INFO - Sync 1 DAGs
[2026-03-31T20:11:35.770+0000] {logging_mixin.py:190} INFO - [2026-03-31T20:11:35.770+0000] {dag.py:4180} INFO - Setting next_dagrun for ingestion_postgres_tmdb to 2026-03-02 10:00:00+00:00, run_after=2026-04-06 10:00:00+00:00
[2026-03-31T20:11:35.801+0000] {processor.py:208} INFO - Processing /opt/airflow/dags/ingestion_postgres_dag.py took 0.135 seconds
[2026-03-31T20:12:05.987+0000] {processor.py:186} INFO - Started process (PID=2439) to work on /opt/airflow/dags/ingestion_postgres_dag.py
[2026-03-31T20:12:05.988+0000] {processor.py:914} INFO - Processing file /opt/airflow/dags/ingestion_postgres_dag.py for tasks to queue
[2026-03-31T20:12:05.992+0000] {logging_mixin.py:190} INFO - [2026-03-31T20:12:05.992+0000] {dagbag.py:588} INFO - Filling up the DagBag from /opt/airflow/dags/ingestion_postgres_dag.py
[2026-03-31T20:12:06.014+0000] {processor.py:925} INFO - DAG(s) 'ingestion_postgres_tmdb' retrieved from /opt/airflow/dags/ingestion_postgres_dag.py
[2026-03-31T20:12:06.045+0000] {logging_mixin.py:190} INFO - [2026-03-31T20:12:06.045+0000] {dag.py:3239} INFO - Sync 1 DAGs
[2026-03-31T20:12:06.080+0000] {logging_mixin.py:190} INFO - [2026-03-31T20:12:06.079+0000] {dag.py:4180} INFO - Setting next_dagrun for ingestion_postgres_tmdb to 2026-03-02 10:00:00+00:00, run_after=2026-04-06 10:00:00+00:00
[2026-03-31T20:12:06.127+0000] {processor.py:208} INFO - Processing /opt/airflow/dags/ingestion_postgres_dag.py took 0.148 seconds
[2026-03-31T20:12:36.443+0000] {processor.py:186} INFO - Started process (PID=2449) to work on /opt/airflow/dags/ingestion_postgres_dag.py
[2026-03-31T20:12:36.445+0000] {processor.py:914} INFO - Processing file /opt/airflow/dags/ingestion_postgres_dag.py for tasks to queue
[2026-03-31T20:12:36.447+0000] {logging_mixin.py:190} INFO - [2026-03-31T20:12:36.447+0000] {dagbag.py:588} INFO - Filling up the DagBag from /opt/airflow/dags/ingestion_postgres_dag.py
[2026-03-31T20:12:36.468+0000] {processor.py:925} INFO - DAG(s) 'ingestion_postgres_tmdb' retrieved from /opt/airflow/dags/ingestion_postgres_dag.py
[2026-03-31T20:12:36.497+0000] {logging_mixin.py:190} INFO - [2026-03-31T20:12:36.497+0000] {dag.py:3239} INFO - Sync 1 DAGs
[2026-03-31T20:12:36.520+0000] {logging_mixin.py:190} INFO - [2026-03-31T20:12:36.520+0000] {dag.py:4180} INFO - Setting next_dagrun for ingestion_postgres_tmdb to 2026-03-02 10:00:00+00:00, run_after=2026-04-06 10:00:00+00:00
[2026-03-31T20:12:36.541+0000] {processor.py:208} INFO - Processing /opt/airflow/dags/ingestion_postgres_dag.py took 0.106 seconds
[2026-03-31T20:13:06.750+0000] {processor.py:186} INFO - Started process (PID=2459) to work on /opt/airflow/dags/ingestion_postgres_dag.py
[2026-03-31T20:13:06.751+0000] {processor.py:914} INFO - Processing file /opt/airflow/dags/ingestion_postgres_dag.py for tasks to queue
[2026-03-31T20:13:06.755+0000] {logging_mixin.py:190} INFO - [2026-03-31T20:13:06.755+0000] {dagbag.py:588} INFO - Filling up the DagBag from /opt/airflow/dags/ingestion_postgres_dag.py
[2026-03-31T20:13:06.781+0000] {processor.py:925} INFO - DAG(s) 'ingestion_postgres_tmdb' retrieved from /opt/airflow/dags/ingestion_postgres_dag.py
[2026-03-31T20:13:06.817+0000] {logging_mixin.py:190} INFO - [2026-03-31T20:13:06.816+0000] {dag.py:3239} INFO - Sync 1 DAGs
[2026-03-31T20:13:06.855+0000] {logging_mixin.py:190} INFO - [2026-03-31T20:13:06.855+0000] {dag.py:4180} INFO - Setting next_dagrun for ingestion_postgres_tmdb to 2026-03-02 10:00:00+00:00, run_after=2026-04-06 10:00:00+00:00
[2026-03-31T20:13:06.890+0000] {processor.py:208} INFO - Processing /opt/airflow/dags/ingestion_postgres_dag.py took 0.152 seconds
[2026-03-31T20:13:37.256+0000] {processor.py:186} INFO - Started process (PID=2469) to work on /opt/airflow/dags/ingestion_postgres_dag.py
[2026-03-31T20:13:37.257+0000] {processor.py:914} INFO - Processing file /opt/airflow/dags/ingestion_postgres_dag.py for tasks to queue
[2026-03-31T20:13:37.261+0000] {logging_mixin.py:190} INFO - [2026-03-31T20:13:37.260+0000] {dagbag.py:588} INFO - Filling up the DagBag from /opt/airflow/dags/ingestion_postgres_dag.py
[2026-03-31T20:13:37.283+0000] {processor.py:925} INFO - DAG(s) 'ingestion_postgres_tmdb' retrieved from /opt/airflow/dags/ingestion_postgres_dag.py
[2026-03-31T20:13:37.316+0000] {logging_mixin.py:190} INFO - [2026-03-31T20:13:37.316+0000] {dag.py:3239} INFO - Sync 1 DAGs
[2026-03-31T20:13:37.341+0000] {logging_mixin.py:190} INFO - [2026-03-31T20:13:37.341+0000] {dag.py:4180} INFO - Setting next_dagrun for ingestion_postgres_tmdb to 2026-03-02 10:00:00+00:00, run_after=2026-04-06 10:00:00+00:00
[2026-03-31T20:13:37.361+0000] {processor.py:208} INFO - Processing /opt/airflow/dags/ingestion_postgres_dag.py took 0.118 seconds
[2026-03-31T20:14:07.581+0000] {processor.py:186} INFO - Started process (PID=2479) to work on /opt/airflow/dags/ingestion_postgres_dag.py
[2026-03-31T20:14:07.583+0000] {processor.py:914} INFO - Processing file /opt/airflow/dags/ingestion_postgres_dag.py for tasks to queue
[2026-03-31T20:14:07.586+0000] {logging_mixin.py:190} INFO - [2026-03-31T20:14:07.586+0000] {dagbag.py:588} INFO - Filling up the DagBag from /opt/airflow/dags/ingestion_postgres_dag.py
[2026-03-31T20:14:07.629+0000] {processor.py:925} INFO - DAG(s) 'ingestion_postgres_tmdb' retrieved from /opt/airflow/dags/ingestion_postgres_dag.py
[2026-03-31T20:14:07.671+0000] {logging_mixin.py:190} INFO - [2026-03-31T20:14:07.670+0000] {dag.py:3239} INFO - Sync 1 DAGs
[2026-03-31T20:14:07.700+0000] {logging_mixin.py:190} INFO - [2026-03-31T20:14:07.699+0000] {dag.py:4180} INFO - Setting next_dagrun for ingestion_postgres_tmdb to 2026-03-02 10:00:00+00:00, run_after=2026-04-06 10:00:00+00:00
[2026-03-31T20:14:07.734+0000] {processor.py:208} INFO - Processing /opt/airflow/dags/ingestion_postgres_dag.py took 0.166 seconds
[2026-03-31T20:14:37.808+0000] {processor.py:186} INFO - Started process (PID=2489) to work on /opt/airflow/dags/ingestion_postgres_dag.py
[2026-03-31T20:14:37.810+0000] {processor.py:914} INFO - Processing file /opt/airflow/dags/ingestion_postgres_dag.py for tasks to queue
[2026-03-31T20:14:37.813+0000] {logging_mixin.py:190} INFO - [2026-03-31T20:14:37.813+0000] {dagbag.py:588} INFO - Filling up the DagBag from /opt/airflow/dags/ingestion_postgres_dag.py
[2026-03-31T20:14:37.838+0000] {processor.py:925} INFO - DAG(s) 'ingestion_postgres_tmdb' retrieved from /opt/airflow/dags/ingestion_postgres_dag.py
[2026-03-31T20:14:37.875+0000] {logging_mixin.py:190} INFO - [2026-03-31T20:14:37.875+0000] {dag.py:3239} INFO - Sync 1 DAGs
[2026-03-31T20:14:37.903+0000] {logging_mixin.py:190} INFO - [2026-03-31T20:14:37.903+0000] {dag.py:4180} INFO - Setting next_dagrun for ingestion_postgres_tmdb to 2026-03-02 10:00:00+00:00, run_after=2026-04-06 10:00:00+00:00
[2026-03-31T20:14:37.930+0000] {processor.py:208} INFO - Processing /opt/airflow/dags/ingestion_postgres_dag.py took 0.130 seconds
[2026-03-31T20:15:08.027+0000] {processor.py:186} INFO - Started process (PID=2499) to work on /opt/airflow/dags/ingestion_postgres_dag.py
[2026-03-31T20:15:08.028+0000] {processor.py:914} INFO - Processing file /opt/airflow/dags/ingestion_postgres_dag.py for tasks to queue
[2026-03-31T20:15:08.031+0000] {logging_mixin.py:190} INFO - [2026-03-31T20:15:08.030+0000] {dagbag.py:588} INFO - Filling up the DagBag from /opt/airflow/dags/ingestion_postgres_dag.py
[2026-03-31T20:15:08.052+0000] {processor.py:925} INFO - DAG(s) 'ingestion_postgres_tmdb' retrieved from /opt/airflow/dags/ingestion_postgres_dag.py
[2026-03-31T20:15:08.090+0000] {logging_mixin.py:190} INFO - [2026-03-31T20:15:08.090+0000] {dag.py:3239} INFO - Sync 1 DAGs
[2026-03-31T20:15:08.114+0000] {logging_mixin.py:190} INFO - [2026-03-31T20:15:08.114+0000] {dag.py:4180} INFO - Setting next_dagrun for ingestion_postgres_tmdb to 2026-03-02 10:00:00+00:00, run_after=2026-04-06 10:00:00+00:00
[2026-03-31T20:15:08.133+0000] {processor.py:208} INFO - Processing /opt/airflow/dags/ingestion_postgres_dag.py took 0.114 seconds
[2026-03-31T20:15:38.302+0000] {processor.py:186} INFO - Started process (PID=2509) to work on /opt/airflow/dags/ingestion_postgres_dag.py
[2026-03-31T20:15:38.303+0000] {processor.py:914} INFO - Processing file /opt/airflow/dags/ingestion_postgres_dag.py for tasks to queue
[2026-03-31T20:15:38.306+0000] {logging_mixin.py:190} INFO - [2026-03-31T20:15:38.306+0000] {dagbag.py:588} INFO - Filling up the DagBag from /opt/airflow/dags/ingestion_postgres_dag.py
[2026-03-31T20:15:38.336+0000] {processor.py:925} INFO - DAG(s) 'ingestion_postgres_tmdb' retrieved from /opt/airflow/dags/ingestion_postgres_dag.py
[2026-03-31T20:15:38.371+0000] {logging_mixin.py:190} INFO - [2026-03-31T20:15:38.371+0000] {dag.py:3239} INFO - Sync 1 DAGs
[2026-03-31T20:15:38.397+0000] {logging_mixin.py:190} INFO - [2026-03-31T20:15:38.397+0000] {dag.py:4180} INFO - Setting next_dagrun for ingestion_postgres_tmdb to 2026-03-02 10:00:00+00:00, run_after=2026-04-06 10:00:00+00:00
[2026-03-31T20:15:38.422+0000] {processor.py:208} INFO - Processing /opt/airflow/dags/ingestion_postgres_dag.py took 0.130 seconds
[2026-03-31T20:16:08.740+0000] {processor.py:186} INFO - Started process (PID=2519) to work on /opt/airflow/dags/ingestion_postgres_dag.py
[2026-03-31T20:16:08.741+0000] {processor.py:914} INFO - Processing file /opt/airflow/dags/ingestion_postgres_dag.py for tasks to queue
[2026-03-31T20:16:08.744+0000] {logging_mixin.py:190} INFO - [2026-03-31T20:16:08.744+0000] {dagbag.py:588} INFO - Filling up the DagBag from /opt/airflow/dags/ingestion_postgres_dag.py
[2026-03-31T20:16:08.766+0000] {processor.py:925} INFO - DAG(s) 'ingestion_postgres_tmdb' retrieved from /opt/airflow/dags/ingestion_postgres_dag.py
[2026-03-31T20:16:08.797+0000] {logging_mixin.py:190} INFO - [2026-03-31T20:16:08.796+0000] {dag.py:3239} INFO - Sync 1 DAGs
[2026-03-31T20:16:08.821+0000] {logging_mixin.py:190} INFO - [2026-03-31T20:16:08.820+0000] {dag.py:4180} INFO - Setting next_dagrun for ingestion_postgres_tmdb to 2026-03-02 10:00:00+00:00, run_after=2026-04-06 10:00:00+00:00
[2026-03-31T20:16:08.840+0000] {processor.py:208} INFO - Processing /opt/airflow/dags/ingestion_postgres_dag.py took 0.107 seconds
[2026-03-31T20:16:39.186+0000] {processor.py:186} INFO - Started process (PID=2529) to work on /opt/airflow/dags/ingestion_postgres_dag.py
[2026-03-31T20:16:39.187+0000] {processor.py:914} INFO - Processing file /opt/airflow/dags/ingestion_postgres_dag.py for tasks to queue
[2026-03-31T20:16:39.190+0000] {logging_mixin.py:190} INFO - [2026-03-31T20:16:39.190+0000] {dagbag.py:588} INFO - Filling up the DagBag from /opt/airflow/dags/ingestion_postgres_dag.py
[2026-03-31T20:16:39.218+0000] {processor.py:925} INFO - DAG(s) 'ingestion_postgres_tmdb' retrieved from /opt/airflow/dags/ingestion_postgres_dag.py
[2026-03-31T20:16:39.250+0000] {logging_mixin.py:190} INFO - [2026-03-31T20:16:39.250+0000] {dag.py:3239} INFO - Sync 1 DAGs
[2026-03-31T20:16:39.275+0000] {logging_mixin.py:190} INFO - [2026-03-31T20:16:39.275+0000] {dag.py:4180} INFO - Setting next_dagrun for ingestion_postgres_tmdb to 2026-03-02 10:00:00+00:00, run_after=2026-04-06 10:00:00+00:00
[2026-03-31T20:16:39.298+0000] {processor.py:208} INFO - Processing /opt/airflow/dags/ingestion_postgres_dag.py took 0.120 seconds
[2026-03-31T20:17:09.494+0000] {processor.py:186} INFO - Started process (PID=2539) to work on /opt/airflow/dags/ingestion_postgres_dag.py
[2026-03-31T20:17:09.496+0000] {processor.py:914} INFO - Processing file /opt/airflow/dags/ingestion_postgres_dag.py for tasks to queue
[2026-03-31T20:17:09.501+0000] {logging_mixin.py:190} INFO - [2026-03-31T20:17:09.500+0000] {dagbag.py:588} INFO - Filling up the DagBag from /opt/airflow/dags/ingestion_postgres_dag.py
[2026-03-31T20:17:09.530+0000] {processor.py:925} INFO - DAG(s) 'ingestion_postgres_tmdb' retrieved from /opt/airflow/dags/ingestion_postgres_dag.py
[2026-03-31T20:17:09.578+0000] {logging_mixin.py:190} INFO - [2026-03-31T20:17:09.578+0000] {dag.py:3239} INFO - Sync 1 DAGs
[2026-03-31T20:17:09.609+0000] {logging_mixin.py:190} INFO - [2026-03-31T20:17:09.609+0000] {dag.py:4180} INFO - Setting next_dagrun for ingestion_postgres_tmdb to 2026-03-02 10:00:00+00:00, run_after=2026-04-06 10:00:00+00:00
[2026-03-31T20:17:09.637+0000] {processor.py:208} INFO - Processing /opt/airflow/dags/ingestion_postgres_dag.py took 0.154 seconds
[2026-03-31T20:17:39.939+0000] {processor.py:186} INFO - Started process (PID=2549) to work on /opt/airflow/dags/ingestion_postgres_dag.py
[2026-03-31T20:17:39.940+0000] {processor.py:914} INFO - Processing file /opt/airflow/dags/ingestion_postgres_dag.py for tasks to queue
[2026-03-31T20:17:39.945+0000] {logging_mixin.py:190} INFO - [2026-03-31T20:17:39.944+0000] {dagbag.py:588} INFO - Filling up the DagBag from /opt/airflow/dags/ingestion_postgres_dag.py
[2026-03-31T20:17:39.979+0000] {processor.py:925} INFO - DAG(s) 'ingestion_postgres_tmdb' retrieved from /opt/airflow/dags/ingestion_postgres_dag.py
[2026-03-31T20:17:40.015+0000] {logging_mixin.py:190} INFO - [2026-03-31T20:17:40.015+0000] {dag.py:3239} INFO - Sync 1 DAGs
[2026-03-31T20:17:40.045+0000] {logging_mixin.py:190} INFO - [2026-03-31T20:17:40.045+0000] {dag.py:4180} INFO - Setting next_dagrun for ingestion_postgres_tmdb to 2026-03-02 10:00:00+00:00, run_after=2026-04-06 10:00:00+00:00
[2026-03-31T20:17:40.067+0000] {processor.py:208} INFO - Processing /opt/airflow/dags/ingestion_postgres_dag.py took 0.140 seconds
[2026-03-31T20:18:10.430+0000] {processor.py:186} INFO - Started process (PID=2559) to work on /opt/airflow/dags/ingestion_postgres_dag.py
[2026-03-31T20:18:10.435+0000] {processor.py:914} INFO - Processing file /opt/airflow/dags/ingestion_postgres_dag.py for tasks to queue
[2026-03-31T20:18:10.446+0000] {logging_mixin.py:190} INFO - [2026-03-31T20:18:10.445+0000] {dagbag.py:588} INFO - Filling up the DagBag from /opt/airflow/dags/ingestion_postgres_dag.py
[2026-03-31T20:18:10.503+0000] {processor.py:925} INFO - DAG(s) 'ingestion_postgres_tmdb' retrieved from /opt/airflow/dags/ingestion_postgres_dag.py
[2026-03-31T20:18:10.588+0000] {logging_mixin.py:190} INFO - [2026-03-31T20:18:10.588+0000] {dag.py:3239} INFO - Sync 1 DAGs
[2026-03-31T20:18:10.647+0000] {logging_mixin.py:190} INFO - [2026-03-31T20:18:10.647+0000] {dag.py:4180} INFO - Setting next_dagrun for ingestion_postgres_tmdb to 2026-03-02 10:00:00+00:00, run_after=2026-04-06 10:00:00+00:00
[2026-03-31T20:18:10.689+0000] {processor.py:208} INFO - Processing /opt/airflow/dags/ingestion_postgres_dag.py took 0.289 seconds
[2026-03-31T20:18:41.054+0000] {processor.py:186} INFO - Started process (PID=2569) to work on /opt/airflow/dags/ingestion_postgres_dag.py
[2026-03-31T20:18:41.055+0000] {processor.py:914} INFO - Processing file /opt/airflow/dags/ingestion_postgres_dag.py for tasks to queue
[2026-03-31T20:18:41.060+0000] {logging_mixin.py:190} INFO - [2026-03-31T20:18:41.059+0000] {dagbag.py:588} INFO - Filling up the DagBag from /opt/airflow/dags/ingestion_postgres_dag.py
[2026-03-31T20:18:41.112+0000] {processor.py:925} INFO - DAG(s) 'ingestion_postgres_tmdb' retrieved from /opt/airflow/dags/ingestion_postgres_dag.py
[2026-03-31T20:18:41.162+0000] {logging_mixin.py:190} INFO - [2026-03-31T20:18:41.162+0000] {dag.py:3239} INFO - Sync 1 DAGs
[2026-03-31T20:18:41.202+0000] {logging_mixin.py:190} INFO - [2026-03-31T20:18:41.201+0000] {dag.py:4180} INFO - Setting next_dagrun for ingestion_postgres_tmdb to 2026-03-02 10:00:00+00:00, run_after=2026-04-06 10:00:00+00:00
[2026-03-31T20:18:41.236+0000] {processor.py:208} INFO - Processing /opt/airflow/dags/ingestion_postgres_dag.py took 0.192 seconds
[2026-03-31T20:19:11.536+0000] {processor.py:186} INFO - Started process (PID=2579) to work on /opt/airflow/dags/ingestion_postgres_dag.py
[2026-03-31T20:19:11.537+0000] {processor.py:914} INFO - Processing file /opt/airflow/dags/ingestion_postgres_dag.py for tasks to queue
[2026-03-31T20:19:11.540+0000] {logging_mixin.py:190} INFO - [2026-03-31T20:19:11.540+0000] {dagbag.py:588} INFO - Filling up the DagBag from /opt/airflow/dags/ingestion_postgres_dag.py
[2026-03-31T20:19:11.564+0000] {processor.py:925} INFO - DAG(s) 'ingestion_postgres_tmdb' retrieved from /opt/airflow/dags/ingestion_postgres_dag.py
[2026-03-31T20:19:11.596+0000] {logging_mixin.py:190} INFO - [2026-03-31T20:19:11.596+0000] {dag.py:3239} INFO - Sync 1 DAGs
[2026-03-31T20:19:11.622+0000] {logging_mixin.py:190} INFO - [2026-03-31T20:19:11.622+0000] {dag.py:4180} INFO - Setting next_dagrun for ingestion_postgres_tmdb to 2026-03-02 10:00:00+00:00, run_after=2026-04-06 10:00:00+00:00
[2026-03-31T20:19:11.644+0000] {processor.py:208} INFO - Processing /opt/airflow/dags/ingestion_postgres_dag.py took 0.117 seconds
[2026-03-31T20:19:41.894+0000] {processor.py:186} INFO - Started process (PID=2589) to work on /opt/airflow/dags/ingestion_postgres_dag.py
[2026-03-31T20:19:41.895+0000] {processor.py:914} INFO - Processing file /opt/airflow/dags/ingestion_postgres_dag.py for tasks to queue
[2026-03-31T20:19:41.898+0000] {logging_mixin.py:190} INFO - [2026-03-31T20:19:41.898+0000] {dagbag.py:588} INFO - Filling up the DagBag from /opt/airflow/dags/ingestion_postgres_dag.py
[2026-03-31T20:19:41.924+0000] {processor.py:925} INFO - DAG(s) 'ingestion_postgres_tmdb' retrieved from /opt/airflow/dags/ingestion_postgres_dag.py
[2026-03-31T20:19:41.956+0000] {logging_mixin.py:190} INFO - [2026-03-31T20:19:41.955+0000] {dag.py:3239} INFO - Sync 1 DAGs
[2026-03-31T20:19:41.983+0000] {logging_mixin.py:190} INFO - [2026-03-31T20:19:41.983+0000] {dag.py:4180} INFO - Setting next_dagrun for ingestion_postgres_tmdb to 2026-03-02 10:00:00+00:00, run_after=2026-04-06 10:00:00+00:00
[2026-03-31T20:19:42.009+0000] {processor.py:208} INFO - Processing /opt/airflow/dags/ingestion_postgres_dag.py took 0.125 seconds
[2026-03-31T20:20:12.312+0000] {processor.py:186} INFO - Started process (PID=2599) to work on /opt/airflow/dags/ingestion_postgres_dag.py
[2026-03-31T20:20:12.313+0000] {processor.py:914} INFO - Processing file /opt/airflow/dags/ingestion_postgres_dag.py for tasks to queue
[2026-03-31T20:20:12.316+0000] {logging_mixin.py:190} INFO - [2026-03-31T20:20:12.316+0000] {dagbag.py:588} INFO - Filling up the DagBag from /opt/airflow/dags/ingestion_postgres_dag.py
[2026-03-31T20:20:12.340+0000] {processor.py:925} INFO - DAG(s) 'ingestion_postgres_tmdb' retrieved from /opt/airflow/dags/ingestion_postgres_dag.py
[2026-03-31T20:20:12.378+0000] {logging_mixin.py:190} INFO - [2026-03-31T20:20:12.378+0000] {dag.py:3239} INFO - Sync 1 DAGs
[2026-03-31T20:20:12.407+0000] {logging_mixin.py:190} INFO - [2026-03-31T20:20:12.407+0000] {dag.py:4180} INFO - Setting next_dagrun for ingestion_postgres_tmdb to 2026-03-02 10:00:00+00:00, run_after=2026-04-06 10:00:00+00:00
[2026-03-31T20:20:12.429+0000] {processor.py:208} INFO - Processing /opt/airflow/dags/ingestion_postgres_dag.py took 0.125 seconds
[2026-03-31T20:20:42.755+0000] {processor.py:186} INFO - Started process (PID=2609) to work on /opt/airflow/dags/ingestion_postgres_dag.py
[2026-03-31T20:20:42.756+0000] {processor.py:914} INFO - Processing file /opt/airflow/dags/ingestion_postgres_dag.py for tasks to queue
[2026-03-31T20:20:42.759+0000] {logging_mixin.py:190} INFO - [2026-03-31T20:20:42.759+0000] {dagbag.py:588} INFO - Filling up the DagBag from /opt/airflow/dags/ingestion_postgres_dag.py
[2026-03-31T20:20:42.786+0000] {processor.py:925} INFO - DAG(s) 'ingestion_postgres_tmdb' retrieved from /opt/airflow/dags/ingestion_postgres_dag.py
[2026-03-31T20:20:42.819+0000] {logging_mixin.py:190} INFO - [2026-03-31T20:20:42.819+0000] {dag.py:3239} INFO - Sync 1 DAGs
[2026-03-31T20:20:42.852+0000] {logging_mixin.py:190} INFO - [2026-03-31T20:20:42.852+0000] {dag.py:4180} INFO - Setting next_dagrun for ingestion_postgres_tmdb to 2026-03-02 10:00:00+00:00, run_after=2026-04-06 10:00:00+00:00
[2026-03-31T20:20:42.896+0000] {processor.py:208} INFO - Processing /opt/airflow/dags/ingestion_postgres_dag.py took 0.149 seconds
[2026-03-31T20:21:13.059+0000] {processor.py:186} INFO - Started process (PID=2619) to work on /opt/airflow/dags/ingestion_postgres_dag.py
[2026-03-31T20:21:13.061+0000] {processor.py:914} INFO - Processing file /opt/airflow/dags/ingestion_postgres_dag.py for tasks to queue
[2026-03-31T20:21:13.065+0000] {logging_mixin.py:190} INFO - [2026-03-31T20:21:13.065+0000] {dagbag.py:588} INFO - Filling up the DagBag from /opt/airflow/dags/ingestion_postgres_dag.py
[2026-03-31T20:21:13.090+0000] {processor.py:925} INFO - DAG(s) 'ingestion_postgres_tmdb' retrieved from /opt/airflow/dags/ingestion_postgres_dag.py
[2026-03-31T20:21:13.142+0000] {logging_mixin.py:190} INFO - [2026-03-31T20:21:13.141+0000] {dag.py:3239} INFO - Sync 1 DAGs
[2026-03-31T20:21:13.168+0000] {logging_mixin.py:190} INFO - [2026-03-31T20:21:13.168+0000] {dag.py:4180} INFO - Setting next_dagrun for ingestion_postgres_tmdb to 2026-03-02 10:00:00+00:00, run_after=2026-04-06 10:00:00+00:00
[2026-03-31T20:21:13.190+0000] {processor.py:208} INFO - Processing /opt/airflow/dags/ingestion_postgres_dag.py took 0.141 seconds
[2026-03-31T20:21:43.496+0000] {processor.py:186} INFO - Started process (PID=2629) to work on /opt/airflow/dags/ingestion_postgres_dag.py
[2026-03-31T20:21:43.498+0000] {processor.py:914} INFO - Processing file /opt/airflow/dags/ingestion_postgres_dag.py for tasks to queue
[2026-03-31T20:21:43.501+0000] {logging_mixin.py:190} INFO - [2026-03-31T20:21:43.501+0000] {dagbag.py:588} INFO - Filling up the DagBag from /opt/airflow/dags/ingestion_postgres_dag.py
[2026-03-31T20:21:43.528+0000] {processor.py:925} INFO - DAG(s) 'ingestion_postgres_tmdb' retrieved from /opt/airflow/dags/ingestion_postgres_dag.py
[2026-03-31T20:21:43.567+0000] {logging_mixin.py:190} INFO - [2026-03-31T20:21:43.566+0000] {dag.py:3239} INFO - Sync 1 DAGs
[2026-03-31T20:21:43.598+0000] {logging_mixin.py:190} INFO - [2026-03-31T20:21:43.598+0000] {dag.py:4180} INFO - Setting next_dagrun for ingestion_postgres_tmdb to 2026-03-02 10:00:00+00:00, run_after=2026-04-06 10:00:00+00:00
[2026-03-31T20:21:43.630+0000] {processor.py:208} INFO - Processing /opt/airflow/dags/ingestion_postgres_dag.py took 0.143 seconds
[2026-03-31T20:22:13.795+0000] {processor.py:186} INFO - Started process (PID=2639) to work on /opt/airflow/dags/ingestion_postgres_dag.py
[2026-03-31T20:22:13.797+0000] {processor.py:914} INFO - Processing file /opt/airflow/dags/ingestion_postgres_dag.py for tasks to queue
[2026-03-31T20:22:13.800+0000] {logging_mixin.py:190} INFO - [2026-03-31T20:22:13.799+0000] {dagbag.py:588} INFO - Filling up the DagBag from /opt/airflow/dags/ingestion_postgres_dag.py
[2026-03-31T20:22:13.824+0000] {processor.py:925} INFO - DAG(s) 'ingestion_postgres_tmdb' retrieved from /opt/airflow/dags/ingestion_postgres_dag.py
[2026-03-31T20:22:13.860+0000] {logging_mixin.py:190} INFO - [2026-03-31T20:22:13.860+0000] {dag.py:3239} INFO - Sync 1 DAGs
[2026-03-31T20:22:13.888+0000] {logging_mixin.py:190} INFO - [2026-03-31T20:22:13.887+0000] {dag.py:4180} INFO - Setting next_dagrun for ingestion_postgres_tmdb to 2026-03-02 10:00:00+00:00, run_after=2026-04-06 10:00:00+00:00
[2026-03-31T20:22:13.912+0000] {processor.py:208} INFO - Processing /opt/airflow/dags/ingestion_postgres_dag.py took 0.127 seconds
[2026-03-31T20:22:44.733+0000] {processor.py:186} INFO - Started process (PID=2649) to work on /opt/airflow/dags/ingestion_postgres_dag.py
[2026-03-31T20:22:44.734+0000] {processor.py:914} INFO - Processing file /opt/airflow/dags/ingestion_postgres_dag.py for tasks to queue
[2026-03-31T20:22:44.736+0000] {logging_mixin.py:190} INFO - [2026-03-31T20:22:44.736+0000] {dagbag.py:588} INFO - Filling up the DagBag from /opt/airflow/dags/ingestion_postgres_dag.py
[2026-03-31T20:22:44.757+0000] {processor.py:925} INFO - DAG(s) 'ingestion_postgres_tmdb' retrieved from /opt/airflow/dags/ingestion_postgres_dag.py
[2026-03-31T20:22:44.787+0000] {logging_mixin.py:190} INFO - [2026-03-31T20:22:44.787+0000] {dag.py:3239} INFO - Sync 1 DAGs
[2026-03-31T20:22:44.810+0000] {logging_mixin.py:190} INFO - [2026-03-31T20:22:44.810+0000] {dag.py:4180} INFO - Setting next_dagrun for ingestion_postgres_tmdb to 2026-03-02 10:00:00+00:00, run_after=2026-04-06 10:00:00+00:00
[2026-03-31T20:22:44.833+0000] {processor.py:208} INFO - Processing /opt/airflow/dags/ingestion_postgres_dag.py took 0.107 seconds
[2026-03-31T20:23:14.974+0000] {processor.py:186} INFO - Started process (PID=2659) to work on /opt/airflow/dags/ingestion_postgres_dag.py
[2026-03-31T20:23:14.975+0000] {processor.py:914} INFO - Processing file /opt/airflow/dags/ingestion_postgres_dag.py for tasks to queue
[2026-03-31T20:23:14.978+0000] {logging_mixin.py:190} INFO - [2026-03-31T20:23:14.978+0000] {dagbag.py:588} INFO - Filling up the DagBag from /opt/airflow/dags/ingestion_postgres_dag.py
[2026-03-31T20:23:15.003+0000] {processor.py:925} INFO - DAG(s) 'ingestion_postgres_tmdb' retrieved from /opt/airflow/dags/ingestion_postgres_dag.py
[2026-03-31T20:23:15.042+0000] {logging_mixin.py:190} INFO - [2026-03-31T20:23:15.041+0000] {dag.py:3239} INFO - Sync 1 DAGs
[2026-03-31T20:23:15.069+0000] {logging_mixin.py:190} INFO - [2026-03-31T20:23:15.069+0000] {dag.py:4180} INFO - Setting next_dagrun for ingestion_postgres_tmdb to 2026-03-02 10:00:00+00:00, run_after=2026-04-06 10:00:00+00:00
[2026-03-31T20:23:15.096+0000] {processor.py:208} INFO - Processing /opt/airflow/dags/ingestion_postgres_dag.py took 0.131 seconds
[2026-03-31T20:23:45.477+0000] {processor.py:186} INFO - Started process (PID=2669) to work on /opt/airflow/dags/ingestion_postgres_dag.py
[2026-03-31T20:23:45.479+0000] {processor.py:914} INFO - Processing file /opt/airflow/dags/ingestion_postgres_dag.py for tasks to queue
[2026-03-31T20:23:45.483+0000] {logging_mixin.py:190} INFO - [2026-03-31T20:23:45.483+0000] {dagbag.py:588} INFO - Filling up the DagBag from /opt/airflow/dags/ingestion_postgres_dag.py
[2026-03-31T20:23:45.503+0000] {processor.py:925} INFO - DAG(s) 'ingestion_postgres_tmdb' retrieved from /opt/airflow/dags/ingestion_postgres_dag.py
[2026-03-31T20:23:45.533+0000] {logging_mixin.py:190} INFO - [2026-03-31T20:23:45.533+0000] {dag.py:3239} INFO - Sync 1 DAGs
[2026-03-31T20:23:45.559+0000] {logging_mixin.py:190} INFO - [2026-03-31T20:23:45.558+0000] {dag.py:4180} INFO - Setting next_dagrun for ingestion_postgres_tmdb to 2026-03-02 10:00:00+00:00, run_after=2026-04-06 10:00:00+00:00
[2026-03-31T20:23:45.580+0000] {processor.py:208} INFO - Processing /opt/airflow/dags/ingestion_postgres_dag.py took 0.110 seconds
[2026-03-31T20:24:15.853+0000] {processor.py:186} INFO - Started process (PID=2679) to work on /opt/airflow/dags/ingestion_postgres_dag.py
[2026-03-31T20:24:15.855+0000] {processor.py:914} INFO - Processing file /opt/airflow/dags/ingestion_postgres_dag.py for tasks to queue
[2026-03-31T20:24:15.860+0000] {logging_mixin.py:190} INFO - [2026-03-31T20:24:15.859+0000] {dagbag.py:588} INFO - Filling up the DagBag from /opt/airflow/dags/ingestion_postgres_dag.py
[2026-03-31T20:24:15.888+0000] {processor.py:925} INFO - DAG(s) 'ingestion_postgres_tmdb' retrieved from /opt/airflow/dags/ingestion_postgres_dag.py
[2026-03-31T20:24:15.922+0000] {logging_mixin.py:190} INFO - [2026-03-31T20:24:15.922+0000] {dag.py:3239} INFO - Sync 1 DAGs
[2026-03-31T20:24:15.950+0000] {logging_mixin.py:190} INFO - [2026-03-31T20:24:15.950+0000] {dag.py:4180} INFO - Setting next_dagrun for ingestion_postgres_tmdb to 2026-03-02 10:00:00+00:00, run_after=2026-04-06 10:00:00+00:00
[2026-03-31T20:24:15.974+0000] {processor.py:208} INFO - Processing /opt/airflow/dags/ingestion_postgres_dag.py took 0.131 seconds
[2026-03-31T20:24:46.322+0000] {processor.py:186} INFO - Started process (PID=2689) to work on /opt/airflow/dags/ingestion_postgres_dag.py
[2026-03-31T20:24:46.324+0000] {processor.py:914} INFO - Processing file /opt/airflow/dags/ingestion_postgres_dag.py for tasks to queue
[2026-03-31T20:24:46.327+0000] {logging_mixin.py:190} INFO - [2026-03-31T20:24:46.327+0000] {dagbag.py:588} INFO - Filling up the DagBag from /opt/airflow/dags/ingestion_postgres_dag.py
[2026-03-31T20:24:46.347+0000] {processor.py:925} INFO - DAG(s) 'ingestion_postgres_tmdb' retrieved from /opt/airflow/dags/ingestion_postgres_dag.py
[2026-03-31T20:24:46.381+0000] {logging_mixin.py:190} INFO - [2026-03-31T20:24:46.381+0000] {dag.py:3239} INFO - Sync 1 DAGs
[2026-03-31T20:24:46.420+0000] {logging_mixin.py:190} INFO - [2026-03-31T20:24:46.420+0000] {dag.py:4180} INFO - Setting next_dagrun for ingestion_postgres_tmdb to 2026-03-02 10:00:00+00:00, run_after=2026-04-06 10:00:00+00:00
[2026-03-31T20:24:46.457+0000] {processor.py:208} INFO - Processing /opt/airflow/dags/ingestion_postgres_dag.py took 0.143 seconds
[2026-03-31T20:25:16.664+0000] {processor.py:186} INFO - Started process (PID=2699) to work on /opt/airflow/dags/ingestion_postgres_dag.py
[2026-03-31T20:25:16.667+0000] {processor.py:914} INFO - Processing file /opt/airflow/dags/ingestion_postgres_dag.py for tasks to queue
[2026-03-31T20:25:16.673+0000] {logging_mixin.py:190} INFO - [2026-03-31T20:25:16.672+0000] {dagbag.py:588} INFO - Filling up the DagBag from /opt/airflow/dags/ingestion_postgres_dag.py
[2026-03-31T20:25:16.703+0000] {processor.py:925} INFO - DAG(s) 'ingestion_postgres_tmdb' retrieved from /opt/airflow/dags/ingestion_postgres_dag.py
[2026-03-31T20:25:16.782+0000] {logging_mixin.py:190} INFO - [2026-03-31T20:25:16.782+0000] {dag.py:3239} INFO - Sync 1 DAGs
[2026-03-31T20:25:16.818+0000] {logging_mixin.py:190} INFO - [2026-03-31T20:25:16.818+0000] {dag.py:4180} INFO - Setting next_dagrun for ingestion_postgres_tmdb to 2026-03-02 10:00:00+00:00, run_after=2026-04-06 10:00:00+00:00
[2026-03-31T20:25:16.860+0000] {processor.py:208} INFO - Processing /opt/airflow/dags/ingestion_postgres_dag.py took 0.211 seconds
[2026-03-31T20:25:47.236+0000] {processor.py:186} INFO - Started process (PID=2709) to work on /opt/airflow/dags/ingestion_postgres_dag.py
[2026-03-31T20:25:47.237+0000] {processor.py:914} INFO - Processing file /opt/airflow/dags/ingestion_postgres_dag.py for tasks to queue
[2026-03-31T20:25:47.241+0000] {logging_mixin.py:190} INFO - [2026-03-31T20:25:47.240+0000] {dagbag.py:588} INFO - Filling up the DagBag from /opt/airflow/dags/ingestion_postgres_dag.py
[2026-03-31T20:25:47.268+0000] {processor.py:925} INFO - DAG(s) 'ingestion_postgres_tmdb' retrieved from /opt/airflow/dags/ingestion_postgres_dag.py
[2026-03-31T20:25:47.302+0000] {logging_mixin.py:190} INFO - [2026-03-31T20:25:47.302+0000] {dag.py:3239} INFO - Sync 1 DAGs
[2026-03-31T20:25:47.337+0000] {logging_mixin.py:190} INFO - [2026-03-31T20:25:47.336+0000] {dag.py:4180} INFO - Setting next_dagrun for ingestion_postgres_tmdb to 2026-03-02 10:00:00+00:00, run_after=2026-04-06 10:00:00+00:00
[2026-03-31T20:25:47.370+0000] {processor.py:208} INFO - Processing /opt/airflow/dags/ingestion_postgres_dag.py took 0.143 seconds
[2026-03-31T20:26:17.517+0000] {processor.py:186} INFO - Started process (PID=2719) to work on /opt/airflow/dags/ingestion_postgres_dag.py
[2026-03-31T20:26:17.519+0000] {processor.py:914} INFO - Processing file /opt/airflow/dags/ingestion_postgres_dag.py for tasks to queue
[2026-03-31T20:26:17.522+0000] {logging_mixin.py:190} INFO - [2026-03-31T20:26:17.522+0000] {dagbag.py:588} INFO - Filling up the DagBag from /opt/airflow/dags/ingestion_postgres_dag.py
[2026-03-31T20:26:17.547+0000] {processor.py:925} INFO - DAG(s) 'ingestion_postgres_tmdb' retrieved from /opt/airflow/dags/ingestion_postgres_dag.py
[2026-03-31T20:26:17.577+0000] {logging_mixin.py:190} INFO - [2026-03-31T20:26:17.577+0000] {dag.py:3239} INFO - Sync 1 DAGs
[2026-03-31T20:26:17.600+0000] {logging_mixin.py:190} INFO - [2026-03-31T20:26:17.600+0000] {dag.py:4180} INFO - Setting next_dagrun for ingestion_postgres_tmdb to 2026-03-02 10:00:00+00:00, run_after=2026-04-06 10:00:00+00:00
[2026-03-31T20:26:17.620+0000] {processor.py:208} INFO - Processing /opt/airflow/dags/ingestion_postgres_dag.py took 0.111 seconds
[2026-03-31T20:26:47.829+0000] {processor.py:186} INFO - Started process (PID=2729) to work on /opt/airflow/dags/ingestion_postgres_dag.py
[2026-03-31T20:26:47.831+0000] {processor.py:914} INFO - Processing file /opt/airflow/dags/ingestion_postgres_dag.py for tasks to queue
[2026-03-31T20:26:47.835+0000] {logging_mixin.py:190} INFO - [2026-03-31T20:26:47.834+0000] {dagbag.py:588} INFO - Filling up the DagBag from /opt/airflow/dags/ingestion_postgres_dag.py
[2026-03-31T20:26:47.856+0000] {processor.py:925} INFO - DAG(s) 'ingestion_postgres_tmdb' retrieved from /opt/airflow/dags/ingestion_postgres_dag.py
[2026-03-31T20:26:47.886+0000] {logging_mixin.py:190} INFO - [2026-03-31T20:26:47.886+0000] {dag.py:3239} INFO - Sync 1 DAGs
[2026-03-31T20:26:47.915+0000] {logging_mixin.py:190} INFO - [2026-03-31T20:26:47.915+0000] {dag.py:4180} INFO - Setting next_dagrun for ingestion_postgres_tmdb to 2026-03-02 10:00:00+00:00, run_after=2026-04-06 10:00:00+00:00
[2026-03-31T20:26:47.969+0000] {processor.py:208} INFO - Processing /opt/airflow/dags/ingestion_postgres_dag.py took 0.156 seconds
[2026-03-31T20:27:18.333+0000] {processor.py:186} INFO - Started process (PID=2739) to work on /opt/airflow/dags/ingestion_postgres_dag.py
[2026-03-31T20:27:18.334+0000] {processor.py:914} INFO - Processing file /opt/airflow/dags/ingestion_postgres_dag.py for tasks to queue
[2026-03-31T20:27:18.337+0000] {logging_mixin.py:190} INFO - [2026-03-31T20:27:18.337+0000] {dagbag.py:588} INFO - Filling up the DagBag from /opt/airflow/dags/ingestion_postgres_dag.py
[2026-03-31T20:27:18.367+0000] {processor.py:925} INFO - DAG(s) 'ingestion_postgres_tmdb' retrieved from /opt/airflow/dags/ingestion_postgres_dag.py
[2026-03-31T20:27:18.404+0000] {logging_mixin.py:190} INFO - [2026-03-31T20:27:18.403+0000] {dag.py:3239} INFO - Sync 1 DAGs
[2026-03-31T20:27:18.435+0000] {logging_mixin.py:190} INFO - [2026-03-31T20:27:18.435+0000] {dag.py:4180} INFO - Setting next_dagrun for ingestion_postgres_tmdb to 2026-03-02 10:00:00+00:00, run_after=2026-04-06 10:00:00+00:00
[2026-03-31T20:27:18.459+0000] {processor.py:208} INFO - Processing /opt/airflow/dags/ingestion_postgres_dag.py took 0.135 seconds
[2026-03-31T20:27:49.287+0000] {processor.py:186} INFO - Started process (PID=2749) to work on /opt/airflow/dags/ingestion_postgres_dag.py
[2026-03-31T20:27:49.288+0000] {processor.py:914} INFO - Processing file /opt/airflow/dags/ingestion_postgres_dag.py for tasks to queue
[2026-03-31T20:27:49.292+0000] {logging_mixin.py:190} INFO - [2026-03-31T20:27:49.292+0000] {dagbag.py:588} INFO - Filling up the DagBag from /opt/airflow/dags/ingestion_postgres_dag.py
[2026-03-31T20:27:49.323+0000] {processor.py:925} INFO - DAG(s) 'ingestion_postgres_tmdb' retrieved from /opt/airflow/dags/ingestion_postgres_dag.py
[2026-03-31T20:27:49.358+0000] {logging_mixin.py:190} INFO - [2026-03-31T20:27:49.357+0000] {dag.py:3239} INFO - Sync 1 DAGs
[2026-03-31T20:27:49.389+0000] {logging_mixin.py:190} INFO - [2026-03-31T20:27:49.389+0000] {dag.py:4180} INFO - Setting next_dagrun for ingestion_postgres_tmdb to 2026-03-02 10:00:00+00:00, run_after=2026-04-06 10:00:00+00:00
[2026-03-31T20:27:49.419+0000] {processor.py:208} INFO - Processing /opt/airflow/dags/ingestion_postgres_dag.py took 0.140 seconds
[2026-03-31T20:28:19.760+0000] {processor.py:186} INFO - Started process (PID=2759) to work on /opt/airflow/dags/ingestion_postgres_dag.py
[2026-03-31T20:28:19.761+0000] {processor.py:914} INFO - Processing file /opt/airflow/dags/ingestion_postgres_dag.py for tasks to queue
[2026-03-31T20:28:19.763+0000] {logging_mixin.py:190} INFO - [2026-03-31T20:28:19.763+0000] {dagbag.py:588} INFO - Filling up the DagBag from /opt/airflow/dags/ingestion_postgres_dag.py
[2026-03-31T20:28:19.792+0000] {processor.py:925} INFO - DAG(s) 'ingestion_postgres_tmdb' retrieved from /opt/airflow/dags/ingestion_postgres_dag.py
[2026-03-31T20:28:19.831+0000] {logging_mixin.py:190} INFO - [2026-03-31T20:28:19.830+0000] {dag.py:3239} INFO - Sync 1 DAGs
[2026-03-31T20:28:19.862+0000] {logging_mixin.py:190} INFO - [2026-03-31T20:28:19.862+0000] {dag.py:4180} INFO - Setting next_dagrun for ingestion_postgres_tmdb to 2026-03-02 10:00:00+00:00, run_after=2026-04-06 10:00:00+00:00
[2026-03-31T20:28:19.891+0000] {processor.py:208} INFO - Processing /opt/airflow/dags/ingestion_postgres_dag.py took 0.142 seconds
[2026-03-31T20:28:50.228+0000] {processor.py:186} INFO - Started process (PID=2769) to work on /opt/airflow/dags/ingestion_postgres_dag.py
[2026-03-31T20:28:50.230+0000] {processor.py:914} INFO - Processing file /opt/airflow/dags/ingestion_postgres_dag.py for tasks to queue
[2026-03-31T20:28:50.232+0000] {logging_mixin.py:190} INFO - [2026-03-31T20:28:50.232+0000] {dagbag.py:588} INFO - Filling up the DagBag from /opt/airflow/dags/ingestion_postgres_dag.py
[2026-03-31T20:28:50.252+0000] {processor.py:925} INFO - DAG(s) 'ingestion_postgres_tmdb' retrieved from /opt/airflow/dags/ingestion_postgres_dag.py
[2026-03-31T20:28:50.280+0000] {logging_mixin.py:190} INFO - [2026-03-31T20:28:50.280+0000] {dag.py:3239} INFO - Sync 1 DAGs
[2026-03-31T20:28:50.303+0000] {logging_mixin.py:190} INFO - [2026-03-31T20:28:50.303+0000] {dag.py:4180} INFO - Setting next_dagrun for ingestion_postgres_tmdb to 2026-03-02 10:00:00+00:00, run_after=2026-04-06 10:00:00+00:00
[2026-03-31T20:28:50.326+0000] {processor.py:208} INFO - Processing /opt/airflow/dags/ingestion_postgres_dag.py took 0.106 seconds
[2026-03-31T20:29:20.558+0000] {processor.py:186} INFO - Started process (PID=2779) to work on /opt/airflow/dags/ingestion_postgres_dag.py
[2026-03-31T20:29:20.559+0000] {processor.py:914} INFO - Processing file /opt/airflow/dags/ingestion_postgres_dag.py for tasks to queue
[2026-03-31T20:29:20.562+0000] {logging_mixin.py:190} INFO - [2026-03-31T20:29:20.562+0000] {dagbag.py:588} INFO - Filling up the DagBag from /opt/airflow/dags/ingestion_postgres_dag.py
[2026-03-31T20:29:20.583+0000] {processor.py:925} INFO - DAG(s) 'ingestion_postgres_tmdb' retrieved from /opt/airflow/dags/ingestion_postgres_dag.py
[2026-03-31T20:29:20.614+0000] {logging_mixin.py:190} INFO - [2026-03-31T20:29:20.614+0000] {dag.py:3239} INFO - Sync 1 DAGs
[2026-03-31T20:29:20.638+0000] {logging_mixin.py:190} INFO - [2026-03-31T20:29:20.638+0000] {dag.py:4180} INFO - Setting next_dagrun for ingestion_postgres_tmdb to 2026-03-02 10:00:00+00:00, run_after=2026-04-06 10:00:00+00:00
[2026-03-31T20:29:20.658+0000] {processor.py:208} INFO - Processing /opt/airflow/dags/ingestion_postgres_dag.py took 0.108 seconds
[2026-03-31T20:29:50.987+0000] {processor.py:186} INFO - Started process (PID=2789) to work on /opt/airflow/dags/ingestion_postgres_dag.py
[2026-03-31T20:29:50.988+0000] {processor.py:914} INFO - Processing file /opt/airflow/dags/ingestion_postgres_dag.py for tasks to queue
[2026-03-31T20:29:50.991+0000] {logging_mixin.py:190} INFO - [2026-03-31T20:29:50.991+0000] {dagbag.py:588} INFO - Filling up the DagBag from /opt/airflow/dags/ingestion_postgres_dag.py
[2026-03-31T20:29:51.019+0000] {processor.py:925} INFO - DAG(s) 'ingestion_postgres_tmdb' retrieved from /opt/airflow/dags/ingestion_postgres_dag.py
[2026-03-31T20:29:51.055+0000] {logging_mixin.py:190} INFO - [2026-03-31T20:29:51.055+0000] {dag.py:3239} INFO - Sync 1 DAGs
[2026-03-31T20:29:51.088+0000] {logging_mixin.py:190} INFO - [2026-03-31T20:29:51.087+0000] {dag.py:4180} INFO - Setting next_dagrun for ingestion_postgres_tmdb to 2026-03-02 10:00:00+00:00, run_after=2026-04-06 10:00:00+00:00
[2026-03-31T20:29:51.116+0000] {processor.py:208} INFO - Processing /opt/airflow/dags/ingestion_postgres_dag.py took 0.141 seconds
[2026-03-31T20:30:21.441+0000] {processor.py:186} INFO - Started process (PID=2799) to work on /opt/airflow/dags/ingestion_postgres_dag.py
[2026-03-31T20:30:21.442+0000] {processor.py:914} INFO - Processing file /opt/airflow/dags/ingestion_postgres_dag.py for tasks to queue
[2026-03-31T20:30:21.445+0000] {logging_mixin.py:190} INFO - [2026-03-31T20:30:21.445+0000] {dagbag.py:588} INFO - Filling up the DagBag from /opt/airflow/dags/ingestion_postgres_dag.py
[2026-03-31T20:30:21.468+0000] {processor.py:925} INFO - DAG(s) 'ingestion_postgres_tmdb' retrieved from /opt/airflow/dags/ingestion_postgres_dag.py
[2026-03-31T20:30:21.499+0000] {logging_mixin.py:190} INFO - [2026-03-31T20:30:21.498+0000] {dag.py:3239} INFO - Sync 1 DAGs
[2026-03-31T20:30:21.527+0000] {logging_mixin.py:190} INFO - [2026-03-31T20:30:21.526+0000] {dag.py:4180} INFO - Setting next_dagrun for ingestion_postgres_tmdb to 2026-03-02 10:00:00+00:00, run_after=2026-04-06 10:00:00+00:00
[2026-03-31T20:30:21.548+0000] {processor.py:208} INFO - Processing /opt/airflow/dags/ingestion_postgres_dag.py took 0.114 seconds
[2026-03-31T20:30:51.876+0000] {processor.py:186} INFO - Started process (PID=2809) to work on /opt/airflow/dags/ingestion_postgres_dag.py
[2026-03-31T20:30:51.877+0000] {processor.py:914} INFO - Processing file /opt/airflow/dags/ingestion_postgres_dag.py for tasks to queue
[2026-03-31T20:30:51.880+0000] {logging_mixin.py:190} INFO - [2026-03-31T20:30:51.880+0000] {dagbag.py:588} INFO - Filling up the DagBag from /opt/airflow/dags/ingestion_postgres_dag.py
[2026-03-31T20:30:51.910+0000] {processor.py:925} INFO - DAG(s) 'ingestion_postgres_tmdb' retrieved from /opt/airflow/dags/ingestion_postgres_dag.py
[2026-03-31T20:30:51.943+0000] {logging_mixin.py:190} INFO - [2026-03-31T20:30:51.943+0000] {dag.py:3239} INFO - Sync 1 DAGs
[2026-03-31T20:30:51.970+0000] {logging_mixin.py:190} INFO - [2026-03-31T20:30:51.970+0000] {dag.py:4180} INFO - Setting next_dagrun for ingestion_postgres_tmdb to 2026-03-02 10:00:00+00:00, run_after=2026-04-06 10:00:00+00:00
[2026-03-31T20:30:51.991+0000] {processor.py:208} INFO - Processing /opt/airflow/dags/ingestion_postgres_dag.py took 0.124 seconds
[2026-03-31T20:31:22.199+0000] {processor.py:186} INFO - Started process (PID=2819) to work on /opt/airflow/dags/ingestion_postgres_dag.py
[2026-03-31T20:31:22.201+0000] {processor.py:914} INFO - Processing file /opt/airflow/dags/ingestion_postgres_dag.py for tasks to queue
[2026-03-31T20:31:22.204+0000] {logging_mixin.py:190} INFO - [2026-03-31T20:31:22.203+0000] {dagbag.py:588} INFO - Filling up the DagBag from /opt/airflow/dags/ingestion_postgres_dag.py
[2026-03-31T20:31:22.234+0000] {processor.py:925} INFO - DAG(s) 'ingestion_postgres_tmdb' retrieved from /opt/airflow/dags/ingestion_postgres_dag.py
[2026-03-31T20:31:22.271+0000] {logging_mixin.py:190} INFO - [2026-03-31T20:31:22.271+0000] {dag.py:3239} INFO - Sync 1 DAGs
[2026-03-31T20:31:22.300+0000] {logging_mixin.py:190} INFO - [2026-03-31T20:31:22.300+0000] {dag.py:4180} INFO - Setting next_dagrun for ingestion_postgres_tmdb to 2026-03-02 10:00:00+00:00, run_after=2026-04-06 10:00:00+00:00
[2026-03-31T20:31:22.322+0000] {processor.py:208} INFO - Processing /opt/airflow/dags/ingestion_postgres_dag.py took 0.133 seconds
[2026-03-31T20:31:53.384+0000] {processor.py:186} INFO - Started process (PID=2829) to work on /opt/airflow/dags/ingestion_postgres_dag.py
[2026-03-31T20:31:53.386+0000] {processor.py:914} INFO - Processing file /opt/airflow/dags/ingestion_postgres_dag.py for tasks to queue
[2026-03-31T20:31:53.391+0000] {logging_mixin.py:190} INFO - [2026-03-31T20:31:53.390+0000] {dagbag.py:588} INFO - Filling up the DagBag from /opt/airflow/dags/ingestion_postgres_dag.py
[2026-03-31T20:31:53.433+0000] {processor.py:925} INFO - DAG(s) 'ingestion_postgres_tmdb' retrieved from /opt/airflow/dags/ingestion_postgres_dag.py
[2026-03-31T20:31:53.480+0000] {logging_mixin.py:190} INFO - [2026-03-31T20:31:53.479+0000] {dag.py:3239} INFO - Sync 1 DAGs
[2026-03-31T20:31:53.516+0000] {logging_mixin.py:190} INFO - [2026-03-31T20:31:53.513+0000] {dag.py:4180} INFO - Setting next_dagrun for ingestion_postgres_tmdb to 2026-03-02 10:00:00+00:00, run_after=2026-04-06 10:00:00+00:00
[2026-03-31T20:31:53.546+0000] {processor.py:208} INFO - Processing /opt/airflow/dags/ingestion_postgres_dag.py took 0.174 seconds
[2026-03-31T20:32:24.160+0000] {processor.py:186} INFO - Started process (PID=2839) to work on /opt/airflow/dags/ingestion_postgres_dag.py
[2026-03-31T20:32:24.161+0000] {processor.py:914} INFO - Processing file /opt/airflow/dags/ingestion_postgres_dag.py for tasks to queue
[2026-03-31T20:32:24.164+0000] {logging_mixin.py:190} INFO - [2026-03-31T20:32:24.164+0000] {dagbag.py:588} INFO - Filling up the DagBag from /opt/airflow/dags/ingestion_postgres_dag.py
[2026-03-31T20:32:24.188+0000] {processor.py:925} INFO - DAG(s) 'ingestion_postgres_tmdb' retrieved from /opt/airflow/dags/ingestion_postgres_dag.py
[2026-03-31T20:32:24.219+0000] {logging_mixin.py:190} INFO - [2026-03-31T20:32:24.219+0000] {dag.py:3239} INFO - Sync 1 DAGs
[2026-03-31T20:32:24.249+0000] {logging_mixin.py:190} INFO - [2026-03-31T20:32:24.249+0000] {dag.py:4180} INFO - Setting next_dagrun for ingestion_postgres_tmdb to 2026-03-02 10:00:00+00:00, run_after=2026-04-06 10:00:00+00:00
[2026-03-31T20:32:24.280+0000] {processor.py:208} INFO - Processing /opt/airflow/dags/ingestion_postgres_dag.py took 0.128 seconds
[2026-03-31T20:32:54.658+0000] {processor.py:186} INFO - Started process (PID=2849) to work on /opt/airflow/dags/ingestion_postgres_dag.py
[2026-03-31T20:32:54.659+0000] {processor.py:914} INFO - Processing file /opt/airflow/dags/ingestion_postgres_dag.py for tasks to queue
[2026-03-31T20:32:54.662+0000] {logging_mixin.py:190} INFO - [2026-03-31T20:32:54.662+0000] {dagbag.py:588} INFO - Filling up the DagBag from /opt/airflow/dags/ingestion_postgres_dag.py
[2026-03-31T20:32:54.683+0000] {processor.py:925} INFO - DAG(s) 'ingestion_postgres_tmdb' retrieved from /opt/airflow/dags/ingestion_postgres_dag.py
[2026-03-31T20:32:54.716+0000] {logging_mixin.py:190} INFO - [2026-03-31T20:32:54.716+0000] {dag.py:3239} INFO - Sync 1 DAGs
[2026-03-31T20:32:54.745+0000] {logging_mixin.py:190} INFO - [2026-03-31T20:32:54.745+0000] {dag.py:4180} INFO - Setting next_dagrun for ingestion_postgres_tmdb to 2026-03-02 10:00:00+00:00, run_after=2026-04-06 10:00:00+00:00
[2026-03-31T20:32:54.768+0000] {processor.py:208} INFO - Processing /opt/airflow/dags/ingestion_postgres_dag.py took 0.116 seconds
[2026-03-31T20:33:24.484+0000] {processor.py:186} INFO - Started process (PID=2859) to work on /opt/airflow/dags/ingestion_postgres_dag.py
[2026-03-31T20:33:24.485+0000] {processor.py:914} INFO - Processing file /opt/airflow/dags/ingestion_postgres_dag.py for tasks to queue
[2026-03-31T20:33:24.490+0000] {logging_mixin.py:190} INFO - [2026-03-31T20:33:24.489+0000] {dagbag.py:588} INFO - Filling up the DagBag from /opt/airflow/dags/ingestion_postgres_dag.py
[2026-03-31T20:33:24.512+0000] {processor.py:925} INFO - DAG(s) 'ingestion_postgres_tmdb' retrieved from /opt/airflow/dags/ingestion_postgres_dag.py
[2026-03-31T20:33:24.546+0000] {logging_mixin.py:190} INFO - [2026-03-31T20:33:24.546+0000] {dag.py:3239} INFO - Sync 1 DAGs
[2026-03-31T20:33:24.576+0000] {logging_mixin.py:190} INFO - [2026-03-31T20:33:24.576+0000] {dag.py:4180} INFO - Setting next_dagrun for ingestion_postgres_tmdb to 2026-03-02 10:00:00+00:00, run_after=2026-04-06 10:00:00+00:00
[2026-03-31T20:33:24.602+0000] {processor.py:208} INFO - Processing /opt/airflow/dags/ingestion_postgres_dag.py took 0.128 seconds
[2026-03-31T20:33:54.890+0000] {processor.py:186} INFO - Started process (PID=2869) to work on /opt/airflow/dags/ingestion_postgres_dag.py
[2026-03-31T20:33:54.892+0000] {processor.py:914} INFO - Processing file /opt/airflow/dags/ingestion_postgres_dag.py for tasks to queue
[2026-03-31T20:33:54.896+0000] {logging_mixin.py:190} INFO - [2026-03-31T20:33:54.895+0000] {dagbag.py:588} INFO - Filling up the DagBag from /opt/airflow/dags/ingestion_postgres_dag.py
[2026-03-31T20:33:54.919+0000] {processor.py:925} INFO - DAG(s) 'ingestion_postgres_tmdb' retrieved from /opt/airflow/dags/ingestion_postgres_dag.py
[2026-03-31T20:33:54.951+0000] {logging_mixin.py:190} INFO - [2026-03-31T20:33:54.951+0000] {dag.py:3239} INFO - Sync 1 DAGs
[2026-03-31T20:33:54.977+0000] {logging_mixin.py:190} INFO - [2026-03-31T20:33:54.977+0000] {dag.py:4180} INFO - Setting next_dagrun for ingestion_postgres_tmdb to 2026-03-02 10:00:00+00:00, run_after=2026-04-06 10:00:00+00:00
[2026-03-31T20:33:55.012+0000] {processor.py:208} INFO - Processing /opt/airflow/dags/ingestion_postgres_dag.py took 0.133 seconds
[2026-03-31T20:34:25.254+0000] {processor.py:186} INFO - Started process (PID=2879) to work on /opt/airflow/dags/ingestion_postgres_dag.py
[2026-03-31T20:34:25.255+0000] {processor.py:914} INFO - Processing file /opt/airflow/dags/ingestion_postgres_dag.py for tasks to queue
[2026-03-31T20:34:25.258+0000] {logging_mixin.py:190} INFO - [2026-03-31T20:34:25.258+0000] {dagbag.py:588} INFO - Filling up the DagBag from /opt/airflow/dags/ingestion_postgres_dag.py
[2026-03-31T20:34:25.286+0000] {processor.py:925} INFO - DAG(s) 'ingestion_postgres_tmdb' retrieved from /opt/airflow/dags/ingestion_postgres_dag.py
[2026-03-31T20:34:25.317+0000] {logging_mixin.py:190} INFO - [2026-03-31T20:34:25.317+0000] {dag.py:3239} INFO - Sync 1 DAGs
[2026-03-31T20:34:25.343+0000] {logging_mixin.py:190} INFO - [2026-03-31T20:34:25.343+0000] {dag.py:4180} INFO - Setting next_dagrun for ingestion_postgres_tmdb to 2026-03-02 10:00:00+00:00, run_after=2026-04-06 10:00:00+00:00
[2026-03-31T20:34:25.368+0000] {processor.py:208} INFO - Processing /opt/airflow/dags/ingestion_postgres_dag.py took 0.122 seconds
[2026-03-31T20:34:55.633+0000] {processor.py:186} INFO - Started process (PID=2889) to work on /opt/airflow/dags/ingestion_postgres_dag.py
[2026-03-31T20:34:55.634+0000] {processor.py:914} INFO - Processing file /opt/airflow/dags/ingestion_postgres_dag.py for tasks to queue
[2026-03-31T20:34:55.640+0000] {logging_mixin.py:190} INFO - [2026-03-31T20:34:55.639+0000] {dagbag.py:588} INFO - Filling up the DagBag from /opt/airflow/dags/ingestion_postgres_dag.py
[2026-03-31T20:34:55.665+0000] {processor.py:925} INFO - DAG(s) 'ingestion_postgres_tmdb' retrieved from /opt/airflow/dags/ingestion_postgres_dag.py
[2026-03-31T20:34:55.702+0000] {logging_mixin.py:190} INFO - [2026-03-31T20:34:55.701+0000] {dag.py:3239} INFO - Sync 1 DAGs
[2026-03-31T20:34:55.733+0000] {logging_mixin.py:190} INFO - [2026-03-31T20:34:55.732+0000] {dag.py:4180} INFO - Setting next_dagrun for ingestion_postgres_tmdb to 2026-03-02 10:00:00+00:00, run_after=2026-04-06 10:00:00+00:00
[2026-03-31T20:34:55.774+0000] {processor.py:208} INFO - Processing /opt/airflow/dags/ingestion_postgres_dag.py took 0.152 seconds
[2026-03-31T20:39:14.566+0000] {processor.py:186} INFO - Started process (PID=59) to work on /opt/airflow/dags/ingestion_postgres_dag.py
[2026-03-31T20:39:14.574+0000] {processor.py:914} INFO - Processing file /opt/airflow/dags/ingestion_postgres_dag.py for tasks to queue
[2026-03-31T20:39:14.586+0000] {logging_mixin.py:190} INFO - [2026-03-31T20:39:14.585+0000] {dagbag.py:588} INFO - Filling up the DagBag from /opt/airflow/dags/ingestion_postgres_dag.py
[2026-03-31T20:39:14.655+0000] {processor.py:925} INFO - DAG(s) 'ingestion_postgres_tmdb' retrieved from /opt/airflow/dags/ingestion_postgres_dag.py
[2026-03-31T20:39:14.812+0000] {logging_mixin.py:190} INFO - [2026-03-31T20:39:14.812+0000] {dag.py:3239} INFO - Sync 1 DAGs
[2026-03-31T20:39:14.941+0000] {logging_mixin.py:190} INFO - [2026-03-31T20:39:14.941+0000] {dag.py:4180} INFO - Setting next_dagrun for ingestion_postgres_tmdb to 2026-03-02 10:00:00+00:00, run_after=2026-04-06 10:00:00+00:00
[2026-03-31T20:39:15.032+0000] {processor.py:208} INFO - Processing /opt/airflow/dags/ingestion_postgres_dag.py took 0.492 seconds
[2026-03-31T20:39:45.470+0000] {processor.py:186} INFO - Started process (PID=77) to work on /opt/airflow/dags/ingestion_postgres_dag.py
[2026-03-31T20:39:45.471+0000] {processor.py:914} INFO - Processing file /opt/airflow/dags/ingestion_postgres_dag.py for tasks to queue
[2026-03-31T20:39:45.474+0000] {logging_mixin.py:190} INFO - [2026-03-31T20:39:45.473+0000] {dagbag.py:588} INFO - Filling up the DagBag from /opt/airflow/dags/ingestion_postgres_dag.py
[2026-03-31T20:39:45.495+0000] {processor.py:925} INFO - DAG(s) 'ingestion_postgres_tmdb' retrieved from /opt/airflow/dags/ingestion_postgres_dag.py
[2026-03-31T20:39:45.524+0000] {logging_mixin.py:190} INFO - [2026-03-31T20:39:45.523+0000] {dag.py:3239} INFO - Sync 1 DAGs
[2026-03-31T20:39:45.545+0000] {logging_mixin.py:190} INFO - [2026-03-31T20:39:45.545+0000] {dag.py:4180} INFO - Setting next_dagrun for ingestion_postgres_tmdb to 2026-03-02 10:00:00+00:00, run_after=2026-04-06 10:00:00+00:00
[2026-03-31T20:39:45.564+0000] {processor.py:208} INFO - Processing /opt/airflow/dags/ingestion_postgres_dag.py took 0.101 seconds
[2026-03-31T20:40:16.438+0000] {processor.py:186} INFO - Started process (PID=87) to work on /opt/airflow/dags/ingestion_postgres_dag.py
[2026-03-31T20:40:16.441+0000] {processor.py:914} INFO - Processing file /opt/airflow/dags/ingestion_postgres_dag.py for tasks to queue
[2026-03-31T20:40:16.444+0000] {logging_mixin.py:190} INFO - [2026-03-31T20:40:16.443+0000] {dagbag.py:588} INFO - Filling up the DagBag from /opt/airflow/dags/ingestion_postgres_dag.py
[2026-03-31T20:40:16.475+0000] {processor.py:925} INFO - DAG(s) 'ingestion_postgres_tmdb' retrieved from /opt/airflow/dags/ingestion_postgres_dag.py
[2026-03-31T20:40:16.507+0000] {logging_mixin.py:190} INFO - [2026-03-31T20:40:16.507+0000] {dag.py:3239} INFO - Sync 1 DAGs
[2026-03-31T20:40:16.533+0000] {logging_mixin.py:190} INFO - [2026-03-31T20:40:16.533+0000] {dag.py:4180} INFO - Setting next_dagrun for ingestion_postgres_tmdb to 2026-03-02 10:00:00+00:00, run_after=2026-04-06 10:00:00+00:00
[2026-03-31T20:40:16.556+0000] {processor.py:208} INFO - Processing /opt/airflow/dags/ingestion_postgres_dag.py took 0.128 seconds
[2026-03-31T20:40:47.371+0000] {processor.py:186} INFO - Started process (PID=97) to work on /opt/airflow/dags/ingestion_postgres_dag.py
[2026-03-31T20:40:47.372+0000] {processor.py:914} INFO - Processing file /opt/airflow/dags/ingestion_postgres_dag.py for tasks to queue
[2026-03-31T20:40:47.376+0000] {logging_mixin.py:190} INFO - [2026-03-31T20:40:47.375+0000] {dagbag.py:588} INFO - Filling up the DagBag from /opt/airflow/dags/ingestion_postgres_dag.py
[2026-03-31T20:40:47.399+0000] {processor.py:925} INFO - DAG(s) 'ingestion_postgres_tmdb' retrieved from /opt/airflow/dags/ingestion_postgres_dag.py
[2026-03-31T20:40:47.432+0000] {logging_mixin.py:190} INFO - [2026-03-31T20:40:47.432+0000] {dag.py:3239} INFO - Sync 1 DAGs
[2026-03-31T20:40:47.456+0000] {logging_mixin.py:190} INFO - [2026-03-31T20:40:47.456+0000] {dag.py:4180} INFO - Setting next_dagrun for ingestion_postgres_tmdb to 2026-03-02 10:00:00+00:00, run_after=2026-04-06 10:00:00+00:00
[2026-03-31T20:40:47.475+0000] {processor.py:208} INFO - Processing /opt/airflow/dags/ingestion_postgres_dag.py took 0.112 seconds
[2026-03-31T20:41:17.757+0000] {processor.py:186} INFO - Started process (PID=107) to work on /opt/airflow/dags/ingestion_postgres_dag.py
[2026-03-31T20:41:17.758+0000] {processor.py:914} INFO - Processing file /opt/airflow/dags/ingestion_postgres_dag.py for tasks to queue
[2026-03-31T20:41:17.760+0000] {logging_mixin.py:190} INFO - [2026-03-31T20:41:17.760+0000] {dagbag.py:588} INFO - Filling up the DagBag from /opt/airflow/dags/ingestion_postgres_dag.py
[2026-03-31T20:41:17.792+0000] {processor.py:925} INFO - DAG(s) 'ingestion_postgres_tmdb' retrieved from /opt/airflow/dags/ingestion_postgres_dag.py
[2026-03-31T20:41:17.836+0000] {logging_mixin.py:190} INFO - [2026-03-31T20:41:17.836+0000] {dag.py:3239} INFO - Sync 1 DAGs
[2026-03-31T20:41:17.859+0000] {logging_mixin.py:190} INFO - [2026-03-31T20:41:17.858+0000] {dag.py:4180} INFO - Setting next_dagrun for ingestion_postgres_tmdb to 2026-03-02 10:00:00+00:00, run_after=2026-04-06 10:00:00+00:00
[2026-03-31T20:41:17.880+0000] {processor.py:208} INFO - Processing /opt/airflow/dags/ingestion_postgres_dag.py took 0.131 seconds
[2026-03-31T20:41:48.613+0000] {processor.py:186} INFO - Started process (PID=117) to work on /opt/airflow/dags/ingestion_postgres_dag.py
[2026-03-31T20:41:48.614+0000] {processor.py:914} INFO - Processing file /opt/airflow/dags/ingestion_postgres_dag.py for tasks to queue
[2026-03-31T20:41:48.617+0000] {logging_mixin.py:190} INFO - [2026-03-31T20:41:48.616+0000] {dagbag.py:588} INFO - Filling up the DagBag from /opt/airflow/dags/ingestion_postgres_dag.py
[2026-03-31T20:41:48.639+0000] {processor.py:925} INFO - DAG(s) 'ingestion_postgres_tmdb' retrieved from /opt/airflow/dags/ingestion_postgres_dag.py
[2026-03-31T20:41:48.676+0000] {logging_mixin.py:190} INFO - [2026-03-31T20:41:48.676+0000] {dag.py:3239} INFO - Sync 1 DAGs
[2026-03-31T20:41:48.700+0000] {logging_mixin.py:190} INFO - [2026-03-31T20:41:48.700+0000] {dag.py:4180} INFO - Setting next_dagrun for ingestion_postgres_tmdb to 2026-03-02 10:00:00+00:00, run_after=2026-04-06 10:00:00+00:00
[2026-03-31T20:41:48.733+0000] {processor.py:208} INFO - Processing /opt/airflow/dags/ingestion_postgres_dag.py took 0.127 seconds
[2026-03-31T20:42:19.608+0000] {processor.py:186} INFO - Started process (PID=127) to work on /opt/airflow/dags/ingestion_postgres_dag.py
[2026-03-31T20:42:19.609+0000] {processor.py:914} INFO - Processing file /opt/airflow/dags/ingestion_postgres_dag.py for tasks to queue
[2026-03-31T20:42:19.612+0000] {logging_mixin.py:190} INFO - [2026-03-31T20:42:19.611+0000] {dagbag.py:588} INFO - Filling up the DagBag from /opt/airflow/dags/ingestion_postgres_dag.py
[2026-03-31T20:42:19.639+0000] {processor.py:925} INFO - DAG(s) 'ingestion_postgres_tmdb' retrieved from /opt/airflow/dags/ingestion_postgres_dag.py
[2026-03-31T20:42:19.683+0000] {logging_mixin.py:190} INFO - [2026-03-31T20:42:19.683+0000] {dag.py:3239} INFO - Sync 1 DAGs
[2026-03-31T20:42:19.715+0000] {logging_mixin.py:190} INFO - [2026-03-31T20:42:19.714+0000] {dag.py:4180} INFO - Setting next_dagrun for ingestion_postgres_tmdb to 2026-03-02 10:00:00+00:00, run_after=2026-04-06 10:00:00+00:00
[2026-03-31T20:42:19.746+0000] {processor.py:208} INFO - Processing /opt/airflow/dags/ingestion_postgres_dag.py took 0.147 seconds
[2026-03-31T20:42:49.835+0000] {processor.py:186} INFO - Started process (PID=137) to work on /opt/airflow/dags/ingestion_postgres_dag.py
[2026-03-31T20:42:49.836+0000] {processor.py:914} INFO - Processing file /opt/airflow/dags/ingestion_postgres_dag.py for tasks to queue
[2026-03-31T20:42:49.839+0000] {logging_mixin.py:190} INFO - [2026-03-31T20:42:49.839+0000] {dagbag.py:588} INFO - Filling up the DagBag from /opt/airflow/dags/ingestion_postgres_dag.py
[2026-03-31T20:42:49.857+0000] {processor.py:925} INFO - DAG(s) 'ingestion_postgres_tmdb' retrieved from /opt/airflow/dags/ingestion_postgres_dag.py
[2026-03-31T20:42:49.885+0000] {logging_mixin.py:190} INFO - [2026-03-31T20:42:49.885+0000] {dag.py:3239} INFO - Sync 1 DAGs
[2026-03-31T20:42:49.907+0000] {logging_mixin.py:190} INFO - [2026-03-31T20:42:49.907+0000] {dag.py:4180} INFO - Setting next_dagrun for ingestion_postgres_tmdb to 2026-03-02 10:00:00+00:00, run_after=2026-04-06 10:00:00+00:00
[2026-03-31T20:42:49.923+0000] {processor.py:208} INFO - Processing /opt/airflow/dags/ingestion_postgres_dag.py took 0.096 seconds
[2026-03-31T20:43:20.251+0000] {processor.py:186} INFO - Started process (PID=147) to work on /opt/airflow/dags/ingestion_postgres_dag.py
[2026-03-31T20:43:20.252+0000] {processor.py:914} INFO - Processing file /opt/airflow/dags/ingestion_postgres_dag.py for tasks to queue
[2026-03-31T20:43:20.256+0000] {logging_mixin.py:190} INFO - [2026-03-31T20:43:20.255+0000] {dagbag.py:588} INFO - Filling up the DagBag from /opt/airflow/dags/ingestion_postgres_dag.py
[2026-03-31T20:43:20.278+0000] {processor.py:925} INFO - DAG(s) 'ingestion_postgres_tmdb' retrieved from /opt/airflow/dags/ingestion_postgres_dag.py
[2026-03-31T20:43:20.313+0000] {logging_mixin.py:190} INFO - [2026-03-31T20:43:20.313+0000] {dag.py:3239} INFO - Sync 1 DAGs
[2026-03-31T20:43:20.341+0000] {logging_mixin.py:190} INFO - [2026-03-31T20:43:20.340+0000] {dag.py:4180} INFO - Setting next_dagrun for ingestion_postgres_tmdb to 2026-03-02 10:00:00+00:00, run_after=2026-04-06 10:00:00+00:00
[2026-03-31T20:43:20.362+0000] {processor.py:208} INFO - Processing /opt/airflow/dags/ingestion_postgres_dag.py took 0.124 seconds
[2026-03-31T20:43:51.119+0000] {processor.py:186} INFO - Started process (PID=157) to work on /opt/airflow/dags/ingestion_postgres_dag.py
[2026-03-31T20:43:51.121+0000] {processor.py:914} INFO - Processing file /opt/airflow/dags/ingestion_postgres_dag.py for tasks to queue
[2026-03-31T20:43:51.129+0000] {logging_mixin.py:190} INFO - [2026-03-31T20:43:51.128+0000] {dagbag.py:588} INFO - Filling up the DagBag from /opt/airflow/dags/ingestion_postgres_dag.py
[2026-03-31T20:43:51.160+0000] {processor.py:925} INFO - DAG(s) 'ingestion_postgres_tmdb' retrieved from /opt/airflow/dags/ingestion_postgres_dag.py
[2026-03-31T20:43:51.207+0000] {logging_mixin.py:190} INFO - [2026-03-31T20:43:51.207+0000] {dag.py:3239} INFO - Sync 1 DAGs
[2026-03-31T20:43:51.236+0000] {logging_mixin.py:190} INFO - [2026-03-31T20:43:51.236+0000] {dag.py:4180} INFO - Setting next_dagrun for ingestion_postgres_tmdb to 2026-03-02 10:00:00+00:00, run_after=2026-04-06 10:00:00+00:00
[2026-03-31T20:43:51.262+0000] {processor.py:208} INFO - Processing /opt/airflow/dags/ingestion_postgres_dag.py took 0.163 seconds
[2026-03-31T20:44:22.111+0000] {processor.py:186} INFO - Started process (PID=167) to work on /opt/airflow/dags/ingestion_postgres_dag.py
[2026-03-31T20:44:22.112+0000] {processor.py:914} INFO - Processing file /opt/airflow/dags/ingestion_postgres_dag.py for tasks to queue
[2026-03-31T20:44:22.115+0000] {logging_mixin.py:190} INFO - [2026-03-31T20:44:22.114+0000] {dagbag.py:588} INFO - Filling up the DagBag from /opt/airflow/dags/ingestion_postgres_dag.py
[2026-03-31T20:44:22.137+0000] {processor.py:925} INFO - DAG(s) 'ingestion_postgres_tmdb' retrieved from /opt/airflow/dags/ingestion_postgres_dag.py
[2026-03-31T20:44:22.172+0000] {logging_mixin.py:190} INFO - [2026-03-31T20:44:22.172+0000] {dag.py:3239} INFO - Sync 1 DAGs
[2026-03-31T20:44:22.197+0000] {logging_mixin.py:190} INFO - [2026-03-31T20:44:22.196+0000] {dag.py:4180} INFO - Setting next_dagrun for ingestion_postgres_tmdb to 2026-03-02 10:00:00+00:00, run_after=2026-04-06 10:00:00+00:00
[2026-03-31T20:44:22.218+0000] {processor.py:208} INFO - Processing /opt/airflow/dags/ingestion_postgres_dag.py took 0.114 seconds
[2026-03-31T20:44:52.733+0000] {processor.py:186} INFO - Started process (PID=177) to work on /opt/airflow/dags/ingestion_postgres_dag.py
[2026-03-31T20:44:52.734+0000] {processor.py:914} INFO - Processing file /opt/airflow/dags/ingestion_postgres_dag.py for tasks to queue
[2026-03-31T20:44:52.737+0000] {logging_mixin.py:190} INFO - [2026-03-31T20:44:52.737+0000] {dagbag.py:588} INFO - Filling up the DagBag from /opt/airflow/dags/ingestion_postgres_dag.py
[2026-03-31T20:44:52.760+0000] {processor.py:925} INFO - DAG(s) 'ingestion_postgres_tmdb' retrieved from /opt/airflow/dags/ingestion_postgres_dag.py
[2026-03-31T20:44:52.790+0000] {logging_mixin.py:190} INFO - [2026-03-31T20:44:52.790+0000] {dag.py:3239} INFO - Sync 1 DAGs
[2026-03-31T20:44:52.817+0000] {logging_mixin.py:190} INFO - [2026-03-31T20:44:52.817+0000] {dag.py:4180} INFO - Setting next_dagrun for ingestion_postgres_tmdb to 2026-03-02 10:00:00+00:00, run_after=2026-04-06 10:00:00+00:00
[2026-03-31T20:44:52.841+0000] {processor.py:208} INFO - Processing /opt/airflow/dags/ingestion_postgres_dag.py took 0.115 seconds
[2026-03-31T20:45:23.394+0000] {processor.py:186} INFO - Started process (PID=187) to work on /opt/airflow/dags/ingestion_postgres_dag.py
[2026-03-31T20:45:23.396+0000] {processor.py:914} INFO - Processing file /opt/airflow/dags/ingestion_postgres_dag.py for tasks to queue
[2026-03-31T20:45:23.401+0000] {logging_mixin.py:190} INFO - [2026-03-31T20:45:23.399+0000] {dagbag.py:588} INFO - Filling up the DagBag from /opt/airflow/dags/ingestion_postgres_dag.py
[2026-03-31T20:45:23.441+0000] {processor.py:925} INFO - DAG(s) 'ingestion_postgres_tmdb' retrieved from /opt/airflow/dags/ingestion_postgres_dag.py
[2026-03-31T20:45:23.475+0000] {logging_mixin.py:190} INFO - [2026-03-31T20:45:23.475+0000] {dag.py:3239} INFO - Sync 1 DAGs
[2026-03-31T20:45:23.509+0000] {logging_mixin.py:190} INFO - [2026-03-31T20:45:23.509+0000] {dag.py:4180} INFO - Setting next_dagrun for ingestion_postgres_tmdb to 2026-03-02 10:00:00+00:00, run_after=2026-04-06 10:00:00+00:00
[2026-03-31T20:45:23.537+0000] {processor.py:208} INFO - Processing /opt/airflow/dags/ingestion_postgres_dag.py took 0.159 seconds
[2026-03-31T20:45:54.344+0000] {processor.py:186} INFO - Started process (PID=197) to work on /opt/airflow/dags/ingestion_postgres_dag.py
[2026-03-31T20:45:54.346+0000] {processor.py:914} INFO - Processing file /opt/airflow/dags/ingestion_postgres_dag.py for tasks to queue
[2026-03-31T20:45:54.350+0000] {logging_mixin.py:190} INFO - [2026-03-31T20:45:54.349+0000] {dagbag.py:588} INFO - Filling up the DagBag from /opt/airflow/dags/ingestion_postgres_dag.py
[2026-03-31T20:45:54.380+0000] {processor.py:925} INFO - DAG(s) 'ingestion_postgres_tmdb' retrieved from /opt/airflow/dags/ingestion_postgres_dag.py
[2026-03-31T20:45:54.420+0000] {logging_mixin.py:190} INFO - [2026-03-31T20:45:54.420+0000] {dag.py:3239} INFO - Sync 1 DAGs
[2026-03-31T20:45:54.454+0000] {logging_mixin.py:190} INFO - [2026-03-31T20:45:54.454+0000] {dag.py:4180} INFO - Setting next_dagrun for ingestion_postgres_tmdb to 2026-03-02 10:00:00+00:00, run_after=2026-04-06 10:00:00+00:00
[2026-03-31T20:45:54.484+0000] {processor.py:208} INFO - Processing /opt/airflow/dags/ingestion_postgres_dag.py took 0.150 seconds
[2026-03-31T20:46:24.601+0000] {processor.py:186} INFO - Started process (PID=207) to work on /opt/airflow/dags/ingestion_postgres_dag.py
[2026-03-31T20:46:24.603+0000] {processor.py:914} INFO - Processing file /opt/airflow/dags/ingestion_postgres_dag.py for tasks to queue
[2026-03-31T20:46:24.606+0000] {logging_mixin.py:190} INFO - [2026-03-31T20:46:24.605+0000] {dagbag.py:588} INFO - Filling up the DagBag from /opt/airflow/dags/ingestion_postgres_dag.py
[2026-03-31T20:46:24.626+0000] {processor.py:925} INFO - DAG(s) 'ingestion_postgres_tmdb' retrieved from /opt/airflow/dags/ingestion_postgres_dag.py
[2026-03-31T20:46:24.660+0000] {logging_mixin.py:190} INFO - [2026-03-31T20:46:24.660+0000] {dag.py:3239} INFO - Sync 1 DAGs
[2026-03-31T20:46:24.684+0000] {logging_mixin.py:190} INFO - [2026-03-31T20:46:24.684+0000] {dag.py:4180} INFO - Setting next_dagrun for ingestion_postgres_tmdb to 2026-03-02 10:00:00+00:00, run_after=2026-04-06 10:00:00+00:00
[2026-03-31T20:46:24.703+0000] {processor.py:208} INFO - Processing /opt/airflow/dags/ingestion_postgres_dag.py took 0.111 seconds
[2026-03-31T20:46:54.849+0000] {processor.py:186} INFO - Started process (PID=217) to work on /opt/airflow/dags/ingestion_postgres_dag.py
[2026-03-31T20:46:54.850+0000] {processor.py:914} INFO - Processing file /opt/airflow/dags/ingestion_postgres_dag.py for tasks to queue
[2026-03-31T20:46:54.852+0000] {logging_mixin.py:190} INFO - [2026-03-31T20:46:54.852+0000] {dagbag.py:588} INFO - Filling up the DagBag from /opt/airflow/dags/ingestion_postgres_dag.py
[2026-03-31T20:46:54.875+0000] {processor.py:925} INFO - DAG(s) 'ingestion_postgres_tmdb' retrieved from /opt/airflow/dags/ingestion_postgres_dag.py
[2026-03-31T20:46:54.904+0000] {logging_mixin.py:190} INFO - [2026-03-31T20:46:54.904+0000] {dag.py:3239} INFO - Sync 1 DAGs
[2026-03-31T20:46:54.927+0000] {logging_mixin.py:190} INFO - [2026-03-31T20:46:54.926+0000] {dag.py:4180} INFO - Setting next_dagrun for ingestion_postgres_tmdb to 2026-03-02 10:00:00+00:00, run_after=2026-04-06 10:00:00+00:00
[2026-03-31T20:46:54.948+0000] {processor.py:208} INFO - Processing /opt/airflow/dags/ingestion_postgres_dag.py took 0.108 seconds
[2026-03-31T20:47:25.243+0000] {processor.py:186} INFO - Started process (PID=227) to work on /opt/airflow/dags/ingestion_postgres_dag.py
[2026-03-31T20:47:25.244+0000] {processor.py:914} INFO - Processing file /opt/airflow/dags/ingestion_postgres_dag.py for tasks to queue
[2026-03-31T20:47:25.248+0000] {logging_mixin.py:190} INFO - [2026-03-31T20:47:25.248+0000] {dagbag.py:588} INFO - Filling up the DagBag from /opt/airflow/dags/ingestion_postgres_dag.py
[2026-03-31T20:47:25.271+0000] {processor.py:925} INFO - DAG(s) 'ingestion_postgres_tmdb' retrieved from /opt/airflow/dags/ingestion_postgres_dag.py
[2026-03-31T20:47:25.304+0000] {logging_mixin.py:190} INFO - [2026-03-31T20:47:25.304+0000] {dag.py:3239} INFO - Sync 1 DAGs
[2026-03-31T20:47:25.329+0000] {logging_mixin.py:190} INFO - [2026-03-31T20:47:25.329+0000] {dag.py:4180} INFO - Setting next_dagrun for ingestion_postgres_tmdb to 2026-03-02 10:00:00+00:00, run_after=2026-04-06 10:00:00+00:00
[2026-03-31T20:47:25.347+0000] {processor.py:208} INFO - Processing /opt/airflow/dags/ingestion_postgres_dag.py took 0.113 seconds
[2026-03-31T20:47:55.683+0000] {processor.py:186} INFO - Started process (PID=237) to work on /opt/airflow/dags/ingestion_postgres_dag.py
[2026-03-31T20:47:55.684+0000] {processor.py:914} INFO - Processing file /opt/airflow/dags/ingestion_postgres_dag.py for tasks to queue
[2026-03-31T20:47:55.688+0000] {logging_mixin.py:190} INFO - [2026-03-31T20:47:55.687+0000] {dagbag.py:588} INFO - Filling up the DagBag from /opt/airflow/dags/ingestion_postgres_dag.py
[2026-03-31T20:47:55.719+0000] {processor.py:925} INFO - DAG(s) 'ingestion_postgres_tmdb' retrieved from /opt/airflow/dags/ingestion_postgres_dag.py
[2026-03-31T20:47:55.753+0000] {logging_mixin.py:190} INFO - [2026-03-31T20:47:55.753+0000] {dag.py:3239} INFO - Sync 1 DAGs
[2026-03-31T20:47:55.780+0000] {logging_mixin.py:190} INFO - [2026-03-31T20:47:55.780+0000] {dag.py:4180} INFO - Setting next_dagrun for ingestion_postgres_tmdb to 2026-03-02 10:00:00+00:00, run_after=2026-04-06 10:00:00+00:00
[2026-03-31T20:47:55.804+0000] {processor.py:208} INFO - Processing /opt/airflow/dags/ingestion_postgres_dag.py took 0.129 seconds
[2026-03-31T20:48:26.093+0000] {processor.py:186} INFO - Started process (PID=247) to work on /opt/airflow/dags/ingestion_postgres_dag.py
[2026-03-31T20:48:26.094+0000] {processor.py:914} INFO - Processing file /opt/airflow/dags/ingestion_postgres_dag.py for tasks to queue
[2026-03-31T20:48:26.097+0000] {logging_mixin.py:190} INFO - [2026-03-31T20:48:26.097+0000] {dagbag.py:588} INFO - Filling up the DagBag from /opt/airflow/dags/ingestion_postgres_dag.py
[2026-03-31T20:48:26.119+0000] {processor.py:925} INFO - DAG(s) 'ingestion_postgres_tmdb' retrieved from /opt/airflow/dags/ingestion_postgres_dag.py
[2026-03-31T20:48:26.155+0000] {logging_mixin.py:190} INFO - [2026-03-31T20:48:26.155+0000] {dag.py:3239} INFO - Sync 1 DAGs
[2026-03-31T20:48:26.185+0000] {logging_mixin.py:190} INFO - [2026-03-31T20:48:26.185+0000] {dag.py:4180} INFO - Setting next_dagrun for ingestion_postgres_tmdb to 2026-03-02 10:00:00+00:00, run_after=2026-04-06 10:00:00+00:00
[2026-03-31T20:48:26.205+0000] {processor.py:208} INFO - Processing /opt/airflow/dags/ingestion_postgres_dag.py took 0.125 seconds
[2026-03-31T20:49:01.660+0000] {processor.py:186} INFO - Started process (PID=257) to work on /opt/airflow/dags/ingestion_postgres_dag.py
[2026-03-31T20:49:01.661+0000] {processor.py:914} INFO - Processing file /opt/airflow/dags/ingestion_postgres_dag.py for tasks to queue
[2026-03-31T20:49:01.665+0000] {logging_mixin.py:190} INFO - [2026-03-31T20:49:01.664+0000] {dagbag.py:588} INFO - Filling up the DagBag from /opt/airflow/dags/ingestion_postgres_dag.py
[2026-03-31T20:48:56.091+0000] {processor.py:925} INFO - DAG(s) 'ingestion_postgres_tmdb' retrieved from /opt/airflow/dags/ingestion_postgres_dag.py
[2026-03-31T20:48:56.120+0000] {logging_mixin.py:190} INFO - [2026-03-31T20:48:56.120+0000] {dag.py:3239} INFO - Sync 1 DAGs
[2026-03-31T20:48:56.144+0000] {logging_mixin.py:190} INFO - [2026-03-31T20:48:56.144+0000] {dag.py:4180} INFO - Setting next_dagrun for ingestion_postgres_tmdb to 2026-03-02 10:00:00+00:00, run_after=2026-04-06 10:00:00+00:00
[2026-03-31T20:48:56.178+0000] {processor.py:208} INFO - Processing /opt/airflow/dags/ingestion_postgres_dag.py took 0.121 seconds
[2026-03-31T20:49:26.750+0000] {processor.py:186} INFO - Started process (PID=267) to work on /opt/airflow/dags/ingestion_postgres_dag.py
[2026-03-31T20:49:26.751+0000] {processor.py:914} INFO - Processing file /opt/airflow/dags/ingestion_postgres_dag.py for tasks to queue
[2026-03-31T20:49:26.754+0000] {logging_mixin.py:190} INFO - [2026-03-31T20:49:26.754+0000] {dagbag.py:588} INFO - Filling up the DagBag from /opt/airflow/dags/ingestion_postgres_dag.py
[2026-03-31T20:49:26.775+0000] {processor.py:925} INFO - DAG(s) 'ingestion_postgres_tmdb' retrieved from /opt/airflow/dags/ingestion_postgres_dag.py
[2026-03-31T20:49:26.804+0000] {logging_mixin.py:190} INFO - [2026-03-31T20:49:26.804+0000] {dag.py:3239} INFO - Sync 1 DAGs
[2026-03-31T20:49:26.829+0000] {logging_mixin.py:190} INFO - [2026-03-31T20:49:26.829+0000] {dag.py:4180} INFO - Setting next_dagrun for ingestion_postgres_tmdb to 2026-03-02 10:00:00+00:00, run_after=2026-04-06 10:00:00+00:00
[2026-03-31T20:49:26.848+0000] {processor.py:208} INFO - Processing /opt/airflow/dags/ingestion_postgres_dag.py took 0.105 seconds
[2026-03-31T20:49:57.061+0000] {processor.py:186} INFO - Started process (PID=277) to work on /opt/airflow/dags/ingestion_postgres_dag.py
[2026-03-31T20:49:57.063+0000] {processor.py:914} INFO - Processing file /opt/airflow/dags/ingestion_postgres_dag.py for tasks to queue
[2026-03-31T20:49:57.066+0000] {logging_mixin.py:190} INFO - [2026-03-31T20:49:57.066+0000] {dagbag.py:588} INFO - Filling up the DagBag from /opt/airflow/dags/ingestion_postgres_dag.py
[2026-03-31T20:49:57.090+0000] {processor.py:925} INFO - DAG(s) 'ingestion_postgres_tmdb' retrieved from /opt/airflow/dags/ingestion_postgres_dag.py
[2026-03-31T20:49:57.142+0000] {logging_mixin.py:190} INFO - [2026-03-31T20:49:57.142+0000] {dag.py:3239} INFO - Sync 1 DAGs
[2026-03-31T20:49:57.181+0000] {logging_mixin.py:190} INFO - [2026-03-31T20:49:57.180+0000] {dag.py:4180} INFO - Setting next_dagrun for ingestion_postgres_tmdb to 2026-03-02 10:00:00+00:00, run_after=2026-04-06 10:00:00+00:00
[2026-03-31T20:49:57.226+0000] {processor.py:208} INFO - Processing /opt/airflow/dags/ingestion_postgres_dag.py took 0.172 seconds
[2026-03-31T20:50:27.534+0000] {processor.py:186} INFO - Started process (PID=287) to work on /opt/airflow/dags/ingestion_postgres_dag.py
[2026-03-31T20:50:27.535+0000] {processor.py:914} INFO - Processing file /opt/airflow/dags/ingestion_postgres_dag.py for tasks to queue
[2026-03-31T20:50:27.538+0000] {logging_mixin.py:190} INFO - [2026-03-31T20:50:27.538+0000] {dagbag.py:588} INFO - Filling up the DagBag from /opt/airflow/dags/ingestion_postgres_dag.py
[2026-03-31T20:50:27.559+0000] {processor.py:925} INFO - DAG(s) 'ingestion_postgres_tmdb' retrieved from /opt/airflow/dags/ingestion_postgres_dag.py
[2026-03-31T20:50:27.593+0000] {logging_mixin.py:190} INFO - [2026-03-31T20:50:27.593+0000] {dag.py:3239} INFO - Sync 1 DAGs
[2026-03-31T20:50:27.618+0000] {logging_mixin.py:190} INFO - [2026-03-31T20:50:27.617+0000] {dag.py:4180} INFO - Setting next_dagrun for ingestion_postgres_tmdb to 2026-03-02 10:00:00+00:00, run_after=2026-04-06 10:00:00+00:00
[2026-03-31T20:50:27.638+0000] {processor.py:208} INFO - Processing /opt/airflow/dags/ingestion_postgres_dag.py took 0.113 seconds
[2026-03-31T20:50:57.919+0000] {processor.py:186} INFO - Started process (PID=297) to work on /opt/airflow/dags/ingestion_postgres_dag.py
[2026-03-31T20:50:57.920+0000] {processor.py:914} INFO - Processing file /opt/airflow/dags/ingestion_postgres_dag.py for tasks to queue
[2026-03-31T20:50:57.923+0000] {logging_mixin.py:190} INFO - [2026-03-31T20:50:57.922+0000] {dagbag.py:588} INFO - Filling up the DagBag from /opt/airflow/dags/ingestion_postgres_dag.py
[2026-03-31T20:50:57.944+0000] {processor.py:925} INFO - DAG(s) 'ingestion_postgres_tmdb' retrieved from /opt/airflow/dags/ingestion_postgres_dag.py
[2026-03-31T20:50:57.976+0000] {logging_mixin.py:190} INFO - [2026-03-31T20:50:57.975+0000] {dag.py:3239} INFO - Sync 1 DAGs
[2026-03-31T20:50:57.999+0000] {logging_mixin.py:190} INFO - [2026-03-31T20:50:57.999+0000] {dag.py:4180} INFO - Setting next_dagrun for ingestion_postgres_tmdb to 2026-03-02 10:00:00+00:00, run_after=2026-04-06 10:00:00+00:00
[2026-03-31T20:50:58.018+0000] {processor.py:208} INFO - Processing /opt/airflow/dags/ingestion_postgres_dag.py took 0.105 seconds
[2026-03-31T20:51:28.319+0000] {processor.py:186} INFO - Started process (PID=307) to work on /opt/airflow/dags/ingestion_postgres_dag.py
[2026-03-31T20:51:28.320+0000] {processor.py:914} INFO - Processing file /opt/airflow/dags/ingestion_postgres_dag.py for tasks to queue
[2026-03-31T20:51:28.323+0000] {logging_mixin.py:190} INFO - [2026-03-31T20:51:28.322+0000] {dagbag.py:588} INFO - Filling up the DagBag from /opt/airflow/dags/ingestion_postgres_dag.py
[2026-03-31T20:51:28.344+0000] {processor.py:925} INFO - DAG(s) 'ingestion_postgres_tmdb' retrieved from /opt/airflow/dags/ingestion_postgres_dag.py
[2026-03-31T20:51:28.375+0000] {logging_mixin.py:190} INFO - [2026-03-31T20:51:28.375+0000] {dag.py:3239} INFO - Sync 1 DAGs
[2026-03-31T20:51:28.399+0000] {logging_mixin.py:190} INFO - [2026-03-31T20:51:28.398+0000] {dag.py:4180} INFO - Setting next_dagrun for ingestion_postgres_tmdb to 2026-03-02 10:00:00+00:00, run_after=2026-04-06 10:00:00+00:00
[2026-03-31T20:51:28.428+0000] {processor.py:208} INFO - Processing /opt/airflow/dags/ingestion_postgres_dag.py took 0.114 seconds
[2026-03-31T20:51:58.725+0000] {processor.py:186} INFO - Started process (PID=317) to work on /opt/airflow/dags/ingestion_postgres_dag.py
[2026-03-31T20:51:58.726+0000] {processor.py:914} INFO - Processing file /opt/airflow/dags/ingestion_postgres_dag.py for tasks to queue
[2026-03-31T20:51:58.729+0000] {logging_mixin.py:190} INFO - [2026-03-31T20:51:58.728+0000] {dagbag.py:588} INFO - Filling up the DagBag from /opt/airflow/dags/ingestion_postgres_dag.py
[2026-03-31T20:51:58.751+0000] {processor.py:925} INFO - DAG(s) 'ingestion_postgres_tmdb' retrieved from /opt/airflow/dags/ingestion_postgres_dag.py
[2026-03-31T20:51:58.783+0000] {logging_mixin.py:190} INFO - [2026-03-31T20:51:58.783+0000] {dag.py:3239} INFO - Sync 1 DAGs
[2026-03-31T20:51:58.807+0000] {logging_mixin.py:190} INFO - [2026-03-31T20:51:58.807+0000] {dag.py:4180} INFO - Setting next_dagrun for ingestion_postgres_tmdb to 2026-03-02 10:00:00+00:00, run_after=2026-04-06 10:00:00+00:00
[2026-03-31T20:51:58.828+0000] {processor.py:208} INFO - Processing /opt/airflow/dags/ingestion_postgres_dag.py took 0.111 seconds
[2026-03-31T20:52:29.523+0000] {processor.py:186} INFO - Started process (PID=327) to work on /opt/airflow/dags/ingestion_postgres_dag.py
[2026-03-31T20:52:29.524+0000] {processor.py:914} INFO - Processing file /opt/airflow/dags/ingestion_postgres_dag.py for tasks to queue
[2026-03-31T20:52:29.526+0000] {logging_mixin.py:190} INFO - [2026-03-31T20:52:29.526+0000] {dagbag.py:588} INFO - Filling up the DagBag from /opt/airflow/dags/ingestion_postgres_dag.py
[2026-03-31T20:52:29.556+0000] {processor.py:925} INFO - DAG(s) 'ingestion_postgres_tmdb' retrieved from /opt/airflow/dags/ingestion_postgres_dag.py
[2026-03-31T20:52:29.586+0000] {logging_mixin.py:190} INFO - [2026-03-31T20:52:29.586+0000] {dag.py:3239} INFO - Sync 1 DAGs
[2026-03-31T20:52:29.612+0000] {logging_mixin.py:190} INFO - [2026-03-31T20:52:29.612+0000] {dag.py:4180} INFO - Setting next_dagrun for ingestion_postgres_tmdb to 2026-03-02 10:00:00+00:00, run_after=2026-04-06 10:00:00+00:00
[2026-03-31T20:52:29.653+0000] {processor.py:208} INFO - Processing /opt/airflow/dags/ingestion_postgres_dag.py took 0.138 seconds
[2026-03-31T20:52:59.951+0000] {processor.py:186} INFO - Started process (PID=337) to work on /opt/airflow/dags/ingestion_postgres_dag.py
[2026-03-31T20:52:59.952+0000] {processor.py:914} INFO - Processing file /opt/airflow/dags/ingestion_postgres_dag.py for tasks to queue
[2026-03-31T20:52:59.955+0000] {logging_mixin.py:190} INFO - [2026-03-31T20:52:59.955+0000] {dagbag.py:588} INFO - Filling up the DagBag from /opt/airflow/dags/ingestion_postgres_dag.py
[2026-03-31T20:52:59.977+0000] {processor.py:925} INFO - DAG(s) 'ingestion_postgres_tmdb' retrieved from /opt/airflow/dags/ingestion_postgres_dag.py
[2026-03-31T20:53:00.009+0000] {logging_mixin.py:190} INFO - [2026-03-31T20:53:00.009+0000] {dag.py:3239} INFO - Sync 1 DAGs
[2026-03-31T20:53:00.034+0000] {logging_mixin.py:190} INFO - [2026-03-31T20:53:00.034+0000] {dag.py:4180} INFO - Setting next_dagrun for ingestion_postgres_tmdb to 2026-03-02 10:00:00+00:00, run_after=2026-04-06 10:00:00+00:00
[2026-03-31T20:53:00.054+0000] {processor.py:208} INFO - Processing /opt/airflow/dags/ingestion_postgres_dag.py took 0.109 seconds
[2026-03-31T20:53:30.209+0000] {processor.py:186} INFO - Started process (PID=347) to work on /opt/airflow/dags/ingestion_postgres_dag.py
[2026-03-31T20:53:30.216+0000] {processor.py:914} INFO - Processing file /opt/airflow/dags/ingestion_postgres_dag.py for tasks to queue
[2026-03-31T20:53:30.219+0000] {logging_mixin.py:190} INFO - [2026-03-31T20:53:30.219+0000] {dagbag.py:588} INFO - Filling up the DagBag from /opt/airflow/dags/ingestion_postgres_dag.py
[2026-03-31T20:53:30.242+0000] {processor.py:925} INFO - DAG(s) 'ingestion_postgres_tmdb' retrieved from /opt/airflow/dags/ingestion_postgres_dag.py
[2026-03-31T20:53:30.276+0000] {logging_mixin.py:190} INFO - [2026-03-31T20:53:30.276+0000] {dag.py:3239} INFO - Sync 1 DAGs
[2026-03-31T20:53:30.303+0000] {logging_mixin.py:190} INFO - [2026-03-31T20:53:30.302+0000] {dag.py:4180} INFO - Setting next_dagrun for ingestion_postgres_tmdb to 2026-03-02 10:00:00+00:00, run_after=2026-04-06 10:00:00+00:00
[2026-03-31T20:53:30.328+0000] {processor.py:208} INFO - Processing /opt/airflow/dags/ingestion_postgres_dag.py took 0.127 seconds
[2026-03-31T20:54:00.633+0000] {processor.py:186} INFO - Started process (PID=357) to work on /opt/airflow/dags/ingestion_postgres_dag.py
[2026-03-31T20:54:00.636+0000] {processor.py:914} INFO - Processing file /opt/airflow/dags/ingestion_postgres_dag.py for tasks to queue
[2026-03-31T20:54:00.640+0000] {logging_mixin.py:190} INFO - [2026-03-31T20:54:00.639+0000] {dagbag.py:588} INFO - Filling up the DagBag from /opt/airflow/dags/ingestion_postgres_dag.py
[2026-03-31T20:54:00.666+0000] {processor.py:925} INFO - DAG(s) 'ingestion_postgres_tmdb' retrieved from /opt/airflow/dags/ingestion_postgres_dag.py
[2026-03-31T20:54:00.697+0000] {logging_mixin.py:190} INFO - [2026-03-31T20:54:00.697+0000] {dag.py:3239} INFO - Sync 1 DAGs
[2026-03-31T20:54:00.724+0000] {logging_mixin.py:190} INFO - [2026-03-31T20:54:00.723+0000] {dag.py:4180} INFO - Setting next_dagrun for ingestion_postgres_tmdb to 2026-03-02 10:00:00+00:00, run_after=2026-04-06 10:00:00+00:00
[2026-03-31T20:54:00.745+0000] {processor.py:208} INFO - Processing /opt/airflow/dags/ingestion_postgres_dag.py took 0.119 seconds
[2026-03-31T20:54:31.088+0000] {processor.py:186} INFO - Started process (PID=367) to work on /opt/airflow/dags/ingestion_postgres_dag.py
[2026-03-31T20:54:31.090+0000] {processor.py:914} INFO - Processing file /opt/airflow/dags/ingestion_postgres_dag.py for tasks to queue
[2026-03-31T20:54:31.093+0000] {logging_mixin.py:190} INFO - [2026-03-31T20:54:31.093+0000] {dagbag.py:588} INFO - Filling up the DagBag from /opt/airflow/dags/ingestion_postgres_dag.py
[2026-03-31T20:54:31.112+0000] {processor.py:925} INFO - DAG(s) 'ingestion_postgres_tmdb' retrieved from /opt/airflow/dags/ingestion_postgres_dag.py
[2026-03-31T20:54:31.143+0000] {logging_mixin.py:190} INFO - [2026-03-31T20:54:31.142+0000] {dag.py:3239} INFO - Sync 1 DAGs
[2026-03-31T20:54:31.168+0000] {logging_mixin.py:190} INFO - [2026-03-31T20:54:31.168+0000] {dag.py:4180} INFO - Setting next_dagrun for ingestion_postgres_tmdb to 2026-03-02 10:00:00+00:00, run_after=2026-04-06 10:00:00+00:00
[2026-03-31T20:54:31.195+0000] {processor.py:208} INFO - Processing /opt/airflow/dags/ingestion_postgres_dag.py took 0.113 seconds
[2026-03-31T20:55:01.400+0000] {processor.py:186} INFO - Started process (PID=377) to work on /opt/airflow/dags/ingestion_postgres_dag.py
[2026-03-31T20:55:01.401+0000] {processor.py:914} INFO - Processing file /opt/airflow/dags/ingestion_postgres_dag.py for tasks to queue
[2026-03-31T20:55:01.404+0000] {logging_mixin.py:190} INFO - [2026-03-31T20:55:01.403+0000] {dagbag.py:588} INFO - Filling up the DagBag from /opt/airflow/dags/ingestion_postgres_dag.py
[2026-03-31T20:55:01.428+0000] {processor.py:925} INFO - DAG(s) 'ingestion_postgres_tmdb' retrieved from /opt/airflow/dags/ingestion_postgres_dag.py
[2026-03-31T20:55:01.464+0000] {logging_mixin.py:190} INFO - [2026-03-31T20:55:01.464+0000] {dag.py:3239} INFO - Sync 1 DAGs
[2026-03-31T20:55:01.491+0000] {logging_mixin.py:190} INFO - [2026-03-31T20:55:01.491+0000] {dag.py:4180} INFO - Setting next_dagrun for ingestion_postgres_tmdb to 2026-03-02 10:00:00+00:00, run_after=2026-04-06 10:00:00+00:00
[2026-03-31T20:55:01.533+0000] {processor.py:208} INFO - Processing /opt/airflow/dags/ingestion_postgres_dag.py took 0.142 seconds
[2026-03-31T20:55:31.793+0000] {processor.py:186} INFO - Started process (PID=387) to work on /opt/airflow/dags/ingestion_postgres_dag.py
[2026-03-31T20:55:31.798+0000] {processor.py:914} INFO - Processing file /opt/airflow/dags/ingestion_postgres_dag.py for tasks to queue
[2026-03-31T20:55:31.802+0000] {logging_mixin.py:190} INFO - [2026-03-31T20:55:31.801+0000] {dagbag.py:588} INFO - Filling up the DagBag from /opt/airflow/dags/ingestion_postgres_dag.py
[2026-03-31T20:55:31.826+0000] {processor.py:925} INFO - DAG(s) 'ingestion_postgres_tmdb' retrieved from /opt/airflow/dags/ingestion_postgres_dag.py
[2026-03-31T20:55:31.866+0000] {logging_mixin.py:190} INFO - [2026-03-31T20:55:31.866+0000] {dag.py:3239} INFO - Sync 1 DAGs
[2026-03-31T20:55:31.895+0000] {logging_mixin.py:190} INFO - [2026-03-31T20:55:31.895+0000] {dag.py:4180} INFO - Setting next_dagrun for ingestion_postgres_tmdb to 2026-03-02 10:00:00+00:00, run_after=2026-04-06 10:00:00+00:00
[2026-03-31T20:55:31.931+0000] {processor.py:208} INFO - Processing /opt/airflow/dags/ingestion_postgres_dag.py took 0.152 seconds
[2026-03-31T20:56:02.074+0000] {processor.py:186} INFO - Started process (PID=397) to work on /opt/airflow/dags/ingestion_postgres_dag.py
[2026-03-31T20:56:02.075+0000] {processor.py:914} INFO - Processing file /opt/airflow/dags/ingestion_postgres_dag.py for tasks to queue
[2026-03-31T20:56:02.077+0000] {logging_mixin.py:190} INFO - [2026-03-31T20:56:02.077+0000] {dagbag.py:588} INFO - Filling up the DagBag from /opt/airflow/dags/ingestion_postgres_dag.py
[2026-03-31T20:56:02.097+0000] {processor.py:925} INFO - DAG(s) 'ingestion_postgres_tmdb' retrieved from /opt/airflow/dags/ingestion_postgres_dag.py
[2026-03-31T20:56:02.130+0000] {logging_mixin.py:190} INFO - [2026-03-31T20:56:02.130+0000] {dag.py:3239} INFO - Sync 1 DAGs
[2026-03-31T20:56:02.156+0000] {logging_mixin.py:190} INFO - [2026-03-31T20:56:02.156+0000] {dag.py:4180} INFO - Setting next_dagrun for ingestion_postgres_tmdb to 2026-03-02 10:00:00+00:00, run_after=2026-04-06 10:00:00+00:00
[2026-03-31T20:56:02.178+0000] {processor.py:208} INFO - Processing /opt/airflow/dags/ingestion_postgres_dag.py took 0.110 seconds
[2026-03-31T20:56:32.461+0000] {processor.py:186} INFO - Started process (PID=407) to work on /opt/airflow/dags/ingestion_postgres_dag.py
[2026-03-31T20:56:32.462+0000] {processor.py:914} INFO - Processing file /opt/airflow/dags/ingestion_postgres_dag.py for tasks to queue
[2026-03-31T20:56:32.464+0000] {logging_mixin.py:190} INFO - [2026-03-31T20:56:32.464+0000] {dagbag.py:588} INFO - Filling up the DagBag from /opt/airflow/dags/ingestion_postgres_dag.py
[2026-03-31T20:56:32.485+0000] {processor.py:925} INFO - DAG(s) 'ingestion_postgres_tmdb' retrieved from /opt/airflow/dags/ingestion_postgres_dag.py
[2026-03-31T20:56:32.518+0000] {logging_mixin.py:190} INFO - [2026-03-31T20:56:32.518+0000] {dag.py:3239} INFO - Sync 1 DAGs
[2026-03-31T20:56:32.542+0000] {logging_mixin.py:190} INFO - [2026-03-31T20:56:32.542+0000] {dag.py:4180} INFO - Setting next_dagrun for ingestion_postgres_tmdb to 2026-03-02 10:00:00+00:00, run_after=2026-04-06 10:00:00+00:00
[2026-03-31T20:56:32.564+0000] {processor.py:208} INFO - Processing /opt/airflow/dags/ingestion_postgres_dag.py took 0.108 seconds
[2026-03-31T20:57:02.718+0000] {processor.py:186} INFO - Started process (PID=417) to work on /opt/airflow/dags/ingestion_postgres_dag.py
[2026-03-31T20:57:02.719+0000] {processor.py:914} INFO - Processing file /opt/airflow/dags/ingestion_postgres_dag.py for tasks to queue
[2026-03-31T20:57:02.721+0000] {logging_mixin.py:190} INFO - [2026-03-31T20:57:02.721+0000] {dagbag.py:588} INFO - Filling up the DagBag from /opt/airflow/dags/ingestion_postgres_dag.py
[2026-03-31T20:57:02.745+0000] {processor.py:925} INFO - DAG(s) 'ingestion_postgres_tmdb' retrieved from /opt/airflow/dags/ingestion_postgres_dag.py
[2026-03-31T20:57:02.780+0000] {logging_mixin.py:190} INFO - [2026-03-31T20:57:02.780+0000] {dag.py:3239} INFO - Sync 1 DAGs
[2026-03-31T20:57:02.807+0000] {logging_mixin.py:190} INFO - [2026-03-31T20:57:02.807+0000] {dag.py:4180} INFO - Setting next_dagrun for ingestion_postgres_tmdb to 2026-03-02 10:00:00+00:00, run_after=2026-04-06 10:00:00+00:00
[2026-03-31T20:57:02.834+0000] {processor.py:208} INFO - Processing /opt/airflow/dags/ingestion_postgres_dag.py took 0.123 seconds
[2026-03-31T20:57:33.156+0000] {processor.py:186} INFO - Started process (PID=427) to work on /opt/airflow/dags/ingestion_postgres_dag.py
[2026-03-31T20:57:33.157+0000] {processor.py:914} INFO - Processing file /opt/airflow/dags/ingestion_postgres_dag.py for tasks to queue
[2026-03-31T20:57:33.160+0000] {logging_mixin.py:190} INFO - [2026-03-31T20:57:33.160+0000] {dagbag.py:588} INFO - Filling up the DagBag from /opt/airflow/dags/ingestion_postgres_dag.py
[2026-03-31T20:57:33.178+0000] {processor.py:925} INFO - DAG(s) 'ingestion_postgres_tmdb' retrieved from /opt/airflow/dags/ingestion_postgres_dag.py
[2026-03-31T20:57:33.209+0000] {logging_mixin.py:190} INFO - [2026-03-31T20:57:33.209+0000] {dag.py:3239} INFO - Sync 1 DAGs
[2026-03-31T20:57:33.231+0000] {logging_mixin.py:190} INFO - [2026-03-31T20:57:33.231+0000] {dag.py:4180} INFO - Setting next_dagrun for ingestion_postgres_tmdb to 2026-03-02 10:00:00+00:00, run_after=2026-04-06 10:00:00+00:00
[2026-03-31T20:57:33.252+0000] {processor.py:208} INFO - Processing /opt/airflow/dags/ingestion_postgres_dag.py took 0.103 seconds
[2026-03-31T20:58:04.196+0000] {processor.py:186} INFO - Started process (PID=437) to work on /opt/airflow/dags/ingestion_postgres_dag.py
[2026-03-31T20:58:04.198+0000] {processor.py:914} INFO - Processing file /opt/airflow/dags/ingestion_postgres_dag.py for tasks to queue
[2026-03-31T20:58:04.201+0000] {logging_mixin.py:190} INFO - [2026-03-31T20:58:04.200+0000] {dagbag.py:588} INFO - Filling up the DagBag from /opt/airflow/dags/ingestion_postgres_dag.py
[2026-03-31T20:58:04.225+0000] {processor.py:925} INFO - DAG(s) 'ingestion_postgres_tmdb' retrieved from /opt/airflow/dags/ingestion_postgres_dag.py
[2026-03-31T20:58:04.014+0000] {logging_mixin.py:190} INFO - [2026-03-31T20:58:04.013+0000] {dag.py:3239} INFO - Sync 1 DAGs
[2026-03-31T20:58:04.047+0000] {logging_mixin.py:190} INFO - [2026-03-31T20:58:04.046+0000] {dag.py:4180} INFO - Setting next_dagrun for ingestion_postgres_tmdb to 2026-03-02 10:00:00+00:00, run_after=2026-04-06 10:00:00+00:00
[2026-03-31T20:58:04.075+0000] {processor.py:208} INFO - Processing /opt/airflow/dags/ingestion_postgres_dag.py took 0.133 seconds
[2026-03-31T20:58:28.918+0000] {processor.py:186} INFO - Started process (PID=447) to work on /opt/airflow/dags/ingestion_postgres_dag.py
[2026-03-31T20:58:28.919+0000] {processor.py:914} INFO - Processing file /opt/airflow/dags/ingestion_postgres_dag.py for tasks to queue
[2026-03-31T20:58:28.922+0000] {logging_mixin.py:190} INFO - [2026-03-31T20:58:28.921+0000] {dagbag.py:588} INFO - Filling up the DagBag from /opt/airflow/dags/ingestion_postgres_dag.py
[2026-03-31T20:58:28.951+0000] {processor.py:925} INFO - DAG(s) 'ingestion_postgres_tmdb' retrieved from /opt/airflow/dags/ingestion_postgres_dag.py
[2026-03-31T20:58:28.986+0000] {logging_mixin.py:190} INFO - [2026-03-31T20:58:28.986+0000] {dag.py:3239} INFO - Sync 1 DAGs
[2026-03-31T20:58:29.014+0000] {logging_mixin.py:190} INFO - [2026-03-31T20:58:29.014+0000] {dag.py:4180} INFO - Setting next_dagrun for ingestion_postgres_tmdb to 2026-03-02 10:00:00+00:00, run_after=2026-04-06 10:00:00+00:00
[2026-03-31T20:58:29.040+0000] {processor.py:208} INFO - Processing /opt/airflow/dags/ingestion_postgres_dag.py took 0.129 seconds
[2026-03-31T20:58:59.357+0000] {processor.py:186} INFO - Started process (PID=457) to work on /opt/airflow/dags/ingestion_postgres_dag.py
[2026-03-31T20:58:59.358+0000] {processor.py:914} INFO - Processing file /opt/airflow/dags/ingestion_postgres_dag.py for tasks to queue
[2026-03-31T20:58:59.361+0000] {logging_mixin.py:190} INFO - [2026-03-31T20:58:59.360+0000] {dagbag.py:588} INFO - Filling up the DagBag from /opt/airflow/dags/ingestion_postgres_dag.py
[2026-03-31T20:58:59.381+0000] {processor.py:925} INFO - DAG(s) 'ingestion_postgres_tmdb' retrieved from /opt/airflow/dags/ingestion_postgres_dag.py
[2026-03-31T20:58:59.416+0000] {logging_mixin.py:190} INFO - [2026-03-31T20:58:59.416+0000] {dag.py:3239} INFO - Sync 1 DAGs
[2026-03-31T20:58:59.443+0000] {logging_mixin.py:190} INFO - [2026-03-31T20:58:59.442+0000] {dag.py:4180} INFO - Setting next_dagrun for ingestion_postgres_tmdb to 2026-03-02 10:00:00+00:00, run_after=2026-04-06 10:00:00+00:00
[2026-03-31T20:58:59.465+0000] {processor.py:208} INFO - Processing /opt/airflow/dags/ingestion_postgres_dag.py took 0.116 seconds
[2026-03-31T20:59:24.199+0000] {processor.py:186} INFO - Started process (PID=467) to work on /opt/airflow/dags/ingestion_postgres_dag.py
[2026-03-31T20:59:24.201+0000] {processor.py:914} INFO - Processing file /opt/airflow/dags/ingestion_postgres_dag.py for tasks to queue
[2026-03-31T20:59:24.205+0000] {logging_mixin.py:190} INFO - [2026-03-31T20:59:24.205+0000] {dagbag.py:588} INFO - Filling up the DagBag from /opt/airflow/dags/ingestion_postgres_dag.py
[2026-03-31T20:59:24.225+0000] {processor.py:925} INFO - DAG(s) 'ingestion_postgres_tmdb' retrieved from /opt/airflow/dags/ingestion_postgres_dag.py
[2026-03-31T20:59:24.263+0000] {logging_mixin.py:190} INFO - [2026-03-31T20:59:24.263+0000] {dag.py:3239} INFO - Sync 1 DAGs
[2026-03-31T20:59:24.289+0000] {logging_mixin.py:190} INFO - [2026-03-31T20:59:24.289+0000] {dag.py:4180} INFO - Setting next_dagrun for ingestion_postgres_tmdb to 2026-03-02 10:00:00+00:00, run_after=2026-04-06 10:00:00+00:00
[2026-03-31T20:59:24.312+0000] {processor.py:208} INFO - Processing /opt/airflow/dags/ingestion_postgres_dag.py took 0.120 seconds
[2026-03-31T20:59:54.491+0000] {processor.py:186} INFO - Started process (PID=477) to work on /opt/airflow/dags/ingestion_postgres_dag.py
[2026-03-31T20:59:54.493+0000] {processor.py:914} INFO - Processing file /opt/airflow/dags/ingestion_postgres_dag.py for tasks to queue
[2026-03-31T20:59:54.495+0000] {logging_mixin.py:190} INFO - [2026-03-31T20:59:54.495+0000] {dagbag.py:588} INFO - Filling up the DagBag from /opt/airflow/dags/ingestion_postgres_dag.py
[2026-03-31T20:59:54.536+0000] {processor.py:925} INFO - DAG(s) 'ingestion_postgres_tmdb' retrieved from /opt/airflow/dags/ingestion_postgres_dag.py
[2026-03-31T20:59:54.577+0000] {logging_mixin.py:190} INFO - [2026-03-31T20:59:54.576+0000] {dag.py:3239} INFO - Sync 1 DAGs
[2026-03-31T20:59:54.602+0000] {logging_mixin.py:190} INFO - [2026-03-31T20:59:54.602+0000] {dag.py:4180} INFO - Setting next_dagrun for ingestion_postgres_tmdb to 2026-03-02 10:00:00+00:00, run_after=2026-04-06 10:00:00+00:00
[2026-03-31T20:59:54.628+0000] {processor.py:208} INFO - Processing /opt/airflow/dags/ingestion_postgres_dag.py took 0.144 seconds
[2026-03-31T21:00:24.952+0000] {processor.py:186} INFO - Started process (PID=487) to work on /opt/airflow/dags/ingestion_postgres_dag.py
[2026-03-31T21:00:24.953+0000] {processor.py:914} INFO - Processing file /opt/airflow/dags/ingestion_postgres_dag.py for tasks to queue
[2026-03-31T21:00:24.956+0000] {logging_mixin.py:190} INFO - [2026-03-31T21:00:24.956+0000] {dagbag.py:588} INFO - Filling up the DagBag from /opt/airflow/dags/ingestion_postgres_dag.py
[2026-03-31T21:00:24.974+0000] {processor.py:925} INFO - DAG(s) 'ingestion_postgres_tmdb' retrieved from /opt/airflow/dags/ingestion_postgres_dag.py
[2026-03-31T21:00:25.021+0000] {logging_mixin.py:190} INFO - [2026-03-31T21:00:25.021+0000] {dag.py:3239} INFO - Sync 1 DAGs
[2026-03-31T21:00:25.046+0000] {logging_mixin.py:190} INFO - [2026-03-31T21:00:25.045+0000] {dag.py:4180} INFO - Setting next_dagrun for ingestion_postgres_tmdb to 2026-03-02 10:00:00+00:00, run_after=2026-04-06 10:00:00+00:00
[2026-03-31T21:00:25.071+0000] {processor.py:208} INFO - Processing /opt/airflow/dags/ingestion_postgres_dag.py took 0.127 seconds
[2026-03-31T21:00:54.353+0000] {processor.py:186} INFO - Started process (PID=497) to work on /opt/airflow/dags/ingestion_postgres_dag.py
[2026-03-31T21:00:54.354+0000] {processor.py:914} INFO - Processing file /opt/airflow/dags/ingestion_postgres_dag.py for tasks to queue
[2026-03-31T21:00:54.358+0000] {logging_mixin.py:190} INFO - [2026-03-31T21:00:54.358+0000] {dagbag.py:588} INFO - Filling up the DagBag from /opt/airflow/dags/ingestion_postgres_dag.py
[2026-03-31T21:00:54.378+0000] {processor.py:925} INFO - DAG(s) 'ingestion_postgres_tmdb' retrieved from /opt/airflow/dags/ingestion_postgres_dag.py
[2026-03-31T21:00:54.410+0000] {logging_mixin.py:190} INFO - [2026-03-31T21:00:54.410+0000] {dag.py:3239} INFO - Sync 1 DAGs
[2026-03-31T21:00:54.433+0000] {logging_mixin.py:190} INFO - [2026-03-31T21:00:54.433+0000] {dag.py:4180} INFO - Setting next_dagrun for ingestion_postgres_tmdb to 2026-03-02 10:00:00+00:00, run_after=2026-04-06 10:00:00+00:00
[2026-03-31T21:00:54.459+0000] {processor.py:208} INFO - Processing /opt/airflow/dags/ingestion_postgres_dag.py took 0.116 seconds
[2026-03-31T21:01:24.608+0000] {processor.py:186} INFO - Started process (PID=507) to work on /opt/airflow/dags/ingestion_postgres_dag.py
[2026-03-31T21:01:24.610+0000] {processor.py:914} INFO - Processing file /opt/airflow/dags/ingestion_postgres_dag.py for tasks to queue
[2026-03-31T21:01:24.614+0000] {logging_mixin.py:190} INFO - [2026-03-31T21:01:24.614+0000] {dagbag.py:588} INFO - Filling up the DagBag from /opt/airflow/dags/ingestion_postgres_dag.py
[2026-03-31T21:01:24.636+0000] {processor.py:925} INFO - DAG(s) 'ingestion_postgres_tmdb' retrieved from /opt/airflow/dags/ingestion_postgres_dag.py
[2026-03-31T21:01:24.671+0000] {logging_mixin.py:190} INFO - [2026-03-31T21:01:24.671+0000] {dag.py:3239} INFO - Sync 1 DAGs
[2026-03-31T21:01:24.699+0000] {logging_mixin.py:190} INFO - [2026-03-31T21:01:24.699+0000] {dag.py:4180} INFO - Setting next_dagrun for ingestion_postgres_tmdb to 2026-03-02 10:00:00+00:00, run_after=2026-04-06 10:00:00+00:00
[2026-03-31T21:01:24.722+0000] {processor.py:208} INFO - Processing /opt/airflow/dags/ingestion_postgres_dag.py took 0.121 seconds
[2026-03-31T21:01:55.012+0000] {processor.py:186} INFO - Started process (PID=517) to work on /opt/airflow/dags/ingestion_postgres_dag.py
[2026-03-31T21:01:55.013+0000] {processor.py:914} INFO - Processing file /opt/airflow/dags/ingestion_postgres_dag.py for tasks to queue
[2026-03-31T21:01:55.015+0000] {logging_mixin.py:190} INFO - [2026-03-31T21:01:55.015+0000] {dagbag.py:588} INFO - Filling up the DagBag from /opt/airflow/dags/ingestion_postgres_dag.py
[2026-03-31T21:01:55.039+0000] {processor.py:925} INFO - DAG(s) 'ingestion_postgres_tmdb' retrieved from /opt/airflow/dags/ingestion_postgres_dag.py
[2026-03-31T21:01:55.065+0000] {logging_mixin.py:190} INFO - [2026-03-31T21:01:55.065+0000] {dag.py:3239} INFO - Sync 1 DAGs
[2026-03-31T21:01:55.086+0000] {logging_mixin.py:190} INFO - [2026-03-31T21:01:55.086+0000] {dag.py:4180} INFO - Setting next_dagrun for ingestion_postgres_tmdb to 2026-03-02 10:00:00+00:00, run_after=2026-04-06 10:00:00+00:00
[2026-03-31T21:01:55.107+0000] {processor.py:208} INFO - Processing /opt/airflow/dags/ingestion_postgres_dag.py took 0.101 seconds
[2026-03-31T21:02:25.286+0000] {processor.py:186} INFO - Started process (PID=527) to work on /opt/airflow/dags/ingestion_postgres_dag.py
[2026-03-31T21:02:25.288+0000] {processor.py:914} INFO - Processing file /opt/airflow/dags/ingestion_postgres_dag.py for tasks to queue
[2026-03-31T21:02:25.290+0000] {logging_mixin.py:190} INFO - [2026-03-31T21:02:25.290+0000] {dagbag.py:588} INFO - Filling up the DagBag from /opt/airflow/dags/ingestion_postgres_dag.py
[2026-03-31T21:02:25.309+0000] {processor.py:925} INFO - DAG(s) 'ingestion_postgres_tmdb' retrieved from /opt/airflow/dags/ingestion_postgres_dag.py
[2026-03-31T21:02:25.341+0000] {logging_mixin.py:190} INFO - [2026-03-31T21:02:25.340+0000] {dag.py:3239} INFO - Sync 1 DAGs
[2026-03-31T21:02:25.367+0000] {logging_mixin.py:190} INFO - [2026-03-31T21:02:25.366+0000] {dag.py:4180} INFO - Setting next_dagrun for ingestion_postgres_tmdb to 2026-03-02 10:00:00+00:00, run_after=2026-04-06 10:00:00+00:00
[2026-03-31T21:02:25.385+0000] {processor.py:208} INFO - Processing /opt/airflow/dags/ingestion_postgres_dag.py took 0.107 seconds
[2026-03-31T21:02:55.634+0000] {processor.py:186} INFO - Started process (PID=537) to work on /opt/airflow/dags/ingestion_postgres_dag.py
[2026-03-31T21:02:55.635+0000] {processor.py:914} INFO - Processing file /opt/airflow/dags/ingestion_postgres_dag.py for tasks to queue
[2026-03-31T21:02:55.637+0000] {logging_mixin.py:190} INFO - [2026-03-31T21:02:55.637+0000] {dagbag.py:588} INFO - Filling up the DagBag from /opt/airflow/dags/ingestion_postgres_dag.py
[2026-03-31T21:02:55.658+0000] {processor.py:925} INFO - DAG(s) 'ingestion_postgres_tmdb' retrieved from /opt/airflow/dags/ingestion_postgres_dag.py
[2026-03-31T21:02:55.687+0000] {logging_mixin.py:190} INFO - [2026-03-31T21:02:55.686+0000] {dag.py:3239} INFO - Sync 1 DAGs
[2026-03-31T21:02:55.709+0000] {logging_mixin.py:190} INFO - [2026-03-31T21:02:55.709+0000] {dag.py:4180} INFO - Setting next_dagrun for ingestion_postgres_tmdb to 2026-03-02 10:00:00+00:00, run_after=2026-04-06 10:00:00+00:00
[2026-03-31T21:02:55.728+0000] {processor.py:208} INFO - Processing /opt/airflow/dags/ingestion_postgres_dag.py took 0.102 seconds
[2026-03-31T21:03:25.897+0000] {processor.py:186} INFO - Started process (PID=547) to work on /opt/airflow/dags/ingestion_postgres_dag.py
[2026-03-31T21:03:25.898+0000] {processor.py:914} INFO - Processing file /opt/airflow/dags/ingestion_postgres_dag.py for tasks to queue
[2026-03-31T21:03:25.901+0000] {logging_mixin.py:190} INFO - [2026-03-31T21:03:25.900+0000] {dagbag.py:588} INFO - Filling up the DagBag from /opt/airflow/dags/ingestion_postgres_dag.py
[2026-03-31T21:03:25.922+0000] {processor.py:925} INFO - DAG(s) 'ingestion_postgres_tmdb' retrieved from /opt/airflow/dags/ingestion_postgres_dag.py
[2026-03-31T21:03:25.953+0000] {logging_mixin.py:190} INFO - [2026-03-31T21:03:25.953+0000] {dag.py:3239} INFO - Sync 1 DAGs
[2026-03-31T21:03:25.979+0000] {logging_mixin.py:190} INFO - [2026-03-31T21:03:25.978+0000] {dag.py:4180} INFO - Setting next_dagrun for ingestion_postgres_tmdb to 2026-03-02 10:00:00+00:00, run_after=2026-04-06 10:00:00+00:00
[2026-03-31T21:03:26.001+0000] {processor.py:208} INFO - Processing /opt/airflow/dags/ingestion_postgres_dag.py took 0.110 seconds
[2026-03-31T21:03:56.130+0000] {processor.py:186} INFO - Started process (PID=557) to work on /opt/airflow/dags/ingestion_postgres_dag.py
[2026-03-31T21:03:56.133+0000] {processor.py:914} INFO - Processing file /opt/airflow/dags/ingestion_postgres_dag.py for tasks to queue
[2026-03-31T21:03:56.138+0000] {logging_mixin.py:190} INFO - [2026-03-31T21:03:56.137+0000] {dagbag.py:588} INFO - Filling up the DagBag from /opt/airflow/dags/ingestion_postgres_dag.py
[2026-03-31T21:03:56.175+0000] {processor.py:925} INFO - DAG(s) 'ingestion_postgres_tmdb' retrieved from /opt/airflow/dags/ingestion_postgres_dag.py
[2026-03-31T21:03:56.208+0000] {logging_mixin.py:190} INFO - [2026-03-31T21:03:56.208+0000] {dag.py:3239} INFO - Sync 1 DAGs
[2026-03-31T21:03:56.234+0000] {logging_mixin.py:190} INFO - [2026-03-31T21:03:56.233+0000] {dag.py:4180} INFO - Setting next_dagrun for ingestion_postgres_tmdb to 2026-03-02 10:00:00+00:00, run_after=2026-04-06 10:00:00+00:00
[2026-03-31T21:03:56.255+0000] {processor.py:208} INFO - Processing /opt/airflow/dags/ingestion_postgres_dag.py took 0.134 seconds
[2026-03-31T21:04:26.584+0000] {processor.py:186} INFO - Started process (PID=567) to work on /opt/airflow/dags/ingestion_postgres_dag.py
[2026-03-31T21:04:26.585+0000] {processor.py:914} INFO - Processing file /opt/airflow/dags/ingestion_postgres_dag.py for tasks to queue
[2026-03-31T21:04:26.588+0000] {logging_mixin.py:190} INFO - [2026-03-31T21:04:26.587+0000] {dagbag.py:588} INFO - Filling up the DagBag from /opt/airflow/dags/ingestion_postgres_dag.py
[2026-03-31T21:04:26.606+0000] {processor.py:925} INFO - DAG(s) 'ingestion_postgres_tmdb' retrieved from /opt/airflow/dags/ingestion_postgres_dag.py
[2026-03-31T21:04:26.635+0000] {logging_mixin.py:190} INFO - [2026-03-31T21:04:26.635+0000] {dag.py:3239} INFO - Sync 1 DAGs
[2026-03-31T21:04:26.661+0000] {logging_mixin.py:190} INFO - [2026-03-31T21:04:26.660+0000] {dag.py:4180} INFO - Setting next_dagrun for ingestion_postgres_tmdb to 2026-03-02 10:00:00+00:00, run_after=2026-04-06 10:00:00+00:00
[2026-03-31T21:04:26.680+0000] {processor.py:208} INFO - Processing /opt/airflow/dags/ingestion_postgres_dag.py took 0.102 seconds
[2026-03-31T21:04:56.924+0000] {processor.py:186} INFO - Started process (PID=577) to work on /opt/airflow/dags/ingestion_postgres_dag.py
[2026-03-31T21:04:56.925+0000] {processor.py:914} INFO - Processing file /opt/airflow/dags/ingestion_postgres_dag.py for tasks to queue
[2026-03-31T21:04:56.927+0000] {logging_mixin.py:190} INFO - [2026-03-31T21:04:56.927+0000] {dagbag.py:588} INFO - Filling up the DagBag from /opt/airflow/dags/ingestion_postgres_dag.py
[2026-03-31T21:04:56.943+0000] {processor.py:925} INFO - DAG(s) 'ingestion_postgres_tmdb' retrieved from /opt/airflow/dags/ingestion_postgres_dag.py
[2026-03-31T21:04:56.978+0000] {logging_mixin.py:190} INFO - [2026-03-31T21:04:56.978+0000] {dag.py:3239} INFO - Sync 1 DAGs
[2026-03-31T21:04:57.003+0000] {logging_mixin.py:190} INFO - [2026-03-31T21:04:57.003+0000] {dag.py:4180} INFO - Setting next_dagrun for ingestion_postgres_tmdb to 2026-03-02 10:00:00+00:00, run_after=2026-04-06 10:00:00+00:00
[2026-03-31T21:04:57.025+0000] {processor.py:208} INFO - Processing /opt/airflow/dags/ingestion_postgres_dag.py took 0.108 seconds
[2026-03-31T21:05:27.366+0000] {processor.py:186} INFO - Started process (PID=587) to work on /opt/airflow/dags/ingestion_postgres_dag.py
[2026-03-31T21:05:27.367+0000] {processor.py:914} INFO - Processing file /opt/airflow/dags/ingestion_postgres_dag.py for tasks to queue
[2026-03-31T21:05:27.371+0000] {logging_mixin.py:190} INFO - [2026-03-31T21:05:27.370+0000] {dagbag.py:588} INFO - Filling up the DagBag from /opt/airflow/dags/ingestion_postgres_dag.py
[2026-03-31T21:05:27.393+0000] {processor.py:925} INFO - DAG(s) 'ingestion_postgres_tmdb' retrieved from /opt/airflow/dags/ingestion_postgres_dag.py
[2026-03-31T21:05:27.434+0000] {logging_mixin.py:190} INFO - [2026-03-31T21:05:27.434+0000] {dag.py:3239} INFO - Sync 1 DAGs
[2026-03-31T21:05:27.464+0000] {logging_mixin.py:190} INFO - [2026-03-31T21:05:27.464+0000] {dag.py:4180} INFO - Setting next_dagrun for ingestion_postgres_tmdb to 2026-03-02 10:00:00+00:00, run_after=2026-04-06 10:00:00+00:00
[2026-03-31T21:05:27.486+0000] {processor.py:208} INFO - Processing /opt/airflow/dags/ingestion_postgres_dag.py took 0.127 seconds
[2026-03-31T21:05:57.785+0000] {processor.py:186} INFO - Started process (PID=597) to work on /opt/airflow/dags/ingestion_postgres_dag.py
[2026-03-31T21:05:57.786+0000] {processor.py:914} INFO - Processing file /opt/airflow/dags/ingestion_postgres_dag.py for tasks to queue
[2026-03-31T21:05:57.788+0000] {logging_mixin.py:190} INFO - [2026-03-31T21:05:57.788+0000] {dagbag.py:588} INFO - Filling up the DagBag from /opt/airflow/dags/ingestion_postgres_dag.py
[2026-03-31T21:05:57.810+0000] {processor.py:925} INFO - DAG(s) 'ingestion_postgres_tmdb' retrieved from /opt/airflow/dags/ingestion_postgres_dag.py
[2026-03-31T21:05:57.841+0000] {logging_mixin.py:190} INFO - [2026-03-31T21:05:57.840+0000] {dag.py:3239} INFO - Sync 1 DAGs
[2026-03-31T21:05:57.869+0000] {logging_mixin.py:190} INFO - [2026-03-31T21:05:57.869+0000] {dag.py:4180} INFO - Setting next_dagrun for ingestion_postgres_tmdb to 2026-03-02 10:00:00+00:00, run_after=2026-04-06 10:00:00+00:00
[2026-03-31T21:05:57.893+0000] {processor.py:208} INFO - Processing /opt/airflow/dags/ingestion_postgres_dag.py took 0.115 seconds
[2026-03-31T21:06:28.190+0000] {processor.py:186} INFO - Started process (PID=607) to work on /opt/airflow/dags/ingestion_postgres_dag.py
[2026-03-31T21:06:28.191+0000] {processor.py:914} INFO - Processing file /opt/airflow/dags/ingestion_postgres_dag.py for tasks to queue
[2026-03-31T21:06:28.194+0000] {logging_mixin.py:190} INFO - [2026-03-31T21:06:28.193+0000] {dagbag.py:588} INFO - Filling up the DagBag from /opt/airflow/dags/ingestion_postgres_dag.py
[2026-03-31T21:06:28.217+0000] {processor.py:925} INFO - DAG(s) 'ingestion_postgres_tmdb' retrieved from /opt/airflow/dags/ingestion_postgres_dag.py
[2026-03-31T21:06:28.245+0000] {logging_mixin.py:190} INFO - [2026-03-31T21:06:28.245+0000] {dag.py:3239} INFO - Sync 1 DAGs
[2026-03-31T21:06:28.268+0000] {logging_mixin.py:190} INFO - [2026-03-31T21:06:28.268+0000] {dag.py:4180} INFO - Setting next_dagrun for ingestion_postgres_tmdb to 2026-03-02 10:00:00+00:00, run_after=2026-04-06 10:00:00+00:00
[2026-03-31T21:06:28.290+0000] {processor.py:208} INFO - Processing /opt/airflow/dags/ingestion_postgres_dag.py took 0.109 seconds
[2026-03-31T21:06:58.497+0000] {processor.py:186} INFO - Started process (PID=617) to work on /opt/airflow/dags/ingestion_postgres_dag.py
[2026-03-31T21:06:58.498+0000] {processor.py:914} INFO - Processing file /opt/airflow/dags/ingestion_postgres_dag.py for tasks to queue
[2026-03-31T21:06:58.501+0000] {logging_mixin.py:190} INFO - [2026-03-31T21:06:58.501+0000] {dagbag.py:588} INFO - Filling up the DagBag from /opt/airflow/dags/ingestion_postgres_dag.py
[2026-03-31T21:06:58.525+0000] {processor.py:925} INFO - DAG(s) 'ingestion_postgres_tmdb' retrieved from /opt/airflow/dags/ingestion_postgres_dag.py
[2026-03-31T21:06:58.555+0000] {logging_mixin.py:190} INFO - [2026-03-31T21:06:58.554+0000] {dag.py:3239} INFO - Sync 1 DAGs
[2026-03-31T21:06:58.577+0000] {logging_mixin.py:190} INFO - [2026-03-31T21:06:58.577+0000] {dag.py:4180} INFO - Setting next_dagrun for ingestion_postgres_tmdb to 2026-03-02 10:00:00+00:00, run_after=2026-04-06 10:00:00+00:00
[2026-03-31T21:06:58.597+0000] {processor.py:208} INFO - Processing /opt/airflow/dags/ingestion_postgres_dag.py took 0.107 seconds
[2026-03-31T21:07:28.899+0000] {processor.py:186} INFO - Started process (PID=627) to work on /opt/airflow/dags/ingestion_postgres_dag.py
[2026-03-31T21:07:28.900+0000] {processor.py:914} INFO - Processing file /opt/airflow/dags/ingestion_postgres_dag.py for tasks to queue
[2026-03-31T21:07:28.902+0000] {logging_mixin.py:190} INFO - [2026-03-31T21:07:28.902+0000] {dagbag.py:588} INFO - Filling up the DagBag from /opt/airflow/dags/ingestion_postgres_dag.py
[2026-03-31T21:07:28.922+0000] {processor.py:925} INFO - DAG(s) 'ingestion_postgres_tmdb' retrieved from /opt/airflow/dags/ingestion_postgres_dag.py
[2026-03-31T21:07:28.950+0000] {logging_mixin.py:190} INFO - [2026-03-31T21:07:28.950+0000] {dag.py:3239} INFO - Sync 1 DAGs
[2026-03-31T21:07:28.975+0000] {logging_mixin.py:190} INFO - [2026-03-31T21:07:28.975+0000] {dag.py:4180} INFO - Setting next_dagrun for ingestion_postgres_tmdb to 2026-03-02 10:00:00+00:00, run_after=2026-04-06 10:00:00+00:00
[2026-03-31T21:07:28.995+0000] {processor.py:208} INFO - Processing /opt/airflow/dags/ingestion_postgres_dag.py took 0.103 seconds
[2026-03-31T21:07:59.171+0000] {processor.py:186} INFO - Started process (PID=637) to work on /opt/airflow/dags/ingestion_postgres_dag.py
[2026-03-31T21:07:59.172+0000] {processor.py:914} INFO - Processing file /opt/airflow/dags/ingestion_postgres_dag.py for tasks to queue
[2026-03-31T21:07:59.174+0000] {logging_mixin.py:190} INFO - [2026-03-31T21:07:59.174+0000] {dagbag.py:588} INFO - Filling up the DagBag from /opt/airflow/dags/ingestion_postgres_dag.py
[2026-03-31T21:07:59.198+0000] {processor.py:925} INFO - DAG(s) 'ingestion_postgres_tmdb' retrieved from /opt/airflow/dags/ingestion_postgres_dag.py
[2026-03-31T21:07:59.228+0000] {logging_mixin.py:190} INFO - [2026-03-31T21:07:59.228+0000] {dag.py:3239} INFO - Sync 1 DAGs
[2026-03-31T21:07:59.252+0000] {logging_mixin.py:190} INFO - [2026-03-31T21:07:59.252+0000] {dag.py:4180} INFO - Setting next_dagrun for ingestion_postgres_tmdb to 2026-03-02 10:00:00+00:00, run_after=2026-04-06 10:00:00+00:00
[2026-03-31T21:07:59.275+0000] {processor.py:208} INFO - Processing /opt/airflow/dags/ingestion_postgres_dag.py took 0.111 seconds
[2026-03-31T21:08:30.108+0000] {processor.py:186} INFO - Started process (PID=647) to work on /opt/airflow/dags/ingestion_postgres_dag.py
[2026-03-31T21:08:30.109+0000] {processor.py:914} INFO - Processing file /opt/airflow/dags/ingestion_postgres_dag.py for tasks to queue
[2026-03-31T21:08:30.112+0000] {logging_mixin.py:190} INFO - [2026-03-31T21:08:30.111+0000] {dagbag.py:588} INFO - Filling up the DagBag from /opt/airflow/dags/ingestion_postgres_dag.py
[2026-03-31T21:08:30.132+0000] {processor.py:925} INFO - DAG(s) 'ingestion_postgres_tmdb' retrieved from /opt/airflow/dags/ingestion_postgres_dag.py
[2026-03-31T21:08:30.163+0000] {logging_mixin.py:190} INFO - [2026-03-31T21:08:30.163+0000] {dag.py:3239} INFO - Sync 1 DAGs
[2026-03-31T21:08:30.194+0000] {logging_mixin.py:190} INFO - [2026-03-31T21:08:30.194+0000] {dag.py:4180} INFO - Setting next_dagrun for ingestion_postgres_tmdb to 2026-03-02 10:00:00+00:00, run_after=2026-04-06 10:00:00+00:00
[2026-03-31T21:08:30.217+0000] {processor.py:208} INFO - Processing /opt/airflow/dags/ingestion_postgres_dag.py took 0.119 seconds
[2026-03-31T21:09:00.369+0000] {processor.py:186} INFO - Started process (PID=657) to work on /opt/airflow/dags/ingestion_postgres_dag.py
[2026-03-31T21:09:00.370+0000] {processor.py:914} INFO - Processing file /opt/airflow/dags/ingestion_postgres_dag.py for tasks to queue
[2026-03-31T21:09:00.372+0000] {logging_mixin.py:190} INFO - [2026-03-31T21:09:00.372+0000] {dagbag.py:588} INFO - Filling up the DagBag from /opt/airflow/dags/ingestion_postgres_dag.py
[2026-03-31T21:09:00.393+0000] {processor.py:925} INFO - DAG(s) 'ingestion_postgres_tmdb' retrieved from /opt/airflow/dags/ingestion_postgres_dag.py
[2026-03-31T21:09:00.423+0000] {logging_mixin.py:190} INFO - [2026-03-31T21:09:00.423+0000] {dag.py:3239} INFO - Sync 1 DAGs
[2026-03-31T21:09:00.446+0000] {logging_mixin.py:190} INFO - [2026-03-31T21:09:00.446+0000] {dag.py:4180} INFO - Setting next_dagrun for ingestion_postgres_tmdb to 2026-03-02 10:00:00+00:00, run_after=2026-04-06 10:00:00+00:00
[2026-03-31T21:09:00.467+0000] {processor.py:208} INFO - Processing /opt/airflow/dags/ingestion_postgres_dag.py took 0.105 seconds
[2026-03-31T21:09:30.781+0000] {processor.py:186} INFO - Started process (PID=667) to work on /opt/airflow/dags/ingestion_postgres_dag.py
[2026-03-31T21:09:30.782+0000] {processor.py:914} INFO - Processing file /opt/airflow/dags/ingestion_postgres_dag.py for tasks to queue
[2026-03-31T21:09:30.788+0000] {logging_mixin.py:190} INFO - [2026-03-31T21:09:30.788+0000] {dagbag.py:588} INFO - Filling up the DagBag from /opt/airflow/dags/ingestion_postgres_dag.py
[2026-03-31T21:09:30.814+0000] {processor.py:925} INFO - DAG(s) 'ingestion_postgres_tmdb' retrieved from /opt/airflow/dags/ingestion_postgres_dag.py
[2026-03-31T21:09:30.845+0000] {logging_mixin.py:190} INFO - [2026-03-31T21:09:30.845+0000] {dag.py:3239} INFO - Sync 1 DAGs
[2026-03-31T21:09:30.870+0000] {logging_mixin.py:190} INFO - [2026-03-31T21:09:30.870+0000] {dag.py:4180} INFO - Setting next_dagrun for ingestion_postgres_tmdb to 2026-03-02 10:00:00+00:00, run_after=2026-04-06 10:00:00+00:00
[2026-03-31T21:09:30.894+0000] {processor.py:208} INFO - Processing /opt/airflow/dags/ingestion_postgres_dag.py took 0.120 seconds
[2026-03-31T21:10:01.185+0000] {processor.py:186} INFO - Started process (PID=677) to work on /opt/airflow/dags/ingestion_postgres_dag.py
[2026-03-31T21:10:01.187+0000] {processor.py:914} INFO - Processing file /opt/airflow/dags/ingestion_postgres_dag.py for tasks to queue
[2026-03-31T21:10:01.189+0000] {logging_mixin.py:190} INFO - [2026-03-31T21:10:01.189+0000] {dagbag.py:588} INFO - Filling up the DagBag from /opt/airflow/dags/ingestion_postgres_dag.py
[2026-03-31T21:10:01.210+0000] {processor.py:925} INFO - DAG(s) 'ingestion_postgres_tmdb' retrieved from /opt/airflow/dags/ingestion_postgres_dag.py
[2026-03-31T21:10:01.237+0000] {logging_mixin.py:190} INFO - [2026-03-31T21:10:01.237+0000] {dag.py:3239} INFO - Sync 1 DAGs
[2026-03-31T21:10:01.264+0000] {logging_mixin.py:190} INFO - [2026-03-31T21:10:01.263+0000] {dag.py:4180} INFO - Setting next_dagrun for ingestion_postgres_tmdb to 2026-03-02 10:00:00+00:00, run_after=2026-04-06 10:00:00+00:00
[2026-03-31T21:10:01.285+0000] {processor.py:208} INFO - Processing /opt/airflow/dags/ingestion_postgres_dag.py took 0.106 seconds
[2026-03-31T21:10:31.459+0000] {processor.py:186} INFO - Started process (PID=687) to work on /opt/airflow/dags/ingestion_postgres_dag.py
[2026-03-31T21:10:31.460+0000] {processor.py:914} INFO - Processing file /opt/airflow/dags/ingestion_postgres_dag.py for tasks to queue
[2026-03-31T21:10:31.462+0000] {logging_mixin.py:190} INFO - [2026-03-31T21:10:31.462+0000] {dagbag.py:588} INFO - Filling up the DagBag from /opt/airflow/dags/ingestion_postgres_dag.py
[2026-03-31T21:10:31.482+0000] {processor.py:925} INFO - DAG(s) 'ingestion_postgres_tmdb' retrieved from /opt/airflow/dags/ingestion_postgres_dag.py
[2026-03-31T21:10:31.510+0000] {logging_mixin.py:190} INFO - [2026-03-31T21:10:31.510+0000] {dag.py:3239} INFO - Sync 1 DAGs
[2026-03-31T21:10:31.532+0000] {logging_mixin.py:190} INFO - [2026-03-31T21:10:31.532+0000] {dag.py:4180} INFO - Setting next_dagrun for ingestion_postgres_tmdb to 2026-03-02 10:00:00+00:00, run_after=2026-04-06 10:00:00+00:00
[2026-03-31T21:10:31.551+0000] {processor.py:208} INFO - Processing /opt/airflow/dags/ingestion_postgres_dag.py took 0.099 seconds
[2026-03-31T21:11:01.806+0000] {processor.py:186} INFO - Started process (PID=697) to work on /opt/airflow/dags/ingestion_postgres_dag.py
[2026-03-31T21:11:01.807+0000] {processor.py:914} INFO - Processing file /opt/airflow/dags/ingestion_postgres_dag.py for tasks to queue
[2026-03-31T21:11:01.809+0000] {logging_mixin.py:190} INFO - [2026-03-31T21:11:01.809+0000] {dagbag.py:588} INFO - Filling up the DagBag from /opt/airflow/dags/ingestion_postgres_dag.py
[2026-03-31T21:11:01.833+0000] {processor.py:925} INFO - DAG(s) 'ingestion_postgres_tmdb' retrieved from /opt/airflow/dags/ingestion_postgres_dag.py
[2026-03-31T21:11:01.868+0000] {logging_mixin.py:190} INFO - [2026-03-31T21:11:01.868+0000] {dag.py:3239} INFO - Sync 1 DAGs
[2026-03-31T21:11:01.908+0000] {logging_mixin.py:190} INFO - [2026-03-31T21:11:01.908+0000] {dag.py:4180} INFO - Setting next_dagrun for ingestion_postgres_tmdb to 2026-03-02 10:00:00+00:00, run_after=2026-04-06 10:00:00+00:00
[2026-03-31T21:11:01.932+0000] {processor.py:208} INFO - Processing /opt/airflow/dags/ingestion_postgres_dag.py took 0.132 seconds
[2026-03-31T21:11:32.241+0000] {processor.py:186} INFO - Started process (PID=707) to work on /opt/airflow/dags/ingestion_postgres_dag.py
[2026-03-31T21:11:32.242+0000] {processor.py:914} INFO - Processing file /opt/airflow/dags/ingestion_postgres_dag.py for tasks to queue
[2026-03-31T21:11:32.248+0000] {logging_mixin.py:190} INFO - [2026-03-31T21:11:32.248+0000] {dagbag.py:588} INFO - Filling up the DagBag from /opt/airflow/dags/ingestion_postgres_dag.py
[2026-03-31T21:11:32.285+0000] {processor.py:925} INFO - DAG(s) 'ingestion_postgres_tmdb' retrieved from /opt/airflow/dags/ingestion_postgres_dag.py
[2026-03-31T21:11:32.313+0000] {logging_mixin.py:190} INFO - [2026-03-31T21:11:32.313+0000] {dag.py:3239} INFO - Sync 1 DAGs
[2026-03-31T21:11:32.333+0000] {logging_mixin.py:190} INFO - [2026-03-31T21:11:32.333+0000] {dag.py:4180} INFO - Setting next_dagrun for ingestion_postgres_tmdb to 2026-03-02 10:00:00+00:00, run_after=2026-04-06 10:00:00+00:00
[2026-03-31T21:11:32.351+0000] {processor.py:208} INFO - Processing /opt/airflow/dags/ingestion_postgres_dag.py took 0.117 seconds
[2026-03-31T21:12:02.521+0000] {processor.py:186} INFO - Started process (PID=717) to work on /opt/airflow/dags/ingestion_postgres_dag.py
[2026-03-31T21:12:02.523+0000] {processor.py:914} INFO - Processing file /opt/airflow/dags/ingestion_postgres_dag.py for tasks to queue
[2026-03-31T21:12:02.526+0000] {logging_mixin.py:190} INFO - [2026-03-31T21:12:02.525+0000] {dagbag.py:588} INFO - Filling up the DagBag from /opt/airflow/dags/ingestion_postgres_dag.py
[2026-03-31T21:12:02.547+0000] {processor.py:925} INFO - DAG(s) 'ingestion_postgres_tmdb' retrieved from /opt/airflow/dags/ingestion_postgres_dag.py
[2026-03-31T21:12:02.578+0000] {logging_mixin.py:190} INFO - [2026-03-31T21:12:02.578+0000] {dag.py:3239} INFO - Sync 1 DAGs
[2026-03-31T21:12:02.601+0000] {logging_mixin.py:190} INFO - [2026-03-31T21:12:02.601+0000] {dag.py:4180} INFO - Setting next_dagrun for ingestion_postgres_tmdb to 2026-03-02 10:00:00+00:00, run_after=2026-04-06 10:00:00+00:00
[2026-03-31T21:12:02.619+0000] {processor.py:208} INFO - Processing /opt/airflow/dags/ingestion_postgres_dag.py took 0.104 seconds
[2026-03-31T21:12:32.856+0000] {processor.py:186} INFO - Started process (PID=727) to work on /opt/airflow/dags/ingestion_postgres_dag.py
[2026-03-31T21:12:32.857+0000] {processor.py:914} INFO - Processing file /opt/airflow/dags/ingestion_postgres_dag.py for tasks to queue
[2026-03-31T21:12:32.859+0000] {logging_mixin.py:190} INFO - [2026-03-31T21:12:32.859+0000] {dagbag.py:588} INFO - Filling up the DagBag from /opt/airflow/dags/ingestion_postgres_dag.py
[2026-03-31T21:12:32.882+0000] {processor.py:925} INFO - DAG(s) 'ingestion_postgres_tmdb' retrieved from /opt/airflow/dags/ingestion_postgres_dag.py
[2026-03-31T21:12:32.914+0000] {logging_mixin.py:190} INFO - [2026-03-31T21:12:32.914+0000] {dag.py:3239} INFO - Sync 1 DAGs
[2026-03-31T21:12:32.936+0000] {logging_mixin.py:190} INFO - [2026-03-31T21:12:32.936+0000] {dag.py:4180} INFO - Setting next_dagrun for ingestion_postgres_tmdb to 2026-03-02 10:00:00+00:00, run_after=2026-04-06 10:00:00+00:00
[2026-03-31T21:12:32.956+0000] {processor.py:208} INFO - Processing /opt/airflow/dags/ingestion_postgres_dag.py took 0.105 seconds
[2026-03-31T21:13:03.109+0000] {processor.py:186} INFO - Started process (PID=737) to work on /opt/airflow/dags/ingestion_postgres_dag.py
[2026-03-31T21:13:03.110+0000] {processor.py:914} INFO - Processing file /opt/airflow/dags/ingestion_postgres_dag.py for tasks to queue
[2026-03-31T21:13:03.112+0000] {logging_mixin.py:190} INFO - [2026-03-31T21:13:03.112+0000] {dagbag.py:588} INFO - Filling up the DagBag from /opt/airflow/dags/ingestion_postgres_dag.py
[2026-03-31T21:13:03.132+0000] {processor.py:925} INFO - DAG(s) 'ingestion_postgres_tmdb' retrieved from /opt/airflow/dags/ingestion_postgres_dag.py
[2026-03-31T21:13:03.169+0000] {logging_mixin.py:190} INFO - [2026-03-31T21:13:03.168+0000] {dag.py:3239} INFO - Sync 1 DAGs
[2026-03-31T21:13:03.196+0000] {logging_mixin.py:190} INFO - [2026-03-31T21:13:03.196+0000] {dag.py:4180} INFO - Setting next_dagrun for ingestion_postgres_tmdb to 2026-03-02 10:00:00+00:00, run_after=2026-04-06 10:00:00+00:00
[2026-03-31T21:13:03.216+0000] {processor.py:208} INFO - Processing /opt/airflow/dags/ingestion_postgres_dag.py took 0.113 seconds
[2026-03-31T21:13:33.649+0000] {processor.py:186} INFO - Started process (PID=747) to work on /opt/airflow/dags/ingestion_postgres_dag.py
[2026-03-31T21:13:33.650+0000] {processor.py:914} INFO - Processing file /opt/airflow/dags/ingestion_postgres_dag.py for tasks to queue
[2026-03-31T21:13:33.653+0000] {logging_mixin.py:190} INFO - [2026-03-31T21:13:33.652+0000] {dagbag.py:588} INFO - Filling up the DagBag from /opt/airflow/dags/ingestion_postgres_dag.py
[2026-03-31T21:13:33.673+0000] {processor.py:925} INFO - DAG(s) 'ingestion_postgres_tmdb' retrieved from /opt/airflow/dags/ingestion_postgres_dag.py
[2026-03-31T21:13:33.706+0000] {logging_mixin.py:190} INFO - [2026-03-31T21:13:33.706+0000] {dag.py:3239} INFO - Sync 1 DAGs
[2026-03-31T21:13:33.731+0000] {logging_mixin.py:190} INFO - [2026-03-31T21:13:33.731+0000] {dag.py:4180} INFO - Setting next_dagrun for ingestion_postgres_tmdb to 2026-03-02 10:00:00+00:00, run_after=2026-04-06 10:00:00+00:00
[2026-03-31T21:13:33.750+0000] {processor.py:208} INFO - Processing /opt/airflow/dags/ingestion_postgres_dag.py took 0.106 seconds
[2026-03-31T21:14:03.930+0000] {processor.py:186} INFO - Started process (PID=757) to work on /opt/airflow/dags/ingestion_postgres_dag.py
[2026-03-31T21:14:03.937+0000] {processor.py:914} INFO - Processing file /opt/airflow/dags/ingestion_postgres_dag.py for tasks to queue
[2026-03-31T21:14:03.946+0000] {logging_mixin.py:190} INFO - [2026-03-31T21:14:03.945+0000] {dagbag.py:588} INFO - Filling up the DagBag from /opt/airflow/dags/ingestion_postgres_dag.py
[2026-03-31T21:14:03.971+0000] {processor.py:925} INFO - DAG(s) 'ingestion_postgres_tmdb' retrieved from /opt/airflow/dags/ingestion_postgres_dag.py
[2026-03-31T21:14:04.018+0000] {logging_mixin.py:190} INFO - [2026-03-31T21:14:04.018+0000] {dag.py:3239} INFO - Sync 1 DAGs
[2026-03-31T21:14:04.047+0000] {logging_mixin.py:190} INFO - [2026-03-31T21:14:04.046+0000] {dag.py:4180} INFO - Setting next_dagrun for ingestion_postgres_tmdb to 2026-03-02 10:00:00+00:00, run_after=2026-04-06 10:00:00+00:00
[2026-03-31T21:14:04.069+0000] {processor.py:208} INFO - Processing /opt/airflow/dags/ingestion_postgres_dag.py took 0.150 seconds
[2026-03-31T21:14:34.326+0000] {processor.py:186} INFO - Started process (PID=767) to work on /opt/airflow/dags/ingestion_postgres_dag.py
[2026-03-31T21:14:34.328+0000] {processor.py:914} INFO - Processing file /opt/airflow/dags/ingestion_postgres_dag.py for tasks to queue
[2026-03-31T21:14:34.331+0000] {logging_mixin.py:190} INFO - [2026-03-31T21:14:34.331+0000] {dagbag.py:588} INFO - Filling up the DagBag from /opt/airflow/dags/ingestion_postgres_dag.py
[2026-03-31T21:14:34.353+0000] {processor.py:925} INFO - DAG(s) 'ingestion_postgres_tmdb' retrieved from /opt/airflow/dags/ingestion_postgres_dag.py
[2026-03-31T21:14:34.383+0000] {logging_mixin.py:190} INFO - [2026-03-31T21:14:34.382+0000] {dag.py:3239} INFO - Sync 1 DAGs
[2026-03-31T21:14:34.407+0000] {logging_mixin.py:190} INFO - [2026-03-31T21:14:34.407+0000] {dag.py:4180} INFO - Setting next_dagrun for ingestion_postgres_tmdb to 2026-03-02 10:00:00+00:00, run_after=2026-04-06 10:00:00+00:00
[2026-03-31T21:14:34.426+0000] {processor.py:208} INFO - Processing /opt/airflow/dags/ingestion_postgres_dag.py took 0.109 seconds
[2026-03-31T21:15:04.711+0000] {processor.py:186} INFO - Started process (PID=777) to work on /opt/airflow/dags/ingestion_postgres_dag.py
[2026-03-31T21:15:04.712+0000] {processor.py:914} INFO - Processing file /opt/airflow/dags/ingestion_postgres_dag.py for tasks to queue
[2026-03-31T21:15:04.714+0000] {logging_mixin.py:190} INFO - [2026-03-31T21:15:04.714+0000] {dagbag.py:588} INFO - Filling up the DagBag from /opt/airflow/dags/ingestion_postgres_dag.py
[2026-03-31T21:15:04.745+0000] {processor.py:925} INFO - DAG(s) 'ingestion_postgres_tmdb' retrieved from /opt/airflow/dags/ingestion_postgres_dag.py
[2026-03-31T21:15:04.777+0000] {logging_mixin.py:190} INFO - [2026-03-31T21:15:04.776+0000] {dag.py:3239} INFO - Sync 1 DAGs
[2026-03-31T21:15:04.801+0000] {logging_mixin.py:190} INFO - [2026-03-31T21:15:04.801+0000] {dag.py:4180} INFO - Setting next_dagrun for ingestion_postgres_tmdb to 2026-03-02 10:00:00+00:00, run_after=2026-04-06 10:00:00+00:00
[2026-03-31T21:15:04.829+0000] {processor.py:208} INFO - Processing /opt/airflow/dags/ingestion_postgres_dag.py took 0.124 seconds
[2026-03-31T21:15:35.136+0000] {processor.py:186} INFO - Started process (PID=787) to work on /opt/airflow/dags/ingestion_postgres_dag.py
[2026-03-31T21:15:35.137+0000] {processor.py:914} INFO - Processing file /opt/airflow/dags/ingestion_postgres_dag.py for tasks to queue
[2026-03-31T21:15:35.140+0000] {logging_mixin.py:190} INFO - [2026-03-31T21:15:35.139+0000] {dagbag.py:588} INFO - Filling up the DagBag from /opt/airflow/dags/ingestion_postgres_dag.py
[2026-03-31T21:15:35.165+0000] {processor.py:925} INFO - DAG(s) 'ingestion_postgres_tmdb' retrieved from /opt/airflow/dags/ingestion_postgres_dag.py
[2026-03-31T21:15:35.195+0000] {logging_mixin.py:190} INFO - [2026-03-31T21:15:35.195+0000] {dag.py:3239} INFO - Sync 1 DAGs
[2026-03-31T21:15:35.225+0000] {logging_mixin.py:190} INFO - [2026-03-31T21:15:35.225+0000] {dag.py:4180} INFO - Setting next_dagrun for ingestion_postgres_tmdb to 2026-03-02 10:00:00+00:00, run_after=2026-04-06 10:00:00+00:00
[2026-03-31T21:15:35.249+0000] {processor.py:208} INFO - Processing /opt/airflow/dags/ingestion_postgres_dag.py took 0.121 seconds
[2026-03-31T21:16:05.528+0000] {processor.py:186} INFO - Started process (PID=797) to work on /opt/airflow/dags/ingestion_postgres_dag.py
[2026-03-31T21:16:05.529+0000] {processor.py:914} INFO - Processing file /opt/airflow/dags/ingestion_postgres_dag.py for tasks to queue
[2026-03-31T21:16:05.532+0000] {logging_mixin.py:190} INFO - [2026-03-31T21:16:05.531+0000] {dagbag.py:588} INFO - Filling up the DagBag from /opt/airflow/dags/ingestion_postgres_dag.py
[2026-03-31T21:16:05.554+0000] {processor.py:925} INFO - DAG(s) 'ingestion_postgres_tmdb' retrieved from /opt/airflow/dags/ingestion_postgres_dag.py
[2026-03-31T21:16:05.584+0000] {logging_mixin.py:190} INFO - [2026-03-31T21:16:05.584+0000] {dag.py:3239} INFO - Sync 1 DAGs
[2026-03-31T21:16:05.609+0000] {logging_mixin.py:190} INFO - [2026-03-31T21:16:05.609+0000] {dag.py:4180} INFO - Setting next_dagrun for ingestion_postgres_tmdb to 2026-03-02 10:00:00+00:00, run_after=2026-04-06 10:00:00+00:00
[2026-03-31T21:16:05.632+0000] {processor.py:208} INFO - Processing /opt/airflow/dags/ingestion_postgres_dag.py took 0.112 seconds
[2026-03-31T21:16:35.813+0000] {processor.py:186} INFO - Started process (PID=807) to work on /opt/airflow/dags/ingestion_postgres_dag.py
[2026-03-31T21:16:35.814+0000] {processor.py:914} INFO - Processing file /opt/airflow/dags/ingestion_postgres_dag.py for tasks to queue
[2026-03-31T21:16:35.816+0000] {logging_mixin.py:190} INFO - [2026-03-31T21:16:35.816+0000] {dagbag.py:588} INFO - Filling up the DagBag from /opt/airflow/dags/ingestion_postgres_dag.py
[2026-03-31T21:16:35.834+0000] {processor.py:925} INFO - DAG(s) 'ingestion_postgres_tmdb' retrieved from /opt/airflow/dags/ingestion_postgres_dag.py
[2026-03-31T21:16:35.866+0000] {logging_mixin.py:190} INFO - [2026-03-31T21:16:35.866+0000] {dag.py:3239} INFO - Sync 1 DAGs
[2026-03-31T21:16:35.890+0000] {logging_mixin.py:190} INFO - [2026-03-31T21:16:35.890+0000] {dag.py:4180} INFO - Setting next_dagrun for ingestion_postgres_tmdb to 2026-03-02 10:00:00+00:00, run_after=2026-04-06 10:00:00+00:00
[2026-03-31T21:16:35.909+0000] {processor.py:208} INFO - Processing /opt/airflow/dags/ingestion_postgres_dag.py took 0.104 seconds
[2026-03-31T21:17:06.206+0000] {processor.py:186} INFO - Started process (PID=817) to work on /opt/airflow/dags/ingestion_postgres_dag.py
[2026-03-31T21:17:06.207+0000] {processor.py:914} INFO - Processing file /opt/airflow/dags/ingestion_postgres_dag.py for tasks to queue
[2026-03-31T21:17:06.209+0000] {logging_mixin.py:190} INFO - [2026-03-31T21:17:06.209+0000] {dagbag.py:588} INFO - Filling up the DagBag from /opt/airflow/dags/ingestion_postgres_dag.py
[2026-03-31T21:17:11.387+0000] {processor.py:925} INFO - DAG(s) 'ingestion_postgres_tmdb' retrieved from /opt/airflow/dags/ingestion_postgres_dag.py
[2026-03-31T21:17:05.764+0000] {logging_mixin.py:190} INFO - [2026-03-31T21:17:05.764+0000] {dag.py:3239} INFO - Sync 1 DAGs
[2026-03-31T21:17:05.791+0000] {logging_mixin.py:190} INFO - [2026-03-31T21:17:05.791+0000] {dag.py:4180} INFO - Setting next_dagrun for ingestion_postgres_tmdb to 2026-03-02 10:00:00+00:00, run_after=2026-04-06 10:00:00+00:00
[2026-03-31T21:17:05.819+0000] {processor.py:208} INFO - Processing /opt/airflow/dags/ingestion_postgres_dag.py took 0.122 seconds
[2026-03-31T21:17:36.154+0000] {processor.py:186} INFO - Started process (PID=827) to work on /opt/airflow/dags/ingestion_postgres_dag.py
[2026-03-31T21:17:36.155+0000] {processor.py:914} INFO - Processing file /opt/airflow/dags/ingestion_postgres_dag.py for tasks to queue
[2026-03-31T21:17:36.159+0000] {logging_mixin.py:190} INFO - [2026-03-31T21:17:36.158+0000] {dagbag.py:588} INFO - Filling up the DagBag from /opt/airflow/dags/ingestion_postgres_dag.py
[2026-03-31T21:17:36.201+0000] {processor.py:925} INFO - DAG(s) 'ingestion_postgres_tmdb' retrieved from /opt/airflow/dags/ingestion_postgres_dag.py
[2026-03-31T21:17:36.237+0000] {logging_mixin.py:190} INFO - [2026-03-31T21:17:36.237+0000] {dag.py:3239} INFO - Sync 1 DAGs
[2026-03-31T21:17:36.267+0000] {logging_mixin.py:190} INFO - [2026-03-31T21:17:36.267+0000] {dag.py:4180} INFO - Setting next_dagrun for ingestion_postgres_tmdb to 2026-03-02 10:00:00+00:00, run_after=2026-04-06 10:00:00+00:00
[2026-03-31T21:17:36.290+0000] {processor.py:208} INFO - Processing /opt/airflow/dags/ingestion_postgres_dag.py took 0.143 seconds
[2026-03-31T21:18:06.423+0000] {processor.py:186} INFO - Started process (PID=837) to work on /opt/airflow/dags/ingestion_postgres_dag.py
[2026-03-31T21:18:06.425+0000] {processor.py:914} INFO - Processing file /opt/airflow/dags/ingestion_postgres_dag.py for tasks to queue
[2026-03-31T21:18:06.427+0000] {logging_mixin.py:190} INFO - [2026-03-31T21:18:06.427+0000] {dagbag.py:588} INFO - Filling up the DagBag from /opt/airflow/dags/ingestion_postgres_dag.py
[2026-03-31T21:18:06.447+0000] {processor.py:925} INFO - DAG(s) 'ingestion_postgres_tmdb' retrieved from /opt/airflow/dags/ingestion_postgres_dag.py
[2026-03-31T21:18:06.479+0000] {logging_mixin.py:190} INFO - [2026-03-31T21:18:06.479+0000] {dag.py:3239} INFO - Sync 1 DAGs
[2026-03-31T21:18:06.506+0000] {logging_mixin.py:190} INFO - [2026-03-31T21:18:06.506+0000] {dag.py:4180} INFO - Setting next_dagrun for ingestion_postgres_tmdb to 2026-03-02 10:00:00+00:00, run_after=2026-04-06 10:00:00+00:00
[2026-03-31T21:18:06.535+0000] {processor.py:208} INFO - Processing /opt/airflow/dags/ingestion_postgres_dag.py took 0.119 seconds
[2026-03-31T21:18:36.852+0000] {processor.py:186} INFO - Started process (PID=847) to work on /opt/airflow/dags/ingestion_postgres_dag.py
[2026-03-31T21:18:36.854+0000] {processor.py:914} INFO - Processing file /opt/airflow/dags/ingestion_postgres_dag.py for tasks to queue
[2026-03-31T21:18:36.857+0000] {logging_mixin.py:190} INFO - [2026-03-31T21:18:36.856+0000] {dagbag.py:588} INFO - Filling up the DagBag from /opt/airflow/dags/ingestion_postgres_dag.py
[2026-03-31T21:18:36.883+0000] {processor.py:925} INFO - DAG(s) 'ingestion_postgres_tmdb' retrieved from /opt/airflow/dags/ingestion_postgres_dag.py
[2026-03-31T21:18:36.915+0000] {logging_mixin.py:190} INFO - [2026-03-31T21:18:36.915+0000] {dag.py:3239} INFO - Sync 1 DAGs
[2026-03-31T21:18:36.942+0000] {logging_mixin.py:190} INFO - [2026-03-31T21:18:36.942+0000] {dag.py:4180} INFO - Setting next_dagrun for ingestion_postgres_tmdb to 2026-03-02 10:00:00+00:00, run_after=2026-04-06 10:00:00+00:00
[2026-03-31T21:18:36.965+0000] {processor.py:208} INFO - Processing /opt/airflow/dags/ingestion_postgres_dag.py took 0.120 seconds
[2026-03-31T21:19:07.262+0000] {processor.py:186} INFO - Started process (PID=857) to work on /opt/airflow/dags/ingestion_postgres_dag.py
[2026-03-31T21:19:07.263+0000] {processor.py:914} INFO - Processing file /opt/airflow/dags/ingestion_postgres_dag.py for tasks to queue
[2026-03-31T21:19:07.265+0000] {logging_mixin.py:190} INFO - [2026-03-31T21:19:07.265+0000] {dagbag.py:588} INFO - Filling up the DagBag from /opt/airflow/dags/ingestion_postgres_dag.py
[2026-03-31T21:19:07.290+0000] {processor.py:925} INFO - DAG(s) 'ingestion_postgres_tmdb' retrieved from /opt/airflow/dags/ingestion_postgres_dag.py
[2026-03-31T21:19:07.321+0000] {logging_mixin.py:190} INFO - [2026-03-31T21:19:07.321+0000] {dag.py:3239} INFO - Sync 1 DAGs
[2026-03-31T21:19:07.344+0000] {logging_mixin.py:190} INFO - [2026-03-31T21:19:07.344+0000] {dag.py:4180} INFO - Setting next_dagrun for ingestion_postgres_tmdb to 2026-03-02 10:00:00+00:00, run_after=2026-04-06 10:00:00+00:00
[2026-03-31T21:19:07.374+0000] {processor.py:208} INFO - Processing /opt/airflow/dags/ingestion_postgres_dag.py took 0.118 seconds
[2026-03-31T21:19:37.709+0000] {processor.py:186} INFO - Started process (PID=867) to work on /opt/airflow/dags/ingestion_postgres_dag.py
[2026-03-31T21:19:37.710+0000] {processor.py:914} INFO - Processing file /opt/airflow/dags/ingestion_postgres_dag.py for tasks to queue
[2026-03-31T21:19:37.713+0000] {logging_mixin.py:190} INFO - [2026-03-31T21:19:37.713+0000] {dagbag.py:588} INFO - Filling up the DagBag from /opt/airflow/dags/ingestion_postgres_dag.py
[2026-03-31T21:19:37.732+0000] {processor.py:925} INFO - DAG(s) 'ingestion_postgres_tmdb' retrieved from /opt/airflow/dags/ingestion_postgres_dag.py
[2026-03-31T21:19:37.759+0000] {logging_mixin.py:190} INFO - [2026-03-31T21:19:37.759+0000] {dag.py:3239} INFO - Sync 1 DAGs
[2026-03-31T21:19:37.782+0000] {logging_mixin.py:190} INFO - [2026-03-31T21:19:37.782+0000] {dag.py:4180} INFO - Setting next_dagrun for ingestion_postgres_tmdb to 2026-03-02 10:00:00+00:00, run_after=2026-04-06 10:00:00+00:00
[2026-03-31T21:19:37.803+0000] {processor.py:208} INFO - Processing /opt/airflow/dags/ingestion_postgres_dag.py took 0.102 seconds
[2026-03-31T21:20:07.973+0000] {processor.py:186} INFO - Started process (PID=877) to work on /opt/airflow/dags/ingestion_postgres_dag.py
[2026-03-31T21:20:07.974+0000] {processor.py:914} INFO - Processing file /opt/airflow/dags/ingestion_postgres_dag.py for tasks to queue
[2026-03-31T21:20:07.976+0000] {logging_mixin.py:190} INFO - [2026-03-31T21:20:07.976+0000] {dagbag.py:588} INFO - Filling up the DagBag from /opt/airflow/dags/ingestion_postgres_dag.py
[2026-03-31T21:20:07.995+0000] {processor.py:925} INFO - DAG(s) 'ingestion_postgres_tmdb' retrieved from /opt/airflow/dags/ingestion_postgres_dag.py
[2026-03-31T21:20:08.028+0000] {logging_mixin.py:190} INFO - [2026-03-31T21:20:08.027+0000] {dag.py:3239} INFO - Sync 1 DAGs
[2026-03-31T21:20:08.052+0000] {logging_mixin.py:190} INFO - [2026-03-31T21:20:08.052+0000] {dag.py:4180} INFO - Setting next_dagrun for ingestion_postgres_tmdb to 2026-03-02 10:00:00+00:00, run_after=2026-04-06 10:00:00+00:00
[2026-03-31T21:20:08.071+0000] {processor.py:208} INFO - Processing /opt/airflow/dags/ingestion_postgres_dag.py took 0.105 seconds
[2026-03-31T21:20:38.340+0000] {processor.py:186} INFO - Started process (PID=887) to work on /opt/airflow/dags/ingestion_postgres_dag.py
[2026-03-31T21:20:38.343+0000] {processor.py:914} INFO - Processing file /opt/airflow/dags/ingestion_postgres_dag.py for tasks to queue
[2026-03-31T21:20:38.348+0000] {logging_mixin.py:190} INFO - [2026-03-31T21:20:38.348+0000] {dagbag.py:588} INFO - Filling up the DagBag from /opt/airflow/dags/ingestion_postgres_dag.py
[2026-03-31T21:20:38.368+0000] {processor.py:925} INFO - DAG(s) 'ingestion_postgres_tmdb' retrieved from /opt/airflow/dags/ingestion_postgres_dag.py
[2026-03-31T21:20:38.399+0000] {logging_mixin.py:190} INFO - [2026-03-31T21:20:38.399+0000] {dag.py:3239} INFO - Sync 1 DAGs
[2026-03-31T21:20:38.426+0000] {logging_mixin.py:190} INFO - [2026-03-31T21:20:38.426+0000] {dag.py:4180} INFO - Setting next_dagrun for ingestion_postgres_tmdb to 2026-03-02 10:00:00+00:00, run_after=2026-04-06 10:00:00+00:00
[2026-03-31T21:20:38.446+0000] {processor.py:208} INFO - Processing /opt/airflow/dags/ingestion_postgres_dag.py took 0.113 seconds
[2026-03-31T21:21:08.774+0000] {processor.py:186} INFO - Started process (PID=897) to work on /opt/airflow/dags/ingestion_postgres_dag.py
[2026-03-31T21:21:08.775+0000] {processor.py:914} INFO - Processing file /opt/airflow/dags/ingestion_postgres_dag.py for tasks to queue
[2026-03-31T21:21:08.777+0000] {logging_mixin.py:190} INFO - [2026-03-31T21:21:08.777+0000] {dagbag.py:588} INFO - Filling up the DagBag from /opt/airflow/dags/ingestion_postgres_dag.py
[2026-03-31T21:21:08.801+0000] {processor.py:925} INFO - DAG(s) 'ingestion_postgres_tmdb' retrieved from /opt/airflow/dags/ingestion_postgres_dag.py
[2026-03-31T21:21:08.837+0000] {logging_mixin.py:190} INFO - [2026-03-31T21:21:08.837+0000] {dag.py:3239} INFO - Sync 1 DAGs
[2026-03-31T21:21:08.867+0000] {logging_mixin.py:190} INFO - [2026-03-31T21:21:08.866+0000] {dag.py:4180} INFO - Setting next_dagrun for ingestion_postgres_tmdb to 2026-03-02 10:00:00+00:00, run_after=2026-04-06 10:00:00+00:00
[2026-03-31T21:21:08.894+0000] {processor.py:208} INFO - Processing /opt/airflow/dags/ingestion_postgres_dag.py took 0.126 seconds
[2026-03-31T21:21:39.180+0000] {processor.py:186} INFO - Started process (PID=907) to work on /opt/airflow/dags/ingestion_postgres_dag.py
[2026-03-31T21:21:39.181+0000] {processor.py:914} INFO - Processing file /opt/airflow/dags/ingestion_postgres_dag.py for tasks to queue
[2026-03-31T21:21:39.183+0000] {logging_mixin.py:190} INFO - [2026-03-31T21:21:39.183+0000] {dagbag.py:588} INFO - Filling up the DagBag from /opt/airflow/dags/ingestion_postgres_dag.py
[2026-03-31T21:21:39.202+0000] {processor.py:925} INFO - DAG(s) 'ingestion_postgres_tmdb' retrieved from /opt/airflow/dags/ingestion_postgres_dag.py
[2026-03-31T21:21:39.234+0000] {logging_mixin.py:190} INFO - [2026-03-31T21:21:39.234+0000] {dag.py:3239} INFO - Sync 1 DAGs
[2026-03-31T21:21:39.258+0000] {logging_mixin.py:190} INFO - [2026-03-31T21:21:39.258+0000] {dag.py:4180} INFO - Setting next_dagrun for ingestion_postgres_tmdb to 2026-03-02 10:00:00+00:00, run_after=2026-04-06 10:00:00+00:00
[2026-03-31T21:21:39.279+0000] {processor.py:208} INFO - Processing /opt/airflow/dags/ingestion_postgres_dag.py took 0.105 seconds
[2026-03-31T21:22:09.364+0000] {processor.py:186} INFO - Started process (PID=917) to work on /opt/airflow/dags/ingestion_postgres_dag.py
[2026-03-31T21:22:09.365+0000] {processor.py:914} INFO - Processing file /opt/airflow/dags/ingestion_postgres_dag.py for tasks to queue
[2026-03-31T21:22:09.368+0000] {logging_mixin.py:190} INFO - [2026-03-31T21:22:09.367+0000] {dagbag.py:588} INFO - Filling up the DagBag from /opt/airflow/dags/ingestion_postgres_dag.py
[2026-03-31T21:22:09.385+0000] {processor.py:925} INFO - DAG(s) 'ingestion_postgres_tmdb' retrieved from /opt/airflow/dags/ingestion_postgres_dag.py
[2026-03-31T21:22:09.419+0000] {logging_mixin.py:190} INFO - [2026-03-31T21:22:09.419+0000] {dag.py:3239} INFO - Sync 1 DAGs
[2026-03-31T21:22:09.445+0000] {logging_mixin.py:190} INFO - [2026-03-31T21:22:09.445+0000] {dag.py:4180} INFO - Setting next_dagrun for ingestion_postgres_tmdb to 2026-03-02 10:00:00+00:00, run_after=2026-04-06 10:00:00+00:00
[2026-03-31T21:22:09.463+0000] {processor.py:208} INFO - Processing /opt/airflow/dags/ingestion_postgres_dag.py took 0.106 seconds
[2026-03-31T21:22:39.830+0000] {processor.py:186} INFO - Started process (PID=927) to work on /opt/airflow/dags/ingestion_postgres_dag.py
[2026-03-31T21:22:39.830+0000] {processor.py:914} INFO - Processing file /opt/airflow/dags/ingestion_postgres_dag.py for tasks to queue
[2026-03-31T21:22:39.832+0000] {logging_mixin.py:190} INFO - [2026-03-31T21:22:39.832+0000] {dagbag.py:588} INFO - Filling up the DagBag from /opt/airflow/dags/ingestion_postgres_dag.py
[2026-03-31T21:22:39.850+0000] {processor.py:925} INFO - DAG(s) 'ingestion_postgres_tmdb' retrieved from /opt/airflow/dags/ingestion_postgres_dag.py
[2026-03-31T21:22:39.877+0000] {logging_mixin.py:190} INFO - [2026-03-31T21:22:39.877+0000] {dag.py:3239} INFO - Sync 1 DAGs
[2026-03-31T21:22:39.898+0000] {logging_mixin.py:190} INFO - [2026-03-31T21:22:39.898+0000] {dag.py:4180} INFO - Setting next_dagrun for ingestion_postgres_tmdb to 2026-03-02 10:00:00+00:00, run_after=2026-04-06 10:00:00+00:00
[2026-03-31T21:22:39.919+0000] {processor.py:208} INFO - Processing /opt/airflow/dags/ingestion_postgres_dag.py took 0.095 seconds
[2026-03-31T21:23:10.101+0000] {processor.py:186} INFO - Started process (PID=937) to work on /opt/airflow/dags/ingestion_postgres_dag.py
[2026-03-31T21:23:10.102+0000] {processor.py:914} INFO - Processing file /opt/airflow/dags/ingestion_postgres_dag.py for tasks to queue
[2026-03-31T21:23:10.105+0000] {logging_mixin.py:190} INFO - [2026-03-31T21:23:10.104+0000] {dagbag.py:588} INFO - Filling up the DagBag from /opt/airflow/dags/ingestion_postgres_dag.py
[2026-03-31T21:23:10.130+0000] {processor.py:925} INFO - DAG(s) 'ingestion_postgres_tmdb' retrieved from /opt/airflow/dags/ingestion_postgres_dag.py
[2026-03-31T21:23:10.164+0000] {logging_mixin.py:190} INFO - [2026-03-31T21:23:10.164+0000] {dag.py:3239} INFO - Sync 1 DAGs
[2026-03-31T21:23:10.194+0000] {logging_mixin.py:190} INFO - [2026-03-31T21:23:10.194+0000] {dag.py:4180} INFO - Setting next_dagrun for ingestion_postgres_tmdb to 2026-03-02 10:00:00+00:00, run_after=2026-04-06 10:00:00+00:00
[2026-03-31T21:23:10.214+0000] {processor.py:208} INFO - Processing /opt/airflow/dags/ingestion_postgres_dag.py took 0.121 seconds
[2026-03-31T21:23:36.491+0000] {processor.py:186} INFO - Started process (PID=947) to work on /opt/airflow/dags/ingestion_postgres_dag.py
[2026-03-31T21:23:36.492+0000] {processor.py:914} INFO - Processing file /opt/airflow/dags/ingestion_postgres_dag.py for tasks to queue
[2026-03-31T21:23:36.496+0000] {logging_mixin.py:190} INFO - [2026-03-31T21:23:36.495+0000] {dagbag.py:588} INFO - Filling up the DagBag from /opt/airflow/dags/ingestion_postgres_dag.py
[2026-03-31T21:23:36.521+0000] {processor.py:925} INFO - DAG(s) 'ingestion_postgres_tmdb' retrieved from /opt/airflow/dags/ingestion_postgres_dag.py
[2026-03-31T21:23:36.552+0000] {logging_mixin.py:190} INFO - [2026-03-31T21:23:36.552+0000] {dag.py:3239} INFO - Sync 1 DAGs
[2026-03-31T21:23:36.600+0000] {logging_mixin.py:190} INFO - [2026-03-31T21:23:36.600+0000] {dag.py:4180} INFO - Setting next_dagrun for ingestion_postgres_tmdb to 2026-03-02 10:00:00+00:00, run_after=2026-04-06 10:00:00+00:00
[2026-03-31T21:23:36.633+0000] {processor.py:208} INFO - Processing /opt/airflow/dags/ingestion_postgres_dag.py took 0.149 seconds
[2026-03-31T21:24:06.932+0000] {processor.py:186} INFO - Started process (PID=957) to work on /opt/airflow/dags/ingestion_postgres_dag.py
[2026-03-31T21:24:06.933+0000] {processor.py:914} INFO - Processing file /opt/airflow/dags/ingestion_postgres_dag.py for tasks to queue
[2026-03-31T21:24:06.936+0000] {logging_mixin.py:190} INFO - [2026-03-31T21:24:06.936+0000] {dagbag.py:588} INFO - Filling up the DagBag from /opt/airflow/dags/ingestion_postgres_dag.py
[2026-03-31T21:24:06.987+0000] {processor.py:925} INFO - DAG(s) 'ingestion_postgres_tmdb' retrieved from /opt/airflow/dags/ingestion_postgres_dag.py
[2026-03-31T21:24:07.018+0000] {logging_mixin.py:190} INFO - [2026-03-31T21:24:07.017+0000] {dag.py:3239} INFO - Sync 1 DAGs
[2026-03-31T21:24:07.044+0000] {logging_mixin.py:190} INFO - [2026-03-31T21:24:07.043+0000] {dag.py:4180} INFO - Setting next_dagrun for ingestion_postgres_tmdb to 2026-03-02 10:00:00+00:00, run_after=2026-04-06 10:00:00+00:00
[2026-03-31T21:24:07.068+0000] {processor.py:208} INFO - Processing /opt/airflow/dags/ingestion_postgres_dag.py took 0.144 seconds
[2026-03-31T21:24:37.393+0000] {processor.py:186} INFO - Started process (PID=967) to work on /opt/airflow/dags/ingestion_postgres_dag.py
[2026-03-31T21:24:37.394+0000] {processor.py:914} INFO - Processing file /opt/airflow/dags/ingestion_postgres_dag.py for tasks to queue
[2026-03-31T21:24:37.397+0000] {logging_mixin.py:190} INFO - [2026-03-31T21:24:37.396+0000] {dagbag.py:588} INFO - Filling up the DagBag from /opt/airflow/dags/ingestion_postgres_dag.py
[2026-03-31T21:24:37.418+0000] {processor.py:925} INFO - DAG(s) 'ingestion_postgres_tmdb' retrieved from /opt/airflow/dags/ingestion_postgres_dag.py
[2026-03-31T21:24:37.448+0000] {logging_mixin.py:190} INFO - [2026-03-31T21:24:37.447+0000] {dag.py:3239} INFO - Sync 1 DAGs
[2026-03-31T21:24:37.472+0000] {logging_mixin.py:190} INFO - [2026-03-31T21:24:37.472+0000] {dag.py:4180} INFO - Setting next_dagrun for ingestion_postgres_tmdb to 2026-03-02 10:00:00+00:00, run_after=2026-04-06 10:00:00+00:00
[2026-03-31T21:24:37.494+0000] {processor.py:208} INFO - Processing /opt/airflow/dags/ingestion_postgres_dag.py took 0.107 seconds
[2026-03-31T21:25:07.797+0000] {processor.py:186} INFO - Started process (PID=977) to work on /opt/airflow/dags/ingestion_postgres_dag.py
[2026-03-31T21:25:07.799+0000] {processor.py:914} INFO - Processing file /opt/airflow/dags/ingestion_postgres_dag.py for tasks to queue
[2026-03-31T21:25:07.806+0000] {logging_mixin.py:190} INFO - [2026-03-31T21:25:07.805+0000] {dagbag.py:588} INFO - Filling up the DagBag from /opt/airflow/dags/ingestion_postgres_dag.py
[2026-03-31T21:25:07.846+0000] {processor.py:925} INFO - DAG(s) 'ingestion_postgres_tmdb' retrieved from /opt/airflow/dags/ingestion_postgres_dag.py
[2026-03-31T21:25:07.891+0000] {logging_mixin.py:190} INFO - [2026-03-31T21:25:07.891+0000] {dag.py:3239} INFO - Sync 1 DAGs
[2026-03-31T21:25:07.914+0000] {logging_mixin.py:190} INFO - [2026-03-31T21:25:07.914+0000] {dag.py:4180} INFO - Setting next_dagrun for ingestion_postgres_tmdb to 2026-03-02 10:00:00+00:00, run_after=2026-04-06 10:00:00+00:00
[2026-03-31T21:25:07.938+0000] {processor.py:208} INFO - Processing /opt/airflow/dags/ingestion_postgres_dag.py took 0.160 seconds
[2026-03-31T21:25:38.211+0000] {processor.py:186} INFO - Started process (PID=987) to work on /opt/airflow/dags/ingestion_postgres_dag.py
[2026-03-31T21:25:38.212+0000] {processor.py:914} INFO - Processing file /opt/airflow/dags/ingestion_postgres_dag.py for tasks to queue
[2026-03-31T21:25:38.214+0000] {logging_mixin.py:190} INFO - [2026-03-31T21:25:38.214+0000] {dagbag.py:588} INFO - Filling up the DagBag from /opt/airflow/dags/ingestion_postgres_dag.py
[2026-03-31T21:25:38.242+0000] {processor.py:925} INFO - DAG(s) 'ingestion_postgres_tmdb' retrieved from /opt/airflow/dags/ingestion_postgres_dag.py
[2026-03-31T21:25:38.276+0000] {logging_mixin.py:190} INFO - [2026-03-31T21:25:38.276+0000] {dag.py:3239} INFO - Sync 1 DAGs
[2026-03-31T21:25:38.301+0000] {logging_mixin.py:190} INFO - [2026-03-31T21:25:38.301+0000] {dag.py:4180} INFO - Setting next_dagrun for ingestion_postgres_tmdb to 2026-03-02 10:00:00+00:00, run_after=2026-04-06 10:00:00+00:00
[2026-03-31T21:25:38.328+0000] {processor.py:208} INFO - Processing /opt/airflow/dags/ingestion_postgres_dag.py took 0.126 seconds
[2026-03-31T21:26:08.480+0000] {processor.py:186} INFO - Started process (PID=997) to work on /opt/airflow/dags/ingestion_postgres_dag.py
[2026-03-31T21:26:08.484+0000] {processor.py:914} INFO - Processing file /opt/airflow/dags/ingestion_postgres_dag.py for tasks to queue
[2026-03-31T21:26:08.487+0000] {logging_mixin.py:190} INFO - [2026-03-31T21:26:08.487+0000] {dagbag.py:588} INFO - Filling up the DagBag from /opt/airflow/dags/ingestion_postgres_dag.py
[2026-03-31T21:26:08.513+0000] {processor.py:925} INFO - DAG(s) 'ingestion_postgres_tmdb' retrieved from /opt/airflow/dags/ingestion_postgres_dag.py
[2026-03-31T21:26:08.543+0000] {logging_mixin.py:190} INFO - [2026-03-31T21:26:08.543+0000] {dag.py:3239} INFO - Sync 1 DAGs
[2026-03-31T21:26:08.569+0000] {logging_mixin.py:190} INFO - [2026-03-31T21:26:08.569+0000] {dag.py:4180} INFO - Setting next_dagrun for ingestion_postgres_tmdb to 2026-03-02 10:00:00+00:00, run_after=2026-04-06 10:00:00+00:00
[2026-03-31T21:26:08.593+0000] {processor.py:208} INFO - Processing /opt/airflow/dags/ingestion_postgres_dag.py took 0.121 seconds
[2026-03-31T21:26:38.884+0000] {processor.py:186} INFO - Started process (PID=1007) to work on /opt/airflow/dags/ingestion_postgres_dag.py
[2026-03-31T21:26:38.885+0000] {processor.py:914} INFO - Processing file /opt/airflow/dags/ingestion_postgres_dag.py for tasks to queue
[2026-03-31T21:26:38.888+0000] {logging_mixin.py:190} INFO - [2026-03-31T21:26:38.887+0000] {dagbag.py:588} INFO - Filling up the DagBag from /opt/airflow/dags/ingestion_postgres_dag.py
[2026-03-31T21:26:38.911+0000] {processor.py:925} INFO - DAG(s) 'ingestion_postgres_tmdb' retrieved from /opt/airflow/dags/ingestion_postgres_dag.py
[2026-03-31T21:26:38.943+0000] {logging_mixin.py:190} INFO - [2026-03-31T21:26:38.943+0000] {dag.py:3239} INFO - Sync 1 DAGs
[2026-03-31T21:26:38.973+0000] {logging_mixin.py:190} INFO - [2026-03-31T21:26:38.973+0000] {dag.py:4180} INFO - Setting next_dagrun for ingestion_postgres_tmdb to 2026-03-02 10:00:00+00:00, run_after=2026-04-06 10:00:00+00:00
[2026-03-31T21:26:38.992+0000] {processor.py:208} INFO - Processing /opt/airflow/dags/ingestion_postgres_dag.py took 0.115 seconds
[2026-03-31T21:27:09.265+0000] {processor.py:186} INFO - Started process (PID=1017) to work on /opt/airflow/dags/ingestion_postgres_dag.py
[2026-03-31T21:27:09.266+0000] {processor.py:914} INFO - Processing file /opt/airflow/dags/ingestion_postgres_dag.py for tasks to queue
[2026-03-31T21:27:09.268+0000] {logging_mixin.py:190} INFO - [2026-03-31T21:27:09.268+0000] {dagbag.py:588} INFO - Filling up the DagBag from /opt/airflow/dags/ingestion_postgres_dag.py
[2026-03-31T21:27:09.286+0000] {processor.py:925} INFO - DAG(s) 'ingestion_postgres_tmdb' retrieved from /opt/airflow/dags/ingestion_postgres_dag.py
[2026-03-31T21:27:09.319+0000] {logging_mixin.py:190} INFO - [2026-03-31T21:27:09.318+0000] {dag.py:3239} INFO - Sync 1 DAGs
[2026-03-31T21:27:09.343+0000] {logging_mixin.py:190} INFO - [2026-03-31T21:27:09.343+0000] {dag.py:4180} INFO - Setting next_dagrun for ingestion_postgres_tmdb to 2026-03-02 10:00:00+00:00, run_after=2026-04-06 10:00:00+00:00
[2026-03-31T21:27:09.361+0000] {processor.py:208} INFO - Processing /opt/airflow/dags/ingestion_postgres_dag.py took 0.103 seconds
[2026-03-31T21:27:39.555+0000] {processor.py:186} INFO - Started process (PID=1027) to work on /opt/airflow/dags/ingestion_postgres_dag.py
[2026-03-31T21:27:39.556+0000] {processor.py:914} INFO - Processing file /opt/airflow/dags/ingestion_postgres_dag.py for tasks to queue
[2026-03-31T21:27:39.558+0000] {logging_mixin.py:190} INFO - [2026-03-31T21:27:39.558+0000] {dagbag.py:588} INFO - Filling up the DagBag from /opt/airflow/dags/ingestion_postgres_dag.py
[2026-03-31T21:27:39.576+0000] {processor.py:925} INFO - DAG(s) 'ingestion_postgres_tmdb' retrieved from /opt/airflow/dags/ingestion_postgres_dag.py
[2026-03-31T21:27:39.606+0000] {logging_mixin.py:190} INFO - [2026-03-31T21:27:39.606+0000] {dag.py:3239} INFO - Sync 1 DAGs
[2026-03-31T21:27:39.631+0000] {logging_mixin.py:190} INFO - [2026-03-31T21:27:39.631+0000] {dag.py:4180} INFO - Setting next_dagrun for ingestion_postgres_tmdb to 2026-03-02 10:00:00+00:00, run_after=2026-04-06 10:00:00+00:00
[2026-03-31T21:27:39.654+0000] {processor.py:208} INFO - Processing /opt/airflow/dags/ingestion_postgres_dag.py took 0.106 seconds
[2026-03-31T21:28:09.939+0000] {processor.py:186} INFO - Started process (PID=1037) to work on /opt/airflow/dags/ingestion_postgres_dag.py
[2026-03-31T21:28:09.940+0000] {processor.py:914} INFO - Processing file /opt/airflow/dags/ingestion_postgres_dag.py for tasks to queue
[2026-03-31T21:28:09.943+0000] {logging_mixin.py:190} INFO - [2026-03-31T21:28:09.943+0000] {dagbag.py:588} INFO - Filling up the DagBag from /opt/airflow/dags/ingestion_postgres_dag.py
[2026-03-31T21:28:09.962+0000] {processor.py:925} INFO - DAG(s) 'ingestion_postgres_tmdb' retrieved from /opt/airflow/dags/ingestion_postgres_dag.py
[2026-03-31T21:28:09.992+0000] {logging_mixin.py:190} INFO - [2026-03-31T21:28:09.991+0000] {dag.py:3239} INFO - Sync 1 DAGs
[2026-03-31T21:28:10.020+0000] {logging_mixin.py:190} INFO - [2026-03-31T21:28:10.020+0000] {dag.py:4180} INFO - Setting next_dagrun for ingestion_postgres_tmdb to 2026-03-02 10:00:00+00:00, run_after=2026-04-06 10:00:00+00:00
[2026-03-31T21:28:10.053+0000] {processor.py:208} INFO - Processing /opt/airflow/dags/ingestion_postgres_dag.py took 0.120 seconds
[2026-03-31T21:28:40.222+0000] {processor.py:186} INFO - Started process (PID=1047) to work on /opt/airflow/dags/ingestion_postgres_dag.py
[2026-03-31T21:28:40.223+0000] {processor.py:914} INFO - Processing file /opt/airflow/dags/ingestion_postgres_dag.py for tasks to queue
[2026-03-31T21:28:40.226+0000] {logging_mixin.py:190} INFO - [2026-03-31T21:28:40.225+0000] {dagbag.py:588} INFO - Filling up the DagBag from /opt/airflow/dags/ingestion_postgres_dag.py
[2026-03-31T21:28:40.244+0000] {processor.py:925} INFO - DAG(s) 'ingestion_postgres_tmdb' retrieved from /opt/airflow/dags/ingestion_postgres_dag.py
[2026-03-31T21:28:40.273+0000] {logging_mixin.py:190} INFO - [2026-03-31T21:28:40.273+0000] {dag.py:3239} INFO - Sync 1 DAGs
[2026-03-31T21:28:40.299+0000] {logging_mixin.py:190} INFO - [2026-03-31T21:28:40.298+0000] {dag.py:4180} INFO - Setting next_dagrun for ingestion_postgres_tmdb to 2026-03-02 10:00:00+00:00, run_after=2026-04-06 10:00:00+00:00
[2026-03-31T21:28:40.319+0000] {processor.py:208} INFO - Processing /opt/airflow/dags/ingestion_postgres_dag.py took 0.104 seconds
[2026-03-31T21:29:10.599+0000] {processor.py:186} INFO - Started process (PID=1057) to work on /opt/airflow/dags/ingestion_postgres_dag.py
[2026-03-31T21:29:10.600+0000] {processor.py:914} INFO - Processing file /opt/airflow/dags/ingestion_postgres_dag.py for tasks to queue
[2026-03-31T21:29:10.602+0000] {logging_mixin.py:190} INFO - [2026-03-31T21:29:10.602+0000] {dagbag.py:588} INFO - Filling up the DagBag from /opt/airflow/dags/ingestion_postgres_dag.py
[2026-03-31T21:29:10.624+0000] {processor.py:925} INFO - DAG(s) 'ingestion_postgres_tmdb' retrieved from /opt/airflow/dags/ingestion_postgres_dag.py
[2026-03-31T21:29:10.652+0000] {logging_mixin.py:190} INFO - [2026-03-31T21:29:10.652+0000] {dag.py:3239} INFO - Sync 1 DAGs
[2026-03-31T21:29:10.674+0000] {logging_mixin.py:190} INFO - [2026-03-31T21:29:10.674+0000] {dag.py:4180} INFO - Setting next_dagrun for ingestion_postgres_tmdb to 2026-03-02 10:00:00+00:00, run_after=2026-04-06 10:00:00+00:00
[2026-03-31T21:29:10.693+0000] {processor.py:208} INFO - Processing /opt/airflow/dags/ingestion_postgres_dag.py took 0.101 seconds
[2026-03-31T21:29:40.932+0000] {processor.py:186} INFO - Started process (PID=1067) to work on /opt/airflow/dags/ingestion_postgres_dag.py
[2026-03-31T21:29:40.933+0000] {processor.py:914} INFO - Processing file /opt/airflow/dags/ingestion_postgres_dag.py for tasks to queue
[2026-03-31T21:29:40.936+0000] {logging_mixin.py:190} INFO - [2026-03-31T21:29:40.935+0000] {dagbag.py:588} INFO - Filling up the DagBag from /opt/airflow/dags/ingestion_postgres_dag.py
[2026-03-31T21:29:40.956+0000] {processor.py:925} INFO - DAG(s) 'ingestion_postgres_tmdb' retrieved from /opt/airflow/dags/ingestion_postgres_dag.py
[2026-03-31T21:29:40.993+0000] {logging_mixin.py:190} INFO - [2026-03-31T21:29:40.993+0000] {dag.py:3239} INFO - Sync 1 DAGs
[2026-03-31T21:29:41.022+0000] {logging_mixin.py:190} INFO - [2026-03-31T21:29:41.022+0000] {dag.py:4180} INFO - Setting next_dagrun for ingestion_postgres_tmdb to 2026-03-02 10:00:00+00:00, run_after=2026-04-06 10:00:00+00:00
[2026-03-31T21:29:41.050+0000] {processor.py:208} INFO - Processing /opt/airflow/dags/ingestion_postgres_dag.py took 0.124 seconds
[2026-03-31T21:30:11.249+0000] {processor.py:186} INFO - Started process (PID=1077) to work on /opt/airflow/dags/ingestion_postgres_dag.py
[2026-03-31T21:30:11.251+0000] {processor.py:914} INFO - Processing file /opt/airflow/dags/ingestion_postgres_dag.py for tasks to queue
[2026-03-31T21:30:11.253+0000] {logging_mixin.py:190} INFO - [2026-03-31T21:30:11.253+0000] {dagbag.py:588} INFO - Filling up the DagBag from /opt/airflow/dags/ingestion_postgres_dag.py
[2026-03-31T21:30:11.274+0000] {processor.py:925} INFO - DAG(s) 'ingestion_postgres_tmdb' retrieved from /opt/airflow/dags/ingestion_postgres_dag.py
[2026-03-31T21:30:11.305+0000] {logging_mixin.py:190} INFO - [2026-03-31T21:30:11.305+0000] {dag.py:3239} INFO - Sync 1 DAGs
[2026-03-31T21:30:11.327+0000] {logging_mixin.py:190} INFO - [2026-03-31T21:30:11.327+0000] {dag.py:4180} INFO - Setting next_dagrun for ingestion_postgres_tmdb to 2026-03-02 10:00:00+00:00, run_after=2026-04-06 10:00:00+00:00
[2026-03-31T21:30:11.348+0000] {processor.py:208} INFO - Processing /opt/airflow/dags/ingestion_postgres_dag.py took 0.107 seconds
[2026-03-31T21:30:41.640+0000] {processor.py:186} INFO - Started process (PID=1087) to work on /opt/airflow/dags/ingestion_postgres_dag.py
[2026-03-31T21:30:41.641+0000] {processor.py:914} INFO - Processing file /opt/airflow/dags/ingestion_postgres_dag.py for tasks to queue
[2026-03-31T21:30:41.643+0000] {logging_mixin.py:190} INFO - [2026-03-31T21:30:41.643+0000] {dagbag.py:588} INFO - Filling up the DagBag from /opt/airflow/dags/ingestion_postgres_dag.py
[2026-03-31T21:30:41.663+0000] {processor.py:925} INFO - DAG(s) 'ingestion_postgres_tmdb' retrieved from /opt/airflow/dags/ingestion_postgres_dag.py
[2026-03-31T21:30:41.693+0000] {logging_mixin.py:190} INFO - [2026-03-31T21:30:41.692+0000] {dag.py:3239} INFO - Sync 1 DAGs
[2026-03-31T21:30:41.717+0000] {logging_mixin.py:190} INFO - [2026-03-31T21:30:41.717+0000] {dag.py:4180} INFO - Setting next_dagrun for ingestion_postgres_tmdb to 2026-03-02 10:00:00+00:00, run_after=2026-04-06 10:00:00+00:00
[2026-03-31T21:30:41.737+0000] {processor.py:208} INFO - Processing /opt/airflow/dags/ingestion_postgres_dag.py took 0.104 seconds
[2026-03-31T21:31:11.920+0000] {processor.py:186} INFO - Started process (PID=1097) to work on /opt/airflow/dags/ingestion_postgres_dag.py
[2026-03-31T21:31:11.921+0000] {processor.py:914} INFO - Processing file /opt/airflow/dags/ingestion_postgres_dag.py for tasks to queue
[2026-03-31T21:31:11.923+0000] {logging_mixin.py:190} INFO - [2026-03-31T21:31:11.923+0000] {dagbag.py:588} INFO - Filling up the DagBag from /opt/airflow/dags/ingestion_postgres_dag.py
[2026-03-31T21:31:11.945+0000] {processor.py:925} INFO - DAG(s) 'ingestion_postgres_tmdb' retrieved from /opt/airflow/dags/ingestion_postgres_dag.py
[2026-03-31T21:31:11.975+0000] {logging_mixin.py:190} INFO - [2026-03-31T21:31:11.975+0000] {dag.py:3239} INFO - Sync 1 DAGs
[2026-03-31T21:31:12.000+0000] {logging_mixin.py:190} INFO - [2026-03-31T21:31:12.000+0000] {dag.py:4180} INFO - Setting next_dagrun for ingestion_postgres_tmdb to 2026-03-02 10:00:00+00:00, run_after=2026-04-06 10:00:00+00:00
[2026-03-31T21:31:12.033+0000] {processor.py:208} INFO - Processing /opt/airflow/dags/ingestion_postgres_dag.py took 0.121 seconds
[2026-03-31T21:31:37.330+0000] {processor.py:186} INFO - Started process (PID=1107) to work on /opt/airflow/dags/ingestion_postgres_dag.py
[2026-03-31T21:31:37.331+0000] {processor.py:914} INFO - Processing file /opt/airflow/dags/ingestion_postgres_dag.py for tasks to queue
[2026-03-31T21:31:37.333+0000] {logging_mixin.py:190} INFO - [2026-03-31T21:31:37.333+0000] {dagbag.py:588} INFO - Filling up the DagBag from /opt/airflow/dags/ingestion_postgres_dag.py
[2026-03-31T21:31:37.357+0000] {processor.py:925} INFO - DAG(s) 'ingestion_postgres_tmdb' retrieved from /opt/airflow/dags/ingestion_postgres_dag.py
[2026-03-31T21:31:37.390+0000] {logging_mixin.py:190} INFO - [2026-03-31T21:31:37.390+0000] {dag.py:3239} INFO - Sync 1 DAGs
[2026-03-31T21:31:37.415+0000] {logging_mixin.py:190} INFO - [2026-03-31T21:31:37.414+0000] {dag.py:4180} INFO - Setting next_dagrun for ingestion_postgres_tmdb to 2026-03-02 10:00:00+00:00, run_after=2026-04-06 10:00:00+00:00
[2026-03-31T21:31:37.435+0000] {processor.py:208} INFO - Processing /opt/airflow/dags/ingestion_postgres_dag.py took 0.111 seconds
[2026-03-31T21:32:07.716+0000] {processor.py:186} INFO - Started process (PID=1117) to work on /opt/airflow/dags/ingestion_postgres_dag.py
[2026-03-31T21:32:07.717+0000] {processor.py:914} INFO - Processing file /opt/airflow/dags/ingestion_postgres_dag.py for tasks to queue
[2026-03-31T21:32:07.720+0000] {logging_mixin.py:190} INFO - [2026-03-31T21:32:07.720+0000] {dagbag.py:588} INFO - Filling up the DagBag from /opt/airflow/dags/ingestion_postgres_dag.py
[2026-03-31T21:32:07.741+0000] {processor.py:925} INFO - DAG(s) 'ingestion_postgres_tmdb' retrieved from /opt/airflow/dags/ingestion_postgres_dag.py
[2026-03-31T21:32:07.772+0000] {logging_mixin.py:190} INFO - [2026-03-31T21:32:07.771+0000] {dag.py:3239} INFO - Sync 1 DAGs
[2026-03-31T21:32:07.796+0000] {logging_mixin.py:190} INFO - [2026-03-31T21:32:07.796+0000] {dag.py:4180} INFO - Setting next_dagrun for ingestion_postgres_tmdb to 2026-03-02 10:00:00+00:00, run_after=2026-04-06 10:00:00+00:00
[2026-03-31T21:32:07.816+0000] {processor.py:208} INFO - Processing /opt/airflow/dags/ingestion_postgres_dag.py took 0.107 seconds
[2026-03-31T21:32:37.990+0000] {processor.py:186} INFO - Started process (PID=1127) to work on /opt/airflow/dags/ingestion_postgres_dag.py
[2026-03-31T21:32:37.991+0000] {processor.py:914} INFO - Processing file /opt/airflow/dags/ingestion_postgres_dag.py for tasks to queue
[2026-03-31T21:32:37.994+0000] {logging_mixin.py:190} INFO - [2026-03-31T21:32:37.994+0000] {dagbag.py:588} INFO - Filling up the DagBag from /opt/airflow/dags/ingestion_postgres_dag.py
[2026-03-31T21:32:38.034+0000] {processor.py:925} INFO - DAG(s) 'ingestion_postgres_tmdb' retrieved from /opt/airflow/dags/ingestion_postgres_dag.py
[2026-03-31T21:32:38.083+0000] {logging_mixin.py:190} INFO - [2026-03-31T21:32:38.083+0000] {dag.py:3239} INFO - Sync 1 DAGs
[2026-03-31T21:32:38.109+0000] {logging_mixin.py:190} INFO - [2026-03-31T21:32:38.109+0000] {dag.py:4180} INFO - Setting next_dagrun for ingestion_postgres_tmdb to 2026-03-02 10:00:00+00:00, run_after=2026-04-06 10:00:00+00:00
[2026-03-31T21:32:38.131+0000] {processor.py:208} INFO - Processing /opt/airflow/dags/ingestion_postgres_dag.py took 0.151 seconds
[2026-03-31T21:33:08.362+0000] {processor.py:186} INFO - Started process (PID=1137) to work on /opt/airflow/dags/ingestion_postgres_dag.py
[2026-03-31T21:33:08.364+0000] {processor.py:914} INFO - Processing file /opt/airflow/dags/ingestion_postgres_dag.py for tasks to queue
[2026-03-31T21:33:08.367+0000] {logging_mixin.py:190} INFO - [2026-03-31T21:33:08.367+0000] {dagbag.py:588} INFO - Filling up the DagBag from /opt/airflow/dags/ingestion_postgres_dag.py
[2026-03-31T21:33:08.389+0000] {processor.py:925} INFO - DAG(s) 'ingestion_postgres_tmdb' retrieved from /opt/airflow/dags/ingestion_postgres_dag.py
[2026-03-31T21:33:08.420+0000] {logging_mixin.py:190} INFO - [2026-03-31T21:33:08.419+0000] {dag.py:3239} INFO - Sync 1 DAGs
[2026-03-31T21:33:08.447+0000] {logging_mixin.py:190} INFO - [2026-03-31T21:33:08.447+0000] {dag.py:4180} INFO - Setting next_dagrun for ingestion_postgres_tmdb to 2026-03-02 10:00:00+00:00, run_after=2026-04-06 10:00:00+00:00
[2026-03-31T21:33:08.477+0000] {processor.py:208} INFO - Processing /opt/airflow/dags/ingestion_postgres_dag.py took 0.124 seconds
[2026-03-31T21:33:38.659+0000] {processor.py:186} INFO - Started process (PID=1147) to work on /opt/airflow/dags/ingestion_postgres_dag.py
[2026-03-31T21:33:38.660+0000] {processor.py:914} INFO - Processing file /opt/airflow/dags/ingestion_postgres_dag.py for tasks to queue
[2026-03-31T21:33:38.663+0000] {logging_mixin.py:190} INFO - [2026-03-31T21:33:38.663+0000] {dagbag.py:588} INFO - Filling up the DagBag from /opt/airflow/dags/ingestion_postgres_dag.py
[2026-03-31T21:33:38.690+0000] {processor.py:925} INFO - DAG(s) 'ingestion_postgres_tmdb' retrieved from /opt/airflow/dags/ingestion_postgres_dag.py
[2026-03-31T21:33:38.721+0000] {logging_mixin.py:190} INFO - [2026-03-31T21:33:38.721+0000] {dag.py:3239} INFO - Sync 1 DAGs
[2026-03-31T21:33:38.744+0000] {logging_mixin.py:190} INFO - [2026-03-31T21:33:38.744+0000] {dag.py:4180} INFO - Setting next_dagrun for ingestion_postgres_tmdb to 2026-03-02 10:00:00+00:00, run_after=2026-04-06 10:00:00+00:00
[2026-03-31T21:33:38.768+0000] {processor.py:208} INFO - Processing /opt/airflow/dags/ingestion_postgres_dag.py took 0.118 seconds
[2026-03-31T21:34:09.065+0000] {processor.py:186} INFO - Started process (PID=1157) to work on /opt/airflow/dags/ingestion_postgres_dag.py
[2026-03-31T21:34:09.065+0000] {processor.py:914} INFO - Processing file /opt/airflow/dags/ingestion_postgres_dag.py for tasks to queue
[2026-03-31T21:34:09.068+0000] {logging_mixin.py:190} INFO - [2026-03-31T21:34:09.067+0000] {dagbag.py:588} INFO - Filling up the DagBag from /opt/airflow/dags/ingestion_postgres_dag.py
[2026-03-31T21:34:09.095+0000] {processor.py:925} INFO - DAG(s) 'ingestion_postgres_tmdb' retrieved from /opt/airflow/dags/ingestion_postgres_dag.py
[2026-03-31T21:34:09.124+0000] {logging_mixin.py:190} INFO - [2026-03-31T21:34:09.124+0000] {dag.py:3239} INFO - Sync 1 DAGs
[2026-03-31T21:34:09.149+0000] {logging_mixin.py:190} INFO - [2026-03-31T21:34:09.149+0000] {dag.py:4180} INFO - Setting next_dagrun for ingestion_postgres_tmdb to 2026-03-02 10:00:00+00:00, run_after=2026-04-06 10:00:00+00:00
[2026-03-31T21:34:09.169+0000] {processor.py:208} INFO - Processing /opt/airflow/dags/ingestion_postgres_dag.py took 0.111 seconds
[2026-03-31T21:34:39.498+0000] {processor.py:186} INFO - Started process (PID=1167) to work on /opt/airflow/dags/ingestion_postgres_dag.py
[2026-03-31T21:34:39.499+0000] {processor.py:914} INFO - Processing file /opt/airflow/dags/ingestion_postgres_dag.py for tasks to queue
[2026-03-31T21:34:39.501+0000] {logging_mixin.py:190} INFO - [2026-03-31T21:34:39.501+0000] {dagbag.py:588} INFO - Filling up the DagBag from /opt/airflow/dags/ingestion_postgres_dag.py
[2026-03-31T21:34:39.526+0000] {processor.py:925} INFO - DAG(s) 'ingestion_postgres_tmdb' retrieved from /opt/airflow/dags/ingestion_postgres_dag.py
[2026-03-31T21:34:39.561+0000] {logging_mixin.py:190} INFO - [2026-03-31T21:34:39.561+0000] {dag.py:3239} INFO - Sync 1 DAGs
[2026-03-31T21:34:39.585+0000] {logging_mixin.py:190} INFO - [2026-03-31T21:34:39.585+0000] {dag.py:4180} INFO - Setting next_dagrun for ingestion_postgres_tmdb to 2026-03-02 10:00:00+00:00, run_after=2026-04-06 10:00:00+00:00
[2026-03-31T21:34:39.607+0000] {processor.py:208} INFO - Processing /opt/airflow/dags/ingestion_postgres_dag.py took 0.117 seconds
[2026-03-31T21:35:09.897+0000] {processor.py:186} INFO - Started process (PID=1177) to work on /opt/airflow/dags/ingestion_postgres_dag.py
[2026-03-31T21:35:09.901+0000] {processor.py:914} INFO - Processing file /opt/airflow/dags/ingestion_postgres_dag.py for tasks to queue
[2026-03-31T21:35:09.910+0000] {logging_mixin.py:190} INFO - [2026-03-31T21:35:09.910+0000] {dagbag.py:588} INFO - Filling up the DagBag from /opt/airflow/dags/ingestion_postgres_dag.py
[2026-03-31T21:35:09.956+0000] {processor.py:925} INFO - DAG(s) 'ingestion_postgres_tmdb' retrieved from /opt/airflow/dags/ingestion_postgres_dag.py
[2026-03-31T21:35:09.986+0000] {logging_mixin.py:190} INFO - [2026-03-31T21:35:09.986+0000] {dag.py:3239} INFO - Sync 1 DAGs
[2026-03-31T21:35:10.007+0000] {logging_mixin.py:190} INFO - [2026-03-31T21:35:10.006+0000] {dag.py:4180} INFO - Setting next_dagrun for ingestion_postgres_tmdb to 2026-03-02 10:00:00+00:00, run_after=2026-04-06 10:00:00+00:00
[2026-03-31T21:35:10.028+0000] {processor.py:208} INFO - Processing /opt/airflow/dags/ingestion_postgres_dag.py took 0.139 seconds
[2026-03-31T21:35:40.321+0000] {processor.py:186} INFO - Started process (PID=1187) to work on /opt/airflow/dags/ingestion_postgres_dag.py
[2026-03-31T21:35:40.322+0000] {processor.py:914} INFO - Processing file /opt/airflow/dags/ingestion_postgres_dag.py for tasks to queue
[2026-03-31T21:35:40.325+0000] {logging_mixin.py:190} INFO - [2026-03-31T21:35:40.325+0000] {dagbag.py:588} INFO - Filling up the DagBag from /opt/airflow/dags/ingestion_postgres_dag.py
[2026-03-31T21:35:40.346+0000] {processor.py:925} INFO - DAG(s) 'ingestion_postgres_tmdb' retrieved from /opt/airflow/dags/ingestion_postgres_dag.py
[2026-03-31T21:35:40.375+0000] {logging_mixin.py:190} INFO - [2026-03-31T21:35:40.375+0000] {dag.py:3239} INFO - Sync 1 DAGs
[2026-03-31T21:35:40.399+0000] {logging_mixin.py:190} INFO - [2026-03-31T21:35:40.399+0000] {dag.py:4180} INFO - Setting next_dagrun for ingestion_postgres_tmdb to 2026-03-02 10:00:00+00:00, run_after=2026-04-06 10:00:00+00:00
[2026-03-31T21:35:40.417+0000] {processor.py:208} INFO - Processing /opt/airflow/dags/ingestion_postgres_dag.py took 0.103 seconds
[2026-03-31T21:36:10.609+0000] {processor.py:186} INFO - Started process (PID=1197) to work on /opt/airflow/dags/ingestion_postgres_dag.py
[2026-03-31T21:36:10.610+0000] {processor.py:914} INFO - Processing file /opt/airflow/dags/ingestion_postgres_dag.py for tasks to queue
[2026-03-31T21:36:10.612+0000] {logging_mixin.py:190} INFO - [2026-03-31T21:36:10.612+0000] {dagbag.py:588} INFO - Filling up the DagBag from /opt/airflow/dags/ingestion_postgres_dag.py
[2026-03-31T21:36:10.635+0000] {processor.py:925} INFO - DAG(s) 'ingestion_postgres_tmdb' retrieved from /opt/airflow/dags/ingestion_postgres_dag.py
[2026-03-31T21:36:10.671+0000] {logging_mixin.py:190} INFO - [2026-03-31T21:36:10.671+0000] {dag.py:3239} INFO - Sync 1 DAGs
[2026-03-31T21:36:10.722+0000] {logging_mixin.py:190} INFO - [2026-03-31T21:36:10.721+0000] {dag.py:4180} INFO - Setting next_dagrun for ingestion_postgres_tmdb to 2026-03-02 10:00:00+00:00, run_after=2026-04-06 10:00:00+00:00
[2026-03-31T21:36:10.749+0000] {processor.py:208} INFO - Processing /opt/airflow/dags/ingestion_postgres_dag.py took 0.148 seconds
[2026-03-31T21:36:40.829+0000] {processor.py:186} INFO - Started process (PID=1207) to work on /opt/airflow/dags/ingestion_postgres_dag.py
[2026-03-31T21:36:40.830+0000] {processor.py:914} INFO - Processing file /opt/airflow/dags/ingestion_postgres_dag.py for tasks to queue
[2026-03-31T21:36:40.832+0000] {logging_mixin.py:190} INFO - [2026-03-31T21:36:40.832+0000] {dagbag.py:588} INFO - Filling up the DagBag from /opt/airflow/dags/ingestion_postgres_dag.py
[2026-03-31T21:36:40.850+0000] {processor.py:925} INFO - DAG(s) 'ingestion_postgres_tmdb' retrieved from /opt/airflow/dags/ingestion_postgres_dag.py
[2026-03-31T21:36:40.922+0000] {logging_mixin.py:190} INFO - [2026-03-31T21:36:40.921+0000] {dag.py:3239} INFO - Sync 1 DAGs
[2026-03-31T21:36:40.946+0000] {logging_mixin.py:190} INFO - [2026-03-31T21:36:40.946+0000] {dag.py:4180} INFO - Setting next_dagrun for ingestion_postgres_tmdb to 2026-03-02 10:00:00+00:00, run_after=2026-04-06 10:00:00+00:00
[2026-03-31T21:36:40.968+0000] {processor.py:208} INFO - Processing /opt/airflow/dags/ingestion_postgres_dag.py took 0.145 seconds
[2026-03-31T21:37:11.321+0000] {processor.py:186} INFO - Started process (PID=1217) to work on /opt/airflow/dags/ingestion_postgres_dag.py
[2026-03-31T21:37:11.322+0000] {processor.py:914} INFO - Processing file /opt/airflow/dags/ingestion_postgres_dag.py for tasks to queue
[2026-03-31T21:37:11.325+0000] {logging_mixin.py:190} INFO - [2026-03-31T21:37:11.325+0000] {dagbag.py:588} INFO - Filling up the DagBag from /opt/airflow/dags/ingestion_postgres_dag.py
[2026-03-31T21:37:11.347+0000] {processor.py:925} INFO - DAG(s) 'ingestion_postgres_tmdb' retrieved from /opt/airflow/dags/ingestion_postgres_dag.py
[2026-03-31T21:37:11.383+0000] {logging_mixin.py:190} INFO - [2026-03-31T21:37:11.383+0000] {dag.py:3239} INFO - Sync 1 DAGs
[2026-03-31T21:37:11.413+0000] {logging_mixin.py:190} INFO - [2026-03-31T21:37:11.413+0000] {dag.py:4180} INFO - Setting next_dagrun for ingestion_postgres_tmdb to 2026-03-02 10:00:00+00:00, run_after=2026-04-06 10:00:00+00:00
[2026-03-31T21:37:11.443+0000] {processor.py:208} INFO - Processing /opt/airflow/dags/ingestion_postgres_dag.py took 0.132 seconds
[2026-03-31T21:37:41.750+0000] {processor.py:186} INFO - Started process (PID=1227) to work on /opt/airflow/dags/ingestion_postgres_dag.py
[2026-03-31T21:37:41.751+0000] {processor.py:914} INFO - Processing file /opt/airflow/dags/ingestion_postgres_dag.py for tasks to queue
[2026-03-31T21:37:41.753+0000] {logging_mixin.py:190} INFO - [2026-03-31T21:37:41.753+0000] {dagbag.py:588} INFO - Filling up the DagBag from /opt/airflow/dags/ingestion_postgres_dag.py
[2026-03-31T21:37:41.777+0000] {processor.py:925} INFO - DAG(s) 'ingestion_postgres_tmdb' retrieved from /opt/airflow/dags/ingestion_postgres_dag.py
[2026-03-31T21:37:41.806+0000] {logging_mixin.py:190} INFO - [2026-03-31T21:37:41.806+0000] {dag.py:3239} INFO - Sync 1 DAGs
[2026-03-31T21:37:41.831+0000] {logging_mixin.py:190} INFO - [2026-03-31T21:37:41.831+0000] {dag.py:4180} INFO - Setting next_dagrun for ingestion_postgres_tmdb to 2026-03-02 10:00:00+00:00, run_after=2026-04-06 10:00:00+00:00
[2026-03-31T21:37:41.856+0000] {processor.py:208} INFO - Processing /opt/airflow/dags/ingestion_postgres_dag.py took 0.113 seconds
[2026-03-31T21:38:12.043+0000] {processor.py:186} INFO - Started process (PID=1237) to work on /opt/airflow/dags/ingestion_postgres_dag.py
[2026-03-31T21:38:12.044+0000] {processor.py:914} INFO - Processing file /opt/airflow/dags/ingestion_postgres_dag.py for tasks to queue
[2026-03-31T21:38:12.048+0000] {logging_mixin.py:190} INFO - [2026-03-31T21:38:12.048+0000] {dagbag.py:588} INFO - Filling up the DagBag from /opt/airflow/dags/ingestion_postgres_dag.py
[2026-03-31T21:38:12.075+0000] {processor.py:925} INFO - DAG(s) 'ingestion_postgres_tmdb' retrieved from /opt/airflow/dags/ingestion_postgres_dag.py
[2026-03-31T21:38:12.126+0000] {logging_mixin.py:190} INFO - [2026-03-31T21:38:12.126+0000] {dag.py:3239} INFO - Sync 1 DAGs
[2026-03-31T21:38:12.156+0000] {logging_mixin.py:190} INFO - [2026-03-31T21:38:12.156+0000] {dag.py:4180} INFO - Setting next_dagrun for ingestion_postgres_tmdb to 2026-03-02 10:00:00+00:00, run_after=2026-04-06 10:00:00+00:00
[2026-03-31T21:38:12.177+0000] {processor.py:208} INFO - Processing /opt/airflow/dags/ingestion_postgres_dag.py took 0.143 seconds
[2026-03-31T21:38:42.497+0000] {processor.py:186} INFO - Started process (PID=1247) to work on /opt/airflow/dags/ingestion_postgres_dag.py
[2026-03-31T21:38:42.499+0000] {processor.py:914} INFO - Processing file /opt/airflow/dags/ingestion_postgres_dag.py for tasks to queue
[2026-03-31T21:38:42.502+0000] {logging_mixin.py:190} INFO - [2026-03-31T21:38:42.502+0000] {dagbag.py:588} INFO - Filling up the DagBag from /opt/airflow/dags/ingestion_postgres_dag.py
[2026-03-31T21:38:42.528+0000] {processor.py:925} INFO - DAG(s) 'ingestion_postgres_tmdb' retrieved from /opt/airflow/dags/ingestion_postgres_dag.py
[2026-03-31T21:38:42.556+0000] {logging_mixin.py:190} INFO - [2026-03-31T21:38:42.556+0000] {dag.py:3239} INFO - Sync 1 DAGs
[2026-03-31T21:38:42.585+0000] {logging_mixin.py:190} INFO - [2026-03-31T21:38:42.585+0000] {dag.py:4180} INFO - Setting next_dagrun for ingestion_postgres_tmdb to 2026-03-02 10:00:00+00:00, run_after=2026-04-06 10:00:00+00:00
[2026-03-31T21:38:42.607+0000] {processor.py:208} INFO - Processing /opt/airflow/dags/ingestion_postgres_dag.py took 0.118 seconds
[2026-03-31T21:39:12.771+0000] {processor.py:186} INFO - Started process (PID=1257) to work on /opt/airflow/dags/ingestion_postgres_dag.py
[2026-03-31T21:39:12.772+0000] {processor.py:914} INFO - Processing file /opt/airflow/dags/ingestion_postgres_dag.py for tasks to queue
[2026-03-31T21:39:12.774+0000] {logging_mixin.py:190} INFO - [2026-03-31T21:39:12.774+0000] {dagbag.py:588} INFO - Filling up the DagBag from /opt/airflow/dags/ingestion_postgres_dag.py
[2026-03-31T21:39:12.796+0000] {processor.py:925} INFO - DAG(s) 'ingestion_postgres_tmdb' retrieved from /opt/airflow/dags/ingestion_postgres_dag.py
[2026-03-31T21:39:12.829+0000] {logging_mixin.py:190} INFO - [2026-03-31T21:39:12.829+0000] {dag.py:3239} INFO - Sync 1 DAGs
[2026-03-31T21:39:12.854+0000] {logging_mixin.py:190} INFO - [2026-03-31T21:39:12.854+0000] {dag.py:4180} INFO - Setting next_dagrun for ingestion_postgres_tmdb to 2026-03-02 10:00:00+00:00, run_after=2026-04-06 10:00:00+00:00
[2026-03-31T21:39:12.875+0000] {processor.py:208} INFO - Processing /opt/airflow/dags/ingestion_postgres_dag.py took 0.111 seconds
[2026-03-31T21:39:43.243+0000] {processor.py:186} INFO - Started process (PID=1267) to work on /opt/airflow/dags/ingestion_postgres_dag.py
[2026-03-31T21:39:43.245+0000] {processor.py:914} INFO - Processing file /opt/airflow/dags/ingestion_postgres_dag.py for tasks to queue
[2026-03-31T21:39:43.247+0000] {logging_mixin.py:190} INFO - [2026-03-31T21:39:43.247+0000] {dagbag.py:588} INFO - Filling up the DagBag from /opt/airflow/dags/ingestion_postgres_dag.py
[2026-03-31T21:39:43.273+0000] {processor.py:925} INFO - DAG(s) 'ingestion_postgres_tmdb' retrieved from /opt/airflow/dags/ingestion_postgres_dag.py
[2026-03-31T21:39:43.308+0000] {logging_mixin.py:190} INFO - [2026-03-31T21:39:43.307+0000] {dag.py:3239} INFO - Sync 1 DAGs
[2026-03-31T21:39:43.334+0000] {logging_mixin.py:190} INFO - [2026-03-31T21:39:43.333+0000] {dag.py:4180} INFO - Setting next_dagrun for ingestion_postgres_tmdb to 2026-03-02 10:00:00+00:00, run_after=2026-04-06 10:00:00+00:00
[2026-03-31T21:39:43.366+0000] {processor.py:208} INFO - Processing /opt/airflow/dags/ingestion_postgres_dag.py took 0.130 seconds
[2026-03-31T21:40:18.856+0000] {processor.py:186} INFO - Started process (PID=1277) to work on /opt/airflow/dags/ingestion_postgres_dag.py
[2026-03-31T21:40:18.858+0000] {processor.py:914} INFO - Processing file /opt/airflow/dags/ingestion_postgres_dag.py for tasks to queue
[2026-03-31T21:40:18.861+0000] {logging_mixin.py:190} INFO - [2026-03-31T21:40:18.860+0000] {dagbag.py:588} INFO - Filling up the DagBag from /opt/airflow/dags/ingestion_postgres_dag.py
[2026-03-31T21:40:13.183+0000] {processor.py:925} INFO - DAG(s) 'ingestion_postgres_tmdb' retrieved from /opt/airflow/dags/ingestion_postgres_dag.py
[2026-03-31T21:40:13.216+0000] {logging_mixin.py:190} INFO - [2026-03-31T21:40:13.216+0000] {dag.py:3239} INFO - Sync 1 DAGs
[2026-03-31T21:40:13.242+0000] {logging_mixin.py:190} INFO - [2026-03-31T21:40:13.241+0000] {dag.py:4180} INFO - Setting next_dagrun for ingestion_postgres_tmdb to 2026-03-02 10:00:00+00:00, run_after=2026-04-06 10:00:00+00:00
[2026-03-31T21:40:13.268+0000] {processor.py:208} INFO - Processing /opt/airflow/dags/ingestion_postgres_dag.py took 0.122 seconds
[2026-03-31T21:40:43.450+0000] {processor.py:186} INFO - Started process (PID=1287) to work on /opt/airflow/dags/ingestion_postgres_dag.py
[2026-03-31T21:40:43.454+0000] {processor.py:914} INFO - Processing file /opt/airflow/dags/ingestion_postgres_dag.py for tasks to queue
[2026-03-31T21:40:43.460+0000] {logging_mixin.py:190} INFO - [2026-03-31T21:40:43.459+0000] {dagbag.py:588} INFO - Filling up the DagBag from /opt/airflow/dags/ingestion_postgres_dag.py
[2026-03-31T21:40:43.492+0000] {processor.py:925} INFO - DAG(s) 'ingestion_postgres_tmdb' retrieved from /opt/airflow/dags/ingestion_postgres_dag.py
[2026-03-31T21:40:43.528+0000] {logging_mixin.py:190} INFO - [2026-03-31T21:40:43.528+0000] {dag.py:3239} INFO - Sync 1 DAGs
[2026-03-31T21:40:43.561+0000] {logging_mixin.py:190} INFO - [2026-03-31T21:40:43.561+0000] {dag.py:4180} INFO - Setting next_dagrun for ingestion_postgres_tmdb to 2026-03-02 10:00:00+00:00, run_after=2026-04-06 10:00:00+00:00
[2026-03-31T21:40:43.580+0000] {processor.py:208} INFO - Processing /opt/airflow/dags/ingestion_postgres_dag.py took 0.143 seconds
[2026-03-31T21:41:13.870+0000] {processor.py:186} INFO - Started process (PID=1297) to work on /opt/airflow/dags/ingestion_postgres_dag.py
[2026-03-31T21:41:13.875+0000] {processor.py:914} INFO - Processing file /opt/airflow/dags/ingestion_postgres_dag.py for tasks to queue
[2026-03-31T21:41:13.885+0000] {logging_mixin.py:190} INFO - [2026-03-31T21:41:13.885+0000] {dagbag.py:588} INFO - Filling up the DagBag from /opt/airflow/dags/ingestion_postgres_dag.py
[2026-03-31T21:41:13.907+0000] {processor.py:925} INFO - DAG(s) 'ingestion_postgres_tmdb' retrieved from /opt/airflow/dags/ingestion_postgres_dag.py
[2026-03-31T21:41:13.937+0000] {logging_mixin.py:190} INFO - [2026-03-31T21:41:13.936+0000] {dag.py:3239} INFO - Sync 1 DAGs
[2026-03-31T21:41:13.960+0000] {logging_mixin.py:190} INFO - [2026-03-31T21:41:13.959+0000] {dag.py:4180} INFO - Setting next_dagrun for ingestion_postgres_tmdb to 2026-03-02 10:00:00+00:00, run_after=2026-04-06 10:00:00+00:00
[2026-03-31T21:41:13.989+0000] {processor.py:208} INFO - Processing /opt/airflow/dags/ingestion_postgres_dag.py took 0.130 seconds
[2026-03-31T21:41:44.321+0000] {processor.py:186} INFO - Started process (PID=1307) to work on /opt/airflow/dags/ingestion_postgres_dag.py
[2026-03-31T21:41:44.322+0000] {processor.py:914} INFO - Processing file /opt/airflow/dags/ingestion_postgres_dag.py for tasks to queue
[2026-03-31T21:41:44.324+0000] {logging_mixin.py:190} INFO - [2026-03-31T21:41:44.324+0000] {dagbag.py:588} INFO - Filling up the DagBag from /opt/airflow/dags/ingestion_postgres_dag.py
[2026-03-31T21:41:44.346+0000] {processor.py:925} INFO - DAG(s) 'ingestion_postgres_tmdb' retrieved from /opt/airflow/dags/ingestion_postgres_dag.py
[2026-03-31T21:41:44.380+0000] {logging_mixin.py:190} INFO - [2026-03-31T21:41:44.380+0000] {dag.py:3239} INFO - Sync 1 DAGs
[2026-03-31T21:41:44.404+0000] {logging_mixin.py:190} INFO - [2026-03-31T21:41:44.404+0000] {dag.py:4180} INFO - Setting next_dagrun for ingestion_postgres_tmdb to 2026-03-02 10:00:00+00:00, run_after=2026-04-06 10:00:00+00:00
[2026-03-31T21:41:44.432+0000] {processor.py:208} INFO - Processing /opt/airflow/dags/ingestion_postgres_dag.py took 0.119 seconds
[2026-03-31T21:42:14.725+0000] {processor.py:186} INFO - Started process (PID=1317) to work on /opt/airflow/dags/ingestion_postgres_dag.py
[2026-03-31T21:42:14.726+0000] {processor.py:914} INFO - Processing file /opt/airflow/dags/ingestion_postgres_dag.py for tasks to queue
[2026-03-31T21:42:14.729+0000] {logging_mixin.py:190} INFO - [2026-03-31T21:42:14.729+0000] {dagbag.py:588} INFO - Filling up the DagBag from /opt/airflow/dags/ingestion_postgres_dag.py
[2026-03-31T21:42:14.751+0000] {processor.py:925} INFO - DAG(s) 'ingestion_postgres_tmdb' retrieved from /opt/airflow/dags/ingestion_postgres_dag.py
[2026-03-31T21:42:14.782+0000] {logging_mixin.py:190} INFO - [2026-03-31T21:42:14.781+0000] {dag.py:3239} INFO - Sync 1 DAGs
[2026-03-31T21:42:14.804+0000] {logging_mixin.py:190} INFO - [2026-03-31T21:42:14.804+0000] {dag.py:4180} INFO - Setting next_dagrun for ingestion_postgres_tmdb to 2026-03-02 10:00:00+00:00, run_after=2026-04-06 10:00:00+00:00
[2026-03-31T21:42:14.823+0000] {processor.py:208} INFO - Processing /opt/airflow/dags/ingestion_postgres_dag.py took 0.105 seconds
[2026-03-31T21:42:45.005+0000] {processor.py:186} INFO - Started process (PID=1327) to work on /opt/airflow/dags/ingestion_postgres_dag.py
[2026-03-31T21:42:45.006+0000] {processor.py:914} INFO - Processing file /opt/airflow/dags/ingestion_postgres_dag.py for tasks to queue
[2026-03-31T21:42:45.009+0000] {logging_mixin.py:190} INFO - [2026-03-31T21:42:45.009+0000] {dagbag.py:588} INFO - Filling up the DagBag from /opt/airflow/dags/ingestion_postgres_dag.py
[2026-03-31T21:42:45.031+0000] {processor.py:925} INFO - DAG(s) 'ingestion_postgres_tmdb' retrieved from /opt/airflow/dags/ingestion_postgres_dag.py
[2026-03-31T21:42:45.061+0000] {logging_mixin.py:190} INFO - [2026-03-31T21:42:45.060+0000] {dag.py:3239} INFO - Sync 1 DAGs
[2026-03-31T21:42:45.091+0000] {logging_mixin.py:190} INFO - [2026-03-31T21:42:45.090+0000] {dag.py:4180} INFO - Setting next_dagrun for ingestion_postgres_tmdb to 2026-03-02 10:00:00+00:00, run_after=2026-04-06 10:00:00+00:00
[2026-03-31T21:42:45.112+0000] {processor.py:208} INFO - Processing /opt/airflow/dags/ingestion_postgres_dag.py took 0.116 seconds
[2026-03-31T21:43:15.455+0000] {processor.py:186} INFO - Started process (PID=1337) to work on /opt/airflow/dags/ingestion_postgres_dag.py
[2026-03-31T21:43:15.456+0000] {processor.py:914} INFO - Processing file /opt/airflow/dags/ingestion_postgres_dag.py for tasks to queue
[2026-03-31T21:43:15.459+0000] {logging_mixin.py:190} INFO - [2026-03-31T21:43:15.458+0000] {dagbag.py:588} INFO - Filling up the DagBag from /opt/airflow/dags/ingestion_postgres_dag.py
[2026-03-31T21:43:15.480+0000] {processor.py:925} INFO - DAG(s) 'ingestion_postgres_tmdb' retrieved from /opt/airflow/dags/ingestion_postgres_dag.py
[2026-03-31T21:43:15.513+0000] {logging_mixin.py:190} INFO - [2026-03-31T21:43:15.513+0000] {dag.py:3239} INFO - Sync 1 DAGs
[2026-03-31T21:43:15.538+0000] {logging_mixin.py:190} INFO - [2026-03-31T21:43:15.538+0000] {dag.py:4180} INFO - Setting next_dagrun for ingestion_postgres_tmdb to 2026-03-02 10:00:00+00:00, run_after=2026-04-06 10:00:00+00:00
[2026-03-31T21:43:15.560+0000] {processor.py:208} INFO - Processing /opt/airflow/dags/ingestion_postgres_dag.py took 0.112 seconds
[2026-03-31T21:43:45.893+0000] {processor.py:186} INFO - Started process (PID=1347) to work on /opt/airflow/dags/ingestion_postgres_dag.py
[2026-03-31T21:43:45.895+0000] {processor.py:914} INFO - Processing file /opt/airflow/dags/ingestion_postgres_dag.py for tasks to queue
[2026-03-31T21:43:45.898+0000] {logging_mixin.py:190} INFO - [2026-03-31T21:43:45.898+0000] {dagbag.py:588} INFO - Filling up the DagBag from /opt/airflow/dags/ingestion_postgres_dag.py
[2026-03-31T21:43:45.920+0000] {processor.py:925} INFO - DAG(s) 'ingestion_postgres_tmdb' retrieved from /opt/airflow/dags/ingestion_postgres_dag.py
[2026-03-31T21:43:45.952+0000] {logging_mixin.py:190} INFO - [2026-03-31T21:43:45.952+0000] {dag.py:3239} INFO - Sync 1 DAGs
[2026-03-31T21:43:45.977+0000] {logging_mixin.py:190} INFO - [2026-03-31T21:43:45.977+0000] {dag.py:4180} INFO - Setting next_dagrun for ingestion_postgres_tmdb to 2026-03-02 10:00:00+00:00, run_after=2026-04-06 10:00:00+00:00
[2026-03-31T21:43:46.002+0000] {processor.py:208} INFO - Processing /opt/airflow/dags/ingestion_postgres_dag.py took 0.118 seconds
[2026-03-31T21:44:16.311+0000] {processor.py:186} INFO - Started process (PID=1357) to work on /opt/airflow/dags/ingestion_postgres_dag.py
[2026-03-31T21:44:16.312+0000] {processor.py:914} INFO - Processing file /opt/airflow/dags/ingestion_postgres_dag.py for tasks to queue
[2026-03-31T21:44:16.315+0000] {logging_mixin.py:190} INFO - [2026-03-31T21:44:16.315+0000] {dagbag.py:588} INFO - Filling up the DagBag from /opt/airflow/dags/ingestion_postgres_dag.py
[2026-03-31T21:44:16.339+0000] {processor.py:925} INFO - DAG(s) 'ingestion_postgres_tmdb' retrieved from /opt/airflow/dags/ingestion_postgres_dag.py
[2026-03-31T21:44:16.367+0000] {logging_mixin.py:190} INFO - [2026-03-31T21:44:16.367+0000] {dag.py:3239} INFO - Sync 1 DAGs
[2026-03-31T21:44:16.392+0000] {logging_mixin.py:190} INFO - [2026-03-31T21:44:16.392+0000] {dag.py:4180} INFO - Setting next_dagrun for ingestion_postgres_tmdb to 2026-03-02 10:00:00+00:00, run_after=2026-04-06 10:00:00+00:00
[2026-03-31T21:44:16.414+0000] {processor.py:208} INFO - Processing /opt/airflow/dags/ingestion_postgres_dag.py took 0.111 seconds
[2026-03-31T21:44:46.762+0000] {processor.py:186} INFO - Started process (PID=1367) to work on /opt/airflow/dags/ingestion_postgres_dag.py
[2026-03-31T21:44:46.763+0000] {processor.py:914} INFO - Processing file /opt/airflow/dags/ingestion_postgres_dag.py for tasks to queue
[2026-03-31T21:44:46.766+0000] {logging_mixin.py:190} INFO - [2026-03-31T21:44:46.766+0000] {dagbag.py:588} INFO - Filling up the DagBag from /opt/airflow/dags/ingestion_postgres_dag.py
[2026-03-31T21:44:46.795+0000] {processor.py:925} INFO - DAG(s) 'ingestion_postgres_tmdb' retrieved from /opt/airflow/dags/ingestion_postgres_dag.py
[2026-03-31T21:44:46.836+0000] {logging_mixin.py:190} INFO - [2026-03-31T21:44:46.835+0000] {dag.py:3239} INFO - Sync 1 DAGs
[2026-03-31T21:44:46.866+0000] {logging_mixin.py:190} INFO - [2026-03-31T21:44:46.866+0000] {dag.py:4180} INFO - Setting next_dagrun for ingestion_postgres_tmdb to 2026-03-02 10:00:00+00:00, run_after=2026-04-06 10:00:00+00:00
[2026-03-31T21:44:46.892+0000] {processor.py:208} INFO - Processing /opt/airflow/dags/ingestion_postgres_dag.py took 0.138 seconds
[2026-03-31T21:45:17.221+0000] {processor.py:186} INFO - Started process (PID=1377) to work on /opt/airflow/dags/ingestion_postgres_dag.py
[2026-03-31T21:45:17.223+0000] {processor.py:914} INFO - Processing file /opt/airflow/dags/ingestion_postgres_dag.py for tasks to queue
[2026-03-31T21:45:17.226+0000] {logging_mixin.py:190} INFO - [2026-03-31T21:45:17.225+0000] {dagbag.py:588} INFO - Filling up the DagBag from /opt/airflow/dags/ingestion_postgres_dag.py
[2026-03-31T21:45:17.245+0000] {processor.py:925} INFO - DAG(s) 'ingestion_postgres_tmdb' retrieved from /opt/airflow/dags/ingestion_postgres_dag.py
[2026-03-31T21:45:17.277+0000] {logging_mixin.py:190} INFO - [2026-03-31T21:45:17.276+0000] {dag.py:3239} INFO - Sync 1 DAGs
[2026-03-31T21:45:17.304+0000] {logging_mixin.py:190} INFO - [2026-03-31T21:45:17.303+0000] {dag.py:4180} INFO - Setting next_dagrun for ingestion_postgres_tmdb to 2026-03-02 10:00:00+00:00, run_after=2026-04-06 10:00:00+00:00
[2026-03-31T21:45:17.330+0000] {processor.py:208} INFO - Processing /opt/airflow/dags/ingestion_postgres_dag.py took 0.117 seconds
[2026-03-31T21:45:47.457+0000] {processor.py:186} INFO - Started process (PID=1387) to work on /opt/airflow/dags/ingestion_postgres_dag.py
[2026-03-31T21:45:47.458+0000] {processor.py:914} INFO - Processing file /opt/airflow/dags/ingestion_postgres_dag.py for tasks to queue
[2026-03-31T21:45:47.461+0000] {logging_mixin.py:190} INFO - [2026-03-31T21:45:47.461+0000] {dagbag.py:588} INFO - Filling up the DagBag from /opt/airflow/dags/ingestion_postgres_dag.py
[2026-03-31T21:45:47.497+0000] {processor.py:925} INFO - DAG(s) 'ingestion_postgres_tmdb' retrieved from /opt/airflow/dags/ingestion_postgres_dag.py
[2026-03-31T21:45:47.532+0000] {logging_mixin.py:190} INFO - [2026-03-31T21:45:47.532+0000] {dag.py:3239} INFO - Sync 1 DAGs
[2026-03-31T21:45:47.560+0000] {logging_mixin.py:190} INFO - [2026-03-31T21:45:47.560+0000] {dag.py:4180} INFO - Setting next_dagrun for ingestion_postgres_tmdb to 2026-03-02 10:00:00+00:00, run_after=2026-04-06 10:00:00+00:00
[2026-03-31T21:45:47.593+0000] {processor.py:208} INFO - Processing /opt/airflow/dags/ingestion_postgres_dag.py took 0.147 seconds
[2026-03-31T21:46:18.064+0000] {processor.py:186} INFO - Started process (PID=1397) to work on /opt/airflow/dags/ingestion_postgres_dag.py
[2026-03-31T21:46:18.071+0000] {processor.py:914} INFO - Processing file /opt/airflow/dags/ingestion_postgres_dag.py for tasks to queue
[2026-03-31T21:46:18.075+0000] {logging_mixin.py:190} INFO - [2026-03-31T21:46:18.074+0000] {dagbag.py:588} INFO - Filling up the DagBag from /opt/airflow/dags/ingestion_postgres_dag.py
[2026-03-31T21:46:18.101+0000] {processor.py:925} INFO - DAG(s) 'ingestion_postgres_tmdb' retrieved from /opt/airflow/dags/ingestion_postgres_dag.py
[2026-03-31T21:46:18.132+0000] {logging_mixin.py:190} INFO - [2026-03-31T21:46:18.132+0000] {dag.py:3239} INFO - Sync 1 DAGs
[2026-03-31T21:46:18.157+0000] {logging_mixin.py:190} INFO - [2026-03-31T21:46:18.157+0000] {dag.py:4180} INFO - Setting next_dagrun for ingestion_postgres_tmdb to 2026-03-02 10:00:00+00:00, run_after=2026-04-06 10:00:00+00:00
[2026-03-31T21:46:18.177+0000] {processor.py:208} INFO - Processing /opt/airflow/dags/ingestion_postgres_dag.py took 0.119 seconds
[2026-03-31T21:46:48.469+0000] {processor.py:186} INFO - Started process (PID=1407) to work on /opt/airflow/dags/ingestion_postgres_dag.py
[2026-03-31T21:46:48.470+0000] {processor.py:914} INFO - Processing file /opt/airflow/dags/ingestion_postgres_dag.py for tasks to queue
[2026-03-31T21:46:48.473+0000] {logging_mixin.py:190} INFO - [2026-03-31T21:46:48.472+0000] {dagbag.py:588} INFO - Filling up the DagBag from /opt/airflow/dags/ingestion_postgres_dag.py
[2026-03-31T21:46:48.494+0000] {processor.py:925} INFO - DAG(s) 'ingestion_postgres_tmdb' retrieved from /opt/airflow/dags/ingestion_postgres_dag.py
[2026-03-31T21:46:48.525+0000] {logging_mixin.py:190} INFO - [2026-03-31T21:46:48.525+0000] {dag.py:3239} INFO - Sync 1 DAGs
[2026-03-31T21:46:48.549+0000] {logging_mixin.py:190} INFO - [2026-03-31T21:46:48.549+0000] {dag.py:4180} INFO - Setting next_dagrun for ingestion_postgres_tmdb to 2026-03-02 10:00:00+00:00, run_after=2026-04-06 10:00:00+00:00
[2026-03-31T21:46:48.572+0000] {processor.py:208} INFO - Processing /opt/airflow/dags/ingestion_postgres_dag.py took 0.108 seconds
[2026-03-31T21:47:13.830+0000] {processor.py:186} INFO - Started process (PID=1417) to work on /opt/airflow/dags/ingestion_postgres_dag.py
[2026-03-31T21:47:13.831+0000] {processor.py:914} INFO - Processing file /opt/airflow/dags/ingestion_postgres_dag.py for tasks to queue
[2026-03-31T21:47:13.833+0000] {logging_mixin.py:190} INFO - [2026-03-31T21:47:13.833+0000] {dagbag.py:588} INFO - Filling up the DagBag from /opt/airflow/dags/ingestion_postgres_dag.py
[2026-03-31T21:47:13.854+0000] {processor.py:925} INFO - DAG(s) 'ingestion_postgres_tmdb' retrieved from /opt/airflow/dags/ingestion_postgres_dag.py
[2026-03-31T21:47:13.884+0000] {logging_mixin.py:190} INFO - [2026-03-31T21:47:13.884+0000] {dag.py:3239} INFO - Sync 1 DAGs
[2026-03-31T21:47:13.906+0000] {logging_mixin.py:190} INFO - [2026-03-31T21:47:13.906+0000] {dag.py:4180} INFO - Setting next_dagrun for ingestion_postgres_tmdb to 2026-03-02 10:00:00+00:00, run_after=2026-04-06 10:00:00+00:00
[2026-03-31T21:47:13.928+0000] {processor.py:208} INFO - Processing /opt/airflow/dags/ingestion_postgres_dag.py took 0.104 seconds
[2026-03-31T21:47:44.122+0000] {processor.py:186} INFO - Started process (PID=1427) to work on /opt/airflow/dags/ingestion_postgres_dag.py
[2026-03-31T21:47:44.124+0000] {processor.py:914} INFO - Processing file /opt/airflow/dags/ingestion_postgres_dag.py for tasks to queue
[2026-03-31T21:47:44.127+0000] {logging_mixin.py:190} INFO - [2026-03-31T21:47:44.127+0000] {dagbag.py:588} INFO - Filling up the DagBag from /opt/airflow/dags/ingestion_postgres_dag.py
[2026-03-31T21:47:44.152+0000] {processor.py:925} INFO - DAG(s) 'ingestion_postgres_tmdb' retrieved from /opt/airflow/dags/ingestion_postgres_dag.py
[2026-03-31T21:47:44.187+0000] {logging_mixin.py:190} INFO - [2026-03-31T21:47:44.186+0000] {dag.py:3239} INFO - Sync 1 DAGs
[2026-03-31T21:47:44.209+0000] {logging_mixin.py:190} INFO - [2026-03-31T21:47:44.209+0000] {dag.py:4180} INFO - Setting next_dagrun for ingestion_postgres_tmdb to 2026-03-02 10:00:00+00:00, run_after=2026-04-06 10:00:00+00:00
[2026-03-31T21:47:44.229+0000] {processor.py:208} INFO - Processing /opt/airflow/dags/ingestion_postgres_dag.py took 0.119 seconds
[2026-03-31T21:48:14.537+0000] {processor.py:186} INFO - Started process (PID=1437) to work on /opt/airflow/dags/ingestion_postgres_dag.py
[2026-03-31T21:48:14.538+0000] {processor.py:914} INFO - Processing file /opt/airflow/dags/ingestion_postgres_dag.py for tasks to queue
[2026-03-31T21:48:14.544+0000] {logging_mixin.py:190} INFO - [2026-03-31T21:48:14.543+0000] {dagbag.py:588} INFO - Filling up the DagBag from /opt/airflow/dags/ingestion_postgres_dag.py
[2026-03-31T21:48:14.577+0000] {processor.py:925} INFO - DAG(s) 'ingestion_postgres_tmdb' retrieved from /opt/airflow/dags/ingestion_postgres_dag.py
[2026-03-31T21:48:14.605+0000] {logging_mixin.py:190} INFO - [2026-03-31T21:48:14.605+0000] {dag.py:3239} INFO - Sync 1 DAGs
[2026-03-31T21:48:14.629+0000] {logging_mixin.py:190} INFO - [2026-03-31T21:48:14.629+0000] {dag.py:4180} INFO - Setting next_dagrun for ingestion_postgres_tmdb to 2026-03-02 10:00:00+00:00, run_after=2026-04-06 10:00:00+00:00
[2026-03-31T21:48:14.649+0000] {processor.py:208} INFO - Processing /opt/airflow/dags/ingestion_postgres_dag.py took 0.121 seconds
[2026-03-31T21:48:44.807+0000] {processor.py:186} INFO - Started process (PID=1447) to work on /opt/airflow/dags/ingestion_postgres_dag.py
[2026-03-31T21:48:44.809+0000] {processor.py:914} INFO - Processing file /opt/airflow/dags/ingestion_postgres_dag.py for tasks to queue
[2026-03-31T21:48:44.811+0000] {logging_mixin.py:190} INFO - [2026-03-31T21:48:44.811+0000] {dagbag.py:588} INFO - Filling up the DagBag from /opt/airflow/dags/ingestion_postgres_dag.py
[2026-03-31T21:48:44.833+0000] {processor.py:925} INFO - DAG(s) 'ingestion_postgres_tmdb' retrieved from /opt/airflow/dags/ingestion_postgres_dag.py
[2026-03-31T21:48:44.863+0000] {logging_mixin.py:190} INFO - [2026-03-31T21:48:44.863+0000] {dag.py:3239} INFO - Sync 1 DAGs
[2026-03-31T21:48:44.886+0000] {logging_mixin.py:190} INFO - [2026-03-31T21:48:44.886+0000] {dag.py:4180} INFO - Setting next_dagrun for ingestion_postgres_tmdb to 2026-03-02 10:00:00+00:00, run_after=2026-04-06 10:00:00+00:00
[2026-03-31T21:48:44.909+0000] {processor.py:208} INFO - Processing /opt/airflow/dags/ingestion_postgres_dag.py took 0.109 seconds
[2026-03-31T21:49:15.174+0000] {processor.py:186} INFO - Started process (PID=1457) to work on /opt/airflow/dags/ingestion_postgres_dag.py
[2026-03-31T21:49:15.175+0000] {processor.py:914} INFO - Processing file /opt/airflow/dags/ingestion_postgres_dag.py for tasks to queue
[2026-03-31T21:49:15.178+0000] {logging_mixin.py:190} INFO - [2026-03-31T21:49:15.178+0000] {dagbag.py:588} INFO - Filling up the DagBag from /opt/airflow/dags/ingestion_postgres_dag.py
[2026-03-31T21:49:15.198+0000] {processor.py:925} INFO - DAG(s) 'ingestion_postgres_tmdb' retrieved from /opt/airflow/dags/ingestion_postgres_dag.py
[2026-03-31T21:49:15.228+0000] {logging_mixin.py:190} INFO - [2026-03-31T21:49:15.228+0000] {dag.py:3239} INFO - Sync 1 DAGs
[2026-03-31T21:49:15.256+0000] {logging_mixin.py:190} INFO - [2026-03-31T21:49:15.256+0000] {dag.py:4180} INFO - Setting next_dagrun for ingestion_postgres_tmdb to 2026-03-02 10:00:00+00:00, run_after=2026-04-06 10:00:00+00:00
[2026-03-31T21:49:15.282+0000] {processor.py:208} INFO - Processing /opt/airflow/dags/ingestion_postgres_dag.py took 0.114 seconds
[2026-03-31T21:49:45.494+0000] {processor.py:186} INFO - Started process (PID=1467) to work on /opt/airflow/dags/ingestion_postgres_dag.py
[2026-03-31T21:49:45.495+0000] {processor.py:914} INFO - Processing file /opt/airflow/dags/ingestion_postgres_dag.py for tasks to queue
[2026-03-31T21:49:45.498+0000] {logging_mixin.py:190} INFO - [2026-03-31T21:49:45.497+0000] {dagbag.py:588} INFO - Filling up the DagBag from /opt/airflow/dags/ingestion_postgres_dag.py
[2026-03-31T21:49:45.519+0000] {processor.py:925} INFO - DAG(s) 'ingestion_postgres_tmdb' retrieved from /opt/airflow/dags/ingestion_postgres_dag.py
[2026-03-31T21:49:45.548+0000] {logging_mixin.py:190} INFO - [2026-03-31T21:49:45.548+0000] {dag.py:3239} INFO - Sync 1 DAGs
[2026-03-31T21:49:45.569+0000] {logging_mixin.py:190} INFO - [2026-03-31T21:49:45.568+0000] {dag.py:4180} INFO - Setting next_dagrun for ingestion_postgres_tmdb to 2026-03-02 10:00:00+00:00, run_after=2026-04-06 10:00:00+00:00
[2026-03-31T21:49:45.587+0000] {processor.py:208} INFO - Processing /opt/airflow/dags/ingestion_postgres_dag.py took 0.099 seconds
[2026-03-31T21:50:15.823+0000] {processor.py:186} INFO - Started process (PID=1477) to work on /opt/airflow/dags/ingestion_postgres_dag.py
[2026-03-31T21:50:15.824+0000] {processor.py:914} INFO - Processing file /opt/airflow/dags/ingestion_postgres_dag.py for tasks to queue
[2026-03-31T21:50:15.828+0000] {logging_mixin.py:190} INFO - [2026-03-31T21:50:15.827+0000] {dagbag.py:588} INFO - Filling up the DagBag from /opt/airflow/dags/ingestion_postgres_dag.py
[2026-03-31T21:50:15.849+0000] {processor.py:925} INFO - DAG(s) 'ingestion_postgres_tmdb' retrieved from /opt/airflow/dags/ingestion_postgres_dag.py
[2026-03-31T21:50:15.877+0000] {logging_mixin.py:190} INFO - [2026-03-31T21:50:15.877+0000] {dag.py:3239} INFO - Sync 1 DAGs
[2026-03-31T21:50:15.898+0000] {logging_mixin.py:190} INFO - [2026-03-31T21:50:15.897+0000] {dag.py:4180} INFO - Setting next_dagrun for ingestion_postgres_tmdb to 2026-03-02 10:00:00+00:00, run_after=2026-04-06 10:00:00+00:00
[2026-03-31T21:50:15.918+0000] {processor.py:208} INFO - Processing /opt/airflow/dags/ingestion_postgres_dag.py took 0.103 seconds
[2026-03-31T21:50:46.081+0000] {processor.py:186} INFO - Started process (PID=1487) to work on /opt/airflow/dags/ingestion_postgres_dag.py
[2026-03-31T21:50:46.082+0000] {processor.py:914} INFO - Processing file /opt/airflow/dags/ingestion_postgres_dag.py for tasks to queue
[2026-03-31T21:50:46.084+0000] {logging_mixin.py:190} INFO - [2026-03-31T21:50:46.084+0000] {dagbag.py:588} INFO - Filling up the DagBag from /opt/airflow/dags/ingestion_postgres_dag.py
[2026-03-31T21:50:46.103+0000] {processor.py:925} INFO - DAG(s) 'ingestion_postgres_tmdb' retrieved from /opt/airflow/dags/ingestion_postgres_dag.py
[2026-03-31T21:50:46.132+0000] {logging_mixin.py:190} INFO - [2026-03-31T21:50:46.131+0000] {dag.py:3239} INFO - Sync 1 DAGs
[2026-03-31T21:50:46.158+0000] {logging_mixin.py:190} INFO - [2026-03-31T21:50:46.157+0000] {dag.py:4180} INFO - Setting next_dagrun for ingestion_postgres_tmdb to 2026-03-02 10:00:00+00:00, run_after=2026-04-06 10:00:00+00:00
[2026-03-31T21:50:46.177+0000] {processor.py:208} INFO - Processing /opt/airflow/dags/ingestion_postgres_dag.py took 0.104 seconds
[2026-03-31T21:51:16.497+0000] {processor.py:186} INFO - Started process (PID=1497) to work on /opt/airflow/dags/ingestion_postgres_dag.py
[2026-03-31T21:51:16.498+0000] {processor.py:914} INFO - Processing file /opt/airflow/dags/ingestion_postgres_dag.py for tasks to queue
[2026-03-31T21:51:16.501+0000] {logging_mixin.py:190} INFO - [2026-03-31T21:51:16.500+0000] {dagbag.py:588} INFO - Filling up the DagBag from /opt/airflow/dags/ingestion_postgres_dag.py
[2026-03-31T21:51:16.520+0000] {processor.py:925} INFO - DAG(s) 'ingestion_postgres_tmdb' retrieved from /opt/airflow/dags/ingestion_postgres_dag.py
[2026-03-31T21:51:16.551+0000] {logging_mixin.py:190} INFO - [2026-03-31T21:51:16.550+0000] {dag.py:3239} INFO - Sync 1 DAGs
[2026-03-31T21:51:16.578+0000] {logging_mixin.py:190} INFO - [2026-03-31T21:51:16.578+0000] {dag.py:4180} INFO - Setting next_dagrun for ingestion_postgres_tmdb to 2026-03-02 10:00:00+00:00, run_after=2026-04-06 10:00:00+00:00
[2026-03-31T21:51:16.600+0000] {processor.py:208} INFO - Processing /opt/airflow/dags/ingestion_postgres_dag.py took 0.109 seconds
[2026-03-31T21:51:46.890+0000] {processor.py:186} INFO - Started process (PID=1507) to work on /opt/airflow/dags/ingestion_postgres_dag.py
[2026-03-31T21:51:46.892+0000] {processor.py:914} INFO - Processing file /opt/airflow/dags/ingestion_postgres_dag.py for tasks to queue
[2026-03-31T21:51:46.894+0000] {logging_mixin.py:190} INFO - [2026-03-31T21:51:46.894+0000] {dagbag.py:588} INFO - Filling up the DagBag from /opt/airflow/dags/ingestion_postgres_dag.py
[2026-03-31T21:51:46.916+0000] {processor.py:925} INFO - DAG(s) 'ingestion_postgres_tmdb' retrieved from /opt/airflow/dags/ingestion_postgres_dag.py
[2026-03-31T21:51:46.943+0000] {logging_mixin.py:190} INFO - [2026-03-31T21:51:46.943+0000] {dag.py:3239} INFO - Sync 1 DAGs
[2026-03-31T21:51:46.968+0000] {logging_mixin.py:190} INFO - [2026-03-31T21:51:46.968+0000] {dag.py:4180} INFO - Setting next_dagrun for ingestion_postgres_tmdb to 2026-03-02 10:00:00+00:00, run_after=2026-04-06 10:00:00+00:00
[2026-03-31T21:51:46.990+0000] {processor.py:208} INFO - Processing /opt/airflow/dags/ingestion_postgres_dag.py took 0.105 seconds
[2026-03-31T21:52:14.266+0000] {processor.py:186} INFO - Started process (PID=1517) to work on /opt/airflow/dags/ingestion_postgres_dag.py
[2026-03-31T21:52:14.267+0000] {processor.py:914} INFO - Processing file /opt/airflow/dags/ingestion_postgres_dag.py for tasks to queue
[2026-03-31T21:52:14.269+0000] {logging_mixin.py:190} INFO - [2026-03-31T21:52:14.269+0000] {dagbag.py:588} INFO - Filling up the DagBag from /opt/airflow/dags/ingestion_postgres_dag.py
[2026-03-31T21:52:14.292+0000] {processor.py:925} INFO - DAG(s) 'ingestion_postgres_tmdb' retrieved from /opt/airflow/dags/ingestion_postgres_dag.py
[2026-03-31T21:52:14.325+0000] {logging_mixin.py:190} INFO - [2026-03-31T21:52:14.325+0000] {dag.py:3239} INFO - Sync 1 DAGs
[2026-03-31T21:52:14.350+0000] {logging_mixin.py:190} INFO - [2026-03-31T21:52:14.350+0000] {dag.py:4180} INFO - Setting next_dagrun for ingestion_postgres_tmdb to 2026-03-02 10:00:00+00:00, run_after=2026-04-06 10:00:00+00:00
[2026-03-31T21:52:14.369+0000] {processor.py:208} INFO - Processing /opt/airflow/dags/ingestion_postgres_dag.py took 0.109 seconds
[2026-03-31T21:52:44.582+0000] {processor.py:186} INFO - Started process (PID=1527) to work on /opt/airflow/dags/ingestion_postgres_dag.py
[2026-03-31T21:52:44.583+0000] {processor.py:914} INFO - Processing file /opt/airflow/dags/ingestion_postgres_dag.py for tasks to queue
[2026-03-31T21:52:44.586+0000] {logging_mixin.py:190} INFO - [2026-03-31T21:52:44.586+0000] {dagbag.py:588} INFO - Filling up the DagBag from /opt/airflow/dags/ingestion_postgres_dag.py
[2026-03-31T21:52:44.610+0000] {processor.py:925} INFO - DAG(s) 'ingestion_postgres_tmdb' retrieved from /opt/airflow/dags/ingestion_postgres_dag.py
[2026-03-31T21:52:44.644+0000] {logging_mixin.py:190} INFO - [2026-03-31T21:52:44.644+0000] {dag.py:3239} INFO - Sync 1 DAGs
[2026-03-31T21:52:44.665+0000] {logging_mixin.py:190} INFO - [2026-03-31T21:52:44.665+0000] {dag.py:4180} INFO - Setting next_dagrun for ingestion_postgres_tmdb to 2026-03-02 10:00:00+00:00, run_after=2026-04-06 10:00:00+00:00
[2026-03-31T21:52:44.687+0000] {processor.py:208} INFO - Processing /opt/airflow/dags/ingestion_postgres_dag.py took 0.112 seconds
[2026-03-31T21:53:14.968+0000] {processor.py:186} INFO - Started process (PID=1537) to work on /opt/airflow/dags/ingestion_postgres_dag.py
[2026-03-31T21:53:14.969+0000] {processor.py:914} INFO - Processing file /opt/airflow/dags/ingestion_postgres_dag.py for tasks to queue
[2026-03-31T21:53:14.972+0000] {logging_mixin.py:190} INFO - [2026-03-31T21:53:14.972+0000] {dagbag.py:588} INFO - Filling up the DagBag from /opt/airflow/dags/ingestion_postgres_dag.py
[2026-03-31T21:53:14.991+0000] {processor.py:925} INFO - DAG(s) 'ingestion_postgres_tmdb' retrieved from /opt/airflow/dags/ingestion_postgres_dag.py
[2026-03-31T21:53:15.043+0000] {logging_mixin.py:190} INFO - [2026-03-31T21:53:15.042+0000] {dag.py:3239} INFO - Sync 1 DAGs
[2026-03-31T21:53:15.069+0000] {logging_mixin.py:190} INFO - [2026-03-31T21:53:15.069+0000] {dag.py:4180} INFO - Setting next_dagrun for ingestion_postgres_tmdb to 2026-03-02 10:00:00+00:00, run_after=2026-04-06 10:00:00+00:00
[2026-03-31T21:53:15.089+0000] {processor.py:208} INFO - Processing /opt/airflow/dags/ingestion_postgres_dag.py took 0.128 seconds
[2026-03-31T21:53:45.240+0000] {processor.py:186} INFO - Started process (PID=1547) to work on /opt/airflow/dags/ingestion_postgres_dag.py
[2026-03-31T21:53:45.242+0000] {processor.py:914} INFO - Processing file /opt/airflow/dags/ingestion_postgres_dag.py for tasks to queue
[2026-03-31T21:53:45.245+0000] {logging_mixin.py:190} INFO - [2026-03-31T21:53:45.245+0000] {dagbag.py:588} INFO - Filling up the DagBag from /opt/airflow/dags/ingestion_postgres_dag.py
[2026-03-31T21:53:45.267+0000] {processor.py:925} INFO - DAG(s) 'ingestion_postgres_tmdb' retrieved from /opt/airflow/dags/ingestion_postgres_dag.py
[2026-03-31T21:53:45.310+0000] {logging_mixin.py:190} INFO - [2026-03-31T21:53:45.310+0000] {dag.py:3239} INFO - Sync 1 DAGs
[2026-03-31T21:53:45.336+0000] {logging_mixin.py:190} INFO - [2026-03-31T21:53:45.336+0000] {dag.py:4180} INFO - Setting next_dagrun for ingestion_postgres_tmdb to 2026-03-02 10:00:00+00:00, run_after=2026-04-06 10:00:00+00:00
[2026-03-31T21:53:45.359+0000] {processor.py:208} INFO - Processing /opt/airflow/dags/ingestion_postgres_dag.py took 0.127 seconds
[2026-03-31T21:54:15.663+0000] {processor.py:186} INFO - Started process (PID=1557) to work on /opt/airflow/dags/ingestion_postgres_dag.py
[2026-03-31T21:54:15.664+0000] {processor.py:914} INFO - Processing file /opt/airflow/dags/ingestion_postgres_dag.py for tasks to queue
[2026-03-31T21:54:15.668+0000] {logging_mixin.py:190} INFO - [2026-03-31T21:54:15.668+0000] {dagbag.py:588} INFO - Filling up the DagBag from /opt/airflow/dags/ingestion_postgres_dag.py
[2026-03-31T21:54:15.688+0000] {processor.py:925} INFO - DAG(s) 'ingestion_postgres_tmdb' retrieved from /opt/airflow/dags/ingestion_postgres_dag.py
[2026-03-31T21:54:15.721+0000] {logging_mixin.py:190} INFO - [2026-03-31T21:54:15.721+0000] {dag.py:3239} INFO - Sync 1 DAGs
[2026-03-31T21:54:15.746+0000] {logging_mixin.py:190} INFO - [2026-03-31T21:54:15.746+0000] {dag.py:4180} INFO - Setting next_dagrun for ingestion_postgres_tmdb to 2026-03-02 10:00:00+00:00, run_after=2026-04-06 10:00:00+00:00
[2026-03-31T21:54:15.770+0000] {processor.py:208} INFO - Processing /opt/airflow/dags/ingestion_postgres_dag.py took 0.117 seconds
[2026-03-31T21:54:45.958+0000] {processor.py:186} INFO - Started process (PID=1567) to work on /opt/airflow/dags/ingestion_postgres_dag.py
[2026-03-31T21:54:45.959+0000] {processor.py:914} INFO - Processing file /opt/airflow/dags/ingestion_postgres_dag.py for tasks to queue
[2026-03-31T21:54:45.962+0000] {logging_mixin.py:190} INFO - [2026-03-31T21:54:45.962+0000] {dagbag.py:588} INFO - Filling up the DagBag from /opt/airflow/dags/ingestion_postgres_dag.py
[2026-03-31T21:54:45.982+0000] {processor.py:925} INFO - DAG(s) 'ingestion_postgres_tmdb' retrieved from /opt/airflow/dags/ingestion_postgres_dag.py
[2026-03-31T21:54:46.020+0000] {logging_mixin.py:190} INFO - [2026-03-31T21:54:46.020+0000] {dag.py:3239} INFO - Sync 1 DAGs
[2026-03-31T21:54:46.045+0000] {logging_mixin.py:190} INFO - [2026-03-31T21:54:46.045+0000] {dag.py:4180} INFO - Setting next_dagrun for ingestion_postgres_tmdb to 2026-03-02 10:00:00+00:00, run_after=2026-04-06 10:00:00+00:00
[2026-03-31T21:54:46.066+0000] {processor.py:208} INFO - Processing /opt/airflow/dags/ingestion_postgres_dag.py took 0.115 seconds
[2026-03-31T21:55:16.292+0000] {processor.py:186} INFO - Started process (PID=1577) to work on /opt/airflow/dags/ingestion_postgres_dag.py
[2026-03-31T21:55:16.293+0000] {processor.py:914} INFO - Processing file /opt/airflow/dags/ingestion_postgres_dag.py for tasks to queue
[2026-03-31T21:55:16.295+0000] {logging_mixin.py:190} INFO - [2026-03-31T21:55:16.295+0000] {dagbag.py:588} INFO - Filling up the DagBag from /opt/airflow/dags/ingestion_postgres_dag.py
[2026-03-31T21:55:16.331+0000] {processor.py:925} INFO - DAG(s) 'ingestion_postgres_tmdb' retrieved from /opt/airflow/dags/ingestion_postgres_dag.py
[2026-03-31T21:55:16.360+0000] {logging_mixin.py:190} INFO - [2026-03-31T21:55:16.360+0000] {dag.py:3239} INFO - Sync 1 DAGs
[2026-03-31T21:55:16.383+0000] {logging_mixin.py:190} INFO - [2026-03-31T21:55:16.382+0000] {dag.py:4180} INFO - Setting next_dagrun for ingestion_postgres_tmdb to 2026-03-02 10:00:00+00:00, run_after=2026-04-06 10:00:00+00:00
[2026-03-31T21:55:16.414+0000] {processor.py:208} INFO - Processing /opt/airflow/dags/ingestion_postgres_dag.py took 0.131 seconds
[2026-03-31T21:55:46.630+0000] {processor.py:186} INFO - Started process (PID=1587) to work on /opt/airflow/dags/ingestion_postgres_dag.py
[2026-03-31T21:55:46.631+0000] {processor.py:914} INFO - Processing file /opt/airflow/dags/ingestion_postgres_dag.py for tasks to queue
[2026-03-31T21:55:46.633+0000] {logging_mixin.py:190} INFO - [2026-03-31T21:55:46.632+0000] {dagbag.py:588} INFO - Filling up the DagBag from /opt/airflow/dags/ingestion_postgres_dag.py
[2026-03-31T21:55:46.655+0000] {processor.py:925} INFO - DAG(s) 'ingestion_postgres_tmdb' retrieved from /opt/airflow/dags/ingestion_postgres_dag.py
[2026-03-31T21:55:46.685+0000] {logging_mixin.py:190} INFO - [2026-03-31T21:55:46.685+0000] {dag.py:3239} INFO - Sync 1 DAGs
[2026-03-31T21:55:46.709+0000] {logging_mixin.py:190} INFO - [2026-03-31T21:55:46.709+0000] {dag.py:4180} INFO - Setting next_dagrun for ingestion_postgres_tmdb to 2026-03-02 10:00:00+00:00, run_after=2026-04-06 10:00:00+00:00
[2026-03-31T21:55:46.731+0000] {processor.py:208} INFO - Processing /opt/airflow/dags/ingestion_postgres_dag.py took 0.107 seconds
[2026-03-31T21:56:16.994+0000] {processor.py:186} INFO - Started process (PID=1597) to work on /opt/airflow/dags/ingestion_postgres_dag.py
[2026-03-31T21:56:16.995+0000] {processor.py:914} INFO - Processing file /opt/airflow/dags/ingestion_postgres_dag.py for tasks to queue
[2026-03-31T21:56:16.997+0000] {logging_mixin.py:190} INFO - [2026-03-31T21:56:16.997+0000] {dagbag.py:588} INFO - Filling up the DagBag from /opt/airflow/dags/ingestion_postgres_dag.py
[2026-03-31T21:56:17.017+0000] {processor.py:925} INFO - DAG(s) 'ingestion_postgres_tmdb' retrieved from /opt/airflow/dags/ingestion_postgres_dag.py
[2026-03-31T21:56:17.053+0000] {logging_mixin.py:190} INFO - [2026-03-31T21:56:17.053+0000] {dag.py:3239} INFO - Sync 1 DAGs
[2026-03-31T21:56:17.082+0000] {logging_mixin.py:190} INFO - [2026-03-31T21:56:17.082+0000] {dag.py:4180} INFO - Setting next_dagrun for ingestion_postgres_tmdb to 2026-03-02 10:00:00+00:00, run_after=2026-04-06 10:00:00+00:00
[2026-03-31T21:56:17.102+0000] {processor.py:208} INFO - Processing /opt/airflow/dags/ingestion_postgres_dag.py took 0.115 seconds
[2026-03-31T21:56:47.380+0000] {processor.py:186} INFO - Started process (PID=1607) to work on /opt/airflow/dags/ingestion_postgres_dag.py
[2026-03-31T21:56:47.382+0000] {processor.py:914} INFO - Processing file /opt/airflow/dags/ingestion_postgres_dag.py for tasks to queue
[2026-03-31T21:56:47.385+0000] {logging_mixin.py:190} INFO - [2026-03-31T21:56:47.385+0000] {dagbag.py:588} INFO - Filling up the DagBag from /opt/airflow/dags/ingestion_postgres_dag.py
[2026-03-31T21:56:47.425+0000] {processor.py:925} INFO - DAG(s) 'ingestion_postgres_tmdb' retrieved from /opt/airflow/dags/ingestion_postgres_dag.py
[2026-03-31T21:56:47.461+0000] {logging_mixin.py:190} INFO - [2026-03-31T21:56:47.461+0000] {dag.py:3239} INFO - Sync 1 DAGs
[2026-03-31T21:56:47.485+0000] {logging_mixin.py:190} INFO - [2026-03-31T21:56:47.485+0000] {dag.py:4180} INFO - Setting next_dagrun for ingestion_postgres_tmdb to 2026-03-02 10:00:00+00:00, run_after=2026-04-06 10:00:00+00:00
[2026-03-31T21:56:47.508+0000] {processor.py:208} INFO - Processing /opt/airflow/dags/ingestion_postgres_dag.py took 0.137 seconds
[2026-03-31T21:57:17.804+0000] {processor.py:186} INFO - Started process (PID=1617) to work on /opt/airflow/dags/ingestion_postgres_dag.py
[2026-03-31T21:57:17.805+0000] {processor.py:914} INFO - Processing file /opt/airflow/dags/ingestion_postgres_dag.py for tasks to queue
[2026-03-31T21:57:17.809+0000] {logging_mixin.py:190} INFO - [2026-03-31T21:57:17.808+0000] {dagbag.py:588} INFO - Filling up the DagBag from /opt/airflow/dags/ingestion_postgres_dag.py
[2026-03-31T21:57:17.850+0000] {processor.py:925} INFO - DAG(s) 'ingestion_postgres_tmdb' retrieved from /opt/airflow/dags/ingestion_postgres_dag.py
[2026-03-31T21:57:17.888+0000] {logging_mixin.py:190} INFO - [2026-03-31T21:57:17.888+0000] {dag.py:3239} INFO - Sync 1 DAGs
[2026-03-31T21:57:17.916+0000] {logging_mixin.py:190} INFO - [2026-03-31T21:57:17.916+0000] {dag.py:4180} INFO - Setting next_dagrun for ingestion_postgres_tmdb to 2026-03-02 10:00:00+00:00, run_after=2026-04-06 10:00:00+00:00
[2026-03-31T21:57:17.954+0000] {processor.py:208} INFO - Processing /opt/airflow/dags/ingestion_postgres_dag.py took 0.162 seconds
[2026-03-31T21:57:48.253+0000] {processor.py:186} INFO - Started process (PID=1627) to work on /opt/airflow/dags/ingestion_postgres_dag.py
[2026-03-31T21:57:48.254+0000] {processor.py:914} INFO - Processing file /opt/airflow/dags/ingestion_postgres_dag.py for tasks to queue
[2026-03-31T21:57:48.257+0000] {logging_mixin.py:190} INFO - [2026-03-31T21:57:48.257+0000] {dagbag.py:588} INFO - Filling up the DagBag from /opt/airflow/dags/ingestion_postgres_dag.py
[2026-03-31T21:57:48.279+0000] {processor.py:925} INFO - DAG(s) 'ingestion_postgres_tmdb' retrieved from /opt/airflow/dags/ingestion_postgres_dag.py
[2026-03-31T21:57:48.312+0000] {logging_mixin.py:190} INFO - [2026-03-31T21:57:48.312+0000] {dag.py:3239} INFO - Sync 1 DAGs
[2026-03-31T21:57:48.337+0000] {logging_mixin.py:190} INFO - [2026-03-31T21:57:48.337+0000] {dag.py:4180} INFO - Setting next_dagrun for ingestion_postgres_tmdb to 2026-03-02 10:00:00+00:00, run_after=2026-04-06 10:00:00+00:00
[2026-03-31T21:57:48.369+0000] {processor.py:208} INFO - Processing /opt/airflow/dags/ingestion_postgres_dag.py took 0.127 seconds
[2026-03-31T21:58:18.672+0000] {processor.py:186} INFO - Started process (PID=1637) to work on /opt/airflow/dags/ingestion_postgres_dag.py
[2026-03-31T21:58:18.673+0000] {processor.py:914} INFO - Processing file /opt/airflow/dags/ingestion_postgres_dag.py for tasks to queue
[2026-03-31T21:58:18.675+0000] {logging_mixin.py:190} INFO - [2026-03-31T21:58:18.675+0000] {dagbag.py:588} INFO - Filling up the DagBag from /opt/airflow/dags/ingestion_postgres_dag.py
[2026-03-31T21:58:18.696+0000] {processor.py:925} INFO - DAG(s) 'ingestion_postgres_tmdb' retrieved from /opt/airflow/dags/ingestion_postgres_dag.py
[2026-03-31T21:58:18.725+0000] {logging_mixin.py:190} INFO - [2026-03-31T21:58:18.725+0000] {dag.py:3239} INFO - Sync 1 DAGs
[2026-03-31T21:58:18.750+0000] {logging_mixin.py:190} INFO - [2026-03-31T21:58:18.750+0000] {dag.py:4180} INFO - Setting next_dagrun for ingestion_postgres_tmdb to 2026-03-02 10:00:00+00:00, run_after=2026-04-06 10:00:00+00:00
[2026-03-31T21:58:18.771+0000] {processor.py:208} INFO - Processing /opt/airflow/dags/ingestion_postgres_dag.py took 0.106 seconds
[2026-03-31T21:58:48.965+0000] {processor.py:186} INFO - Started process (PID=1647) to work on /opt/airflow/dags/ingestion_postgres_dag.py
[2026-03-31T21:58:48.967+0000] {processor.py:914} INFO - Processing file /opt/airflow/dags/ingestion_postgres_dag.py for tasks to queue
[2026-03-31T21:58:48.970+0000] {logging_mixin.py:190} INFO - [2026-03-31T21:58:48.969+0000] {dagbag.py:588} INFO - Filling up the DagBag from /opt/airflow/dags/ingestion_postgres_dag.py
[2026-03-31T21:58:48.989+0000] {processor.py:925} INFO - DAG(s) 'ingestion_postgres_tmdb' retrieved from /opt/airflow/dags/ingestion_postgres_dag.py
[2026-03-31T21:58:49.017+0000] {logging_mixin.py:190} INFO - [2026-03-31T21:58:49.016+0000] {dag.py:3239} INFO - Sync 1 DAGs
[2026-03-31T21:58:49.041+0000] {logging_mixin.py:190} INFO - [2026-03-31T21:58:49.041+0000] {dag.py:4180} INFO - Setting next_dagrun for ingestion_postgres_tmdb to 2026-03-02 10:00:00+00:00, run_after=2026-04-06 10:00:00+00:00
[2026-03-31T21:58:49.059+0000] {processor.py:208} INFO - Processing /opt/airflow/dags/ingestion_postgres_dag.py took 0.101 seconds
[2026-03-31T21:59:19.317+0000] {processor.py:186} INFO - Started process (PID=1657) to work on /opt/airflow/dags/ingestion_postgres_dag.py
[2026-03-31T21:59:19.319+0000] {processor.py:914} INFO - Processing file /opt/airflow/dags/ingestion_postgres_dag.py for tasks to queue
[2026-03-31T21:59:19.323+0000] {logging_mixin.py:190} INFO - [2026-03-31T21:59:19.323+0000] {dagbag.py:588} INFO - Filling up the DagBag from /opt/airflow/dags/ingestion_postgres_dag.py
[2026-03-31T21:59:19.345+0000] {processor.py:925} INFO - DAG(s) 'ingestion_postgres_tmdb' retrieved from /opt/airflow/dags/ingestion_postgres_dag.py
[2026-03-31T21:59:19.377+0000] {logging_mixin.py:190} INFO - [2026-03-31T21:59:19.377+0000] {dag.py:3239} INFO - Sync 1 DAGs
[2026-03-31T21:59:19.401+0000] {logging_mixin.py:190} INFO - [2026-03-31T21:59:19.400+0000] {dag.py:4180} INFO - Setting next_dagrun for ingestion_postgres_tmdb to 2026-03-02 10:00:00+00:00, run_after=2026-04-06 10:00:00+00:00
[2026-03-31T21:59:19.420+0000] {processor.py:208} INFO - Processing /opt/airflow/dags/ingestion_postgres_dag.py took 0.115 seconds
[2026-03-31T21:59:49.956+0000] {processor.py:186} INFO - Started process (PID=1667) to work on /opt/airflow/dags/ingestion_postgres_dag.py
[2026-03-31T21:59:49.961+0000] {processor.py:914} INFO - Processing file /opt/airflow/dags/ingestion_postgres_dag.py for tasks to queue
[2026-03-31T21:59:49.965+0000] {logging_mixin.py:190} INFO - [2026-03-31T21:59:49.964+0000] {dagbag.py:588} INFO - Filling up the DagBag from /opt/airflow/dags/ingestion_postgres_dag.py
[2026-03-31T21:59:49.983+0000] {processor.py:925} INFO - DAG(s) 'ingestion_postgres_tmdb' retrieved from /opt/airflow/dags/ingestion_postgres_dag.py
[2026-03-31T21:59:50.010+0000] {logging_mixin.py:190} INFO - [2026-03-31T21:59:50.010+0000] {dag.py:3239} INFO - Sync 1 DAGs
[2026-03-31T21:59:50.033+0000] {logging_mixin.py:190} INFO - [2026-03-31T21:59:50.033+0000] {dag.py:4180} INFO - Setting next_dagrun for ingestion_postgres_tmdb to 2026-03-02 10:00:00+00:00, run_after=2026-04-06 10:00:00+00:00
[2026-03-31T21:59:50.061+0000] {processor.py:208} INFO - Processing /opt/airflow/dags/ingestion_postgres_dag.py took 0.116 seconds
[2026-03-31T22:00:20.541+0000] {processor.py:186} INFO - Started process (PID=1677) to work on /opt/airflow/dags/ingestion_postgres_dag.py
[2026-03-31T22:00:20.542+0000] {processor.py:914} INFO - Processing file /opt/airflow/dags/ingestion_postgres_dag.py for tasks to queue
[2026-03-31T22:00:20.545+0000] {logging_mixin.py:190} INFO - [2026-03-31T22:00:20.545+0000] {dagbag.py:588} INFO - Filling up the DagBag from /opt/airflow/dags/ingestion_postgres_dag.py
[2026-03-31T22:00:20.573+0000] {processor.py:925} INFO - DAG(s) 'ingestion_postgres_tmdb' retrieved from /opt/airflow/dags/ingestion_postgres_dag.py
[2026-03-31T22:00:20.611+0000] {logging_mixin.py:190} INFO - [2026-03-31T22:00:20.611+0000] {dag.py:3239} INFO - Sync 1 DAGs
[2026-03-31T22:00:20.643+0000] {logging_mixin.py:190} INFO - [2026-03-31T22:00:20.642+0000] {dag.py:4180} INFO - Setting next_dagrun for ingestion_postgres_tmdb to 2026-03-02 10:00:00+00:00, run_after=2026-04-06 10:00:00+00:00
[2026-03-31T22:00:20.666+0000] {processor.py:208} INFO - Processing /opt/airflow/dags/ingestion_postgres_dag.py took 0.133 seconds
[2026-03-31T22:00:50.982+0000] {processor.py:186} INFO - Started process (PID=1687) to work on /opt/airflow/dags/ingestion_postgres_dag.py
[2026-03-31T22:00:50.983+0000] {processor.py:914} INFO - Processing file /opt/airflow/dags/ingestion_postgres_dag.py for tasks to queue
[2026-03-31T22:00:50.986+0000] {logging_mixin.py:190} INFO - [2026-03-31T22:00:50.985+0000] {dagbag.py:588} INFO - Filling up the DagBag from /opt/airflow/dags/ingestion_postgres_dag.py
[2026-03-31T22:00:51.007+0000] {processor.py:925} INFO - DAG(s) 'ingestion_postgres_tmdb' retrieved from /opt/airflow/dags/ingestion_postgres_dag.py
[2026-03-31T22:00:51.040+0000] {logging_mixin.py:190} INFO - [2026-03-31T22:00:51.040+0000] {dag.py:3239} INFO - Sync 1 DAGs
[2026-03-31T22:00:51.066+0000] {logging_mixin.py:190} INFO - [2026-03-31T22:00:51.066+0000] {dag.py:4180} INFO - Setting next_dagrun for ingestion_postgres_tmdb to 2026-03-02 10:00:00+00:00, run_after=2026-04-06 10:00:00+00:00
[2026-03-31T22:00:51.085+0000] {processor.py:208} INFO - Processing /opt/airflow/dags/ingestion_postgres_dag.py took 0.108 seconds
[2026-03-31T22:01:21.247+0000] {processor.py:186} INFO - Started process (PID=1697) to work on /opt/airflow/dags/ingestion_postgres_dag.py
[2026-03-31T22:01:21.249+0000] {processor.py:914} INFO - Processing file /opt/airflow/dags/ingestion_postgres_dag.py for tasks to queue
[2026-03-31T22:01:21.252+0000] {logging_mixin.py:190} INFO - [2026-03-31T22:01:21.252+0000] {dagbag.py:588} INFO - Filling up the DagBag from /opt/airflow/dags/ingestion_postgres_dag.py
[2026-03-31T22:01:21.273+0000] {processor.py:925} INFO - DAG(s) 'ingestion_postgres_tmdb' retrieved from /opt/airflow/dags/ingestion_postgres_dag.py
[2026-03-31T22:01:21.311+0000] {logging_mixin.py:190} INFO - [2026-03-31T22:01:21.311+0000] {dag.py:3239} INFO - Sync 1 DAGs
[2026-03-31T22:01:21.337+0000] {logging_mixin.py:190} INFO - [2026-03-31T22:01:21.336+0000] {dag.py:4180} INFO - Setting next_dagrun for ingestion_postgres_tmdb to 2026-03-02 10:00:00+00:00, run_after=2026-04-06 10:00:00+00:00
[2026-03-31T22:01:21.355+0000] {processor.py:208} INFO - Processing /opt/airflow/dags/ingestion_postgres_dag.py took 0.115 seconds
[2026-03-31T22:01:51.664+0000] {processor.py:186} INFO - Started process (PID=1707) to work on /opt/airflow/dags/ingestion_postgres_dag.py
[2026-03-31T22:01:51.666+0000] {processor.py:914} INFO - Processing file /opt/airflow/dags/ingestion_postgres_dag.py for tasks to queue
[2026-03-31T22:01:51.668+0000] {logging_mixin.py:190} INFO - [2026-03-31T22:01:51.668+0000] {dagbag.py:588} INFO - Filling up the DagBag from /opt/airflow/dags/ingestion_postgres_dag.py
[2026-03-31T22:01:51.689+0000] {processor.py:925} INFO - DAG(s) 'ingestion_postgres_tmdb' retrieved from /opt/airflow/dags/ingestion_postgres_dag.py
[2026-03-31T22:01:51.721+0000] {logging_mixin.py:190} INFO - [2026-03-31T22:01:51.721+0000] {dag.py:3239} INFO - Sync 1 DAGs
[2026-03-31T22:01:51.746+0000] {logging_mixin.py:190} INFO - [2026-03-31T22:01:51.745+0000] {dag.py:4180} INFO - Setting next_dagrun for ingestion_postgres_tmdb to 2026-03-02 10:00:00+00:00, run_after=2026-04-06 10:00:00+00:00
[2026-03-31T22:01:51.767+0000] {processor.py:208} INFO - Processing /opt/airflow/dags/ingestion_postgres_dag.py took 0.109 seconds
[2026-03-31T22:02:22.055+0000] {processor.py:186} INFO - Started process (PID=1717) to work on /opt/airflow/dags/ingestion_postgres_dag.py
[2026-03-31T22:02:22.057+0000] {processor.py:914} INFO - Processing file /opt/airflow/dags/ingestion_postgres_dag.py for tasks to queue
[2026-03-31T22:02:22.060+0000] {logging_mixin.py:190} INFO - [2026-03-31T22:02:22.060+0000] {dagbag.py:588} INFO - Filling up the DagBag from /opt/airflow/dags/ingestion_postgres_dag.py
[2026-03-31T22:02:22.089+0000] {processor.py:925} INFO - DAG(s) 'ingestion_postgres_tmdb' retrieved from /opt/airflow/dags/ingestion_postgres_dag.py
[2026-03-31T22:02:22.121+0000] {logging_mixin.py:190} INFO - [2026-03-31T22:02:22.120+0000] {dag.py:3239} INFO - Sync 1 DAGs
[2026-03-31T22:02:22.144+0000] {logging_mixin.py:190} INFO - [2026-03-31T22:02:22.144+0000] {dag.py:4180} INFO - Setting next_dagrun for ingestion_postgres_tmdb to 2026-03-02 10:00:00+00:00, run_after=2026-04-06 10:00:00+00:00
[2026-03-31T22:02:22.165+0000] {processor.py:208} INFO - Processing /opt/airflow/dags/ingestion_postgres_dag.py took 0.117 seconds
[2026-03-31T22:02:52.441+0000] {processor.py:186} INFO - Started process (PID=1727) to work on /opt/airflow/dags/ingestion_postgres_dag.py
[2026-03-31T22:02:52.442+0000] {processor.py:914} INFO - Processing file /opt/airflow/dags/ingestion_postgres_dag.py for tasks to queue
[2026-03-31T22:02:52.444+0000] {logging_mixin.py:190} INFO - [2026-03-31T22:02:52.444+0000] {dagbag.py:588} INFO - Filling up the DagBag from /opt/airflow/dags/ingestion_postgres_dag.py
[2026-03-31T22:02:52.472+0000] {processor.py:925} INFO - DAG(s) 'ingestion_postgres_tmdb' retrieved from /opt/airflow/dags/ingestion_postgres_dag.py
[2026-03-31T22:02:52.505+0000] {logging_mixin.py:190} INFO - [2026-03-31T22:02:52.504+0000] {dag.py:3239} INFO - Sync 1 DAGs
[2026-03-31T22:02:52.531+0000] {logging_mixin.py:190} INFO - [2026-03-31T22:02:52.531+0000] {dag.py:4180} INFO - Setting next_dagrun for ingestion_postgres_tmdb to 2026-03-02 10:00:00+00:00, run_after=2026-04-06 10:00:00+00:00
[2026-03-31T22:02:52.552+0000] {processor.py:208} INFO - Processing /opt/airflow/dags/ingestion_postgres_dag.py took 0.117 seconds
[2026-03-31T22:03:22.830+0000] {processor.py:186} INFO - Started process (PID=1737) to work on /opt/airflow/dags/ingestion_postgres_dag.py
[2026-03-31T22:03:22.831+0000] {processor.py:914} INFO - Processing file /opt/airflow/dags/ingestion_postgres_dag.py for tasks to queue
[2026-03-31T22:03:22.833+0000] {logging_mixin.py:190} INFO - [2026-03-31T22:03:22.833+0000] {dagbag.py:588} INFO - Filling up the DagBag from /opt/airflow/dags/ingestion_postgres_dag.py
[2026-03-31T22:03:22.853+0000] {processor.py:925} INFO - DAG(s) 'ingestion_postgres_tmdb' retrieved from /opt/airflow/dags/ingestion_postgres_dag.py
[2026-03-31T22:03:22.884+0000] {logging_mixin.py:190} INFO - [2026-03-31T22:03:22.884+0000] {dag.py:3239} INFO - Sync 1 DAGs
[2026-03-31T22:03:22.910+0000] {logging_mixin.py:190} INFO - [2026-03-31T22:03:22.910+0000] {dag.py:4180} INFO - Setting next_dagrun for ingestion_postgres_tmdb to 2026-03-02 10:00:00+00:00, run_after=2026-04-06 10:00:00+00:00
[2026-03-31T22:03:22.937+0000] {processor.py:208} INFO - Processing /opt/airflow/dags/ingestion_postgres_dag.py took 0.113 seconds
[2026-03-31T22:03:53.080+0000] {processor.py:186} INFO - Started process (PID=1747) to work on /opt/airflow/dags/ingestion_postgres_dag.py
[2026-03-31T22:03:53.082+0000] {processor.py:914} INFO - Processing file /opt/airflow/dags/ingestion_postgres_dag.py for tasks to queue
[2026-03-31T22:03:53.085+0000] {logging_mixin.py:190} INFO - [2026-03-31T22:03:53.085+0000] {dagbag.py:588} INFO - Filling up the DagBag from /opt/airflow/dags/ingestion_postgres_dag.py
[2026-03-31T22:03:53.116+0000] {processor.py:925} INFO - DAG(s) 'ingestion_postgres_tmdb' retrieved from /opt/airflow/dags/ingestion_postgres_dag.py
[2026-03-31T22:03:53.148+0000] {logging_mixin.py:190} INFO - [2026-03-31T22:03:53.147+0000] {dag.py:3239} INFO - Sync 1 DAGs
[2026-03-31T22:03:53.175+0000] {logging_mixin.py:190} INFO - [2026-03-31T22:03:53.175+0000] {dag.py:4180} INFO - Setting next_dagrun for ingestion_postgres_tmdb to 2026-03-02 10:00:00+00:00, run_after=2026-04-06 10:00:00+00:00
[2026-03-31T22:03:53.196+0000] {processor.py:208} INFO - Processing /opt/airflow/dags/ingestion_postgres_dag.py took 0.125 seconds
[2026-03-31T22:04:23.494+0000] {processor.py:186} INFO - Started process (PID=1757) to work on /opt/airflow/dags/ingestion_postgres_dag.py
[2026-03-31T22:04:23.495+0000] {processor.py:914} INFO - Processing file /opt/airflow/dags/ingestion_postgres_dag.py for tasks to queue
[2026-03-31T22:04:23.497+0000] {logging_mixin.py:190} INFO - [2026-03-31T22:04:23.497+0000] {dagbag.py:588} INFO - Filling up the DagBag from /opt/airflow/dags/ingestion_postgres_dag.py
[2026-03-31T22:04:23.528+0000] {processor.py:925} INFO - DAG(s) 'ingestion_postgres_tmdb' retrieved from /opt/airflow/dags/ingestion_postgres_dag.py
[2026-03-31T22:04:23.559+0000] {logging_mixin.py:190} INFO - [2026-03-31T22:04:23.559+0000] {dag.py:3239} INFO - Sync 1 DAGs
[2026-03-31T22:04:23.587+0000] {logging_mixin.py:190} INFO - [2026-03-31T22:04:23.586+0000] {dag.py:4180} INFO - Setting next_dagrun for ingestion_postgres_tmdb to 2026-03-02 10:00:00+00:00, run_after=2026-04-06 10:00:00+00:00
[2026-03-31T22:04:23.607+0000] {processor.py:208} INFO - Processing /opt/airflow/dags/ingestion_postgres_dag.py took 0.120 seconds
[2026-03-31T22:04:53.745+0000] {processor.py:186} INFO - Started process (PID=1767) to work on /opt/airflow/dags/ingestion_postgres_dag.py
[2026-03-31T22:04:53.746+0000] {processor.py:914} INFO - Processing file /opt/airflow/dags/ingestion_postgres_dag.py for tasks to queue
[2026-03-31T22:04:53.749+0000] {logging_mixin.py:190} INFO - [2026-03-31T22:04:53.748+0000] {dagbag.py:588} INFO - Filling up the DagBag from /opt/airflow/dags/ingestion_postgres_dag.py
[2026-03-31T22:04:53.771+0000] {processor.py:925} INFO - DAG(s) 'ingestion_postgres_tmdb' retrieved from /opt/airflow/dags/ingestion_postgres_dag.py
[2026-03-31T22:04:53.803+0000] {logging_mixin.py:190} INFO - [2026-03-31T22:04:53.802+0000] {dag.py:3239} INFO - Sync 1 DAGs
[2026-03-31T22:04:53.825+0000] {logging_mixin.py:190} INFO - [2026-03-31T22:04:53.825+0000] {dag.py:4180} INFO - Setting next_dagrun for ingestion_postgres_tmdb to 2026-03-02 10:00:00+00:00, run_after=2026-04-06 10:00:00+00:00
[2026-03-31T22:04:53.845+0000] {processor.py:208} INFO - Processing /opt/airflow/dags/ingestion_postgres_dag.py took 0.108 seconds
[2026-03-31T22:05:24.199+0000] {processor.py:186} INFO - Started process (PID=1777) to work on /opt/airflow/dags/ingestion_postgres_dag.py
[2026-03-31T22:05:24.201+0000] {processor.py:914} INFO - Processing file /opt/airflow/dags/ingestion_postgres_dag.py for tasks to queue
[2026-03-31T22:05:24.204+0000] {logging_mixin.py:190} INFO - [2026-03-31T22:05:24.204+0000] {dagbag.py:588} INFO - Filling up the DagBag from /opt/airflow/dags/ingestion_postgres_dag.py
[2026-03-31T22:05:24.231+0000] {processor.py:925} INFO - DAG(s) 'ingestion_postgres_tmdb' retrieved from /opt/airflow/dags/ingestion_postgres_dag.py
[2026-03-31T22:05:24.262+0000] {logging_mixin.py:190} INFO - [2026-03-31T22:05:24.262+0000] {dag.py:3239} INFO - Sync 1 DAGs
[2026-03-31T22:05:24.287+0000] {logging_mixin.py:190} INFO - [2026-03-31T22:05:24.287+0000] {dag.py:4180} INFO - Setting next_dagrun for ingestion_postgres_tmdb to 2026-03-02 10:00:00+00:00, run_after=2026-04-06 10:00:00+00:00
[2026-03-31T22:05:24.308+0000] {processor.py:208} INFO - Processing /opt/airflow/dags/ingestion_postgres_dag.py took 0.115 seconds
[2026-03-31T22:05:54.626+0000] {processor.py:186} INFO - Started process (PID=1787) to work on /opt/airflow/dags/ingestion_postgres_dag.py
[2026-03-31T22:05:54.628+0000] {processor.py:914} INFO - Processing file /opt/airflow/dags/ingestion_postgres_dag.py for tasks to queue
[2026-03-31T22:05:54.631+0000] {logging_mixin.py:190} INFO - [2026-03-31T22:05:54.630+0000] {dagbag.py:588} INFO - Filling up the DagBag from /opt/airflow/dags/ingestion_postgres_dag.py
[2026-03-31T22:05:54.653+0000] {processor.py:925} INFO - DAG(s) 'ingestion_postgres_tmdb' retrieved from /opt/airflow/dags/ingestion_postgres_dag.py
[2026-03-31T22:05:54.685+0000] {logging_mixin.py:190} INFO - [2026-03-31T22:05:54.685+0000] {dag.py:3239} INFO - Sync 1 DAGs
[2026-03-31T22:05:54.711+0000] {logging_mixin.py:190} INFO - [2026-03-31T22:05:54.711+0000] {dag.py:4180} INFO - Setting next_dagrun for ingestion_postgres_tmdb to 2026-03-02 10:00:00+00:00, run_after=2026-04-06 10:00:00+00:00
[2026-03-31T22:05:54.735+0000] {processor.py:208} INFO - Processing /opt/airflow/dags/ingestion_postgres_dag.py took 0.118 seconds
[2026-03-31T22:06:25.051+0000] {processor.py:186} INFO - Started process (PID=1797) to work on /opt/airflow/dags/ingestion_postgres_dag.py
[2026-03-31T22:06:25.052+0000] {processor.py:914} INFO - Processing file /opt/airflow/dags/ingestion_postgres_dag.py for tasks to queue
[2026-03-31T22:06:25.054+0000] {logging_mixin.py:190} INFO - [2026-03-31T22:06:25.054+0000] {dagbag.py:588} INFO - Filling up the DagBag from /opt/airflow/dags/ingestion_postgres_dag.py
[2026-03-31T22:06:25.077+0000] {processor.py:925} INFO - DAG(s) 'ingestion_postgres_tmdb' retrieved from /opt/airflow/dags/ingestion_postgres_dag.py
[2026-03-31T22:06:25.118+0000] {logging_mixin.py:190} INFO - [2026-03-31T22:06:25.118+0000] {dag.py:3239} INFO - Sync 1 DAGs
[2026-03-31T22:06:25.147+0000] {logging_mixin.py:190} INFO - [2026-03-31T22:06:25.147+0000] {dag.py:4180} INFO - Setting next_dagrun for ingestion_postgres_tmdb to 2026-03-02 10:00:00+00:00, run_after=2026-04-06 10:00:00+00:00
[2026-03-31T22:06:25.182+0000] {processor.py:208} INFO - Processing /opt/airflow/dags/ingestion_postgres_dag.py took 0.138 seconds
[2026-03-31T22:06:55.498+0000] {processor.py:186} INFO - Started process (PID=1807) to work on /opt/airflow/dags/ingestion_postgres_dag.py
[2026-03-31T22:06:55.499+0000] {processor.py:914} INFO - Processing file /opt/airflow/dags/ingestion_postgres_dag.py for tasks to queue
[2026-03-31T22:06:55.502+0000] {logging_mixin.py:190} INFO - [2026-03-31T22:06:55.502+0000] {dagbag.py:588} INFO - Filling up the DagBag from /opt/airflow/dags/ingestion_postgres_dag.py
[2026-03-31T22:06:55.528+0000] {processor.py:925} INFO - DAG(s) 'ingestion_postgres_tmdb' retrieved from /opt/airflow/dags/ingestion_postgres_dag.py
[2026-03-31T22:06:55.570+0000] {logging_mixin.py:190} INFO - [2026-03-31T22:06:55.570+0000] {dag.py:3239} INFO - Sync 1 DAGs
[2026-03-31T22:06:55.595+0000] {logging_mixin.py:190} INFO - [2026-03-31T22:06:55.595+0000] {dag.py:4180} INFO - Setting next_dagrun for ingestion_postgres_tmdb to 2026-03-02 10:00:00+00:00, run_after=2026-04-06 10:00:00+00:00
[2026-03-31T22:06:55.626+0000] {processor.py:208} INFO - Processing /opt/airflow/dags/ingestion_postgres_dag.py took 0.134 seconds
[2026-03-31T22:07:25.913+0000] {processor.py:186} INFO - Started process (PID=1817) to work on /opt/airflow/dags/ingestion_postgres_dag.py
[2026-03-31T22:07:25.915+0000] {processor.py:914} INFO - Processing file /opt/airflow/dags/ingestion_postgres_dag.py for tasks to queue
[2026-03-31T22:07:25.918+0000] {logging_mixin.py:190} INFO - [2026-03-31T22:07:25.918+0000] {dagbag.py:588} INFO - Filling up the DagBag from /opt/airflow/dags/ingestion_postgres_dag.py
[2026-03-31T22:07:25.939+0000] {processor.py:925} INFO - DAG(s) 'ingestion_postgres_tmdb' retrieved from /opt/airflow/dags/ingestion_postgres_dag.py
[2026-03-31T22:07:25.970+0000] {logging_mixin.py:190} INFO - [2026-03-31T22:07:25.970+0000] {dag.py:3239} INFO - Sync 1 DAGs
[2026-03-31T22:07:25.994+0000] {logging_mixin.py:190} INFO - [2026-03-31T22:07:25.994+0000] {dag.py:4180} INFO - Setting next_dagrun for ingestion_postgres_tmdb to 2026-03-02 10:00:00+00:00, run_after=2026-04-06 10:00:00+00:00
[2026-03-31T22:07:26.015+0000] {processor.py:208} INFO - Processing /opt/airflow/dags/ingestion_postgres_dag.py took 0.110 seconds
[2026-03-31T22:08:01.599+0000] {processor.py:186} INFO - Started process (PID=1827) to work on /opt/airflow/dags/ingestion_postgres_dag.py
[2026-03-31T22:08:01.601+0000] {processor.py:914} INFO - Processing file /opt/airflow/dags/ingestion_postgres_dag.py for tasks to queue
[2026-03-31T22:08:01.604+0000] {logging_mixin.py:190} INFO - [2026-03-31T22:08:01.604+0000] {dagbag.py:588} INFO - Filling up the DagBag from /opt/airflow/dags/ingestion_postgres_dag.py
[2026-03-31T22:07:55.870+0000] {processor.py:925} INFO - DAG(s) 'ingestion_postgres_tmdb' retrieved from /opt/airflow/dags/ingestion_postgres_dag.py
[2026-03-31T22:07:55.911+0000] {logging_mixin.py:190} INFO - [2026-03-31T22:07:55.910+0000] {dag.py:3239} INFO - Sync 1 DAGs
[2026-03-31T22:07:55.936+0000] {logging_mixin.py:190} INFO - [2026-03-31T22:07:55.936+0000] {dag.py:4180} INFO - Setting next_dagrun for ingestion_postgres_tmdb to 2026-03-02 10:00:00+00:00, run_after=2026-04-06 10:00:00+00:00
[2026-03-31T22:07:55.959+0000] {processor.py:208} INFO - Processing /opt/airflow/dags/ingestion_postgres_dag.py took 0.128 seconds
[2026-03-31T22:08:26.280+0000] {processor.py:186} INFO - Started process (PID=1837) to work on /opt/airflow/dags/ingestion_postgres_dag.py
[2026-03-31T22:08:26.282+0000] {processor.py:914} INFO - Processing file /opt/airflow/dags/ingestion_postgres_dag.py for tasks to queue
[2026-03-31T22:08:26.285+0000] {logging_mixin.py:190} INFO - [2026-03-31T22:08:26.285+0000] {dagbag.py:588} INFO - Filling up the DagBag from /opt/airflow/dags/ingestion_postgres_dag.py
[2026-03-31T22:08:26.309+0000] {processor.py:925} INFO - DAG(s) 'ingestion_postgres_tmdb' retrieved from /opt/airflow/dags/ingestion_postgres_dag.py
[2026-03-31T22:08:26.341+0000] {logging_mixin.py:190} INFO - [2026-03-31T22:08:26.340+0000] {dag.py:3239} INFO - Sync 1 DAGs
[2026-03-31T22:08:26.369+0000] {logging_mixin.py:190} INFO - [2026-03-31T22:08:26.368+0000] {dag.py:4180} INFO - Setting next_dagrun for ingestion_postgres_tmdb to 2026-03-02 10:00:00+00:00, run_after=2026-04-06 10:00:00+00:00
[2026-03-31T22:08:26.394+0000] {processor.py:208} INFO - Processing /opt/airflow/dags/ingestion_postgres_dag.py took 0.121 seconds
[2026-03-31T22:08:56.644+0000] {processor.py:186} INFO - Started process (PID=1847) to work on /opt/airflow/dags/ingestion_postgres_dag.py
[2026-03-31T22:08:56.645+0000] {processor.py:914} INFO - Processing file /opt/airflow/dags/ingestion_postgres_dag.py for tasks to queue
[2026-03-31T22:08:56.647+0000] {logging_mixin.py:190} INFO - [2026-03-31T22:08:56.647+0000] {dagbag.py:588} INFO - Filling up the DagBag from /opt/airflow/dags/ingestion_postgres_dag.py
[2026-03-31T22:08:56.665+0000] {processor.py:925} INFO - DAG(s) 'ingestion_postgres_tmdb' retrieved from /opt/airflow/dags/ingestion_postgres_dag.py
[2026-03-31T22:08:56.696+0000] {logging_mixin.py:190} INFO - [2026-03-31T22:08:56.695+0000] {dag.py:3239} INFO - Sync 1 DAGs
[2026-03-31T22:08:56.722+0000] {logging_mixin.py:190} INFO - [2026-03-31T22:08:56.722+0000] {dag.py:4180} INFO - Setting next_dagrun for ingestion_postgres_tmdb to 2026-03-02 10:00:00+00:00, run_after=2026-04-06 10:00:00+00:00
[2026-03-31T22:08:56.741+0000] {processor.py:208} INFO - Processing /opt/airflow/dags/ingestion_postgres_dag.py took 0.106 seconds
[2026-03-31T22:09:27.006+0000] {processor.py:186} INFO - Started process (PID=1857) to work on /opt/airflow/dags/ingestion_postgres_dag.py
[2026-03-31T22:09:27.007+0000] {processor.py:914} INFO - Processing file /opt/airflow/dags/ingestion_postgres_dag.py for tasks to queue
[2026-03-31T22:09:27.010+0000] {logging_mixin.py:190} INFO - [2026-03-31T22:09:27.010+0000] {dagbag.py:588} INFO - Filling up the DagBag from /opt/airflow/dags/ingestion_postgres_dag.py
[2026-03-31T22:09:27.032+0000] {processor.py:925} INFO - DAG(s) 'ingestion_postgres_tmdb' retrieved from /opt/airflow/dags/ingestion_postgres_dag.py
[2026-03-31T22:09:27.062+0000] {logging_mixin.py:190} INFO - [2026-03-31T22:09:27.062+0000] {dag.py:3239} INFO - Sync 1 DAGs
[2026-03-31T22:09:27.088+0000] {logging_mixin.py:190} INFO - [2026-03-31T22:09:27.088+0000] {dag.py:4180} INFO - Setting next_dagrun for ingestion_postgres_tmdb to 2026-03-02 10:00:00+00:00, run_after=2026-04-06 10:00:00+00:00
[2026-03-31T22:09:27.110+0000] {processor.py:208} INFO - Processing /opt/airflow/dags/ingestion_postgres_dag.py took 0.113 seconds
[2026-03-31T22:09:57.316+0000] {processor.py:186} INFO - Started process (PID=1867) to work on /opt/airflow/dags/ingestion_postgres_dag.py
[2026-03-31T22:09:57.317+0000] {processor.py:914} INFO - Processing file /opt/airflow/dags/ingestion_postgres_dag.py for tasks to queue
[2026-03-31T22:09:57.319+0000] {logging_mixin.py:190} INFO - [2026-03-31T22:09:57.319+0000] {dagbag.py:588} INFO - Filling up the DagBag from /opt/airflow/dags/ingestion_postgres_dag.py
[2026-03-31T22:09:57.339+0000] {processor.py:925} INFO - DAG(s) 'ingestion_postgres_tmdb' retrieved from /opt/airflow/dags/ingestion_postgres_dag.py
[2026-03-31T22:09:57.366+0000] {logging_mixin.py:190} INFO - [2026-03-31T22:09:57.366+0000] {dag.py:3239} INFO - Sync 1 DAGs
[2026-03-31T22:09:57.388+0000] {logging_mixin.py:190} INFO - [2026-03-31T22:09:57.387+0000] {dag.py:4180} INFO - Setting next_dagrun for ingestion_postgres_tmdb to 2026-03-02 10:00:00+00:00, run_after=2026-04-06 10:00:00+00:00
[2026-03-31T22:09:57.406+0000] {processor.py:208} INFO - Processing /opt/airflow/dags/ingestion_postgres_dag.py took 0.096 seconds
[2026-03-31T22:10:27.670+0000] {processor.py:186} INFO - Started process (PID=1877) to work on /opt/airflow/dags/ingestion_postgres_dag.py
[2026-03-31T22:10:27.671+0000] {processor.py:914} INFO - Processing file /opt/airflow/dags/ingestion_postgres_dag.py for tasks to queue
[2026-03-31T22:10:27.674+0000] {logging_mixin.py:190} INFO - [2026-03-31T22:10:27.673+0000] {dagbag.py:588} INFO - Filling up the DagBag from /opt/airflow/dags/ingestion_postgres_dag.py
[2026-03-31T22:10:27.691+0000] {processor.py:925} INFO - DAG(s) 'ingestion_postgres_tmdb' retrieved from /opt/airflow/dags/ingestion_postgres_dag.py
[2026-03-31T22:10:27.717+0000] {logging_mixin.py:190} INFO - [2026-03-31T22:10:27.717+0000] {dag.py:3239} INFO - Sync 1 DAGs
[2026-03-31T22:10:27.740+0000] {logging_mixin.py:190} INFO - [2026-03-31T22:10:27.740+0000] {dag.py:4180} INFO - Setting next_dagrun for ingestion_postgres_tmdb to 2026-03-02 10:00:00+00:00, run_after=2026-04-06 10:00:00+00:00
[2026-03-31T22:10:27.786+0000] {processor.py:208} INFO - Processing /opt/airflow/dags/ingestion_postgres_dag.py took 0.122 seconds
[2026-03-31T22:10:58.069+0000] {processor.py:186} INFO - Started process (PID=1887) to work on /opt/airflow/dags/ingestion_postgres_dag.py
[2026-03-31T22:10:58.070+0000] {processor.py:914} INFO - Processing file /opt/airflow/dags/ingestion_postgres_dag.py for tasks to queue
[2026-03-31T22:10:58.072+0000] {logging_mixin.py:190} INFO - [2026-03-31T22:10:58.072+0000] {dagbag.py:588} INFO - Filling up the DagBag from /opt/airflow/dags/ingestion_postgres_dag.py
[2026-03-31T22:10:58.089+0000] {processor.py:925} INFO - DAG(s) 'ingestion_postgres_tmdb' retrieved from /opt/airflow/dags/ingestion_postgres_dag.py
[2026-03-31T22:10:58.117+0000] {logging_mixin.py:190} INFO - [2026-03-31T22:10:58.117+0000] {dag.py:3239} INFO - Sync 1 DAGs
[2026-03-31T22:10:58.142+0000] {logging_mixin.py:190} INFO - [2026-03-31T22:10:58.142+0000] {dag.py:4180} INFO - Setting next_dagrun for ingestion_postgres_tmdb to 2026-03-02 10:00:00+00:00, run_after=2026-04-06 10:00:00+00:00
[2026-03-31T22:10:58.159+0000] {processor.py:208} INFO - Processing /opt/airflow/dags/ingestion_postgres_dag.py took 0.097 seconds
[2026-03-31T22:11:28.452+0000] {processor.py:186} INFO - Started process (PID=1897) to work on /opt/airflow/dags/ingestion_postgres_dag.py
[2026-03-31T22:11:28.453+0000] {processor.py:914} INFO - Processing file /opt/airflow/dags/ingestion_postgres_dag.py for tasks to queue
[2026-03-31T22:11:28.455+0000] {logging_mixin.py:190} INFO - [2026-03-31T22:11:28.454+0000] {dagbag.py:588} INFO - Filling up the DagBag from /opt/airflow/dags/ingestion_postgres_dag.py
[2026-03-31T22:11:28.472+0000] {processor.py:925} INFO - DAG(s) 'ingestion_postgres_tmdb' retrieved from /opt/airflow/dags/ingestion_postgres_dag.py
[2026-03-31T22:11:28.500+0000] {logging_mixin.py:190} INFO - [2026-03-31T22:11:28.500+0000] {dag.py:3239} INFO - Sync 1 DAGs
[2026-03-31T22:11:28.526+0000] {logging_mixin.py:190} INFO - [2026-03-31T22:11:28.526+0000] {dag.py:4180} INFO - Setting next_dagrun for ingestion_postgres_tmdb to 2026-03-02 10:00:00+00:00, run_after=2026-04-06 10:00:00+00:00
[2026-03-31T22:11:28.547+0000] {processor.py:208} INFO - Processing /opt/airflow/dags/ingestion_postgres_dag.py took 0.101 seconds
[2026-03-31T22:11:58.728+0000] {processor.py:186} INFO - Started process (PID=1907) to work on /opt/airflow/dags/ingestion_postgres_dag.py
[2026-03-31T22:11:58.729+0000] {processor.py:914} INFO - Processing file /opt/airflow/dags/ingestion_postgres_dag.py for tasks to queue
[2026-03-31T22:11:58.732+0000] {logging_mixin.py:190} INFO - [2026-03-31T22:11:58.732+0000] {dagbag.py:588} INFO - Filling up the DagBag from /opt/airflow/dags/ingestion_postgres_dag.py
[2026-03-31T22:11:58.752+0000] {processor.py:925} INFO - DAG(s) 'ingestion_postgres_tmdb' retrieved from /opt/airflow/dags/ingestion_postgres_dag.py
[2026-03-31T22:11:58.792+0000] {logging_mixin.py:190} INFO - [2026-03-31T22:11:58.791+0000] {dag.py:3239} INFO - Sync 1 DAGs
[2026-03-31T22:11:58.816+0000] {logging_mixin.py:190} INFO - [2026-03-31T22:11:58.815+0000] {dag.py:4180} INFO - Setting next_dagrun for ingestion_postgres_tmdb to 2026-03-02 10:00:00+00:00, run_after=2026-04-06 10:00:00+00:00
[2026-03-31T22:11:58.838+0000] {processor.py:208} INFO - Processing /opt/airflow/dags/ingestion_postgres_dag.py took 0.118 seconds
[2026-03-31T22:12:29.066+0000] {processor.py:186} INFO - Started process (PID=1917) to work on /opt/airflow/dags/ingestion_postgres_dag.py
[2026-03-31T22:12:29.067+0000] {processor.py:914} INFO - Processing file /opt/airflow/dags/ingestion_postgres_dag.py for tasks to queue
[2026-03-31T22:12:29.069+0000] {logging_mixin.py:190} INFO - [2026-03-31T22:12:29.069+0000] {dagbag.py:588} INFO - Filling up the DagBag from /opt/airflow/dags/ingestion_postgres_dag.py
[2026-03-31T22:12:29.087+0000] {processor.py:925} INFO - DAG(s) 'ingestion_postgres_tmdb' retrieved from /opt/airflow/dags/ingestion_postgres_dag.py
[2026-03-31T22:12:29.118+0000] {logging_mixin.py:190} INFO - [2026-03-31T22:12:29.118+0000] {dag.py:3239} INFO - Sync 1 DAGs
[2026-03-31T22:12:29.143+0000] {logging_mixin.py:190} INFO - [2026-03-31T22:12:29.142+0000] {dag.py:4180} INFO - Setting next_dagrun for ingestion_postgres_tmdb to 2026-03-02 10:00:00+00:00, run_after=2026-04-06 10:00:00+00:00
[2026-03-31T22:12:29.163+0000] {processor.py:208} INFO - Processing /opt/airflow/dags/ingestion_postgres_dag.py took 0.104 seconds
[2026-03-31T22:12:59.440+0000] {processor.py:186} INFO - Started process (PID=1927) to work on /opt/airflow/dags/ingestion_postgres_dag.py
[2026-03-31T22:12:59.441+0000] {processor.py:914} INFO - Processing file /opt/airflow/dags/ingestion_postgres_dag.py for tasks to queue
[2026-03-31T22:12:59.443+0000] {logging_mixin.py:190} INFO - [2026-03-31T22:12:59.443+0000] {dagbag.py:588} INFO - Filling up the DagBag from /opt/airflow/dags/ingestion_postgres_dag.py
[2026-03-31T22:12:59.462+0000] {processor.py:925} INFO - DAG(s) 'ingestion_postgres_tmdb' retrieved from /opt/airflow/dags/ingestion_postgres_dag.py
[2026-03-31T22:12:59.491+0000] {logging_mixin.py:190} INFO - [2026-03-31T22:12:59.491+0000] {dag.py:3239} INFO - Sync 1 DAGs
[2026-03-31T22:12:59.515+0000] {logging_mixin.py:190} INFO - [2026-03-31T22:12:59.515+0000] {dag.py:4180} INFO - Setting next_dagrun for ingestion_postgres_tmdb to 2026-03-02 10:00:00+00:00, run_after=2026-04-06 10:00:00+00:00
[2026-03-31T22:12:59.535+0000] {processor.py:208} INFO - Processing /opt/airflow/dags/ingestion_postgres_dag.py took 0.101 seconds
[2026-03-31T22:13:30.575+0000] {processor.py:186} INFO - Started process (PID=1937) to work on /opt/airflow/dags/ingestion_postgres_dag.py
[2026-03-31T22:13:30.577+0000] {processor.py:914} INFO - Processing file /opt/airflow/dags/ingestion_postgres_dag.py for tasks to queue
[2026-03-31T22:13:30.579+0000] {logging_mixin.py:190} INFO - [2026-03-31T22:13:30.578+0000] {dagbag.py:588} INFO - Filling up the DagBag from /opt/airflow/dags/ingestion_postgres_dag.py
[2026-03-31T22:13:30.596+0000] {processor.py:925} INFO - DAG(s) 'ingestion_postgres_tmdb' retrieved from /opt/airflow/dags/ingestion_postgres_dag.py
[2026-03-31T22:13:30.630+0000] {logging_mixin.py:190} INFO - [2026-03-31T22:13:30.629+0000] {dag.py:3239} INFO - Sync 1 DAGs
[2026-03-31T22:13:30.655+0000] {logging_mixin.py:190} INFO - [2026-03-31T22:13:30.655+0000] {dag.py:4180} INFO - Setting next_dagrun for ingestion_postgres_tmdb to 2026-03-02 10:00:00+00:00, run_after=2026-04-06 10:00:00+00:00
[2026-03-31T22:13:30.676+0000] {processor.py:208} INFO - Processing /opt/airflow/dags/ingestion_postgres_dag.py took 0.108 seconds
[2026-03-31T22:14:01.098+0000] {processor.py:186} INFO - Started process (PID=1947) to work on /opt/airflow/dags/ingestion_postgres_dag.py
[2026-03-31T22:14:01.100+0000] {processor.py:914} INFO - Processing file /opt/airflow/dags/ingestion_postgres_dag.py for tasks to queue
[2026-03-31T22:14:01.102+0000] {logging_mixin.py:190} INFO - [2026-03-31T22:14:01.101+0000] {dagbag.py:588} INFO - Filling up the DagBag from /opt/airflow/dags/ingestion_postgres_dag.py
[2026-03-31T22:14:01.122+0000] {processor.py:925} INFO - DAG(s) 'ingestion_postgres_tmdb' retrieved from /opt/airflow/dags/ingestion_postgres_dag.py
[2026-03-31T22:14:01.155+0000] {logging_mixin.py:190} INFO - [2026-03-31T22:14:01.154+0000] {dag.py:3239} INFO - Sync 1 DAGs
[2026-03-31T22:14:01.180+0000] {logging_mixin.py:190} INFO - [2026-03-31T22:14:01.179+0000] {dag.py:4180} INFO - Setting next_dagrun for ingestion_postgres_tmdb to 2026-03-02 10:00:00+00:00, run_after=2026-04-06 10:00:00+00:00
[2026-03-31T22:14:01.210+0000] {processor.py:208} INFO - Processing /opt/airflow/dags/ingestion_postgres_dag.py took 0.117 seconds
[2026-03-31T22:14:26.540+0000] {processor.py:186} INFO - Started process (PID=1957) to work on /opt/airflow/dags/ingestion_postgres_dag.py
[2026-03-31T22:14:26.541+0000] {processor.py:914} INFO - Processing file /opt/airflow/dags/ingestion_postgres_dag.py for tasks to queue
[2026-03-31T22:14:26.544+0000] {logging_mixin.py:190} INFO - [2026-03-31T22:14:26.544+0000] {dagbag.py:588} INFO - Filling up the DagBag from /opt/airflow/dags/ingestion_postgres_dag.py
[2026-03-31T22:14:26.574+0000] {processor.py:925} INFO - DAG(s) 'ingestion_postgres_tmdb' retrieved from /opt/airflow/dags/ingestion_postgres_dag.py
[2026-03-31T22:14:26.607+0000] {logging_mixin.py:190} INFO - [2026-03-31T22:14:26.607+0000] {dag.py:3239} INFO - Sync 1 DAGs
[2026-03-31T22:14:26.632+0000] {logging_mixin.py:190} INFO - [2026-03-31T22:14:26.632+0000] {dag.py:4180} INFO - Setting next_dagrun for ingestion_postgres_tmdb to 2026-03-02 10:00:00+00:00, run_after=2026-04-06 10:00:00+00:00
[2026-03-31T22:14:26.657+0000] {processor.py:208} INFO - Processing /opt/airflow/dags/ingestion_postgres_dag.py took 0.127 seconds
[2026-03-31T22:14:56.945+0000] {processor.py:186} INFO - Started process (PID=1967) to work on /opt/airflow/dags/ingestion_postgres_dag.py
[2026-03-31T22:14:56.947+0000] {processor.py:914} INFO - Processing file /opt/airflow/dags/ingestion_postgres_dag.py for tasks to queue
[2026-03-31T22:14:56.949+0000] {logging_mixin.py:190} INFO - [2026-03-31T22:14:56.949+0000] {dagbag.py:588} INFO - Filling up the DagBag from /opt/airflow/dags/ingestion_postgres_dag.py
[2026-03-31T22:14:56.972+0000] {processor.py:925} INFO - DAG(s) 'ingestion_postgres_tmdb' retrieved from /opt/airflow/dags/ingestion_postgres_dag.py
[2026-03-31T22:14:57.005+0000] {logging_mixin.py:190} INFO - [2026-03-31T22:14:57.005+0000] {dag.py:3239} INFO - Sync 1 DAGs
[2026-03-31T22:14:57.029+0000] {logging_mixin.py:190} INFO - [2026-03-31T22:14:57.029+0000] {dag.py:4180} INFO - Setting next_dagrun for ingestion_postgres_tmdb to 2026-03-02 10:00:00+00:00, run_after=2026-04-06 10:00:00+00:00
[2026-03-31T22:14:57.052+0000] {processor.py:208} INFO - Processing /opt/airflow/dags/ingestion_postgres_dag.py took 0.114 seconds
[2026-03-31T22:15:27.226+0000] {processor.py:186} INFO - Started process (PID=1977) to work on /opt/airflow/dags/ingestion_postgres_dag.py
[2026-03-31T22:15:27.228+0000] {processor.py:914} INFO - Processing file /opt/airflow/dags/ingestion_postgres_dag.py for tasks to queue
[2026-03-31T22:15:27.230+0000] {logging_mixin.py:190} INFO - [2026-03-31T22:15:27.230+0000] {dagbag.py:588} INFO - Filling up the DagBag from /opt/airflow/dags/ingestion_postgres_dag.py
[2026-03-31T22:15:27.256+0000] {processor.py:925} INFO - DAG(s) 'ingestion_postgres_tmdb' retrieved from /opt/airflow/dags/ingestion_postgres_dag.py
[2026-03-31T22:15:27.289+0000] {logging_mixin.py:190} INFO - [2026-03-31T22:15:27.288+0000] {dag.py:3239} INFO - Sync 1 DAGs
[2026-03-31T22:15:27.314+0000] {logging_mixin.py:190} INFO - [2026-03-31T22:15:27.314+0000] {dag.py:4180} INFO - Setting next_dagrun for ingestion_postgres_tmdb to 2026-03-02 10:00:00+00:00, run_after=2026-04-06 10:00:00+00:00
[2026-03-31T22:15:27.337+0000] {processor.py:208} INFO - Processing /opt/airflow/dags/ingestion_postgres_dag.py took 0.118 seconds
[2026-03-31T22:15:57.630+0000] {processor.py:186} INFO - Started process (PID=1987) to work on /opt/airflow/dags/ingestion_postgres_dag.py
[2026-03-31T22:15:57.631+0000] {processor.py:914} INFO - Processing file /opt/airflow/dags/ingestion_postgres_dag.py for tasks to queue
[2026-03-31T22:15:57.634+0000] {logging_mixin.py:190} INFO - [2026-03-31T22:15:57.634+0000] {dagbag.py:588} INFO - Filling up the DagBag from /opt/airflow/dags/ingestion_postgres_dag.py
[2026-03-31T22:15:57.657+0000] {processor.py:925} INFO - DAG(s) 'ingestion_postgres_tmdb' retrieved from /opt/airflow/dags/ingestion_postgres_dag.py
[2026-03-31T22:15:57.686+0000] {logging_mixin.py:190} INFO - [2026-03-31T22:15:57.686+0000] {dag.py:3239} INFO - Sync 1 DAGs
[2026-03-31T22:15:57.711+0000] {logging_mixin.py:190} INFO - [2026-03-31T22:15:57.711+0000] {dag.py:4180} INFO - Setting next_dagrun for ingestion_postgres_tmdb to 2026-03-02 10:00:00+00:00, run_after=2026-04-06 10:00:00+00:00
[2026-03-31T22:15:57.731+0000] {processor.py:208} INFO - Processing /opt/airflow/dags/ingestion_postgres_dag.py took 0.108 seconds
[2026-03-31T22:16:28.029+0000] {processor.py:186} INFO - Started process (PID=1997) to work on /opt/airflow/dags/ingestion_postgres_dag.py
[2026-03-31T22:16:28.031+0000] {processor.py:914} INFO - Processing file /opt/airflow/dags/ingestion_postgres_dag.py for tasks to queue
[2026-03-31T22:16:28.038+0000] {logging_mixin.py:190} INFO - [2026-03-31T22:16:28.037+0000] {dagbag.py:588} INFO - Filling up the DagBag from /opt/airflow/dags/ingestion_postgres_dag.py
[2026-03-31T22:16:28.062+0000] {processor.py:925} INFO - DAG(s) 'ingestion_postgres_tmdb' retrieved from /opt/airflow/dags/ingestion_postgres_dag.py
[2026-03-31T22:16:28.094+0000] {logging_mixin.py:190} INFO - [2026-03-31T22:16:28.093+0000] {dag.py:3239} INFO - Sync 1 DAGs
[2026-03-31T22:16:28.118+0000] {logging_mixin.py:190} INFO - [2026-03-31T22:16:28.118+0000] {dag.py:4180} INFO - Setting next_dagrun for ingestion_postgres_tmdb to 2026-03-02 10:00:00+00:00, run_after=2026-04-06 10:00:00+00:00
[2026-03-31T22:16:28.138+0000] {processor.py:208} INFO - Processing /opt/airflow/dags/ingestion_postgres_dag.py took 0.116 seconds
[2026-03-31T22:16:58.456+0000] {processor.py:186} INFO - Started process (PID=2007) to work on /opt/airflow/dags/ingestion_postgres_dag.py
[2026-03-31T22:16:58.457+0000] {processor.py:914} INFO - Processing file /opt/airflow/dags/ingestion_postgres_dag.py for tasks to queue
[2026-03-31T22:16:58.460+0000] {logging_mixin.py:190} INFO - [2026-03-31T22:16:58.459+0000] {dagbag.py:588} INFO - Filling up the DagBag from /opt/airflow/dags/ingestion_postgres_dag.py
[2026-03-31T22:16:58.484+0000] {processor.py:925} INFO - DAG(s) 'ingestion_postgres_tmdb' retrieved from /opt/airflow/dags/ingestion_postgres_dag.py
[2026-03-31T22:16:58.521+0000] {logging_mixin.py:190} INFO - [2026-03-31T22:16:58.520+0000] {dag.py:3239} INFO - Sync 1 DAGs
[2026-03-31T22:16:58.548+0000] {logging_mixin.py:190} INFO - [2026-03-31T22:16:58.548+0000] {dag.py:4180} INFO - Setting next_dagrun for ingestion_postgres_tmdb to 2026-03-02 10:00:00+00:00, run_after=2026-04-06 10:00:00+00:00
[2026-03-31T22:16:58.572+0000] {processor.py:208} INFO - Processing /opt/airflow/dags/ingestion_postgres_dag.py took 0.123 seconds
[2026-03-31T22:17:28.879+0000] {processor.py:186} INFO - Started process (PID=2017) to work on /opt/airflow/dags/ingestion_postgres_dag.py
[2026-03-31T22:17:28.880+0000] {processor.py:914} INFO - Processing file /opt/airflow/dags/ingestion_postgres_dag.py for tasks to queue
[2026-03-31T22:17:28.882+0000] {logging_mixin.py:190} INFO - [2026-03-31T22:17:28.881+0000] {dagbag.py:588} INFO - Filling up the DagBag from /opt/airflow/dags/ingestion_postgres_dag.py
[2026-03-31T22:17:28.903+0000] {processor.py:925} INFO - DAG(s) 'ingestion_postgres_tmdb' retrieved from /opt/airflow/dags/ingestion_postgres_dag.py
[2026-03-31T22:17:28.931+0000] {logging_mixin.py:190} INFO - [2026-03-31T22:17:28.931+0000] {dag.py:3239} INFO - Sync 1 DAGs
[2026-03-31T22:17:28.954+0000] {logging_mixin.py:190} INFO - [2026-03-31T22:17:28.953+0000] {dag.py:4180} INFO - Setting next_dagrun for ingestion_postgres_tmdb to 2026-03-02 10:00:00+00:00, run_after=2026-04-06 10:00:00+00:00
[2026-03-31T22:17:28.978+0000] {processor.py:208} INFO - Processing /opt/airflow/dags/ingestion_postgres_dag.py took 0.106 seconds
[2026-03-31T22:17:59.156+0000] {processor.py:186} INFO - Started process (PID=2027) to work on /opt/airflow/dags/ingestion_postgres_dag.py
[2026-03-31T22:17:59.157+0000] {processor.py:914} INFO - Processing file /opt/airflow/dags/ingestion_postgres_dag.py for tasks to queue
[2026-03-31T22:17:59.159+0000] {logging_mixin.py:190} INFO - [2026-03-31T22:17:59.159+0000] {dagbag.py:588} INFO - Filling up the DagBag from /opt/airflow/dags/ingestion_postgres_dag.py
[2026-03-31T22:17:59.178+0000] {processor.py:925} INFO - DAG(s) 'ingestion_postgres_tmdb' retrieved from /opt/airflow/dags/ingestion_postgres_dag.py
[2026-03-31T22:17:59.206+0000] {logging_mixin.py:190} INFO - [2026-03-31T22:17:59.205+0000] {dag.py:3239} INFO - Sync 1 DAGs
[2026-03-31T22:17:59.231+0000] {logging_mixin.py:190} INFO - [2026-03-31T22:17:59.231+0000] {dag.py:4180} INFO - Setting next_dagrun for ingestion_postgres_tmdb to 2026-03-02 10:00:00+00:00, run_after=2026-04-06 10:00:00+00:00
[2026-03-31T22:17:59.275+0000] {processor.py:208} INFO - Processing /opt/airflow/dags/ingestion_postgres_dag.py took 0.126 seconds
[2026-03-31T22:18:29.347+0000] {processor.py:186} INFO - Started process (PID=2037) to work on /opt/airflow/dags/ingestion_postgres_dag.py
[2026-03-31T22:18:29.348+0000] {processor.py:914} INFO - Processing file /opt/airflow/dags/ingestion_postgres_dag.py for tasks to queue
[2026-03-31T22:18:29.351+0000] {logging_mixin.py:190} INFO - [2026-03-31T22:18:29.351+0000] {dagbag.py:588} INFO - Filling up the DagBag from /opt/airflow/dags/ingestion_postgres_dag.py
[2026-03-31T22:18:29.372+0000] {processor.py:925} INFO - DAG(s) 'ingestion_postgres_tmdb' retrieved from /opt/airflow/dags/ingestion_postgres_dag.py
[2026-03-31T22:18:29.403+0000] {logging_mixin.py:190} INFO - [2026-03-31T22:18:29.402+0000] {dag.py:3239} INFO - Sync 1 DAGs
[2026-03-31T22:18:29.427+0000] {logging_mixin.py:190} INFO - [2026-03-31T22:18:29.426+0000] {dag.py:4180} INFO - Setting next_dagrun for ingestion_postgres_tmdb to 2026-03-02 10:00:00+00:00, run_after=2026-04-06 10:00:00+00:00
[2026-03-31T22:18:29.448+0000] {processor.py:208} INFO - Processing /opt/airflow/dags/ingestion_postgres_dag.py took 0.108 seconds
[2026-03-31T22:18:59.938+0000] {processor.py:186} INFO - Started process (PID=2047) to work on /opt/airflow/dags/ingestion_postgres_dag.py
[2026-03-31T22:18:59.940+0000] {processor.py:914} INFO - Processing file /opt/airflow/dags/ingestion_postgres_dag.py for tasks to queue
[2026-03-31T22:18:59.942+0000] {logging_mixin.py:190} INFO - [2026-03-31T22:18:59.941+0000] {dagbag.py:588} INFO - Filling up the DagBag from /opt/airflow/dags/ingestion_postgres_dag.py
[2026-03-31T22:18:59.965+0000] {processor.py:925} INFO - DAG(s) 'ingestion_postgres_tmdb' retrieved from /opt/airflow/dags/ingestion_postgres_dag.py
[2026-03-31T22:18:59.996+0000] {logging_mixin.py:190} INFO - [2026-03-31T22:18:59.995+0000] {dag.py:3239} INFO - Sync 1 DAGs
[2026-03-31T22:19:00.022+0000] {logging_mixin.py:190} INFO - [2026-03-31T22:19:00.022+0000] {dag.py:4180} INFO - Setting next_dagrun for ingestion_postgres_tmdb to 2026-03-02 10:00:00+00:00, run_after=2026-04-06 10:00:00+00:00
[2026-03-31T22:19:00.043+0000] {processor.py:208} INFO - Processing /opt/airflow/dags/ingestion_postgres_dag.py took 0.112 seconds
[2026-03-31T22:19:30.388+0000] {processor.py:186} INFO - Started process (PID=2057) to work on /opt/airflow/dags/ingestion_postgres_dag.py
[2026-03-31T22:19:30.389+0000] {processor.py:914} INFO - Processing file /opt/airflow/dags/ingestion_postgres_dag.py for tasks to queue
[2026-03-31T22:19:30.392+0000] {logging_mixin.py:190} INFO - [2026-03-31T22:19:30.391+0000] {dagbag.py:588} INFO - Filling up the DagBag from /opt/airflow/dags/ingestion_postgres_dag.py
[2026-03-31T22:19:30.410+0000] {processor.py:925} INFO - DAG(s) 'ingestion_postgres_tmdb' retrieved from /opt/airflow/dags/ingestion_postgres_dag.py
[2026-03-31T22:19:30.436+0000] {logging_mixin.py:190} INFO - [2026-03-31T22:19:30.436+0000] {dag.py:3239} INFO - Sync 1 DAGs
[2026-03-31T22:19:30.461+0000] {logging_mixin.py:190} INFO - [2026-03-31T22:19:30.461+0000] {dag.py:4180} INFO - Setting next_dagrun for ingestion_postgres_tmdb to 2026-03-02 10:00:00+00:00, run_after=2026-04-06 10:00:00+00:00
[2026-03-31T22:19:30.481+0000] {processor.py:208} INFO - Processing /opt/airflow/dags/ingestion_postgres_dag.py took 0.098 seconds
[2026-03-31T22:20:00.688+0000] {processor.py:186} INFO - Started process (PID=2067) to work on /opt/airflow/dags/ingestion_postgres_dag.py
[2026-03-31T22:20:00.690+0000] {processor.py:914} INFO - Processing file /opt/airflow/dags/ingestion_postgres_dag.py for tasks to queue
[2026-03-31T22:20:00.692+0000] {logging_mixin.py:190} INFO - [2026-03-31T22:20:00.692+0000] {dagbag.py:588} INFO - Filling up the DagBag from /opt/airflow/dags/ingestion_postgres_dag.py
[2026-03-31T22:20:00.718+0000] {processor.py:925} INFO - DAG(s) 'ingestion_postgres_tmdb' retrieved from /opt/airflow/dags/ingestion_postgres_dag.py
[2026-03-31T22:20:00.756+0000] {logging_mixin.py:190} INFO - [2026-03-31T22:20:00.755+0000] {dag.py:3239} INFO - Sync 1 DAGs
[2026-03-31T22:20:00.782+0000] {logging_mixin.py:190} INFO - [2026-03-31T22:20:00.781+0000] {dag.py:4180} INFO - Setting next_dagrun for ingestion_postgres_tmdb to 2026-03-02 10:00:00+00:00, run_after=2026-04-06 10:00:00+00:00
[2026-03-31T22:20:00.801+0000] {processor.py:208} INFO - Processing /opt/airflow/dags/ingestion_postgres_dag.py took 0.120 seconds
[2026-03-31T22:20:31.026+0000] {processor.py:186} INFO - Started process (PID=2077) to work on /opt/airflow/dags/ingestion_postgres_dag.py
[2026-03-31T22:20:31.027+0000] {processor.py:914} INFO - Processing file /opt/airflow/dags/ingestion_postgres_dag.py for tasks to queue
[2026-03-31T22:20:31.029+0000] {logging_mixin.py:190} INFO - [2026-03-31T22:20:31.029+0000] {dagbag.py:588} INFO - Filling up the DagBag from /opt/airflow/dags/ingestion_postgres_dag.py
[2026-03-31T22:20:31.048+0000] {processor.py:925} INFO - DAG(s) 'ingestion_postgres_tmdb' retrieved from /opt/airflow/dags/ingestion_postgres_dag.py
[2026-03-31T22:20:31.074+0000] {logging_mixin.py:190} INFO - [2026-03-31T22:20:31.074+0000] {dag.py:3239} INFO - Sync 1 DAGs
[2026-03-31T22:20:31.095+0000] {logging_mixin.py:190} INFO - [2026-03-31T22:20:31.095+0000] {dag.py:4180} INFO - Setting next_dagrun for ingestion_postgres_tmdb to 2026-03-02 10:00:00+00:00, run_after=2026-04-06 10:00:00+00:00
[2026-03-31T22:20:31.113+0000] {processor.py:208} INFO - Processing /opt/airflow/dags/ingestion_postgres_dag.py took 0.094 seconds
[2026-03-31T22:21:01.335+0000] {processor.py:186} INFO - Started process (PID=2087) to work on /opt/airflow/dags/ingestion_postgres_dag.py
[2026-03-31T22:21:01.336+0000] {processor.py:914} INFO - Processing file /opt/airflow/dags/ingestion_postgres_dag.py for tasks to queue
[2026-03-31T22:21:01.339+0000] {logging_mixin.py:190} INFO - [2026-03-31T22:21:01.339+0000] {dagbag.py:588} INFO - Filling up the DagBag from /opt/airflow/dags/ingestion_postgres_dag.py
[2026-03-31T22:21:01.363+0000] {processor.py:925} INFO - DAG(s) 'ingestion_postgres_tmdb' retrieved from /opt/airflow/dags/ingestion_postgres_dag.py
[2026-03-31T22:21:01.393+0000] {logging_mixin.py:190} INFO - [2026-03-31T22:21:01.393+0000] {dag.py:3239} INFO - Sync 1 DAGs
[2026-03-31T22:21:01.419+0000] {logging_mixin.py:190} INFO - [2026-03-31T22:21:01.419+0000] {dag.py:4180} INFO - Setting next_dagrun for ingestion_postgres_tmdb to 2026-03-02 10:00:00+00:00, run_after=2026-04-06 10:00:00+00:00
[2026-03-31T22:21:01.443+0000] {processor.py:208} INFO - Processing /opt/airflow/dags/ingestion_postgres_dag.py took 0.115 seconds
[2026-03-31T22:21:31.765+0000] {processor.py:186} INFO - Started process (PID=2097) to work on /opt/airflow/dags/ingestion_postgres_dag.py
[2026-03-31T22:21:31.770+0000] {processor.py:914} INFO - Processing file /opt/airflow/dags/ingestion_postgres_dag.py for tasks to queue
[2026-03-31T22:21:31.773+0000] {logging_mixin.py:190} INFO - [2026-03-31T22:21:31.772+0000] {dagbag.py:588} INFO - Filling up the DagBag from /opt/airflow/dags/ingestion_postgres_dag.py
[2026-03-31T22:21:31.798+0000] {processor.py:925} INFO - DAG(s) 'ingestion_postgres_tmdb' retrieved from /opt/airflow/dags/ingestion_postgres_dag.py
[2026-03-31T22:21:31.828+0000] {logging_mixin.py:190} INFO - [2026-03-31T22:21:31.828+0000] {dag.py:3239} INFO - Sync 1 DAGs
[2026-03-31T22:21:31.851+0000] {logging_mixin.py:190} INFO - [2026-03-31T22:21:31.851+0000] {dag.py:4180} INFO - Setting next_dagrun for ingestion_postgres_tmdb to 2026-03-02 10:00:00+00:00, run_after=2026-04-06 10:00:00+00:00
[2026-03-31T22:21:31.882+0000] {processor.py:208} INFO - Processing /opt/airflow/dags/ingestion_postgres_dag.py took 0.124 seconds
[2026-03-31T22:22:02.047+0000] {processor.py:186} INFO - Started process (PID=2107) to work on /opt/airflow/dags/ingestion_postgres_dag.py
[2026-03-31T22:22:02.048+0000] {processor.py:914} INFO - Processing file /opt/airflow/dags/ingestion_postgres_dag.py for tasks to queue
[2026-03-31T22:22:02.050+0000] {logging_mixin.py:190} INFO - [2026-03-31T22:22:02.050+0000] {dagbag.py:588} INFO - Filling up the DagBag from /opt/airflow/dags/ingestion_postgres_dag.py
[2026-03-31T22:22:02.086+0000] {processor.py:925} INFO - DAG(s) 'ingestion_postgres_tmdb' retrieved from /opt/airflow/dags/ingestion_postgres_dag.py
[2026-03-31T22:22:02.131+0000] {logging_mixin.py:190} INFO - [2026-03-31T22:22:02.131+0000] {dag.py:3239} INFO - Sync 1 DAGs
[2026-03-31T22:22:02.162+0000] {logging_mixin.py:190} INFO - [2026-03-31T22:22:02.162+0000] {dag.py:4180} INFO - Setting next_dagrun for ingestion_postgres_tmdb to 2026-03-02 10:00:00+00:00, run_after=2026-04-06 10:00:00+00:00
[2026-03-31T22:22:02.188+0000] {processor.py:208} INFO - Processing /opt/airflow/dags/ingestion_postgres_dag.py took 0.149 seconds
[2026-03-31T22:22:32.535+0000] {processor.py:186} INFO - Started process (PID=2117) to work on /opt/airflow/dags/ingestion_postgres_dag.py
[2026-03-31T22:22:32.537+0000] {processor.py:914} INFO - Processing file /opt/airflow/dags/ingestion_postgres_dag.py for tasks to queue
[2026-03-31T22:22:32.542+0000] {logging_mixin.py:190} INFO - [2026-03-31T22:22:32.541+0000] {dagbag.py:588} INFO - Filling up the DagBag from /opt/airflow/dags/ingestion_postgres_dag.py
[2026-03-31T22:22:32.579+0000] {processor.py:925} INFO - DAG(s) 'ingestion_postgres_tmdb' retrieved from /opt/airflow/dags/ingestion_postgres_dag.py
[2026-03-31T22:22:32.644+0000] {logging_mixin.py:190} INFO - [2026-03-31T22:22:32.644+0000] {dag.py:3239} INFO - Sync 1 DAGs
[2026-03-31T22:22:32.688+0000] {logging_mixin.py:190} INFO - [2026-03-31T22:22:32.688+0000] {dag.py:4180} INFO - Setting next_dagrun for ingestion_postgres_tmdb to 2026-03-02 10:00:00+00:00, run_after=2026-04-06 10:00:00+00:00
[2026-03-31T22:22:32.723+0000] {processor.py:208} INFO - Processing /opt/airflow/dags/ingestion_postgres_dag.py took 0.197 seconds
[2026-03-31T22:23:03.501+0000] {processor.py:186} INFO - Started process (PID=2127) to work on /opt/airflow/dags/ingestion_postgres_dag.py
[2026-03-31T22:23:03.502+0000] {processor.py:914} INFO - Processing file /opt/airflow/dags/ingestion_postgres_dag.py for tasks to queue
[2026-03-31T22:23:03.504+0000] {logging_mixin.py:190} INFO - [2026-03-31T22:23:03.503+0000] {dagbag.py:588} INFO - Filling up the DagBag from /opt/airflow/dags/ingestion_postgres_dag.py
[2026-03-31T22:23:03.523+0000] {processor.py:925} INFO - DAG(s) 'ingestion_postgres_tmdb' retrieved from /opt/airflow/dags/ingestion_postgres_dag.py
[2026-03-31T22:23:03.551+0000] {logging_mixin.py:190} INFO - [2026-03-31T22:23:03.550+0000] {dag.py:3239} INFO - Sync 1 DAGs
[2026-03-31T22:23:03.577+0000] {logging_mixin.py:190} INFO - [2026-03-31T22:23:03.576+0000] {dag.py:4180} INFO - Setting next_dagrun for ingestion_postgres_tmdb to 2026-03-02 10:00:00+00:00, run_after=2026-04-06 10:00:00+00:00
[2026-03-31T22:23:03.596+0000] {processor.py:208} INFO - Processing /opt/airflow/dags/ingestion_postgres_dag.py took 0.101 seconds
[2026-03-31T22:23:33.768+0000] {processor.py:186} INFO - Started process (PID=2137) to work on /opt/airflow/dags/ingestion_postgres_dag.py
[2026-03-31T22:23:33.769+0000] {processor.py:914} INFO - Processing file /opt/airflow/dags/ingestion_postgres_dag.py for tasks to queue
[2026-03-31T22:23:33.772+0000] {logging_mixin.py:190} INFO - [2026-03-31T22:23:33.772+0000] {dagbag.py:588} INFO - Filling up the DagBag from /opt/airflow/dags/ingestion_postgres_dag.py
[2026-03-31T22:23:33.792+0000] {processor.py:925} INFO - DAG(s) 'ingestion_postgres_tmdb' retrieved from /opt/airflow/dags/ingestion_postgres_dag.py
[2026-03-31T22:23:33.823+0000] {logging_mixin.py:190} INFO - [2026-03-31T22:23:33.823+0000] {dag.py:3239} INFO - Sync 1 DAGs
[2026-03-31T22:23:33.850+0000] {logging_mixin.py:190} INFO - [2026-03-31T22:23:33.849+0000] {dag.py:4180} INFO - Setting next_dagrun for ingestion_postgres_tmdb to 2026-03-02 10:00:00+00:00, run_after=2026-04-06 10:00:00+00:00
[2026-03-31T22:23:33.869+0000] {processor.py:208} INFO - Processing /opt/airflow/dags/ingestion_postgres_dag.py took 0.107 seconds
[2026-03-31T22:24:04.241+0000] {processor.py:186} INFO - Started process (PID=2147) to work on /opt/airflow/dags/ingestion_postgres_dag.py
[2026-03-31T22:24:04.242+0000] {processor.py:914} INFO - Processing file /opt/airflow/dags/ingestion_postgres_dag.py for tasks to queue
[2026-03-31T22:24:04.247+0000] {logging_mixin.py:190} INFO - [2026-03-31T22:24:04.247+0000] {dagbag.py:588} INFO - Filling up the DagBag from /opt/airflow/dags/ingestion_postgres_dag.py
[2026-03-31T22:24:04.279+0000] {processor.py:925} INFO - DAG(s) 'ingestion_postgres_tmdb' retrieved from /opt/airflow/dags/ingestion_postgres_dag.py
[2026-03-31T22:24:04.329+0000] {logging_mixin.py:190} INFO - [2026-03-31T22:24:04.328+0000] {dag.py:3239} INFO - Sync 1 DAGs
[2026-03-31T22:24:04.355+0000] {logging_mixin.py:190} INFO - [2026-03-31T22:24:04.355+0000] {dag.py:4180} INFO - Setting next_dagrun for ingestion_postgres_tmdb to 2026-03-02 10:00:00+00:00, run_after=2026-04-06 10:00:00+00:00
[2026-03-31T22:24:04.375+0000] {processor.py:208} INFO - Processing /opt/airflow/dags/ingestion_postgres_dag.py took 0.147 seconds
[2026-03-31T22:24:34.535+0000] {processor.py:186} INFO - Started process (PID=2157) to work on /opt/airflow/dags/ingestion_postgres_dag.py
[2026-03-31T22:24:34.537+0000] {processor.py:914} INFO - Processing file /opt/airflow/dags/ingestion_postgres_dag.py for tasks to queue
[2026-03-31T22:24:34.539+0000] {logging_mixin.py:190} INFO - [2026-03-31T22:24:34.539+0000] {dagbag.py:588} INFO - Filling up the DagBag from /opt/airflow/dags/ingestion_postgres_dag.py
[2026-03-31T22:24:34.558+0000] {processor.py:925} INFO - DAG(s) 'ingestion_postgres_tmdb' retrieved from /opt/airflow/dags/ingestion_postgres_dag.py
[2026-03-31T22:24:34.590+0000] {logging_mixin.py:190} INFO - [2026-03-31T22:24:34.590+0000] {dag.py:3239} INFO - Sync 1 DAGs
[2026-03-31T22:24:34.616+0000] {logging_mixin.py:190} INFO - [2026-03-31T22:24:34.615+0000] {dag.py:4180} INFO - Setting next_dagrun for ingestion_postgres_tmdb to 2026-03-02 10:00:00+00:00, run_after=2026-04-06 10:00:00+00:00
[2026-03-31T22:24:34.639+0000] {processor.py:208} INFO - Processing /opt/airflow/dags/ingestion_postgres_dag.py took 0.110 seconds
[2026-03-31T22:25:04.918+0000] {processor.py:186} INFO - Started process (PID=2167) to work on /opt/airflow/dags/ingestion_postgres_dag.py
[2026-03-31T22:25:04.919+0000] {processor.py:914} INFO - Processing file /opt/airflow/dags/ingestion_postgres_dag.py for tasks to queue
[2026-03-31T22:25:04.921+0000] {logging_mixin.py:190} INFO - [2026-03-31T22:25:04.921+0000] {dagbag.py:588} INFO - Filling up the DagBag from /opt/airflow/dags/ingestion_postgres_dag.py
[2026-03-31T22:25:04.938+0000] {processor.py:925} INFO - DAG(s) 'ingestion_postgres_tmdb' retrieved from /opt/airflow/dags/ingestion_postgres_dag.py
[2026-03-31T22:25:04.968+0000] {logging_mixin.py:190} INFO - [2026-03-31T22:25:04.968+0000] {dag.py:3239} INFO - Sync 1 DAGs
[2026-03-31T22:25:04.998+0000] {logging_mixin.py:190} INFO - [2026-03-31T22:25:04.997+0000] {dag.py:4180} INFO - Setting next_dagrun for ingestion_postgres_tmdb to 2026-03-02 10:00:00+00:00, run_after=2026-04-06 10:00:00+00:00
[2026-03-31T22:25:05.026+0000] {processor.py:208} INFO - Processing /opt/airflow/dags/ingestion_postgres_dag.py took 0.113 seconds
[2026-03-31T22:25:35.213+0000] {processor.py:186} INFO - Started process (PID=2177) to work on /opt/airflow/dags/ingestion_postgres_dag.py
[2026-03-31T22:25:35.215+0000] {processor.py:914} INFO - Processing file /opt/airflow/dags/ingestion_postgres_dag.py for tasks to queue
[2026-03-31T22:25:35.219+0000] {logging_mixin.py:190} INFO - [2026-03-31T22:25:35.218+0000] {dagbag.py:588} INFO - Filling up the DagBag from /opt/airflow/dags/ingestion_postgres_dag.py
[2026-03-31T22:25:35.243+0000] {processor.py:925} INFO - DAG(s) 'ingestion_postgres_tmdb' retrieved from /opt/airflow/dags/ingestion_postgres_dag.py
[2026-03-31T22:25:35.274+0000] {logging_mixin.py:190} INFO - [2026-03-31T22:25:35.274+0000] {dag.py:3239} INFO - Sync 1 DAGs
[2026-03-31T22:25:35.302+0000] {logging_mixin.py:190} INFO - [2026-03-31T22:25:35.302+0000] {dag.py:4180} INFO - Setting next_dagrun for ingestion_postgres_tmdb to 2026-03-02 10:00:00+00:00, run_after=2026-04-06 10:00:00+00:00
[2026-03-31T22:25:35.348+0000] {processor.py:208} INFO - Processing /opt/airflow/dags/ingestion_postgres_dag.py took 0.147 seconds
[2026-03-31T22:26:05.557+0000] {processor.py:186} INFO - Started process (PID=2187) to work on /opt/airflow/dags/ingestion_postgres_dag.py
[2026-03-31T22:26:05.559+0000] {processor.py:914} INFO - Processing file /opt/airflow/dags/ingestion_postgres_dag.py for tasks to queue
[2026-03-31T22:26:05.562+0000] {logging_mixin.py:190} INFO - [2026-03-31T22:26:05.562+0000] {dagbag.py:588} INFO - Filling up the DagBag from /opt/airflow/dags/ingestion_postgres_dag.py
[2026-03-31T22:26:05.586+0000] {processor.py:925} INFO - DAG(s) 'ingestion_postgres_tmdb' retrieved from /opt/airflow/dags/ingestion_postgres_dag.py
[2026-03-31T22:26:05.619+0000] {logging_mixin.py:190} INFO - [2026-03-31T22:26:05.619+0000] {dag.py:3239} INFO - Sync 1 DAGs
[2026-03-31T22:26:05.646+0000] {logging_mixin.py:190} INFO - [2026-03-31T22:26:05.646+0000] {dag.py:4180} INFO - Setting next_dagrun for ingestion_postgres_tmdb to 2026-03-02 10:00:00+00:00, run_after=2026-04-06 10:00:00+00:00
[2026-03-31T22:26:05.673+0000] {processor.py:208} INFO - Processing /opt/airflow/dags/ingestion_postgres_dag.py took 0.129 seconds
[2026-03-31T22:26:36.004+0000] {processor.py:186} INFO - Started process (PID=2197) to work on /opt/airflow/dags/ingestion_postgres_dag.py
[2026-03-31T22:26:36.006+0000] {processor.py:914} INFO - Processing file /opt/airflow/dags/ingestion_postgres_dag.py for tasks to queue
[2026-03-31T22:26:36.008+0000] {logging_mixin.py:190} INFO - [2026-03-31T22:26:36.008+0000] {dagbag.py:588} INFO - Filling up the DagBag from /opt/airflow/dags/ingestion_postgres_dag.py
[2026-03-31T22:26:36.036+0000] {processor.py:925} INFO - DAG(s) 'ingestion_postgres_tmdb' retrieved from /opt/airflow/dags/ingestion_postgres_dag.py
[2026-03-31T22:26:36.067+0000] {logging_mixin.py:190} INFO - [2026-03-31T22:26:36.067+0000] {dag.py:3239} INFO - Sync 1 DAGs
[2026-03-31T22:26:36.091+0000] {logging_mixin.py:190} INFO - [2026-03-31T22:26:36.091+0000] {dag.py:4180} INFO - Setting next_dagrun for ingestion_postgres_tmdb to 2026-03-02 10:00:00+00:00, run_after=2026-04-06 10:00:00+00:00
[2026-03-31T22:26:36.111+0000] {processor.py:208} INFO - Processing /opt/airflow/dags/ingestion_postgres_dag.py took 0.113 seconds
[2026-03-31T22:27:06.283+0000] {processor.py:186} INFO - Started process (PID=2207) to work on /opt/airflow/dags/ingestion_postgres_dag.py
[2026-03-31T22:27:06.284+0000] {processor.py:914} INFO - Processing file /opt/airflow/dags/ingestion_postgres_dag.py for tasks to queue
[2026-03-31T22:27:06.286+0000] {logging_mixin.py:190} INFO - [2026-03-31T22:27:06.286+0000] {dagbag.py:588} INFO - Filling up the DagBag from /opt/airflow/dags/ingestion_postgres_dag.py
[2026-03-31T22:27:06.307+0000] {processor.py:925} INFO - DAG(s) 'ingestion_postgres_tmdb' retrieved from /opt/airflow/dags/ingestion_postgres_dag.py
[2026-03-31T22:27:06.335+0000] {logging_mixin.py:190} INFO - [2026-03-31T22:27:06.335+0000] {dag.py:3239} INFO - Sync 1 DAGs
[2026-03-31T22:27:06.361+0000] {logging_mixin.py:190} INFO - [2026-03-31T22:27:06.361+0000] {dag.py:4180} INFO - Setting next_dagrun for ingestion_postgres_tmdb to 2026-03-02 10:00:00+00:00, run_after=2026-04-06 10:00:00+00:00
[2026-03-31T22:27:06.380+0000] {processor.py:208} INFO - Processing /opt/airflow/dags/ingestion_postgres_dag.py took 0.105 seconds
[2026-03-31T22:27:36.470+0000] {processor.py:186} INFO - Started process (PID=2217) to work on /opt/airflow/dags/ingestion_postgres_dag.py
[2026-03-31T22:27:36.471+0000] {processor.py:914} INFO - Processing file /opt/airflow/dags/ingestion_postgres_dag.py for tasks to queue
[2026-03-31T22:27:36.474+0000] {logging_mixin.py:190} INFO - [2026-03-31T22:27:36.474+0000] {dagbag.py:588} INFO - Filling up the DagBag from /opt/airflow/dags/ingestion_postgres_dag.py
[2026-03-31T22:27:36.495+0000] {processor.py:925} INFO - DAG(s) 'ingestion_postgres_tmdb' retrieved from /opt/airflow/dags/ingestion_postgres_dag.py
[2026-03-31T22:27:36.525+0000] {logging_mixin.py:190} INFO - [2026-03-31T22:27:36.525+0000] {dag.py:3239} INFO - Sync 1 DAGs
[2026-03-31T22:27:36.548+0000] {logging_mixin.py:190} INFO - [2026-03-31T22:27:36.548+0000] {dag.py:4180} INFO - Setting next_dagrun for ingestion_postgres_tmdb to 2026-03-02 10:00:00+00:00, run_after=2026-04-06 10:00:00+00:00
[2026-03-31T22:27:36.569+0000] {processor.py:208} INFO - Processing /opt/airflow/dags/ingestion_postgres_dag.py took 0.106 seconds
[2026-03-31T22:28:02.899+0000] {processor.py:186} INFO - Started process (PID=2227) to work on /opt/airflow/dags/ingestion_postgres_dag.py
[2026-03-31T22:28:02.900+0000] {processor.py:914} INFO - Processing file /opt/airflow/dags/ingestion_postgres_dag.py for tasks to queue
[2026-03-31T22:28:02.903+0000] {logging_mixin.py:190} INFO - [2026-03-31T22:28:02.902+0000] {dagbag.py:588} INFO - Filling up the DagBag from /opt/airflow/dags/ingestion_postgres_dag.py
[2026-03-31T22:28:02.933+0000] {processor.py:925} INFO - DAG(s) 'ingestion_postgres_tmdb' retrieved from /opt/airflow/dags/ingestion_postgres_dag.py
[2026-03-31T22:28:02.968+0000] {logging_mixin.py:190} INFO - [2026-03-31T22:28:02.968+0000] {dag.py:3239} INFO - Sync 1 DAGs
[2026-03-31T22:28:02.992+0000] {logging_mixin.py:190} INFO - [2026-03-31T22:28:02.991+0000] {dag.py:4180} INFO - Setting next_dagrun for ingestion_postgres_tmdb to 2026-03-02 10:00:00+00:00, run_after=2026-04-06 10:00:00+00:00
[2026-03-31T22:28:03.015+0000] {processor.py:208} INFO - Processing /opt/airflow/dags/ingestion_postgres_dag.py took 0.122 seconds
[2026-03-31T22:28:33.312+0000] {processor.py:186} INFO - Started process (PID=2237) to work on /opt/airflow/dags/ingestion_postgres_dag.py
[2026-03-31T22:28:33.313+0000] {processor.py:914} INFO - Processing file /opt/airflow/dags/ingestion_postgres_dag.py for tasks to queue
[2026-03-31T22:28:33.315+0000] {logging_mixin.py:190} INFO - [2026-03-31T22:28:33.315+0000] {dagbag.py:588} INFO - Filling up the DagBag from /opt/airflow/dags/ingestion_postgres_dag.py
[2026-03-31T22:28:33.341+0000] {processor.py:925} INFO - DAG(s) 'ingestion_postgres_tmdb' retrieved from /opt/airflow/dags/ingestion_postgres_dag.py
[2026-03-31T22:28:33.376+0000] {logging_mixin.py:190} INFO - [2026-03-31T22:28:33.376+0000] {dag.py:3239} INFO - Sync 1 DAGs
[2026-03-31T22:28:33.402+0000] {logging_mixin.py:190} INFO - [2026-03-31T22:28:33.402+0000] {dag.py:4180} INFO - Setting next_dagrun for ingestion_postgres_tmdb to 2026-03-02 10:00:00+00:00, run_after=2026-04-06 10:00:00+00:00
[2026-03-31T22:28:33.423+0000] {processor.py:208} INFO - Processing /opt/airflow/dags/ingestion_postgres_dag.py took 0.119 seconds
[2026-03-31T22:29:03.712+0000] {processor.py:186} INFO - Started process (PID=2247) to work on /opt/airflow/dags/ingestion_postgres_dag.py
[2026-03-31T22:29:03.713+0000] {processor.py:914} INFO - Processing file /opt/airflow/dags/ingestion_postgres_dag.py for tasks to queue
[2026-03-31T22:29:03.715+0000] {logging_mixin.py:190} INFO - [2026-03-31T22:29:03.715+0000] {dagbag.py:588} INFO - Filling up the DagBag from /opt/airflow/dags/ingestion_postgres_dag.py
[2026-03-31T22:29:03.732+0000] {processor.py:925} INFO - DAG(s) 'ingestion_postgres_tmdb' retrieved from /opt/airflow/dags/ingestion_postgres_dag.py
[2026-03-31T22:29:03.761+0000] {logging_mixin.py:190} INFO - [2026-03-31T22:29:03.761+0000] {dag.py:3239} INFO - Sync 1 DAGs
[2026-03-31T22:29:03.787+0000] {logging_mixin.py:190} INFO - [2026-03-31T22:29:03.787+0000] {dag.py:4180} INFO - Setting next_dagrun for ingestion_postgres_tmdb to 2026-03-02 10:00:00+00:00, run_after=2026-04-06 10:00:00+00:00
[2026-03-31T22:29:03.808+0000] {processor.py:208} INFO - Processing /opt/airflow/dags/ingestion_postgres_dag.py took 0.103 seconds
[2026-03-31T22:29:34.073+0000] {processor.py:186} INFO - Started process (PID=2257) to work on /opt/airflow/dags/ingestion_postgres_dag.py
[2026-03-31T22:29:34.074+0000] {processor.py:914} INFO - Processing file /opt/airflow/dags/ingestion_postgres_dag.py for tasks to queue
[2026-03-31T22:29:34.077+0000] {logging_mixin.py:190} INFO - [2026-03-31T22:29:34.076+0000] {dagbag.py:588} INFO - Filling up the DagBag from /opt/airflow/dags/ingestion_postgres_dag.py
[2026-03-31T22:29:34.109+0000] {processor.py:925} INFO - DAG(s) 'ingestion_postgres_tmdb' retrieved from /opt/airflow/dags/ingestion_postgres_dag.py
[2026-03-31T22:29:34.163+0000] {logging_mixin.py:190} INFO - [2026-03-31T22:29:34.163+0000] {dag.py:3239} INFO - Sync 1 DAGs
[2026-03-31T22:29:34.189+0000] {logging_mixin.py:190} INFO - [2026-03-31T22:29:34.189+0000] {dag.py:4180} INFO - Setting next_dagrun for ingestion_postgres_tmdb to 2026-03-02 10:00:00+00:00, run_after=2026-04-06 10:00:00+00:00
[2026-03-31T22:29:34.225+0000] {processor.py:208} INFO - Processing /opt/airflow/dags/ingestion_postgres_dag.py took 0.160 seconds
[2026-03-31T22:30:04.528+0000] {processor.py:186} INFO - Started process (PID=2267) to work on /opt/airflow/dags/ingestion_postgres_dag.py
[2026-03-31T22:30:04.530+0000] {processor.py:914} INFO - Processing file /opt/airflow/dags/ingestion_postgres_dag.py for tasks to queue
[2026-03-31T22:30:04.532+0000] {logging_mixin.py:190} INFO - [2026-03-31T22:30:04.532+0000] {dagbag.py:588} INFO - Filling up the DagBag from /opt/airflow/dags/ingestion_postgres_dag.py
[2026-03-31T22:30:04.559+0000] {processor.py:925} INFO - DAG(s) 'ingestion_postgres_tmdb' retrieved from /opt/airflow/dags/ingestion_postgres_dag.py
[2026-03-31T22:30:04.587+0000] {logging_mixin.py:190} INFO - [2026-03-31T22:30:04.586+0000] {dag.py:3239} INFO - Sync 1 DAGs
[2026-03-31T22:30:04.611+0000] {logging_mixin.py:190} INFO - [2026-03-31T22:30:04.611+0000] {dag.py:4180} INFO - Setting next_dagrun for ingestion_postgres_tmdb to 2026-03-02 10:00:00+00:00, run_after=2026-04-06 10:00:00+00:00
[2026-03-31T22:30:04.648+0000] {processor.py:208} INFO - Processing /opt/airflow/dags/ingestion_postgres_dag.py took 0.127 seconds
[2026-03-31T22:30:34.922+0000] {processor.py:186} INFO - Started process (PID=2277) to work on /opt/airflow/dags/ingestion_postgres_dag.py
[2026-03-31T22:30:34.923+0000] {processor.py:914} INFO - Processing file /opt/airflow/dags/ingestion_postgres_dag.py for tasks to queue
[2026-03-31T22:30:34.925+0000] {logging_mixin.py:190} INFO - [2026-03-31T22:30:34.925+0000] {dagbag.py:588} INFO - Filling up the DagBag from /opt/airflow/dags/ingestion_postgres_dag.py
[2026-03-31T22:30:34.946+0000] {processor.py:925} INFO - DAG(s) 'ingestion_postgres_tmdb' retrieved from /opt/airflow/dags/ingestion_postgres_dag.py
[2026-03-31T22:30:34.978+0000] {logging_mixin.py:190} INFO - [2026-03-31T22:30:34.978+0000] {dag.py:3239} INFO - Sync 1 DAGs
[2026-03-31T22:30:35.003+0000] {logging_mixin.py:190} INFO - [2026-03-31T22:30:35.003+0000] {dag.py:4180} INFO - Setting next_dagrun for ingestion_postgres_tmdb to 2026-03-02 10:00:00+00:00, run_after=2026-04-06 10:00:00+00:00
[2026-03-31T22:30:35.037+0000] {processor.py:208} INFO - Processing /opt/airflow/dags/ingestion_postgres_dag.py took 0.123 seconds
[2026-03-31T22:31:05.206+0000] {processor.py:186} INFO - Started process (PID=2287) to work on /opt/airflow/dags/ingestion_postgres_dag.py
[2026-03-31T22:31:05.207+0000] {processor.py:914} INFO - Processing file /opt/airflow/dags/ingestion_postgres_dag.py for tasks to queue
[2026-03-31T22:31:05.213+0000] {logging_mixin.py:190} INFO - [2026-03-31T22:31:05.212+0000] {dagbag.py:588} INFO - Filling up the DagBag from /opt/airflow/dags/ingestion_postgres_dag.py
[2026-03-31T22:31:05.233+0000] {processor.py:925} INFO - DAG(s) 'ingestion_postgres_tmdb' retrieved from /opt/airflow/dags/ingestion_postgres_dag.py
[2026-03-31T22:31:05.262+0000] {logging_mixin.py:190} INFO - [2026-03-31T22:31:05.262+0000] {dag.py:3239} INFO - Sync 1 DAGs
[2026-03-31T22:31:05.287+0000] {logging_mixin.py:190} INFO - [2026-03-31T22:31:05.287+0000] {dag.py:4180} INFO - Setting next_dagrun for ingestion_postgres_tmdb to 2026-03-02 10:00:00+00:00, run_after=2026-04-06 10:00:00+00:00
[2026-03-31T22:31:05.311+0000] {processor.py:208} INFO - Processing /opt/airflow/dags/ingestion_postgres_dag.py took 0.115 seconds
[2026-03-31T22:31:35.615+0000] {processor.py:186} INFO - Started process (PID=2297) to work on /opt/airflow/dags/ingestion_postgres_dag.py
[2026-03-31T22:31:35.616+0000] {processor.py:914} INFO - Processing file /opt/airflow/dags/ingestion_postgres_dag.py for tasks to queue
[2026-03-31T22:31:35.619+0000] {logging_mixin.py:190} INFO - [2026-03-31T22:31:35.619+0000] {dagbag.py:588} INFO - Filling up the DagBag from /opt/airflow/dags/ingestion_postgres_dag.py
[2026-03-31T22:31:35.646+0000] {processor.py:925} INFO - DAG(s) 'ingestion_postgres_tmdb' retrieved from /opt/airflow/dags/ingestion_postgres_dag.py
[2026-03-31T22:31:35.677+0000] {logging_mixin.py:190} INFO - [2026-03-31T22:31:35.675+0000] {dag.py:3239} INFO - Sync 1 DAGs
[2026-03-31T22:31:35.702+0000] {logging_mixin.py:190} INFO - [2026-03-31T22:31:35.701+0000] {dag.py:4180} INFO - Setting next_dagrun for ingestion_postgres_tmdb to 2026-03-02 10:00:00+00:00, run_after=2026-04-06 10:00:00+00:00
[2026-03-31T22:31:35.727+0000] {processor.py:208} INFO - Processing /opt/airflow/dags/ingestion_postgres_dag.py took 0.118 seconds
[2026-03-31T22:32:06.025+0000] {processor.py:186} INFO - Started process (PID=2307) to work on /opt/airflow/dags/ingestion_postgres_dag.py
[2026-03-31T22:32:06.026+0000] {processor.py:914} INFO - Processing file /opt/airflow/dags/ingestion_postgres_dag.py for tasks to queue
[2026-03-31T22:32:06.028+0000] {logging_mixin.py:190} INFO - [2026-03-31T22:32:06.028+0000] {dagbag.py:588} INFO - Filling up the DagBag from /opt/airflow/dags/ingestion_postgres_dag.py
[2026-03-31T22:32:06.047+0000] {processor.py:925} INFO - DAG(s) 'ingestion_postgres_tmdb' retrieved from /opt/airflow/dags/ingestion_postgres_dag.py
[2026-03-31T22:32:06.075+0000] {logging_mixin.py:190} INFO - [2026-03-31T22:32:06.075+0000] {dag.py:3239} INFO - Sync 1 DAGs
[2026-03-31T22:32:06.097+0000] {logging_mixin.py:190} INFO - [2026-03-31T22:32:06.097+0000] {dag.py:4180} INFO - Setting next_dagrun for ingestion_postgres_tmdb to 2026-03-02 10:00:00+00:00, run_after=2026-04-06 10:00:00+00:00
[2026-03-31T22:32:06.114+0000] {processor.py:208} INFO - Processing /opt/airflow/dags/ingestion_postgres_dag.py took 0.095 seconds
[2026-03-31T22:32:36.190+0000] {processor.py:186} INFO - Started process (PID=2317) to work on /opt/airflow/dags/ingestion_postgres_dag.py
[2026-03-31T22:32:36.192+0000] {processor.py:914} INFO - Processing file /opt/airflow/dags/ingestion_postgres_dag.py for tasks to queue
[2026-03-31T22:32:36.194+0000] {logging_mixin.py:190} INFO - [2026-03-31T22:32:36.193+0000] {dagbag.py:588} INFO - Filling up the DagBag from /opt/airflow/dags/ingestion_postgres_dag.py
[2026-03-31T22:32:36.212+0000] {processor.py:925} INFO - DAG(s) 'ingestion_postgres_tmdb' retrieved from /opt/airflow/dags/ingestion_postgres_dag.py
[2026-03-31T22:32:36.240+0000] {logging_mixin.py:190} INFO - [2026-03-31T22:32:36.239+0000] {dag.py:3239} INFO - Sync 1 DAGs
[2026-03-31T22:32:36.263+0000] {logging_mixin.py:190} INFO - [2026-03-31T22:32:36.263+0000] {dag.py:4180} INFO - Setting next_dagrun for ingestion_postgres_tmdb to 2026-03-02 10:00:00+00:00, run_after=2026-04-06 10:00:00+00:00
[2026-03-31T22:32:36.284+0000] {processor.py:208} INFO - Processing /opt/airflow/dags/ingestion_postgres_dag.py took 0.102 seconds
[2026-03-31T22:33:06.636+0000] {processor.py:186} INFO - Started process (PID=2327) to work on /opt/airflow/dags/ingestion_postgres_dag.py
[2026-03-31T22:33:06.637+0000] {processor.py:914} INFO - Processing file /opt/airflow/dags/ingestion_postgres_dag.py for tasks to queue
[2026-03-31T22:33:06.640+0000] {logging_mixin.py:190} INFO - [2026-03-31T22:33:06.640+0000] {dagbag.py:588} INFO - Filling up the DagBag from /opt/airflow/dags/ingestion_postgres_dag.py
[2026-03-31T22:33:06.664+0000] {processor.py:925} INFO - DAG(s) 'ingestion_postgres_tmdb' retrieved from /opt/airflow/dags/ingestion_postgres_dag.py
[2026-03-31T22:33:06.697+0000] {logging_mixin.py:190} INFO - [2026-03-31T22:33:06.697+0000] {dag.py:3239} INFO - Sync 1 DAGs
[2026-03-31T22:33:06.726+0000] {logging_mixin.py:190} INFO - [2026-03-31T22:33:06.725+0000] {dag.py:4180} INFO - Setting next_dagrun for ingestion_postgres_tmdb to 2026-03-02 10:00:00+00:00, run_after=2026-04-06 10:00:00+00:00
[2026-03-31T22:33:06.767+0000] {processor.py:208} INFO - Processing /opt/airflow/dags/ingestion_postgres_dag.py took 0.138 seconds
[2026-03-31T22:33:36.936+0000] {processor.py:186} INFO - Started process (PID=2337) to work on /opt/airflow/dags/ingestion_postgres_dag.py
[2026-03-31T22:33:36.937+0000] {processor.py:914} INFO - Processing file /opt/airflow/dags/ingestion_postgres_dag.py for tasks to queue
[2026-03-31T22:33:36.940+0000] {logging_mixin.py:190} INFO - [2026-03-31T22:33:36.939+0000] {dagbag.py:588} INFO - Filling up the DagBag from /opt/airflow/dags/ingestion_postgres_dag.py
[2026-03-31T22:33:36.958+0000] {processor.py:925} INFO - DAG(s) 'ingestion_postgres_tmdb' retrieved from /opt/airflow/dags/ingestion_postgres_dag.py
[2026-03-31T22:33:36.985+0000] {logging_mixin.py:190} INFO - [2026-03-31T22:33:36.985+0000] {dag.py:3239} INFO - Sync 1 DAGs
[2026-03-31T22:33:37.007+0000] {logging_mixin.py:190} INFO - [2026-03-31T22:33:37.006+0000] {dag.py:4180} INFO - Setting next_dagrun for ingestion_postgres_tmdb to 2026-03-02 10:00:00+00:00, run_after=2026-04-06 10:00:00+00:00
[2026-03-31T22:33:37.024+0000] {processor.py:208} INFO - Processing /opt/airflow/dags/ingestion_postgres_dag.py took 0.094 seconds
[2026-03-31T22:34:07.190+0000] {processor.py:186} INFO - Started process (PID=2347) to work on /opt/airflow/dags/ingestion_postgres_dag.py
[2026-03-31T22:34:07.191+0000] {processor.py:914} INFO - Processing file /opt/airflow/dags/ingestion_postgres_dag.py for tasks to queue
[2026-03-31T22:34:07.194+0000] {logging_mixin.py:190} INFO - [2026-03-31T22:34:07.193+0000] {dagbag.py:588} INFO - Filling up the DagBag from /opt/airflow/dags/ingestion_postgres_dag.py
[2026-03-31T22:34:07.213+0000] {processor.py:925} INFO - DAG(s) 'ingestion_postgres_tmdb' retrieved from /opt/airflow/dags/ingestion_postgres_dag.py
[2026-03-31T22:34:07.241+0000] {logging_mixin.py:190} INFO - [2026-03-31T22:34:07.241+0000] {dag.py:3239} INFO - Sync 1 DAGs
[2026-03-31T22:34:07.267+0000] {logging_mixin.py:190} INFO - [2026-03-31T22:34:07.266+0000] {dag.py:4180} INFO - Setting next_dagrun for ingestion_postgres_tmdb to 2026-03-02 10:00:00+00:00, run_after=2026-04-06 10:00:00+00:00
[2026-03-31T22:34:07.286+0000] {processor.py:208} INFO - Processing /opt/airflow/dags/ingestion_postgres_dag.py took 0.102 seconds
[2026-03-31T22:34:37.634+0000] {processor.py:186} INFO - Started process (PID=2357) to work on /opt/airflow/dags/ingestion_postgres_dag.py
[2026-03-31T22:34:37.635+0000] {processor.py:914} INFO - Processing file /opt/airflow/dags/ingestion_postgres_dag.py for tasks to queue
[2026-03-31T22:34:37.637+0000] {logging_mixin.py:190} INFO - [2026-03-31T22:34:37.637+0000] {dagbag.py:588} INFO - Filling up the DagBag from /opt/airflow/dags/ingestion_postgres_dag.py
[2026-03-31T22:34:37.653+0000] {processor.py:925} INFO - DAG(s) 'ingestion_postgres_tmdb' retrieved from /opt/airflow/dags/ingestion_postgres_dag.py
[2026-03-31T22:34:37.684+0000] {logging_mixin.py:190} INFO - [2026-03-31T22:34:37.683+0000] {dag.py:3239} INFO - Sync 1 DAGs
[2026-03-31T22:34:37.708+0000] {logging_mixin.py:190} INFO - [2026-03-31T22:34:37.708+0000] {dag.py:4180} INFO - Setting next_dagrun for ingestion_postgres_tmdb to 2026-03-02 10:00:00+00:00, run_after=2026-04-06 10:00:00+00:00
[2026-03-31T22:34:37.728+0000] {processor.py:208} INFO - Processing /opt/airflow/dags/ingestion_postgres_dag.py took 0.101 seconds
[2026-03-31T22:35:07.955+0000] {processor.py:186} INFO - Started process (PID=2367) to work on /opt/airflow/dags/ingestion_postgres_dag.py
[2026-03-31T22:35:07.956+0000] {processor.py:914} INFO - Processing file /opt/airflow/dags/ingestion_postgres_dag.py for tasks to queue
[2026-03-31T22:35:07.958+0000] {logging_mixin.py:190} INFO - [2026-03-31T22:35:07.958+0000] {dagbag.py:588} INFO - Filling up the DagBag from /opt/airflow/dags/ingestion_postgres_dag.py
[2026-03-31T22:35:07.976+0000] {processor.py:925} INFO - DAG(s) 'ingestion_postgres_tmdb' retrieved from /opt/airflow/dags/ingestion_postgres_dag.py
[2026-03-31T22:35:08.008+0000] {logging_mixin.py:190} INFO - [2026-03-31T22:35:08.008+0000] {dag.py:3239} INFO - Sync 1 DAGs
[2026-03-31T22:35:08.033+0000] {logging_mixin.py:190} INFO - [2026-03-31T22:35:08.033+0000] {dag.py:4180} INFO - Setting next_dagrun for ingestion_postgres_tmdb to 2026-03-02 10:00:00+00:00, run_after=2026-04-06 10:00:00+00:00
[2026-03-31T22:35:08.054+0000] {processor.py:208} INFO - Processing /opt/airflow/dags/ingestion_postgres_dag.py took 0.108 seconds
[2026-03-31T22:35:38.247+0000] {processor.py:186} INFO - Started process (PID=2377) to work on /opt/airflow/dags/ingestion_postgres_dag.py
[2026-03-31T22:35:38.249+0000] {processor.py:914} INFO - Processing file /opt/airflow/dags/ingestion_postgres_dag.py for tasks to queue
[2026-03-31T22:35:38.252+0000] {logging_mixin.py:190} INFO - [2026-03-31T22:35:38.252+0000] {dagbag.py:588} INFO - Filling up the DagBag from /opt/airflow/dags/ingestion_postgres_dag.py
[2026-03-31T22:35:38.277+0000] {processor.py:925} INFO - DAG(s) 'ingestion_postgres_tmdb' retrieved from /opt/airflow/dags/ingestion_postgres_dag.py
[2026-03-31T22:35:38.323+0000] {logging_mixin.py:190} INFO - [2026-03-31T22:35:38.323+0000] {dag.py:3239} INFO - Sync 1 DAGs
[2026-03-31T22:35:38.353+0000] {logging_mixin.py:190} INFO - [2026-03-31T22:35:38.353+0000] {dag.py:4180} INFO - Setting next_dagrun for ingestion_postgres_tmdb to 2026-03-02 10:00:00+00:00, run_after=2026-04-06 10:00:00+00:00
[2026-03-31T22:35:38.391+0000] {processor.py:208} INFO - Processing /opt/airflow/dags/ingestion_postgres_dag.py took 0.157 seconds
[2026-03-31T22:36:08.687+0000] {processor.py:186} INFO - Started process (PID=2387) to work on /opt/airflow/dags/ingestion_postgres_dag.py
[2026-03-31T22:36:08.689+0000] {processor.py:914} INFO - Processing file /opt/airflow/dags/ingestion_postgres_dag.py for tasks to queue
[2026-03-31T22:36:08.691+0000] {logging_mixin.py:190} INFO - [2026-03-31T22:36:08.691+0000] {dagbag.py:588} INFO - Filling up the DagBag from /opt/airflow/dags/ingestion_postgres_dag.py
[2026-03-31T22:36:08.715+0000] {processor.py:925} INFO - DAG(s) 'ingestion_postgres_tmdb' retrieved from /opt/airflow/dags/ingestion_postgres_dag.py
[2026-03-31T22:36:08.747+0000] {logging_mixin.py:190} INFO - [2026-03-31T22:36:08.746+0000] {dag.py:3239} INFO - Sync 1 DAGs
[2026-03-31T22:36:08.771+0000] {logging_mixin.py:190} INFO - [2026-03-31T22:36:08.771+0000] {dag.py:4180} INFO - Setting next_dagrun for ingestion_postgres_tmdb to 2026-03-02 10:00:00+00:00, run_after=2026-04-06 10:00:00+00:00
[2026-03-31T22:36:08.795+0000] {processor.py:208} INFO - Processing /opt/airflow/dags/ingestion_postgres_dag.py took 0.115 seconds
[2026-03-31T22:36:38.959+0000] {processor.py:186} INFO - Started process (PID=2397) to work on /opt/airflow/dags/ingestion_postgres_dag.py
[2026-03-31T22:36:38.960+0000] {processor.py:914} INFO - Processing file /opt/airflow/dags/ingestion_postgres_dag.py for tasks to queue
[2026-03-31T22:36:38.966+0000] {logging_mixin.py:190} INFO - [2026-03-31T22:36:38.966+0000] {dagbag.py:588} INFO - Filling up the DagBag from /opt/airflow/dags/ingestion_postgres_dag.py
[2026-03-31T22:36:38.992+0000] {processor.py:925} INFO - DAG(s) 'ingestion_postgres_tmdb' retrieved from /opt/airflow/dags/ingestion_postgres_dag.py
[2026-03-31T22:36:39.026+0000] {logging_mixin.py:190} INFO - [2026-03-31T22:36:39.026+0000] {dag.py:3239} INFO - Sync 1 DAGs
[2026-03-31T22:36:39.051+0000] {logging_mixin.py:190} INFO - [2026-03-31T22:36:39.050+0000] {dag.py:4180} INFO - Setting next_dagrun for ingestion_postgres_tmdb to 2026-03-02 10:00:00+00:00, run_after=2026-04-06 10:00:00+00:00
[2026-03-31T22:36:39.073+0000] {processor.py:208} INFO - Processing /opt/airflow/dags/ingestion_postgres_dag.py took 0.123 seconds
[2026-03-31T22:37:09.908+0000] {processor.py:186} INFO - Started process (PID=2407) to work on /opt/airflow/dags/ingestion_postgres_dag.py
[2026-03-31T22:37:09.910+0000] {processor.py:914} INFO - Processing file /opt/airflow/dags/ingestion_postgres_dag.py for tasks to queue
[2026-03-31T22:37:09.913+0000] {logging_mixin.py:190} INFO - [2026-03-31T22:37:09.913+0000] {dagbag.py:588} INFO - Filling up the DagBag from /opt/airflow/dags/ingestion_postgres_dag.py
[2026-03-31T22:37:09.937+0000] {processor.py:925} INFO - DAG(s) 'ingestion_postgres_tmdb' retrieved from /opt/airflow/dags/ingestion_postgres_dag.py
[2026-03-31T22:37:09.972+0000] {logging_mixin.py:190} INFO - [2026-03-31T22:37:09.972+0000] {dag.py:3239} INFO - Sync 1 DAGs
[2026-03-31T22:37:09.998+0000] {logging_mixin.py:190} INFO - [2026-03-31T22:37:09.998+0000] {dag.py:4180} INFO - Setting next_dagrun for ingestion_postgres_tmdb to 2026-03-02 10:00:00+00:00, run_after=2026-04-06 10:00:00+00:00
[2026-03-31T22:37:10.018+0000] {processor.py:208} INFO - Processing /opt/airflow/dags/ingestion_postgres_dag.py took 0.118 seconds
[2026-03-31T22:37:40.337+0000] {processor.py:186} INFO - Started process (PID=2417) to work on /opt/airflow/dags/ingestion_postgres_dag.py
[2026-03-31T22:37:40.338+0000] {processor.py:914} INFO - Processing file /opt/airflow/dags/ingestion_postgres_dag.py for tasks to queue
[2026-03-31T22:37:40.340+0000] {logging_mixin.py:190} INFO - [2026-03-31T22:37:40.340+0000] {dagbag.py:588} INFO - Filling up the DagBag from /opt/airflow/dags/ingestion_postgres_dag.py
[2026-03-31T22:37:40.363+0000] {processor.py:925} INFO - DAG(s) 'ingestion_postgres_tmdb' retrieved from /opt/airflow/dags/ingestion_postgres_dag.py
[2026-03-31T22:37:40.394+0000] {logging_mixin.py:190} INFO - [2026-03-31T22:37:40.394+0000] {dag.py:3239} INFO - Sync 1 DAGs
[2026-03-31T22:37:40.418+0000] {logging_mixin.py:190} INFO - [2026-03-31T22:37:40.418+0000] {dag.py:4180} INFO - Setting next_dagrun for ingestion_postgres_tmdb to 2026-03-02 10:00:00+00:00, run_after=2026-04-06 10:00:00+00:00
[2026-03-31T22:37:40.437+0000] {processor.py:208} INFO - Processing /opt/airflow/dags/ingestion_postgres_dag.py took 0.107 seconds
[2026-03-31T22:38:10.631+0000] {processor.py:186} INFO - Started process (PID=2427) to work on /opt/airflow/dags/ingestion_postgres_dag.py
[2026-03-31T22:38:10.632+0000] {processor.py:914} INFO - Processing file /opt/airflow/dags/ingestion_postgres_dag.py for tasks to queue
[2026-03-31T22:38:10.635+0000] {logging_mixin.py:190} INFO - [2026-03-31T22:38:10.635+0000] {dagbag.py:588} INFO - Filling up the DagBag from /opt/airflow/dags/ingestion_postgres_dag.py
[2026-03-31T22:38:10.660+0000] {processor.py:925} INFO - DAG(s) 'ingestion_postgres_tmdb' retrieved from /opt/airflow/dags/ingestion_postgres_dag.py
[2026-03-31T22:38:10.695+0000] {logging_mixin.py:190} INFO - [2026-03-31T22:38:10.694+0000] {dag.py:3239} INFO - Sync 1 DAGs
[2026-03-31T22:38:10.722+0000] {logging_mixin.py:190} INFO - [2026-03-31T22:38:10.722+0000] {dag.py:4180} INFO - Setting next_dagrun for ingestion_postgres_tmdb to 2026-03-02 10:00:00+00:00, run_after=2026-04-06 10:00:00+00:00
[2026-03-31T22:38:10.745+0000] {processor.py:208} INFO - Processing /opt/airflow/dags/ingestion_postgres_dag.py took 0.122 seconds
[2026-03-31T22:38:41.067+0000] {processor.py:186} INFO - Started process (PID=2437) to work on /opt/airflow/dags/ingestion_postgres_dag.py
[2026-03-31T22:38:41.068+0000] {processor.py:914} INFO - Processing file /opt/airflow/dags/ingestion_postgres_dag.py for tasks to queue
[2026-03-31T22:38:41.071+0000] {logging_mixin.py:190} INFO - [2026-03-31T22:38:41.071+0000] {dagbag.py:588} INFO - Filling up the DagBag from /opt/airflow/dags/ingestion_postgres_dag.py
[2026-03-31T22:38:41.095+0000] {processor.py:925} INFO - DAG(s) 'ingestion_postgres_tmdb' retrieved from /opt/airflow/dags/ingestion_postgres_dag.py
[2026-03-31T22:38:41.125+0000] {logging_mixin.py:190} INFO - [2026-03-31T22:38:41.124+0000] {dag.py:3239} INFO - Sync 1 DAGs
[2026-03-31T22:38:41.150+0000] {logging_mixin.py:190} INFO - [2026-03-31T22:38:41.150+0000] {dag.py:4180} INFO - Setting next_dagrun for ingestion_postgres_tmdb to 2026-03-02 10:00:00+00:00, run_after=2026-04-06 10:00:00+00:00
[2026-03-31T22:38:41.170+0000] {processor.py:208} INFO - Processing /opt/airflow/dags/ingestion_postgres_dag.py took 0.111 seconds
[2026-03-31T22:39:11.343+0000] {processor.py:186} INFO - Started process (PID=2447) to work on /opt/airflow/dags/ingestion_postgres_dag.py
[2026-03-31T22:39:11.344+0000] {processor.py:914} INFO - Processing file /opt/airflow/dags/ingestion_postgres_dag.py for tasks to queue
[2026-03-31T22:39:11.346+0000] {logging_mixin.py:190} INFO - [2026-03-31T22:39:11.346+0000] {dagbag.py:588} INFO - Filling up the DagBag from /opt/airflow/dags/ingestion_postgres_dag.py
[2026-03-31T22:39:11.368+0000] {processor.py:925} INFO - DAG(s) 'ingestion_postgres_tmdb' retrieved from /opt/airflow/dags/ingestion_postgres_dag.py
[2026-03-31T22:39:11.403+0000] {logging_mixin.py:190} INFO - [2026-03-31T22:39:11.402+0000] {dag.py:3239} INFO - Sync 1 DAGs
[2026-03-31T22:39:11.433+0000] {logging_mixin.py:190} INFO - [2026-03-31T22:39:11.432+0000] {dag.py:4180} INFO - Setting next_dagrun for ingestion_postgres_tmdb to 2026-03-02 10:00:00+00:00, run_after=2026-04-06 10:00:00+00:00
[2026-03-31T22:39:11.456+0000] {processor.py:208} INFO - Processing /opt/airflow/dags/ingestion_postgres_dag.py took 0.122 seconds
[2026-03-31T22:39:41.778+0000] {processor.py:186} INFO - Started process (PID=2457) to work on /opt/airflow/dags/ingestion_postgres_dag.py
[2026-03-31T22:39:41.779+0000] {processor.py:914} INFO - Processing file /opt/airflow/dags/ingestion_postgres_dag.py for tasks to queue
[2026-03-31T22:39:41.782+0000] {logging_mixin.py:190} INFO - [2026-03-31T22:39:41.782+0000] {dagbag.py:588} INFO - Filling up the DagBag from /opt/airflow/dags/ingestion_postgres_dag.py
[2026-03-31T22:39:41.802+0000] {processor.py:925} INFO - DAG(s) 'ingestion_postgres_tmdb' retrieved from /opt/airflow/dags/ingestion_postgres_dag.py
[2026-03-31T22:39:41.830+0000] {logging_mixin.py:190} INFO - [2026-03-31T22:39:41.830+0000] {dag.py:3239} INFO - Sync 1 DAGs
[2026-03-31T22:39:41.853+0000] {logging_mixin.py:190} INFO - [2026-03-31T22:39:41.852+0000] {dag.py:4180} INFO - Setting next_dagrun for ingestion_postgres_tmdb to 2026-03-02 10:00:00+00:00, run_after=2026-04-06 10:00:00+00:00
[2026-03-31T22:39:41.873+0000] {processor.py:208} INFO - Processing /opt/airflow/dags/ingestion_postgres_dag.py took 0.103 seconds
[2026-03-31T22:40:12.067+0000] {processor.py:186} INFO - Started process (PID=2467) to work on /opt/airflow/dags/ingestion_postgres_dag.py
[2026-03-31T22:40:12.068+0000] {processor.py:914} INFO - Processing file /opt/airflow/dags/ingestion_postgres_dag.py for tasks to queue
[2026-03-31T22:40:12.071+0000] {logging_mixin.py:190} INFO - [2026-03-31T22:40:12.071+0000] {dagbag.py:588} INFO - Filling up the DagBag from /opt/airflow/dags/ingestion_postgres_dag.py
[2026-03-31T22:40:12.092+0000] {processor.py:925} INFO - DAG(s) 'ingestion_postgres_tmdb' retrieved from /opt/airflow/dags/ingestion_postgres_dag.py
[2026-03-31T22:40:12.125+0000] {logging_mixin.py:190} INFO - [2026-03-31T22:40:12.124+0000] {dag.py:3239} INFO - Sync 1 DAGs
[2026-03-31T22:40:12.149+0000] {logging_mixin.py:190} INFO - [2026-03-31T22:40:12.148+0000] {dag.py:4180} INFO - Setting next_dagrun for ingestion_postgres_tmdb to 2026-03-02 10:00:00+00:00, run_after=2026-04-06 10:00:00+00:00
[2026-03-31T22:40:12.170+0000] {processor.py:208} INFO - Processing /opt/airflow/dags/ingestion_postgres_dag.py took 0.110 seconds
[2026-03-31T22:40:42.461+0000] {processor.py:186} INFO - Started process (PID=2477) to work on /opt/airflow/dags/ingestion_postgres_dag.py
[2026-03-31T22:40:42.463+0000] {processor.py:914} INFO - Processing file /opt/airflow/dags/ingestion_postgres_dag.py for tasks to queue
[2026-03-31T22:40:42.466+0000] {logging_mixin.py:190} INFO - [2026-03-31T22:40:42.465+0000] {dagbag.py:588} INFO - Filling up the DagBag from /opt/airflow/dags/ingestion_postgres_dag.py
[2026-03-31T22:40:42.494+0000] {processor.py:925} INFO - DAG(s) 'ingestion_postgres_tmdb' retrieved from /opt/airflow/dags/ingestion_postgres_dag.py
[2026-03-31T22:40:42.533+0000] {logging_mixin.py:190} INFO - [2026-03-31T22:40:42.533+0000] {dag.py:3239} INFO - Sync 1 DAGs
[2026-03-31T22:40:42.559+0000] {logging_mixin.py:190} INFO - [2026-03-31T22:40:42.558+0000] {dag.py:4180} INFO - Setting next_dagrun for ingestion_postgres_tmdb to 2026-03-02 10:00:00+00:00, run_after=2026-04-06 10:00:00+00:00
[2026-03-31T22:40:42.587+0000] {processor.py:208} INFO - Processing /opt/airflow/dags/ingestion_postgres_dag.py took 0.133 seconds
[2026-03-31T22:41:12.740+0000] {processor.py:186} INFO - Started process (PID=2487) to work on /opt/airflow/dags/ingestion_postgres_dag.py
[2026-03-31T22:41:12.741+0000] {processor.py:914} INFO - Processing file /opt/airflow/dags/ingestion_postgres_dag.py for tasks to queue
[2026-03-31T22:41:12.744+0000] {logging_mixin.py:190} INFO - [2026-03-31T22:41:12.744+0000] {dagbag.py:588} INFO - Filling up the DagBag from /opt/airflow/dags/ingestion_postgres_dag.py
[2026-03-31T22:41:12.765+0000] {processor.py:925} INFO - DAG(s) 'ingestion_postgres_tmdb' retrieved from /opt/airflow/dags/ingestion_postgres_dag.py
[2026-03-31T22:41:12.796+0000] {logging_mixin.py:190} INFO - [2026-03-31T22:41:12.796+0000] {dag.py:3239} INFO - Sync 1 DAGs
[2026-03-31T22:41:12.823+0000] {logging_mixin.py:190} INFO - [2026-03-31T22:41:12.823+0000] {dag.py:4180} INFO - Setting next_dagrun for ingestion_postgres_tmdb to 2026-03-02 10:00:00+00:00, run_after=2026-04-06 10:00:00+00:00
[2026-03-31T22:41:12.846+0000] {processor.py:208} INFO - Processing /opt/airflow/dags/ingestion_postgres_dag.py took 0.114 seconds
[2026-03-31T22:41:43.019+0000] {processor.py:186} INFO - Started process (PID=2497) to work on /opt/airflow/dags/ingestion_postgres_dag.py
[2026-03-31T22:41:43.020+0000] {processor.py:914} INFO - Processing file /opt/airflow/dags/ingestion_postgres_dag.py for tasks to queue
[2026-03-31T22:41:43.022+0000] {logging_mixin.py:190} INFO - [2026-03-31T22:41:43.022+0000] {dagbag.py:588} INFO - Filling up the DagBag from /opt/airflow/dags/ingestion_postgres_dag.py
[2026-03-31T22:41:43.045+0000] {processor.py:925} INFO - DAG(s) 'ingestion_postgres_tmdb' retrieved from /opt/airflow/dags/ingestion_postgres_dag.py
[2026-03-31T22:41:43.077+0000] {logging_mixin.py:190} INFO - [2026-03-31T22:41:43.076+0000] {dag.py:3239} INFO - Sync 1 DAGs
[2026-03-31T22:41:43.102+0000] {logging_mixin.py:190} INFO - [2026-03-31T22:41:43.102+0000] {dag.py:4180} INFO - Setting next_dagrun for ingestion_postgres_tmdb to 2026-03-02 10:00:00+00:00, run_after=2026-04-06 10:00:00+00:00
[2026-03-31T22:41:43.124+0000] {processor.py:208} INFO - Processing /opt/airflow/dags/ingestion_postgres_dag.py took 0.113 seconds
[2026-03-31T22:42:13.522+0000] {processor.py:186} INFO - Started process (PID=2507) to work on /opt/airflow/dags/ingestion_postgres_dag.py
[2026-03-31T22:42:13.523+0000] {processor.py:914} INFO - Processing file /opt/airflow/dags/ingestion_postgres_dag.py for tasks to queue
[2026-03-31T22:42:13.527+0000] {logging_mixin.py:190} INFO - [2026-03-31T22:42:13.527+0000] {dagbag.py:588} INFO - Filling up the DagBag from /opt/airflow/dags/ingestion_postgres_dag.py
[2026-03-31T22:42:13.550+0000] {processor.py:925} INFO - DAG(s) 'ingestion_postgres_tmdb' retrieved from /opt/airflow/dags/ingestion_postgres_dag.py
[2026-03-31T22:42:13.585+0000] {logging_mixin.py:190} INFO - [2026-03-31T22:42:13.585+0000] {dag.py:3239} INFO - Sync 1 DAGs
[2026-03-31T22:42:13.616+0000] {logging_mixin.py:190} INFO - [2026-03-31T22:42:13.616+0000] {dag.py:4180} INFO - Setting next_dagrun for ingestion_postgres_tmdb to 2026-03-02 10:00:00+00:00, run_after=2026-04-06 10:00:00+00:00
[2026-03-31T22:42:13.644+0000] {processor.py:208} INFO - Processing /opt/airflow/dags/ingestion_postgres_dag.py took 0.130 seconds
[2026-03-31T22:42:43.948+0000] {processor.py:186} INFO - Started process (PID=2517) to work on /opt/airflow/dags/ingestion_postgres_dag.py
[2026-03-31T22:42:43.949+0000] {processor.py:914} INFO - Processing file /opt/airflow/dags/ingestion_postgres_dag.py for tasks to queue
[2026-03-31T22:42:43.952+0000] {logging_mixin.py:190} INFO - [2026-03-31T22:42:43.951+0000] {dagbag.py:588} INFO - Filling up the DagBag from /opt/airflow/dags/ingestion_postgres_dag.py
[2026-03-31T22:42:43.978+0000] {processor.py:925} INFO - DAG(s) 'ingestion_postgres_tmdb' retrieved from /opt/airflow/dags/ingestion_postgres_dag.py
[2026-03-31T22:42:44.007+0000] {logging_mixin.py:190} INFO - [2026-03-31T22:42:44.006+0000] {dag.py:3239} INFO - Sync 1 DAGs
[2026-03-31T22:42:44.029+0000] {logging_mixin.py:190} INFO - [2026-03-31T22:42:44.029+0000] {dag.py:4180} INFO - Setting next_dagrun for ingestion_postgres_tmdb to 2026-03-02 10:00:00+00:00, run_after=2026-04-06 10:00:00+00:00
[2026-03-31T22:42:44.054+0000] {processor.py:208} INFO - Processing /opt/airflow/dags/ingestion_postgres_dag.py took 0.113 seconds
[2026-03-31T22:43:14.372+0000] {processor.py:186} INFO - Started process (PID=2527) to work on /opt/airflow/dags/ingestion_postgres_dag.py
[2026-03-31T22:43:14.373+0000] {processor.py:914} INFO - Processing file /opt/airflow/dags/ingestion_postgres_dag.py for tasks to queue
[2026-03-31T22:43:14.377+0000] {logging_mixin.py:190} INFO - [2026-03-31T22:43:14.376+0000] {dagbag.py:588} INFO - Filling up the DagBag from /opt/airflow/dags/ingestion_postgres_dag.py
[2026-03-31T22:43:14.405+0000] {processor.py:925} INFO - DAG(s) 'ingestion_postgres_tmdb' retrieved from /opt/airflow/dags/ingestion_postgres_dag.py
[2026-03-31T22:43:14.434+0000] {logging_mixin.py:190} INFO - [2026-03-31T22:43:14.433+0000] {dag.py:3239} INFO - Sync 1 DAGs
[2026-03-31T22:43:14.458+0000] {logging_mixin.py:190} INFO - [2026-03-31T22:43:14.458+0000] {dag.py:4180} INFO - Setting next_dagrun for ingestion_postgres_tmdb to 2026-03-02 10:00:00+00:00, run_after=2026-04-06 10:00:00+00:00
[2026-03-31T22:43:14.478+0000] {processor.py:208} INFO - Processing /opt/airflow/dags/ingestion_postgres_dag.py took 0.119 seconds
[2026-03-31T22:43:44.650+0000] {processor.py:186} INFO - Started process (PID=2537) to work on /opt/airflow/dags/ingestion_postgres_dag.py
[2026-03-31T22:43:44.651+0000] {processor.py:914} INFO - Processing file /opt/airflow/dags/ingestion_postgres_dag.py for tasks to queue
[2026-03-31T22:43:44.654+0000] {logging_mixin.py:190} INFO - [2026-03-31T22:43:44.654+0000] {dagbag.py:588} INFO - Filling up the DagBag from /opt/airflow/dags/ingestion_postgres_dag.py
[2026-03-31T22:43:44.682+0000] {processor.py:925} INFO - DAG(s) 'ingestion_postgres_tmdb' retrieved from /opt/airflow/dags/ingestion_postgres_dag.py
[2026-03-31T22:43:44.713+0000] {logging_mixin.py:190} INFO - [2026-03-31T22:43:44.713+0000] {dag.py:3239} INFO - Sync 1 DAGs
[2026-03-31T22:43:44.739+0000] {logging_mixin.py:190} INFO - [2026-03-31T22:43:44.738+0000] {dag.py:4180} INFO - Setting next_dagrun for ingestion_postgres_tmdb to 2026-03-02 10:00:00+00:00, run_after=2026-04-06 10:00:00+00:00
[2026-03-31T22:43:44.762+0000] {processor.py:208} INFO - Processing /opt/airflow/dags/ingestion_postgres_dag.py took 0.120 seconds
[2026-03-31T22:44:15.552+0000] {processor.py:186} INFO - Started process (PID=2547) to work on /opt/airflow/dags/ingestion_postgres_dag.py
[2026-03-31T22:44:15.553+0000] {processor.py:914} INFO - Processing file /opt/airflow/dags/ingestion_postgres_dag.py for tasks to queue
[2026-03-31T22:44:15.555+0000] {logging_mixin.py:190} INFO - [2026-03-31T22:44:15.555+0000] {dagbag.py:588} INFO - Filling up the DagBag from /opt/airflow/dags/ingestion_postgres_dag.py
[2026-03-31T22:44:15.575+0000] {processor.py:925} INFO - DAG(s) 'ingestion_postgres_tmdb' retrieved from /opt/airflow/dags/ingestion_postgres_dag.py
[2026-03-31T22:44:15.607+0000] {logging_mixin.py:190} INFO - [2026-03-31T22:44:15.606+0000] {dag.py:3239} INFO - Sync 1 DAGs
[2026-03-31T22:44:15.633+0000] {logging_mixin.py:190} INFO - [2026-03-31T22:44:15.633+0000] {dag.py:4180} INFO - Setting next_dagrun for ingestion_postgres_tmdb to 2026-03-02 10:00:00+00:00, run_after=2026-04-06 10:00:00+00:00
[2026-03-31T22:44:15.652+0000] {processor.py:208} INFO - Processing /opt/airflow/dags/ingestion_postgres_dag.py took 0.106 seconds
[2026-03-31T22:44:45.986+0000] {processor.py:186} INFO - Started process (PID=2557) to work on /opt/airflow/dags/ingestion_postgres_dag.py
[2026-03-31T22:44:45.987+0000] {processor.py:914} INFO - Processing file /opt/airflow/dags/ingestion_postgres_dag.py for tasks to queue
[2026-03-31T22:44:45.990+0000] {logging_mixin.py:190} INFO - [2026-03-31T22:44:45.990+0000] {dagbag.py:588} INFO - Filling up the DagBag from /opt/airflow/dags/ingestion_postgres_dag.py
[2026-03-31T22:44:46.013+0000] {processor.py:925} INFO - DAG(s) 'ingestion_postgres_tmdb' retrieved from /opt/airflow/dags/ingestion_postgres_dag.py
[2026-03-31T22:44:46.055+0000] {logging_mixin.py:190} INFO - [2026-03-31T22:44:46.055+0000] {dag.py:3239} INFO - Sync 1 DAGs
[2026-03-31T22:44:46.084+0000] {logging_mixin.py:190} INFO - [2026-03-31T22:44:46.083+0000] {dag.py:4180} INFO - Setting next_dagrun for ingestion_postgres_tmdb to 2026-03-02 10:00:00+00:00, run_after=2026-04-06 10:00:00+00:00
[2026-03-31T22:44:46.104+0000] {processor.py:208} INFO - Processing /opt/airflow/dags/ingestion_postgres_dag.py took 0.125 seconds
[2026-03-31T22:45:16.254+0000] {processor.py:186} INFO - Started process (PID=2567) to work on /opt/airflow/dags/ingestion_postgres_dag.py
[2026-03-31T22:45:16.255+0000] {processor.py:914} INFO - Processing file /opt/airflow/dags/ingestion_postgres_dag.py for tasks to queue
[2026-03-31T22:45:16.257+0000] {logging_mixin.py:190} INFO - [2026-03-31T22:45:16.257+0000] {dagbag.py:588} INFO - Filling up the DagBag from /opt/airflow/dags/ingestion_postgres_dag.py
[2026-03-31T22:45:16.278+0000] {processor.py:925} INFO - DAG(s) 'ingestion_postgres_tmdb' retrieved from /opt/airflow/dags/ingestion_postgres_dag.py
[2026-03-31T22:45:16.311+0000] {logging_mixin.py:190} INFO - [2026-03-31T22:45:16.311+0000] {dag.py:3239} INFO - Sync 1 DAGs
[2026-03-31T22:45:16.335+0000] {logging_mixin.py:190} INFO - [2026-03-31T22:45:16.335+0000] {dag.py:4180} INFO - Setting next_dagrun for ingestion_postgres_tmdb to 2026-03-02 10:00:00+00:00, run_after=2026-04-06 10:00:00+00:00
[2026-03-31T22:45:16.354+0000] {processor.py:208} INFO - Processing /opt/airflow/dags/ingestion_postgres_dag.py took 0.107 seconds
[2026-03-31T22:45:46.500+0000] {processor.py:186} INFO - Started process (PID=2577) to work on /opt/airflow/dags/ingestion_postgres_dag.py
[2026-03-31T22:45:46.501+0000] {processor.py:914} INFO - Processing file /opt/airflow/dags/ingestion_postgres_dag.py for tasks to queue
[2026-03-31T22:45:46.504+0000] {logging_mixin.py:190} INFO - [2026-03-31T22:45:46.504+0000] {dagbag.py:588} INFO - Filling up the DagBag from /opt/airflow/dags/ingestion_postgres_dag.py
[2026-03-31T22:45:46.530+0000] {processor.py:925} INFO - DAG(s) 'ingestion_postgres_tmdb' retrieved from /opt/airflow/dags/ingestion_postgres_dag.py
[2026-03-31T22:45:46.564+0000] {logging_mixin.py:190} INFO - [2026-03-31T22:45:46.563+0000] {dag.py:3239} INFO - Sync 1 DAGs
[2026-03-31T22:45:46.587+0000] {logging_mixin.py:190} INFO - [2026-03-31T22:45:46.587+0000] {dag.py:4180} INFO - Setting next_dagrun for ingestion_postgres_tmdb to 2026-03-02 10:00:00+00:00, run_after=2026-04-06 10:00:00+00:00
[2026-03-31T22:45:46.609+0000] {processor.py:208} INFO - Processing /opt/airflow/dags/ingestion_postgres_dag.py took 0.118 seconds
[2026-03-31T22:46:17.002+0000] {processor.py:186} INFO - Started process (PID=2587) to work on /opt/airflow/dags/ingestion_postgres_dag.py
[2026-03-31T22:46:17.003+0000] {processor.py:914} INFO - Processing file /opt/airflow/dags/ingestion_postgres_dag.py for tasks to queue
[2026-03-31T22:46:17.007+0000] {logging_mixin.py:190} INFO - [2026-03-31T22:46:17.006+0000] {dagbag.py:588} INFO - Filling up the DagBag from /opt/airflow/dags/ingestion_postgres_dag.py
[2026-03-31T22:46:17.025+0000] {processor.py:925} INFO - DAG(s) 'ingestion_postgres_tmdb' retrieved from /opt/airflow/dags/ingestion_postgres_dag.py
[2026-03-31T22:46:17.067+0000] {logging_mixin.py:190} INFO - [2026-03-31T22:46:17.067+0000] {dag.py:3239} INFO - Sync 1 DAGs
[2026-03-31T22:46:17.091+0000] {logging_mixin.py:190} INFO - [2026-03-31T22:46:17.090+0000] {dag.py:4180} INFO - Setting next_dagrun for ingestion_postgres_tmdb to 2026-03-02 10:00:00+00:00, run_after=2026-04-06 10:00:00+00:00
[2026-03-31T22:46:17.111+0000] {processor.py:208} INFO - Processing /opt/airflow/dags/ingestion_postgres_dag.py took 0.116 seconds
[2026-03-31T22:46:47.293+0000] {processor.py:186} INFO - Started process (PID=2597) to work on /opt/airflow/dags/ingestion_postgres_dag.py
[2026-03-31T22:46:47.294+0000] {processor.py:914} INFO - Processing file /opt/airflow/dags/ingestion_postgres_dag.py for tasks to queue
[2026-03-31T22:46:47.296+0000] {logging_mixin.py:190} INFO - [2026-03-31T22:46:47.296+0000] {dagbag.py:588} INFO - Filling up the DagBag from /opt/airflow/dags/ingestion_postgres_dag.py
[2026-03-31T22:46:47.316+0000] {processor.py:925} INFO - DAG(s) 'ingestion_postgres_tmdb' retrieved from /opt/airflow/dags/ingestion_postgres_dag.py
[2026-03-31T22:46:47.349+0000] {logging_mixin.py:190} INFO - [2026-03-31T22:46:47.348+0000] {dag.py:3239} INFO - Sync 1 DAGs
[2026-03-31T22:46:47.377+0000] {logging_mixin.py:190} INFO - [2026-03-31T22:46:47.377+0000] {dag.py:4180} INFO - Setting next_dagrun for ingestion_postgres_tmdb to 2026-03-02 10:00:00+00:00, run_after=2026-04-06 10:00:00+00:00
[2026-03-31T22:46:47.399+0000] {processor.py:208} INFO - Processing /opt/airflow/dags/ingestion_postgres_dag.py took 0.117 seconds
[2026-03-31T22:47:17.718+0000] {processor.py:186} INFO - Started process (PID=2607) to work on /opt/airflow/dags/ingestion_postgres_dag.py
[2026-03-31T22:47:17.719+0000] {processor.py:914} INFO - Processing file /opt/airflow/dags/ingestion_postgres_dag.py for tasks to queue
[2026-03-31T22:47:17.721+0000] {logging_mixin.py:190} INFO - [2026-03-31T22:47:17.721+0000] {dagbag.py:588} INFO - Filling up the DagBag from /opt/airflow/dags/ingestion_postgres_dag.py
[2026-03-31T22:47:17.741+0000] {processor.py:925} INFO - DAG(s) 'ingestion_postgres_tmdb' retrieved from /opt/airflow/dags/ingestion_postgres_dag.py
[2026-03-31T22:47:17.770+0000] {logging_mixin.py:190} INFO - [2026-03-31T22:47:17.769+0000] {dag.py:3239} INFO - Sync 1 DAGs
[2026-03-31T22:47:17.803+0000] {logging_mixin.py:190} INFO - [2026-03-31T22:47:17.802+0000] {dag.py:4180} INFO - Setting next_dagrun for ingestion_postgres_tmdb to 2026-03-02 10:00:00+00:00, run_after=2026-04-06 10:00:00+00:00
[2026-03-31T22:47:17.832+0000] {processor.py:208} INFO - Processing /opt/airflow/dags/ingestion_postgres_dag.py took 0.120 seconds
[2026-03-31T22:47:48.030+0000] {processor.py:186} INFO - Started process (PID=2617) to work on /opt/airflow/dags/ingestion_postgres_dag.py
[2026-03-31T22:47:48.032+0000] {processor.py:914} INFO - Processing file /opt/airflow/dags/ingestion_postgres_dag.py for tasks to queue
[2026-03-31T22:47:48.035+0000] {logging_mixin.py:190} INFO - [2026-03-31T22:47:48.035+0000] {dagbag.py:588} INFO - Filling up the DagBag from /opt/airflow/dags/ingestion_postgres_dag.py
[2026-03-31T22:47:48.063+0000] {processor.py:925} INFO - DAG(s) 'ingestion_postgres_tmdb' retrieved from /opt/airflow/dags/ingestion_postgres_dag.py
[2026-03-31T22:47:48.093+0000] {logging_mixin.py:190} INFO - [2026-03-31T22:47:48.092+0000] {dag.py:3239} INFO - Sync 1 DAGs
[2026-03-31T22:47:48.116+0000] {logging_mixin.py:190} INFO - [2026-03-31T22:47:48.116+0000] {dag.py:4180} INFO - Setting next_dagrun for ingestion_postgres_tmdb to 2026-03-02 10:00:00+00:00, run_after=2026-04-06 10:00:00+00:00
[2026-03-31T22:47:48.135+0000] {processor.py:208} INFO - Processing /opt/airflow/dags/ingestion_postgres_dag.py took 0.116 seconds
[2026-03-31T22:48:18.372+0000] {processor.py:186} INFO - Started process (PID=2627) to work on /opt/airflow/dags/ingestion_postgres_dag.py
[2026-03-31T22:48:18.373+0000] {processor.py:914} INFO - Processing file /opt/airflow/dags/ingestion_postgres_dag.py for tasks to queue
[2026-03-31T22:48:18.376+0000] {logging_mixin.py:190} INFO - [2026-03-31T22:48:18.375+0000] {dagbag.py:588} INFO - Filling up the DagBag from /opt/airflow/dags/ingestion_postgres_dag.py
[2026-03-31T22:48:18.397+0000] {processor.py:925} INFO - DAG(s) 'ingestion_postgres_tmdb' retrieved from /opt/airflow/dags/ingestion_postgres_dag.py
[2026-03-31T22:48:18.425+0000] {logging_mixin.py:190} INFO - [2026-03-31T22:48:18.425+0000] {dag.py:3239} INFO - Sync 1 DAGs
[2026-03-31T22:48:18.449+0000] {logging_mixin.py:190} INFO - [2026-03-31T22:48:18.449+0000] {dag.py:4180} INFO - Setting next_dagrun for ingestion_postgres_tmdb to 2026-03-02 10:00:00+00:00, run_after=2026-04-06 10:00:00+00:00
[2026-03-31T22:48:18.471+0000] {processor.py:208} INFO - Processing /opt/airflow/dags/ingestion_postgres_dag.py took 0.105 seconds
[2026-03-31T22:48:48.773+0000] {processor.py:186} INFO - Started process (PID=2637) to work on /opt/airflow/dags/ingestion_postgres_dag.py
[2026-03-31T22:48:48.774+0000] {processor.py:914} INFO - Processing file /opt/airflow/dags/ingestion_postgres_dag.py for tasks to queue
[2026-03-31T22:48:48.776+0000] {logging_mixin.py:190} INFO - [2026-03-31T22:48:48.775+0000] {dagbag.py:588} INFO - Filling up the DagBag from /opt/airflow/dags/ingestion_postgres_dag.py
[2026-03-31T22:48:48.797+0000] {processor.py:925} INFO - DAG(s) 'ingestion_postgres_tmdb' retrieved from /opt/airflow/dags/ingestion_postgres_dag.py
[2026-03-31T22:48:48.827+0000] {logging_mixin.py:190} INFO - [2026-03-31T22:48:48.827+0000] {dag.py:3239} INFO - Sync 1 DAGs
[2026-03-31T22:48:48.850+0000] {logging_mixin.py:190} INFO - [2026-03-31T22:48:48.850+0000] {dag.py:4180} INFO - Setting next_dagrun for ingestion_postgres_tmdb to 2026-03-02 10:00:00+00:00, run_after=2026-04-06 10:00:00+00:00
[2026-03-31T22:48:48.870+0000] {processor.py:208} INFO - Processing /opt/airflow/dags/ingestion_postgres_dag.py took 0.104 seconds
[2026-03-31T22:49:19.169+0000] {processor.py:186} INFO - Started process (PID=2647) to work on /opt/airflow/dags/ingestion_postgres_dag.py
[2026-03-31T22:49:19.171+0000] {processor.py:914} INFO - Processing file /opt/airflow/dags/ingestion_postgres_dag.py for tasks to queue
[2026-03-31T22:49:19.174+0000] {logging_mixin.py:190} INFO - [2026-03-31T22:49:19.174+0000] {dagbag.py:588} INFO - Filling up the DagBag from /opt/airflow/dags/ingestion_postgres_dag.py
[2026-03-31T22:49:19.196+0000] {processor.py:925} INFO - DAG(s) 'ingestion_postgres_tmdb' retrieved from /opt/airflow/dags/ingestion_postgres_dag.py
[2026-03-31T22:49:19.225+0000] {logging_mixin.py:190} INFO - [2026-03-31T22:49:19.225+0000] {dag.py:3239} INFO - Sync 1 DAGs
[2026-03-31T22:49:19.255+0000] {logging_mixin.py:190} INFO - [2026-03-31T22:49:19.255+0000] {dag.py:4180} INFO - Setting next_dagrun for ingestion_postgres_tmdb to 2026-03-02 10:00:00+00:00, run_after=2026-04-06 10:00:00+00:00
[2026-03-31T22:49:19.279+0000] {processor.py:208} INFO - Processing /opt/airflow/dags/ingestion_postgres_dag.py took 0.115 seconds
[2026-03-31T22:49:49.465+0000] {processor.py:186} INFO - Started process (PID=2657) to work on /opt/airflow/dags/ingestion_postgres_dag.py
[2026-03-31T22:49:49.466+0000] {processor.py:914} INFO - Processing file /opt/airflow/dags/ingestion_postgres_dag.py for tasks to queue
[2026-03-31T22:49:49.471+0000] {logging_mixin.py:190} INFO - [2026-03-31T22:49:49.470+0000] {dagbag.py:588} INFO - Filling up the DagBag from /opt/airflow/dags/ingestion_postgres_dag.py
[2026-03-31T22:49:49.494+0000] {processor.py:925} INFO - DAG(s) 'ingestion_postgres_tmdb' retrieved from /opt/airflow/dags/ingestion_postgres_dag.py
[2026-03-31T22:49:49.528+0000] {logging_mixin.py:190} INFO - [2026-03-31T22:49:49.527+0000] {dag.py:3239} INFO - Sync 1 DAGs
[2026-03-31T22:49:49.553+0000] {logging_mixin.py:190} INFO - [2026-03-31T22:49:49.553+0000] {dag.py:4180} INFO - Setting next_dagrun for ingestion_postgres_tmdb to 2026-03-02 10:00:00+00:00, run_after=2026-04-06 10:00:00+00:00
[2026-03-31T22:49:49.572+0000] {processor.py:208} INFO - Processing /opt/airflow/dags/ingestion_postgres_dag.py took 0.114 seconds
[2026-03-31T22:50:20.386+0000] {processor.py:186} INFO - Started process (PID=2667) to work on /opt/airflow/dags/ingestion_postgres_dag.py
[2026-03-31T22:50:20.387+0000] {processor.py:914} INFO - Processing file /opt/airflow/dags/ingestion_postgres_dag.py for tasks to queue
[2026-03-31T22:50:20.391+0000] {logging_mixin.py:190} INFO - [2026-03-31T22:50:20.390+0000] {dagbag.py:588} INFO - Filling up the DagBag from /opt/airflow/dags/ingestion_postgres_dag.py
[2026-03-31T22:50:20.413+0000] {processor.py:925} INFO - DAG(s) 'ingestion_postgres_tmdb' retrieved from /opt/airflow/dags/ingestion_postgres_dag.py
[2026-03-31T22:50:20.447+0000] {logging_mixin.py:190} INFO - [2026-03-31T22:50:20.447+0000] {dag.py:3239} INFO - Sync 1 DAGs
[2026-03-31T22:50:20.472+0000] {logging_mixin.py:190} INFO - [2026-03-31T22:50:20.471+0000] {dag.py:4180} INFO - Setting next_dagrun for ingestion_postgres_tmdb to 2026-03-02 10:00:00+00:00, run_after=2026-04-06 10:00:00+00:00
[2026-03-31T22:50:20.491+0000] {processor.py:208} INFO - Processing /opt/airflow/dags/ingestion_postgres_dag.py took 0.114 seconds
[2026-03-31T22:50:50.797+0000] {processor.py:186} INFO - Started process (PID=2677) to work on /opt/airflow/dags/ingestion_postgres_dag.py
[2026-03-31T22:50:50.798+0000] {processor.py:914} INFO - Processing file /opt/airflow/dags/ingestion_postgres_dag.py for tasks to queue
[2026-03-31T22:50:50.800+0000] {logging_mixin.py:190} INFO - [2026-03-31T22:50:50.800+0000] {dagbag.py:588} INFO - Filling up the DagBag from /opt/airflow/dags/ingestion_postgres_dag.py
[2026-03-31T22:50:50.819+0000] {processor.py:925} INFO - DAG(s) 'ingestion_postgres_tmdb' retrieved from /opt/airflow/dags/ingestion_postgres_dag.py
[2026-03-31T22:50:50.853+0000] {logging_mixin.py:190} INFO - [2026-03-31T22:50:50.853+0000] {dag.py:3239} INFO - Sync 1 DAGs
[2026-03-31T22:50:50.883+0000] {logging_mixin.py:190} INFO - [2026-03-31T22:50:50.883+0000] {dag.py:4180} INFO - Setting next_dagrun for ingestion_postgres_tmdb to 2026-03-02 10:00:00+00:00, run_after=2026-04-06 10:00:00+00:00
[2026-03-31T22:50:50.906+0000] {processor.py:208} INFO - Processing /opt/airflow/dags/ingestion_postgres_dag.py took 0.116 seconds
[2026-03-31T22:51:21.211+0000] {processor.py:186} INFO - Started process (PID=2687) to work on /opt/airflow/dags/ingestion_postgres_dag.py
[2026-03-31T22:51:21.212+0000] {processor.py:914} INFO - Processing file /opt/airflow/dags/ingestion_postgres_dag.py for tasks to queue
[2026-03-31T22:51:21.214+0000] {logging_mixin.py:190} INFO - [2026-03-31T22:51:21.214+0000] {dagbag.py:588} INFO - Filling up the DagBag from /opt/airflow/dags/ingestion_postgres_dag.py
[2026-03-31T22:51:21.234+0000] {processor.py:925} INFO - DAG(s) 'ingestion_postgres_tmdb' retrieved from /opt/airflow/dags/ingestion_postgres_dag.py
[2026-03-31T22:51:21.264+0000] {logging_mixin.py:190} INFO - [2026-03-31T22:51:21.264+0000] {dag.py:3239} INFO - Sync 1 DAGs
[2026-03-31T22:51:21.290+0000] {logging_mixin.py:190} INFO - [2026-03-31T22:51:21.289+0000] {dag.py:4180} INFO - Setting next_dagrun for ingestion_postgres_tmdb to 2026-03-02 10:00:00+00:00, run_after=2026-04-06 10:00:00+00:00
[2026-03-31T22:51:21.307+0000] {processor.py:208} INFO - Processing /opt/airflow/dags/ingestion_postgres_dag.py took 0.102 seconds
[2026-03-31T22:51:51.487+0000] {processor.py:186} INFO - Started process (PID=2697) to work on /opt/airflow/dags/ingestion_postgres_dag.py
[2026-03-31T22:51:51.488+0000] {processor.py:914} INFO - Processing file /opt/airflow/dags/ingestion_postgres_dag.py for tasks to queue
[2026-03-31T22:51:51.490+0000] {logging_mixin.py:190} INFO - [2026-03-31T22:51:51.490+0000] {dagbag.py:588} INFO - Filling up the DagBag from /opt/airflow/dags/ingestion_postgres_dag.py
[2026-03-31T22:51:51.508+0000] {processor.py:925} INFO - DAG(s) 'ingestion_postgres_tmdb' retrieved from /opt/airflow/dags/ingestion_postgres_dag.py
[2026-03-31T22:51:51.540+0000] {logging_mixin.py:190} INFO - [2026-03-31T22:51:51.539+0000] {dag.py:3239} INFO - Sync 1 DAGs
[2026-03-31T22:51:51.565+0000] {logging_mixin.py:190} INFO - [2026-03-31T22:51:51.565+0000] {dag.py:4180} INFO - Setting next_dagrun for ingestion_postgres_tmdb to 2026-03-02 10:00:00+00:00, run_after=2026-04-06 10:00:00+00:00
[2026-03-31T22:51:51.584+0000] {processor.py:208} INFO - Processing /opt/airflow/dags/ingestion_postgres_dag.py took 0.104 seconds
[2026-03-31T22:52:21.893+0000] {processor.py:186} INFO - Started process (PID=2707) to work on /opt/airflow/dags/ingestion_postgres_dag.py
[2026-03-31T22:52:21.894+0000] {processor.py:914} INFO - Processing file /opt/airflow/dags/ingestion_postgres_dag.py for tasks to queue
[2026-03-31T22:52:21.896+0000] {logging_mixin.py:190} INFO - [2026-03-31T22:52:21.896+0000] {dagbag.py:588} INFO - Filling up the DagBag from /opt/airflow/dags/ingestion_postgres_dag.py
[2026-03-31T22:52:21.919+0000] {processor.py:925} INFO - DAG(s) 'ingestion_postgres_tmdb' retrieved from /opt/airflow/dags/ingestion_postgres_dag.py
[2026-03-31T22:52:21.958+0000] {logging_mixin.py:190} INFO - [2026-03-31T22:52:21.958+0000] {dag.py:3239} INFO - Sync 1 DAGs
[2026-03-31T22:52:21.993+0000] {logging_mixin.py:190} INFO - [2026-03-31T22:52:21.993+0000] {dag.py:4180} INFO - Setting next_dagrun for ingestion_postgres_tmdb to 2026-03-02 10:00:00+00:00, run_after=2026-04-06 10:00:00+00:00
[2026-03-31T22:52:22.014+0000] {processor.py:208} INFO - Processing /opt/airflow/dags/ingestion_postgres_dag.py took 0.128 seconds
[2026-03-31T22:52:52.154+0000] {processor.py:186} INFO - Started process (PID=2717) to work on /opt/airflow/dags/ingestion_postgres_dag.py
[2026-03-31T22:52:52.156+0000] {processor.py:914} INFO - Processing file /opt/airflow/dags/ingestion_postgres_dag.py for tasks to queue
[2026-03-31T22:52:52.158+0000] {logging_mixin.py:190} INFO - [2026-03-31T22:52:52.157+0000] {dagbag.py:588} INFO - Filling up the DagBag from /opt/airflow/dags/ingestion_postgres_dag.py
[2026-03-31T22:52:52.176+0000] {processor.py:925} INFO - DAG(s) 'ingestion_postgres_tmdb' retrieved from /opt/airflow/dags/ingestion_postgres_dag.py
[2026-03-31T22:52:52.206+0000] {logging_mixin.py:190} INFO - [2026-03-31T22:52:52.206+0000] {dag.py:3239} INFO - Sync 1 DAGs
[2026-03-31T22:52:52.231+0000] {logging_mixin.py:190} INFO - [2026-03-31T22:52:52.231+0000] {dag.py:4180} INFO - Setting next_dagrun for ingestion_postgres_tmdb to 2026-03-02 10:00:00+00:00, run_after=2026-04-06 10:00:00+00:00
[2026-03-31T22:52:52.251+0000] {processor.py:208} INFO - Processing /opt/airflow/dags/ingestion_postgres_dag.py took 0.102 seconds
[2026-03-31T22:53:22.543+0000] {processor.py:186} INFO - Started process (PID=2727) to work on /opt/airflow/dags/ingestion_postgres_dag.py
[2026-03-31T22:53:22.545+0000] {processor.py:914} INFO - Processing file /opt/airflow/dags/ingestion_postgres_dag.py for tasks to queue
[2026-03-31T22:53:22.547+0000] {logging_mixin.py:190} INFO - [2026-03-31T22:53:22.547+0000] {dagbag.py:588} INFO - Filling up the DagBag from /opt/airflow/dags/ingestion_postgres_dag.py
[2026-03-31T22:53:22.568+0000] {processor.py:925} INFO - DAG(s) 'ingestion_postgres_tmdb' retrieved from /opt/airflow/dags/ingestion_postgres_dag.py
[2026-03-31T22:53:22.600+0000] {logging_mixin.py:190} INFO - [2026-03-31T22:53:22.600+0000] {dag.py:3239} INFO - Sync 1 DAGs
[2026-03-31T22:53:22.626+0000] {logging_mixin.py:190} INFO - [2026-03-31T22:53:22.626+0000] {dag.py:4180} INFO - Setting next_dagrun for ingestion_postgres_tmdb to 2026-03-02 10:00:00+00:00, run_after=2026-04-06 10:00:00+00:00
[2026-03-31T22:53:22.645+0000] {processor.py:208} INFO - Processing /opt/airflow/dags/ingestion_postgres_dag.py took 0.109 seconds
[2026-03-31T22:53:52.968+0000] {processor.py:186} INFO - Started process (PID=2737) to work on /opt/airflow/dags/ingestion_postgres_dag.py
[2026-03-31T22:53:52.969+0000] {processor.py:914} INFO - Processing file /opt/airflow/dags/ingestion_postgres_dag.py for tasks to queue
[2026-03-31T22:53:52.971+0000] {logging_mixin.py:190} INFO - [2026-03-31T22:53:52.971+0000] {dagbag.py:588} INFO - Filling up the DagBag from /opt/airflow/dags/ingestion_postgres_dag.py
[2026-03-31T22:53:52.995+0000] {processor.py:925} INFO - DAG(s) 'ingestion_postgres_tmdb' retrieved from /opt/airflow/dags/ingestion_postgres_dag.py
[2026-03-31T22:53:53.028+0000] {logging_mixin.py:190} INFO - [2026-03-31T22:53:53.028+0000] {dag.py:3239} INFO - Sync 1 DAGs
[2026-03-31T22:53:53.053+0000] {logging_mixin.py:190} INFO - [2026-03-31T22:53:53.053+0000] {dag.py:4180} INFO - Setting next_dagrun for ingestion_postgres_tmdb to 2026-03-02 10:00:00+00:00, run_after=2026-04-06 10:00:00+00:00
[2026-03-31T22:53:53.076+0000] {processor.py:208} INFO - Processing /opt/airflow/dags/ingestion_postgres_dag.py took 0.114 seconds
[2026-03-31T22:54:23.398+0000] {processor.py:186} INFO - Started process (PID=2747) to work on /opt/airflow/dags/ingestion_postgres_dag.py
[2026-03-31T22:54:23.401+0000] {processor.py:914} INFO - Processing file /opt/airflow/dags/ingestion_postgres_dag.py for tasks to queue
[2026-03-31T22:54:23.407+0000] {logging_mixin.py:190} INFO - [2026-03-31T22:54:23.406+0000] {dagbag.py:588} INFO - Filling up the DagBag from /opt/airflow/dags/ingestion_postgres_dag.py
[2026-03-31T22:54:23.441+0000] {processor.py:925} INFO - DAG(s) 'ingestion_postgres_tmdb' retrieved from /opt/airflow/dags/ingestion_postgres_dag.py
[2026-03-31T22:54:23.492+0000] {logging_mixin.py:190} INFO - [2026-03-31T22:54:23.492+0000] {dag.py:3239} INFO - Sync 1 DAGs
[2026-03-31T22:54:23.520+0000] {logging_mixin.py:190} INFO - [2026-03-31T22:54:23.520+0000] {dag.py:4180} INFO - Setting next_dagrun for ingestion_postgres_tmdb to 2026-03-02 10:00:00+00:00, run_after=2026-04-06 10:00:00+00:00
[2026-03-31T22:54:23.557+0000] {processor.py:208} INFO - Processing /opt/airflow/dags/ingestion_postgres_dag.py took 0.172 seconds
[2026-03-31T22:54:53.845+0000] {processor.py:186} INFO - Started process (PID=2757) to work on /opt/airflow/dags/ingestion_postgres_dag.py
[2026-03-31T22:54:53.846+0000] {processor.py:914} INFO - Processing file /opt/airflow/dags/ingestion_postgres_dag.py for tasks to queue
[2026-03-31T22:54:53.850+0000] {logging_mixin.py:190} INFO - [2026-03-31T22:54:53.849+0000] {dagbag.py:588} INFO - Filling up the DagBag from /opt/airflow/dags/ingestion_postgres_dag.py
[2026-03-31T22:54:53.871+0000] {processor.py:925} INFO - DAG(s) 'ingestion_postgres_tmdb' retrieved from /opt/airflow/dags/ingestion_postgres_dag.py
[2026-03-31T22:54:53.908+0000] {logging_mixin.py:190} INFO - [2026-03-31T22:54:53.907+0000] {dag.py:3239} INFO - Sync 1 DAGs
[2026-03-31T22:54:53.936+0000] {logging_mixin.py:190} INFO - [2026-03-31T22:54:53.935+0000] {dag.py:4180} INFO - Setting next_dagrun for ingestion_postgres_tmdb to 2026-03-02 10:00:00+00:00, run_after=2026-04-06 10:00:00+00:00
[2026-03-31T22:54:53.955+0000] {processor.py:208} INFO - Processing /opt/airflow/dags/ingestion_postgres_dag.py took 0.123 seconds
[2026-03-31T22:55:24.376+0000] {processor.py:186} INFO - Started process (PID=2767) to work on /opt/airflow/dags/ingestion_postgres_dag.py
[2026-03-31T22:55:24.377+0000] {processor.py:914} INFO - Processing file /opt/airflow/dags/ingestion_postgres_dag.py for tasks to queue
[2026-03-31T22:55:24.380+0000] {logging_mixin.py:190} INFO - [2026-03-31T22:55:24.379+0000] {dagbag.py:588} INFO - Filling up the DagBag from /opt/airflow/dags/ingestion_postgres_dag.py
[2026-03-31T22:55:24.420+0000] {processor.py:925} INFO - DAG(s) 'ingestion_postgres_tmdb' retrieved from /opt/airflow/dags/ingestion_postgres_dag.py
[2026-03-31T22:55:24.456+0000] {logging_mixin.py:190} INFO - [2026-03-31T22:55:24.455+0000] {dag.py:3239} INFO - Sync 1 DAGs
[2026-03-31T22:55:24.485+0000] {logging_mixin.py:190} INFO - [2026-03-31T22:55:24.485+0000] {dag.py:4180} INFO - Setting next_dagrun for ingestion_postgres_tmdb to 2026-03-02 10:00:00+00:00, run_after=2026-04-06 10:00:00+00:00
[2026-03-31T22:55:24.525+0000] {processor.py:208} INFO - Processing /opt/airflow/dags/ingestion_postgres_dag.py took 0.160 seconds
[2026-03-31T22:55:54.831+0000] {processor.py:186} INFO - Started process (PID=2777) to work on /opt/airflow/dags/ingestion_postgres_dag.py
[2026-03-31T22:55:54.832+0000] {processor.py:914} INFO - Processing file /opt/airflow/dags/ingestion_postgres_dag.py for tasks to queue
[2026-03-31T22:55:54.835+0000] {logging_mixin.py:190} INFO - [2026-03-31T22:55:54.835+0000] {dagbag.py:588} INFO - Filling up the DagBag from /opt/airflow/dags/ingestion_postgres_dag.py
[2026-03-31T22:55:54.860+0000] {processor.py:925} INFO - DAG(s) 'ingestion_postgres_tmdb' retrieved from /opt/airflow/dags/ingestion_postgres_dag.py
[2026-03-31T22:55:54.902+0000] {logging_mixin.py:190} INFO - [2026-03-31T22:55:54.902+0000] {dag.py:3239} INFO - Sync 1 DAGs
[2026-03-31T22:55:54.941+0000] {logging_mixin.py:190} INFO - [2026-03-31T22:55:54.940+0000] {dag.py:4180} INFO - Setting next_dagrun for ingestion_postgres_tmdb to 2026-03-02 10:00:00+00:00, run_after=2026-04-06 10:00:00+00:00
[2026-03-31T22:55:54.964+0000] {processor.py:208} INFO - Processing /opt/airflow/dags/ingestion_postgres_dag.py took 0.142 seconds
[2026-03-31T22:56:25.282+0000] {processor.py:186} INFO - Started process (PID=2787) to work on /opt/airflow/dags/ingestion_postgres_dag.py
[2026-03-31T22:56:25.284+0000] {processor.py:914} INFO - Processing file /opt/airflow/dags/ingestion_postgres_dag.py for tasks to queue
[2026-03-31T22:56:25.288+0000] {logging_mixin.py:190} INFO - [2026-03-31T22:56:25.288+0000] {dagbag.py:588} INFO - Filling up the DagBag from /opt/airflow/dags/ingestion_postgres_dag.py
[2026-03-31T22:56:25.323+0000] {processor.py:925} INFO - DAG(s) 'ingestion_postgres_tmdb' retrieved from /opt/airflow/dags/ingestion_postgres_dag.py
[2026-03-31T22:56:25.359+0000] {logging_mixin.py:190} INFO - [2026-03-31T22:56:25.358+0000] {dag.py:3239} INFO - Sync 1 DAGs
[2026-03-31T22:56:25.405+0000] {logging_mixin.py:190} INFO - [2026-03-31T22:56:25.405+0000] {dag.py:4180} INFO - Setting next_dagrun for ingestion_postgres_tmdb to 2026-03-02 10:00:00+00:00, run_after=2026-04-06 10:00:00+00:00
[2026-03-31T22:56:25.440+0000] {processor.py:208} INFO - Processing /opt/airflow/dags/ingestion_postgres_dag.py took 0.172 seconds
[2026-03-31T22:56:55.745+0000] {processor.py:186} INFO - Started process (PID=2797) to work on /opt/airflow/dags/ingestion_postgres_dag.py
[2026-03-31T22:56:55.749+0000] {processor.py:914} INFO - Processing file /opt/airflow/dags/ingestion_postgres_dag.py for tasks to queue
[2026-03-31T22:56:55.754+0000] {logging_mixin.py:190} INFO - [2026-03-31T22:56:55.754+0000] {dagbag.py:588} INFO - Filling up the DagBag from /opt/airflow/dags/ingestion_postgres_dag.py
[2026-03-31T22:56:55.785+0000] {processor.py:925} INFO - DAG(s) 'ingestion_postgres_tmdb' retrieved from /opt/airflow/dags/ingestion_postgres_dag.py
[2026-03-31T22:56:55.821+0000] {logging_mixin.py:190} INFO - [2026-03-31T22:56:55.821+0000] {dag.py:3239} INFO - Sync 1 DAGs
[2026-03-31T22:56:55.848+0000] {logging_mixin.py:190} INFO - [2026-03-31T22:56:55.848+0000] {dag.py:4180} INFO - Setting next_dagrun for ingestion_postgres_tmdb to 2026-03-02 10:00:00+00:00, run_after=2026-04-06 10:00:00+00:00
[2026-03-31T22:56:55.872+0000] {processor.py:208} INFO - Processing /opt/airflow/dags/ingestion_postgres_dag.py took 0.141 seconds
[2026-03-31T22:57:26.159+0000] {processor.py:186} INFO - Started process (PID=2807) to work on /opt/airflow/dags/ingestion_postgres_dag.py
[2026-03-31T22:57:26.160+0000] {processor.py:914} INFO - Processing file /opt/airflow/dags/ingestion_postgres_dag.py for tasks to queue
[2026-03-31T22:57:26.163+0000] {logging_mixin.py:190} INFO - [2026-03-31T22:57:26.162+0000] {dagbag.py:588} INFO - Filling up the DagBag from /opt/airflow/dags/ingestion_postgres_dag.py
[2026-03-31T22:57:26.185+0000] {processor.py:925} INFO - DAG(s) 'ingestion_postgres_tmdb' retrieved from /opt/airflow/dags/ingestion_postgres_dag.py
[2026-03-31T22:57:26.216+0000] {logging_mixin.py:190} INFO - [2026-03-31T22:57:26.216+0000] {dag.py:3239} INFO - Sync 1 DAGs
[2026-03-31T22:57:25.741+0000] {logging_mixin.py:190} INFO - [2026-03-31T22:57:25.741+0000] {dag.py:4180} INFO - Setting next_dagrun for ingestion_postgres_tmdb to 2026-03-02 10:00:00+00:00, run_after=2026-04-06 10:00:00+00:00
[2026-03-31T22:57:25.765+0000] {processor.py:208} INFO - Processing /opt/airflow/dags/ingestion_postgres_dag.py took 0.116 seconds
[2026-03-31T22:57:56.060+0000] {processor.py:186} INFO - Started process (PID=2817) to work on /opt/airflow/dags/ingestion_postgres_dag.py
[2026-03-31T22:57:56.061+0000] {processor.py:914} INFO - Processing file /opt/airflow/dags/ingestion_postgres_dag.py for tasks to queue
[2026-03-31T22:57:56.064+0000] {logging_mixin.py:190} INFO - [2026-03-31T22:57:56.063+0000] {dagbag.py:588} INFO - Filling up the DagBag from /opt/airflow/dags/ingestion_postgres_dag.py
[2026-03-31T22:57:56.082+0000] {processor.py:925} INFO - DAG(s) 'ingestion_postgres_tmdb' retrieved from /opt/airflow/dags/ingestion_postgres_dag.py
[2026-03-31T22:57:56.113+0000] {logging_mixin.py:190} INFO - [2026-03-31T22:57:56.112+0000] {dag.py:3239} INFO - Sync 1 DAGs
[2026-03-31T22:57:56.137+0000] {logging_mixin.py:190} INFO - [2026-03-31T22:57:56.137+0000] {dag.py:4180} INFO - Setting next_dagrun for ingestion_postgres_tmdb to 2026-03-02 10:00:00+00:00, run_after=2026-04-06 10:00:00+00:00
[2026-03-31T22:57:56.156+0000] {processor.py:208} INFO - Processing /opt/airflow/dags/ingestion_postgres_dag.py took 0.102 seconds
[2026-03-31T22:58:26.458+0000] {processor.py:186} INFO - Started process (PID=2827) to work on /opt/airflow/dags/ingestion_postgres_dag.py
[2026-03-31T22:58:26.459+0000] {processor.py:914} INFO - Processing file /opt/airflow/dags/ingestion_postgres_dag.py for tasks to queue
[2026-03-31T22:58:26.464+0000] {logging_mixin.py:190} INFO - [2026-03-31T22:58:26.464+0000] {dagbag.py:588} INFO - Filling up the DagBag from /opt/airflow/dags/ingestion_postgres_dag.py
[2026-03-31T22:58:26.482+0000] {processor.py:925} INFO - DAG(s) 'ingestion_postgres_tmdb' retrieved from /opt/airflow/dags/ingestion_postgres_dag.py
[2026-03-31T22:58:26.516+0000] {logging_mixin.py:190} INFO - [2026-03-31T22:58:26.516+0000] {dag.py:3239} INFO - Sync 1 DAGs
[2026-03-31T22:58:26.542+0000] {logging_mixin.py:190} INFO - [2026-03-31T22:58:26.542+0000] {dag.py:4180} INFO - Setting next_dagrun for ingestion_postgres_tmdb to 2026-03-02 10:00:00+00:00, run_after=2026-04-06 10:00:00+00:00
[2026-03-31T22:58:26.570+0000] {processor.py:208} INFO - Processing /opt/airflow/dags/ingestion_postgres_dag.py took 0.119 seconds
[2026-03-31T22:58:56.783+0000] {processor.py:186} INFO - Started process (PID=2837) to work on /opt/airflow/dags/ingestion_postgres_dag.py
[2026-03-31T22:58:56.784+0000] {processor.py:914} INFO - Processing file /opt/airflow/dags/ingestion_postgres_dag.py for tasks to queue
[2026-03-31T22:58:56.787+0000] {logging_mixin.py:190} INFO - [2026-03-31T22:58:56.786+0000] {dagbag.py:588} INFO - Filling up the DagBag from /opt/airflow/dags/ingestion_postgres_dag.py
[2026-03-31T22:58:56.805+0000] {processor.py:925} INFO - DAG(s) 'ingestion_postgres_tmdb' retrieved from /opt/airflow/dags/ingestion_postgres_dag.py
[2026-03-31T22:58:56.841+0000] {logging_mixin.py:190} INFO - [2026-03-31T22:58:56.841+0000] {dag.py:3239} INFO - Sync 1 DAGs
[2026-03-31T22:58:56.868+0000] {logging_mixin.py:190} INFO - [2026-03-31T22:58:56.868+0000] {dag.py:4180} INFO - Setting next_dagrun for ingestion_postgres_tmdb to 2026-03-02 10:00:00+00:00, run_after=2026-04-06 10:00:00+00:00
[2026-03-31T22:58:56.888+0000] {processor.py:208} INFO - Processing /opt/airflow/dags/ingestion_postgres_dag.py took 0.111 seconds
[2026-03-31T22:59:27.125+0000] {processor.py:186} INFO - Started process (PID=2847) to work on /opt/airflow/dags/ingestion_postgres_dag.py
[2026-03-31T22:59:27.126+0000] {processor.py:914} INFO - Processing file /opt/airflow/dags/ingestion_postgres_dag.py for tasks to queue
[2026-03-31T22:59:27.129+0000] {logging_mixin.py:190} INFO - [2026-03-31T22:59:27.129+0000] {dagbag.py:588} INFO - Filling up the DagBag from /opt/airflow/dags/ingestion_postgres_dag.py
[2026-03-31T22:59:27.151+0000] {processor.py:925} INFO - DAG(s) 'ingestion_postgres_tmdb' retrieved from /opt/airflow/dags/ingestion_postgres_dag.py
[2026-03-31T22:59:27.191+0000] {logging_mixin.py:190} INFO - [2026-03-31T22:59:27.190+0000] {dag.py:3239} INFO - Sync 1 DAGs
[2026-03-31T22:59:27.217+0000] {logging_mixin.py:190} INFO - [2026-03-31T22:59:27.217+0000] {dag.py:4180} INFO - Setting next_dagrun for ingestion_postgres_tmdb to 2026-03-02 10:00:00+00:00, run_after=2026-04-06 10:00:00+00:00
[2026-03-31T22:59:27.239+0000] {processor.py:208} INFO - Processing /opt/airflow/dags/ingestion_postgres_dag.py took 0.121 seconds
[2026-03-31T22:59:57.558+0000] {processor.py:186} INFO - Started process (PID=2857) to work on /opt/airflow/dags/ingestion_postgres_dag.py
[2026-03-31T22:59:57.559+0000] {processor.py:914} INFO - Processing file /opt/airflow/dags/ingestion_postgres_dag.py for tasks to queue
[2026-03-31T22:59:57.561+0000] {logging_mixin.py:190} INFO - [2026-03-31T22:59:57.561+0000] {dagbag.py:588} INFO - Filling up the DagBag from /opt/airflow/dags/ingestion_postgres_dag.py
[2026-03-31T22:59:57.578+0000] {processor.py:925} INFO - DAG(s) 'ingestion_postgres_tmdb' retrieved from /opt/airflow/dags/ingestion_postgres_dag.py
[2026-03-31T22:59:57.612+0000] {logging_mixin.py:190} INFO - [2026-03-31T22:59:57.612+0000] {dag.py:3239} INFO - Sync 1 DAGs
[2026-03-31T22:59:57.636+0000] {logging_mixin.py:190} INFO - [2026-03-31T22:59:57.636+0000] {dag.py:4180} INFO - Setting next_dagrun for ingestion_postgres_tmdb to 2026-03-02 10:00:00+00:00, run_after=2026-04-06 10:00:00+00:00
[2026-03-31T22:59:57.655+0000] {processor.py:208} INFO - Processing /opt/airflow/dags/ingestion_postgres_dag.py took 0.103 seconds
[2026-03-31T23:00:27.838+0000] {processor.py:186} INFO - Started process (PID=2867) to work on /opt/airflow/dags/ingestion_postgres_dag.py
[2026-03-31T23:00:27.839+0000] {processor.py:914} INFO - Processing file /opt/airflow/dags/ingestion_postgres_dag.py for tasks to queue
[2026-03-31T23:00:27.843+0000] {logging_mixin.py:190} INFO - [2026-03-31T23:00:27.843+0000] {dagbag.py:588} INFO - Filling up the DagBag from /opt/airflow/dags/ingestion_postgres_dag.py
[2026-03-31T23:00:27.868+0000] {processor.py:925} INFO - DAG(s) 'ingestion_postgres_tmdb' retrieved from /opt/airflow/dags/ingestion_postgres_dag.py
[2026-03-31T23:00:27.902+0000] {logging_mixin.py:190} INFO - [2026-03-31T23:00:27.902+0000] {dag.py:3239} INFO - Sync 1 DAGs
[2026-03-31T23:00:27.927+0000] {logging_mixin.py:190} INFO - [2026-03-31T23:00:27.926+0000] {dag.py:4180} INFO - Setting next_dagrun for ingestion_postgres_tmdb to 2026-03-02 10:00:00+00:00, run_after=2026-04-06 10:00:00+00:00
[2026-03-31T23:00:27.949+0000] {processor.py:208} INFO - Processing /opt/airflow/dags/ingestion_postgres_dag.py took 0.121 seconds
[2026-03-31T23:00:58.225+0000] {processor.py:186} INFO - Started process (PID=2877) to work on /opt/airflow/dags/ingestion_postgres_dag.py
[2026-03-31T23:00:58.226+0000] {processor.py:914} INFO - Processing file /opt/airflow/dags/ingestion_postgres_dag.py for tasks to queue
[2026-03-31T23:00:58.228+0000] {logging_mixin.py:190} INFO - [2026-03-31T23:00:58.228+0000] {dagbag.py:588} INFO - Filling up the DagBag from /opt/airflow/dags/ingestion_postgres_dag.py
[2026-03-31T23:00:58.269+0000] {processor.py:925} INFO - DAG(s) 'ingestion_postgres_tmdb' retrieved from /opt/airflow/dags/ingestion_postgres_dag.py
[2026-03-31T23:00:58.314+0000] {logging_mixin.py:190} INFO - [2026-03-31T23:00:58.314+0000] {dag.py:3239} INFO - Sync 1 DAGs
[2026-03-31T23:00:58.341+0000] {logging_mixin.py:190} INFO - [2026-03-31T23:00:58.341+0000] {dag.py:4180} INFO - Setting next_dagrun for ingestion_postgres_tmdb to 2026-03-02 10:00:00+00:00, run_after=2026-04-06 10:00:00+00:00
[2026-03-31T23:00:58.362+0000] {processor.py:208} INFO - Processing /opt/airflow/dags/ingestion_postgres_dag.py took 0.144 seconds
[2026-03-31T23:01:28.499+0000] {processor.py:186} INFO - Started process (PID=2887) to work on /opt/airflow/dags/ingestion_postgres_dag.py
[2026-03-31T23:01:28.501+0000] {processor.py:914} INFO - Processing file /opt/airflow/dags/ingestion_postgres_dag.py for tasks to queue
[2026-03-31T23:01:28.504+0000] {logging_mixin.py:190} INFO - [2026-03-31T23:01:28.503+0000] {dagbag.py:588} INFO - Filling up the DagBag from /opt/airflow/dags/ingestion_postgres_dag.py
[2026-03-31T23:01:28.526+0000] {processor.py:925} INFO - DAG(s) 'ingestion_postgres_tmdb' retrieved from /opt/airflow/dags/ingestion_postgres_dag.py
[2026-03-31T23:01:28.562+0000] {logging_mixin.py:190} INFO - [2026-03-31T23:01:28.561+0000] {dag.py:3239} INFO - Sync 1 DAGs
[2026-03-31T23:01:28.590+0000] {logging_mixin.py:190} INFO - [2026-03-31T23:01:28.589+0000] {dag.py:4180} INFO - Setting next_dagrun for ingestion_postgres_tmdb to 2026-03-02 10:00:00+00:00, run_after=2026-04-06 10:00:00+00:00
[2026-03-31T23:01:28.612+0000] {processor.py:208} INFO - Processing /opt/airflow/dags/ingestion_postgres_dag.py took 0.121 seconds
[2026-03-31T23:01:58.960+0000] {processor.py:186} INFO - Started process (PID=2897) to work on /opt/airflow/dags/ingestion_postgres_dag.py
[2026-03-31T23:01:58.961+0000] {processor.py:914} INFO - Processing file /opt/airflow/dags/ingestion_postgres_dag.py for tasks to queue
[2026-03-31T23:01:58.963+0000] {logging_mixin.py:190} INFO - [2026-03-31T23:01:58.963+0000] {dagbag.py:588} INFO - Filling up the DagBag from /opt/airflow/dags/ingestion_postgres_dag.py
[2026-03-31T23:01:58.985+0000] {processor.py:925} INFO - DAG(s) 'ingestion_postgres_tmdb' retrieved from /opt/airflow/dags/ingestion_postgres_dag.py
[2026-03-31T23:01:59.018+0000] {logging_mixin.py:190} INFO - [2026-03-31T23:01:59.018+0000] {dag.py:3239} INFO - Sync 1 DAGs
[2026-03-31T23:01:59.050+0000] {logging_mixin.py:190} INFO - [2026-03-31T23:01:59.050+0000] {dag.py:4180} INFO - Setting next_dagrun for ingestion_postgres_tmdb to 2026-03-02 10:00:00+00:00, run_after=2026-04-06 10:00:00+00:00
[2026-03-31T23:01:59.084+0000] {processor.py:208} INFO - Processing /opt/airflow/dags/ingestion_postgres_dag.py took 0.132 seconds
[2026-03-31T23:02:29.371+0000] {processor.py:186} INFO - Started process (PID=2907) to work on /opt/airflow/dags/ingestion_postgres_dag.py
[2026-03-31T23:02:29.372+0000] {processor.py:914} INFO - Processing file /opt/airflow/dags/ingestion_postgres_dag.py for tasks to queue
[2026-03-31T23:02:29.374+0000] {logging_mixin.py:190} INFO - [2026-03-31T23:02:29.374+0000] {dagbag.py:588} INFO - Filling up the DagBag from /opt/airflow/dags/ingestion_postgres_dag.py
[2026-03-31T23:02:29.395+0000] {processor.py:925} INFO - DAG(s) 'ingestion_postgres_tmdb' retrieved from /opt/airflow/dags/ingestion_postgres_dag.py
[2026-03-31T23:02:29.426+0000] {logging_mixin.py:190} INFO - [2026-03-31T23:02:29.426+0000] {dag.py:3239} INFO - Sync 1 DAGs
[2026-03-31T23:02:29.450+0000] {logging_mixin.py:190} INFO - [2026-03-31T23:02:29.449+0000] {dag.py:4180} INFO - Setting next_dagrun for ingestion_postgres_tmdb to 2026-03-02 10:00:00+00:00, run_after=2026-04-06 10:00:00+00:00
[2026-03-31T23:02:29.468+0000] {processor.py:208} INFO - Processing /opt/airflow/dags/ingestion_postgres_dag.py took 0.103 seconds
[2026-03-31T23:02:59.646+0000] {processor.py:186} INFO - Started process (PID=2917) to work on /opt/airflow/dags/ingestion_postgres_dag.py
[2026-03-31T23:02:59.647+0000] {processor.py:914} INFO - Processing file /opt/airflow/dags/ingestion_postgres_dag.py for tasks to queue
[2026-03-31T23:02:59.650+0000] {logging_mixin.py:190} INFO - [2026-03-31T23:02:59.650+0000] {dagbag.py:588} INFO - Filling up the DagBag from /opt/airflow/dags/ingestion_postgres_dag.py
[2026-03-31T23:02:59.671+0000] {processor.py:925} INFO - DAG(s) 'ingestion_postgres_tmdb' retrieved from /opt/airflow/dags/ingestion_postgres_dag.py
[2026-03-31T23:02:59.709+0000] {logging_mixin.py:190} INFO - [2026-03-31T23:02:59.709+0000] {dag.py:3239} INFO - Sync 1 DAGs
[2026-03-31T23:02:59.734+0000] {logging_mixin.py:190} INFO - [2026-03-31T23:02:59.734+0000] {dag.py:4180} INFO - Setting next_dagrun for ingestion_postgres_tmdb to 2026-03-02 10:00:00+00:00, run_after=2026-04-06 10:00:00+00:00
[2026-03-31T23:02:59.754+0000] {processor.py:208} INFO - Processing /opt/airflow/dags/ingestion_postgres_dag.py took 0.114 seconds
[2026-03-31T23:03:30.762+0000] {processor.py:186} INFO - Started process (PID=2927) to work on /opt/airflow/dags/ingestion_postgres_dag.py
[2026-03-31T23:03:30.763+0000] {processor.py:914} INFO - Processing file /opt/airflow/dags/ingestion_postgres_dag.py for tasks to queue
[2026-03-31T23:03:30.766+0000] {logging_mixin.py:190} INFO - [2026-03-31T23:03:30.765+0000] {dagbag.py:588} INFO - Filling up the DagBag from /opt/airflow/dags/ingestion_postgres_dag.py
[2026-03-31T23:03:30.786+0000] {processor.py:925} INFO - DAG(s) 'ingestion_postgres_tmdb' retrieved from /opt/airflow/dags/ingestion_postgres_dag.py
[2026-03-31T23:03:30.839+0000] {logging_mixin.py:190} INFO - [2026-03-31T23:03:30.838+0000] {dag.py:3239} INFO - Sync 1 DAGs
[2026-03-31T23:03:30.868+0000] {logging_mixin.py:190} INFO - [2026-03-31T23:03:30.867+0000] {dag.py:4180} INFO - Setting next_dagrun for ingestion_postgres_tmdb to 2026-03-02 10:00:00+00:00, run_after=2026-04-06 10:00:00+00:00
[2026-03-31T23:03:30.893+0000] {processor.py:208} INFO - Processing /opt/airflow/dags/ingestion_postgres_dag.py took 0.139 seconds
[2026-03-31T23:04:01.320+0000] {processor.py:186} INFO - Started process (PID=2937) to work on /opt/airflow/dags/ingestion_postgres_dag.py
[2026-03-31T23:04:01.321+0000] {processor.py:914} INFO - Processing file /opt/airflow/dags/ingestion_postgres_dag.py for tasks to queue
[2026-03-31T23:04:01.323+0000] {logging_mixin.py:190} INFO - [2026-03-31T23:04:01.323+0000] {dagbag.py:588} INFO - Filling up the DagBag from /opt/airflow/dags/ingestion_postgres_dag.py
[2026-03-31T23:04:01.341+0000] {processor.py:925} INFO - DAG(s) 'ingestion_postgres_tmdb' retrieved from /opt/airflow/dags/ingestion_postgres_dag.py
[2026-03-31T23:04:01.370+0000] {logging_mixin.py:190} INFO - [2026-03-31T23:04:01.370+0000] {dag.py:3239} INFO - Sync 1 DAGs
[2026-03-31T23:04:01.396+0000] {logging_mixin.py:190} INFO - [2026-03-31T23:04:01.396+0000] {dag.py:4180} INFO - Setting next_dagrun for ingestion_postgres_tmdb to 2026-03-02 10:00:00+00:00, run_after=2026-04-06 10:00:00+00:00
[2026-03-31T23:04:01.414+0000] {processor.py:208} INFO - Processing /opt/airflow/dags/ingestion_postgres_dag.py took 0.101 seconds
[2026-03-31T23:04:31.744+0000] {processor.py:186} INFO - Started process (PID=2947) to work on /opt/airflow/dags/ingestion_postgres_dag.py
[2026-03-31T23:04:31.745+0000] {processor.py:914} INFO - Processing file /opt/airflow/dags/ingestion_postgres_dag.py for tasks to queue
[2026-03-31T23:04:31.747+0000] {logging_mixin.py:190} INFO - [2026-03-31T23:04:31.747+0000] {dagbag.py:588} INFO - Filling up the DagBag from /opt/airflow/dags/ingestion_postgres_dag.py
[2026-03-31T23:04:31.769+0000] {processor.py:925} INFO - DAG(s) 'ingestion_postgres_tmdb' retrieved from /opt/airflow/dags/ingestion_postgres_dag.py
[2026-03-31T23:04:31.801+0000] {logging_mixin.py:190} INFO - [2026-03-31T23:04:31.801+0000] {dag.py:3239} INFO - Sync 1 DAGs
[2026-03-31T23:04:31.827+0000] {logging_mixin.py:190} INFO - [2026-03-31T23:04:31.827+0000] {dag.py:4180} INFO - Setting next_dagrun for ingestion_postgres_tmdb to 2026-03-02 10:00:00+00:00, run_after=2026-04-06 10:00:00+00:00
[2026-03-31T23:04:31.847+0000] {processor.py:208} INFO - Processing /opt/airflow/dags/ingestion_postgres_dag.py took 0.111 seconds
[2026-03-31T23:05:02.661+0000] {processor.py:186} INFO - Started process (PID=2957) to work on /opt/airflow/dags/ingestion_postgres_dag.py
[2026-03-31T23:05:02.662+0000] {processor.py:914} INFO - Processing file /opt/airflow/dags/ingestion_postgres_dag.py for tasks to queue
[2026-03-31T23:05:02.664+0000] {logging_mixin.py:190} INFO - [2026-03-31T23:05:02.664+0000] {dagbag.py:588} INFO - Filling up the DagBag from /opt/airflow/dags/ingestion_postgres_dag.py
[2026-03-31T23:05:02.682+0000] {processor.py:925} INFO - DAG(s) 'ingestion_postgres_tmdb' retrieved from /opt/airflow/dags/ingestion_postgres_dag.py
[2026-03-31T23:05:02.708+0000] {logging_mixin.py:190} INFO - [2026-03-31T23:05:02.708+0000] {dag.py:3239} INFO - Sync 1 DAGs
[2026-03-31T23:05:02.732+0000] {logging_mixin.py:190} INFO - [2026-03-31T23:05:02.732+0000] {dag.py:4180} INFO - Setting next_dagrun for ingestion_postgres_tmdb to 2026-03-02 10:00:00+00:00, run_after=2026-04-06 10:00:00+00:00
[2026-03-31T23:05:02.750+0000] {processor.py:208} INFO - Processing /opt/airflow/dags/ingestion_postgres_dag.py took 0.096 seconds
[2026-03-31T23:05:32.956+0000] {processor.py:186} INFO - Started process (PID=2967) to work on /opt/airflow/dags/ingestion_postgres_dag.py
[2026-03-31T23:05:32.957+0000] {processor.py:914} INFO - Processing file /opt/airflow/dags/ingestion_postgres_dag.py for tasks to queue
[2026-03-31T23:05:32.959+0000] {logging_mixin.py:190} INFO - [2026-03-31T23:05:32.958+0000] {dagbag.py:588} INFO - Filling up the DagBag from /opt/airflow/dags/ingestion_postgres_dag.py
[2026-03-31T23:05:32.976+0000] {processor.py:925} INFO - DAG(s) 'ingestion_postgres_tmdb' retrieved from /opt/airflow/dags/ingestion_postgres_dag.py
[2026-03-31T23:05:33.007+0000] {logging_mixin.py:190} INFO - [2026-03-31T23:05:33.007+0000] {dag.py:3239} INFO - Sync 1 DAGs
[2026-03-31T23:05:33.033+0000] {logging_mixin.py:190} INFO - [2026-03-31T23:05:33.032+0000] {dag.py:4180} INFO - Setting next_dagrun for ingestion_postgres_tmdb to 2026-03-02 10:00:00+00:00, run_after=2026-04-06 10:00:00+00:00
[2026-03-31T23:05:33.054+0000] {processor.py:208} INFO - Processing /opt/airflow/dags/ingestion_postgres_dag.py took 0.105 seconds
[2026-03-31T23:06:03.369+0000] {processor.py:186} INFO - Started process (PID=2977) to work on /opt/airflow/dags/ingestion_postgres_dag.py
[2026-03-31T23:06:03.370+0000] {processor.py:914} INFO - Processing file /opt/airflow/dags/ingestion_postgres_dag.py for tasks to queue
[2026-03-31T23:06:03.373+0000] {logging_mixin.py:190} INFO - [2026-03-31T23:06:03.372+0000] {dagbag.py:588} INFO - Filling up the DagBag from /opt/airflow/dags/ingestion_postgres_dag.py
[2026-03-31T23:06:03.389+0000] {processor.py:925} INFO - DAG(s) 'ingestion_postgres_tmdb' retrieved from /opt/airflow/dags/ingestion_postgres_dag.py
[2026-03-31T23:06:03.415+0000] {logging_mixin.py:190} INFO - [2026-03-31T23:06:03.415+0000] {dag.py:3239} INFO - Sync 1 DAGs
[2026-03-31T23:06:03.440+0000] {logging_mixin.py:190} INFO - [2026-03-31T23:06:03.440+0000] {dag.py:4180} INFO - Setting next_dagrun for ingestion_postgres_tmdb to 2026-03-02 10:00:00+00:00, run_after=2026-04-06 10:00:00+00:00
[2026-03-31T23:06:03.462+0000] {processor.py:208} INFO - Processing /opt/airflow/dags/ingestion_postgres_dag.py took 0.100 seconds
[2026-03-31T23:06:33.633+0000] {processor.py:186} INFO - Started process (PID=2987) to work on /opt/airflow/dags/ingestion_postgres_dag.py
[2026-03-31T23:06:33.633+0000] {processor.py:914} INFO - Processing file /opt/airflow/dags/ingestion_postgres_dag.py for tasks to queue
[2026-03-31T23:06:33.636+0000] {logging_mixin.py:190} INFO - [2026-03-31T23:06:33.635+0000] {dagbag.py:588} INFO - Filling up the DagBag from /opt/airflow/dags/ingestion_postgres_dag.py
[2026-03-31T23:06:33.653+0000] {processor.py:925} INFO - DAG(s) 'ingestion_postgres_tmdb' retrieved from /opt/airflow/dags/ingestion_postgres_dag.py
[2026-03-31T23:06:33.682+0000] {logging_mixin.py:190} INFO - [2026-03-31T23:06:33.682+0000] {dag.py:3239} INFO - Sync 1 DAGs
[2026-03-31T23:06:33.711+0000] {logging_mixin.py:190} INFO - [2026-03-31T23:06:33.711+0000] {dag.py:4180} INFO - Setting next_dagrun for ingestion_postgres_tmdb to 2026-03-02 10:00:00+00:00, run_after=2026-04-06 10:00:00+00:00
[2026-03-31T23:06:33.731+0000] {processor.py:208} INFO - Processing /opt/airflow/dags/ingestion_postgres_dag.py took 0.105 seconds
[2026-03-31T23:07:04.029+0000] {processor.py:186} INFO - Started process (PID=2997) to work on /opt/airflow/dags/ingestion_postgres_dag.py
[2026-03-31T23:07:04.030+0000] {processor.py:914} INFO - Processing file /opt/airflow/dags/ingestion_postgres_dag.py for tasks to queue
[2026-03-31T23:07:04.032+0000] {logging_mixin.py:190} INFO - [2026-03-31T23:07:04.032+0000] {dagbag.py:588} INFO - Filling up the DagBag from /opt/airflow/dags/ingestion_postgres_dag.py
[2026-03-31T23:07:04.069+0000] {processor.py:925} INFO - DAG(s) 'ingestion_postgres_tmdb' retrieved from /opt/airflow/dags/ingestion_postgres_dag.py
[2026-03-31T23:07:04.102+0000] {logging_mixin.py:190} INFO - [2026-03-31T23:07:04.101+0000] {dag.py:3239} INFO - Sync 1 DAGs
[2026-03-31T23:07:04.126+0000] {logging_mixin.py:190} INFO - [2026-03-31T23:07:04.126+0000] {dag.py:4180} INFO - Setting next_dagrun for ingestion_postgres_tmdb to 2026-03-02 10:00:00+00:00, run_after=2026-04-06 10:00:00+00:00
[2026-03-31T23:07:04.156+0000] {processor.py:208} INFO - Processing /opt/airflow/dags/ingestion_postgres_dag.py took 0.136 seconds
[2026-03-31T23:07:34.468+0000] {processor.py:186} INFO - Started process (PID=3007) to work on /opt/airflow/dags/ingestion_postgres_dag.py
[2026-03-31T23:07:34.469+0000] {processor.py:914} INFO - Processing file /opt/airflow/dags/ingestion_postgres_dag.py for tasks to queue
[2026-03-31T23:07:34.471+0000] {logging_mixin.py:190} INFO - [2026-03-31T23:07:34.471+0000] {dagbag.py:588} INFO - Filling up the DagBag from /opt/airflow/dags/ingestion_postgres_dag.py
[2026-03-31T23:07:34.488+0000] {processor.py:925} INFO - DAG(s) 'ingestion_postgres_tmdb' retrieved from /opt/airflow/dags/ingestion_postgres_dag.py
[2026-03-31T23:07:34.521+0000] {logging_mixin.py:190} INFO - [2026-03-31T23:07:34.521+0000] {dag.py:3239} INFO - Sync 1 DAGs
[2026-03-31T23:07:34.557+0000] {logging_mixin.py:190} INFO - [2026-03-31T23:07:34.557+0000] {dag.py:4180} INFO - Setting next_dagrun for ingestion_postgres_tmdb to 2026-03-02 10:00:00+00:00, run_after=2026-04-06 10:00:00+00:00
[2026-03-31T23:07:34.589+0000] {processor.py:208} INFO - Processing /opt/airflow/dags/ingestion_postgres_dag.py took 0.129 seconds
[2026-03-31T23:08:04.738+0000] {processor.py:186} INFO - Started process (PID=3017) to work on /opt/airflow/dags/ingestion_postgres_dag.py
[2026-03-31T23:08:04.739+0000] {processor.py:914} INFO - Processing file /opt/airflow/dags/ingestion_postgres_dag.py for tasks to queue
[2026-03-31T23:08:04.742+0000] {logging_mixin.py:190} INFO - [2026-03-31T23:08:04.742+0000] {dagbag.py:588} INFO - Filling up the DagBag from /opt/airflow/dags/ingestion_postgres_dag.py
[2026-03-31T23:08:04.763+0000] {processor.py:925} INFO - DAG(s) 'ingestion_postgres_tmdb' retrieved from /opt/airflow/dags/ingestion_postgres_dag.py
[2026-03-31T23:08:04.807+0000] {logging_mixin.py:190} INFO - [2026-03-31T23:08:04.807+0000] {dag.py:3239} INFO - Sync 1 DAGs
[2026-03-31T23:08:04.832+0000] {logging_mixin.py:190} INFO - [2026-03-31T23:08:04.831+0000] {dag.py:4180} INFO - Setting next_dagrun for ingestion_postgres_tmdb to 2026-03-02 10:00:00+00:00, run_after=2026-04-06 10:00:00+00:00
[2026-03-31T23:08:04.866+0000] {processor.py:208} INFO - Processing /opt/airflow/dags/ingestion_postgres_dag.py took 0.136 seconds
[2026-03-31T23:08:35.184+0000] {processor.py:186} INFO - Started process (PID=3027) to work on /opt/airflow/dags/ingestion_postgres_dag.py
[2026-03-31T23:08:35.185+0000] {processor.py:914} INFO - Processing file /opt/airflow/dags/ingestion_postgres_dag.py for tasks to queue
[2026-03-31T23:08:35.188+0000] {logging_mixin.py:190} INFO - [2026-03-31T23:08:35.188+0000] {dagbag.py:588} INFO - Filling up the DagBag from /opt/airflow/dags/ingestion_postgres_dag.py
[2026-03-31T23:08:35.213+0000] {processor.py:925} INFO - DAG(s) 'ingestion_postgres_tmdb' retrieved from /opt/airflow/dags/ingestion_postgres_dag.py
[2026-03-31T23:08:35.244+0000] {logging_mixin.py:190} INFO - [2026-03-31T23:08:35.243+0000] {dag.py:3239} INFO - Sync 1 DAGs
[2026-03-31T23:08:35.267+0000] {logging_mixin.py:190} INFO - [2026-03-31T23:08:35.266+0000] {dag.py:4180} INFO - Setting next_dagrun for ingestion_postgres_tmdb to 2026-03-02 10:00:00+00:00, run_after=2026-04-06 10:00:00+00:00
[2026-03-31T23:08:35.291+0000] {processor.py:208} INFO - Processing /opt/airflow/dags/ingestion_postgres_dag.py took 0.114 seconds
[2026-03-31T23:09:05.485+0000] {processor.py:186} INFO - Started process (PID=3037) to work on /opt/airflow/dags/ingestion_postgres_dag.py
[2026-03-31T23:09:05.487+0000] {processor.py:914} INFO - Processing file /opt/airflow/dags/ingestion_postgres_dag.py for tasks to queue
[2026-03-31T23:09:05.491+0000] {logging_mixin.py:190} INFO - [2026-03-31T23:09:05.491+0000] {dagbag.py:588} INFO - Filling up the DagBag from /opt/airflow/dags/ingestion_postgres_dag.py
[2026-03-31T23:09:05.524+0000] {processor.py:925} INFO - DAG(s) 'ingestion_postgres_tmdb' retrieved from /opt/airflow/dags/ingestion_postgres_dag.py
[2026-03-31T23:09:05.572+0000] {logging_mixin.py:190} INFO - [2026-03-31T23:09:05.572+0000] {dag.py:3239} INFO - Sync 1 DAGs
[2026-03-31T23:09:05.602+0000] {logging_mixin.py:190} INFO - [2026-03-31T23:09:05.602+0000] {dag.py:4180} INFO - Setting next_dagrun for ingestion_postgres_tmdb to 2026-03-02 10:00:00+00:00, run_after=2026-04-06 10:00:00+00:00
[2026-03-31T23:09:05.628+0000] {processor.py:208} INFO - Processing /opt/airflow/dags/ingestion_postgres_dag.py took 0.160 seconds
[2026-03-31T23:09:35.877+0000] {processor.py:186} INFO - Started process (PID=3047) to work on /opt/airflow/dags/ingestion_postgres_dag.py
[2026-03-31T23:09:35.879+0000] {processor.py:914} INFO - Processing file /opt/airflow/dags/ingestion_postgres_dag.py for tasks to queue
[2026-03-31T23:09:35.881+0000] {logging_mixin.py:190} INFO - [2026-03-31T23:09:35.881+0000] {dagbag.py:588} INFO - Filling up the DagBag from /opt/airflow/dags/ingestion_postgres_dag.py
[2026-03-31T23:09:35.902+0000] {processor.py:925} INFO - DAG(s) 'ingestion_postgres_tmdb' retrieved from /opt/airflow/dags/ingestion_postgres_dag.py
[2026-03-31T23:09:35.935+0000] {logging_mixin.py:190} INFO - [2026-03-31T23:09:35.934+0000] {dag.py:3239} INFO - Sync 1 DAGs
[2026-03-31T23:09:35.958+0000] {logging_mixin.py:190} INFO - [2026-03-31T23:09:35.958+0000] {dag.py:4180} INFO - Setting next_dagrun for ingestion_postgres_tmdb to 2026-03-02 10:00:00+00:00, run_after=2026-04-06 10:00:00+00:00
[2026-03-31T23:09:35.978+0000] {processor.py:208} INFO - Processing /opt/airflow/dags/ingestion_postgres_dag.py took 0.108 seconds
[2026-03-31T23:10:06.290+0000] {processor.py:186} INFO - Started process (PID=3057) to work on /opt/airflow/dags/ingestion_postgres_dag.py
[2026-03-31T23:10:06.291+0000] {processor.py:914} INFO - Processing file /opt/airflow/dags/ingestion_postgres_dag.py for tasks to queue
[2026-03-31T23:10:06.294+0000] {logging_mixin.py:190} INFO - [2026-03-31T23:10:06.293+0000] {dagbag.py:588} INFO - Filling up the DagBag from /opt/airflow/dags/ingestion_postgres_dag.py
[2026-03-31T23:10:06.317+0000] {processor.py:925} INFO - DAG(s) 'ingestion_postgres_tmdb' retrieved from /opt/airflow/dags/ingestion_postgres_dag.py
[2026-03-31T23:10:06.346+0000] {logging_mixin.py:190} INFO - [2026-03-31T23:10:06.345+0000] {dag.py:3239} INFO - Sync 1 DAGs
[2026-03-31T23:10:06.369+0000] {logging_mixin.py:190} INFO - [2026-03-31T23:10:06.369+0000] {dag.py:4180} INFO - Setting next_dagrun for ingestion_postgres_tmdb to 2026-03-02 10:00:00+00:00, run_after=2026-04-06 10:00:00+00:00
[2026-03-31T23:10:06.393+0000] {processor.py:208} INFO - Processing /opt/airflow/dags/ingestion_postgres_dag.py took 0.111 seconds
[2026-03-31T23:10:36.708+0000] {processor.py:186} INFO - Started process (PID=3067) to work on /opt/airflow/dags/ingestion_postgres_dag.py
[2026-03-31T23:10:36.709+0000] {processor.py:914} INFO - Processing file /opt/airflow/dags/ingestion_postgres_dag.py for tasks to queue
[2026-03-31T23:10:36.712+0000] {logging_mixin.py:190} INFO - [2026-03-31T23:10:36.712+0000] {dagbag.py:588} INFO - Filling up the DagBag from /opt/airflow/dags/ingestion_postgres_dag.py
[2026-03-31T23:10:36.733+0000] {processor.py:925} INFO - DAG(s) 'ingestion_postgres_tmdb' retrieved from /opt/airflow/dags/ingestion_postgres_dag.py
[2026-03-31T23:10:36.763+0000] {logging_mixin.py:190} INFO - [2026-03-31T23:10:36.763+0000] {dag.py:3239} INFO - Sync 1 DAGs
[2026-03-31T23:10:36.787+0000] {logging_mixin.py:190} INFO - [2026-03-31T23:10:36.786+0000] {dag.py:4180} INFO - Setting next_dagrun for ingestion_postgres_tmdb to 2026-03-02 10:00:00+00:00, run_after=2026-04-06 10:00:00+00:00
[2026-03-31T23:10:36.805+0000] {processor.py:208} INFO - Processing /opt/airflow/dags/ingestion_postgres_dag.py took 0.105 seconds
[2026-03-31T23:11:06.998+0000] {processor.py:186} INFO - Started process (PID=3077) to work on /opt/airflow/dags/ingestion_postgres_dag.py
[2026-03-31T23:11:06.999+0000] {processor.py:914} INFO - Processing file /opt/airflow/dags/ingestion_postgres_dag.py for tasks to queue
[2026-03-31T23:11:07.002+0000] {logging_mixin.py:190} INFO - [2026-03-31T23:11:07.002+0000] {dagbag.py:588} INFO - Filling up the DagBag from /opt/airflow/dags/ingestion_postgres_dag.py
[2026-03-31T23:11:07.028+0000] {processor.py:925} INFO - DAG(s) 'ingestion_postgres_tmdb' retrieved from /opt/airflow/dags/ingestion_postgres_dag.py
[2026-03-31T23:11:07.066+0000] {logging_mixin.py:190} INFO - [2026-03-31T23:11:07.065+0000] {dag.py:3239} INFO - Sync 1 DAGs
[2026-03-31T23:11:07.093+0000] {logging_mixin.py:190} INFO - [2026-03-31T23:11:07.093+0000] {dag.py:4180} INFO - Setting next_dagrun for ingestion_postgres_tmdb to 2026-03-02 10:00:00+00:00, run_after=2026-04-06 10:00:00+00:00
[2026-03-31T23:11:07.117+0000] {processor.py:208} INFO - Processing /opt/airflow/dags/ingestion_postgres_dag.py took 0.128 seconds
[2026-03-31T23:11:37.435+0000] {processor.py:186} INFO - Started process (PID=3087) to work on /opt/airflow/dags/ingestion_postgres_dag.py
[2026-03-31T23:11:37.437+0000] {processor.py:914} INFO - Processing file /opt/airflow/dags/ingestion_postgres_dag.py for tasks to queue
[2026-03-31T23:11:37.440+0000] {logging_mixin.py:190} INFO - [2026-03-31T23:11:37.439+0000] {dagbag.py:588} INFO - Filling up the DagBag from /opt/airflow/dags/ingestion_postgres_dag.py
[2026-03-31T23:11:37.470+0000] {processor.py:925} INFO - DAG(s) 'ingestion_postgres_tmdb' retrieved from /opt/airflow/dags/ingestion_postgres_dag.py
[2026-03-31T23:11:37.505+0000] {logging_mixin.py:190} INFO - [2026-03-31T23:11:37.505+0000] {dag.py:3239} INFO - Sync 1 DAGs
[2026-03-31T23:11:37.546+0000] {logging_mixin.py:190} INFO - [2026-03-31T23:11:37.545+0000] {dag.py:4180} INFO - Setting next_dagrun for ingestion_postgres_tmdb to 2026-03-02 10:00:00+00:00, run_after=2026-04-06 10:00:00+00:00
[2026-03-31T23:11:37.568+0000] {processor.py:208} INFO - Processing /opt/airflow/dags/ingestion_postgres_dag.py took 0.141 seconds
[2026-03-31T23:12:07.219+0000] {processor.py:186} INFO - Started process (PID=3097) to work on /opt/airflow/dags/ingestion_postgres_dag.py
[2026-03-31T23:12:07.221+0000] {processor.py:914} INFO - Processing file /opt/airflow/dags/ingestion_postgres_dag.py for tasks to queue
[2026-03-31T23:12:07.224+0000] {logging_mixin.py:190} INFO - [2026-03-31T23:12:07.223+0000] {dagbag.py:588} INFO - Filling up the DagBag from /opt/airflow/dags/ingestion_postgres_dag.py
[2026-03-31T23:12:07.251+0000] {processor.py:925} INFO - DAG(s) 'ingestion_postgres_tmdb' retrieved from /opt/airflow/dags/ingestion_postgres_dag.py
[2026-03-31T23:12:07.285+0000] {logging_mixin.py:190} INFO - [2026-03-31T23:12:07.285+0000] {dag.py:3239} INFO - Sync 1 DAGs
[2026-03-31T23:12:07.312+0000] {logging_mixin.py:190} INFO - [2026-03-31T23:12:07.312+0000] {dag.py:4180} INFO - Setting next_dagrun for ingestion_postgres_tmdb to 2026-03-02 10:00:00+00:00, run_after=2026-04-06 10:00:00+00:00
[2026-03-31T23:12:07.342+0000] {processor.py:208} INFO - Processing /opt/airflow/dags/ingestion_postgres_dag.py took 0.135 seconds
[2026-03-31T23:12:37.599+0000] {processor.py:186} INFO - Started process (PID=3107) to work on /opt/airflow/dags/ingestion_postgres_dag.py
[2026-03-31T23:12:37.600+0000] {processor.py:914} INFO - Processing file /opt/airflow/dags/ingestion_postgres_dag.py for tasks to queue
[2026-03-31T23:12:37.603+0000] {logging_mixin.py:190} INFO - [2026-03-31T23:12:37.603+0000] {dagbag.py:588} INFO - Filling up the DagBag from /opt/airflow/dags/ingestion_postgres_dag.py
[2026-03-31T23:12:37.629+0000] {processor.py:925} INFO - DAG(s) 'ingestion_postgres_tmdb' retrieved from /opt/airflow/dags/ingestion_postgres_dag.py
[2026-03-31T23:12:37.661+0000] {logging_mixin.py:190} INFO - [2026-03-31T23:12:37.661+0000] {dag.py:3239} INFO - Sync 1 DAGs
[2026-03-31T23:12:37.686+0000] {logging_mixin.py:190} INFO - [2026-03-31T23:12:37.685+0000] {dag.py:4180} INFO - Setting next_dagrun for ingestion_postgres_tmdb to 2026-03-02 10:00:00+00:00, run_after=2026-04-06 10:00:00+00:00
[2026-03-31T23:12:37.709+0000] {processor.py:208} INFO - Processing /opt/airflow/dags/ingestion_postgres_dag.py took 0.117 seconds
[2026-03-31T23:13:08.001+0000] {processor.py:186} INFO - Started process (PID=3117) to work on /opt/airflow/dags/ingestion_postgres_dag.py
[2026-03-31T23:13:08.002+0000] {processor.py:914} INFO - Processing file /opt/airflow/dags/ingestion_postgres_dag.py for tasks to queue
[2026-03-31T23:13:08.005+0000] {logging_mixin.py:190} INFO - [2026-03-31T23:13:08.004+0000] {dagbag.py:588} INFO - Filling up the DagBag from /opt/airflow/dags/ingestion_postgres_dag.py
[2026-03-31T23:13:08.030+0000] {processor.py:925} INFO - DAG(s) 'ingestion_postgres_tmdb' retrieved from /opt/airflow/dags/ingestion_postgres_dag.py
[2026-03-31T23:13:08.058+0000] {logging_mixin.py:190} INFO - [2026-03-31T23:13:08.058+0000] {dag.py:3239} INFO - Sync 1 DAGs
[2026-03-31T23:13:08.084+0000] {logging_mixin.py:190} INFO - [2026-03-31T23:13:08.084+0000] {dag.py:4180} INFO - Setting next_dagrun for ingestion_postgres_tmdb to 2026-03-02 10:00:00+00:00, run_after=2026-04-06 10:00:00+00:00
[2026-03-31T23:13:08.110+0000] {processor.py:208} INFO - Processing /opt/airflow/dags/ingestion_postgres_dag.py took 0.116 seconds
[2026-03-31T23:13:38.398+0000] {processor.py:186} INFO - Started process (PID=3127) to work on /opt/airflow/dags/ingestion_postgres_dag.py
[2026-03-31T23:13:38.399+0000] {processor.py:914} INFO - Processing file /opt/airflow/dags/ingestion_postgres_dag.py for tasks to queue
[2026-03-31T23:13:38.402+0000] {logging_mixin.py:190} INFO - [2026-03-31T23:13:38.401+0000] {dagbag.py:588} INFO - Filling up the DagBag from /opt/airflow/dags/ingestion_postgres_dag.py
[2026-03-31T23:13:38.420+0000] {processor.py:925} INFO - DAG(s) 'ingestion_postgres_tmdb' retrieved from /opt/airflow/dags/ingestion_postgres_dag.py
[2026-03-31T23:13:38.447+0000] {logging_mixin.py:190} INFO - [2026-03-31T23:13:38.446+0000] {dag.py:3239} INFO - Sync 1 DAGs
[2026-03-31T23:13:38.469+0000] {logging_mixin.py:190} INFO - [2026-03-31T23:13:38.469+0000] {dag.py:4180} INFO - Setting next_dagrun for ingestion_postgres_tmdb to 2026-03-02 10:00:00+00:00, run_after=2026-04-06 10:00:00+00:00
[2026-03-31T23:13:38.494+0000] {processor.py:208} INFO - Processing /opt/airflow/dags/ingestion_postgres_dag.py took 0.102 seconds
[2026-03-31T23:14:08.684+0000] {processor.py:186} INFO - Started process (PID=3137) to work on /opt/airflow/dags/ingestion_postgres_dag.py
[2026-03-31T23:14:08.686+0000] {processor.py:914} INFO - Processing file /opt/airflow/dags/ingestion_postgres_dag.py for tasks to queue
[2026-03-31T23:14:08.688+0000] {logging_mixin.py:190} INFO - [2026-03-31T23:14:08.688+0000] {dagbag.py:588} INFO - Filling up the DagBag from /opt/airflow/dags/ingestion_postgres_dag.py
[2026-03-31T23:14:08.707+0000] {processor.py:925} INFO - DAG(s) 'ingestion_postgres_tmdb' retrieved from /opt/airflow/dags/ingestion_postgres_dag.py
[2026-03-31T23:14:08.761+0000] {logging_mixin.py:190} INFO - [2026-03-31T23:14:08.761+0000] {dag.py:3239} INFO - Sync 1 DAGs
[2026-03-31T23:14:08.797+0000] {logging_mixin.py:190} INFO - [2026-03-31T23:14:08.796+0000] {dag.py:4180} INFO - Setting next_dagrun for ingestion_postgres_tmdb to 2026-03-02 10:00:00+00:00, run_after=2026-04-06 10:00:00+00:00
[2026-03-31T23:14:08.817+0000] {processor.py:208} INFO - Processing /opt/airflow/dags/ingestion_postgres_dag.py took 0.141 seconds
[2026-03-31T23:14:39.125+0000] {processor.py:186} INFO - Started process (PID=3147) to work on /opt/airflow/dags/ingestion_postgres_dag.py
[2026-03-31T23:14:39.126+0000] {processor.py:914} INFO - Processing file /opt/airflow/dags/ingestion_postgres_dag.py for tasks to queue
[2026-03-31T23:14:39.129+0000] {logging_mixin.py:190} INFO - [2026-03-31T23:14:39.129+0000] {dagbag.py:588} INFO - Filling up the DagBag from /opt/airflow/dags/ingestion_postgres_dag.py
[2026-03-31T23:14:39.152+0000] {processor.py:925} INFO - DAG(s) 'ingestion_postgres_tmdb' retrieved from /opt/airflow/dags/ingestion_postgres_dag.py
[2026-03-31T23:14:39.183+0000] {logging_mixin.py:190} INFO - [2026-03-31T23:14:39.182+0000] {dag.py:3239} INFO - Sync 1 DAGs
[2026-03-31T23:14:39.209+0000] {logging_mixin.py:190} INFO - [2026-03-31T23:14:39.208+0000] {dag.py:4180} INFO - Setting next_dagrun for ingestion_postgres_tmdb to 2026-03-02 10:00:00+00:00, run_after=2026-04-06 10:00:00+00:00
[2026-03-31T23:14:39.230+0000] {processor.py:208} INFO - Processing /opt/airflow/dags/ingestion_postgres_dag.py took 0.113 seconds
[2026-03-31T23:15:09.553+0000] {processor.py:186} INFO - Started process (PID=3157) to work on /opt/airflow/dags/ingestion_postgres_dag.py
[2026-03-31T23:15:09.554+0000] {processor.py:914} INFO - Processing file /opt/airflow/dags/ingestion_postgres_dag.py for tasks to queue
[2026-03-31T23:15:09.557+0000] {logging_mixin.py:190} INFO - [2026-03-31T23:15:09.557+0000] {dagbag.py:588} INFO - Filling up the DagBag from /opt/airflow/dags/ingestion_postgres_dag.py
[2026-03-31T23:15:09.586+0000] {processor.py:925} INFO - DAG(s) 'ingestion_postgres_tmdb' retrieved from /opt/airflow/dags/ingestion_postgres_dag.py
[2026-03-31T23:15:09.617+0000] {logging_mixin.py:190} INFO - [2026-03-31T23:15:09.616+0000] {dag.py:3239} INFO - Sync 1 DAGs
[2026-03-31T23:15:09.647+0000] {logging_mixin.py:190} INFO - [2026-03-31T23:15:09.647+0000] {dag.py:4180} INFO - Setting next_dagrun for ingestion_postgres_tmdb to 2026-03-02 10:00:00+00:00, run_after=2026-04-06 10:00:00+00:00
[2026-03-31T23:15:09.674+0000] {processor.py:208} INFO - Processing /opt/airflow/dags/ingestion_postgres_dag.py took 0.132 seconds
[2026-03-31T23:15:39.970+0000] {processor.py:186} INFO - Started process (PID=3167) to work on /opt/airflow/dags/ingestion_postgres_dag.py
[2026-03-31T23:15:39.971+0000] {processor.py:914} INFO - Processing file /opt/airflow/dags/ingestion_postgres_dag.py for tasks to queue
[2026-03-31T23:15:39.974+0000] {logging_mixin.py:190} INFO - [2026-03-31T23:15:39.974+0000] {dagbag.py:588} INFO - Filling up the DagBag from /opt/airflow/dags/ingestion_postgres_dag.py
[2026-03-31T23:15:39.997+0000] {processor.py:925} INFO - DAG(s) 'ingestion_postgres_tmdb' retrieved from /opt/airflow/dags/ingestion_postgres_dag.py
[2026-03-31T23:15:40.026+0000] {logging_mixin.py:190} INFO - [2026-03-31T23:15:40.025+0000] {dag.py:3239} INFO - Sync 1 DAGs
[2026-03-31T23:15:40.048+0000] {logging_mixin.py:190} INFO - [2026-03-31T23:15:40.048+0000] {dag.py:4180} INFO - Setting next_dagrun for ingestion_postgres_tmdb to 2026-03-02 10:00:00+00:00, run_after=2026-04-06 10:00:00+00:00
[2026-03-31T23:15:40.071+0000] {processor.py:208} INFO - Processing /opt/airflow/dags/ingestion_postgres_dag.py took 0.111 seconds
[2026-03-31T23:16:10.270+0000] {processor.py:186} INFO - Started process (PID=3177) to work on /opt/airflow/dags/ingestion_postgres_dag.py
[2026-03-31T23:16:10.271+0000] {processor.py:914} INFO - Processing file /opt/airflow/dags/ingestion_postgres_dag.py for tasks to queue
[2026-03-31T23:16:10.274+0000] {logging_mixin.py:190} INFO - [2026-03-31T23:16:10.273+0000] {dagbag.py:588} INFO - Filling up the DagBag from /opt/airflow/dags/ingestion_postgres_dag.py
[2026-03-31T23:16:10.294+0000] {processor.py:925} INFO - DAG(s) 'ingestion_postgres_tmdb' retrieved from /opt/airflow/dags/ingestion_postgres_dag.py
[2026-03-31T23:16:10.326+0000] {logging_mixin.py:190} INFO - [2026-03-31T23:16:10.326+0000] {dag.py:3239} INFO - Sync 1 DAGs
[2026-03-31T23:16:10.350+0000] {logging_mixin.py:190} INFO - [2026-03-31T23:16:10.350+0000] {dag.py:4180} INFO - Setting next_dagrun for ingestion_postgres_tmdb to 2026-03-02 10:00:00+00:00, run_after=2026-04-06 10:00:00+00:00
[2026-03-31T23:16:10.376+0000] {processor.py:208} INFO - Processing /opt/airflow/dags/ingestion_postgres_dag.py took 0.114 seconds
[2026-03-31T23:16:40.429+0000] {processor.py:186} INFO - Started process (PID=3187) to work on /opt/airflow/dags/ingestion_postgres_dag.py
[2026-03-31T23:16:40.430+0000] {processor.py:914} INFO - Processing file /opt/airflow/dags/ingestion_postgres_dag.py for tasks to queue
[2026-03-31T23:16:40.434+0000] {logging_mixin.py:190} INFO - [2026-03-31T23:16:40.434+0000] {dagbag.py:588} INFO - Filling up the DagBag from /opt/airflow/dags/ingestion_postgres_dag.py
[2026-03-31T23:16:40.455+0000] {processor.py:925} INFO - DAG(s) 'ingestion_postgres_tmdb' retrieved from /opt/airflow/dags/ingestion_postgres_dag.py
[2026-03-31T23:16:40.489+0000] {logging_mixin.py:190} INFO - [2026-03-31T23:16:40.489+0000] {dag.py:3239} INFO - Sync 1 DAGs
[2026-03-31T23:16:40.514+0000] {logging_mixin.py:190} INFO - [2026-03-31T23:16:40.514+0000] {dag.py:4180} INFO - Setting next_dagrun for ingestion_postgres_tmdb to 2026-03-02 10:00:00+00:00, run_after=2026-04-06 10:00:00+00:00
[2026-03-31T23:16:40.536+0000] {processor.py:208} INFO - Processing /opt/airflow/dags/ingestion_postgres_dag.py took 0.114 seconds
[2026-03-31T23:17:11.079+0000] {processor.py:186} INFO - Started process (PID=3197) to work on /opt/airflow/dags/ingestion_postgres_dag.py
[2026-03-31T23:17:11.081+0000] {processor.py:914} INFO - Processing file /opt/airflow/dags/ingestion_postgres_dag.py for tasks to queue
[2026-03-31T23:17:11.083+0000] {logging_mixin.py:190} INFO - [2026-03-31T23:17:11.083+0000] {dagbag.py:588} INFO - Filling up the DagBag from /opt/airflow/dags/ingestion_postgres_dag.py
[2026-03-31T23:17:11.104+0000] {processor.py:925} INFO - DAG(s) 'ingestion_postgres_tmdb' retrieved from /opt/airflow/dags/ingestion_postgres_dag.py
[2026-03-31T23:17:11.139+0000] {logging_mixin.py:190} INFO - [2026-03-31T23:17:11.138+0000] {dag.py:3239} INFO - Sync 1 DAGs
[2026-03-31T23:17:11.166+0000] {logging_mixin.py:190} INFO - [2026-03-31T23:17:11.165+0000] {dag.py:4180} INFO - Setting next_dagrun for ingestion_postgres_tmdb to 2026-03-02 10:00:00+00:00, run_after=2026-04-06 10:00:00+00:00
[2026-03-31T23:17:11.191+0000] {processor.py:208} INFO - Processing /opt/airflow/dags/ingestion_postgres_dag.py took 0.118 seconds
[2026-03-31T23:17:41.501+0000] {processor.py:186} INFO - Started process (PID=3207) to work on /opt/airflow/dags/ingestion_postgres_dag.py
[2026-03-31T23:17:41.502+0000] {processor.py:914} INFO - Processing file /opt/airflow/dags/ingestion_postgres_dag.py for tasks to queue
[2026-03-31T23:17:41.504+0000] {logging_mixin.py:190} INFO - [2026-03-31T23:17:41.503+0000] {dagbag.py:588} INFO - Filling up the DagBag from /opt/airflow/dags/ingestion_postgres_dag.py
[2026-03-31T23:17:41.522+0000] {processor.py:925} INFO - DAG(s) 'ingestion_postgres_tmdb' retrieved from /opt/airflow/dags/ingestion_postgres_dag.py
[2026-03-31T23:17:41.558+0000] {logging_mixin.py:190} INFO - [2026-03-31T23:17:41.558+0000] {dag.py:3239} INFO - Sync 1 DAGs
[2026-03-31T23:17:41.582+0000] {logging_mixin.py:190} INFO - [2026-03-31T23:17:41.582+0000] {dag.py:4180} INFO - Setting next_dagrun for ingestion_postgres_tmdb to 2026-03-02 10:00:00+00:00, run_after=2026-04-06 10:00:00+00:00
[2026-03-31T23:17:41.602+0000] {processor.py:208} INFO - Processing /opt/airflow/dags/ingestion_postgres_dag.py took 0.108 seconds
[2026-03-31T23:18:11.915+0000] {processor.py:186} INFO - Started process (PID=3217) to work on /opt/airflow/dags/ingestion_postgres_dag.py
[2026-03-31T23:18:11.916+0000] {processor.py:914} INFO - Processing file /opt/airflow/dags/ingestion_postgres_dag.py for tasks to queue
[2026-03-31T23:18:11.919+0000] {logging_mixin.py:190} INFO - [2026-03-31T23:18:11.918+0000] {dagbag.py:588} INFO - Filling up the DagBag from /opt/airflow/dags/ingestion_postgres_dag.py
[2026-03-31T23:18:11.937+0000] {processor.py:925} INFO - DAG(s) 'ingestion_postgres_tmdb' retrieved from /opt/airflow/dags/ingestion_postgres_dag.py
[2026-03-31T23:18:11.966+0000] {logging_mixin.py:190} INFO - [2026-03-31T23:18:11.966+0000] {dag.py:3239} INFO - Sync 1 DAGs
[2026-03-31T23:18:11.996+0000] {logging_mixin.py:190} INFO - [2026-03-31T23:18:11.996+0000] {dag.py:4180} INFO - Setting next_dagrun for ingestion_postgres_tmdb to 2026-03-02 10:00:00+00:00, run_after=2026-04-06 10:00:00+00:00
[2026-03-31T23:18:12.031+0000] {processor.py:208} INFO - Processing /opt/airflow/dags/ingestion_postgres_dag.py took 0.125 seconds
[2026-03-31T23:18:42.189+0000] {processor.py:186} INFO - Started process (PID=3227) to work on /opt/airflow/dags/ingestion_postgres_dag.py
[2026-03-31T23:18:42.191+0000] {processor.py:914} INFO - Processing file /opt/airflow/dags/ingestion_postgres_dag.py for tasks to queue
[2026-03-31T23:18:42.193+0000] {logging_mixin.py:190} INFO - [2026-03-31T23:18:42.193+0000] {dagbag.py:588} INFO - Filling up the DagBag from /opt/airflow/dags/ingestion_postgres_dag.py
[2026-03-31T23:18:42.215+0000] {processor.py:925} INFO - DAG(s) 'ingestion_postgres_tmdb' retrieved from /opt/airflow/dags/ingestion_postgres_dag.py
[2026-03-31T23:18:42.249+0000] {logging_mixin.py:190} INFO - [2026-03-31T23:18:42.248+0000] {dag.py:3239} INFO - Sync 1 DAGs
[2026-03-31T23:18:42.272+0000] {logging_mixin.py:190} INFO - [2026-03-31T23:18:42.272+0000] {dag.py:4180} INFO - Setting next_dagrun for ingestion_postgres_tmdb to 2026-03-02 10:00:00+00:00, run_after=2026-04-06 10:00:00+00:00
[2026-03-31T23:18:42.292+0000] {processor.py:208} INFO - Processing /opt/airflow/dags/ingestion_postgres_dag.py took 0.110 seconds
[2026-03-31T23:19:12.588+0000] {processor.py:186} INFO - Started process (PID=3237) to work on /opt/airflow/dags/ingestion_postgres_dag.py
[2026-03-31T23:19:12.589+0000] {processor.py:914} INFO - Processing file /opt/airflow/dags/ingestion_postgres_dag.py for tasks to queue
[2026-03-31T23:19:12.594+0000] {logging_mixin.py:190} INFO - [2026-03-31T23:19:12.594+0000] {dagbag.py:588} INFO - Filling up the DagBag from /opt/airflow/dags/ingestion_postgres_dag.py
[2026-03-31T23:19:12.629+0000] {processor.py:925} INFO - DAG(s) 'ingestion_postgres_tmdb' retrieved from /opt/airflow/dags/ingestion_postgres_dag.py
[2026-03-31T23:19:12.663+0000] {logging_mixin.py:190} INFO - [2026-03-31T23:19:12.662+0000] {dag.py:3239} INFO - Sync 1 DAGs
[2026-03-31T23:19:12.691+0000] {logging_mixin.py:190} INFO - [2026-03-31T23:19:12.690+0000] {dag.py:4180} INFO - Setting next_dagrun for ingestion_postgres_tmdb to 2026-03-02 10:00:00+00:00, run_after=2026-04-06 10:00:00+00:00
[2026-03-31T23:19:12.717+0000] {processor.py:208} INFO - Processing /opt/airflow/dags/ingestion_postgres_dag.py took 0.139 seconds
[2026-03-31T23:19:38.021+0000] {processor.py:186} INFO - Started process (PID=3247) to work on /opt/airflow/dags/ingestion_postgres_dag.py
[2026-03-31T23:19:38.022+0000] {processor.py:914} INFO - Processing file /opt/airflow/dags/ingestion_postgres_dag.py for tasks to queue
[2026-03-31T23:19:38.025+0000] {logging_mixin.py:190} INFO - [2026-03-31T23:19:38.024+0000] {dagbag.py:588} INFO - Filling up the DagBag from /opt/airflow/dags/ingestion_postgres_dag.py
[2026-03-31T23:19:38.046+0000] {processor.py:925} INFO - DAG(s) 'ingestion_postgres_tmdb' retrieved from /opt/airflow/dags/ingestion_postgres_dag.py
[2026-03-31T23:19:38.077+0000] {logging_mixin.py:190} INFO - [2026-03-31T23:19:38.077+0000] {dag.py:3239} INFO - Sync 1 DAGs
[2026-03-31T23:19:38.109+0000] {logging_mixin.py:190} INFO - [2026-03-31T23:19:38.108+0000] {dag.py:4180} INFO - Setting next_dagrun for ingestion_postgres_tmdb to 2026-03-02 10:00:00+00:00, run_after=2026-04-06 10:00:00+00:00
[2026-03-31T23:19:38.136+0000] {processor.py:208} INFO - Processing /opt/airflow/dags/ingestion_postgres_dag.py took 0.121 seconds
[2026-03-31T23:20:08.428+0000] {processor.py:186} INFO - Started process (PID=3257) to work on /opt/airflow/dags/ingestion_postgres_dag.py
[2026-03-31T23:20:08.429+0000] {processor.py:914} INFO - Processing file /opt/airflow/dags/ingestion_postgres_dag.py for tasks to queue
[2026-03-31T23:20:08.431+0000] {logging_mixin.py:190} INFO - [2026-03-31T23:20:08.431+0000] {dagbag.py:588} INFO - Filling up the DagBag from /opt/airflow/dags/ingestion_postgres_dag.py
[2026-03-31T23:20:08.450+0000] {processor.py:925} INFO - DAG(s) 'ingestion_postgres_tmdb' retrieved from /opt/airflow/dags/ingestion_postgres_dag.py
[2026-03-31T23:20:08.481+0000] {logging_mixin.py:190} INFO - [2026-03-31T23:20:08.480+0000] {dag.py:3239} INFO - Sync 1 DAGs
[2026-03-31T23:20:08.502+0000] {logging_mixin.py:190} INFO - [2026-03-31T23:20:08.501+0000] {dag.py:4180} INFO - Setting next_dagrun for ingestion_postgres_tmdb to 2026-03-02 10:00:00+00:00, run_after=2026-04-06 10:00:00+00:00
[2026-03-31T23:20:08.522+0000] {processor.py:208} INFO - Processing /opt/airflow/dags/ingestion_postgres_dag.py took 0.101 seconds
[2026-03-31T23:20:38.703+0000] {processor.py:186} INFO - Started process (PID=3267) to work on /opt/airflow/dags/ingestion_postgres_dag.py
[2026-03-31T23:20:38.705+0000] {processor.py:914} INFO - Processing file /opt/airflow/dags/ingestion_postgres_dag.py for tasks to queue
[2026-03-31T23:20:38.708+0000] {logging_mixin.py:190} INFO - [2026-03-31T23:20:38.707+0000] {dagbag.py:588} INFO - Filling up the DagBag from /opt/airflow/dags/ingestion_postgres_dag.py
[2026-03-31T23:20:38.730+0000] {processor.py:925} INFO - DAG(s) 'ingestion_postgres_tmdb' retrieved from /opt/airflow/dags/ingestion_postgres_dag.py
[2026-03-31T23:20:38.765+0000] {logging_mixin.py:190} INFO - [2026-03-31T23:20:38.764+0000] {dag.py:3239} INFO - Sync 1 DAGs
[2026-03-31T23:20:38.791+0000] {logging_mixin.py:190} INFO - [2026-03-31T23:20:38.790+0000] {dag.py:4180} INFO - Setting next_dagrun for ingestion_postgres_tmdb to 2026-03-02 10:00:00+00:00, run_after=2026-04-06 10:00:00+00:00
[2026-03-31T23:20:38.813+0000] {processor.py:208} INFO - Processing /opt/airflow/dags/ingestion_postgres_dag.py took 0.118 seconds
[2026-03-31T23:21:09.095+0000] {processor.py:186} INFO - Started process (PID=3277) to work on /opt/airflow/dags/ingestion_postgres_dag.py
[2026-03-31T23:21:09.096+0000] {processor.py:914} INFO - Processing file /opt/airflow/dags/ingestion_postgres_dag.py for tasks to queue
[2026-03-31T23:21:09.099+0000] {logging_mixin.py:190} INFO - [2026-03-31T23:21:09.098+0000] {dagbag.py:588} INFO - Filling up the DagBag from /opt/airflow/dags/ingestion_postgres_dag.py
[2026-03-31T23:21:09.119+0000] {processor.py:925} INFO - DAG(s) 'ingestion_postgres_tmdb' retrieved from /opt/airflow/dags/ingestion_postgres_dag.py
[2026-03-31T23:21:09.150+0000] {logging_mixin.py:190} INFO - [2026-03-31T23:21:09.150+0000] {dag.py:3239} INFO - Sync 1 DAGs
[2026-03-31T23:21:09.174+0000] {logging_mixin.py:190} INFO - [2026-03-31T23:21:09.174+0000] {dag.py:4180} INFO - Setting next_dagrun for ingestion_postgres_tmdb to 2026-03-02 10:00:00+00:00, run_after=2026-04-06 10:00:00+00:00
[2026-03-31T23:21:09.196+0000] {processor.py:208} INFO - Processing /opt/airflow/dags/ingestion_postgres_dag.py took 0.108 seconds
[2026-03-31T23:21:39.374+0000] {processor.py:186} INFO - Started process (PID=3287) to work on /opt/airflow/dags/ingestion_postgres_dag.py
[2026-03-31T23:21:39.375+0000] {processor.py:914} INFO - Processing file /opt/airflow/dags/ingestion_postgres_dag.py for tasks to queue
[2026-03-31T23:21:39.379+0000] {logging_mixin.py:190} INFO - [2026-03-31T23:21:39.379+0000] {dagbag.py:588} INFO - Filling up the DagBag from /opt/airflow/dags/ingestion_postgres_dag.py
[2026-03-31T23:21:39.402+0000] {processor.py:925} INFO - DAG(s) 'ingestion_postgres_tmdb' retrieved from /opt/airflow/dags/ingestion_postgres_dag.py
[2026-03-31T23:21:39.433+0000] {logging_mixin.py:190} INFO - [2026-03-31T23:21:39.432+0000] {dag.py:3239} INFO - Sync 1 DAGs
[2026-03-31T23:21:39.457+0000] {logging_mixin.py:190} INFO - [2026-03-31T23:21:39.457+0000] {dag.py:4180} INFO - Setting next_dagrun for ingestion_postgres_tmdb to 2026-03-02 10:00:00+00:00, run_after=2026-04-06 10:00:00+00:00
[2026-03-31T23:21:39.477+0000] {processor.py:208} INFO - Processing /opt/airflow/dags/ingestion_postgres_dag.py took 0.112 seconds
[2026-03-31T23:22:09.790+0000] {processor.py:186} INFO - Started process (PID=3297) to work on /opt/airflow/dags/ingestion_postgres_dag.py
[2026-03-31T23:22:09.791+0000] {processor.py:914} INFO - Processing file /opt/airflow/dags/ingestion_postgres_dag.py for tasks to queue
[2026-03-31T23:22:09.795+0000] {logging_mixin.py:190} INFO - [2026-03-31T23:22:09.794+0000] {dagbag.py:588} INFO - Filling up the DagBag from /opt/airflow/dags/ingestion_postgres_dag.py
[2026-03-31T23:22:09.824+0000] {processor.py:925} INFO - DAG(s) 'ingestion_postgres_tmdb' retrieved from /opt/airflow/dags/ingestion_postgres_dag.py
[2026-03-31T23:22:09.855+0000] {logging_mixin.py:190} INFO - [2026-03-31T23:22:09.855+0000] {dag.py:3239} INFO - Sync 1 DAGs
[2026-03-31T23:22:09.881+0000] {logging_mixin.py:190} INFO - [2026-03-31T23:22:09.881+0000] {dag.py:4180} INFO - Setting next_dagrun for ingestion_postgres_tmdb to 2026-03-02 10:00:00+00:00, run_after=2026-04-06 10:00:00+00:00
[2026-03-31T23:22:09.910+0000] {processor.py:208} INFO - Processing /opt/airflow/dags/ingestion_postgres_dag.py took 0.130 seconds
[2026-03-31T23:22:40.212+0000] {processor.py:186} INFO - Started process (PID=3307) to work on /opt/airflow/dags/ingestion_postgres_dag.py
[2026-03-31T23:22:40.213+0000] {processor.py:914} INFO - Processing file /opt/airflow/dags/ingestion_postgres_dag.py for tasks to queue
[2026-03-31T23:22:40.215+0000] {logging_mixin.py:190} INFO - [2026-03-31T23:22:40.215+0000] {dagbag.py:588} INFO - Filling up the DagBag from /opt/airflow/dags/ingestion_postgres_dag.py
[2026-03-31T23:22:40.234+0000] {processor.py:925} INFO - DAG(s) 'ingestion_postgres_tmdb' retrieved from /opt/airflow/dags/ingestion_postgres_dag.py
[2026-03-31T23:22:40.259+0000] {logging_mixin.py:190} INFO - [2026-03-31T23:22:40.259+0000] {dag.py:3239} INFO - Sync 1 DAGs
[2026-03-31T23:22:40.284+0000] {logging_mixin.py:190} INFO - [2026-03-31T23:22:40.284+0000] {dag.py:4180} INFO - Setting next_dagrun for ingestion_postgres_tmdb to 2026-03-02 10:00:00+00:00, run_after=2026-04-06 10:00:00+00:00
[2026-03-31T23:22:40.304+0000] {processor.py:208} INFO - Processing /opt/airflow/dags/ingestion_postgres_dag.py took 0.099 seconds
[2026-03-31T23:23:10.675+0000] {processor.py:186} INFO - Started process (PID=3317) to work on /opt/airflow/dags/ingestion_postgres_dag.py
[2026-03-31T23:23:10.676+0000] {processor.py:914} INFO - Processing file /opt/airflow/dags/ingestion_postgres_dag.py for tasks to queue
[2026-03-31T23:23:10.681+0000] {logging_mixin.py:190} INFO - [2026-03-31T23:23:10.680+0000] {dagbag.py:588} INFO - Filling up the DagBag from /opt/airflow/dags/ingestion_postgres_dag.py
[2026-03-31T23:23:10.715+0000] {processor.py:925} INFO - DAG(s) 'ingestion_postgres_tmdb' retrieved from /opt/airflow/dags/ingestion_postgres_dag.py
[2026-03-31T23:23:10.766+0000] {logging_mixin.py:190} INFO - [2026-03-31T23:23:10.766+0000] {dag.py:3239} INFO - Sync 1 DAGs
[2026-03-31T23:23:10.792+0000] {logging_mixin.py:190} INFO - [2026-03-31T23:23:10.792+0000] {dag.py:4180} INFO - Setting next_dagrun for ingestion_postgres_tmdb to 2026-03-02 10:00:00+00:00, run_after=2026-04-06 10:00:00+00:00
[2026-03-31T23:23:10.815+0000] {processor.py:208} INFO - Processing /opt/airflow/dags/ingestion_postgres_dag.py took 0.148 seconds
[2026-03-31T23:23:41.102+0000] {processor.py:186} INFO - Started process (PID=3327) to work on /opt/airflow/dags/ingestion_postgres_dag.py
[2026-03-31T23:23:41.103+0000] {processor.py:914} INFO - Processing file /opt/airflow/dags/ingestion_postgres_dag.py for tasks to queue
[2026-03-31T23:23:41.105+0000] {logging_mixin.py:190} INFO - [2026-03-31T23:23:41.105+0000] {dagbag.py:588} INFO - Filling up the DagBag from /opt/airflow/dags/ingestion_postgres_dag.py
[2026-03-31T23:23:41.131+0000] {processor.py:925} INFO - DAG(s) 'ingestion_postgres_tmdb' retrieved from /opt/airflow/dags/ingestion_postgres_dag.py
[2026-03-31T23:23:41.166+0000] {logging_mixin.py:190} INFO - [2026-03-31T23:23:41.166+0000] {dag.py:3239} INFO - Sync 1 DAGs
[2026-03-31T23:23:41.196+0000] {logging_mixin.py:190} INFO - [2026-03-31T23:23:41.196+0000] {dag.py:4180} INFO - Setting next_dagrun for ingestion_postgres_tmdb to 2026-03-02 10:00:00+00:00, run_after=2026-04-06 10:00:00+00:00
[2026-03-31T23:23:41.223+0000] {processor.py:208} INFO - Processing /opt/airflow/dags/ingestion_postgres_dag.py took 0.127 seconds
[2026-03-31T23:24:11.533+0000] {processor.py:186} INFO - Started process (PID=3337) to work on /opt/airflow/dags/ingestion_postgres_dag.py
[2026-03-31T23:24:11.534+0000] {processor.py:914} INFO - Processing file /opt/airflow/dags/ingestion_postgres_dag.py for tasks to queue
[2026-03-31T23:24:11.537+0000] {logging_mixin.py:190} INFO - [2026-03-31T23:24:11.537+0000] {dagbag.py:588} INFO - Filling up the DagBag from /opt/airflow/dags/ingestion_postgres_dag.py
[2026-03-31T23:24:11.558+0000] {processor.py:925} INFO - DAG(s) 'ingestion_postgres_tmdb' retrieved from /opt/airflow/dags/ingestion_postgres_dag.py
[2026-03-31T23:24:11.595+0000] {logging_mixin.py:190} INFO - [2026-03-31T23:24:11.594+0000] {dag.py:3239} INFO - Sync 1 DAGs
[2026-03-31T23:24:11.621+0000] {logging_mixin.py:190} INFO - [2026-03-31T23:24:11.621+0000] {dag.py:4180} INFO - Setting next_dagrun for ingestion_postgres_tmdb to 2026-03-02 10:00:00+00:00, run_after=2026-04-06 10:00:00+00:00
[2026-03-31T23:24:11.645+0000] {processor.py:208} INFO - Processing /opt/airflow/dags/ingestion_postgres_dag.py took 0.120 seconds
[2026-03-31T23:24:41.838+0000] {processor.py:186} INFO - Started process (PID=3347) to work on /opt/airflow/dags/ingestion_postgres_dag.py
[2026-03-31T23:24:41.839+0000] {processor.py:914} INFO - Processing file /opt/airflow/dags/ingestion_postgres_dag.py for tasks to queue
[2026-03-31T23:24:41.841+0000] {logging_mixin.py:190} INFO - [2026-03-31T23:24:41.841+0000] {dagbag.py:588} INFO - Filling up the DagBag from /opt/airflow/dags/ingestion_postgres_dag.py
[2026-03-31T23:24:41.863+0000] {processor.py:925} INFO - DAG(s) 'ingestion_postgres_tmdb' retrieved from /opt/airflow/dags/ingestion_postgres_dag.py
[2026-03-31T23:24:41.892+0000] {logging_mixin.py:190} INFO - [2026-03-31T23:24:41.892+0000] {dag.py:3239} INFO - Sync 1 DAGs
[2026-03-31T23:24:41.916+0000] {logging_mixin.py:190} INFO - [2026-03-31T23:24:41.916+0000] {dag.py:4180} INFO - Setting next_dagrun for ingestion_postgres_tmdb to 2026-03-02 10:00:00+00:00, run_after=2026-04-06 10:00:00+00:00
[2026-03-31T23:24:41.938+0000] {processor.py:208} INFO - Processing /opt/airflow/dags/ingestion_postgres_dag.py took 0.108 seconds
[2026-03-31T23:25:12.226+0000] {processor.py:186} INFO - Started process (PID=3357) to work on /opt/airflow/dags/ingestion_postgres_dag.py
[2026-03-31T23:25:12.227+0000] {processor.py:914} INFO - Processing file /opt/airflow/dags/ingestion_postgres_dag.py for tasks to queue
[2026-03-31T23:25:12.229+0000] {logging_mixin.py:190} INFO - [2026-03-31T23:25:12.228+0000] {dagbag.py:588} INFO - Filling up the DagBag from /opt/airflow/dags/ingestion_postgres_dag.py
[2026-03-31T23:25:12.248+0000] {processor.py:925} INFO - DAG(s) 'ingestion_postgres_tmdb' retrieved from /opt/airflow/dags/ingestion_postgres_dag.py
[2026-03-31T23:25:12.274+0000] {logging_mixin.py:190} INFO - [2026-03-31T23:25:12.274+0000] {dag.py:3239} INFO - Sync 1 DAGs
[2026-03-31T23:25:12.297+0000] {logging_mixin.py:190} INFO - [2026-03-31T23:25:12.296+0000] {dag.py:4180} INFO - Setting next_dagrun for ingestion_postgres_tmdb to 2026-03-02 10:00:00+00:00, run_after=2026-04-06 10:00:00+00:00
[2026-03-31T23:25:12.316+0000] {processor.py:208} INFO - Processing /opt/airflow/dags/ingestion_postgres_dag.py took 0.097 seconds
[2026-03-31T23:25:42.499+0000] {processor.py:186} INFO - Started process (PID=3367) to work on /opt/airflow/dags/ingestion_postgres_dag.py
[2026-03-31T23:25:42.500+0000] {processor.py:914} INFO - Processing file /opt/airflow/dags/ingestion_postgres_dag.py for tasks to queue
[2026-03-31T23:25:42.503+0000] {logging_mixin.py:190} INFO - [2026-03-31T23:25:42.503+0000] {dagbag.py:588} INFO - Filling up the DagBag from /opt/airflow/dags/ingestion_postgres_dag.py
[2026-03-31T23:25:42.523+0000] {processor.py:925} INFO - DAG(s) 'ingestion_postgres_tmdb' retrieved from /opt/airflow/dags/ingestion_postgres_dag.py
[2026-03-31T23:25:42.557+0000] {logging_mixin.py:190} INFO - [2026-03-31T23:25:42.556+0000] {dag.py:3239} INFO - Sync 1 DAGs
[2026-03-31T23:25:42.581+0000] {logging_mixin.py:190} INFO - [2026-03-31T23:25:42.581+0000] {dag.py:4180} INFO - Setting next_dagrun for ingestion_postgres_tmdb to 2026-03-02 10:00:00+00:00, run_after=2026-04-06 10:00:00+00:00
[2026-03-31T23:25:42.601+0000] {processor.py:208} INFO - Processing /opt/airflow/dags/ingestion_postgres_dag.py took 0.108 seconds
[2026-03-31T23:26:12.907+0000] {processor.py:186} INFO - Started process (PID=3377) to work on /opt/airflow/dags/ingestion_postgres_dag.py
[2026-03-31T23:26:12.908+0000] {processor.py:914} INFO - Processing file /opt/airflow/dags/ingestion_postgres_dag.py for tasks to queue
[2026-03-31T23:26:12.911+0000] {logging_mixin.py:190} INFO - [2026-03-31T23:26:12.911+0000] {dagbag.py:588} INFO - Filling up the DagBag from /opt/airflow/dags/ingestion_postgres_dag.py
[2026-03-31T23:26:12.929+0000] {processor.py:925} INFO - DAG(s) 'ingestion_postgres_tmdb' retrieved from /opt/airflow/dags/ingestion_postgres_dag.py
[2026-03-31T23:26:12.957+0000] {logging_mixin.py:190} INFO - [2026-03-31T23:26:12.957+0000] {dag.py:3239} INFO - Sync 1 DAGs
[2026-03-31T23:26:12.982+0000] {logging_mixin.py:190} INFO - [2026-03-31T23:26:12.982+0000] {dag.py:4180} INFO - Setting next_dagrun for ingestion_postgres_tmdb to 2026-03-02 10:00:00+00:00, run_after=2026-04-06 10:00:00+00:00
[2026-03-31T23:26:13.001+0000] {processor.py:208} INFO - Processing /opt/airflow/dags/ingestion_postgres_dag.py took 0.102 seconds
[2026-03-31T23:26:43.130+0000] {processor.py:186} INFO - Started process (PID=3387) to work on /opt/airflow/dags/ingestion_postgres_dag.py
[2026-03-31T23:26:43.131+0000] {processor.py:914} INFO - Processing file /opt/airflow/dags/ingestion_postgres_dag.py for tasks to queue
[2026-03-31T23:26:43.134+0000] {logging_mixin.py:190} INFO - [2026-03-31T23:26:43.133+0000] {dagbag.py:588} INFO - Filling up the DagBag from /opt/airflow/dags/ingestion_postgres_dag.py
[2026-03-31T23:26:43.160+0000] {processor.py:925} INFO - DAG(s) 'ingestion_postgres_tmdb' retrieved from /opt/airflow/dags/ingestion_postgres_dag.py
[2026-03-31T23:26:43.194+0000] {logging_mixin.py:190} INFO - [2026-03-31T23:26:43.193+0000] {dag.py:3239} INFO - Sync 1 DAGs
[2026-03-31T23:26:43.221+0000] {logging_mixin.py:190} INFO - [2026-03-31T23:26:43.221+0000] {dag.py:4180} INFO - Setting next_dagrun for ingestion_postgres_tmdb to 2026-03-02 10:00:00+00:00, run_after=2026-04-06 10:00:00+00:00
[2026-03-31T23:26:43.246+0000] {processor.py:208} INFO - Processing /opt/airflow/dags/ingestion_postgres_dag.py took 0.122 seconds
[2026-03-31T23:27:13.700+0000] {processor.py:186} INFO - Started process (PID=3397) to work on /opt/airflow/dags/ingestion_postgres_dag.py
[2026-03-31T23:27:13.701+0000] {processor.py:914} INFO - Processing file /opt/airflow/dags/ingestion_postgres_dag.py for tasks to queue
[2026-03-31T23:27:13.704+0000] {logging_mixin.py:190} INFO - [2026-03-31T23:27:13.703+0000] {dagbag.py:588} INFO - Filling up the DagBag from /opt/airflow/dags/ingestion_postgres_dag.py
[2026-03-31T23:27:13.726+0000] {processor.py:925} INFO - DAG(s) 'ingestion_postgres_tmdb' retrieved from /opt/airflow/dags/ingestion_postgres_dag.py
[2026-03-31T23:27:13.753+0000] {logging_mixin.py:190} INFO - [2026-03-31T23:27:13.753+0000] {dag.py:3239} INFO - Sync 1 DAGs
[2026-03-31T23:27:13.781+0000] {logging_mixin.py:190} INFO - [2026-03-31T23:27:13.780+0000] {dag.py:4180} INFO - Setting next_dagrun for ingestion_postgres_tmdb to 2026-03-02 10:00:00+00:00, run_after=2026-04-06 10:00:00+00:00
[2026-03-31T23:27:13.810+0000] {processor.py:208} INFO - Processing /opt/airflow/dags/ingestion_postgres_dag.py took 0.118 seconds
[2026-03-31T23:27:44.115+0000] {processor.py:186} INFO - Started process (PID=3407) to work on /opt/airflow/dags/ingestion_postgres_dag.py
[2026-03-31T23:27:44.118+0000] {processor.py:914} INFO - Processing file /opt/airflow/dags/ingestion_postgres_dag.py for tasks to queue
[2026-03-31T23:27:44.121+0000] {logging_mixin.py:190} INFO - [2026-03-31T23:27:44.121+0000] {dagbag.py:588} INFO - Filling up the DagBag from /opt/airflow/dags/ingestion_postgres_dag.py
[2026-03-31T23:27:44.154+0000] {processor.py:925} INFO - DAG(s) 'ingestion_postgres_tmdb' retrieved from /opt/airflow/dags/ingestion_postgres_dag.py
[2026-03-31T23:27:44.185+0000] {logging_mixin.py:190} INFO - [2026-03-31T23:27:44.185+0000] {dag.py:3239} INFO - Sync 1 DAGs
[2026-03-31T23:27:44.210+0000] {logging_mixin.py:190} INFO - [2026-03-31T23:27:44.210+0000] {dag.py:4180} INFO - Setting next_dagrun for ingestion_postgres_tmdb to 2026-03-02 10:00:00+00:00, run_after=2026-04-06 10:00:00+00:00
[2026-03-31T23:27:44.240+0000] {processor.py:208} INFO - Processing /opt/airflow/dags/ingestion_postgres_dag.py took 0.134 seconds
[2026-03-31T23:28:15.058+0000] {processor.py:186} INFO - Started process (PID=3417) to work on /opt/airflow/dags/ingestion_postgres_dag.py
[2026-03-31T23:28:15.059+0000] {processor.py:914} INFO - Processing file /opt/airflow/dags/ingestion_postgres_dag.py for tasks to queue
[2026-03-31T23:28:15.065+0000] {logging_mixin.py:190} INFO - [2026-03-31T23:28:15.064+0000] {dagbag.py:588} INFO - Filling up the DagBag from /opt/airflow/dags/ingestion_postgres_dag.py
[2026-03-31T23:28:15.089+0000] {processor.py:925} INFO - DAG(s) 'ingestion_postgres_tmdb' retrieved from /opt/airflow/dags/ingestion_postgres_dag.py
[2026-03-31T23:28:15.117+0000] {logging_mixin.py:190} INFO - [2026-03-31T23:28:15.117+0000] {dag.py:3239} INFO - Sync 1 DAGs
[2026-03-31T23:28:15.162+0000] {logging_mixin.py:190} INFO - [2026-03-31T23:28:15.162+0000] {dag.py:4180} INFO - Setting next_dagrun for ingestion_postgres_tmdb to 2026-03-02 10:00:00+00:00, run_after=2026-04-06 10:00:00+00:00
[2026-03-31T23:28:15.190+0000] {processor.py:208} INFO - Processing /opt/airflow/dags/ingestion_postgres_dag.py took 0.142 seconds
[2026-03-31T23:28:45.541+0000] {processor.py:186} INFO - Started process (PID=3427) to work on /opt/airflow/dags/ingestion_postgres_dag.py
[2026-03-31T23:28:45.546+0000] {processor.py:914} INFO - Processing file /opt/airflow/dags/ingestion_postgres_dag.py for tasks to queue
[2026-03-31T23:28:45.553+0000] {logging_mixin.py:190} INFO - [2026-03-31T23:28:45.552+0000] {dagbag.py:588} INFO - Filling up the DagBag from /opt/airflow/dags/ingestion_postgres_dag.py
[2026-03-31T23:28:45.577+0000] {processor.py:925} INFO - DAG(s) 'ingestion_postgres_tmdb' retrieved from /opt/airflow/dags/ingestion_postgres_dag.py
[2026-03-31T23:28:45.620+0000] {logging_mixin.py:190} INFO - [2026-03-31T23:28:45.620+0000] {dag.py:3239} INFO - Sync 1 DAGs
[2026-03-31T23:28:45.660+0000] {logging_mixin.py:190} INFO - [2026-03-31T23:28:45.660+0000] {dag.py:4180} INFO - Setting next_dagrun for ingestion_postgres_tmdb to 2026-03-02 10:00:00+00:00, run_after=2026-04-06 10:00:00+00:00
[2026-03-31T23:28:45.682+0000] {processor.py:208} INFO - Processing /opt/airflow/dags/ingestion_postgres_dag.py took 0.153 seconds
[2026-03-31T23:29:13.968+0000] {processor.py:186} INFO - Started process (PID=3437) to work on /opt/airflow/dags/ingestion_postgres_dag.py
[2026-03-31T23:29:13.969+0000] {processor.py:914} INFO - Processing file /opt/airflow/dags/ingestion_postgres_dag.py for tasks to queue
[2026-03-31T23:29:13.975+0000] {logging_mixin.py:190} INFO - [2026-03-31T23:29:13.975+0000] {dagbag.py:588} INFO - Filling up the DagBag from /opt/airflow/dags/ingestion_postgres_dag.py
[2026-03-31T23:29:14.009+0000] {processor.py:925} INFO - DAG(s) 'ingestion_postgres_tmdb' retrieved from /opt/airflow/dags/ingestion_postgres_dag.py
[2026-03-31T23:29:14.038+0000] {logging_mixin.py:190} INFO - [2026-03-31T23:29:14.038+0000] {dag.py:3239} INFO - Sync 1 DAGs
[2026-03-31T23:29:14.060+0000] {logging_mixin.py:190} INFO - [2026-03-31T23:29:14.060+0000] {dag.py:4180} INFO - Setting next_dagrun for ingestion_postgres_tmdb to 2026-03-02 10:00:00+00:00, run_after=2026-04-06 10:00:00+00:00
[2026-03-31T23:29:14.082+0000] {processor.py:208} INFO - Processing /opt/airflow/dags/ingestion_postgres_dag.py took 0.121 seconds
[2026-03-31T23:29:44.431+0000] {processor.py:186} INFO - Started process (PID=3447) to work on /opt/airflow/dags/ingestion_postgres_dag.py
[2026-03-31T23:29:44.432+0000] {processor.py:914} INFO - Processing file /opt/airflow/dags/ingestion_postgres_dag.py for tasks to queue
[2026-03-31T23:29:44.434+0000] {logging_mixin.py:190} INFO - [2026-03-31T23:29:44.434+0000] {dagbag.py:588} INFO - Filling up the DagBag from /opt/airflow/dags/ingestion_postgres_dag.py
[2026-03-31T23:29:44.464+0000] {processor.py:925} INFO - DAG(s) 'ingestion_postgres_tmdb' retrieved from /opt/airflow/dags/ingestion_postgres_dag.py
[2026-03-31T23:29:44.499+0000] {logging_mixin.py:190} INFO - [2026-03-31T23:29:44.499+0000] {dag.py:3239} INFO - Sync 1 DAGs
[2026-03-31T23:29:44.528+0000] {logging_mixin.py:190} INFO - [2026-03-31T23:29:44.528+0000] {dag.py:4180} INFO - Setting next_dagrun for ingestion_postgres_tmdb to 2026-03-02 10:00:00+00:00, run_after=2026-04-06 10:00:00+00:00
[2026-03-31T23:29:44.548+0000] {processor.py:208} INFO - Processing /opt/airflow/dags/ingestion_postgres_dag.py took 0.125 seconds
[2026-03-31T23:30:14.842+0000] {processor.py:186} INFO - Started process (PID=3457) to work on /opt/airflow/dags/ingestion_postgres_dag.py
[2026-03-31T23:30:14.843+0000] {processor.py:914} INFO - Processing file /opt/airflow/dags/ingestion_postgres_dag.py for tasks to queue
[2026-03-31T23:30:14.845+0000] {logging_mixin.py:190} INFO - [2026-03-31T23:30:14.845+0000] {dagbag.py:588} INFO - Filling up the DagBag from /opt/airflow/dags/ingestion_postgres_dag.py
[2026-03-31T23:30:14.865+0000] {processor.py:925} INFO - DAG(s) 'ingestion_postgres_tmdb' retrieved from /opt/airflow/dags/ingestion_postgres_dag.py
[2026-03-31T23:30:14.894+0000] {logging_mixin.py:190} INFO - [2026-03-31T23:30:14.894+0000] {dag.py:3239} INFO - Sync 1 DAGs
[2026-03-31T23:30:14.919+0000] {logging_mixin.py:190} INFO - [2026-03-31T23:30:14.918+0000] {dag.py:4180} INFO - Setting next_dagrun for ingestion_postgres_tmdb to 2026-03-02 10:00:00+00:00, run_after=2026-04-06 10:00:00+00:00
[2026-03-31T23:30:14.939+0000] {processor.py:208} INFO - Processing /opt/airflow/dags/ingestion_postgres_dag.py took 0.104 seconds
[2026-03-31T23:30:44.137+0000] {processor.py:186} INFO - Started process (PID=3467) to work on /opt/airflow/dags/ingestion_postgres_dag.py
[2026-03-31T23:30:44.138+0000] {processor.py:914} INFO - Processing file /opt/airflow/dags/ingestion_postgres_dag.py for tasks to queue
[2026-03-31T23:30:44.141+0000] {logging_mixin.py:190} INFO - [2026-03-31T23:30:44.140+0000] {dagbag.py:588} INFO - Filling up the DagBag from /opt/airflow/dags/ingestion_postgres_dag.py
[2026-03-31T23:30:44.169+0000] {processor.py:925} INFO - DAG(s) 'ingestion_postgres_tmdb' retrieved from /opt/airflow/dags/ingestion_postgres_dag.py
[2026-03-31T23:30:44.215+0000] {logging_mixin.py:190} INFO - [2026-03-31T23:30:44.215+0000] {dag.py:3239} INFO - Sync 1 DAGs
[2026-03-31T23:30:44.240+0000] {logging_mixin.py:190} INFO - [2026-03-31T23:30:44.240+0000] {dag.py:4180} INFO - Setting next_dagrun for ingestion_postgres_tmdb to 2026-03-02 10:00:00+00:00, run_after=2026-04-06 10:00:00+00:00
[2026-03-31T23:30:44.291+0000] {processor.py:208} INFO - Processing /opt/airflow/dags/ingestion_postgres_dag.py took 0.164 seconds
[2026-03-31T23:31:14.580+0000] {processor.py:186} INFO - Started process (PID=3477) to work on /opt/airflow/dags/ingestion_postgres_dag.py
[2026-03-31T23:31:14.581+0000] {processor.py:914} INFO - Processing file /opt/airflow/dags/ingestion_postgres_dag.py for tasks to queue
[2026-03-31T23:31:14.583+0000] {logging_mixin.py:190} INFO - [2026-03-31T23:31:14.583+0000] {dagbag.py:588} INFO - Filling up the DagBag from /opt/airflow/dags/ingestion_postgres_dag.py
[2026-03-31T23:31:14.604+0000] {processor.py:925} INFO - DAG(s) 'ingestion_postgres_tmdb' retrieved from /opt/airflow/dags/ingestion_postgres_dag.py
[2026-03-31T23:31:14.633+0000] {logging_mixin.py:190} INFO - [2026-03-31T23:31:14.633+0000] {dag.py:3239} INFO - Sync 1 DAGs
[2026-03-31T23:31:14.657+0000] {logging_mixin.py:190} INFO - [2026-03-31T23:31:14.657+0000] {dag.py:4180} INFO - Setting next_dagrun for ingestion_postgres_tmdb to 2026-03-02 10:00:00+00:00, run_after=2026-04-06 10:00:00+00:00
[2026-03-31T23:31:14.679+0000] {processor.py:208} INFO - Processing /opt/airflow/dags/ingestion_postgres_dag.py took 0.106 seconds
[2026-03-31T23:31:44.987+0000] {processor.py:186} INFO - Started process (PID=3487) to work on /opt/airflow/dags/ingestion_postgres_dag.py
[2026-03-31T23:31:44.988+0000] {processor.py:914} INFO - Processing file /opt/airflow/dags/ingestion_postgres_dag.py for tasks to queue
[2026-03-31T23:31:44.991+0000] {logging_mixin.py:190} INFO - [2026-03-31T23:31:44.991+0000] {dagbag.py:588} INFO - Filling up the DagBag from /opt/airflow/dags/ingestion_postgres_dag.py
[2026-03-31T23:31:45.011+0000] {processor.py:925} INFO - DAG(s) 'ingestion_postgres_tmdb' retrieved from /opt/airflow/dags/ingestion_postgres_dag.py
[2026-03-31T23:31:45.041+0000] {logging_mixin.py:190} INFO - [2026-03-31T23:31:45.041+0000] {dag.py:3239} INFO - Sync 1 DAGs
[2026-03-31T23:31:45.068+0000] {logging_mixin.py:190} INFO - [2026-03-31T23:31:45.067+0000] {dag.py:4180} INFO - Setting next_dagrun for ingestion_postgres_tmdb to 2026-03-02 10:00:00+00:00, run_after=2026-04-06 10:00:00+00:00
[2026-03-31T23:31:45.087+0000] {processor.py:208} INFO - Processing /opt/airflow/dags/ingestion_postgres_dag.py took 0.108 seconds
[2026-03-31T23:32:15.262+0000] {processor.py:186} INFO - Started process (PID=3497) to work on /opt/airflow/dags/ingestion_postgres_dag.py
[2026-03-31T23:32:15.263+0000] {processor.py:914} INFO - Processing file /opt/airflow/dags/ingestion_postgres_dag.py for tasks to queue
[2026-03-31T23:32:15.265+0000] {logging_mixin.py:190} INFO - [2026-03-31T23:32:15.265+0000] {dagbag.py:588} INFO - Filling up the DagBag from /opt/airflow/dags/ingestion_postgres_dag.py
[2026-03-31T23:32:15.288+0000] {processor.py:925} INFO - DAG(s) 'ingestion_postgres_tmdb' retrieved from /opt/airflow/dags/ingestion_postgres_dag.py
[2026-03-31T23:32:15.319+0000] {logging_mixin.py:190} INFO - [2026-03-31T23:32:15.319+0000] {dag.py:3239} INFO - Sync 1 DAGs
[2026-03-31T23:32:15.344+0000] {logging_mixin.py:190} INFO - [2026-03-31T23:32:15.343+0000] {dag.py:4180} INFO - Setting next_dagrun for ingestion_postgres_tmdb to 2026-03-02 10:00:00+00:00, run_after=2026-04-06 10:00:00+00:00
[2026-03-31T23:32:15.366+0000] {processor.py:208} INFO - Processing /opt/airflow/dags/ingestion_postgres_dag.py took 0.112 seconds
[2026-03-31T23:32:45.685+0000] {processor.py:186} INFO - Started process (PID=3507) to work on /opt/airflow/dags/ingestion_postgres_dag.py
[2026-03-31T23:32:45.686+0000] {processor.py:914} INFO - Processing file /opt/airflow/dags/ingestion_postgres_dag.py for tasks to queue
[2026-03-31T23:32:45.689+0000] {logging_mixin.py:190} INFO - [2026-03-31T23:32:45.688+0000] {dagbag.py:588} INFO - Filling up the DagBag from /opt/airflow/dags/ingestion_postgres_dag.py
[2026-03-31T23:32:45.713+0000] {processor.py:925} INFO - DAG(s) 'ingestion_postgres_tmdb' retrieved from /opt/airflow/dags/ingestion_postgres_dag.py
[2026-03-31T23:32:45.744+0000] {logging_mixin.py:190} INFO - [2026-03-31T23:32:45.744+0000] {dag.py:3239} INFO - Sync 1 DAGs
[2026-03-31T23:32:45.769+0000] {logging_mixin.py:190} INFO - [2026-03-31T23:32:45.769+0000] {dag.py:4180} INFO - Setting next_dagrun for ingestion_postgres_tmdb to 2026-03-02 10:00:00+00:00, run_after=2026-04-06 10:00:00+00:00
[2026-03-31T23:32:45.793+0000] {processor.py:208} INFO - Processing /opt/airflow/dags/ingestion_postgres_dag.py took 0.117 seconds
[2026-03-31T23:33:16.103+0000] {processor.py:186} INFO - Started process (PID=3517) to work on /opt/airflow/dags/ingestion_postgres_dag.py
[2026-03-31T23:33:16.105+0000] {processor.py:914} INFO - Processing file /opt/airflow/dags/ingestion_postgres_dag.py for tasks to queue
[2026-03-31T23:33:16.109+0000] {logging_mixin.py:190} INFO - [2026-03-31T23:33:16.108+0000] {dagbag.py:588} INFO - Filling up the DagBag from /opt/airflow/dags/ingestion_postgres_dag.py
[2026-03-31T23:33:16.144+0000] {processor.py:925} INFO - DAG(s) 'ingestion_postgres_tmdb' retrieved from /opt/airflow/dags/ingestion_postgres_dag.py
[2026-03-31T23:33:16.182+0000] {logging_mixin.py:190} INFO - [2026-03-31T23:33:16.182+0000] {dag.py:3239} INFO - Sync 1 DAGs
[2026-03-31T23:33:16.209+0000] {logging_mixin.py:190} INFO - [2026-03-31T23:33:16.209+0000] {dag.py:4180} INFO - Setting next_dagrun for ingestion_postgres_tmdb to 2026-03-02 10:00:00+00:00, run_after=2026-04-06 10:00:00+00:00
[2026-03-31T23:33:16.238+0000] {processor.py:208} INFO - Processing /opt/airflow/dags/ingestion_postgres_dag.py took 0.144 seconds
[2026-03-31T23:33:46.561+0000] {processor.py:186} INFO - Started process (PID=3527) to work on /opt/airflow/dags/ingestion_postgres_dag.py
[2026-03-31T23:33:46.562+0000] {processor.py:914} INFO - Processing file /opt/airflow/dags/ingestion_postgres_dag.py for tasks to queue
[2026-03-31T23:33:46.565+0000] {logging_mixin.py:190} INFO - [2026-03-31T23:33:46.565+0000] {dagbag.py:588} INFO - Filling up the DagBag from /opt/airflow/dags/ingestion_postgres_dag.py
[2026-03-31T23:33:46.599+0000] {processor.py:925} INFO - DAG(s) 'ingestion_postgres_tmdb' retrieved from /opt/airflow/dags/ingestion_postgres_dag.py
[2026-03-31T23:33:46.634+0000] {logging_mixin.py:190} INFO - [2026-03-31T23:33:46.633+0000] {dag.py:3239} INFO - Sync 1 DAGs
[2026-03-31T23:33:46.663+0000] {logging_mixin.py:190} INFO - [2026-03-31T23:33:46.662+0000] {dag.py:4180} INFO - Setting next_dagrun for ingestion_postgres_tmdb to 2026-03-02 10:00:00+00:00, run_after=2026-04-06 10:00:00+00:00
[2026-03-31T23:33:46.690+0000] {processor.py:208} INFO - Processing /opt/airflow/dags/ingestion_postgres_dag.py took 0.136 seconds
[2026-03-31T23:34:17.014+0000] {processor.py:186} INFO - Started process (PID=3537) to work on /opt/airflow/dags/ingestion_postgres_dag.py
[2026-03-31T23:34:17.015+0000] {processor.py:914} INFO - Processing file /opt/airflow/dags/ingestion_postgres_dag.py for tasks to queue
[2026-03-31T23:34:17.018+0000] {logging_mixin.py:190} INFO - [2026-03-31T23:34:17.017+0000] {dagbag.py:588} INFO - Filling up the DagBag from /opt/airflow/dags/ingestion_postgres_dag.py
[2026-03-31T23:34:17.049+0000] {processor.py:925} INFO - DAG(s) 'ingestion_postgres_tmdb' retrieved from /opt/airflow/dags/ingestion_postgres_dag.py
[2026-03-31T23:34:17.084+0000] {logging_mixin.py:190} INFO - [2026-03-31T23:34:17.084+0000] {dag.py:3239} INFO - Sync 1 DAGs
[2026-03-31T23:34:17.109+0000] {logging_mixin.py:190} INFO - [2026-03-31T23:34:17.109+0000] {dag.py:4180} INFO - Setting next_dagrun for ingestion_postgres_tmdb to 2026-03-02 10:00:00+00:00, run_after=2026-04-06 10:00:00+00:00
[2026-03-31T23:34:17.129+0000] {processor.py:208} INFO - Processing /opt/airflow/dags/ingestion_postgres_dag.py took 0.122 seconds
[2026-03-31T23:34:47.472+0000] {processor.py:186} INFO - Started process (PID=3547) to work on /opt/airflow/dags/ingestion_postgres_dag.py
[2026-03-31T23:34:47.473+0000] {processor.py:914} INFO - Processing file /opt/airflow/dags/ingestion_postgres_dag.py for tasks to queue
[2026-03-31T23:34:47.476+0000] {logging_mixin.py:190} INFO - [2026-03-31T23:34:47.475+0000] {dagbag.py:588} INFO - Filling up the DagBag from /opt/airflow/dags/ingestion_postgres_dag.py
[2026-03-31T23:34:47.498+0000] {processor.py:925} INFO - DAG(s) 'ingestion_postgres_tmdb' retrieved from /opt/airflow/dags/ingestion_postgres_dag.py
[2026-03-31T23:34:47.527+0000] {logging_mixin.py:190} INFO - [2026-03-31T23:34:47.527+0000] {dag.py:3239} INFO - Sync 1 DAGs
[2026-03-31T23:34:47.551+0000] {logging_mixin.py:190} INFO - [2026-03-31T23:34:47.551+0000] {dag.py:4180} INFO - Setting next_dagrun for ingestion_postgres_tmdb to 2026-03-02 10:00:00+00:00, run_after=2026-04-06 10:00:00+00:00
[2026-03-31T23:34:47.571+0000] {processor.py:208} INFO - Processing /opt/airflow/dags/ingestion_postgres_dag.py took 0.106 seconds
[2026-03-31T23:35:17.868+0000] {processor.py:186} INFO - Started process (PID=3557) to work on /opt/airflow/dags/ingestion_postgres_dag.py
[2026-03-31T23:35:17.869+0000] {processor.py:914} INFO - Processing file /opt/airflow/dags/ingestion_postgres_dag.py for tasks to queue
[2026-03-31T23:35:17.872+0000] {logging_mixin.py:190} INFO - [2026-03-31T23:35:17.872+0000] {dagbag.py:588} INFO - Filling up the DagBag from /opt/airflow/dags/ingestion_postgres_dag.py
[2026-03-31T23:35:17.891+0000] {processor.py:925} INFO - DAG(s) 'ingestion_postgres_tmdb' retrieved from /opt/airflow/dags/ingestion_postgres_dag.py
[2026-03-31T23:35:17.918+0000] {logging_mixin.py:190} INFO - [2026-03-31T23:35:17.918+0000] {dag.py:3239} INFO - Sync 1 DAGs
[2026-03-31T23:35:17.941+0000] {logging_mixin.py:190} INFO - [2026-03-31T23:35:17.941+0000] {dag.py:4180} INFO - Setting next_dagrun for ingestion_postgres_tmdb to 2026-03-02 10:00:00+00:00, run_after=2026-04-06 10:00:00+00:00
[2026-03-31T23:35:17.960+0000] {processor.py:208} INFO - Processing /opt/airflow/dags/ingestion_postgres_dag.py took 0.101 seconds
[2026-03-31T23:35:48.034+0000] {processor.py:186} INFO - Started process (PID=3567) to work on /opt/airflow/dags/ingestion_postgres_dag.py
[2026-03-31T23:35:48.035+0000] {processor.py:914} INFO - Processing file /opt/airflow/dags/ingestion_postgres_dag.py for tasks to queue
[2026-03-31T23:35:48.038+0000] {logging_mixin.py:190} INFO - [2026-03-31T23:35:48.037+0000] {dagbag.py:588} INFO - Filling up the DagBag from /opt/airflow/dags/ingestion_postgres_dag.py
[2026-03-31T23:35:48.059+0000] {processor.py:925} INFO - DAG(s) 'ingestion_postgres_tmdb' retrieved from /opt/airflow/dags/ingestion_postgres_dag.py
[2026-03-31T23:35:48.090+0000] {logging_mixin.py:190} INFO - [2026-03-31T23:35:48.089+0000] {dag.py:3239} INFO - Sync 1 DAGs
[2026-03-31T23:35:48.116+0000] {logging_mixin.py:190} INFO - [2026-03-31T23:35:48.116+0000] {dag.py:4180} INFO - Setting next_dagrun for ingestion_postgres_tmdb to 2026-03-02 10:00:00+00:00, run_after=2026-04-06 10:00:00+00:00
[2026-03-31T23:35:48.135+0000] {processor.py:208} INFO - Processing /opt/airflow/dags/ingestion_postgres_dag.py took 0.108 seconds
[2026-03-31T23:36:18.597+0000] {processor.py:186} INFO - Started process (PID=3577) to work on /opt/airflow/dags/ingestion_postgres_dag.py
[2026-03-31T23:36:18.600+0000] {processor.py:914} INFO - Processing file /opt/airflow/dags/ingestion_postgres_dag.py for tasks to queue
[2026-03-31T23:36:18.604+0000] {logging_mixin.py:190} INFO - [2026-03-31T23:36:18.603+0000] {dagbag.py:588} INFO - Filling up the DagBag from /opt/airflow/dags/ingestion_postgres_dag.py
[2026-03-31T23:36:18.630+0000] {processor.py:925} INFO - DAG(s) 'ingestion_postgres_tmdb' retrieved from /opt/airflow/dags/ingestion_postgres_dag.py
[2026-03-31T23:36:18.666+0000] {logging_mixin.py:190} INFO - [2026-03-31T23:36:18.666+0000] {dag.py:3239} INFO - Sync 1 DAGs
[2026-03-31T23:36:18.689+0000] {logging_mixin.py:190} INFO - [2026-03-31T23:36:18.688+0000] {dag.py:4180} INFO - Setting next_dagrun for ingestion_postgres_tmdb to 2026-03-02 10:00:00+00:00, run_after=2026-04-06 10:00:00+00:00
[2026-03-31T23:36:18.710+0000] {processor.py:208} INFO - Processing /opt/airflow/dags/ingestion_postgres_dag.py took 0.120 seconds
[2026-03-31T23:36:49.023+0000] {processor.py:186} INFO - Started process (PID=3587) to work on /opt/airflow/dags/ingestion_postgres_dag.py
[2026-03-31T23:36:49.024+0000] {processor.py:914} INFO - Processing file /opt/airflow/dags/ingestion_postgres_dag.py for tasks to queue
[2026-03-31T23:36:49.027+0000] {logging_mixin.py:190} INFO - [2026-03-31T23:36:49.027+0000] {dagbag.py:588} INFO - Filling up the DagBag from /opt/airflow/dags/ingestion_postgres_dag.py
[2026-03-31T23:36:49.046+0000] {processor.py:925} INFO - DAG(s) 'ingestion_postgres_tmdb' retrieved from /opt/airflow/dags/ingestion_postgres_dag.py
[2026-03-31T23:36:49.074+0000] {logging_mixin.py:190} INFO - [2026-03-31T23:36:49.074+0000] {dag.py:3239} INFO - Sync 1 DAGs
[2026-03-31T23:36:49.098+0000] {logging_mixin.py:190} INFO - [2026-03-31T23:36:49.098+0000] {dag.py:4180} INFO - Setting next_dagrun for ingestion_postgres_tmdb to 2026-03-02 10:00:00+00:00, run_after=2026-04-06 10:00:00+00:00
[2026-03-31T23:36:49.118+0000] {processor.py:208} INFO - Processing /opt/airflow/dags/ingestion_postgres_dag.py took 0.101 seconds
[2026-03-31T23:37:19.332+0000] {processor.py:186} INFO - Started process (PID=3597) to work on /opt/airflow/dags/ingestion_postgres_dag.py
[2026-03-31T23:37:19.334+0000] {processor.py:914} INFO - Processing file /opt/airflow/dags/ingestion_postgres_dag.py for tasks to queue
[2026-03-31T23:37:19.336+0000] {logging_mixin.py:190} INFO - [2026-03-31T23:37:19.336+0000] {dagbag.py:588} INFO - Filling up the DagBag from /opt/airflow/dags/ingestion_postgres_dag.py
[2026-03-31T23:37:19.362+0000] {processor.py:925} INFO - DAG(s) 'ingestion_postgres_tmdb' retrieved from /opt/airflow/dags/ingestion_postgres_dag.py
[2026-03-31T23:37:19.397+0000] {logging_mixin.py:190} INFO - [2026-03-31T23:37:19.396+0000] {dag.py:3239} INFO - Sync 1 DAGs
[2026-03-31T23:37:19.426+0000] {logging_mixin.py:190} INFO - [2026-03-31T23:37:19.426+0000] {dag.py:4180} INFO - Setting next_dagrun for ingestion_postgres_tmdb to 2026-03-02 10:00:00+00:00, run_after=2026-04-06 10:00:00+00:00
[2026-03-31T23:37:19.451+0000] {processor.py:208} INFO - Processing /opt/airflow/dags/ingestion_postgres_dag.py took 0.129 seconds
[2026-03-31T23:37:49.740+0000] {processor.py:186} INFO - Started process (PID=3607) to work on /opt/airflow/dags/ingestion_postgres_dag.py
[2026-03-31T23:37:49.741+0000] {processor.py:914} INFO - Processing file /opt/airflow/dags/ingestion_postgres_dag.py for tasks to queue
[2026-03-31T23:37:49.744+0000] {logging_mixin.py:190} INFO - [2026-03-31T23:37:49.743+0000] {dagbag.py:588} INFO - Filling up the DagBag from /opt/airflow/dags/ingestion_postgres_dag.py
[2026-03-31T23:37:49.765+0000] {processor.py:925} INFO - DAG(s) 'ingestion_postgres_tmdb' retrieved from /opt/airflow/dags/ingestion_postgres_dag.py
[2026-03-31T23:37:49.798+0000] {logging_mixin.py:190} INFO - [2026-03-31T23:37:49.798+0000] {dag.py:3239} INFO - Sync 1 DAGs
[2026-03-31T23:37:49.824+0000] {logging_mixin.py:190} INFO - [2026-03-31T23:37:49.824+0000] {dag.py:4180} INFO - Setting next_dagrun for ingestion_postgres_tmdb to 2026-03-02 10:00:00+00:00, run_after=2026-04-06 10:00:00+00:00
[2026-03-31T23:37:49.881+0000] {processor.py:208} INFO - Processing /opt/airflow/dags/ingestion_postgres_dag.py took 0.147 seconds
[2026-03-31T23:38:21.042+0000] {processor.py:186} INFO - Started process (PID=3617) to work on /opt/airflow/dags/ingestion_postgres_dag.py
[2026-03-31T23:38:21.043+0000] {processor.py:914} INFO - Processing file /opt/airflow/dags/ingestion_postgres_dag.py for tasks to queue
[2026-03-31T23:38:21.046+0000] {logging_mixin.py:190} INFO - [2026-03-31T23:38:21.045+0000] {dagbag.py:588} INFO - Filling up the DagBag from /opt/airflow/dags/ingestion_postgres_dag.py
[2026-03-31T23:38:21.064+0000] {processor.py:925} INFO - DAG(s) 'ingestion_postgres_tmdb' retrieved from /opt/airflow/dags/ingestion_postgres_dag.py
[2026-03-31T23:38:21.092+0000] {logging_mixin.py:190} INFO - [2026-03-31T23:38:21.092+0000] {dag.py:3239} INFO - Sync 1 DAGs
[2026-03-31T23:38:21.115+0000] {logging_mixin.py:190} INFO - [2026-03-31T23:38:21.115+0000] {dag.py:4180} INFO - Setting next_dagrun for ingestion_postgres_tmdb to 2026-03-02 10:00:00+00:00, run_after=2026-04-06 10:00:00+00:00
[2026-03-31T23:38:21.167+0000] {processor.py:208} INFO - Processing /opt/airflow/dags/ingestion_postgres_dag.py took 0.132 seconds
[2026-03-31T23:38:51.964+0000] {processor.py:186} INFO - Started process (PID=3627) to work on /opt/airflow/dags/ingestion_postgres_dag.py
[2026-03-31T23:38:51.965+0000] {processor.py:914} INFO - Processing file /opt/airflow/dags/ingestion_postgres_dag.py for tasks to queue
[2026-03-31T23:38:51.968+0000] {logging_mixin.py:190} INFO - [2026-03-31T23:38:51.967+0000] {dagbag.py:588} INFO - Filling up the DagBag from /opt/airflow/dags/ingestion_postgres_dag.py
[2026-03-31T23:38:51.988+0000] {processor.py:925} INFO - DAG(s) 'ingestion_postgres_tmdb' retrieved from /opt/airflow/dags/ingestion_postgres_dag.py
[2026-03-31T23:38:52.018+0000] {logging_mixin.py:190} INFO - [2026-03-31T23:38:52.018+0000] {dag.py:3239} INFO - Sync 1 DAGs
[2026-03-31T23:38:52.045+0000] {logging_mixin.py:190} INFO - [2026-03-31T23:38:52.045+0000] {dag.py:4180} INFO - Setting next_dagrun for ingestion_postgres_tmdb to 2026-03-02 10:00:00+00:00, run_after=2026-04-06 10:00:00+00:00
[2026-03-31T23:38:52.101+0000] {processor.py:208} INFO - Processing /opt/airflow/dags/ingestion_postgres_dag.py took 0.144 seconds
[2026-03-31T23:39:22.361+0000] {processor.py:186} INFO - Started process (PID=3637) to work on /opt/airflow/dags/ingestion_postgres_dag.py
[2026-03-31T23:39:22.362+0000] {processor.py:914} INFO - Processing file /opt/airflow/dags/ingestion_postgres_dag.py for tasks to queue
[2026-03-31T23:39:22.365+0000] {logging_mixin.py:190} INFO - [2026-03-31T23:39:22.364+0000] {dagbag.py:588} INFO - Filling up the DagBag from /opt/airflow/dags/ingestion_postgres_dag.py
[2026-03-31T23:39:22.387+0000] {processor.py:925} INFO - DAG(s) 'ingestion_postgres_tmdb' retrieved from /opt/airflow/dags/ingestion_postgres_dag.py
[2026-03-31T23:39:22.415+0000] {logging_mixin.py:190} INFO - [2026-03-31T23:39:22.415+0000] {dag.py:3239} INFO - Sync 1 DAGs
[2026-03-31T23:39:22.440+0000] {logging_mixin.py:190} INFO - [2026-03-31T23:39:22.439+0000] {dag.py:4180} INFO - Setting next_dagrun for ingestion_postgres_tmdb to 2026-03-02 10:00:00+00:00, run_after=2026-04-06 10:00:00+00:00
[2026-03-31T23:39:22.462+0000] {processor.py:208} INFO - Processing /opt/airflow/dags/ingestion_postgres_dag.py took 0.111 seconds
[2026-03-31T23:39:52.556+0000] {processor.py:186} INFO - Started process (PID=3647) to work on /opt/airflow/dags/ingestion_postgres_dag.py
[2026-03-31T23:39:52.558+0000] {processor.py:914} INFO - Processing file /opt/airflow/dags/ingestion_postgres_dag.py for tasks to queue
[2026-03-31T23:39:52.560+0000] {logging_mixin.py:190} INFO - [2026-03-31T23:39:52.560+0000] {dagbag.py:588} INFO - Filling up the DagBag from /opt/airflow/dags/ingestion_postgres_dag.py
[2026-03-31T23:39:52.588+0000] {processor.py:925} INFO - DAG(s) 'ingestion_postgres_tmdb' retrieved from /opt/airflow/dags/ingestion_postgres_dag.py
[2026-03-31T23:39:52.619+0000] {logging_mixin.py:190} INFO - [2026-03-31T23:39:52.619+0000] {dag.py:3239} INFO - Sync 1 DAGs
[2026-03-31T23:39:52.644+0000] {logging_mixin.py:190} INFO - [2026-03-31T23:39:52.643+0000] {dag.py:4180} INFO - Setting next_dagrun for ingestion_postgres_tmdb to 2026-03-02 10:00:00+00:00, run_after=2026-04-06 10:00:00+00:00
[2026-03-31T23:39:52.668+0000] {processor.py:208} INFO - Processing /opt/airflow/dags/ingestion_postgres_dag.py took 0.118 seconds
[2026-03-31T23:40:23.083+0000] {processor.py:186} INFO - Started process (PID=3657) to work on /opt/airflow/dags/ingestion_postgres_dag.py
[2026-03-31T23:40:23.084+0000] {processor.py:914} INFO - Processing file /opt/airflow/dags/ingestion_postgres_dag.py for tasks to queue
[2026-03-31T23:40:23.086+0000] {logging_mixin.py:190} INFO - [2026-03-31T23:40:23.086+0000] {dagbag.py:588} INFO - Filling up the DagBag from /opt/airflow/dags/ingestion_postgres_dag.py
[2026-03-31T23:40:23.118+0000] {processor.py:925} INFO - DAG(s) 'ingestion_postgres_tmdb' retrieved from /opt/airflow/dags/ingestion_postgres_dag.py
[2026-03-31T23:40:23.151+0000] {logging_mixin.py:190} INFO - [2026-03-31T23:40:23.150+0000] {dag.py:3239} INFO - Sync 1 DAGs
[2026-03-31T23:40:23.176+0000] {logging_mixin.py:190} INFO - [2026-03-31T23:40:23.176+0000] {dag.py:4180} INFO - Setting next_dagrun for ingestion_postgres_tmdb to 2026-03-02 10:00:00+00:00, run_after=2026-04-06 10:00:00+00:00
[2026-03-31T23:40:23.201+0000] {processor.py:208} INFO - Processing /opt/airflow/dags/ingestion_postgres_dag.py took 0.125 seconds
[2026-03-31T23:40:53.490+0000] {processor.py:186} INFO - Started process (PID=3667) to work on /opt/airflow/dags/ingestion_postgres_dag.py
[2026-03-31T23:40:53.492+0000] {processor.py:914} INFO - Processing file /opt/airflow/dags/ingestion_postgres_dag.py for tasks to queue
[2026-03-31T23:40:53.494+0000] {logging_mixin.py:190} INFO - [2026-03-31T23:40:53.494+0000] {dagbag.py:588} INFO - Filling up the DagBag from /opt/airflow/dags/ingestion_postgres_dag.py
[2026-03-31T23:40:53.517+0000] {processor.py:925} INFO - DAG(s) 'ingestion_postgres_tmdb' retrieved from /opt/airflow/dags/ingestion_postgres_dag.py
[2026-03-31T23:40:53.547+0000] {logging_mixin.py:190} INFO - [2026-03-31T23:40:53.547+0000] {dag.py:3239} INFO - Sync 1 DAGs
[2026-03-31T23:40:53.571+0000] {logging_mixin.py:190} INFO - [2026-03-31T23:40:53.571+0000] {dag.py:4180} INFO - Setting next_dagrun for ingestion_postgres_tmdb to 2026-03-02 10:00:00+00:00, run_after=2026-04-06 10:00:00+00:00
[2026-03-31T23:40:53.594+0000] {processor.py:208} INFO - Processing /opt/airflow/dags/ingestion_postgres_dag.py took 0.113 seconds
[2026-03-31T23:41:23.896+0000] {processor.py:186} INFO - Started process (PID=3677) to work on /opt/airflow/dags/ingestion_postgres_dag.py
[2026-03-31T23:41:23.897+0000] {processor.py:914} INFO - Processing file /opt/airflow/dags/ingestion_postgres_dag.py for tasks to queue
[2026-03-31T23:41:23.900+0000] {logging_mixin.py:190} INFO - [2026-03-31T23:41:23.899+0000] {dagbag.py:588} INFO - Filling up the DagBag from /opt/airflow/dags/ingestion_postgres_dag.py
[2026-03-31T23:41:23.919+0000] {processor.py:925} INFO - DAG(s) 'ingestion_postgres_tmdb' retrieved from /opt/airflow/dags/ingestion_postgres_dag.py
[2026-03-31T23:41:23.945+0000] {logging_mixin.py:190} INFO - [2026-03-31T23:41:23.945+0000] {dag.py:3239} INFO - Sync 1 DAGs
[2026-03-31T23:41:23.969+0000] {logging_mixin.py:190} INFO - [2026-03-31T23:41:23.968+0000] {dag.py:4180} INFO - Setting next_dagrun for ingestion_postgres_tmdb to 2026-03-02 10:00:00+00:00, run_after=2026-04-06 10:00:00+00:00
[2026-03-31T23:41:23.990+0000] {processor.py:208} INFO - Processing /opt/airflow/dags/ingestion_postgres_dag.py took 0.100 seconds
[2026-03-31T23:41:54.170+0000] {processor.py:186} INFO - Started process (PID=3687) to work on /opt/airflow/dags/ingestion_postgres_dag.py
[2026-03-31T23:41:54.172+0000] {processor.py:914} INFO - Processing file /opt/airflow/dags/ingestion_postgres_dag.py for tasks to queue
[2026-03-31T23:41:54.176+0000] {logging_mixin.py:190} INFO - [2026-03-31T23:41:54.175+0000] {dagbag.py:588} INFO - Filling up the DagBag from /opt/airflow/dags/ingestion_postgres_dag.py
[2026-03-31T23:41:54.207+0000] {processor.py:925} INFO - DAG(s) 'ingestion_postgres_tmdb' retrieved from /opt/airflow/dags/ingestion_postgres_dag.py
[2026-03-31T23:41:54.269+0000] {logging_mixin.py:190} INFO - [2026-03-31T23:41:54.268+0000] {dag.py:3239} INFO - Sync 1 DAGs
[2026-03-31T23:41:54.311+0000] {logging_mixin.py:190} INFO - [2026-03-31T23:41:54.307+0000] {dag.py:4180} INFO - Setting next_dagrun for ingestion_postgres_tmdb to 2026-03-02 10:00:00+00:00, run_after=2026-04-06 10:00:00+00:00
[2026-03-31T23:41:54.339+0000] {processor.py:208} INFO - Processing /opt/airflow/dags/ingestion_postgres_dag.py took 0.178 seconds
[2026-03-31T23:42:24.568+0000] {processor.py:186} INFO - Started process (PID=3697) to work on /opt/airflow/dags/ingestion_postgres_dag.py
[2026-03-31T23:42:24.569+0000] {processor.py:914} INFO - Processing file /opt/airflow/dags/ingestion_postgres_dag.py for tasks to queue
[2026-03-31T23:42:24.571+0000] {logging_mixin.py:190} INFO - [2026-03-31T23:42:24.571+0000] {dagbag.py:588} INFO - Filling up the DagBag from /opt/airflow/dags/ingestion_postgres_dag.py
[2026-03-31T23:42:24.591+0000] {processor.py:925} INFO - DAG(s) 'ingestion_postgres_tmdb' retrieved from /opt/airflow/dags/ingestion_postgres_dag.py
[2026-03-31T23:42:24.617+0000] {logging_mixin.py:190} INFO - [2026-03-31T23:42:24.617+0000] {dag.py:3239} INFO - Sync 1 DAGs
[2026-03-31T23:42:24.649+0000] {logging_mixin.py:190} INFO - [2026-03-31T23:42:24.649+0000] {dag.py:4180} INFO - Setting next_dagrun for ingestion_postgres_tmdb to 2026-03-02 10:00:00+00:00, run_after=2026-04-06 10:00:00+00:00
[2026-03-31T23:42:24.692+0000] {processor.py:208} INFO - Processing /opt/airflow/dags/ingestion_postgres_dag.py took 0.130 seconds
[2026-03-31T23:42:55.001+0000] {processor.py:186} INFO - Started process (PID=3707) to work on /opt/airflow/dags/ingestion_postgres_dag.py
[2026-03-31T23:42:55.002+0000] {processor.py:914} INFO - Processing file /opt/airflow/dags/ingestion_postgres_dag.py for tasks to queue
[2026-03-31T23:42:55.004+0000] {logging_mixin.py:190} INFO - [2026-03-31T23:42:55.004+0000] {dagbag.py:588} INFO - Filling up the DagBag from /opt/airflow/dags/ingestion_postgres_dag.py
[2026-03-31T23:42:55.021+0000] {processor.py:925} INFO - DAG(s) 'ingestion_postgres_tmdb' retrieved from /opt/airflow/dags/ingestion_postgres_dag.py
[2026-03-31T23:42:55.049+0000] {logging_mixin.py:190} INFO - [2026-03-31T23:42:55.049+0000] {dag.py:3239} INFO - Sync 1 DAGs
[2026-03-31T23:42:55.070+0000] {logging_mixin.py:190} INFO - [2026-03-31T23:42:55.070+0000] {dag.py:4180} INFO - Setting next_dagrun for ingestion_postgres_tmdb to 2026-03-02 10:00:00+00:00, run_after=2026-04-06 10:00:00+00:00
[2026-03-31T23:42:55.090+0000] {processor.py:208} INFO - Processing /opt/airflow/dags/ingestion_postgres_dag.py took 0.096 seconds
[2026-03-31T23:43:25.382+0000] {processor.py:186} INFO - Started process (PID=3717) to work on /opt/airflow/dags/ingestion_postgres_dag.py
[2026-03-31T23:43:25.389+0000] {processor.py:914} INFO - Processing file /opt/airflow/dags/ingestion_postgres_dag.py for tasks to queue
[2026-03-31T23:43:25.395+0000] {logging_mixin.py:190} INFO - [2026-03-31T23:43:25.395+0000] {dagbag.py:588} INFO - Filling up the DagBag from /opt/airflow/dags/ingestion_postgres_dag.py
[2026-03-31T23:43:25.415+0000] {processor.py:925} INFO - DAG(s) 'ingestion_postgres_tmdb' retrieved from /opt/airflow/dags/ingestion_postgres_dag.py
[2026-03-31T23:43:25.449+0000] {logging_mixin.py:190} INFO - [2026-03-31T23:43:25.449+0000] {dag.py:3239} INFO - Sync 1 DAGs
[2026-03-31T23:43:25.508+0000] {logging_mixin.py:190} INFO - [2026-03-31T23:43:25.508+0000] {dag.py:4180} INFO - Setting next_dagrun for ingestion_postgres_tmdb to 2026-03-02 10:00:00+00:00, run_after=2026-04-06 10:00:00+00:00
[2026-03-31T23:43:25.538+0000] {processor.py:208} INFO - Processing /opt/airflow/dags/ingestion_postgres_dag.py took 0.163 seconds
[2026-03-31T23:43:55.356+0000] {processor.py:186} INFO - Started process (PID=3727) to work on /opt/airflow/dags/ingestion_postgres_dag.py
[2026-03-31T23:43:55.357+0000] {processor.py:914} INFO - Processing file /opt/airflow/dags/ingestion_postgres_dag.py for tasks to queue
[2026-03-31T23:43:55.360+0000] {logging_mixin.py:190} INFO - [2026-03-31T23:43:55.359+0000] {dagbag.py:588} INFO - Filling up the DagBag from /opt/airflow/dags/ingestion_postgres_dag.py
[2026-03-31T23:43:55.379+0000] {processor.py:925} INFO - DAG(s) 'ingestion_postgres_tmdb' retrieved from /opt/airflow/dags/ingestion_postgres_dag.py
[2026-03-31T23:43:55.412+0000] {logging_mixin.py:190} INFO - [2026-03-31T23:43:55.412+0000] {dag.py:3239} INFO - Sync 1 DAGs
[2026-03-31T23:43:55.437+0000] {logging_mixin.py:190} INFO - [2026-03-31T23:43:55.436+0000] {dag.py:4180} INFO - Setting next_dagrun for ingestion_postgres_tmdb to 2026-03-02 10:00:00+00:00, run_after=2026-04-06 10:00:00+00:00
[2026-03-31T23:43:55.458+0000] {processor.py:208} INFO - Processing /opt/airflow/dags/ingestion_postgres_dag.py took 0.110 seconds
[2026-03-31T23:44:25.760+0000] {processor.py:186} INFO - Started process (PID=3737) to work on /opt/airflow/dags/ingestion_postgres_dag.py
[2026-03-31T23:44:25.761+0000] {processor.py:914} INFO - Processing file /opt/airflow/dags/ingestion_postgres_dag.py for tasks to queue
[2026-03-31T23:44:25.764+0000] {logging_mixin.py:190} INFO - [2026-03-31T23:44:25.763+0000] {dagbag.py:588} INFO - Filling up the DagBag from /opt/airflow/dags/ingestion_postgres_dag.py
[2026-03-31T23:44:25.788+0000] {processor.py:925} INFO - DAG(s) 'ingestion_postgres_tmdb' retrieved from /opt/airflow/dags/ingestion_postgres_dag.py
[2026-03-31T23:44:25.819+0000] {logging_mixin.py:190} INFO - [2026-03-31T23:44:25.818+0000] {dag.py:3239} INFO - Sync 1 DAGs
[2026-03-31T23:44:25.844+0000] {logging_mixin.py:190} INFO - [2026-03-31T23:44:25.843+0000] {dag.py:4180} INFO - Setting next_dagrun for ingestion_postgres_tmdb to 2026-03-02 10:00:00+00:00, run_after=2026-04-06 10:00:00+00:00
[2026-03-31T23:44:25.865+0000] {processor.py:208} INFO - Processing /opt/airflow/dags/ingestion_postgres_dag.py took 0.112 seconds
[2026-03-31T23:44:56.208+0000] {processor.py:186} INFO - Started process (PID=3747) to work on /opt/airflow/dags/ingestion_postgres_dag.py
[2026-03-31T23:44:56.210+0000] {processor.py:914} INFO - Processing file /opt/airflow/dags/ingestion_postgres_dag.py for tasks to queue
[2026-03-31T23:44:56.212+0000] {logging_mixin.py:190} INFO - [2026-03-31T23:44:56.212+0000] {dagbag.py:588} INFO - Filling up the DagBag from /opt/airflow/dags/ingestion_postgres_dag.py
[2026-03-31T23:44:56.238+0000] {processor.py:925} INFO - DAG(s) 'ingestion_postgres_tmdb' retrieved from /opt/airflow/dags/ingestion_postgres_dag.py
[2026-03-31T23:44:56.284+0000] {logging_mixin.py:190} INFO - [2026-03-31T23:44:56.284+0000] {dag.py:3239} INFO - Sync 1 DAGs
[2026-03-31T23:44:56.309+0000] {logging_mixin.py:190} INFO - [2026-03-31T23:44:56.309+0000] {dag.py:4180} INFO - Setting next_dagrun for ingestion_postgres_tmdb to 2026-03-02 10:00:00+00:00, run_after=2026-04-06 10:00:00+00:00
[2026-03-31T23:44:56.332+0000] {processor.py:208} INFO - Processing /opt/airflow/dags/ingestion_postgres_dag.py took 0.131 seconds
[2026-03-31T23:45:26.648+0000] {processor.py:186} INFO - Started process (PID=3757) to work on /opt/airflow/dags/ingestion_postgres_dag.py
[2026-03-31T23:45:26.649+0000] {processor.py:914} INFO - Processing file /opt/airflow/dags/ingestion_postgres_dag.py for tasks to queue
[2026-03-31T23:45:26.652+0000] {logging_mixin.py:190} INFO - [2026-03-31T23:45:26.651+0000] {dagbag.py:588} INFO - Filling up the DagBag from /opt/airflow/dags/ingestion_postgres_dag.py
[2026-03-31T23:45:26.675+0000] {processor.py:925} INFO - DAG(s) 'ingestion_postgres_tmdb' retrieved from /opt/airflow/dags/ingestion_postgres_dag.py
[2026-03-31T23:45:26.717+0000] {logging_mixin.py:190} INFO - [2026-03-31T23:45:26.717+0000] {dag.py:3239} INFO - Sync 1 DAGs
[2026-03-31T23:45:26.747+0000] {logging_mixin.py:190} INFO - [2026-03-31T23:45:26.747+0000] {dag.py:4180} INFO - Setting next_dagrun for ingestion_postgres_tmdb to 2026-03-02 10:00:00+00:00, run_after=2026-04-06 10:00:00+00:00
[2026-03-31T23:45:26.777+0000] {processor.py:208} INFO - Processing /opt/airflow/dags/ingestion_postgres_dag.py took 0.136 seconds
[2026-03-31T23:45:56.958+0000] {processor.py:186} INFO - Started process (PID=3767) to work on /opt/airflow/dags/ingestion_postgres_dag.py
[2026-03-31T23:45:56.959+0000] {processor.py:914} INFO - Processing file /opt/airflow/dags/ingestion_postgres_dag.py for tasks to queue
[2026-03-31T23:45:56.962+0000] {logging_mixin.py:190} INFO - [2026-03-31T23:45:56.962+0000] {dagbag.py:588} INFO - Filling up the DagBag from /opt/airflow/dags/ingestion_postgres_dag.py
[2026-03-31T23:45:56.985+0000] {processor.py:925} INFO - DAG(s) 'ingestion_postgres_tmdb' retrieved from /opt/airflow/dags/ingestion_postgres_dag.py
[2026-03-31T23:45:57.016+0000] {logging_mixin.py:190} INFO - [2026-03-31T23:45:57.016+0000] {dag.py:3239} INFO - Sync 1 DAGs
[2026-03-31T23:45:57.039+0000] {logging_mixin.py:190} INFO - [2026-03-31T23:45:57.039+0000] {dag.py:4180} INFO - Setting next_dagrun for ingestion_postgres_tmdb to 2026-03-02 10:00:00+00:00, run_after=2026-04-06 10:00:00+00:00
[2026-03-31T23:45:57.060+0000] {processor.py:208} INFO - Processing /opt/airflow/dags/ingestion_postgres_dag.py took 0.110 seconds
[2026-03-31T23:46:27.380+0000] {processor.py:186} INFO - Started process (PID=3777) to work on /opt/airflow/dags/ingestion_postgres_dag.py
[2026-03-31T23:46:27.382+0000] {processor.py:914} INFO - Processing file /opt/airflow/dags/ingestion_postgres_dag.py for tasks to queue
[2026-03-31T23:46:27.384+0000] {logging_mixin.py:190} INFO - [2026-03-31T23:46:27.384+0000] {dagbag.py:588} INFO - Filling up the DagBag from /opt/airflow/dags/ingestion_postgres_dag.py
[2026-03-31T23:46:27.411+0000] {processor.py:925} INFO - DAG(s) 'ingestion_postgres_tmdb' retrieved from /opt/airflow/dags/ingestion_postgres_dag.py
[2026-03-31T23:46:27.443+0000] {logging_mixin.py:190} INFO - [2026-03-31T23:46:27.442+0000] {dag.py:3239} INFO - Sync 1 DAGs
[2026-03-31T23:46:27.466+0000] {logging_mixin.py:190} INFO - [2026-03-31T23:46:27.465+0000] {dag.py:4180} INFO - Setting next_dagrun for ingestion_postgres_tmdb to 2026-03-02 10:00:00+00:00, run_after=2026-04-06 10:00:00+00:00
[2026-03-31T23:46:27.491+0000] {processor.py:208} INFO - Processing /opt/airflow/dags/ingestion_postgres_dag.py took 0.117 seconds
[2026-03-31T23:46:57.804+0000] {processor.py:186} INFO - Started process (PID=3787) to work on /opt/airflow/dags/ingestion_postgres_dag.py
[2026-03-31T23:46:57.805+0000] {processor.py:914} INFO - Processing file /opt/airflow/dags/ingestion_postgres_dag.py for tasks to queue
[2026-03-31T23:46:57.807+0000] {logging_mixin.py:190} INFO - [2026-03-31T23:46:57.807+0000] {dagbag.py:588} INFO - Filling up the DagBag from /opt/airflow/dags/ingestion_postgres_dag.py
[2026-03-31T23:46:57.830+0000] {processor.py:925} INFO - DAG(s) 'ingestion_postgres_tmdb' retrieved from /opt/airflow/dags/ingestion_postgres_dag.py
[2026-03-31T23:46:57.863+0000] {logging_mixin.py:190} INFO - [2026-03-31T23:46:57.862+0000] {dag.py:3239} INFO - Sync 1 DAGs
[2026-03-31T23:46:57.886+0000] {logging_mixin.py:190} INFO - [2026-03-31T23:46:57.886+0000] {dag.py:4180} INFO - Setting next_dagrun for ingestion_postgres_tmdb to 2026-03-02 10:00:00+00:00, run_after=2026-04-06 10:00:00+00:00
[2026-03-31T23:46:57.908+0000] {processor.py:208} INFO - Processing /opt/airflow/dags/ingestion_postgres_dag.py took 0.110 seconds
[2026-03-31T23:47:28.200+0000] {processor.py:186} INFO - Started process (PID=3797) to work on /opt/airflow/dags/ingestion_postgres_dag.py
[2026-03-31T23:47:28.201+0000] {processor.py:914} INFO - Processing file /opt/airflow/dags/ingestion_postgres_dag.py for tasks to queue
[2026-03-31T23:47:28.204+0000] {logging_mixin.py:190} INFO - [2026-03-31T23:47:28.204+0000] {dagbag.py:588} INFO - Filling up the DagBag from /opt/airflow/dags/ingestion_postgres_dag.py
[2026-03-31T23:47:28.226+0000] {processor.py:925} INFO - DAG(s) 'ingestion_postgres_tmdb' retrieved from /opt/airflow/dags/ingestion_postgres_dag.py
[2026-03-31T23:47:28.255+0000] {logging_mixin.py:190} INFO - [2026-03-31T23:47:28.255+0000] {dag.py:3239} INFO - Sync 1 DAGs
[2026-03-31T23:47:28.280+0000] {logging_mixin.py:190} INFO - [2026-03-31T23:47:28.279+0000] {dag.py:4180} INFO - Setting next_dagrun for ingestion_postgres_tmdb to 2026-03-02 10:00:00+00:00, run_after=2026-04-06 10:00:00+00:00
[2026-03-31T23:47:28.302+0000] {processor.py:208} INFO - Processing /opt/airflow/dags/ingestion_postgres_dag.py took 0.110 seconds
[2026-03-31T23:47:58.637+0000] {processor.py:186} INFO - Started process (PID=3807) to work on /opt/airflow/dags/ingestion_postgres_dag.py
[2026-03-31T23:47:58.638+0000] {processor.py:914} INFO - Processing file /opt/airflow/dags/ingestion_postgres_dag.py for tasks to queue
[2026-03-31T23:47:58.641+0000] {logging_mixin.py:190} INFO - [2026-03-31T23:47:58.641+0000] {dagbag.py:588} INFO - Filling up the DagBag from /opt/airflow/dags/ingestion_postgres_dag.py
[2026-03-31T23:47:58.663+0000] {processor.py:925} INFO - DAG(s) 'ingestion_postgres_tmdb' retrieved from /opt/airflow/dags/ingestion_postgres_dag.py
[2026-03-31T23:47:58.694+0000] {logging_mixin.py:190} INFO - [2026-03-31T23:47:58.694+0000] {dag.py:3239} INFO - Sync 1 DAGs
[2026-03-31T23:47:58.720+0000] {logging_mixin.py:190} INFO - [2026-03-31T23:47:58.720+0000] {dag.py:4180} INFO - Setting next_dagrun for ingestion_postgres_tmdb to 2026-03-02 10:00:00+00:00, run_after=2026-04-06 10:00:00+00:00
[2026-03-31T23:47:58.744+0000] {processor.py:208} INFO - Processing /opt/airflow/dags/ingestion_postgres_dag.py took 0.118 seconds
[2026-03-31T23:48:28.933+0000] {processor.py:186} INFO - Started process (PID=3817) to work on /opt/airflow/dags/ingestion_postgres_dag.py
[2026-03-31T23:48:28.934+0000] {processor.py:914} INFO - Processing file /opt/airflow/dags/ingestion_postgres_dag.py for tasks to queue
[2026-03-31T23:48:28.939+0000] {logging_mixin.py:190} INFO - [2026-03-31T23:48:28.939+0000] {dagbag.py:588} INFO - Filling up the DagBag from /opt/airflow/dags/ingestion_postgres_dag.py
[2026-03-31T23:48:28.984+0000] {processor.py:925} INFO - DAG(s) 'ingestion_postgres_tmdb' retrieved from /opt/airflow/dags/ingestion_postgres_dag.py
[2026-03-31T23:48:29.023+0000] {logging_mixin.py:190} INFO - [2026-03-31T23:48:29.022+0000] {dag.py:3239} INFO - Sync 1 DAGs
[2026-03-31T23:48:29.057+0000] {logging_mixin.py:190} INFO - [2026-03-31T23:48:29.057+0000] {dag.py:4180} INFO - Setting next_dagrun for ingestion_postgres_tmdb to 2026-03-02 10:00:00+00:00, run_after=2026-04-06 10:00:00+00:00
[2026-03-31T23:48:29.090+0000] {processor.py:208} INFO - Processing /opt/airflow/dags/ingestion_postgres_dag.py took 0.166 seconds
[2026-03-31T23:48:59.298+0000] {processor.py:186} INFO - Started process (PID=3827) to work on /opt/airflow/dags/ingestion_postgres_dag.py
[2026-03-31T23:48:59.299+0000] {processor.py:914} INFO - Processing file /opt/airflow/dags/ingestion_postgres_dag.py for tasks to queue
[2026-03-31T23:48:59.301+0000] {logging_mixin.py:190} INFO - [2026-03-31T23:48:59.301+0000] {dagbag.py:588} INFO - Filling up the DagBag from /opt/airflow/dags/ingestion_postgres_dag.py
[2026-03-31T23:48:59.320+0000] {processor.py:925} INFO - DAG(s) 'ingestion_postgres_tmdb' retrieved from /opt/airflow/dags/ingestion_postgres_dag.py
[2026-03-31T23:48:59.353+0000] {logging_mixin.py:190} INFO - [2026-03-31T23:48:59.352+0000] {dag.py:3239} INFO - Sync 1 DAGs
[2026-03-31T23:48:59.377+0000] {logging_mixin.py:190} INFO - [2026-03-31T23:48:59.377+0000] {dag.py:4180} INFO - Setting next_dagrun for ingestion_postgres_tmdb to 2026-03-02 10:00:00+00:00, run_after=2026-04-06 10:00:00+00:00
[2026-03-31T23:48:59.399+0000] {processor.py:208} INFO - Processing /opt/airflow/dags/ingestion_postgres_dag.py took 0.110 seconds
[2026-03-31T23:49:29.673+0000] {processor.py:186} INFO - Started process (PID=3837) to work on /opt/airflow/dags/ingestion_postgres_dag.py
[2026-03-31T23:49:29.674+0000] {processor.py:914} INFO - Processing file /opt/airflow/dags/ingestion_postgres_dag.py for tasks to queue
[2026-03-31T23:49:29.676+0000] {logging_mixin.py:190} INFO - [2026-03-31T23:49:29.676+0000] {dagbag.py:588} INFO - Filling up the DagBag from /opt/airflow/dags/ingestion_postgres_dag.py
[2026-03-31T23:49:29.705+0000] {processor.py:925} INFO - DAG(s) 'ingestion_postgres_tmdb' retrieved from /opt/airflow/dags/ingestion_postgres_dag.py
[2026-03-31T23:49:29.744+0000] {logging_mixin.py:190} INFO - [2026-03-31T23:49:29.743+0000] {dag.py:3239} INFO - Sync 1 DAGs
[2026-03-31T23:49:29.771+0000] {logging_mixin.py:190} INFO - [2026-03-31T23:49:29.770+0000] {dag.py:4180} INFO - Setting next_dagrun for ingestion_postgres_tmdb to 2026-03-02 10:00:00+00:00, run_after=2026-04-06 10:00:00+00:00
[2026-03-31T23:49:29.801+0000] {processor.py:208} INFO - Processing /opt/airflow/dags/ingestion_postgres_dag.py took 0.137 seconds
[2026-03-31T23:50:00.094+0000] {processor.py:186} INFO - Started process (PID=3847) to work on /opt/airflow/dags/ingestion_postgres_dag.py
[2026-03-31T23:50:00.095+0000] {processor.py:914} INFO - Processing file /opt/airflow/dags/ingestion_postgres_dag.py for tasks to queue
[2026-03-31T23:50:00.097+0000] {logging_mixin.py:190} INFO - [2026-03-31T23:50:00.097+0000] {dagbag.py:588} INFO - Filling up the DagBag from /opt/airflow/dags/ingestion_postgres_dag.py
[2026-03-31T23:50:00.116+0000] {processor.py:925} INFO - DAG(s) 'ingestion_postgres_tmdb' retrieved from /opt/airflow/dags/ingestion_postgres_dag.py
[2026-03-31T23:50:00.156+0000] {logging_mixin.py:190} INFO - [2026-03-31T23:50:00.156+0000] {dag.py:3239} INFO - Sync 1 DAGs
[2026-03-31T23:50:00.186+0000] {logging_mixin.py:190} INFO - [2026-03-31T23:50:00.186+0000] {dag.py:4180} INFO - Setting next_dagrun for ingestion_postgres_tmdb to 2026-03-02 10:00:00+00:00, run_after=2026-04-06 10:00:00+00:00
[2026-03-31T23:50:00.219+0000] {processor.py:208} INFO - Processing /opt/airflow/dags/ingestion_postgres_dag.py took 0.132 seconds
[2026-03-31T23:50:30.528+0000] {processor.py:186} INFO - Started process (PID=3857) to work on /opt/airflow/dags/ingestion_postgres_dag.py
[2026-03-31T23:50:30.529+0000] {processor.py:914} INFO - Processing file /opt/airflow/dags/ingestion_postgres_dag.py for tasks to queue
[2026-03-31T23:50:30.532+0000] {logging_mixin.py:190} INFO - [2026-03-31T23:50:30.531+0000] {dagbag.py:588} INFO - Filling up the DagBag from /opt/airflow/dags/ingestion_postgres_dag.py
[2026-03-31T23:50:30.563+0000] {processor.py:925} INFO - DAG(s) 'ingestion_postgres_tmdb' retrieved from /opt/airflow/dags/ingestion_postgres_dag.py
[2026-03-31T23:50:30.594+0000] {logging_mixin.py:190} INFO - [2026-03-31T23:50:30.594+0000] {dag.py:3239} INFO - Sync 1 DAGs
[2026-03-31T23:50:30.620+0000] {logging_mixin.py:190} INFO - [2026-03-31T23:50:30.620+0000] {dag.py:4180} INFO - Setting next_dagrun for ingestion_postgres_tmdb to 2026-03-02 10:00:00+00:00, run_after=2026-04-06 10:00:00+00:00
[2026-03-31T23:50:30.648+0000] {processor.py:208} INFO - Processing /opt/airflow/dags/ingestion_postgres_dag.py took 0.128 seconds
[2026-03-31T23:51:00.819+0000] {processor.py:186} INFO - Started process (PID=3867) to work on /opt/airflow/dags/ingestion_postgres_dag.py
[2026-03-31T23:51:00.820+0000] {processor.py:914} INFO - Processing file /opt/airflow/dags/ingestion_postgres_dag.py for tasks to queue
[2026-03-31T23:51:00.824+0000] {logging_mixin.py:190} INFO - [2026-03-31T23:51:00.824+0000] {dagbag.py:588} INFO - Filling up the DagBag from /opt/airflow/dags/ingestion_postgres_dag.py
[2026-03-31T23:51:00.847+0000] {processor.py:925} INFO - DAG(s) 'ingestion_postgres_tmdb' retrieved from /opt/airflow/dags/ingestion_postgres_dag.py
[2026-03-31T23:51:00.877+0000] {logging_mixin.py:190} INFO - [2026-03-31T23:51:00.877+0000] {dag.py:3239} INFO - Sync 1 DAGs
[2026-03-31T23:51:00.900+0000] {logging_mixin.py:190} INFO - [2026-03-31T23:51:00.900+0000] {dag.py:4180} INFO - Setting next_dagrun for ingestion_postgres_tmdb to 2026-03-02 10:00:00+00:00, run_after=2026-04-06 10:00:00+00:00
[2026-03-31T23:51:00.921+0000] {processor.py:208} INFO - Processing /opt/airflow/dags/ingestion_postgres_dag.py took 0.111 seconds
[2026-03-31T23:51:31.195+0000] {processor.py:186} INFO - Started process (PID=3877) to work on /opt/airflow/dags/ingestion_postgres_dag.py
[2026-03-31T23:51:31.196+0000] {processor.py:914} INFO - Processing file /opt/airflow/dags/ingestion_postgres_dag.py for tasks to queue
[2026-03-31T23:51:31.199+0000] {logging_mixin.py:190} INFO - [2026-03-31T23:51:31.199+0000] {dagbag.py:588} INFO - Filling up the DagBag from /opt/airflow/dags/ingestion_postgres_dag.py
[2026-03-31T23:51:31.220+0000] {processor.py:925} INFO - DAG(s) 'ingestion_postgres_tmdb' retrieved from /opt/airflow/dags/ingestion_postgres_dag.py
[2026-03-31T23:51:31.249+0000] {logging_mixin.py:190} INFO - [2026-03-31T23:51:31.249+0000] {dag.py:3239} INFO - Sync 1 DAGs
[2026-03-31T23:51:31.272+0000] {logging_mixin.py:190} INFO - [2026-03-31T23:51:31.272+0000] {dag.py:4180} INFO - Setting next_dagrun for ingestion_postgres_tmdb to 2026-03-02 10:00:00+00:00, run_after=2026-04-06 10:00:00+00:00
[2026-03-31T23:51:31.293+0000] {processor.py:208} INFO - Processing /opt/airflow/dags/ingestion_postgres_dag.py took 0.104 seconds
[2026-03-31T23:52:01.466+0000] {processor.py:186} INFO - Started process (PID=3887) to work on /opt/airflow/dags/ingestion_postgres_dag.py
[2026-03-31T23:52:01.467+0000] {processor.py:914} INFO - Processing file /opt/airflow/dags/ingestion_postgres_dag.py for tasks to queue
[2026-03-31T23:52:01.469+0000] {logging_mixin.py:190} INFO - [2026-03-31T23:52:01.468+0000] {dagbag.py:588} INFO - Filling up the DagBag from /opt/airflow/dags/ingestion_postgres_dag.py
[2026-03-31T23:52:01.487+0000] {processor.py:925} INFO - DAG(s) 'ingestion_postgres_tmdb' retrieved from /opt/airflow/dags/ingestion_postgres_dag.py
[2026-03-31T23:52:01.514+0000] {logging_mixin.py:190} INFO - [2026-03-31T23:52:01.514+0000] {dag.py:3239} INFO - Sync 1 DAGs
[2026-03-31T23:52:01.540+0000] {logging_mixin.py:190} INFO - [2026-03-31T23:52:01.540+0000] {dag.py:4180} INFO - Setting next_dagrun for ingestion_postgres_tmdb to 2026-03-02 10:00:00+00:00, run_after=2026-04-06 10:00:00+00:00
[2026-03-31T23:52:01.567+0000] {processor.py:208} INFO - Processing /opt/airflow/dags/ingestion_postgres_dag.py took 0.110 seconds
[2026-03-31T23:52:31.390+0000] {processor.py:186} INFO - Started process (PID=3897) to work on /opt/airflow/dags/ingestion_postgres_dag.py
[2026-03-31T23:52:31.391+0000] {processor.py:914} INFO - Processing file /opt/airflow/dags/ingestion_postgres_dag.py for tasks to queue
[2026-03-31T23:52:31.394+0000] {logging_mixin.py:190} INFO - [2026-03-31T23:52:31.393+0000] {dagbag.py:588} INFO - Filling up the DagBag from /opt/airflow/dags/ingestion_postgres_dag.py
[2026-03-31T23:52:31.414+0000] {processor.py:925} INFO - DAG(s) 'ingestion_postgres_tmdb' retrieved from /opt/airflow/dags/ingestion_postgres_dag.py
[2026-03-31T23:52:31.443+0000] {logging_mixin.py:190} INFO - [2026-03-31T23:52:31.443+0000] {dag.py:3239} INFO - Sync 1 DAGs
[2026-03-31T23:52:31.467+0000] {logging_mixin.py:190} INFO - [2026-03-31T23:52:31.467+0000] {dag.py:4180} INFO - Setting next_dagrun for ingestion_postgres_tmdb to 2026-03-02 10:00:00+00:00, run_after=2026-04-06 10:00:00+00:00
[2026-03-31T23:52:31.488+0000] {processor.py:208} INFO - Processing /opt/airflow/dags/ingestion_postgres_dag.py took 0.104 seconds
[2026-03-31T23:53:01.785+0000] {processor.py:186} INFO - Started process (PID=3907) to work on /opt/airflow/dags/ingestion_postgres_dag.py
[2026-03-31T23:53:01.786+0000] {processor.py:914} INFO - Processing file /opt/airflow/dags/ingestion_postgres_dag.py for tasks to queue
[2026-03-31T23:53:01.788+0000] {logging_mixin.py:190} INFO - [2026-03-31T23:53:01.788+0000] {dagbag.py:588} INFO - Filling up the DagBag from /opt/airflow/dags/ingestion_postgres_dag.py
[2026-03-31T23:53:01.806+0000] {processor.py:925} INFO - DAG(s) 'ingestion_postgres_tmdb' retrieved from /opt/airflow/dags/ingestion_postgres_dag.py
[2026-03-31T23:53:01.832+0000] {logging_mixin.py:190} INFO - [2026-03-31T23:53:01.832+0000] {dag.py:3239} INFO - Sync 1 DAGs
[2026-03-31T23:53:01.857+0000] {logging_mixin.py:190} INFO - [2026-03-31T23:53:01.856+0000] {dag.py:4180} INFO - Setting next_dagrun for ingestion_postgres_tmdb to 2026-03-02 10:00:00+00:00, run_after=2026-04-06 10:00:00+00:00
[2026-03-31T23:53:01.876+0000] {processor.py:208} INFO - Processing /opt/airflow/dags/ingestion_postgres_dag.py took 0.097 seconds
[2026-03-31T23:53:32.056+0000] {processor.py:186} INFO - Started process (PID=3917) to work on /opt/airflow/dags/ingestion_postgres_dag.py
[2026-03-31T23:53:32.058+0000] {processor.py:914} INFO - Processing file /opt/airflow/dags/ingestion_postgres_dag.py for tasks to queue
[2026-03-31T23:53:32.061+0000] {logging_mixin.py:190} INFO - [2026-03-31T23:53:32.060+0000] {dagbag.py:588} INFO - Filling up the DagBag from /opt/airflow/dags/ingestion_postgres_dag.py
[2026-03-31T23:53:32.081+0000] {processor.py:925} INFO - DAG(s) 'ingestion_postgres_tmdb' retrieved from /opt/airflow/dags/ingestion_postgres_dag.py
[2026-03-31T23:53:32.110+0000] {logging_mixin.py:190} INFO - [2026-03-31T23:53:32.110+0000] {dag.py:3239} INFO - Sync 1 DAGs
[2026-03-31T23:53:32.132+0000] {logging_mixin.py:190} INFO - [2026-03-31T23:53:32.131+0000] {dag.py:4180} INFO - Setting next_dagrun for ingestion_postgres_tmdb to 2026-03-02 10:00:00+00:00, run_after=2026-04-06 10:00:00+00:00
[2026-03-31T23:53:32.153+0000] {processor.py:208} INFO - Processing /opt/airflow/dags/ingestion_postgres_dag.py took 0.104 seconds
[2026-03-31T23:54:02.453+0000] {processor.py:186} INFO - Started process (PID=3927) to work on /opt/airflow/dags/ingestion_postgres_dag.py
[2026-03-31T23:54:02.455+0000] {processor.py:914} INFO - Processing file /opt/airflow/dags/ingestion_postgres_dag.py for tasks to queue
[2026-03-31T23:54:02.457+0000] {logging_mixin.py:190} INFO - [2026-03-31T23:54:02.457+0000] {dagbag.py:588} INFO - Filling up the DagBag from /opt/airflow/dags/ingestion_postgres_dag.py
[2026-03-31T23:54:02.476+0000] {processor.py:925} INFO - DAG(s) 'ingestion_postgres_tmdb' retrieved from /opt/airflow/dags/ingestion_postgres_dag.py
[2026-03-31T23:54:02.509+0000] {logging_mixin.py:190} INFO - [2026-03-31T23:54:02.509+0000] {dag.py:3239} INFO - Sync 1 DAGs
[2026-03-31T23:54:02.534+0000] {logging_mixin.py:190} INFO - [2026-03-31T23:54:02.533+0000] {dag.py:4180} INFO - Setting next_dagrun for ingestion_postgres_tmdb to 2026-03-02 10:00:00+00:00, run_after=2026-04-06 10:00:00+00:00
[2026-03-31T23:54:02.558+0000] {processor.py:208} INFO - Processing /opt/airflow/dags/ingestion_postgres_dag.py took 0.112 seconds
[2026-03-31T23:54:32.908+0000] {processor.py:186} INFO - Started process (PID=3937) to work on /opt/airflow/dags/ingestion_postgres_dag.py
[2026-03-31T23:54:32.909+0000] {processor.py:914} INFO - Processing file /opt/airflow/dags/ingestion_postgres_dag.py for tasks to queue
[2026-03-31T23:54:32.913+0000] {logging_mixin.py:190} INFO - [2026-03-31T23:54:32.912+0000] {dagbag.py:588} INFO - Filling up the DagBag from /opt/airflow/dags/ingestion_postgres_dag.py
[2026-03-31T23:54:32.934+0000] {processor.py:925} INFO - DAG(s) 'ingestion_postgres_tmdb' retrieved from /opt/airflow/dags/ingestion_postgres_dag.py
[2026-03-31T23:54:32.966+0000] {logging_mixin.py:190} INFO - [2026-03-31T23:54:32.965+0000] {dag.py:3239} INFO - Sync 1 DAGs
[2026-03-31T23:54:32.989+0000] {logging_mixin.py:190} INFO - [2026-03-31T23:54:32.989+0000] {dag.py:4180} INFO - Setting next_dagrun for ingestion_postgres_tmdb to 2026-03-02 10:00:00+00:00, run_after=2026-04-06 10:00:00+00:00
[2026-03-31T23:54:33.010+0000] {processor.py:208} INFO - Processing /opt/airflow/dags/ingestion_postgres_dag.py took 0.110 seconds
[2026-03-31T23:55:03.360+0000] {processor.py:186} INFO - Started process (PID=3947) to work on /opt/airflow/dags/ingestion_postgres_dag.py
[2026-03-31T23:55:03.361+0000] {processor.py:914} INFO - Processing file /opt/airflow/dags/ingestion_postgres_dag.py for tasks to queue
[2026-03-31T23:55:03.364+0000] {logging_mixin.py:190} INFO - [2026-03-31T23:55:03.363+0000] {dagbag.py:588} INFO - Filling up the DagBag from /opt/airflow/dags/ingestion_postgres_dag.py
[2026-03-31T23:55:03.384+0000] {processor.py:925} INFO - DAG(s) 'ingestion_postgres_tmdb' retrieved from /opt/airflow/dags/ingestion_postgres_dag.py
[2026-03-31T23:55:03.414+0000] {logging_mixin.py:190} INFO - [2026-03-31T23:55:03.413+0000] {dag.py:3239} INFO - Sync 1 DAGs
[2026-03-31T23:55:03.439+0000] {logging_mixin.py:190} INFO - [2026-03-31T23:55:03.438+0000] {dag.py:4180} INFO - Setting next_dagrun for ingestion_postgres_tmdb to 2026-03-02 10:00:00+00:00, run_after=2026-04-06 10:00:00+00:00
[2026-03-31T23:55:03.462+0000] {processor.py:208} INFO - Processing /opt/airflow/dags/ingestion_postgres_dag.py took 0.110 seconds
[2026-03-31T23:55:33.660+0000] {processor.py:186} INFO - Started process (PID=3957) to work on /opt/airflow/dags/ingestion_postgres_dag.py
[2026-03-31T23:55:33.661+0000] {processor.py:914} INFO - Processing file /opt/airflow/dags/ingestion_postgres_dag.py for tasks to queue
[2026-03-31T23:55:33.664+0000] {logging_mixin.py:190} INFO - [2026-03-31T23:55:33.664+0000] {dagbag.py:588} INFO - Filling up the DagBag from /opt/airflow/dags/ingestion_postgres_dag.py
[2026-03-31T23:55:33.682+0000] {processor.py:925} INFO - DAG(s) 'ingestion_postgres_tmdb' retrieved from /opt/airflow/dags/ingestion_postgres_dag.py
[2026-03-31T23:55:33.713+0000] {logging_mixin.py:190} INFO - [2026-03-31T23:55:33.713+0000] {dag.py:3239} INFO - Sync 1 DAGs
[2026-03-31T23:55:33.737+0000] {logging_mixin.py:190} INFO - [2026-03-31T23:55:33.736+0000] {dag.py:4180} INFO - Setting next_dagrun for ingestion_postgres_tmdb to 2026-03-02 10:00:00+00:00, run_after=2026-04-06 10:00:00+00:00
[2026-03-31T23:55:33.758+0000] {processor.py:208} INFO - Processing /opt/airflow/dags/ingestion_postgres_dag.py took 0.106 seconds
[2026-03-31T23:56:04.058+0000] {processor.py:186} INFO - Started process (PID=3967) to work on /opt/airflow/dags/ingestion_postgres_dag.py
[2026-03-31T23:56:04.062+0000] {processor.py:914} INFO - Processing file /opt/airflow/dags/ingestion_postgres_dag.py for tasks to queue
[2026-03-31T23:56:04.064+0000] {logging_mixin.py:190} INFO - [2026-03-31T23:56:04.064+0000] {dagbag.py:588} INFO - Filling up the DagBag from /opt/airflow/dags/ingestion_postgres_dag.py
[2026-03-31T23:56:04.095+0000] {processor.py:925} INFO - DAG(s) 'ingestion_postgres_tmdb' retrieved from /opt/airflow/dags/ingestion_postgres_dag.py
[2026-03-31T23:56:04.127+0000] {logging_mixin.py:190} INFO - [2026-03-31T23:56:04.127+0000] {dag.py:3239} INFO - Sync 1 DAGs
[2026-03-31T23:56:04.150+0000] {logging_mixin.py:190} INFO - [2026-03-31T23:56:04.150+0000] {dag.py:4180} INFO - Setting next_dagrun for ingestion_postgres_tmdb to 2026-03-02 10:00:00+00:00, run_after=2026-04-06 10:00:00+00:00
[2026-03-31T23:56:04.170+0000] {processor.py:208} INFO - Processing /opt/airflow/dags/ingestion_postgres_dag.py took 0.120 seconds
[2026-03-31T23:56:34.469+0000] {processor.py:186} INFO - Started process (PID=3977) to work on /opt/airflow/dags/ingestion_postgres_dag.py
[2026-03-31T23:56:34.470+0000] {processor.py:914} INFO - Processing file /opt/airflow/dags/ingestion_postgres_dag.py for tasks to queue
[2026-03-31T23:56:34.473+0000] {logging_mixin.py:190} INFO - [2026-03-31T23:56:34.472+0000] {dagbag.py:588} INFO - Filling up the DagBag from /opt/airflow/dags/ingestion_postgres_dag.py
[2026-03-31T23:56:34.497+0000] {processor.py:925} INFO - DAG(s) 'ingestion_postgres_tmdb' retrieved from /opt/airflow/dags/ingestion_postgres_dag.py
[2026-03-31T23:56:34.526+0000] {logging_mixin.py:190} INFO - [2026-03-31T23:56:34.525+0000] {dag.py:3239} INFO - Sync 1 DAGs
[2026-03-31T23:56:34.549+0000] {logging_mixin.py:190} INFO - [2026-03-31T23:56:34.548+0000] {dag.py:4180} INFO - Setting next_dagrun for ingestion_postgres_tmdb to 2026-03-02 10:00:00+00:00, run_after=2026-04-06 10:00:00+00:00
[2026-03-31T23:56:34.570+0000] {processor.py:208} INFO - Processing /opt/airflow/dags/ingestion_postgres_dag.py took 0.108 seconds
[2026-03-31T23:57:04.924+0000] {processor.py:186} INFO - Started process (PID=3987) to work on /opt/airflow/dags/ingestion_postgres_dag.py
[2026-03-31T23:57:04.925+0000] {processor.py:914} INFO - Processing file /opt/airflow/dags/ingestion_postgres_dag.py for tasks to queue
[2026-03-31T23:57:04.928+0000] {logging_mixin.py:190} INFO - [2026-03-31T23:57:04.928+0000] {dagbag.py:588} INFO - Filling up the DagBag from /opt/airflow/dags/ingestion_postgres_dag.py
[2026-03-31T23:57:04.949+0000] {processor.py:925} INFO - DAG(s) 'ingestion_postgres_tmdb' retrieved from /opt/airflow/dags/ingestion_postgres_dag.py
[2026-03-31T23:57:04.978+0000] {logging_mixin.py:190} INFO - [2026-03-31T23:57:04.978+0000] {dag.py:3239} INFO - Sync 1 DAGs
[2026-03-31T23:57:05.002+0000] {logging_mixin.py:190} INFO - [2026-03-31T23:57:05.002+0000] {dag.py:4180} INFO - Setting next_dagrun for ingestion_postgres_tmdb to 2026-03-02 10:00:00+00:00, run_after=2026-04-06 10:00:00+00:00
[2026-03-31T23:57:05.026+0000] {processor.py:208} INFO - Processing /opt/airflow/dags/ingestion_postgres_dag.py took 0.111 seconds
[2026-03-31T23:57:35.201+0000] {processor.py:186} INFO - Started process (PID=3997) to work on /opt/airflow/dags/ingestion_postgres_dag.py
[2026-03-31T23:57:35.202+0000] {processor.py:914} INFO - Processing file /opt/airflow/dags/ingestion_postgres_dag.py for tasks to queue
[2026-03-31T23:57:35.205+0000] {logging_mixin.py:190} INFO - [2026-03-31T23:57:35.205+0000] {dagbag.py:588} INFO - Filling up the DagBag from /opt/airflow/dags/ingestion_postgres_dag.py
[2026-03-31T23:57:35.230+0000] {processor.py:925} INFO - DAG(s) 'ingestion_postgres_tmdb' retrieved from /opt/airflow/dags/ingestion_postgres_dag.py
[2026-03-31T23:57:34.934+0000] {logging_mixin.py:190} INFO - [2026-03-31T23:57:34.934+0000] {dag.py:3239} INFO - Sync 1 DAGs
[2026-03-31T23:57:34.958+0000] {logging_mixin.py:190} INFO - [2026-03-31T23:57:34.958+0000] {dag.py:4180} INFO - Setting next_dagrun for ingestion_postgres_tmdb to 2026-03-02 10:00:00+00:00, run_after=2026-04-06 10:00:00+00:00
[2026-03-31T23:57:34.984+0000] {processor.py:208} INFO - Processing /opt/airflow/dags/ingestion_postgres_dag.py took 0.119 seconds
[2026-03-31T23:58:05.515+0000] {processor.py:186} INFO - Started process (PID=4007) to work on /opt/airflow/dags/ingestion_postgres_dag.py
[2026-03-31T23:58:05.516+0000] {processor.py:914} INFO - Processing file /opt/airflow/dags/ingestion_postgres_dag.py for tasks to queue
[2026-03-31T23:58:05.518+0000] {logging_mixin.py:190} INFO - [2026-03-31T23:58:05.518+0000] {dagbag.py:588} INFO - Filling up the DagBag from /opt/airflow/dags/ingestion_postgres_dag.py
[2026-03-31T23:58:05.538+0000] {processor.py:925} INFO - DAG(s) 'ingestion_postgres_tmdb' retrieved from /opt/airflow/dags/ingestion_postgres_dag.py
[2026-03-31T23:58:05.566+0000] {logging_mixin.py:190} INFO - [2026-03-31T23:58:05.566+0000] {dag.py:3239} INFO - Sync 1 DAGs
[2026-03-31T23:58:05.588+0000] {logging_mixin.py:190} INFO - [2026-03-31T23:58:05.588+0000] {dag.py:4180} INFO - Setting next_dagrun for ingestion_postgres_tmdb to 2026-03-02 10:00:00+00:00, run_after=2026-04-06 10:00:00+00:00
[2026-03-31T23:58:05.608+0000] {processor.py:208} INFO - Processing /opt/airflow/dags/ingestion_postgres_dag.py took 0.099 seconds
[2026-03-31T23:58:35.866+0000] {processor.py:186} INFO - Started process (PID=4017) to work on /opt/airflow/dags/ingestion_postgres_dag.py
[2026-03-31T23:58:35.867+0000] {processor.py:914} INFO - Processing file /opt/airflow/dags/ingestion_postgres_dag.py for tasks to queue
[2026-03-31T23:58:35.869+0000] {logging_mixin.py:190} INFO - [2026-03-31T23:58:35.869+0000] {dagbag.py:588} INFO - Filling up the DagBag from /opt/airflow/dags/ingestion_postgres_dag.py
[2026-03-31T23:58:35.887+0000] {processor.py:925} INFO - DAG(s) 'ingestion_postgres_tmdb' retrieved from /opt/airflow/dags/ingestion_postgres_dag.py
[2026-03-31T23:58:35.916+0000] {logging_mixin.py:190} INFO - [2026-03-31T23:58:35.916+0000] {dag.py:3239} INFO - Sync 1 DAGs
[2026-03-31T23:58:35.941+0000] {logging_mixin.py:190} INFO - [2026-03-31T23:58:35.940+0000] {dag.py:4180} INFO - Setting next_dagrun for ingestion_postgres_tmdb to 2026-03-02 10:00:00+00:00, run_after=2026-04-06 10:00:00+00:00
[2026-03-31T23:58:35.961+0000] {processor.py:208} INFO - Processing /opt/airflow/dags/ingestion_postgres_dag.py took 0.102 seconds
[2026-03-31T23:59:06.279+0000] {processor.py:186} INFO - Started process (PID=4027) to work on /opt/airflow/dags/ingestion_postgres_dag.py
[2026-03-31T23:59:06.281+0000] {processor.py:914} INFO - Processing file /opt/airflow/dags/ingestion_postgres_dag.py for tasks to queue
[2026-03-31T23:59:06.285+0000] {logging_mixin.py:190} INFO - [2026-03-31T23:59:06.285+0000] {dagbag.py:588} INFO - Filling up the DagBag from /opt/airflow/dags/ingestion_postgres_dag.py
[2026-03-31T23:59:06.308+0000] {processor.py:925} INFO - DAG(s) 'ingestion_postgres_tmdb' retrieved from /opt/airflow/dags/ingestion_postgres_dag.py
[2026-03-31T23:59:06.338+0000] {logging_mixin.py:190} INFO - [2026-03-31T23:59:06.338+0000] {dag.py:3239} INFO - Sync 1 DAGs
[2026-03-31T23:59:06.362+0000] {logging_mixin.py:190} INFO - [2026-03-31T23:59:06.361+0000] {dag.py:4180} INFO - Setting next_dagrun for ingestion_postgres_tmdb to 2026-03-02 10:00:00+00:00, run_after=2026-04-06 10:00:00+00:00
[2026-03-31T23:59:06.384+0000] {processor.py:208} INFO - Processing /opt/airflow/dags/ingestion_postgres_dag.py took 0.114 seconds
[2026-03-31T23:59:36.721+0000] {processor.py:186} INFO - Started process (PID=4037) to work on /opt/airflow/dags/ingestion_postgres_dag.py
[2026-03-31T23:59:36.723+0000] {processor.py:914} INFO - Processing file /opt/airflow/dags/ingestion_postgres_dag.py for tasks to queue
[2026-03-31T23:59:36.727+0000] {logging_mixin.py:190} INFO - [2026-03-31T23:59:36.727+0000] {dagbag.py:588} INFO - Filling up the DagBag from /opt/airflow/dags/ingestion_postgres_dag.py
[2026-03-31T23:59:36.757+0000] {processor.py:925} INFO - DAG(s) 'ingestion_postgres_tmdb' retrieved from /opt/airflow/dags/ingestion_postgres_dag.py
[2026-03-31T23:59:36.786+0000] {logging_mixin.py:190} INFO - [2026-03-31T23:59:36.786+0000] {dag.py:3239} INFO - Sync 1 DAGs
[2026-03-31T23:59:36.811+0000] {logging_mixin.py:190} INFO - [2026-03-31T23:59:36.811+0000] {dag.py:4180} INFO - Setting next_dagrun for ingestion_postgres_tmdb to 2026-03-02 10:00:00+00:00, run_after=2026-04-06 10:00:00+00:00
[2026-03-31T23:59:36.834+0000] {processor.py:208} INFO - Processing /opt/airflow/dags/ingestion_postgres_dag.py took 0.120 seconds
