[2026-03-27T09:42:30.819+0000] {processor.py:186} INFO - Started process (PID=57) to work on /opt/airflow/dags/db_and_model_update_dag.py
[2026-03-27T09:42:30.838+0000] {processor.py:914} INFO - Processing file /opt/airflow/dags/db_and_model_update_dag.py for tasks to queue
[2026-03-27T09:42:30.856+0000] {logging_mixin.py:190} INFO - [2026-03-27T09:42:30.855+0000] {dagbag.py:588} INFO - Filling up the DagBag from /opt/airflow/dags/db_and_model_update_dag.py
[2026-03-27T09:42:31.011+0000] {processor.py:925} INFO - DAG(s) 'db_and_model_update' retrieved from /opt/airflow/dags/db_and_model_update_dag.py
[2026-03-27T09:42:31.222+0000] {logging_mixin.py:190} INFO - [2026-03-27T09:42:31.219+0000] {dag.py:3239} INFO - Sync 1 DAGs
[2026-03-27T09:42:31.502+0000] {processor.py:208} INFO - Processing /opt/airflow/dags/db_and_model_update_dag.py took 0.739 seconds
[2026-03-27T09:43:01.999+0000] {processor.py:186} INFO - Started process (PID=74) to work on /opt/airflow/dags/db_and_model_update_dag.py
[2026-03-27T09:43:02.001+0000] {processor.py:914} INFO - Processing file /opt/airflow/dags/db_and_model_update_dag.py for tasks to queue
[2026-03-27T09:43:02.007+0000] {logging_mixin.py:190} INFO - [2026-03-27T09:43:02.006+0000] {dagbag.py:588} INFO - Filling up the DagBag from /opt/airflow/dags/db_and_model_update_dag.py
[2026-03-27T09:43:02.039+0000] {processor.py:925} INFO - DAG(s) 'db_and_model_update' retrieved from /opt/airflow/dags/db_and_model_update_dag.py
[2026-03-27T09:43:02.098+0000] {logging_mixin.py:190} INFO - [2026-03-27T09:43:02.098+0000] {dag.py:3239} INFO - Sync 1 DAGs
[2026-03-27T09:43:02.161+0000] {processor.py:208} INFO - Processing /opt/airflow/dags/db_and_model_update_dag.py took 0.178 seconds
[2026-03-27T09:43:32.452+0000] {processor.py:186} INFO - Started process (PID=84) to work on /opt/airflow/dags/db_and_model_update_dag.py
[2026-03-27T09:43:32.453+0000] {processor.py:914} INFO - Processing file /opt/airflow/dags/db_and_model_update_dag.py for tasks to queue
[2026-03-27T09:43:32.456+0000] {logging_mixin.py:190} INFO - [2026-03-27T09:43:32.456+0000] {dagbag.py:588} INFO - Filling up the DagBag from /opt/airflow/dags/db_and_model_update_dag.py
[2026-03-27T09:43:32.479+0000] {processor.py:925} INFO - DAG(s) 'db_and_model_update' retrieved from /opt/airflow/dags/db_and_model_update_dag.py
[2026-03-27T09:43:32.516+0000] {logging_mixin.py:190} INFO - [2026-03-27T09:43:32.516+0000] {dag.py:3239} INFO - Sync 1 DAGs
[2026-03-27T09:43:32.564+0000] {processor.py:208} INFO - Processing /opt/airflow/dags/db_and_model_update_dag.py took 0.120 seconds
[2026-03-27T09:44:02.694+0000] {processor.py:186} INFO - Started process (PID=94) to work on /opt/airflow/dags/db_and_model_update_dag.py
[2026-03-27T09:44:02.695+0000] {processor.py:914} INFO - Processing file /opt/airflow/dags/db_and_model_update_dag.py for tasks to queue
[2026-03-27T09:44:02.698+0000] {logging_mixin.py:190} INFO - [2026-03-27T09:44:02.698+0000] {dagbag.py:588} INFO - Filling up the DagBag from /opt/airflow/dags/db_and_model_update_dag.py
[2026-03-27T09:44:02.726+0000] {processor.py:925} INFO - DAG(s) 'db_and_model_update' retrieved from /opt/airflow/dags/db_and_model_update_dag.py
[2026-03-27T09:44:02.764+0000] {logging_mixin.py:190} INFO - [2026-03-27T09:44:02.764+0000] {dag.py:3239} INFO - Sync 1 DAGs
[2026-03-27T09:44:02.817+0000] {processor.py:208} INFO - Processing /opt/airflow/dags/db_and_model_update_dag.py took 0.132 seconds
[2026-03-27T09:44:33.049+0000] {processor.py:186} INFO - Started process (PID=104) to work on /opt/airflow/dags/db_and_model_update_dag.py
[2026-03-27T09:44:33.050+0000] {processor.py:914} INFO - Processing file /opt/airflow/dags/db_and_model_update_dag.py for tasks to queue
[2026-03-27T09:44:33.054+0000] {logging_mixin.py:190} INFO - [2026-03-27T09:44:33.054+0000] {dagbag.py:588} INFO - Filling up the DagBag from /opt/airflow/dags/db_and_model_update_dag.py
[2026-03-27T09:44:33.088+0000] {processor.py:925} INFO - DAG(s) 'db_and_model_update' retrieved from /opt/airflow/dags/db_and_model_update_dag.py
[2026-03-27T09:44:33.126+0000] {logging_mixin.py:190} INFO - [2026-03-27T09:44:33.126+0000] {dag.py:3239} INFO - Sync 1 DAGs
[2026-03-27T09:44:33.172+0000] {processor.py:208} INFO - Processing /opt/airflow/dags/db_and_model_update_dag.py took 0.133 seconds
[2026-03-27T09:45:03.261+0000] {processor.py:186} INFO - Started process (PID=114) to work on /opt/airflow/dags/db_and_model_update_dag.py
[2026-03-27T09:45:03.262+0000] {processor.py:914} INFO - Processing file /opt/airflow/dags/db_and_model_update_dag.py for tasks to queue
[2026-03-27T09:45:03.264+0000] {logging_mixin.py:190} INFO - [2026-03-27T09:45:03.264+0000] {dagbag.py:588} INFO - Filling up the DagBag from /opt/airflow/dags/db_and_model_update_dag.py
[2026-03-27T09:45:03.284+0000] {processor.py:925} INFO - DAG(s) 'db_and_model_update' retrieved from /opt/airflow/dags/db_and_model_update_dag.py
[2026-03-27T09:45:03.318+0000] {logging_mixin.py:190} INFO - [2026-03-27T09:45:03.318+0000] {dag.py:3239} INFO - Sync 1 DAGs
[2026-03-27T09:45:03.356+0000] {processor.py:208} INFO - Processing /opt/airflow/dags/db_and_model_update_dag.py took 0.102 seconds
[2026-03-27T09:45:33.592+0000] {processor.py:186} INFO - Started process (PID=124) to work on /opt/airflow/dags/db_and_model_update_dag.py
[2026-03-27T09:45:33.593+0000] {processor.py:914} INFO - Processing file /opt/airflow/dags/db_and_model_update_dag.py for tasks to queue
[2026-03-27T09:45:33.596+0000] {logging_mixin.py:190} INFO - [2026-03-27T09:45:33.596+0000] {dagbag.py:588} INFO - Filling up the DagBag from /opt/airflow/dags/db_and_model_update_dag.py
[2026-03-27T09:45:33.614+0000] {processor.py:925} INFO - DAG(s) 'db_and_model_update' retrieved from /opt/airflow/dags/db_and_model_update_dag.py
[2026-03-27T09:45:33.642+0000] {logging_mixin.py:190} INFO - [2026-03-27T09:45:33.642+0000] {dag.py:3239} INFO - Sync 1 DAGs
[2026-03-27T09:45:33.678+0000] {processor.py:208} INFO - Processing /opt/airflow/dags/db_and_model_update_dag.py took 0.093 seconds
[2026-03-27T09:46:03.799+0000] {processor.py:186} INFO - Started process (PID=134) to work on /opt/airflow/dags/db_and_model_update_dag.py
[2026-03-27T09:46:03.801+0000] {processor.py:914} INFO - Processing file /opt/airflow/dags/db_and_model_update_dag.py for tasks to queue
[2026-03-27T09:46:03.804+0000] {logging_mixin.py:190} INFO - [2026-03-27T09:46:03.804+0000] {dagbag.py:588} INFO - Filling up the DagBag from /opt/airflow/dags/db_and_model_update_dag.py
[2026-03-27T09:46:03.828+0000] {processor.py:925} INFO - DAG(s) 'db_and_model_update' retrieved from /opt/airflow/dags/db_and_model_update_dag.py
[2026-03-27T09:46:03.858+0000] {logging_mixin.py:190} INFO - [2026-03-27T09:46:03.858+0000] {dag.py:3239} INFO - Sync 1 DAGs
[2026-03-27T09:46:03.898+0000] {processor.py:208} INFO - Processing /opt/airflow/dags/db_and_model_update_dag.py took 0.108 seconds
[2026-03-27T09:46:34.110+0000] {processor.py:186} INFO - Started process (PID=144) to work on /opt/airflow/dags/db_and_model_update_dag.py
[2026-03-27T09:46:34.111+0000] {processor.py:914} INFO - Processing file /opt/airflow/dags/db_and_model_update_dag.py for tasks to queue
[2026-03-27T09:46:34.113+0000] {logging_mixin.py:190} INFO - [2026-03-27T09:46:34.113+0000] {dagbag.py:588} INFO - Filling up the DagBag from /opt/airflow/dags/db_and_model_update_dag.py
[2026-03-27T09:46:34.135+0000] {processor.py:925} INFO - DAG(s) 'db_and_model_update' retrieved from /opt/airflow/dags/db_and_model_update_dag.py
[2026-03-27T09:46:34.165+0000] {logging_mixin.py:190} INFO - [2026-03-27T09:46:34.164+0000] {dag.py:3239} INFO - Sync 1 DAGs
[2026-03-27T09:46:34.206+0000] {processor.py:208} INFO - Processing /opt/airflow/dags/db_and_model_update_dag.py took 0.103 seconds
[2026-03-27T09:47:04.430+0000] {processor.py:186} INFO - Started process (PID=154) to work on /opt/airflow/dags/db_and_model_update_dag.py
[2026-03-27T09:47:04.431+0000] {processor.py:914} INFO - Processing file /opt/airflow/dags/db_and_model_update_dag.py for tasks to queue
[2026-03-27T09:47:04.433+0000] {logging_mixin.py:190} INFO - [2026-03-27T09:47:04.433+0000] {dagbag.py:588} INFO - Filling up the DagBag from /opt/airflow/dags/db_and_model_update_dag.py
[2026-03-27T09:47:04.454+0000] {processor.py:925} INFO - DAG(s) 'db_and_model_update' retrieved from /opt/airflow/dags/db_and_model_update_dag.py
[2026-03-27T09:47:04.482+0000] {logging_mixin.py:190} INFO - [2026-03-27T09:47:04.482+0000] {dag.py:3239} INFO - Sync 1 DAGs
[2026-03-27T09:47:04.521+0000] {processor.py:208} INFO - Processing /opt/airflow/dags/db_and_model_update_dag.py took 0.097 seconds
[2026-03-27T09:47:34.776+0000] {processor.py:186} INFO - Started process (PID=164) to work on /opt/airflow/dags/db_and_model_update_dag.py
[2026-03-27T09:47:34.777+0000] {processor.py:914} INFO - Processing file /opt/airflow/dags/db_and_model_update_dag.py for tasks to queue
[2026-03-27T09:47:34.780+0000] {logging_mixin.py:190} INFO - [2026-03-27T09:47:34.780+0000] {dagbag.py:588} INFO - Filling up the DagBag from /opt/airflow/dags/db_and_model_update_dag.py
[2026-03-27T09:47:34.798+0000] {processor.py:925} INFO - DAG(s) 'db_and_model_update' retrieved from /opt/airflow/dags/db_and_model_update_dag.py
[2026-03-27T09:47:34.825+0000] {logging_mixin.py:190} INFO - [2026-03-27T09:47:34.825+0000] {dag.py:3239} INFO - Sync 1 DAGs
[2026-03-27T09:47:34.862+0000] {processor.py:208} INFO - Processing /opt/airflow/dags/db_and_model_update_dag.py took 0.094 seconds
[2026-03-27T09:48:05.114+0000] {processor.py:186} INFO - Started process (PID=174) to work on /opt/airflow/dags/db_and_model_update_dag.py
[2026-03-27T09:48:05.116+0000] {processor.py:914} INFO - Processing file /opt/airflow/dags/db_and_model_update_dag.py for tasks to queue
[2026-03-27T09:48:05.118+0000] {logging_mixin.py:190} INFO - [2026-03-27T09:48:05.118+0000] {dagbag.py:588} INFO - Filling up the DagBag from /opt/airflow/dags/db_and_model_update_dag.py
[2026-03-27T09:48:05.141+0000] {processor.py:925} INFO - DAG(s) 'db_and_model_update' retrieved from /opt/airflow/dags/db_and_model_update_dag.py
[2026-03-27T09:48:05.171+0000] {logging_mixin.py:190} INFO - [2026-03-27T09:48:05.171+0000] {dag.py:3239} INFO - Sync 1 DAGs
[2026-03-27T09:48:05.208+0000] {processor.py:208} INFO - Processing /opt/airflow/dags/db_and_model_update_dag.py took 0.103 seconds
[2026-03-27T09:48:35.437+0000] {processor.py:186} INFO - Started process (PID=184) to work on /opt/airflow/dags/db_and_model_update_dag.py
[2026-03-27T09:48:35.438+0000] {processor.py:914} INFO - Processing file /opt/airflow/dags/db_and_model_update_dag.py for tasks to queue
[2026-03-27T09:48:35.440+0000] {logging_mixin.py:190} INFO - [2026-03-27T09:48:35.440+0000] {dagbag.py:588} INFO - Filling up the DagBag from /opt/airflow/dags/db_and_model_update_dag.py
[2026-03-27T09:48:35.463+0000] {processor.py:925} INFO - DAG(s) 'db_and_model_update' retrieved from /opt/airflow/dags/db_and_model_update_dag.py
[2026-03-27T09:48:35.491+0000] {logging_mixin.py:190} INFO - [2026-03-27T09:48:35.491+0000] {dag.py:3239} INFO - Sync 1 DAGs
[2026-03-27T09:48:35.536+0000] {processor.py:208} INFO - Processing /opt/airflow/dags/db_and_model_update_dag.py took 0.107 seconds
[2026-03-27T09:49:05.652+0000] {processor.py:186} INFO - Started process (PID=194) to work on /opt/airflow/dags/db_and_model_update_dag.py
[2026-03-27T09:49:05.653+0000] {processor.py:914} INFO - Processing file /opt/airflow/dags/db_and_model_update_dag.py for tasks to queue
[2026-03-27T09:49:05.655+0000] {logging_mixin.py:190} INFO - [2026-03-27T09:49:05.655+0000] {dagbag.py:588} INFO - Filling up the DagBag from /opt/airflow/dags/db_and_model_update_dag.py
[2026-03-27T09:49:05.675+0000] {processor.py:925} INFO - DAG(s) 'db_and_model_update' retrieved from /opt/airflow/dags/db_and_model_update_dag.py
[2026-03-27T09:49:05.702+0000] {logging_mixin.py:190} INFO - [2026-03-27T09:49:05.702+0000] {dag.py:3239} INFO - Sync 1 DAGs
[2026-03-27T09:49:05.739+0000] {processor.py:208} INFO - Processing /opt/airflow/dags/db_and_model_update_dag.py took 0.094 seconds
[2026-03-27T09:49:35.987+0000] {processor.py:186} INFO - Started process (PID=204) to work on /opt/airflow/dags/db_and_model_update_dag.py
[2026-03-27T09:49:35.988+0000] {processor.py:914} INFO - Processing file /opt/airflow/dags/db_and_model_update_dag.py for tasks to queue
[2026-03-27T09:49:35.991+0000] {logging_mixin.py:190} INFO - [2026-03-27T09:49:35.991+0000] {dagbag.py:588} INFO - Filling up the DagBag from /opt/airflow/dags/db_and_model_update_dag.py
[2026-03-27T09:49:36.011+0000] {processor.py:925} INFO - DAG(s) 'db_and_model_update' retrieved from /opt/airflow/dags/db_and_model_update_dag.py
[2026-03-27T09:49:36.042+0000] {logging_mixin.py:190} INFO - [2026-03-27T09:49:36.041+0000] {dag.py:3239} INFO - Sync 1 DAGs
[2026-03-27T09:49:36.085+0000] {processor.py:208} INFO - Processing /opt/airflow/dags/db_and_model_update_dag.py took 0.106 seconds
[2026-03-27T09:50:06.186+0000] {processor.py:186} INFO - Started process (PID=214) to work on /opt/airflow/dags/db_and_model_update_dag.py
[2026-03-27T09:50:06.187+0000] {processor.py:914} INFO - Processing file /opt/airflow/dags/db_and_model_update_dag.py for tasks to queue
[2026-03-27T09:50:06.191+0000] {logging_mixin.py:190} INFO - [2026-03-27T09:50:06.190+0000] {dagbag.py:588} INFO - Filling up the DagBag from /opt/airflow/dags/db_and_model_update_dag.py
[2026-03-27T09:50:06.218+0000] {processor.py:925} INFO - DAG(s) 'db_and_model_update' retrieved from /opt/airflow/dags/db_and_model_update_dag.py
[2026-03-27T09:50:06.248+0000] {logging_mixin.py:190} INFO - [2026-03-27T09:50:06.248+0000] {dag.py:3239} INFO - Sync 1 DAGs
[2026-03-27T09:50:06.290+0000] {processor.py:208} INFO - Processing /opt/airflow/dags/db_and_model_update_dag.py took 0.112 seconds
[2026-03-27T09:50:36.542+0000] {processor.py:186} INFO - Started process (PID=224) to work on /opt/airflow/dags/db_and_model_update_dag.py
[2026-03-27T09:50:36.544+0000] {processor.py:914} INFO - Processing file /opt/airflow/dags/db_and_model_update_dag.py for tasks to queue
[2026-03-27T09:50:36.548+0000] {logging_mixin.py:190} INFO - [2026-03-27T09:50:36.548+0000] {dagbag.py:588} INFO - Filling up the DagBag from /opt/airflow/dags/db_and_model_update_dag.py
[2026-03-27T09:50:36.576+0000] {processor.py:925} INFO - DAG(s) 'db_and_model_update' retrieved from /opt/airflow/dags/db_and_model_update_dag.py
[2026-03-27T09:50:36.617+0000] {logging_mixin.py:190} INFO - [2026-03-27T09:50:36.617+0000] {dag.py:3239} INFO - Sync 1 DAGs
[2026-03-27T09:50:36.686+0000] {processor.py:208} INFO - Processing /opt/airflow/dags/db_and_model_update_dag.py took 0.154 seconds
[2026-03-27T09:51:06.970+0000] {processor.py:186} INFO - Started process (PID=234) to work on /opt/airflow/dags/db_and_model_update_dag.py
[2026-03-27T09:51:06.972+0000] {processor.py:914} INFO - Processing file /opt/airflow/dags/db_and_model_update_dag.py for tasks to queue
[2026-03-27T09:51:06.975+0000] {logging_mixin.py:190} INFO - [2026-03-27T09:51:06.975+0000] {dagbag.py:588} INFO - Filling up the DagBag from /opt/airflow/dags/db_and_model_update_dag.py
[2026-03-27T09:51:07.001+0000] {processor.py:925} INFO - DAG(s) 'db_and_model_update' retrieved from /opt/airflow/dags/db_and_model_update_dag.py
[2026-03-27T09:51:07.035+0000] {logging_mixin.py:190} INFO - [2026-03-27T09:51:07.034+0000] {dag.py:3239} INFO - Sync 1 DAGs
[2026-03-27T09:51:07.080+0000] {processor.py:208} INFO - Processing /opt/airflow/dags/db_and_model_update_dag.py took 0.120 seconds
[2026-03-27T09:51:37.204+0000] {processor.py:186} INFO - Started process (PID=244) to work on /opt/airflow/dags/db_and_model_update_dag.py
[2026-03-27T09:51:37.205+0000] {processor.py:914} INFO - Processing file /opt/airflow/dags/db_and_model_update_dag.py for tasks to queue
[2026-03-27T09:51:37.208+0000] {logging_mixin.py:190} INFO - [2026-03-27T09:51:37.207+0000] {dagbag.py:588} INFO - Filling up the DagBag from /opt/airflow/dags/db_and_model_update_dag.py
[2026-03-27T09:51:37.231+0000] {processor.py:925} INFO - DAG(s) 'db_and_model_update' retrieved from /opt/airflow/dags/db_and_model_update_dag.py
[2026-03-27T09:51:37.264+0000] {logging_mixin.py:190} INFO - [2026-03-27T09:51:37.264+0000] {dag.py:3239} INFO - Sync 1 DAGs
[2026-03-27T09:51:37.309+0000] {processor.py:208} INFO - Processing /opt/airflow/dags/db_and_model_update_dag.py took 0.112 seconds
[2026-03-27T09:52:07.542+0000] {processor.py:186} INFO - Started process (PID=254) to work on /opt/airflow/dags/db_and_model_update_dag.py
[2026-03-27T09:52:07.544+0000] {processor.py:914} INFO - Processing file /opt/airflow/dags/db_and_model_update_dag.py for tasks to queue
[2026-03-27T09:52:07.547+0000] {logging_mixin.py:190} INFO - [2026-03-27T09:52:07.546+0000] {dagbag.py:588} INFO - Filling up the DagBag from /opt/airflow/dags/db_and_model_update_dag.py
[2026-03-27T09:52:07.566+0000] {processor.py:925} INFO - DAG(s) 'db_and_model_update' retrieved from /opt/airflow/dags/db_and_model_update_dag.py
[2026-03-27T09:52:07.596+0000] {logging_mixin.py:190} INFO - [2026-03-27T09:52:07.596+0000] {dag.py:3239} INFO - Sync 1 DAGs
[2026-03-27T09:52:07.635+0000] {processor.py:208} INFO - Processing /opt/airflow/dags/db_and_model_update_dag.py took 0.099 seconds
[2026-03-27T09:52:37.950+0000] {processor.py:186} INFO - Started process (PID=264) to work on /opt/airflow/dags/db_and_model_update_dag.py
[2026-03-27T09:52:37.951+0000] {processor.py:914} INFO - Processing file /opt/airflow/dags/db_and_model_update_dag.py for tasks to queue
[2026-03-27T09:52:37.955+0000] {logging_mixin.py:190} INFO - [2026-03-27T09:52:37.954+0000] {dagbag.py:588} INFO - Filling up the DagBag from /opt/airflow/dags/db_and_model_update_dag.py
[2026-03-27T09:52:37.987+0000] {processor.py:925} INFO - DAG(s) 'db_and_model_update' retrieved from /opt/airflow/dags/db_and_model_update_dag.py
[2026-03-27T09:52:38.036+0000] {logging_mixin.py:190} INFO - [2026-03-27T09:52:38.035+0000] {dag.py:3239} INFO - Sync 1 DAGs
[2026-03-27T09:52:38.112+0000] {processor.py:208} INFO - Processing /opt/airflow/dags/db_and_model_update_dag.py took 0.180 seconds
[2026-03-27T09:53:08.359+0000] {processor.py:186} INFO - Started process (PID=274) to work on /opt/airflow/dags/db_and_model_update_dag.py
[2026-03-27T09:53:08.360+0000] {processor.py:914} INFO - Processing file /opt/airflow/dags/db_and_model_update_dag.py for tasks to queue
[2026-03-27T09:53:08.363+0000] {logging_mixin.py:190} INFO - [2026-03-27T09:53:08.362+0000] {dagbag.py:588} INFO - Filling up the DagBag from /opt/airflow/dags/db_and_model_update_dag.py
[2026-03-27T09:53:08.383+0000] {processor.py:925} INFO - DAG(s) 'db_and_model_update' retrieved from /opt/airflow/dags/db_and_model_update_dag.py
[2026-03-27T09:53:08.427+0000] {logging_mixin.py:190} INFO - [2026-03-27T09:53:08.426+0000] {dag.py:3239} INFO - Sync 1 DAGs
[2026-03-27T09:53:08.471+0000] {processor.py:208} INFO - Processing /opt/airflow/dags/db_and_model_update_dag.py took 0.122 seconds
[2026-03-27T09:53:38.738+0000] {processor.py:186} INFO - Started process (PID=284) to work on /opt/airflow/dags/db_and_model_update_dag.py
[2026-03-27T09:53:38.740+0000] {processor.py:914} INFO - Processing file /opt/airflow/dags/db_and_model_update_dag.py for tasks to queue
[2026-03-27T09:53:38.745+0000] {logging_mixin.py:190} INFO - [2026-03-27T09:53:38.744+0000] {dagbag.py:588} INFO - Filling up the DagBag from /opt/airflow/dags/db_and_model_update_dag.py
[2026-03-27T09:53:38.777+0000] {processor.py:925} INFO - DAG(s) 'db_and_model_update' retrieved from /opt/airflow/dags/db_and_model_update_dag.py
[2026-03-27T09:53:38.808+0000] {logging_mixin.py:190} INFO - [2026-03-27T09:53:38.808+0000] {dag.py:3239} INFO - Sync 1 DAGs
[2026-03-27T09:53:38.871+0000] {processor.py:208} INFO - Processing /opt/airflow/dags/db_and_model_update_dag.py took 0.143 seconds
[2026-03-27T09:54:09.118+0000] {processor.py:186} INFO - Started process (PID=294) to work on /opt/airflow/dags/db_and_model_update_dag.py
[2026-03-27T09:54:09.119+0000] {processor.py:914} INFO - Processing file /opt/airflow/dags/db_and_model_update_dag.py for tasks to queue
[2026-03-27T09:54:09.122+0000] {logging_mixin.py:190} INFO - [2026-03-27T09:54:09.122+0000] {dagbag.py:588} INFO - Filling up the DagBag from /opt/airflow/dags/db_and_model_update_dag.py
[2026-03-27T09:54:09.143+0000] {processor.py:925} INFO - DAG(s) 'db_and_model_update' retrieved from /opt/airflow/dags/db_and_model_update_dag.py
[2026-03-27T09:54:09.181+0000] {logging_mixin.py:190} INFO - [2026-03-27T09:54:09.181+0000] {dag.py:3239} INFO - Sync 1 DAGs
[2026-03-27T09:54:09.255+0000] {processor.py:208} INFO - Processing /opt/airflow/dags/db_and_model_update_dag.py took 0.144 seconds
[2026-03-27T09:54:39.469+0000] {processor.py:186} INFO - Started process (PID=304) to work on /opt/airflow/dags/db_and_model_update_dag.py
[2026-03-27T09:54:39.470+0000] {processor.py:914} INFO - Processing file /opt/airflow/dags/db_and_model_update_dag.py for tasks to queue
[2026-03-27T09:54:39.473+0000] {logging_mixin.py:190} INFO - [2026-03-27T09:54:39.473+0000] {dagbag.py:588} INFO - Filling up the DagBag from /opt/airflow/dags/db_and_model_update_dag.py
[2026-03-27T09:54:39.497+0000] {processor.py:925} INFO - DAG(s) 'db_and_model_update' retrieved from /opt/airflow/dags/db_and_model_update_dag.py
[2026-03-27T09:54:39.532+0000] {logging_mixin.py:190} INFO - [2026-03-27T09:54:39.532+0000] {dag.py:3239} INFO - Sync 1 DAGs
[2026-03-27T09:54:39.579+0000] {processor.py:208} INFO - Processing /opt/airflow/dags/db_and_model_update_dag.py took 0.118 seconds
[2026-03-27T09:55:09.835+0000] {processor.py:186} INFO - Started process (PID=314) to work on /opt/airflow/dags/db_and_model_update_dag.py
[2026-03-27T09:55:09.837+0000] {processor.py:914} INFO - Processing file /opt/airflow/dags/db_and_model_update_dag.py for tasks to queue
[2026-03-27T09:55:09.842+0000] {logging_mixin.py:190} INFO - [2026-03-27T09:55:09.841+0000] {dagbag.py:588} INFO - Filling up the DagBag from /opt/airflow/dags/db_and_model_update_dag.py
[2026-03-27T09:55:09.867+0000] {processor.py:925} INFO - DAG(s) 'db_and_model_update' retrieved from /opt/airflow/dags/db_and_model_update_dag.py
[2026-03-27T09:55:09.903+0000] {logging_mixin.py:190} INFO - [2026-03-27T09:55:09.902+0000] {dag.py:3239} INFO - Sync 1 DAGs
[2026-03-27T09:55:09.951+0000] {processor.py:208} INFO - Processing /opt/airflow/dags/db_and_model_update_dag.py took 0.124 seconds
[2026-03-27T09:55:40.077+0000] {processor.py:186} INFO - Started process (PID=324) to work on /opt/airflow/dags/db_and_model_update_dag.py
[2026-03-27T09:55:40.078+0000] {processor.py:914} INFO - Processing file /opt/airflow/dags/db_and_model_update_dag.py for tasks to queue
[2026-03-27T09:55:40.081+0000] {logging_mixin.py:190} INFO - [2026-03-27T09:55:40.081+0000] {dagbag.py:588} INFO - Filling up the DagBag from /opt/airflow/dags/db_and_model_update_dag.py
[2026-03-27T09:55:40.102+0000] {processor.py:925} INFO - DAG(s) 'db_and_model_update' retrieved from /opt/airflow/dags/db_and_model_update_dag.py
[2026-03-27T09:55:40.135+0000] {logging_mixin.py:190} INFO - [2026-03-27T09:55:40.135+0000] {dag.py:3239} INFO - Sync 1 DAGs
[2026-03-27T09:55:40.179+0000] {processor.py:208} INFO - Processing /opt/airflow/dags/db_and_model_update_dag.py took 0.112 seconds
[2026-03-27T09:56:10.364+0000] {processor.py:186} INFO - Started process (PID=334) to work on /opt/airflow/dags/db_and_model_update_dag.py
[2026-03-27T09:56:10.368+0000] {processor.py:914} INFO - Processing file /opt/airflow/dags/db_and_model_update_dag.py for tasks to queue
[2026-03-27T09:56:10.372+0000] {logging_mixin.py:190} INFO - [2026-03-27T09:56:10.371+0000] {dagbag.py:588} INFO - Filling up the DagBag from /opt/airflow/dags/db_and_model_update_dag.py
[2026-03-27T09:56:10.397+0000] {processor.py:925} INFO - DAG(s) 'db_and_model_update' retrieved from /opt/airflow/dags/db_and_model_update_dag.py
[2026-03-27T09:56:10.432+0000] {logging_mixin.py:190} INFO - [2026-03-27T09:56:10.431+0000] {dag.py:3239} INFO - Sync 1 DAGs
[2026-03-27T09:56:10.484+0000] {processor.py:208} INFO - Processing /opt/airflow/dags/db_and_model_update_dag.py took 0.128 seconds
[2026-03-27T09:56:40.696+0000] {processor.py:186} INFO - Started process (PID=344) to work on /opt/airflow/dags/db_and_model_update_dag.py
[2026-03-27T09:56:40.698+0000] {processor.py:914} INFO - Processing file /opt/airflow/dags/db_and_model_update_dag.py for tasks to queue
[2026-03-27T09:56:40.701+0000] {logging_mixin.py:190} INFO - [2026-03-27T09:56:40.701+0000] {dagbag.py:588} INFO - Filling up the DagBag from /opt/airflow/dags/db_and_model_update_dag.py
[2026-03-27T09:56:40.724+0000] {processor.py:925} INFO - DAG(s) 'db_and_model_update' retrieved from /opt/airflow/dags/db_and_model_update_dag.py
[2026-03-27T09:56:40.760+0000] {logging_mixin.py:190} INFO - [2026-03-27T09:56:40.760+0000] {dag.py:3239} INFO - Sync 1 DAGs
[2026-03-27T09:56:40.807+0000] {processor.py:208} INFO - Processing /opt/airflow/dags/db_and_model_update_dag.py took 0.119 seconds
[2026-03-27T09:57:10.910+0000] {processor.py:186} INFO - Started process (PID=354) to work on /opt/airflow/dags/db_and_model_update_dag.py
[2026-03-27T09:57:10.911+0000] {processor.py:914} INFO - Processing file /opt/airflow/dags/db_and_model_update_dag.py for tasks to queue
[2026-03-27T09:57:10.914+0000] {logging_mixin.py:190} INFO - [2026-03-27T09:57:10.914+0000] {dagbag.py:588} INFO - Filling up the DagBag from /opt/airflow/dags/db_and_model_update_dag.py
[2026-03-27T09:57:10.935+0000] {processor.py:925} INFO - DAG(s) 'db_and_model_update' retrieved from /opt/airflow/dags/db_and_model_update_dag.py
[2026-03-27T09:57:10.966+0000] {logging_mixin.py:190} INFO - [2026-03-27T09:57:10.966+0000] {dag.py:3239} INFO - Sync 1 DAGs
[2026-03-27T09:57:11.005+0000] {processor.py:208} INFO - Processing /opt/airflow/dags/db_and_model_update_dag.py took 0.104 seconds
[2026-03-27T09:57:41.226+0000] {processor.py:186} INFO - Started process (PID=364) to work on /opt/airflow/dags/db_and_model_update_dag.py
[2026-03-27T09:57:41.227+0000] {processor.py:914} INFO - Processing file /opt/airflow/dags/db_and_model_update_dag.py for tasks to queue
[2026-03-27T09:57:41.229+0000] {logging_mixin.py:190} INFO - [2026-03-27T09:57:41.229+0000] {dagbag.py:588} INFO - Filling up the DagBag from /opt/airflow/dags/db_and_model_update_dag.py
[2026-03-27T09:57:41.249+0000] {processor.py:925} INFO - DAG(s) 'db_and_model_update' retrieved from /opt/airflow/dags/db_and_model_update_dag.py
[2026-03-27T09:57:41.276+0000] {logging_mixin.py:190} INFO - [2026-03-27T09:57:41.276+0000] {dag.py:3239} INFO - Sync 1 DAGs
[2026-03-27T09:57:41.315+0000] {processor.py:208} INFO - Processing /opt/airflow/dags/db_and_model_update_dag.py took 0.095 seconds
[2026-03-27T09:58:11.428+0000] {processor.py:186} INFO - Started process (PID=374) to work on /opt/airflow/dags/db_and_model_update_dag.py
[2026-03-27T09:58:11.430+0000] {processor.py:914} INFO - Processing file /opt/airflow/dags/db_and_model_update_dag.py for tasks to queue
[2026-03-27T09:58:11.432+0000] {logging_mixin.py:190} INFO - [2026-03-27T09:58:11.432+0000] {dagbag.py:588} INFO - Filling up the DagBag from /opt/airflow/dags/db_and_model_update_dag.py
[2026-03-27T09:58:11.460+0000] {processor.py:925} INFO - DAG(s) 'db_and_model_update' retrieved from /opt/airflow/dags/db_and_model_update_dag.py
[2026-03-27T09:58:11.490+0000] {logging_mixin.py:190} INFO - [2026-03-27T09:58:11.490+0000] {dag.py:3239} INFO - Sync 1 DAGs
[2026-03-27T09:58:11.527+0000] {processor.py:208} INFO - Processing /opt/airflow/dags/db_and_model_update_dag.py took 0.105 seconds
[2026-03-27T09:58:41.718+0000] {processor.py:186} INFO - Started process (PID=384) to work on /opt/airflow/dags/db_and_model_update_dag.py
[2026-03-27T09:58:41.720+0000] {processor.py:914} INFO - Processing file /opt/airflow/dags/db_and_model_update_dag.py for tasks to queue
[2026-03-27T09:58:41.722+0000] {logging_mixin.py:190} INFO - [2026-03-27T09:58:41.722+0000] {dagbag.py:588} INFO - Filling up the DagBag from /opt/airflow/dags/db_and_model_update_dag.py
[2026-03-27T09:58:41.743+0000] {processor.py:925} INFO - DAG(s) 'db_and_model_update' retrieved from /opt/airflow/dags/db_and_model_update_dag.py
[2026-03-27T09:58:41.773+0000] {logging_mixin.py:190} INFO - [2026-03-27T09:58:41.773+0000] {dag.py:3239} INFO - Sync 1 DAGs
[2026-03-27T09:58:41.811+0000] {processor.py:208} INFO - Processing /opt/airflow/dags/db_and_model_update_dag.py took 0.101 seconds
[2026-03-27T09:59:11.918+0000] {processor.py:186} INFO - Started process (PID=394) to work on /opt/airflow/dags/db_and_model_update_dag.py
[2026-03-27T09:59:11.919+0000] {processor.py:914} INFO - Processing file /opt/airflow/dags/db_and_model_update_dag.py for tasks to queue
[2026-03-27T09:59:11.923+0000] {logging_mixin.py:190} INFO - [2026-03-27T09:59:11.923+0000] {dagbag.py:588} INFO - Filling up the DagBag from /opt/airflow/dags/db_and_model_update_dag.py
[2026-03-27T09:59:11.944+0000] {processor.py:925} INFO - DAG(s) 'db_and_model_update' retrieved from /opt/airflow/dags/db_and_model_update_dag.py
[2026-03-27T09:59:11.973+0000] {logging_mixin.py:190} INFO - [2026-03-27T09:59:11.973+0000] {dag.py:3239} INFO - Sync 1 DAGs
[2026-03-27T09:59:12.016+0000] {processor.py:208} INFO - Processing /opt/airflow/dags/db_and_model_update_dag.py took 0.105 seconds
[2026-03-27T09:59:42.149+0000] {processor.py:186} INFO - Started process (PID=404) to work on /opt/airflow/dags/db_and_model_update_dag.py
[2026-03-27T09:59:42.151+0000] {processor.py:914} INFO - Processing file /opt/airflow/dags/db_and_model_update_dag.py for tasks to queue
[2026-03-27T09:59:42.154+0000] {logging_mixin.py:190} INFO - [2026-03-27T09:59:42.153+0000] {dagbag.py:588} INFO - Filling up the DagBag from /opt/airflow/dags/db_and_model_update_dag.py
[2026-03-27T09:59:42.178+0000] {processor.py:925} INFO - DAG(s) 'db_and_model_update' retrieved from /opt/airflow/dags/db_and_model_update_dag.py
[2026-03-27T09:59:42.213+0000] {logging_mixin.py:190} INFO - [2026-03-27T09:59:42.213+0000] {dag.py:3239} INFO - Sync 1 DAGs
[2026-03-27T09:59:42.254+0000] {processor.py:208} INFO - Processing /opt/airflow/dags/db_and_model_update_dag.py took 0.111 seconds
[2026-03-27T10:00:12.459+0000] {processor.py:186} INFO - Started process (PID=414) to work on /opt/airflow/dags/db_and_model_update_dag.py
[2026-03-27T10:00:12.460+0000] {processor.py:914} INFO - Processing file /opt/airflow/dags/db_and_model_update_dag.py for tasks to queue
[2026-03-27T10:00:12.463+0000] {logging_mixin.py:190} INFO - [2026-03-27T10:00:12.463+0000] {dagbag.py:588} INFO - Filling up the DagBag from /opt/airflow/dags/db_and_model_update_dag.py
[2026-03-27T10:00:12.484+0000] {processor.py:925} INFO - DAG(s) 'db_and_model_update' retrieved from /opt/airflow/dags/db_and_model_update_dag.py
[2026-03-27T10:00:12.516+0000] {logging_mixin.py:190} INFO - [2026-03-27T10:00:12.515+0000] {dag.py:3239} INFO - Sync 1 DAGs
[2026-03-27T10:00:12.560+0000] {processor.py:208} INFO - Processing /opt/airflow/dags/db_and_model_update_dag.py took 0.111 seconds
[2026-03-27T10:00:42.641+0000] {processor.py:186} INFO - Started process (PID=424) to work on /opt/airflow/dags/db_and_model_update_dag.py
[2026-03-27T10:00:42.642+0000] {processor.py:914} INFO - Processing file /opt/airflow/dags/db_and_model_update_dag.py for tasks to queue
[2026-03-27T10:00:42.645+0000] {logging_mixin.py:190} INFO - [2026-03-27T10:00:42.645+0000] {dagbag.py:588} INFO - Filling up the DagBag from /opt/airflow/dags/db_and_model_update_dag.py
[2026-03-27T10:00:42.665+0000] {processor.py:925} INFO - DAG(s) 'db_and_model_update' retrieved from /opt/airflow/dags/db_and_model_update_dag.py
[2026-03-27T10:00:42.694+0000] {logging_mixin.py:190} INFO - [2026-03-27T10:00:42.694+0000] {dag.py:3239} INFO - Sync 1 DAGs
[2026-03-27T10:00:42.729+0000] {processor.py:208} INFO - Processing /opt/airflow/dags/db_and_model_update_dag.py took 0.094 seconds
[2026-03-27T10:01:12.935+0000] {processor.py:186} INFO - Started process (PID=434) to work on /opt/airflow/dags/db_and_model_update_dag.py
[2026-03-27T10:01:12.936+0000] {processor.py:914} INFO - Processing file /opt/airflow/dags/db_and_model_update_dag.py for tasks to queue
[2026-03-27T10:01:12.939+0000] {logging_mixin.py:190} INFO - [2026-03-27T10:01:12.938+0000] {dagbag.py:588} INFO - Filling up the DagBag from /opt/airflow/dags/db_and_model_update_dag.py
[2026-03-27T10:01:12.971+0000] {processor.py:925} INFO - DAG(s) 'db_and_model_update' retrieved from /opt/airflow/dags/db_and_model_update_dag.py
[2026-03-27T10:01:13.001+0000] {logging_mixin.py:190} INFO - [2026-03-27T10:01:13.000+0000] {dag.py:3239} INFO - Sync 1 DAGs
[2026-03-27T10:01:13.037+0000] {processor.py:208} INFO - Processing /opt/airflow/dags/db_and_model_update_dag.py took 0.109 seconds
[2026-03-27T10:01:43.116+0000] {processor.py:186} INFO - Started process (PID=444) to work on /opt/airflow/dags/db_and_model_update_dag.py
[2026-03-27T10:01:43.117+0000] {processor.py:914} INFO - Processing file /opt/airflow/dags/db_and_model_update_dag.py for tasks to queue
[2026-03-27T10:01:43.119+0000] {logging_mixin.py:190} INFO - [2026-03-27T10:01:43.119+0000] {dagbag.py:588} INFO - Filling up the DagBag from /opt/airflow/dags/db_and_model_update_dag.py
[2026-03-27T10:01:43.138+0000] {processor.py:925} INFO - DAG(s) 'db_and_model_update' retrieved from /opt/airflow/dags/db_and_model_update_dag.py
[2026-03-27T10:01:43.167+0000] {logging_mixin.py:190} INFO - [2026-03-27T10:01:43.167+0000] {dag.py:3239} INFO - Sync 1 DAGs
[2026-03-27T10:01:43.206+0000] {processor.py:208} INFO - Processing /opt/airflow/dags/db_and_model_update_dag.py took 0.097 seconds
[2026-03-27T10:02:13.396+0000] {processor.py:186} INFO - Started process (PID=454) to work on /opt/airflow/dags/db_and_model_update_dag.py
[2026-03-27T10:02:13.397+0000] {processor.py:914} INFO - Processing file /opt/airflow/dags/db_and_model_update_dag.py for tasks to queue
[2026-03-27T10:02:13.399+0000] {logging_mixin.py:190} INFO - [2026-03-27T10:02:13.399+0000] {dagbag.py:588} INFO - Filling up the DagBag from /opt/airflow/dags/db_and_model_update_dag.py
[2026-03-27T10:02:13.430+0000] {processor.py:925} INFO - DAG(s) 'db_and_model_update' retrieved from /opt/airflow/dags/db_and_model_update_dag.py
[2026-03-27T10:02:13.460+0000] {logging_mixin.py:190} INFO - [2026-03-27T10:02:13.460+0000] {dag.py:3239} INFO - Sync 1 DAGs
[2026-03-27T10:02:13.498+0000] {processor.py:208} INFO - Processing /opt/airflow/dags/db_and_model_update_dag.py took 0.109 seconds
[2026-03-27T10:02:43.598+0000] {processor.py:186} INFO - Started process (PID=464) to work on /opt/airflow/dags/db_and_model_update_dag.py
[2026-03-27T10:02:43.599+0000] {processor.py:914} INFO - Processing file /opt/airflow/dags/db_and_model_update_dag.py for tasks to queue
[2026-03-27T10:02:43.610+0000] {logging_mixin.py:190} INFO - [2026-03-27T10:02:43.610+0000] {dagbag.py:588} INFO - Filling up the DagBag from /opt/airflow/dags/db_and_model_update_dag.py
[2026-03-27T10:02:43.641+0000] {processor.py:925} INFO - DAG(s) 'db_and_model_update' retrieved from /opt/airflow/dags/db_and_model_update_dag.py
[2026-03-27T10:02:43.683+0000] {logging_mixin.py:190} INFO - [2026-03-27T10:02:43.683+0000] {dag.py:3239} INFO - Sync 1 DAGs
[2026-03-27T10:02:43.736+0000] {processor.py:208} INFO - Processing /opt/airflow/dags/db_and_model_update_dag.py took 0.145 seconds
[2026-03-27T10:03:13.957+0000] {processor.py:186} INFO - Started process (PID=474) to work on /opt/airflow/dags/db_and_model_update_dag.py
[2026-03-27T10:03:13.958+0000] {processor.py:914} INFO - Processing file /opt/airflow/dags/db_and_model_update_dag.py for tasks to queue
[2026-03-27T10:03:13.960+0000] {logging_mixin.py:190} INFO - [2026-03-27T10:03:13.960+0000] {dagbag.py:588} INFO - Filling up the DagBag from /opt/airflow/dags/db_and_model_update_dag.py
[2026-03-27T10:03:13.979+0000] {processor.py:925} INFO - DAG(s) 'db_and_model_update' retrieved from /opt/airflow/dags/db_and_model_update_dag.py
[2026-03-27T10:03:14.009+0000] {logging_mixin.py:190} INFO - [2026-03-27T10:03:14.008+0000] {dag.py:3239} INFO - Sync 1 DAGs
[2026-03-27T10:03:14.052+0000] {processor.py:208} INFO - Processing /opt/airflow/dags/db_and_model_update_dag.py took 0.103 seconds
[2026-03-27T10:03:44.263+0000] {processor.py:186} INFO - Started process (PID=484) to work on /opt/airflow/dags/db_and_model_update_dag.py
[2026-03-27T10:03:44.265+0000] {processor.py:914} INFO - Processing file /opt/airflow/dags/db_and_model_update_dag.py for tasks to queue
[2026-03-27T10:03:44.267+0000] {logging_mixin.py:190} INFO - [2026-03-27T10:03:44.266+0000] {dagbag.py:588} INFO - Filling up the DagBag from /opt/airflow/dags/db_and_model_update_dag.py
[2026-03-27T10:03:44.286+0000] {processor.py:925} INFO - DAG(s) 'db_and_model_update' retrieved from /opt/airflow/dags/db_and_model_update_dag.py
[2026-03-27T10:03:44.316+0000] {logging_mixin.py:190} INFO - [2026-03-27T10:03:44.315+0000] {dag.py:3239} INFO - Sync 1 DAGs
[2026-03-27T10:03:44.356+0000] {processor.py:208} INFO - Processing /opt/airflow/dags/db_and_model_update_dag.py took 0.100 seconds
[2026-03-27T10:04:14.565+0000] {processor.py:186} INFO - Started process (PID=494) to work on /opt/airflow/dags/db_and_model_update_dag.py
[2026-03-27T10:04:14.566+0000] {processor.py:914} INFO - Processing file /opt/airflow/dags/db_and_model_update_dag.py for tasks to queue
[2026-03-27T10:04:14.568+0000] {logging_mixin.py:190} INFO - [2026-03-27T10:04:14.567+0000] {dagbag.py:588} INFO - Filling up the DagBag from /opt/airflow/dags/db_and_model_update_dag.py
[2026-03-27T10:04:14.585+0000] {processor.py:925} INFO - DAG(s) 'db_and_model_update' retrieved from /opt/airflow/dags/db_and_model_update_dag.py
[2026-03-27T10:04:14.611+0000] {logging_mixin.py:190} INFO - [2026-03-27T10:04:14.611+0000] {dag.py:3239} INFO - Sync 1 DAGs
[2026-03-27T10:04:14.654+0000] {processor.py:208} INFO - Processing /opt/airflow/dags/db_and_model_update_dag.py took 0.096 seconds
[2026-03-27T10:04:44.871+0000] {processor.py:186} INFO - Started process (PID=504) to work on /opt/airflow/dags/db_and_model_update_dag.py
[2026-03-27T10:04:44.872+0000] {processor.py:914} INFO - Processing file /opt/airflow/dags/db_and_model_update_dag.py for tasks to queue
[2026-03-27T10:04:44.874+0000] {logging_mixin.py:190} INFO - [2026-03-27T10:04:44.874+0000] {dagbag.py:588} INFO - Filling up the DagBag from /opt/airflow/dags/db_and_model_update_dag.py
[2026-03-27T10:04:44.897+0000] {processor.py:925} INFO - DAG(s) 'db_and_model_update' retrieved from /opt/airflow/dags/db_and_model_update_dag.py
[2026-03-27T10:04:44.929+0000] {logging_mixin.py:190} INFO - [2026-03-27T10:04:44.928+0000] {dag.py:3239} INFO - Sync 1 DAGs
[2026-03-27T10:04:44.972+0000] {processor.py:208} INFO - Processing /opt/airflow/dags/db_and_model_update_dag.py took 0.107 seconds
[2026-03-27T10:05:15.043+0000] {processor.py:186} INFO - Started process (PID=514) to work on /opt/airflow/dags/db_and_model_update_dag.py
[2026-03-27T10:05:15.044+0000] {processor.py:914} INFO - Processing file /opt/airflow/dags/db_and_model_update_dag.py for tasks to queue
[2026-03-27T10:05:15.047+0000] {logging_mixin.py:190} INFO - [2026-03-27T10:05:15.046+0000] {dagbag.py:588} INFO - Filling up the DagBag from /opt/airflow/dags/db_and_model_update_dag.py
[2026-03-27T10:05:15.065+0000] {processor.py:925} INFO - DAG(s) 'db_and_model_update' retrieved from /opt/airflow/dags/db_and_model_update_dag.py
[2026-03-27T10:05:15.095+0000] {logging_mixin.py:190} INFO - [2026-03-27T10:05:15.095+0000] {dag.py:3239} INFO - Sync 1 DAGs
[2026-03-27T10:05:15.138+0000] {processor.py:208} INFO - Processing /opt/airflow/dags/db_and_model_update_dag.py took 0.102 seconds
[2026-03-27T10:05:45.376+0000] {processor.py:186} INFO - Started process (PID=524) to work on /opt/airflow/dags/db_and_model_update_dag.py
[2026-03-27T10:05:45.378+0000] {processor.py:914} INFO - Processing file /opt/airflow/dags/db_and_model_update_dag.py for tasks to queue
[2026-03-27T10:05:45.381+0000] {logging_mixin.py:190} INFO - [2026-03-27T10:05:45.381+0000] {dagbag.py:588} INFO - Filling up the DagBag from /opt/airflow/dags/db_and_model_update_dag.py
[2026-03-27T10:05:45.401+0000] {processor.py:925} INFO - DAG(s) 'db_and_model_update' retrieved from /opt/airflow/dags/db_and_model_update_dag.py
[2026-03-27T10:05:45.432+0000] {logging_mixin.py:190} INFO - [2026-03-27T10:05:45.432+0000] {dag.py:3239} INFO - Sync 1 DAGs
[2026-03-27T10:05:45.471+0000] {processor.py:208} INFO - Processing /opt/airflow/dags/db_and_model_update_dag.py took 0.102 seconds
[2026-03-27T10:06:15.541+0000] {processor.py:186} INFO - Started process (PID=534) to work on /opt/airflow/dags/db_and_model_update_dag.py
[2026-03-27T10:06:15.543+0000] {processor.py:914} INFO - Processing file /opt/airflow/dags/db_and_model_update_dag.py for tasks to queue
[2026-03-27T10:06:15.545+0000] {logging_mixin.py:190} INFO - [2026-03-27T10:06:15.545+0000] {dagbag.py:588} INFO - Filling up the DagBag from /opt/airflow/dags/db_and_model_update_dag.py
[2026-03-27T10:06:15.566+0000] {processor.py:925} INFO - DAG(s) 'db_and_model_update' retrieved from /opt/airflow/dags/db_and_model_update_dag.py
[2026-03-27T10:06:15.600+0000] {logging_mixin.py:190} INFO - [2026-03-27T10:06:15.600+0000] {dag.py:3239} INFO - Sync 1 DAGs
[2026-03-27T10:06:15.643+0000] {processor.py:208} INFO - Processing /opt/airflow/dags/db_and_model_update_dag.py took 0.110 seconds
[2026-03-27T10:06:45.856+0000] {processor.py:186} INFO - Started process (PID=544) to work on /opt/airflow/dags/db_and_model_update_dag.py
[2026-03-27T10:06:45.857+0000] {processor.py:914} INFO - Processing file /opt/airflow/dags/db_and_model_update_dag.py for tasks to queue
[2026-03-27T10:06:45.859+0000] {logging_mixin.py:190} INFO - [2026-03-27T10:06:45.859+0000] {dagbag.py:588} INFO - Filling up the DagBag from /opt/airflow/dags/db_and_model_update_dag.py
[2026-03-27T10:06:45.879+0000] {processor.py:925} INFO - DAG(s) 'db_and_model_update' retrieved from /opt/airflow/dags/db_and_model_update_dag.py
[2026-03-27T10:06:45.907+0000] {logging_mixin.py:190} INFO - [2026-03-27T10:06:45.907+0000] {dag.py:3239} INFO - Sync 1 DAGs
[2026-03-27T10:06:45.947+0000] {processor.py:208} INFO - Processing /opt/airflow/dags/db_and_model_update_dag.py took 0.098 seconds
[2026-03-27T10:07:16.167+0000] {processor.py:186} INFO - Started process (PID=554) to work on /opt/airflow/dags/db_and_model_update_dag.py
[2026-03-27T10:07:16.169+0000] {processor.py:914} INFO - Processing file /opt/airflow/dags/db_and_model_update_dag.py for tasks to queue
[2026-03-27T10:07:16.172+0000] {logging_mixin.py:190} INFO - [2026-03-27T10:07:16.172+0000] {dagbag.py:588} INFO - Filling up the DagBag from /opt/airflow/dags/db_and_model_update_dag.py
[2026-03-27T10:07:16.194+0000] {processor.py:925} INFO - DAG(s) 'db_and_model_update' retrieved from /opt/airflow/dags/db_and_model_update_dag.py
[2026-03-27T10:07:16.225+0000] {logging_mixin.py:190} INFO - [2026-03-27T10:07:16.225+0000] {dag.py:3239} INFO - Sync 1 DAGs
[2026-03-27T10:07:16.271+0000] {processor.py:208} INFO - Processing /opt/airflow/dags/db_and_model_update_dag.py took 0.114 seconds
[2026-03-27T10:07:46.367+0000] {processor.py:186} INFO - Started process (PID=564) to work on /opt/airflow/dags/db_and_model_update_dag.py
[2026-03-27T10:07:46.368+0000] {processor.py:914} INFO - Processing file /opt/airflow/dags/db_and_model_update_dag.py for tasks to queue
[2026-03-27T10:07:46.371+0000] {logging_mixin.py:190} INFO - [2026-03-27T10:07:46.371+0000] {dagbag.py:588} INFO - Filling up the DagBag from /opt/airflow/dags/db_and_model_update_dag.py
[2026-03-27T10:07:46.393+0000] {processor.py:925} INFO - DAG(s) 'db_and_model_update' retrieved from /opt/airflow/dags/db_and_model_update_dag.py
[2026-03-27T10:07:46.424+0000] {logging_mixin.py:190} INFO - [2026-03-27T10:07:46.423+0000] {dag.py:3239} INFO - Sync 1 DAGs
[2026-03-27T10:07:46.462+0000] {processor.py:208} INFO - Processing /opt/airflow/dags/db_and_model_update_dag.py took 0.101 seconds
[2026-03-27T10:08:16.668+0000] {processor.py:186} INFO - Started process (PID=574) to work on /opt/airflow/dags/db_and_model_update_dag.py
[2026-03-27T10:08:16.669+0000] {processor.py:914} INFO - Processing file /opt/airflow/dags/db_and_model_update_dag.py for tasks to queue
[2026-03-27T10:08:16.672+0000] {logging_mixin.py:190} INFO - [2026-03-27T10:08:16.671+0000] {dagbag.py:588} INFO - Filling up the DagBag from /opt/airflow/dags/db_and_model_update_dag.py
[2026-03-27T10:08:16.693+0000] {processor.py:925} INFO - DAG(s) 'db_and_model_update' retrieved from /opt/airflow/dags/db_and_model_update_dag.py
[2026-03-27T10:08:16.725+0000] {logging_mixin.py:190} INFO - [2026-03-27T10:08:16.725+0000] {dag.py:3239} INFO - Sync 1 DAGs
[2026-03-27T10:08:16.769+0000] {processor.py:208} INFO - Processing /opt/airflow/dags/db_and_model_update_dag.py took 0.109 seconds
[2026-03-27T10:08:46.894+0000] {processor.py:186} INFO - Started process (PID=584) to work on /opt/airflow/dags/db_and_model_update_dag.py
[2026-03-27T10:08:46.898+0000] {processor.py:914} INFO - Processing file /opt/airflow/dags/db_and_model_update_dag.py for tasks to queue
[2026-03-27T10:08:46.903+0000] {logging_mixin.py:190} INFO - [2026-03-27T10:08:46.902+0000] {dagbag.py:588} INFO - Filling up the DagBag from /opt/airflow/dags/db_and_model_update_dag.py
[2026-03-27T10:08:46.927+0000] {processor.py:925} INFO - DAG(s) 'db_and_model_update' retrieved from /opt/airflow/dags/db_and_model_update_dag.py
[2026-03-27T10:08:46.961+0000] {logging_mixin.py:190} INFO - [2026-03-27T10:08:46.961+0000] {dag.py:3239} INFO - Sync 1 DAGs
[2026-03-27T10:08:47.017+0000] {processor.py:208} INFO - Processing /opt/airflow/dags/db_and_model_update_dag.py took 0.134 seconds
[2026-03-27T10:09:17.233+0000] {processor.py:186} INFO - Started process (PID=594) to work on /opt/airflow/dags/db_and_model_update_dag.py
[2026-03-27T10:09:17.234+0000] {processor.py:914} INFO - Processing file /opt/airflow/dags/db_and_model_update_dag.py for tasks to queue
[2026-03-27T10:09:17.237+0000] {logging_mixin.py:190} INFO - [2026-03-27T10:09:17.237+0000] {dagbag.py:588} INFO - Filling up the DagBag from /opt/airflow/dags/db_and_model_update_dag.py
[2026-03-27T10:09:17.257+0000] {processor.py:925} INFO - DAG(s) 'db_and_model_update' retrieved from /opt/airflow/dags/db_and_model_update_dag.py
[2026-03-27T10:09:17.290+0000] {logging_mixin.py:190} INFO - [2026-03-27T10:09:17.290+0000] {dag.py:3239} INFO - Sync 1 DAGs
[2026-03-27T10:09:17.339+0000] {processor.py:208} INFO - Processing /opt/airflow/dags/db_and_model_update_dag.py took 0.116 seconds
[2026-03-27T10:09:47.517+0000] {processor.py:186} INFO - Started process (PID=604) to work on /opt/airflow/dags/db_and_model_update_dag.py
[2026-03-27T10:09:47.518+0000] {processor.py:914} INFO - Processing file /opt/airflow/dags/db_and_model_update_dag.py for tasks to queue
[2026-03-27T10:09:47.521+0000] {logging_mixin.py:190} INFO - [2026-03-27T10:09:47.521+0000] {dagbag.py:588} INFO - Filling up the DagBag from /opt/airflow/dags/db_and_model_update_dag.py
[2026-03-27T10:09:47.548+0000] {processor.py:925} INFO - DAG(s) 'db_and_model_update' retrieved from /opt/airflow/dags/db_and_model_update_dag.py
[2026-03-27T10:09:47.576+0000] {logging_mixin.py:190} INFO - [2026-03-27T10:09:47.576+0000] {dag.py:3239} INFO - Sync 1 DAGs
[2026-03-27T10:09:47.616+0000] {processor.py:208} INFO - Processing /opt/airflow/dags/db_and_model_update_dag.py took 0.106 seconds
[2026-03-27T10:10:17.855+0000] {processor.py:186} INFO - Started process (PID=614) to work on /opt/airflow/dags/db_and_model_update_dag.py
[2026-03-27T10:10:17.857+0000] {processor.py:914} INFO - Processing file /opt/airflow/dags/db_and_model_update_dag.py for tasks to queue
[2026-03-27T10:10:17.860+0000] {logging_mixin.py:190} INFO - [2026-03-27T10:10:17.859+0000] {dagbag.py:588} INFO - Filling up the DagBag from /opt/airflow/dags/db_and_model_update_dag.py
[2026-03-27T10:10:17.883+0000] {processor.py:925} INFO - DAG(s) 'db_and_model_update' retrieved from /opt/airflow/dags/db_and_model_update_dag.py
[2026-03-27T10:10:17.913+0000] {logging_mixin.py:190} INFO - [2026-03-27T10:10:17.912+0000] {dag.py:3239} INFO - Sync 1 DAGs
[2026-03-27T10:10:17.951+0000] {processor.py:208} INFO - Processing /opt/airflow/dags/db_and_model_update_dag.py took 0.105 seconds
[2026-03-27T10:10:48.042+0000] {processor.py:186} INFO - Started process (PID=624) to work on /opt/airflow/dags/db_and_model_update_dag.py
[2026-03-27T10:10:48.043+0000] {processor.py:914} INFO - Processing file /opt/airflow/dags/db_and_model_update_dag.py for tasks to queue
[2026-03-27T10:10:48.046+0000] {logging_mixin.py:190} INFO - [2026-03-27T10:10:48.045+0000] {dagbag.py:588} INFO - Filling up the DagBag from /opt/airflow/dags/db_and_model_update_dag.py
[2026-03-27T10:10:48.064+0000] {processor.py:925} INFO - DAG(s) 'db_and_model_update' retrieved from /opt/airflow/dags/db_and_model_update_dag.py
[2026-03-27T10:10:48.091+0000] {logging_mixin.py:190} INFO - [2026-03-27T10:10:48.091+0000] {dag.py:3239} INFO - Sync 1 DAGs
[2026-03-27T10:10:48.132+0000] {processor.py:208} INFO - Processing /opt/airflow/dags/db_and_model_update_dag.py took 0.097 seconds
[2026-03-27T10:11:18.265+0000] {processor.py:186} INFO - Started process (PID=634) to work on /opt/airflow/dags/db_and_model_update_dag.py
[2026-03-27T10:11:18.266+0000] {processor.py:914} INFO - Processing file /opt/airflow/dags/db_and_model_update_dag.py for tasks to queue
[2026-03-27T10:11:18.269+0000] {logging_mixin.py:190} INFO - [2026-03-27T10:11:18.268+0000] {dagbag.py:588} INFO - Filling up the DagBag from /opt/airflow/dags/db_and_model_update_dag.py
[2026-03-27T10:11:18.287+0000] {processor.py:925} INFO - DAG(s) 'db_and_model_update' retrieved from /opt/airflow/dags/db_and_model_update_dag.py
[2026-03-27T10:11:18.323+0000] {logging_mixin.py:190} INFO - [2026-03-27T10:11:18.323+0000] {dag.py:3239} INFO - Sync 1 DAGs
[2026-03-27T10:11:18.367+0000] {processor.py:208} INFO - Processing /opt/airflow/dags/db_and_model_update_dag.py took 0.110 seconds
[2026-03-27T10:11:48.495+0000] {processor.py:186} INFO - Started process (PID=644) to work on /opt/airflow/dags/db_and_model_update_dag.py
[2026-03-27T10:11:48.497+0000] {processor.py:914} INFO - Processing file /opt/airflow/dags/db_and_model_update_dag.py for tasks to queue
[2026-03-27T10:11:48.499+0000] {logging_mixin.py:190} INFO - [2026-03-27T10:11:48.499+0000] {dagbag.py:588} INFO - Filling up the DagBag from /opt/airflow/dags/db_and_model_update_dag.py
[2026-03-27T10:11:48.519+0000] {processor.py:925} INFO - DAG(s) 'db_and_model_update' retrieved from /opt/airflow/dags/db_and_model_update_dag.py
[2026-03-27T10:11:48.552+0000] {logging_mixin.py:190} INFO - [2026-03-27T10:11:48.552+0000] {dag.py:3239} INFO - Sync 1 DAGs
[2026-03-27T10:11:48.590+0000] {processor.py:208} INFO - Processing /opt/airflow/dags/db_and_model_update_dag.py took 0.101 seconds
[2026-03-27T10:12:18.793+0000] {processor.py:186} INFO - Started process (PID=654) to work on /opt/airflow/dags/db_and_model_update_dag.py
[2026-03-27T10:12:18.794+0000] {processor.py:914} INFO - Processing file /opt/airflow/dags/db_and_model_update_dag.py for tasks to queue
[2026-03-27T10:12:18.797+0000] {logging_mixin.py:190} INFO - [2026-03-27T10:12:18.796+0000] {dagbag.py:588} INFO - Filling up the DagBag from /opt/airflow/dags/db_and_model_update_dag.py
[2026-03-27T10:12:18.817+0000] {processor.py:925} INFO - DAG(s) 'db_and_model_update' retrieved from /opt/airflow/dags/db_and_model_update_dag.py
[2026-03-27T10:12:18.848+0000] {logging_mixin.py:190} INFO - [2026-03-27T10:12:18.848+0000] {dag.py:3239} INFO - Sync 1 DAGs
[2026-03-27T10:12:18.903+0000] {processor.py:208} INFO - Processing /opt/airflow/dags/db_and_model_update_dag.py took 0.117 seconds
[2026-03-27T10:12:49.028+0000] {processor.py:186} INFO - Started process (PID=664) to work on /opt/airflow/dags/db_and_model_update_dag.py
[2026-03-27T10:12:49.033+0000] {processor.py:914} INFO - Processing file /opt/airflow/dags/db_and_model_update_dag.py for tasks to queue
[2026-03-27T10:12:49.039+0000] {logging_mixin.py:190} INFO - [2026-03-27T10:12:49.038+0000] {dagbag.py:588} INFO - Filling up the DagBag from /opt/airflow/dags/db_and_model_update_dag.py
[2026-03-27T10:12:49.092+0000] {processor.py:925} INFO - DAG(s) 'db_and_model_update' retrieved from /opt/airflow/dags/db_and_model_update_dag.py
[2026-03-27T10:12:49.124+0000] {logging_mixin.py:190} INFO - [2026-03-27T10:12:49.124+0000] {dag.py:3239} INFO - Sync 1 DAGs
[2026-03-27T10:12:49.179+0000] {processor.py:208} INFO - Processing /opt/airflow/dags/db_and_model_update_dag.py took 0.158 seconds
[2026-03-27T10:13:19.391+0000] {processor.py:186} INFO - Started process (PID=674) to work on /opt/airflow/dags/db_and_model_update_dag.py
[2026-03-27T10:13:19.392+0000] {processor.py:914} INFO - Processing file /opt/airflow/dags/db_and_model_update_dag.py for tasks to queue
[2026-03-27T10:13:19.394+0000] {logging_mixin.py:190} INFO - [2026-03-27T10:13:19.394+0000] {dagbag.py:588} INFO - Filling up the DagBag from /opt/airflow/dags/db_and_model_update_dag.py
[2026-03-27T10:13:19.416+0000] {processor.py:925} INFO - DAG(s) 'db_and_model_update' retrieved from /opt/airflow/dags/db_and_model_update_dag.py
[2026-03-27T10:13:19.445+0000] {logging_mixin.py:190} INFO - [2026-03-27T10:13:19.445+0000] {dag.py:3239} INFO - Sync 1 DAGs
[2026-03-27T10:13:19.482+0000] {processor.py:208} INFO - Processing /opt/airflow/dags/db_and_model_update_dag.py took 0.099 seconds
[2026-03-27T10:13:49.669+0000] {processor.py:186} INFO - Started process (PID=684) to work on /opt/airflow/dags/db_and_model_update_dag.py
[2026-03-27T10:13:49.670+0000] {processor.py:914} INFO - Processing file /opt/airflow/dags/db_and_model_update_dag.py for tasks to queue
[2026-03-27T10:13:49.673+0000] {logging_mixin.py:190} INFO - [2026-03-27T10:13:49.673+0000] {dagbag.py:588} INFO - Filling up the DagBag from /opt/airflow/dags/db_and_model_update_dag.py
[2026-03-27T10:13:49.692+0000] {processor.py:925} INFO - DAG(s) 'db_and_model_update' retrieved from /opt/airflow/dags/db_and_model_update_dag.py
[2026-03-27T10:13:49.721+0000] {logging_mixin.py:190} INFO - [2026-03-27T10:13:49.721+0000] {dag.py:3239} INFO - Sync 1 DAGs
[2026-03-27T10:13:49.761+0000] {processor.py:208} INFO - Processing /opt/airflow/dags/db_and_model_update_dag.py took 0.100 seconds
[2026-03-27T10:14:19.829+0000] {processor.py:186} INFO - Started process (PID=694) to work on /opt/airflow/dags/db_and_model_update_dag.py
[2026-03-27T10:14:19.830+0000] {processor.py:914} INFO - Processing file /opt/airflow/dags/db_and_model_update_dag.py for tasks to queue
[2026-03-27T10:14:19.832+0000] {logging_mixin.py:190} INFO - [2026-03-27T10:14:19.832+0000] {dagbag.py:588} INFO - Filling up the DagBag from /opt/airflow/dags/db_and_model_update_dag.py
[2026-03-27T10:14:19.851+0000] {processor.py:925} INFO - DAG(s) 'db_and_model_update' retrieved from /opt/airflow/dags/db_and_model_update_dag.py
[2026-03-27T10:14:19.884+0000] {logging_mixin.py:190} INFO - [2026-03-27T10:14:19.884+0000] {dag.py:3239} INFO - Sync 1 DAGs
[2026-03-27T10:14:19.932+0000] {processor.py:208} INFO - Processing /opt/airflow/dags/db_and_model_update_dag.py took 0.109 seconds
[2026-03-27T10:14:50.057+0000] {processor.py:186} INFO - Started process (PID=704) to work on /opt/airflow/dags/db_and_model_update_dag.py
[2026-03-27T10:14:50.058+0000] {processor.py:914} INFO - Processing file /opt/airflow/dags/db_and_model_update_dag.py for tasks to queue
[2026-03-27T10:14:50.060+0000] {logging_mixin.py:190} INFO - [2026-03-27T10:14:50.060+0000] {dagbag.py:588} INFO - Filling up the DagBag from /opt/airflow/dags/db_and_model_update_dag.py
[2026-03-27T10:14:50.080+0000] {processor.py:925} INFO - DAG(s) 'db_and_model_update' retrieved from /opt/airflow/dags/db_and_model_update_dag.py
[2026-03-27T10:14:50.107+0000] {logging_mixin.py:190} INFO - [2026-03-27T10:14:50.107+0000] {dag.py:3239} INFO - Sync 1 DAGs
[2026-03-27T10:14:50.142+0000] {processor.py:208} INFO - Processing /opt/airflow/dags/db_and_model_update_dag.py took 0.092 seconds
[2026-03-27T10:15:20.215+0000] {processor.py:186} INFO - Started process (PID=714) to work on /opt/airflow/dags/db_and_model_update_dag.py
[2026-03-27T10:15:20.216+0000] {processor.py:914} INFO - Processing file /opt/airflow/dags/db_and_model_update_dag.py for tasks to queue
[2026-03-27T10:15:20.219+0000] {logging_mixin.py:190} INFO - [2026-03-27T10:15:20.219+0000] {dagbag.py:588} INFO - Filling up the DagBag from /opt/airflow/dags/db_and_model_update_dag.py
[2026-03-27T10:15:20.241+0000] {processor.py:925} INFO - DAG(s) 'db_and_model_update' retrieved from /opt/airflow/dags/db_and_model_update_dag.py
[2026-03-27T10:15:20.270+0000] {logging_mixin.py:190} INFO - [2026-03-27T10:15:20.269+0000] {dag.py:3239} INFO - Sync 1 DAGs
[2026-03-27T10:15:20.311+0000] {processor.py:208} INFO - Processing /opt/airflow/dags/db_and_model_update_dag.py took 0.103 seconds
[2026-03-27T10:15:50.503+0000] {processor.py:186} INFO - Started process (PID=724) to work on /opt/airflow/dags/db_and_model_update_dag.py
[2026-03-27T10:15:50.504+0000] {processor.py:914} INFO - Processing file /opt/airflow/dags/db_and_model_update_dag.py for tasks to queue
[2026-03-27T10:15:50.507+0000] {logging_mixin.py:190} INFO - [2026-03-27T10:15:50.506+0000] {dagbag.py:588} INFO - Filling up the DagBag from /opt/airflow/dags/db_and_model_update_dag.py
[2026-03-27T10:15:50.528+0000] {processor.py:925} INFO - DAG(s) 'db_and_model_update' retrieved from /opt/airflow/dags/db_and_model_update_dag.py
[2026-03-27T10:15:50.564+0000] {logging_mixin.py:190} INFO - [2026-03-27T10:15:50.564+0000] {dag.py:3239} INFO - Sync 1 DAGs
[2026-03-27T10:15:50.605+0000] {processor.py:208} INFO - Processing /opt/airflow/dags/db_and_model_update_dag.py took 0.108 seconds
[2026-03-27T10:16:20.675+0000] {processor.py:186} INFO - Started process (PID=734) to work on /opt/airflow/dags/db_and_model_update_dag.py
[2026-03-27T10:16:20.680+0000] {processor.py:914} INFO - Processing file /opt/airflow/dags/db_and_model_update_dag.py for tasks to queue
[2026-03-27T10:16:20.682+0000] {logging_mixin.py:190} INFO - [2026-03-27T10:16:20.682+0000] {dagbag.py:588} INFO - Filling up the DagBag from /opt/airflow/dags/db_and_model_update_dag.py
[2026-03-27T10:16:20.702+0000] {processor.py:925} INFO - DAG(s) 'db_and_model_update' retrieved from /opt/airflow/dags/db_and_model_update_dag.py
[2026-03-27T10:16:20.731+0000] {logging_mixin.py:190} INFO - [2026-03-27T10:16:20.730+0000] {dag.py:3239} INFO - Sync 1 DAGs
[2026-03-27T10:16:20.765+0000] {processor.py:208} INFO - Processing /opt/airflow/dags/db_and_model_update_dag.py took 0.095 seconds
[2026-03-27T10:16:50.911+0000] {processor.py:186} INFO - Started process (PID=744) to work on /opt/airflow/dags/db_and_model_update_dag.py
[2026-03-27T10:16:50.912+0000] {processor.py:914} INFO - Processing file /opt/airflow/dags/db_and_model_update_dag.py for tasks to queue
[2026-03-27T10:16:50.917+0000] {logging_mixin.py:190} INFO - [2026-03-27T10:16:50.917+0000] {dagbag.py:588} INFO - Filling up the DagBag from /opt/airflow/dags/db_and_model_update_dag.py
[2026-03-27T10:16:50.946+0000] {processor.py:925} INFO - DAG(s) 'db_and_model_update' retrieved from /opt/airflow/dags/db_and_model_update_dag.py
[2026-03-27T10:16:50.983+0000] {logging_mixin.py:190} INFO - [2026-03-27T10:16:50.983+0000] {dag.py:3239} INFO - Sync 1 DAGs
[2026-03-27T10:16:51.044+0000] {processor.py:208} INFO - Processing /opt/airflow/dags/db_and_model_update_dag.py took 0.139 seconds
[2026-03-27T10:17:21.263+0000] {processor.py:186} INFO - Started process (PID=754) to work on /opt/airflow/dags/db_and_model_update_dag.py
[2026-03-27T10:17:21.264+0000] {processor.py:914} INFO - Processing file /opt/airflow/dags/db_and_model_update_dag.py for tasks to queue
[2026-03-27T10:17:21.267+0000] {logging_mixin.py:190} INFO - [2026-03-27T10:17:21.267+0000] {dagbag.py:588} INFO - Filling up the DagBag from /opt/airflow/dags/db_and_model_update_dag.py
[2026-03-27T10:17:21.291+0000] {processor.py:925} INFO - DAG(s) 'db_and_model_update' retrieved from /opt/airflow/dags/db_and_model_update_dag.py
[2026-03-27T10:17:21.335+0000] {logging_mixin.py:190} INFO - [2026-03-27T10:17:21.335+0000] {dag.py:3239} INFO - Sync 1 DAGs
[2026-03-27T10:17:21.379+0000] {processor.py:208} INFO - Processing /opt/airflow/dags/db_and_model_update_dag.py took 0.124 seconds
[2026-03-27T10:17:51.461+0000] {processor.py:186} INFO - Started process (PID=764) to work on /opt/airflow/dags/db_and_model_update_dag.py
[2026-03-27T10:17:51.462+0000] {processor.py:914} INFO - Processing file /opt/airflow/dags/db_and_model_update_dag.py for tasks to queue
[2026-03-27T10:17:51.465+0000] {logging_mixin.py:190} INFO - [2026-03-27T10:17:51.465+0000] {dagbag.py:588} INFO - Filling up the DagBag from /opt/airflow/dags/db_and_model_update_dag.py
[2026-03-27T10:17:51.484+0000] {processor.py:925} INFO - DAG(s) 'db_and_model_update' retrieved from /opt/airflow/dags/db_and_model_update_dag.py
[2026-03-27T10:17:51.514+0000] {logging_mixin.py:190} INFO - [2026-03-27T10:17:51.513+0000] {dag.py:3239} INFO - Sync 1 DAGs
[2026-03-27T10:17:51.558+0000] {processor.py:208} INFO - Processing /opt/airflow/dags/db_and_model_update_dag.py took 0.104 seconds
[2026-03-27T10:18:21.743+0000] {processor.py:186} INFO - Started process (PID=774) to work on /opt/airflow/dags/db_and_model_update_dag.py
[2026-03-27T10:18:21.745+0000] {processor.py:914} INFO - Processing file /opt/airflow/dags/db_and_model_update_dag.py for tasks to queue
[2026-03-27T10:18:21.749+0000] {logging_mixin.py:190} INFO - [2026-03-27T10:18:21.748+0000] {dagbag.py:588} INFO - Filling up the DagBag from /opt/airflow/dags/db_and_model_update_dag.py
[2026-03-27T10:18:21.769+0000] {processor.py:925} INFO - DAG(s) 'db_and_model_update' retrieved from /opt/airflow/dags/db_and_model_update_dag.py
[2026-03-27T10:18:21.800+0000] {logging_mixin.py:190} INFO - [2026-03-27T10:18:21.800+0000] {dag.py:3239} INFO - Sync 1 DAGs
[2026-03-27T10:18:21.839+0000] {processor.py:208} INFO - Processing /opt/airflow/dags/db_and_model_update_dag.py took 0.104 seconds
[2026-03-27T10:18:52.019+0000] {processor.py:186} INFO - Started process (PID=784) to work on /opt/airflow/dags/db_and_model_update_dag.py
[2026-03-27T10:18:52.021+0000] {processor.py:914} INFO - Processing file /opt/airflow/dags/db_and_model_update_dag.py for tasks to queue
[2026-03-27T10:18:52.023+0000] {logging_mixin.py:190} INFO - [2026-03-27T10:18:52.023+0000] {dagbag.py:588} INFO - Filling up the DagBag from /opt/airflow/dags/db_and_model_update_dag.py
[2026-03-27T10:18:52.044+0000] {processor.py:925} INFO - DAG(s) 'db_and_model_update' retrieved from /opt/airflow/dags/db_and_model_update_dag.py
[2026-03-27T10:18:52.076+0000] {logging_mixin.py:190} INFO - [2026-03-27T10:18:52.076+0000] {dag.py:3239} INFO - Sync 1 DAGs
[2026-03-27T10:18:52.121+0000] {processor.py:208} INFO - Processing /opt/airflow/dags/db_and_model_update_dag.py took 0.109 seconds
[2026-03-27T10:19:22.190+0000] {processor.py:186} INFO - Started process (PID=794) to work on /opt/airflow/dags/db_and_model_update_dag.py
[2026-03-27T10:19:22.191+0000] {processor.py:914} INFO - Processing file /opt/airflow/dags/db_and_model_update_dag.py for tasks to queue
[2026-03-27T10:19:22.194+0000] {logging_mixin.py:190} INFO - [2026-03-27T10:19:22.194+0000] {dagbag.py:588} INFO - Filling up the DagBag from /opt/airflow/dags/db_and_model_update_dag.py
[2026-03-27T10:19:22.217+0000] {processor.py:925} INFO - DAG(s) 'db_and_model_update' retrieved from /opt/airflow/dags/db_and_model_update_dag.py
[2026-03-27T10:19:22.252+0000] {logging_mixin.py:190} INFO - [2026-03-27T10:19:22.251+0000] {dag.py:3239} INFO - Sync 1 DAGs
[2026-03-27T10:19:22.295+0000] {processor.py:208} INFO - Processing /opt/airflow/dags/db_and_model_update_dag.py took 0.112 seconds
[2026-03-27T10:19:52.445+0000] {processor.py:186} INFO - Started process (PID=804) to work on /opt/airflow/dags/db_and_model_update_dag.py
[2026-03-27T10:19:52.449+0000] {processor.py:914} INFO - Processing file /opt/airflow/dags/db_and_model_update_dag.py for tasks to queue
[2026-03-27T10:19:52.452+0000] {logging_mixin.py:190} INFO - [2026-03-27T10:19:52.452+0000] {dagbag.py:588} INFO - Filling up the DagBag from /opt/airflow/dags/db_and_model_update_dag.py
[2026-03-27T10:19:52.473+0000] {processor.py:925} INFO - DAG(s) 'db_and_model_update' retrieved from /opt/airflow/dags/db_and_model_update_dag.py
[2026-03-27T10:19:52.507+0000] {logging_mixin.py:190} INFO - [2026-03-27T10:19:52.507+0000] {dag.py:3239} INFO - Sync 1 DAGs
[2026-03-27T10:19:52.548+0000] {processor.py:208} INFO - Processing /opt/airflow/dags/db_and_model_update_dag.py took 0.109 seconds
[2026-03-27T10:20:22.602+0000] {processor.py:186} INFO - Started process (PID=814) to work on /opt/airflow/dags/db_and_model_update_dag.py
[2026-03-27T10:20:22.603+0000] {processor.py:914} INFO - Processing file /opt/airflow/dags/db_and_model_update_dag.py for tasks to queue
[2026-03-27T10:20:22.605+0000] {logging_mixin.py:190} INFO - [2026-03-27T10:20:22.605+0000] {dagbag.py:588} INFO - Filling up the DagBag from /opt/airflow/dags/db_and_model_update_dag.py
[2026-03-27T10:20:22.625+0000] {processor.py:925} INFO - DAG(s) 'db_and_model_update' retrieved from /opt/airflow/dags/db_and_model_update_dag.py
[2026-03-27T10:20:22.653+0000] {logging_mixin.py:190} INFO - [2026-03-27T10:20:22.653+0000] {dag.py:3239} INFO - Sync 1 DAGs
[2026-03-27T10:20:22.690+0000] {processor.py:208} INFO - Processing /opt/airflow/dags/db_and_model_update_dag.py took 0.095 seconds
[2026-03-27T10:20:52.897+0000] {processor.py:186} INFO - Started process (PID=824) to work on /opt/airflow/dags/db_and_model_update_dag.py
[2026-03-27T10:20:52.898+0000] {processor.py:914} INFO - Processing file /opt/airflow/dags/db_and_model_update_dag.py for tasks to queue
[2026-03-27T10:20:52.905+0000] {logging_mixin.py:190} INFO - [2026-03-27T10:20:52.905+0000] {dagbag.py:588} INFO - Filling up the DagBag from /opt/airflow/dags/db_and_model_update_dag.py
[2026-03-27T10:20:52.950+0000] {processor.py:925} INFO - DAG(s) 'db_and_model_update' retrieved from /opt/airflow/dags/db_and_model_update_dag.py
[2026-03-27T10:20:52.993+0000] {logging_mixin.py:190} INFO - [2026-03-27T10:20:52.993+0000] {dag.py:3239} INFO - Sync 1 DAGs
[2026-03-27T10:20:53.041+0000] {processor.py:208} INFO - Processing /opt/airflow/dags/db_and_model_update_dag.py took 0.158 seconds
[2026-03-27T10:21:23.193+0000] {processor.py:186} INFO - Started process (PID=834) to work on /opt/airflow/dags/db_and_model_update_dag.py
[2026-03-27T10:21:23.194+0000] {processor.py:914} INFO - Processing file /opt/airflow/dags/db_and_model_update_dag.py for tasks to queue
[2026-03-27T10:21:23.196+0000] {logging_mixin.py:190} INFO - [2026-03-27T10:21:23.196+0000] {dagbag.py:588} INFO - Filling up the DagBag from /opt/airflow/dags/db_and_model_update_dag.py
[2026-03-27T10:21:23.213+0000] {processor.py:925} INFO - DAG(s) 'db_and_model_update' retrieved from /opt/airflow/dags/db_and_model_update_dag.py
[2026-03-27T10:21:23.239+0000] {logging_mixin.py:190} INFO - [2026-03-27T10:21:23.239+0000] {dag.py:3239} INFO - Sync 1 DAGs
[2026-03-27T10:21:23.276+0000] {processor.py:208} INFO - Processing /opt/airflow/dags/db_and_model_update_dag.py took 0.090 seconds
[2026-03-27T10:21:53.374+0000] {processor.py:186} INFO - Started process (PID=844) to work on /opt/airflow/dags/db_and_model_update_dag.py
[2026-03-27T10:21:53.375+0000] {processor.py:914} INFO - Processing file /opt/airflow/dags/db_and_model_update_dag.py for tasks to queue
[2026-03-27T10:21:53.378+0000] {logging_mixin.py:190} INFO - [2026-03-27T10:21:53.377+0000] {dagbag.py:588} INFO - Filling up the DagBag from /opt/airflow/dags/db_and_model_update_dag.py
[2026-03-27T10:21:53.400+0000] {processor.py:925} INFO - DAG(s) 'db_and_model_update' retrieved from /opt/airflow/dags/db_and_model_update_dag.py
[2026-03-27T10:21:53.437+0000] {logging_mixin.py:190} INFO - [2026-03-27T10:21:53.437+0000] {dag.py:3239} INFO - Sync 1 DAGs
[2026-03-27T10:21:53.479+0000] {processor.py:208} INFO - Processing /opt/airflow/dags/db_and_model_update_dag.py took 0.112 seconds
[2026-03-27T10:22:23.677+0000] {processor.py:186} INFO - Started process (PID=854) to work on /opt/airflow/dags/db_and_model_update_dag.py
[2026-03-27T10:22:23.679+0000] {processor.py:914} INFO - Processing file /opt/airflow/dags/db_and_model_update_dag.py for tasks to queue
[2026-03-27T10:22:23.682+0000] {logging_mixin.py:190} INFO - [2026-03-27T10:22:23.681+0000] {dagbag.py:588} INFO - Filling up the DagBag from /opt/airflow/dags/db_and_model_update_dag.py
[2026-03-27T10:22:23.702+0000] {processor.py:925} INFO - DAG(s) 'db_and_model_update' retrieved from /opt/airflow/dags/db_and_model_update_dag.py
[2026-03-27T10:22:23.735+0000] {logging_mixin.py:190} INFO - [2026-03-27T10:22:23.735+0000] {dag.py:3239} INFO - Sync 1 DAGs
[2026-03-27T10:22:23.775+0000] {processor.py:208} INFO - Processing /opt/airflow/dags/db_and_model_update_dag.py took 0.104 seconds
[2026-03-27T10:22:53.986+0000] {processor.py:186} INFO - Started process (PID=864) to work on /opt/airflow/dags/db_and_model_update_dag.py
[2026-03-27T10:22:53.987+0000] {processor.py:914} INFO - Processing file /opt/airflow/dags/db_and_model_update_dag.py for tasks to queue
[2026-03-27T10:22:53.990+0000] {logging_mixin.py:190} INFO - [2026-03-27T10:22:53.989+0000] {dagbag.py:588} INFO - Filling up the DagBag from /opt/airflow/dags/db_and_model_update_dag.py
[2026-03-27T10:22:54.012+0000] {processor.py:925} INFO - DAG(s) 'db_and_model_update' retrieved from /opt/airflow/dags/db_and_model_update_dag.py
[2026-03-27T10:22:54.040+0000] {logging_mixin.py:190} INFO - [2026-03-27T10:22:54.040+0000] {dag.py:3239} INFO - Sync 1 DAGs
[2026-03-27T10:22:54.080+0000] {processor.py:208} INFO - Processing /opt/airflow/dags/db_and_model_update_dag.py took 0.101 seconds
[2026-03-27T10:23:24.142+0000] {processor.py:186} INFO - Started process (PID=874) to work on /opt/airflow/dags/db_and_model_update_dag.py
[2026-03-27T10:23:24.144+0000] {processor.py:914} INFO - Processing file /opt/airflow/dags/db_and_model_update_dag.py for tasks to queue
[2026-03-27T10:23:24.147+0000] {logging_mixin.py:190} INFO - [2026-03-27T10:23:24.147+0000] {dagbag.py:588} INFO - Filling up the DagBag from /opt/airflow/dags/db_and_model_update_dag.py
[2026-03-27T10:23:24.168+0000] {processor.py:925} INFO - DAG(s) 'db_and_model_update' retrieved from /opt/airflow/dags/db_and_model_update_dag.py
[2026-03-27T10:23:24.202+0000] {logging_mixin.py:190} INFO - [2026-03-27T10:23:24.201+0000] {dag.py:3239} INFO - Sync 1 DAGs
[2026-03-27T10:23:24.240+0000] {processor.py:208} INFO - Processing /opt/airflow/dags/db_and_model_update_dag.py took 0.104 seconds
[2026-03-27T10:23:54.445+0000] {processor.py:186} INFO - Started process (PID=884) to work on /opt/airflow/dags/db_and_model_update_dag.py
[2026-03-27T10:23:54.447+0000] {processor.py:914} INFO - Processing file /opt/airflow/dags/db_and_model_update_dag.py for tasks to queue
[2026-03-27T10:23:54.449+0000] {logging_mixin.py:190} INFO - [2026-03-27T10:23:54.449+0000] {dagbag.py:588} INFO - Filling up the DagBag from /opt/airflow/dags/db_and_model_update_dag.py
[2026-03-27T10:23:54.468+0000] {processor.py:925} INFO - DAG(s) 'db_and_model_update' retrieved from /opt/airflow/dags/db_and_model_update_dag.py
[2026-03-27T10:23:54.498+0000] {logging_mixin.py:190} INFO - [2026-03-27T10:23:54.498+0000] {dag.py:3239} INFO - Sync 1 DAGs
[2026-03-27T10:23:54.536+0000] {processor.py:208} INFO - Processing /opt/airflow/dags/db_and_model_update_dag.py took 0.097 seconds
[2026-03-27T10:24:24.666+0000] {processor.py:186} INFO - Started process (PID=894) to work on /opt/airflow/dags/db_and_model_update_dag.py
[2026-03-27T10:24:24.667+0000] {processor.py:914} INFO - Processing file /opt/airflow/dags/db_and_model_update_dag.py for tasks to queue
[2026-03-27T10:24:24.669+0000] {logging_mixin.py:190} INFO - [2026-03-27T10:24:24.669+0000] {dagbag.py:588} INFO - Filling up the DagBag from /opt/airflow/dags/db_and_model_update_dag.py
[2026-03-27T10:24:24.690+0000] {processor.py:925} INFO - DAG(s) 'db_and_model_update' retrieved from /opt/airflow/dags/db_and_model_update_dag.py
[2026-03-27T10:24:24.718+0000] {logging_mixin.py:190} INFO - [2026-03-27T10:24:24.718+0000] {dag.py:3239} INFO - Sync 1 DAGs
[2026-03-27T10:24:24.754+0000] {processor.py:208} INFO - Processing /opt/airflow/dags/db_and_model_update_dag.py took 0.095 seconds
[2026-03-27T10:24:54.927+0000] {processor.py:186} INFO - Started process (PID=904) to work on /opt/airflow/dags/db_and_model_update_dag.py
[2026-03-27T10:24:54.931+0000] {processor.py:914} INFO - Processing file /opt/airflow/dags/db_and_model_update_dag.py for tasks to queue
[2026-03-27T10:24:54.935+0000] {logging_mixin.py:190} INFO - [2026-03-27T10:24:54.935+0000] {dagbag.py:588} INFO - Filling up the DagBag from /opt/airflow/dags/db_and_model_update_dag.py
[2026-03-27T10:24:54.968+0000] {processor.py:925} INFO - DAG(s) 'db_and_model_update' retrieved from /opt/airflow/dags/db_and_model_update_dag.py
[2026-03-27T10:24:54.999+0000] {logging_mixin.py:190} INFO - [2026-03-27T10:24:54.998+0000] {dag.py:3239} INFO - Sync 1 DAGs
[2026-03-27T10:24:55.043+0000] {processor.py:208} INFO - Processing /opt/airflow/dags/db_and_model_update_dag.py took 0.129 seconds
[2026-03-27T10:25:25.210+0000] {processor.py:186} INFO - Started process (PID=914) to work on /opt/airflow/dags/db_and_model_update_dag.py
[2026-03-27T10:25:25.212+0000] {processor.py:914} INFO - Processing file /opt/airflow/dags/db_and_model_update_dag.py for tasks to queue
[2026-03-27T10:25:25.214+0000] {logging_mixin.py:190} INFO - [2026-03-27T10:25:25.214+0000] {dagbag.py:588} INFO - Filling up the DagBag from /opt/airflow/dags/db_and_model_update_dag.py
[2026-03-27T10:25:25.236+0000] {processor.py:925} INFO - DAG(s) 'db_and_model_update' retrieved from /opt/airflow/dags/db_and_model_update_dag.py
[2026-03-27T10:25:25.267+0000] {logging_mixin.py:190} INFO - [2026-03-27T10:25:25.267+0000] {dag.py:3239} INFO - Sync 1 DAGs
[2026-03-27T10:25:25.307+0000] {processor.py:208} INFO - Processing /opt/airflow/dags/db_and_model_update_dag.py took 0.105 seconds
[2026-03-27T10:25:55.354+0000] {processor.py:186} INFO - Started process (PID=924) to work on /opt/airflow/dags/db_and_model_update_dag.py
[2026-03-27T10:25:55.355+0000] {processor.py:914} INFO - Processing file /opt/airflow/dags/db_and_model_update_dag.py for tasks to queue
[2026-03-27T10:25:55.357+0000] {logging_mixin.py:190} INFO - [2026-03-27T10:25:55.357+0000] {dagbag.py:588} INFO - Filling up the DagBag from /opt/airflow/dags/db_and_model_update_dag.py
[2026-03-27T10:25:55.376+0000] {processor.py:925} INFO - DAG(s) 'db_and_model_update' retrieved from /opt/airflow/dags/db_and_model_update_dag.py
[2026-03-27T10:25:55.404+0000] {logging_mixin.py:190} INFO - [2026-03-27T10:25:55.404+0000] {dag.py:3239} INFO - Sync 1 DAGs
[2026-03-27T10:25:55.438+0000] {processor.py:208} INFO - Processing /opt/airflow/dags/db_and_model_update_dag.py took 0.091 seconds
[2026-03-27T10:26:25.651+0000] {processor.py:186} INFO - Started process (PID=934) to work on /opt/airflow/dags/db_and_model_update_dag.py
[2026-03-27T10:26:25.653+0000] {processor.py:914} INFO - Processing file /opt/airflow/dags/db_and_model_update_dag.py for tasks to queue
[2026-03-27T10:26:25.655+0000] {logging_mixin.py:190} INFO - [2026-03-27T10:26:25.655+0000] {dagbag.py:588} INFO - Filling up the DagBag from /opt/airflow/dags/db_and_model_update_dag.py
[2026-03-27T10:26:25.677+0000] {processor.py:925} INFO - DAG(s) 'db_and_model_update' retrieved from /opt/airflow/dags/db_and_model_update_dag.py
[2026-03-27T10:26:25.733+0000] {logging_mixin.py:190} INFO - [2026-03-27T10:26:25.733+0000] {dag.py:3239} INFO - Sync 1 DAGs
[2026-03-27T10:26:25.796+0000] {processor.py:208} INFO - Processing /opt/airflow/dags/db_and_model_update_dag.py took 0.151 seconds
[2026-03-27T10:26:55.953+0000] {processor.py:186} INFO - Started process (PID=944) to work on /opt/airflow/dags/db_and_model_update_dag.py
[2026-03-27T10:26:55.954+0000] {processor.py:914} INFO - Processing file /opt/airflow/dags/db_and_model_update_dag.py for tasks to queue
[2026-03-27T10:26:55.957+0000] {logging_mixin.py:190} INFO - [2026-03-27T10:26:55.957+0000] {dagbag.py:588} INFO - Filling up the DagBag from /opt/airflow/dags/db_and_model_update_dag.py
[2026-03-27T10:26:55.982+0000] {processor.py:925} INFO - DAG(s) 'db_and_model_update' retrieved from /opt/airflow/dags/db_and_model_update_dag.py
[2026-03-27T10:26:56.018+0000] {logging_mixin.py:190} INFO - [2026-03-27T10:26:56.018+0000] {dag.py:3239} INFO - Sync 1 DAGs
[2026-03-27T10:26:56.056+0000] {processor.py:208} INFO - Processing /opt/airflow/dags/db_and_model_update_dag.py took 0.110 seconds
[2026-03-27T10:27:26.231+0000] {processor.py:186} INFO - Started process (PID=954) to work on /opt/airflow/dags/db_and_model_update_dag.py
[2026-03-27T10:27:26.232+0000] {processor.py:914} INFO - Processing file /opt/airflow/dags/db_and_model_update_dag.py for tasks to queue
[2026-03-27T10:27:26.234+0000] {logging_mixin.py:190} INFO - [2026-03-27T10:27:26.234+0000] {dagbag.py:588} INFO - Filling up the DagBag from /opt/airflow/dags/db_and_model_update_dag.py
[2026-03-27T10:27:26.254+0000] {processor.py:925} INFO - DAG(s) 'db_and_model_update' retrieved from /opt/airflow/dags/db_and_model_update_dag.py
[2026-03-27T10:27:26.281+0000] {logging_mixin.py:190} INFO - [2026-03-27T10:27:26.281+0000] {dag.py:3239} INFO - Sync 1 DAGs
[2026-03-27T10:27:26.316+0000] {processor.py:208} INFO - Processing /opt/airflow/dags/db_and_model_update_dag.py took 0.092 seconds
[2026-03-27T10:27:56.397+0000] {processor.py:186} INFO - Started process (PID=964) to work on /opt/airflow/dags/db_and_model_update_dag.py
[2026-03-27T10:27:56.398+0000] {processor.py:914} INFO - Processing file /opt/airflow/dags/db_and_model_update_dag.py for tasks to queue
[2026-03-27T10:27:56.400+0000] {logging_mixin.py:190} INFO - [2026-03-27T10:27:56.400+0000] {dagbag.py:588} INFO - Filling up the DagBag from /opt/airflow/dags/db_and_model_update_dag.py
[2026-03-27T10:27:56.430+0000] {processor.py:925} INFO - DAG(s) 'db_and_model_update' retrieved from /opt/airflow/dags/db_and_model_update_dag.py
[2026-03-27T10:27:56.468+0000] {logging_mixin.py:190} INFO - [2026-03-27T10:27:56.468+0000] {dag.py:3239} INFO - Sync 1 DAGs
[2026-03-27T10:27:56.508+0000] {processor.py:208} INFO - Processing /opt/airflow/dags/db_and_model_update_dag.py took 0.120 seconds
[2026-03-27T10:28:26.686+0000] {processor.py:186} INFO - Started process (PID=974) to work on /opt/airflow/dags/db_and_model_update_dag.py
[2026-03-27T10:28:26.687+0000] {processor.py:914} INFO - Processing file /opt/airflow/dags/db_and_model_update_dag.py for tasks to queue
[2026-03-27T10:28:26.691+0000] {logging_mixin.py:190} INFO - [2026-03-27T10:28:26.690+0000] {dagbag.py:588} INFO - Filling up the DagBag from /opt/airflow/dags/db_and_model_update_dag.py
[2026-03-27T10:28:26.711+0000] {processor.py:925} INFO - DAG(s) 'db_and_model_update' retrieved from /opt/airflow/dags/db_and_model_update_dag.py
[2026-03-27T10:28:26.747+0000] {logging_mixin.py:190} INFO - [2026-03-27T10:28:26.747+0000] {dag.py:3239} INFO - Sync 1 DAGs
[2026-03-27T10:28:26.782+0000] {processor.py:208} INFO - Processing /opt/airflow/dags/db_and_model_update_dag.py took 0.104 seconds
[2026-03-27T10:28:56.956+0000] {processor.py:186} INFO - Started process (PID=984) to work on /opt/airflow/dags/db_and_model_update_dag.py
[2026-03-27T10:28:56.957+0000] {processor.py:914} INFO - Processing file /opt/airflow/dags/db_and_model_update_dag.py for tasks to queue
[2026-03-27T10:28:56.960+0000] {logging_mixin.py:190} INFO - [2026-03-27T10:28:56.959+0000] {dagbag.py:588} INFO - Filling up the DagBag from /opt/airflow/dags/db_and_model_update_dag.py
[2026-03-27T10:28:56.989+0000] {processor.py:925} INFO - DAG(s) 'db_and_model_update' retrieved from /opt/airflow/dags/db_and_model_update_dag.py
[2026-03-27T10:28:57.019+0000] {logging_mixin.py:190} INFO - [2026-03-27T10:28:57.018+0000] {dag.py:3239} INFO - Sync 1 DAGs
[2026-03-27T10:28:57.055+0000] {processor.py:208} INFO - Processing /opt/airflow/dags/db_and_model_update_dag.py took 0.107 seconds
[2026-03-27T10:29:27.229+0000] {processor.py:186} INFO - Started process (PID=994) to work on /opt/airflow/dags/db_and_model_update_dag.py
[2026-03-27T10:29:27.230+0000] {processor.py:914} INFO - Processing file /opt/airflow/dags/db_and_model_update_dag.py for tasks to queue
[2026-03-27T10:29:27.232+0000] {logging_mixin.py:190} INFO - [2026-03-27T10:29:27.231+0000] {dagbag.py:588} INFO - Filling up the DagBag from /opt/airflow/dags/db_and_model_update_dag.py
[2026-03-27T10:29:27.252+0000] {processor.py:925} INFO - DAG(s) 'db_and_model_update' retrieved from /opt/airflow/dags/db_and_model_update_dag.py
[2026-03-27T10:29:27.286+0000] {logging_mixin.py:190} INFO - [2026-03-27T10:29:27.286+0000] {dag.py:3239} INFO - Sync 1 DAGs
[2026-03-27T10:29:27.326+0000] {processor.py:208} INFO - Processing /opt/airflow/dags/db_and_model_update_dag.py took 0.103 seconds
[2026-03-27T10:29:57.485+0000] {processor.py:186} INFO - Started process (PID=1004) to work on /opt/airflow/dags/db_and_model_update_dag.py
[2026-03-27T10:29:57.486+0000] {processor.py:914} INFO - Processing file /opt/airflow/dags/db_and_model_update_dag.py for tasks to queue
[2026-03-27T10:29:57.488+0000] {logging_mixin.py:190} INFO - [2026-03-27T10:29:57.488+0000] {dagbag.py:588} INFO - Filling up the DagBag from /opt/airflow/dags/db_and_model_update_dag.py
[2026-03-27T10:29:57.506+0000] {processor.py:925} INFO - DAG(s) 'db_and_model_update' retrieved from /opt/airflow/dags/db_and_model_update_dag.py
[2026-03-27T10:29:57.532+0000] {logging_mixin.py:190} INFO - [2026-03-27T10:29:57.532+0000] {dag.py:3239} INFO - Sync 1 DAGs
[2026-03-27T10:29:57.567+0000] {processor.py:208} INFO - Processing /opt/airflow/dags/db_and_model_update_dag.py took 0.089 seconds
[2026-03-27T10:30:27.737+0000] {processor.py:186} INFO - Started process (PID=1014) to work on /opt/airflow/dags/db_and_model_update_dag.py
[2026-03-27T10:30:27.738+0000] {processor.py:914} INFO - Processing file /opt/airflow/dags/db_and_model_update_dag.py for tasks to queue
[2026-03-27T10:30:27.743+0000] {logging_mixin.py:190} INFO - [2026-03-27T10:30:27.743+0000] {dagbag.py:588} INFO - Filling up the DagBag from /opt/airflow/dags/db_and_model_update_dag.py
[2026-03-27T10:30:27.779+0000] {processor.py:925} INFO - DAG(s) 'db_and_model_update' retrieved from /opt/airflow/dags/db_and_model_update_dag.py
[2026-03-27T10:30:27.814+0000] {logging_mixin.py:190} INFO - [2026-03-27T10:30:27.814+0000] {dag.py:3239} INFO - Sync 1 DAGs
[2026-03-27T10:30:27.874+0000] {processor.py:208} INFO - Processing /opt/airflow/dags/db_and_model_update_dag.py took 0.148 seconds
[2026-03-27T10:30:58.056+0000] {processor.py:186} INFO - Started process (PID=1024) to work on /opt/airflow/dags/db_and_model_update_dag.py
[2026-03-27T10:30:58.057+0000] {processor.py:914} INFO - Processing file /opt/airflow/dags/db_and_model_update_dag.py for tasks to queue
[2026-03-27T10:30:58.059+0000] {logging_mixin.py:190} INFO - [2026-03-27T10:30:58.059+0000] {dagbag.py:588} INFO - Filling up the DagBag from /opt/airflow/dags/db_and_model_update_dag.py
[2026-03-27T10:30:58.078+0000] {processor.py:925} INFO - DAG(s) 'db_and_model_update' retrieved from /opt/airflow/dags/db_and_model_update_dag.py
[2026-03-27T10:30:58.109+0000] {logging_mixin.py:190} INFO - [2026-03-27T10:30:58.108+0000] {dag.py:3239} INFO - Sync 1 DAGs
[2026-03-27T10:30:58.146+0000] {processor.py:208} INFO - Processing /opt/airflow/dags/db_and_model_update_dag.py took 0.096 seconds
[2026-03-27T10:31:28.325+0000] {processor.py:186} INFO - Started process (PID=1034) to work on /opt/airflow/dags/db_and_model_update_dag.py
[2026-03-27T10:31:28.326+0000] {processor.py:914} INFO - Processing file /opt/airflow/dags/db_and_model_update_dag.py for tasks to queue
[2026-03-27T10:31:28.329+0000] {logging_mixin.py:190} INFO - [2026-03-27T10:31:28.329+0000] {dagbag.py:588} INFO - Filling up the DagBag from /opt/airflow/dags/db_and_model_update_dag.py
[2026-03-27T10:31:28.351+0000] {processor.py:925} INFO - DAG(s) 'db_and_model_update' retrieved from /opt/airflow/dags/db_and_model_update_dag.py
[2026-03-27T10:31:28.378+0000] {logging_mixin.py:190} INFO - [2026-03-27T10:31:28.378+0000] {dag.py:3239} INFO - Sync 1 DAGs
[2026-03-27T10:31:28.418+0000] {processor.py:208} INFO - Processing /opt/airflow/dags/db_and_model_update_dag.py took 0.100 seconds
[2026-03-27T10:31:58.595+0000] {processor.py:186} INFO - Started process (PID=1044) to work on /opt/airflow/dags/db_and_model_update_dag.py
[2026-03-27T10:31:58.596+0000] {processor.py:914} INFO - Processing file /opt/airflow/dags/db_and_model_update_dag.py for tasks to queue
[2026-03-27T10:31:58.599+0000] {logging_mixin.py:190} INFO - [2026-03-27T10:31:58.598+0000] {dagbag.py:588} INFO - Filling up the DagBag from /opt/airflow/dags/db_and_model_update_dag.py
[2026-03-27T10:31:58.633+0000] {processor.py:925} INFO - DAG(s) 'db_and_model_update' retrieved from /opt/airflow/dags/db_and_model_update_dag.py
[2026-03-27T10:31:58.662+0000] {logging_mixin.py:190} INFO - [2026-03-27T10:31:58.662+0000] {dag.py:3239} INFO - Sync 1 DAGs
[2026-03-27T10:31:58.718+0000] {processor.py:208} INFO - Processing /opt/airflow/dags/db_and_model_update_dag.py took 0.131 seconds
[2026-03-27T10:32:28.899+0000] {processor.py:186} INFO - Started process (PID=1054) to work on /opt/airflow/dags/db_and_model_update_dag.py
[2026-03-27T10:32:28.900+0000] {processor.py:914} INFO - Processing file /opt/airflow/dags/db_and_model_update_dag.py for tasks to queue
[2026-03-27T10:32:28.903+0000] {logging_mixin.py:190} INFO - [2026-03-27T10:32:28.903+0000] {dagbag.py:588} INFO - Filling up the DagBag from /opt/airflow/dags/db_and_model_update_dag.py
[2026-03-27T10:32:28.923+0000] {processor.py:925} INFO - DAG(s) 'db_and_model_update' retrieved from /opt/airflow/dags/db_and_model_update_dag.py
[2026-03-27T10:32:28.955+0000] {logging_mixin.py:190} INFO - [2026-03-27T10:32:28.955+0000] {dag.py:3239} INFO - Sync 1 DAGs
[2026-03-27T10:32:28.997+0000] {processor.py:208} INFO - Processing /opt/airflow/dags/db_and_model_update_dag.py took 0.107 seconds
[2026-03-27T10:32:59.103+0000] {processor.py:186} INFO - Started process (PID=1064) to work on /opt/airflow/dags/db_and_model_update_dag.py
[2026-03-27T10:32:59.104+0000] {processor.py:914} INFO - Processing file /opt/airflow/dags/db_and_model_update_dag.py for tasks to queue
[2026-03-27T10:32:59.106+0000] {logging_mixin.py:190} INFO - [2026-03-27T10:32:59.106+0000] {dagbag.py:588} INFO - Filling up the DagBag from /opt/airflow/dags/db_and_model_update_dag.py
[2026-03-27T10:32:59.127+0000] {processor.py:925} INFO - DAG(s) 'db_and_model_update' retrieved from /opt/airflow/dags/db_and_model_update_dag.py
[2026-03-27T10:32:59.155+0000] {logging_mixin.py:190} INFO - [2026-03-27T10:32:59.155+0000] {dag.py:3239} INFO - Sync 1 DAGs
[2026-03-27T10:32:59.199+0000] {processor.py:208} INFO - Processing /opt/airflow/dags/db_and_model_update_dag.py took 0.103 seconds
[2026-03-27T10:33:29.389+0000] {processor.py:186} INFO - Started process (PID=1074) to work on /opt/airflow/dags/db_and_model_update_dag.py
[2026-03-27T10:33:29.390+0000] {processor.py:914} INFO - Processing file /opt/airflow/dags/db_and_model_update_dag.py for tasks to queue
[2026-03-27T10:33:29.393+0000] {logging_mixin.py:190} INFO - [2026-03-27T10:33:29.393+0000] {dagbag.py:588} INFO - Filling up the DagBag from /opt/airflow/dags/db_and_model_update_dag.py
[2026-03-27T10:33:29.414+0000] {processor.py:925} INFO - DAG(s) 'db_and_model_update' retrieved from /opt/airflow/dags/db_and_model_update_dag.py
[2026-03-27T10:33:29.445+0000] {logging_mixin.py:190} INFO - [2026-03-27T10:33:29.445+0000] {dag.py:3239} INFO - Sync 1 DAGs
[2026-03-27T10:33:29.482+0000] {processor.py:208} INFO - Processing /opt/airflow/dags/db_and_model_update_dag.py took 0.101 seconds
[2026-03-27T10:33:59.556+0000] {processor.py:186} INFO - Started process (PID=1084) to work on /opt/airflow/dags/db_and_model_update_dag.py
[2026-03-27T10:33:59.558+0000] {processor.py:914} INFO - Processing file /opt/airflow/dags/db_and_model_update_dag.py for tasks to queue
[2026-03-27T10:33:59.560+0000] {logging_mixin.py:190} INFO - [2026-03-27T10:33:59.559+0000] {dagbag.py:588} INFO - Filling up the DagBag from /opt/airflow/dags/db_and_model_update_dag.py
[2026-03-27T10:33:59.578+0000] {processor.py:925} INFO - DAG(s) 'db_and_model_update' retrieved from /opt/airflow/dags/db_and_model_update_dag.py
[2026-03-27T10:33:59.605+0000] {logging_mixin.py:190} INFO - [2026-03-27T10:33:59.605+0000] {dag.py:3239} INFO - Sync 1 DAGs
[2026-03-27T10:33:59.643+0000] {processor.py:208} INFO - Processing /opt/airflow/dags/db_and_model_update_dag.py took 0.093 seconds
[2026-03-27T10:34:29.797+0000] {processor.py:186} INFO - Started process (PID=1094) to work on /opt/airflow/dags/db_and_model_update_dag.py
[2026-03-27T10:34:29.798+0000] {processor.py:914} INFO - Processing file /opt/airflow/dags/db_and_model_update_dag.py for tasks to queue
[2026-03-27T10:34:29.802+0000] {logging_mixin.py:190} INFO - [2026-03-27T10:34:29.802+0000] {dagbag.py:588} INFO - Filling up the DagBag from /opt/airflow/dags/db_and_model_update_dag.py
[2026-03-27T10:34:29.847+0000] {processor.py:925} INFO - DAG(s) 'db_and_model_update' retrieved from /opt/airflow/dags/db_and_model_update_dag.py
[2026-03-27T10:34:29.903+0000] {logging_mixin.py:190} INFO - [2026-03-27T10:34:29.902+0000] {dag.py:3239} INFO - Sync 1 DAGs
[2026-03-27T10:34:29.962+0000] {processor.py:208} INFO - Processing /opt/airflow/dags/db_and_model_update_dag.py took 0.172 seconds
[2026-03-27T10:35:00.143+0000] {processor.py:186} INFO - Started process (PID=1104) to work on /opt/airflow/dags/db_and_model_update_dag.py
[2026-03-27T10:35:00.144+0000] {processor.py:914} INFO - Processing file /opt/airflow/dags/db_and_model_update_dag.py for tasks to queue
[2026-03-27T10:35:00.146+0000] {logging_mixin.py:190} INFO - [2026-03-27T10:35:00.146+0000] {dagbag.py:588} INFO - Filling up the DagBag from /opt/airflow/dags/db_and_model_update_dag.py
[2026-03-27T10:35:00.176+0000] {processor.py:925} INFO - DAG(s) 'db_and_model_update' retrieved from /opt/airflow/dags/db_and_model_update_dag.py
[2026-03-27T10:35:00.219+0000] {logging_mixin.py:190} INFO - [2026-03-27T10:35:00.219+0000] {dag.py:3239} INFO - Sync 1 DAGs
[2026-03-27T10:35:00.267+0000] {processor.py:208} INFO - Processing /opt/airflow/dags/db_and_model_update_dag.py took 0.131 seconds
[2026-03-27T10:35:30.426+0000] {processor.py:186} INFO - Started process (PID=1114) to work on /opt/airflow/dags/db_and_model_update_dag.py
[2026-03-27T10:35:30.427+0000] {processor.py:914} INFO - Processing file /opt/airflow/dags/db_and_model_update_dag.py for tasks to queue
[2026-03-27T10:35:30.430+0000] {logging_mixin.py:190} INFO - [2026-03-27T10:35:30.430+0000] {dagbag.py:588} INFO - Filling up the DagBag from /opt/airflow/dags/db_and_model_update_dag.py
[2026-03-27T10:35:30.453+0000] {processor.py:925} INFO - DAG(s) 'db_and_model_update' retrieved from /opt/airflow/dags/db_and_model_update_dag.py
[2026-03-27T10:35:30.482+0000] {logging_mixin.py:190} INFO - [2026-03-27T10:35:30.481+0000] {dag.py:3239} INFO - Sync 1 DAGs
[2026-03-27T10:35:30.523+0000] {processor.py:208} INFO - Processing /opt/airflow/dags/db_and_model_update_dag.py took 0.104 seconds
[2026-03-27T10:36:00.731+0000] {processor.py:186} INFO - Started process (PID=1124) to work on /opt/airflow/dags/db_and_model_update_dag.py
[2026-03-27T10:36:00.733+0000] {processor.py:914} INFO - Processing file /opt/airflow/dags/db_and_model_update_dag.py for tasks to queue
[2026-03-27T10:36:00.735+0000] {logging_mixin.py:190} INFO - [2026-03-27T10:36:00.735+0000] {dagbag.py:588} INFO - Filling up the DagBag from /opt/airflow/dags/db_and_model_update_dag.py
[2026-03-27T10:36:00.755+0000] {processor.py:925} INFO - DAG(s) 'db_and_model_update' retrieved from /opt/airflow/dags/db_and_model_update_dag.py
[2026-03-27T10:36:00.793+0000] {logging_mixin.py:190} INFO - [2026-03-27T10:36:00.793+0000] {dag.py:3239} INFO - Sync 1 DAGs
[2026-03-27T10:36:00.846+0000] {processor.py:208} INFO - Processing /opt/airflow/dags/db_and_model_update_dag.py took 0.125 seconds
[2026-03-27T10:36:31.014+0000] {processor.py:186} INFO - Started process (PID=1134) to work on /opt/airflow/dags/db_and_model_update_dag.py
[2026-03-27T10:36:31.015+0000] {processor.py:914} INFO - Processing file /opt/airflow/dags/db_and_model_update_dag.py for tasks to queue
[2026-03-27T10:36:31.018+0000] {logging_mixin.py:190} INFO - [2026-03-27T10:36:31.018+0000] {dagbag.py:588} INFO - Filling up the DagBag from /opt/airflow/dags/db_and_model_update_dag.py
[2026-03-27T10:36:31.039+0000] {processor.py:925} INFO - DAG(s) 'db_and_model_update' retrieved from /opt/airflow/dags/db_and_model_update_dag.py
[2026-03-27T10:36:31.072+0000] {logging_mixin.py:190} INFO - [2026-03-27T10:36:31.072+0000] {dag.py:3239} INFO - Sync 1 DAGs
[2026-03-27T10:36:31.109+0000] {processor.py:208} INFO - Processing /opt/airflow/dags/db_and_model_update_dag.py took 0.102 seconds
[2026-03-27T10:37:01.197+0000] {processor.py:186} INFO - Started process (PID=1144) to work on /opt/airflow/dags/db_and_model_update_dag.py
[2026-03-27T10:37:01.198+0000] {processor.py:914} INFO - Processing file /opt/airflow/dags/db_and_model_update_dag.py for tasks to queue
[2026-03-27T10:37:01.200+0000] {logging_mixin.py:190} INFO - [2026-03-27T10:37:01.200+0000] {dagbag.py:588} INFO - Filling up the DagBag from /opt/airflow/dags/db_and_model_update_dag.py
[2026-03-27T10:37:01.221+0000] {processor.py:925} INFO - DAG(s) 'db_and_model_update' retrieved from /opt/airflow/dags/db_and_model_update_dag.py
[2026-03-27T10:37:01.248+0000] {logging_mixin.py:190} INFO - [2026-03-27T10:37:01.248+0000] {dag.py:3239} INFO - Sync 1 DAGs
[2026-03-27T10:37:01.291+0000] {processor.py:208} INFO - Processing /opt/airflow/dags/db_and_model_update_dag.py took 0.101 seconds
[2026-03-27T10:37:31.405+0000] {processor.py:186} INFO - Started process (PID=1154) to work on /opt/airflow/dags/db_and_model_update_dag.py
[2026-03-27T10:37:31.406+0000] {processor.py:914} INFO - Processing file /opt/airflow/dags/db_and_model_update_dag.py for tasks to queue
[2026-03-27T10:37:31.408+0000] {logging_mixin.py:190} INFO - [2026-03-27T10:37:31.408+0000] {dagbag.py:588} INFO - Filling up the DagBag from /opt/airflow/dags/db_and_model_update_dag.py
[2026-03-27T10:37:31.456+0000] {processor.py:925} INFO - DAG(s) 'db_and_model_update' retrieved from /opt/airflow/dags/db_and_model_update_dag.py
[2026-03-27T10:37:31.496+0000] {logging_mixin.py:190} INFO - [2026-03-27T10:37:31.496+0000] {dag.py:3239} INFO - Sync 1 DAGs
[2026-03-27T10:37:31.548+0000] {processor.py:208} INFO - Processing /opt/airflow/dags/db_and_model_update_dag.py took 0.148 seconds
[2026-03-27T10:38:01.705+0000] {processor.py:186} INFO - Started process (PID=1164) to work on /opt/airflow/dags/db_and_model_update_dag.py
[2026-03-27T10:38:01.706+0000] {processor.py:914} INFO - Processing file /opt/airflow/dags/db_and_model_update_dag.py for tasks to queue
[2026-03-27T10:38:01.709+0000] {logging_mixin.py:190} INFO - [2026-03-27T10:38:01.708+0000] {dagbag.py:588} INFO - Filling up the DagBag from /opt/airflow/dags/db_and_model_update_dag.py
[2026-03-27T10:38:01.728+0000] {processor.py:925} INFO - DAG(s) 'db_and_model_update' retrieved from /opt/airflow/dags/db_and_model_update_dag.py
[2026-03-27T10:38:01.767+0000] {logging_mixin.py:190} INFO - [2026-03-27T10:38:01.767+0000] {dag.py:3239} INFO - Sync 1 DAGs
[2026-03-27T10:38:01.811+0000] {processor.py:208} INFO - Processing /opt/airflow/dags/db_and_model_update_dag.py took 0.113 seconds
[2026-03-27T10:38:31.978+0000] {processor.py:186} INFO - Started process (PID=1174) to work on /opt/airflow/dags/db_and_model_update_dag.py
[2026-03-27T10:38:31.979+0000] {processor.py:914} INFO - Processing file /opt/airflow/dags/db_and_model_update_dag.py for tasks to queue
[2026-03-27T10:38:31.982+0000] {logging_mixin.py:190} INFO - [2026-03-27T10:38:31.982+0000] {dagbag.py:588} INFO - Filling up the DagBag from /opt/airflow/dags/db_and_model_update_dag.py
[2026-03-27T10:38:32.003+0000] {processor.py:925} INFO - DAG(s) 'db_and_model_update' retrieved from /opt/airflow/dags/db_and_model_update_dag.py
[2026-03-27T10:38:32.032+0000] {logging_mixin.py:190} INFO - [2026-03-27T10:38:32.032+0000] {dag.py:3239} INFO - Sync 1 DAGs
[2026-03-27T10:38:32.072+0000] {processor.py:208} INFO - Processing /opt/airflow/dags/db_and_model_update_dag.py took 0.105 seconds
[2026-03-27T10:39:02.287+0000] {processor.py:186} INFO - Started process (PID=1184) to work on /opt/airflow/dags/db_and_model_update_dag.py
[2026-03-27T10:39:02.288+0000] {processor.py:914} INFO - Processing file /opt/airflow/dags/db_and_model_update_dag.py for tasks to queue
[2026-03-27T10:39:02.292+0000] {logging_mixin.py:190} INFO - [2026-03-27T10:39:02.292+0000] {dagbag.py:588} INFO - Filling up the DagBag from /opt/airflow/dags/db_and_model_update_dag.py
[2026-03-27T10:39:02.315+0000] {processor.py:925} INFO - DAG(s) 'db_and_model_update' retrieved from /opt/airflow/dags/db_and_model_update_dag.py
[2026-03-27T10:39:02.348+0000] {logging_mixin.py:190} INFO - [2026-03-27T10:39:02.348+0000] {dag.py:3239} INFO - Sync 1 DAGs
[2026-03-27T10:39:02.393+0000] {processor.py:208} INFO - Processing /opt/airflow/dags/db_and_model_update_dag.py took 0.115 seconds
[2026-03-27T10:39:32.456+0000] {processor.py:186} INFO - Started process (PID=1194) to work on /opt/airflow/dags/db_and_model_update_dag.py
[2026-03-27T10:39:32.457+0000] {processor.py:914} INFO - Processing file /opt/airflow/dags/db_and_model_update_dag.py for tasks to queue
[2026-03-27T10:39:32.459+0000] {logging_mixin.py:190} INFO - [2026-03-27T10:39:32.458+0000] {dagbag.py:588} INFO - Filling up the DagBag from /opt/airflow/dags/db_and_model_update_dag.py
[2026-03-27T10:39:32.483+0000] {processor.py:925} INFO - DAG(s) 'db_and_model_update' retrieved from /opt/airflow/dags/db_and_model_update_dag.py
[2026-03-27T10:39:32.522+0000] {logging_mixin.py:190} INFO - [2026-03-27T10:39:32.522+0000] {dag.py:3239} INFO - Sync 1 DAGs
[2026-03-27T10:39:32.574+0000] {processor.py:208} INFO - Processing /opt/airflow/dags/db_and_model_update_dag.py took 0.125 seconds
[2026-03-27T10:40:02.739+0000] {processor.py:186} INFO - Started process (PID=1204) to work on /opt/airflow/dags/db_and_model_update_dag.py
[2026-03-27T10:40:02.740+0000] {processor.py:914} INFO - Processing file /opt/airflow/dags/db_and_model_update_dag.py for tasks to queue
[2026-03-27T10:40:02.743+0000] {logging_mixin.py:190} INFO - [2026-03-27T10:40:02.742+0000] {dagbag.py:588} INFO - Filling up the DagBag from /opt/airflow/dags/db_and_model_update_dag.py
[2026-03-27T10:40:02.766+0000] {processor.py:925} INFO - DAG(s) 'db_and_model_update' retrieved from /opt/airflow/dags/db_and_model_update_dag.py
[2026-03-27T10:40:02.794+0000] {logging_mixin.py:190} INFO - [2026-03-27T10:40:02.794+0000] {dag.py:3239} INFO - Sync 1 DAGs
[2026-03-27T10:40:02.832+0000] {processor.py:208} INFO - Processing /opt/airflow/dags/db_and_model_update_dag.py took 0.100 seconds
[2026-03-27T10:40:32.884+0000] {processor.py:186} INFO - Started process (PID=1214) to work on /opt/airflow/dags/db_and_model_update_dag.py
[2026-03-27T10:40:32.886+0000] {processor.py:914} INFO - Processing file /opt/airflow/dags/db_and_model_update_dag.py for tasks to queue
[2026-03-27T10:40:32.889+0000] {logging_mixin.py:190} INFO - [2026-03-27T10:40:32.889+0000] {dagbag.py:588} INFO - Filling up the DagBag from /opt/airflow/dags/db_and_model_update_dag.py
[2026-03-27T10:40:32.910+0000] {processor.py:925} INFO - DAG(s) 'db_and_model_update' retrieved from /opt/airflow/dags/db_and_model_update_dag.py
[2026-03-27T10:40:32.942+0000] {logging_mixin.py:190} INFO - [2026-03-27T10:40:32.942+0000] {dag.py:3239} INFO - Sync 1 DAGs
[2026-03-27T10:40:32.981+0000] {processor.py:208} INFO - Processing /opt/airflow/dags/db_and_model_update_dag.py took 0.103 seconds
[2026-03-27T10:41:03.179+0000] {processor.py:186} INFO - Started process (PID=1224) to work on /opt/airflow/dags/db_and_model_update_dag.py
[2026-03-27T10:41:03.181+0000] {processor.py:914} INFO - Processing file /opt/airflow/dags/db_and_model_update_dag.py for tasks to queue
[2026-03-27T10:41:03.184+0000] {logging_mixin.py:190} INFO - [2026-03-27T10:41:03.184+0000] {dagbag.py:588} INFO - Filling up the DagBag from /opt/airflow/dags/db_and_model_update_dag.py
[2026-03-27T10:41:03.211+0000] {processor.py:925} INFO - DAG(s) 'db_and_model_update' retrieved from /opt/airflow/dags/db_and_model_update_dag.py
[2026-03-27T10:41:03.238+0000] {logging_mixin.py:190} INFO - [2026-03-27T10:41:03.237+0000] {dag.py:3239} INFO - Sync 1 DAGs
[2026-03-27T10:41:03.276+0000] {processor.py:208} INFO - Processing /opt/airflow/dags/db_and_model_update_dag.py took 0.104 seconds
[2026-03-27T10:41:33.362+0000] {processor.py:186} INFO - Started process (PID=1234) to work on /opt/airflow/dags/db_and_model_update_dag.py
[2026-03-27T10:41:33.364+0000] {processor.py:914} INFO - Processing file /opt/airflow/dags/db_and_model_update_dag.py for tasks to queue
[2026-03-27T10:41:33.373+0000] {logging_mixin.py:190} INFO - [2026-03-27T10:41:33.373+0000] {dagbag.py:588} INFO - Filling up the DagBag from /opt/airflow/dags/db_and_model_update_dag.py
[2026-03-27T10:41:33.404+0000] {processor.py:925} INFO - DAG(s) 'db_and_model_update' retrieved from /opt/airflow/dags/db_and_model_update_dag.py
[2026-03-27T10:41:33.441+0000] {logging_mixin.py:190} INFO - [2026-03-27T10:41:33.441+0000] {dag.py:3239} INFO - Sync 1 DAGs
[2026-03-27T10:41:33.494+0000] {processor.py:208} INFO - Processing /opt/airflow/dags/db_and_model_update_dag.py took 0.140 seconds
[2026-03-27T10:42:03.679+0000] {processor.py:186} INFO - Started process (PID=1244) to work on /opt/airflow/dags/db_and_model_update_dag.py
[2026-03-27T10:42:03.680+0000] {processor.py:914} INFO - Processing file /opt/airflow/dags/db_and_model_update_dag.py for tasks to queue
[2026-03-27T10:42:03.683+0000] {logging_mixin.py:190} INFO - [2026-03-27T10:42:03.683+0000] {dagbag.py:588} INFO - Filling up the DagBag from /opt/airflow/dags/db_and_model_update_dag.py
[2026-03-27T10:42:03.703+0000] {processor.py:925} INFO - DAG(s) 'db_and_model_update' retrieved from /opt/airflow/dags/db_and_model_update_dag.py
[2026-03-27T10:42:03.737+0000] {logging_mixin.py:190} INFO - [2026-03-27T10:42:03.737+0000] {dag.py:3239} INFO - Sync 1 DAGs
[2026-03-27T10:42:03.775+0000] {processor.py:208} INFO - Processing /opt/airflow/dags/db_and_model_update_dag.py took 0.105 seconds
[2026-03-27T10:42:33.846+0000] {processor.py:186} INFO - Started process (PID=1254) to work on /opt/airflow/dags/db_and_model_update_dag.py
[2026-03-27T10:42:33.848+0000] {processor.py:914} INFO - Processing file /opt/airflow/dags/db_and_model_update_dag.py for tasks to queue
[2026-03-27T10:42:33.851+0000] {logging_mixin.py:190} INFO - [2026-03-27T10:42:33.851+0000] {dagbag.py:588} INFO - Filling up the DagBag from /opt/airflow/dags/db_and_model_update_dag.py
[2026-03-27T10:42:33.874+0000] {processor.py:925} INFO - DAG(s) 'db_and_model_update' retrieved from /opt/airflow/dags/db_and_model_update_dag.py
[2026-03-27T10:42:33.912+0000] {logging_mixin.py:190} INFO - [2026-03-27T10:42:33.912+0000] {dag.py:3239} INFO - Sync 1 DAGs
[2026-03-27T10:42:33.956+0000] {processor.py:208} INFO - Processing /opt/airflow/dags/db_and_model_update_dag.py took 0.119 seconds
[2026-03-27T10:43:04.213+0000] {processor.py:186} INFO - Started process (PID=1264) to work on /opt/airflow/dags/db_and_model_update_dag.py
[2026-03-27T10:43:04.214+0000] {processor.py:914} INFO - Processing file /opt/airflow/dags/db_and_model_update_dag.py for tasks to queue
[2026-03-27T10:43:04.216+0000] {logging_mixin.py:190} INFO - [2026-03-27T10:43:04.216+0000] {dagbag.py:588} INFO - Filling up the DagBag from /opt/airflow/dags/db_and_model_update_dag.py
[2026-03-27T10:43:04.239+0000] {processor.py:925} INFO - DAG(s) 'db_and_model_update' retrieved from /opt/airflow/dags/db_and_model_update_dag.py
[2026-03-27T10:43:04.272+0000] {logging_mixin.py:190} INFO - [2026-03-27T10:43:04.272+0000] {dag.py:3239} INFO - Sync 1 DAGs
[2026-03-27T10:43:04.311+0000] {processor.py:208} INFO - Processing /opt/airflow/dags/db_and_model_update_dag.py took 0.107 seconds
[2026-03-27T10:43:34.388+0000] {processor.py:186} INFO - Started process (PID=1274) to work on /opt/airflow/dags/db_and_model_update_dag.py
[2026-03-27T10:43:34.390+0000] {processor.py:914} INFO - Processing file /opt/airflow/dags/db_and_model_update_dag.py for tasks to queue
[2026-03-27T10:43:34.395+0000] {logging_mixin.py:190} INFO - [2026-03-27T10:43:34.394+0000] {dagbag.py:588} INFO - Filling up the DagBag from /opt/airflow/dags/db_and_model_update_dag.py
[2026-03-27T10:43:34.417+0000] {processor.py:925} INFO - DAG(s) 'db_and_model_update' retrieved from /opt/airflow/dags/db_and_model_update_dag.py
[2026-03-27T10:43:34.459+0000] {logging_mixin.py:190} INFO - [2026-03-27T10:43:34.459+0000] {dag.py:3239} INFO - Sync 1 DAGs
[2026-03-27T10:43:34.534+0000] {processor.py:208} INFO - Processing /opt/airflow/dags/db_and_model_update_dag.py took 0.156 seconds
[2026-03-27T10:44:04.716+0000] {processor.py:186} INFO - Started process (PID=1284) to work on /opt/airflow/dags/db_and_model_update_dag.py
[2026-03-27T10:44:04.717+0000] {processor.py:914} INFO - Processing file /opt/airflow/dags/db_and_model_update_dag.py for tasks to queue
[2026-03-27T10:44:04.720+0000] {logging_mixin.py:190} INFO - [2026-03-27T10:44:04.720+0000] {dagbag.py:588} INFO - Filling up the DagBag from /opt/airflow/dags/db_and_model_update_dag.py
[2026-03-27T10:44:04.738+0000] {processor.py:925} INFO - DAG(s) 'db_and_model_update' retrieved from /opt/airflow/dags/db_and_model_update_dag.py
[2026-03-27T10:44:04.772+0000] {logging_mixin.py:190} INFO - [2026-03-27T10:44:04.771+0000] {dag.py:3239} INFO - Sync 1 DAGs
[2026-03-27T10:44:04.823+0000] {processor.py:208} INFO - Processing /opt/airflow/dags/db_and_model_update_dag.py took 0.114 seconds
[2026-03-27T10:44:34.999+0000] {processor.py:186} INFO - Started process (PID=1294) to work on /opt/airflow/dags/db_and_model_update_dag.py
[2026-03-27T10:44:35.000+0000] {processor.py:914} INFO - Processing file /opt/airflow/dags/db_and_model_update_dag.py for tasks to queue
[2026-03-27T10:44:35.003+0000] {logging_mixin.py:190} INFO - [2026-03-27T10:44:35.003+0000] {dagbag.py:588} INFO - Filling up the DagBag from /opt/airflow/dags/db_and_model_update_dag.py
[2026-03-27T10:44:35.025+0000] {processor.py:925} INFO - DAG(s) 'db_and_model_update' retrieved from /opt/airflow/dags/db_and_model_update_dag.py
[2026-03-27T10:44:35.059+0000] {logging_mixin.py:190} INFO - [2026-03-27T10:44:35.059+0000] {dag.py:3239} INFO - Sync 1 DAGs
[2026-03-27T10:44:35.104+0000] {processor.py:208} INFO - Processing /opt/airflow/dags/db_and_model_update_dag.py took 0.113 seconds
[2026-03-27T10:45:05.280+0000] {processor.py:186} INFO - Started process (PID=1304) to work on /opt/airflow/dags/db_and_model_update_dag.py
[2026-03-27T10:45:05.281+0000] {processor.py:914} INFO - Processing file /opt/airflow/dags/db_and_model_update_dag.py for tasks to queue
[2026-03-27T10:45:05.284+0000] {logging_mixin.py:190} INFO - [2026-03-27T10:45:05.283+0000] {dagbag.py:588} INFO - Filling up the DagBag from /opt/airflow/dags/db_and_model_update_dag.py
[2026-03-27T10:45:05.305+0000] {processor.py:925} INFO - DAG(s) 'db_and_model_update' retrieved from /opt/airflow/dags/db_and_model_update_dag.py
[2026-03-27T10:45:05.334+0000] {logging_mixin.py:190} INFO - [2026-03-27T10:45:05.334+0000] {dag.py:3239} INFO - Sync 1 DAGs
[2026-03-27T10:45:05.373+0000] {processor.py:208} INFO - Processing /opt/airflow/dags/db_and_model_update_dag.py took 0.100 seconds
[2026-03-27T10:45:35.436+0000] {processor.py:186} INFO - Started process (PID=1314) to work on /opt/airflow/dags/db_and_model_update_dag.py
[2026-03-27T10:45:35.437+0000] {processor.py:914} INFO - Processing file /opt/airflow/dags/db_and_model_update_dag.py for tasks to queue
[2026-03-27T10:45:35.441+0000] {logging_mixin.py:190} INFO - [2026-03-27T10:45:35.440+0000] {dagbag.py:588} INFO - Filling up the DagBag from /opt/airflow/dags/db_and_model_update_dag.py
[2026-03-27T10:45:35.461+0000] {processor.py:925} INFO - DAG(s) 'db_and_model_update' retrieved from /opt/airflow/dags/db_and_model_update_dag.py
[2026-03-27T10:45:35.493+0000] {logging_mixin.py:190} INFO - [2026-03-27T10:45:35.492+0000] {dag.py:3239} INFO - Sync 1 DAGs
[2026-03-27T10:45:35.539+0000] {processor.py:208} INFO - Processing /opt/airflow/dags/db_and_model_update_dag.py took 0.110 seconds
[2026-03-27T10:46:05.637+0000] {processor.py:186} INFO - Started process (PID=1324) to work on /opt/airflow/dags/db_and_model_update_dag.py
[2026-03-27T10:46:05.638+0000] {processor.py:914} INFO - Processing file /opt/airflow/dags/db_and_model_update_dag.py for tasks to queue
[2026-03-27T10:46:05.640+0000] {logging_mixin.py:190} INFO - [2026-03-27T10:46:05.640+0000] {dagbag.py:588} INFO - Filling up the DagBag from /opt/airflow/dags/db_and_model_update_dag.py
[2026-03-27T10:46:05.658+0000] {processor.py:925} INFO - DAG(s) 'db_and_model_update' retrieved from /opt/airflow/dags/db_and_model_update_dag.py
[2026-03-27T10:46:05.684+0000] {logging_mixin.py:190} INFO - [2026-03-27T10:46:05.684+0000] {dag.py:3239} INFO - Sync 1 DAGs
[2026-03-27T10:46:05.717+0000] {processor.py:208} INFO - Processing /opt/airflow/dags/db_and_model_update_dag.py took 0.087 seconds
[2026-03-27T10:46:35.917+0000] {processor.py:186} INFO - Started process (PID=1334) to work on /opt/airflow/dags/db_and_model_update_dag.py
[2026-03-27T10:46:35.919+0000] {processor.py:914} INFO - Processing file /opt/airflow/dags/db_and_model_update_dag.py for tasks to queue
[2026-03-27T10:46:35.922+0000] {logging_mixin.py:190} INFO - [2026-03-27T10:46:35.922+0000] {dagbag.py:588} INFO - Filling up the DagBag from /opt/airflow/dags/db_and_model_update_dag.py
[2026-03-27T10:46:35.941+0000] {processor.py:925} INFO - DAG(s) 'db_and_model_update' retrieved from /opt/airflow/dags/db_and_model_update_dag.py
[2026-03-27T10:46:35.971+0000] {logging_mixin.py:190} INFO - [2026-03-27T10:46:35.970+0000] {dag.py:3239} INFO - Sync 1 DAGs
[2026-03-27T10:46:36.009+0000] {processor.py:208} INFO - Processing /opt/airflow/dags/db_and_model_update_dag.py took 0.101 seconds
[2026-03-27T10:47:06.060+0000] {processor.py:186} INFO - Started process (PID=1344) to work on /opt/airflow/dags/db_and_model_update_dag.py
[2026-03-27T10:47:06.062+0000] {processor.py:914} INFO - Processing file /opt/airflow/dags/db_and_model_update_dag.py for tasks to queue
[2026-03-27T10:47:06.063+0000] {logging_mixin.py:190} INFO - [2026-03-27T10:47:06.063+0000] {dagbag.py:588} INFO - Filling up the DagBag from /opt/airflow/dags/db_and_model_update_dag.py
[2026-03-27T10:47:06.080+0000] {processor.py:925} INFO - DAG(s) 'db_and_model_update' retrieved from /opt/airflow/dags/db_and_model_update_dag.py
[2026-03-27T10:47:06.109+0000] {logging_mixin.py:190} INFO - [2026-03-27T10:47:06.109+0000] {dag.py:3239} INFO - Sync 1 DAGs
[2026-03-27T10:47:06.146+0000] {processor.py:208} INFO - Processing /opt/airflow/dags/db_and_model_update_dag.py took 0.092 seconds
[2026-03-27T10:47:36.364+0000] {processor.py:186} INFO - Started process (PID=1354) to work on /opt/airflow/dags/db_and_model_update_dag.py
[2026-03-27T10:47:36.365+0000] {processor.py:914} INFO - Processing file /opt/airflow/dags/db_and_model_update_dag.py for tasks to queue
[2026-03-27T10:47:36.368+0000] {logging_mixin.py:190} INFO - [2026-03-27T10:47:36.367+0000] {dagbag.py:588} INFO - Filling up the DagBag from /opt/airflow/dags/db_and_model_update_dag.py
[2026-03-27T10:47:36.392+0000] {processor.py:925} INFO - DAG(s) 'db_and_model_update' retrieved from /opt/airflow/dags/db_and_model_update_dag.py
[2026-03-27T10:47:36.421+0000] {logging_mixin.py:190} INFO - [2026-03-27T10:47:36.421+0000] {dag.py:3239} INFO - Sync 1 DAGs
[2026-03-27T10:47:36.457+0000] {processor.py:208} INFO - Processing /opt/airflow/dags/db_and_model_update_dag.py took 0.100 seconds
[2026-03-27T10:48:06.642+0000] {processor.py:186} INFO - Started process (PID=1364) to work on /opt/airflow/dags/db_and_model_update_dag.py
[2026-03-27T10:48:06.644+0000] {processor.py:914} INFO - Processing file /opt/airflow/dags/db_and_model_update_dag.py for tasks to queue
[2026-03-27T10:48:06.647+0000] {logging_mixin.py:190} INFO - [2026-03-27T10:48:06.646+0000] {dagbag.py:588} INFO - Filling up the DagBag from /opt/airflow/dags/db_and_model_update_dag.py
[2026-03-27T10:48:06.667+0000] {processor.py:925} INFO - DAG(s) 'db_and_model_update' retrieved from /opt/airflow/dags/db_and_model_update_dag.py
[2026-03-27T10:48:06.698+0000] {logging_mixin.py:190} INFO - [2026-03-27T10:48:06.698+0000] {dag.py:3239} INFO - Sync 1 DAGs
[2026-03-27T10:48:06.738+0000] {processor.py:208} INFO - Processing /opt/airflow/dags/db_and_model_update_dag.py took 0.106 seconds
[2026-03-27T10:48:36.898+0000] {processor.py:186} INFO - Started process (PID=1374) to work on /opt/airflow/dags/db_and_model_update_dag.py
[2026-03-27T10:48:36.899+0000] {processor.py:914} INFO - Processing file /opt/airflow/dags/db_and_model_update_dag.py for tasks to queue
[2026-03-27T10:48:36.902+0000] {logging_mixin.py:190} INFO - [2026-03-27T10:48:36.902+0000] {dagbag.py:588} INFO - Filling up the DagBag from /opt/airflow/dags/db_and_model_update_dag.py
[2026-03-27T10:48:36.920+0000] {processor.py:925} INFO - DAG(s) 'db_and_model_update' retrieved from /opt/airflow/dags/db_and_model_update_dag.py
[2026-03-27T10:48:36.947+0000] {logging_mixin.py:190} INFO - [2026-03-27T10:48:36.947+0000] {dag.py:3239} INFO - Sync 1 DAGs
[2026-03-27T10:48:36.986+0000] {processor.py:208} INFO - Processing /opt/airflow/dags/db_and_model_update_dag.py took 0.094 seconds
[2026-03-27T10:49:07.162+0000] {processor.py:186} INFO - Started process (PID=1384) to work on /opt/airflow/dags/db_and_model_update_dag.py
[2026-03-27T10:49:07.163+0000] {processor.py:914} INFO - Processing file /opt/airflow/dags/db_and_model_update_dag.py for tasks to queue
[2026-03-27T10:49:07.165+0000] {logging_mixin.py:190} INFO - [2026-03-27T10:49:07.165+0000] {dagbag.py:588} INFO - Filling up the DagBag from /opt/airflow/dags/db_and_model_update_dag.py
[2026-03-27T10:49:07.183+0000] {processor.py:925} INFO - DAG(s) 'db_and_model_update' retrieved from /opt/airflow/dags/db_and_model_update_dag.py
[2026-03-27T10:49:07.210+0000] {logging_mixin.py:190} INFO - [2026-03-27T10:49:07.209+0000] {dag.py:3239} INFO - Sync 1 DAGs
[2026-03-27T10:49:07.250+0000] {processor.py:208} INFO - Processing /opt/airflow/dags/db_and_model_update_dag.py took 0.096 seconds
[2026-03-27T10:49:37.383+0000] {processor.py:186} INFO - Started process (PID=1394) to work on /opt/airflow/dags/db_and_model_update_dag.py
[2026-03-27T10:49:37.384+0000] {processor.py:914} INFO - Processing file /opt/airflow/dags/db_and_model_update_dag.py for tasks to queue
[2026-03-27T10:49:37.386+0000] {logging_mixin.py:190} INFO - [2026-03-27T10:49:37.386+0000] {dagbag.py:588} INFO - Filling up the DagBag from /opt/airflow/dags/db_and_model_update_dag.py
[2026-03-27T10:49:37.406+0000] {processor.py:925} INFO - DAG(s) 'db_and_model_update' retrieved from /opt/airflow/dags/db_and_model_update_dag.py
[2026-03-27T10:49:37.433+0000] {logging_mixin.py:190} INFO - [2026-03-27T10:49:37.433+0000] {dag.py:3239} INFO - Sync 1 DAGs
[2026-03-27T10:49:37.474+0000] {processor.py:208} INFO - Processing /opt/airflow/dags/db_and_model_update_dag.py took 0.097 seconds
[2026-03-27T10:50:07.675+0000] {processor.py:186} INFO - Started process (PID=1404) to work on /opt/airflow/dags/db_and_model_update_dag.py
[2026-03-27T10:50:07.679+0000] {processor.py:914} INFO - Processing file /opt/airflow/dags/db_and_model_update_dag.py for tasks to queue
[2026-03-27T10:50:07.683+0000] {logging_mixin.py:190} INFO - [2026-03-27T10:50:07.682+0000] {dagbag.py:588} INFO - Filling up the DagBag from /opt/airflow/dags/db_and_model_update_dag.py
[2026-03-27T10:50:07.703+0000] {processor.py:925} INFO - DAG(s) 'db_and_model_update' retrieved from /opt/airflow/dags/db_and_model_update_dag.py
[2026-03-27T10:50:07.738+0000] {logging_mixin.py:190} INFO - [2026-03-27T10:50:07.738+0000] {dag.py:3239} INFO - Sync 1 DAGs
[2026-03-27T10:50:07.785+0000] {processor.py:208} INFO - Processing /opt/airflow/dags/db_and_model_update_dag.py took 0.119 seconds
[2026-03-27T10:50:37.965+0000] {processor.py:186} INFO - Started process (PID=1414) to work on /opt/airflow/dags/db_and_model_update_dag.py
[2026-03-27T10:50:37.966+0000] {processor.py:914} INFO - Processing file /opt/airflow/dags/db_and_model_update_dag.py for tasks to queue
[2026-03-27T10:50:37.968+0000] {logging_mixin.py:190} INFO - [2026-03-27T10:50:37.968+0000] {dagbag.py:588} INFO - Filling up the DagBag from /opt/airflow/dags/db_and_model_update_dag.py
[2026-03-27T10:50:37.988+0000] {processor.py:925} INFO - DAG(s) 'db_and_model_update' retrieved from /opt/airflow/dags/db_and_model_update_dag.py
[2026-03-27T10:50:38.020+0000] {logging_mixin.py:190} INFO - [2026-03-27T10:50:38.019+0000] {dag.py:3239} INFO - Sync 1 DAGs
[2026-03-27T10:50:38.059+0000] {processor.py:208} INFO - Processing /opt/airflow/dags/db_and_model_update_dag.py took 0.100 seconds
[2026-03-27T10:51:08.222+0000] {processor.py:186} INFO - Started process (PID=1424) to work on /opt/airflow/dags/db_and_model_update_dag.py
[2026-03-27T10:51:08.223+0000] {processor.py:914} INFO - Processing file /opt/airflow/dags/db_and_model_update_dag.py for tasks to queue
[2026-03-27T10:51:08.226+0000] {logging_mixin.py:190} INFO - [2026-03-27T10:51:08.225+0000] {dagbag.py:588} INFO - Filling up the DagBag from /opt/airflow/dags/db_and_model_update_dag.py
[2026-03-27T10:51:08.246+0000] {processor.py:925} INFO - DAG(s) 'db_and_model_update' retrieved from /opt/airflow/dags/db_and_model_update_dag.py
[2026-03-27T10:51:08.278+0000] {logging_mixin.py:190} INFO - [2026-03-27T10:51:08.277+0000] {dag.py:3239} INFO - Sync 1 DAGs
[2026-03-27T10:51:08.323+0000] {processor.py:208} INFO - Processing /opt/airflow/dags/db_and_model_update_dag.py took 0.109 seconds
[2026-03-27T10:51:38.449+0000] {processor.py:186} INFO - Started process (PID=1434) to work on /opt/airflow/dags/db_and_model_update_dag.py
[2026-03-27T10:51:38.450+0000] {processor.py:914} INFO - Processing file /opt/airflow/dags/db_and_model_update_dag.py for tasks to queue
[2026-03-27T10:51:38.453+0000] {logging_mixin.py:190} INFO - [2026-03-27T10:51:38.453+0000] {dagbag.py:588} INFO - Filling up the DagBag from /opt/airflow/dags/db_and_model_update_dag.py
[2026-03-27T10:51:38.472+0000] {processor.py:925} INFO - DAG(s) 'db_and_model_update' retrieved from /opt/airflow/dags/db_and_model_update_dag.py
[2026-03-27T10:51:38.504+0000] {logging_mixin.py:190} INFO - [2026-03-27T10:51:38.504+0000] {dag.py:3239} INFO - Sync 1 DAGs
[2026-03-27T10:51:38.544+0000] {processor.py:208} INFO - Processing /opt/airflow/dags/db_and_model_update_dag.py took 0.103 seconds
[2026-03-27T10:52:08.670+0000] {processor.py:186} INFO - Started process (PID=1444) to work on /opt/airflow/dags/db_and_model_update_dag.py
[2026-03-27T10:52:08.672+0000] {processor.py:914} INFO - Processing file /opt/airflow/dags/db_and_model_update_dag.py for tasks to queue
[2026-03-27T10:52:08.674+0000] {logging_mixin.py:190} INFO - [2026-03-27T10:52:08.673+0000] {dagbag.py:588} INFO - Filling up the DagBag from /opt/airflow/dags/db_and_model_update_dag.py
[2026-03-27T10:52:08.694+0000] {processor.py:925} INFO - DAG(s) 'db_and_model_update' retrieved from /opt/airflow/dags/db_and_model_update_dag.py
[2026-03-27T10:52:08.724+0000] {logging_mixin.py:190} INFO - [2026-03-27T10:52:08.724+0000] {dag.py:3239} INFO - Sync 1 DAGs
[2026-03-27T10:52:08.767+0000] {processor.py:208} INFO - Processing /opt/airflow/dags/db_and_model_update_dag.py took 0.103 seconds
[2026-03-27T10:52:38.840+0000] {processor.py:186} INFO - Started process (PID=1454) to work on /opt/airflow/dags/db_and_model_update_dag.py
[2026-03-27T10:52:38.844+0000] {processor.py:914} INFO - Processing file /opt/airflow/dags/db_and_model_update_dag.py for tasks to queue
[2026-03-27T10:52:38.852+0000] {logging_mixin.py:190} INFO - [2026-03-27T10:52:38.852+0000] {dagbag.py:588} INFO - Filling up the DagBag from /opt/airflow/dags/db_and_model_update_dag.py
[2026-03-27T10:52:38.886+0000] {processor.py:925} INFO - DAG(s) 'db_and_model_update' retrieved from /opt/airflow/dags/db_and_model_update_dag.py
[2026-03-27T10:52:38.926+0000] {logging_mixin.py:190} INFO - [2026-03-27T10:52:38.926+0000] {dag.py:3239} INFO - Sync 1 DAGs
[2026-03-27T10:52:38.970+0000] {processor.py:208} INFO - Processing /opt/airflow/dags/db_and_model_update_dag.py took 0.139 seconds
[2026-03-27T10:53:09.121+0000] {processor.py:186} INFO - Started process (PID=1464) to work on /opt/airflow/dags/db_and_model_update_dag.py
[2026-03-27T10:53:09.122+0000] {processor.py:914} INFO - Processing file /opt/airflow/dags/db_and_model_update_dag.py for tasks to queue
[2026-03-27T10:53:09.125+0000] {logging_mixin.py:190} INFO - [2026-03-27T10:53:09.124+0000] {dagbag.py:588} INFO - Filling up the DagBag from /opt/airflow/dags/db_and_model_update_dag.py
[2026-03-27T10:53:09.148+0000] {processor.py:925} INFO - DAG(s) 'db_and_model_update' retrieved from /opt/airflow/dags/db_and_model_update_dag.py
[2026-03-27T10:53:09.181+0000] {logging_mixin.py:190} INFO - [2026-03-27T10:53:09.181+0000] {dag.py:3239} INFO - Sync 1 DAGs
[2026-03-27T10:53:09.256+0000] {processor.py:208} INFO - Processing /opt/airflow/dags/db_and_model_update_dag.py took 0.144 seconds
[2026-03-27T10:53:39.383+0000] {processor.py:186} INFO - Started process (PID=1474) to work on /opt/airflow/dags/db_and_model_update_dag.py
[2026-03-27T10:53:39.384+0000] {processor.py:914} INFO - Processing file /opt/airflow/dags/db_and_model_update_dag.py for tasks to queue
[2026-03-27T10:53:39.387+0000] {logging_mixin.py:190} INFO - [2026-03-27T10:53:39.387+0000] {dagbag.py:588} INFO - Filling up the DagBag from /opt/airflow/dags/db_and_model_update_dag.py
[2026-03-27T10:53:39.407+0000] {processor.py:925} INFO - DAG(s) 'db_and_model_update' retrieved from /opt/airflow/dags/db_and_model_update_dag.py
[2026-03-27T10:53:39.440+0000] {logging_mixin.py:190} INFO - [2026-03-27T10:53:39.440+0000] {dag.py:3239} INFO - Sync 1 DAGs
[2026-03-27T10:53:39.478+0000] {processor.py:208} INFO - Processing /opt/airflow/dags/db_and_model_update_dag.py took 0.104 seconds
[2026-03-27T10:54:09.651+0000] {processor.py:186} INFO - Started process (PID=1484) to work on /opt/airflow/dags/db_and_model_update_dag.py
[2026-03-27T10:54:09.652+0000] {processor.py:914} INFO - Processing file /opt/airflow/dags/db_and_model_update_dag.py for tasks to queue
[2026-03-27T10:54:09.655+0000] {logging_mixin.py:190} INFO - [2026-03-27T10:54:09.655+0000] {dagbag.py:588} INFO - Filling up the DagBag from /opt/airflow/dags/db_and_model_update_dag.py
[2026-03-27T10:54:09.676+0000] {processor.py:925} INFO - DAG(s) 'db_and_model_update' retrieved from /opt/airflow/dags/db_and_model_update_dag.py
[2026-03-27T10:54:09.708+0000] {logging_mixin.py:190} INFO - [2026-03-27T10:54:09.708+0000] {dag.py:3239} INFO - Sync 1 DAGs
[2026-03-27T10:54:09.761+0000] {processor.py:208} INFO - Processing /opt/airflow/dags/db_and_model_update_dag.py took 0.116 seconds
[2026-03-27T10:54:39.929+0000] {processor.py:186} INFO - Started process (PID=1494) to work on /opt/airflow/dags/db_and_model_update_dag.py
[2026-03-27T10:54:39.930+0000] {processor.py:914} INFO - Processing file /opt/airflow/dags/db_and_model_update_dag.py for tasks to queue
[2026-03-27T10:54:39.932+0000] {logging_mixin.py:190} INFO - [2026-03-27T10:54:39.932+0000] {dagbag.py:588} INFO - Filling up the DagBag from /opt/airflow/dags/db_and_model_update_dag.py
[2026-03-27T10:54:39.952+0000] {processor.py:925} INFO - DAG(s) 'db_and_model_update' retrieved from /opt/airflow/dags/db_and_model_update_dag.py
[2026-03-27T10:54:39.999+0000] {logging_mixin.py:190} INFO - [2026-03-27T10:54:39.999+0000] {dag.py:3239} INFO - Sync 1 DAGs
[2026-03-27T10:54:40.044+0000] {processor.py:208} INFO - Processing /opt/airflow/dags/db_and_model_update_dag.py took 0.122 seconds
[2026-03-27T10:55:10.190+0000] {processor.py:186} INFO - Started process (PID=1504) to work on /opt/airflow/dags/db_and_model_update_dag.py
[2026-03-27T10:55:10.191+0000] {processor.py:914} INFO - Processing file /opt/airflow/dags/db_and_model_update_dag.py for tasks to queue
[2026-03-27T10:55:10.193+0000] {logging_mixin.py:190} INFO - [2026-03-27T10:55:10.193+0000] {dagbag.py:588} INFO - Filling up the DagBag from /opt/airflow/dags/db_and_model_update_dag.py
[2026-03-27T10:55:10.213+0000] {processor.py:925} INFO - DAG(s) 'db_and_model_update' retrieved from /opt/airflow/dags/db_and_model_update_dag.py
[2026-03-27T10:55:10.247+0000] {logging_mixin.py:190} INFO - [2026-03-27T10:55:10.247+0000] {dag.py:3239} INFO - Sync 1 DAGs
[2026-03-27T10:55:10.290+0000] {processor.py:208} INFO - Processing /opt/airflow/dags/db_and_model_update_dag.py took 0.105 seconds
[2026-03-27T10:55:40.420+0000] {processor.py:186} INFO - Started process (PID=1514) to work on /opt/airflow/dags/db_and_model_update_dag.py
[2026-03-27T10:55:40.421+0000] {processor.py:914} INFO - Processing file /opt/airflow/dags/db_and_model_update_dag.py for tasks to queue
[2026-03-27T10:55:40.423+0000] {logging_mixin.py:190} INFO - [2026-03-27T10:55:40.423+0000] {dagbag.py:588} INFO - Filling up the DagBag from /opt/airflow/dags/db_and_model_update_dag.py
[2026-03-27T10:55:40.444+0000] {processor.py:925} INFO - DAG(s) 'db_and_model_update' retrieved from /opt/airflow/dags/db_and_model_update_dag.py
[2026-03-27T10:55:40.472+0000] {logging_mixin.py:190} INFO - [2026-03-27T10:55:40.472+0000] {dag.py:3239} INFO - Sync 1 DAGs
[2026-03-27T10:55:40.524+0000] {processor.py:208} INFO - Processing /opt/airflow/dags/db_and_model_update_dag.py took 0.111 seconds
[2026-03-27T10:56:10.745+0000] {processor.py:186} INFO - Started process (PID=1524) to work on /opt/airflow/dags/db_and_model_update_dag.py
[2026-03-27T10:56:10.747+0000] {processor.py:914} INFO - Processing file /opt/airflow/dags/db_and_model_update_dag.py for tasks to queue
[2026-03-27T10:56:10.756+0000] {logging_mixin.py:190} INFO - [2026-03-27T10:56:10.755+0000] {dagbag.py:588} INFO - Filling up the DagBag from /opt/airflow/dags/db_and_model_update_dag.py
[2026-03-27T10:56:10.785+0000] {processor.py:925} INFO - DAG(s) 'db_and_model_update' retrieved from /opt/airflow/dags/db_and_model_update_dag.py
[2026-03-27T10:56:10.829+0000] {logging_mixin.py:190} INFO - [2026-03-27T10:56:10.829+0000] {dag.py:3239} INFO - Sync 1 DAGs
[2026-03-27T10:56:10.873+0000] {processor.py:208} INFO - Processing /opt/airflow/dags/db_and_model_update_dag.py took 0.134 seconds
[2026-03-27T10:56:41.046+0000] {processor.py:186} INFO - Started process (PID=1534) to work on /opt/airflow/dags/db_and_model_update_dag.py
[2026-03-27T10:56:41.047+0000] {processor.py:914} INFO - Processing file /opt/airflow/dags/db_and_model_update_dag.py for tasks to queue
[2026-03-27T10:56:41.050+0000] {logging_mixin.py:190} INFO - [2026-03-27T10:56:41.050+0000] {dagbag.py:588} INFO - Filling up the DagBag from /opt/airflow/dags/db_and_model_update_dag.py
[2026-03-27T10:56:41.072+0000] {processor.py:925} INFO - DAG(s) 'db_and_model_update' retrieved from /opt/airflow/dags/db_and_model_update_dag.py
[2026-03-27T10:56:41.112+0000] {logging_mixin.py:190} INFO - [2026-03-27T10:56:41.111+0000] {dag.py:3239} INFO - Sync 1 DAGs
[2026-03-27T10:56:41.176+0000] {processor.py:208} INFO - Processing /opt/airflow/dags/db_and_model_update_dag.py took 0.137 seconds
[2026-03-27T10:57:12.086+0000] {processor.py:186} INFO - Started process (PID=1544) to work on /opt/airflow/dags/db_and_model_update_dag.py
[2026-03-27T10:57:12.087+0000] {processor.py:914} INFO - Processing file /opt/airflow/dags/db_and_model_update_dag.py for tasks to queue
[2026-03-27T10:57:12.090+0000] {logging_mixin.py:190} INFO - [2026-03-27T10:57:12.089+0000] {dagbag.py:588} INFO - Filling up the DagBag from /opt/airflow/dags/db_and_model_update_dag.py
[2026-03-27T10:57:12.122+0000] {processor.py:925} INFO - DAG(s) 'db_and_model_update' retrieved from /opt/airflow/dags/db_and_model_update_dag.py
[2026-03-27T10:57:12.188+0000] {logging_mixin.py:190} INFO - [2026-03-27T10:57:12.188+0000] {dag.py:3239} INFO - Sync 1 DAGs
[2026-03-27T10:57:12.226+0000] {processor.py:208} INFO - Processing /opt/airflow/dags/db_and_model_update_dag.py took 0.146 seconds
[2026-03-27T10:57:42.423+0000] {processor.py:186} INFO - Started process (PID=1554) to work on /opt/airflow/dags/db_and_model_update_dag.py
[2026-03-27T10:57:42.424+0000] {processor.py:914} INFO - Processing file /opt/airflow/dags/db_and_model_update_dag.py for tasks to queue
[2026-03-27T10:57:42.426+0000] {logging_mixin.py:190} INFO - [2026-03-27T10:57:42.426+0000] {dagbag.py:588} INFO - Filling up the DagBag from /opt/airflow/dags/db_and_model_update_dag.py
[2026-03-27T10:57:42.445+0000] {processor.py:925} INFO - DAG(s) 'db_and_model_update' retrieved from /opt/airflow/dags/db_and_model_update_dag.py
[2026-03-27T10:57:42.478+0000] {logging_mixin.py:190} INFO - [2026-03-27T10:57:42.477+0000] {dag.py:3239} INFO - Sync 1 DAGs
[2026-03-27T10:57:42.516+0000] {processor.py:208} INFO - Processing /opt/airflow/dags/db_and_model_update_dag.py took 0.102 seconds
[2026-03-27T10:58:12.693+0000] {processor.py:186} INFO - Started process (PID=1564) to work on /opt/airflow/dags/db_and_model_update_dag.py
[2026-03-27T10:58:12.694+0000] {processor.py:914} INFO - Processing file /opt/airflow/dags/db_and_model_update_dag.py for tasks to queue
[2026-03-27T10:58:12.697+0000] {logging_mixin.py:190} INFO - [2026-03-27T10:58:12.697+0000] {dagbag.py:588} INFO - Filling up the DagBag from /opt/airflow/dags/db_and_model_update_dag.py
[2026-03-27T10:58:12.720+0000] {processor.py:925} INFO - DAG(s) 'db_and_model_update' retrieved from /opt/airflow/dags/db_and_model_update_dag.py
[2026-03-27T10:58:12.751+0000] {logging_mixin.py:190} INFO - [2026-03-27T10:58:12.751+0000] {dag.py:3239} INFO - Sync 1 DAGs
[2026-03-27T10:58:12.789+0000] {processor.py:208} INFO - Processing /opt/airflow/dags/db_and_model_update_dag.py took 0.104 seconds
[2026-03-27T10:58:42.904+0000] {processor.py:186} INFO - Started process (PID=1574) to work on /opt/airflow/dags/db_and_model_update_dag.py
[2026-03-27T10:58:42.905+0000] {processor.py:914} INFO - Processing file /opt/airflow/dags/db_and_model_update_dag.py for tasks to queue
[2026-03-27T10:58:42.908+0000] {logging_mixin.py:190} INFO - [2026-03-27T10:58:42.908+0000] {dagbag.py:588} INFO - Filling up the DagBag from /opt/airflow/dags/db_and_model_update_dag.py
[2026-03-27T10:58:42.934+0000] {processor.py:925} INFO - DAG(s) 'db_and_model_update' retrieved from /opt/airflow/dags/db_and_model_update_dag.py
[2026-03-27T10:58:42.965+0000] {logging_mixin.py:190} INFO - [2026-03-27T10:58:42.965+0000] {dag.py:3239} INFO - Sync 1 DAGs
[2026-03-27T10:58:43.004+0000] {processor.py:208} INFO - Processing /opt/airflow/dags/db_and_model_update_dag.py took 0.107 seconds
[2026-03-27T10:59:13.162+0000] {processor.py:186} INFO - Started process (PID=1584) to work on /opt/airflow/dags/db_and_model_update_dag.py
[2026-03-27T10:59:13.163+0000] {processor.py:914} INFO - Processing file /opt/airflow/dags/db_and_model_update_dag.py for tasks to queue
[2026-03-27T10:59:13.166+0000] {logging_mixin.py:190} INFO - [2026-03-27T10:59:13.166+0000] {dagbag.py:588} INFO - Filling up the DagBag from /opt/airflow/dags/db_and_model_update_dag.py
[2026-03-27T10:59:13.196+0000] {processor.py:925} INFO - DAG(s) 'db_and_model_update' retrieved from /opt/airflow/dags/db_and_model_update_dag.py
[2026-03-27T10:59:13.234+0000] {logging_mixin.py:190} INFO - [2026-03-27T10:59:13.233+0000] {dag.py:3239} INFO - Sync 1 DAGs
[2026-03-27T10:59:13.281+0000] {processor.py:208} INFO - Processing /opt/airflow/dags/db_and_model_update_dag.py took 0.129 seconds
[2026-03-27T10:59:43.445+0000] {processor.py:186} INFO - Started process (PID=1594) to work on /opt/airflow/dags/db_and_model_update_dag.py
[2026-03-27T10:59:43.447+0000] {processor.py:914} INFO - Processing file /opt/airflow/dags/db_and_model_update_dag.py for tasks to queue
[2026-03-27T10:59:43.450+0000] {logging_mixin.py:190} INFO - [2026-03-27T10:59:43.450+0000] {dagbag.py:588} INFO - Filling up the DagBag from /opt/airflow/dags/db_and_model_update_dag.py
[2026-03-27T10:59:43.478+0000] {processor.py:925} INFO - DAG(s) 'db_and_model_update' retrieved from /opt/airflow/dags/db_and_model_update_dag.py
[2026-03-27T10:59:43.506+0000] {logging_mixin.py:190} INFO - [2026-03-27T10:59:43.506+0000] {dag.py:3239} INFO - Sync 1 DAGs
[2026-03-27T10:59:43.541+0000] {processor.py:208} INFO - Processing /opt/airflow/dags/db_and_model_update_dag.py took 0.104 seconds
[2026-03-27T11:00:13.678+0000] {processor.py:186} INFO - Started process (PID=1604) to work on /opt/airflow/dags/db_and_model_update_dag.py
[2026-03-27T11:00:13.680+0000] {processor.py:914} INFO - Processing file /opt/airflow/dags/db_and_model_update_dag.py for tasks to queue
[2026-03-27T11:00:13.683+0000] {logging_mixin.py:190} INFO - [2026-03-27T11:00:13.682+0000] {dagbag.py:588} INFO - Filling up the DagBag from /opt/airflow/dags/db_and_model_update_dag.py
[2026-03-27T11:00:13.703+0000] {processor.py:925} INFO - DAG(s) 'db_and_model_update' retrieved from /opt/airflow/dags/db_and_model_update_dag.py
[2026-03-27T11:00:13.733+0000] {logging_mixin.py:190} INFO - [2026-03-27T11:00:13.733+0000] {dag.py:3239} INFO - Sync 1 DAGs
[2026-03-27T11:00:13.777+0000] {processor.py:208} INFO - Processing /opt/airflow/dags/db_and_model_update_dag.py took 0.106 seconds
[2026-03-27T11:00:43.907+0000] {processor.py:186} INFO - Started process (PID=1614) to work on /opt/airflow/dags/db_and_model_update_dag.py
[2026-03-27T11:00:43.908+0000] {processor.py:914} INFO - Processing file /opt/airflow/dags/db_and_model_update_dag.py for tasks to queue
[2026-03-27T11:00:43.911+0000] {logging_mixin.py:190} INFO - [2026-03-27T11:00:43.910+0000] {dagbag.py:588} INFO - Filling up the DagBag from /opt/airflow/dags/db_and_model_update_dag.py
[2026-03-27T11:00:43.931+0000] {processor.py:925} INFO - DAG(s) 'db_and_model_update' retrieved from /opt/airflow/dags/db_and_model_update_dag.py
[2026-03-27T11:00:43.959+0000] {logging_mixin.py:190} INFO - [2026-03-27T11:00:43.959+0000] {dag.py:3239} INFO - Sync 1 DAGs
[2026-03-27T11:00:43.996+0000] {processor.py:208} INFO - Processing /opt/airflow/dags/db_and_model_update_dag.py took 0.096 seconds
[2026-03-27T11:01:14.186+0000] {processor.py:186} INFO - Started process (PID=1624) to work on /opt/airflow/dags/db_and_model_update_dag.py
[2026-03-27T11:01:14.187+0000] {processor.py:914} INFO - Processing file /opt/airflow/dags/db_and_model_update_dag.py for tasks to queue
[2026-03-27T11:01:14.189+0000] {logging_mixin.py:190} INFO - [2026-03-27T11:01:14.189+0000] {dagbag.py:588} INFO - Filling up the DagBag from /opt/airflow/dags/db_and_model_update_dag.py
[2026-03-27T11:01:14.210+0000] {processor.py:925} INFO - DAG(s) 'db_and_model_update' retrieved from /opt/airflow/dags/db_and_model_update_dag.py
[2026-03-27T11:01:14.245+0000] {logging_mixin.py:190} INFO - [2026-03-27T11:01:14.245+0000] {dag.py:3239} INFO - Sync 1 DAGs
[2026-03-27T11:01:14.309+0000] {processor.py:208} INFO - Processing /opt/airflow/dags/db_and_model_update_dag.py took 0.129 seconds
[2026-03-27T11:01:44.438+0000] {processor.py:186} INFO - Started process (PID=1634) to work on /opt/airflow/dags/db_and_model_update_dag.py
[2026-03-27T11:01:44.439+0000] {processor.py:914} INFO - Processing file /opt/airflow/dags/db_and_model_update_dag.py for tasks to queue
[2026-03-27T11:01:44.442+0000] {logging_mixin.py:190} INFO - [2026-03-27T11:01:44.442+0000] {dagbag.py:588} INFO - Filling up the DagBag from /opt/airflow/dags/db_and_model_update_dag.py
[2026-03-27T11:01:44.462+0000] {processor.py:925} INFO - DAG(s) 'db_and_model_update' retrieved from /opt/airflow/dags/db_and_model_update_dag.py
[2026-03-27T11:01:44.506+0000] {logging_mixin.py:190} INFO - [2026-03-27T11:01:44.505+0000] {dag.py:3239} INFO - Sync 1 DAGs
[2026-03-27T11:01:44.544+0000] {processor.py:208} INFO - Processing /opt/airflow/dags/db_and_model_update_dag.py took 0.114 seconds
[2026-03-27T11:02:14.688+0000] {processor.py:186} INFO - Started process (PID=1644) to work on /opt/airflow/dags/db_and_model_update_dag.py
[2026-03-27T11:02:14.689+0000] {processor.py:914} INFO - Processing file /opt/airflow/dags/db_and_model_update_dag.py for tasks to queue
[2026-03-27T11:02:14.692+0000] {logging_mixin.py:190} INFO - [2026-03-27T11:02:14.691+0000] {dagbag.py:588} INFO - Filling up the DagBag from /opt/airflow/dags/db_and_model_update_dag.py
[2026-03-27T11:02:14.713+0000] {processor.py:925} INFO - DAG(s) 'db_and_model_update' retrieved from /opt/airflow/dags/db_and_model_update_dag.py
[2026-03-27T11:02:14.742+0000] {logging_mixin.py:190} INFO - [2026-03-27T11:02:14.742+0000] {dag.py:3239} INFO - Sync 1 DAGs
[2026-03-27T11:02:14.780+0000] {processor.py:208} INFO - Processing /opt/airflow/dags/db_and_model_update_dag.py took 0.100 seconds
[2026-03-27T11:02:44.961+0000] {processor.py:186} INFO - Started process (PID=1654) to work on /opt/airflow/dags/db_and_model_update_dag.py
[2026-03-27T11:02:44.962+0000] {processor.py:914} INFO - Processing file /opt/airflow/dags/db_and_model_update_dag.py for tasks to queue
[2026-03-27T11:02:44.964+0000] {logging_mixin.py:190} INFO - [2026-03-27T11:02:44.963+0000] {dagbag.py:588} INFO - Filling up the DagBag from /opt/airflow/dags/db_and_model_update_dag.py
[2026-03-27T11:02:44.980+0000] {processor.py:925} INFO - DAG(s) 'db_and_model_update' retrieved from /opt/airflow/dags/db_and_model_update_dag.py
[2026-03-27T11:02:45.008+0000] {logging_mixin.py:190} INFO - [2026-03-27T11:02:45.008+0000] {dag.py:3239} INFO - Sync 1 DAGs
[2026-03-27T11:02:45.050+0000] {processor.py:208} INFO - Processing /opt/airflow/dags/db_and_model_update_dag.py took 0.096 seconds
[2026-03-27T11:03:15.198+0000] {processor.py:186} INFO - Started process (PID=1664) to work on /opt/airflow/dags/db_and_model_update_dag.py
[2026-03-27T11:03:15.199+0000] {processor.py:914} INFO - Processing file /opt/airflow/dags/db_and_model_update_dag.py for tasks to queue
[2026-03-27T11:03:15.203+0000] {logging_mixin.py:190} INFO - [2026-03-27T11:03:15.202+0000] {dagbag.py:588} INFO - Filling up the DagBag from /opt/airflow/dags/db_and_model_update_dag.py
[2026-03-27T11:03:15.220+0000] {processor.py:925} INFO - DAG(s) 'db_and_model_update' retrieved from /opt/airflow/dags/db_and_model_update_dag.py
[2026-03-27T11:03:15.246+0000] {logging_mixin.py:190} INFO - [2026-03-27T11:03:15.246+0000] {dag.py:3239} INFO - Sync 1 DAGs
[2026-03-27T11:03:15.286+0000] {processor.py:208} INFO - Processing /opt/airflow/dags/db_and_model_update_dag.py took 0.096 seconds
[2026-03-27T11:03:45.416+0000] {processor.py:186} INFO - Started process (PID=1674) to work on /opt/airflow/dags/db_and_model_update_dag.py
[2026-03-27T11:03:45.417+0000] {processor.py:914} INFO - Processing file /opt/airflow/dags/db_and_model_update_dag.py for tasks to queue
[2026-03-27T11:03:45.420+0000] {logging_mixin.py:190} INFO - [2026-03-27T11:03:45.419+0000] {dagbag.py:588} INFO - Filling up the DagBag from /opt/airflow/dags/db_and_model_update_dag.py
[2026-03-27T11:03:45.440+0000] {processor.py:925} INFO - DAG(s) 'db_and_model_update' retrieved from /opt/airflow/dags/db_and_model_update_dag.py
[2026-03-27T11:03:45.469+0000] {logging_mixin.py:190} INFO - [2026-03-27T11:03:45.469+0000] {dag.py:3239} INFO - Sync 1 DAGs
[2026-03-27T11:03:45.508+0000] {processor.py:208} INFO - Processing /opt/airflow/dags/db_and_model_update_dag.py took 0.100 seconds
[2026-03-27T11:04:15.634+0000] {processor.py:186} INFO - Started process (PID=1684) to work on /opt/airflow/dags/db_and_model_update_dag.py
[2026-03-27T11:04:15.635+0000] {processor.py:914} INFO - Processing file /opt/airflow/dags/db_and_model_update_dag.py for tasks to queue
[2026-03-27T11:04:15.637+0000] {logging_mixin.py:190} INFO - [2026-03-27T11:04:15.637+0000] {dagbag.py:588} INFO - Filling up the DagBag from /opt/airflow/dags/db_and_model_update_dag.py
[2026-03-27T11:04:15.661+0000] {processor.py:925} INFO - DAG(s) 'db_and_model_update' retrieved from /opt/airflow/dags/db_and_model_update_dag.py
[2026-03-27T11:04:15.699+0000] {logging_mixin.py:190} INFO - [2026-03-27T11:04:15.698+0000] {dag.py:3239} INFO - Sync 1 DAGs
[2026-03-27T11:04:15.739+0000] {processor.py:208} INFO - Processing /opt/airflow/dags/db_and_model_update_dag.py took 0.112 seconds
[2026-03-27T11:04:45.878+0000] {processor.py:186} INFO - Started process (PID=1694) to work on /opt/airflow/dags/db_and_model_update_dag.py
[2026-03-27T11:04:45.880+0000] {processor.py:914} INFO - Processing file /opt/airflow/dags/db_and_model_update_dag.py for tasks to queue
[2026-03-27T11:04:45.883+0000] {logging_mixin.py:190} INFO - [2026-03-27T11:04:45.883+0000] {dagbag.py:588} INFO - Filling up the DagBag from /opt/airflow/dags/db_and_model_update_dag.py
[2026-03-27T11:04:45.911+0000] {processor.py:925} INFO - DAG(s) 'db_and_model_update' retrieved from /opt/airflow/dags/db_and_model_update_dag.py
[2026-03-27T11:04:45.940+0000] {logging_mixin.py:190} INFO - [2026-03-27T11:04:45.940+0000] {dag.py:3239} INFO - Sync 1 DAGs
[2026-03-27T11:04:45.979+0000] {processor.py:208} INFO - Processing /opt/airflow/dags/db_and_model_update_dag.py took 0.109 seconds
[2026-03-27T11:05:16.122+0000] {processor.py:186} INFO - Started process (PID=1704) to work on /opt/airflow/dags/db_and_model_update_dag.py
[2026-03-27T11:05:16.124+0000] {processor.py:914} INFO - Processing file /opt/airflow/dags/db_and_model_update_dag.py for tasks to queue
[2026-03-27T11:05:16.126+0000] {logging_mixin.py:190} INFO - [2026-03-27T11:05:16.126+0000] {dagbag.py:588} INFO - Filling up the DagBag from /opt/airflow/dags/db_and_model_update_dag.py
[2026-03-27T11:05:16.152+0000] {processor.py:925} INFO - DAG(s) 'db_and_model_update' retrieved from /opt/airflow/dags/db_and_model_update_dag.py
[2026-03-27T11:05:16.182+0000] {logging_mixin.py:190} INFO - [2026-03-27T11:05:16.181+0000] {dag.py:3239} INFO - Sync 1 DAGs
[2026-03-27T11:05:16.218+0000] {processor.py:208} INFO - Processing /opt/airflow/dags/db_and_model_update_dag.py took 0.103 seconds
[2026-03-27T11:05:46.374+0000] {processor.py:186} INFO - Started process (PID=1714) to work on /opt/airflow/dags/db_and_model_update_dag.py
[2026-03-27T11:05:46.375+0000] {processor.py:914} INFO - Processing file /opt/airflow/dags/db_and_model_update_dag.py for tasks to queue
[2026-03-27T11:05:46.377+0000] {logging_mixin.py:190} INFO - [2026-03-27T11:05:46.377+0000] {dagbag.py:588} INFO - Filling up the DagBag from /opt/airflow/dags/db_and_model_update_dag.py
[2026-03-27T11:05:46.395+0000] {processor.py:925} INFO - DAG(s) 'db_and_model_update' retrieved from /opt/airflow/dags/db_and_model_update_dag.py
[2026-03-27T11:05:46.427+0000] {logging_mixin.py:190} INFO - [2026-03-27T11:05:46.426+0000] {dag.py:3239} INFO - Sync 1 DAGs
[2026-03-27T11:05:46.470+0000] {processor.py:208} INFO - Processing /opt/airflow/dags/db_and_model_update_dag.py took 0.101 seconds
[2026-03-27T11:06:16.599+0000] {processor.py:186} INFO - Started process (PID=1724) to work on /opt/airflow/dags/db_and_model_update_dag.py
[2026-03-27T11:06:16.600+0000] {processor.py:914} INFO - Processing file /opt/airflow/dags/db_and_model_update_dag.py for tasks to queue
[2026-03-27T11:06:16.602+0000] {logging_mixin.py:190} INFO - [2026-03-27T11:06:16.602+0000] {dagbag.py:588} INFO - Filling up the DagBag from /opt/airflow/dags/db_and_model_update_dag.py
[2026-03-27T11:06:16.620+0000] {processor.py:925} INFO - DAG(s) 'db_and_model_update' retrieved from /opt/airflow/dags/db_and_model_update_dag.py
[2026-03-27T11:06:16.646+0000] {logging_mixin.py:190} INFO - [2026-03-27T11:06:16.646+0000] {dag.py:3239} INFO - Sync 1 DAGs
[2026-03-27T11:06:16.682+0000] {processor.py:208} INFO - Processing /opt/airflow/dags/db_and_model_update_dag.py took 0.092 seconds
[2026-03-27T11:06:46.746+0000] {processor.py:186} INFO - Started process (PID=1734) to work on /opt/airflow/dags/db_and_model_update_dag.py
[2026-03-27T11:06:46.747+0000] {processor.py:914} INFO - Processing file /opt/airflow/dags/db_and_model_update_dag.py for tasks to queue
[2026-03-27T11:06:46.749+0000] {logging_mixin.py:190} INFO - [2026-03-27T11:06:46.749+0000] {dagbag.py:588} INFO - Filling up the DagBag from /opt/airflow/dags/db_and_model_update_dag.py
[2026-03-27T11:06:46.774+0000] {processor.py:925} INFO - DAG(s) 'db_and_model_update' retrieved from /opt/airflow/dags/db_and_model_update_dag.py
[2026-03-27T11:06:46.807+0000] {logging_mixin.py:190} INFO - [2026-03-27T11:06:46.806+0000] {dag.py:3239} INFO - Sync 1 DAGs
[2026-03-27T11:06:46.845+0000] {processor.py:208} INFO - Processing /opt/airflow/dags/db_and_model_update_dag.py took 0.110 seconds
[2026-03-27T11:07:17.002+0000] {processor.py:186} INFO - Started process (PID=1744) to work on /opt/airflow/dags/db_and_model_update_dag.py
[2026-03-27T11:07:17.004+0000] {processor.py:914} INFO - Processing file /opt/airflow/dags/db_and_model_update_dag.py for tasks to queue
[2026-03-27T11:07:17.007+0000] {logging_mixin.py:190} INFO - [2026-03-27T11:07:17.007+0000] {dagbag.py:588} INFO - Filling up the DagBag from /opt/airflow/dags/db_and_model_update_dag.py
[2026-03-27T11:07:17.032+0000] {processor.py:925} INFO - DAG(s) 'db_and_model_update' retrieved from /opt/airflow/dags/db_and_model_update_dag.py
[2026-03-27T11:07:17.070+0000] {logging_mixin.py:190} INFO - [2026-03-27T11:07:17.069+0000] {dag.py:3239} INFO - Sync 1 DAGs
[2026-03-27T11:07:17.117+0000] {processor.py:208} INFO - Processing /opt/airflow/dags/db_and_model_update_dag.py took 0.121 seconds
[2026-03-27T11:07:47.172+0000] {processor.py:186} INFO - Started process (PID=1754) to work on /opt/airflow/dags/db_and_model_update_dag.py
[2026-03-27T11:07:47.173+0000] {processor.py:914} INFO - Processing file /opt/airflow/dags/db_and_model_update_dag.py for tasks to queue
[2026-03-27T11:07:47.175+0000] {logging_mixin.py:190} INFO - [2026-03-27T11:07:47.175+0000] {dagbag.py:588} INFO - Filling up the DagBag from /opt/airflow/dags/db_and_model_update_dag.py
[2026-03-27T11:07:47.230+0000] {processor.py:925} INFO - DAG(s) 'db_and_model_update' retrieved from /opt/airflow/dags/db_and_model_update_dag.py
[2026-03-27T11:07:47.261+0000] {logging_mixin.py:190} INFO - [2026-03-27T11:07:47.261+0000] {dag.py:3239} INFO - Sync 1 DAGs
[2026-03-27T11:07:47.310+0000] {processor.py:208} INFO - Processing /opt/airflow/dags/db_and_model_update_dag.py took 0.143 seconds
[2026-03-27T11:08:17.430+0000] {processor.py:186} INFO - Started process (PID=1764) to work on /opt/airflow/dags/db_and_model_update_dag.py
[2026-03-27T11:08:17.431+0000] {processor.py:914} INFO - Processing file /opt/airflow/dags/db_and_model_update_dag.py for tasks to queue
[2026-03-27T11:08:17.433+0000] {logging_mixin.py:190} INFO - [2026-03-27T11:08:17.433+0000] {dagbag.py:588} INFO - Filling up the DagBag from /opt/airflow/dags/db_and_model_update_dag.py
[2026-03-27T11:08:17.456+0000] {processor.py:925} INFO - DAG(s) 'db_and_model_update' retrieved from /opt/airflow/dags/db_and_model_update_dag.py
[2026-03-27T11:08:17.486+0000] {logging_mixin.py:190} INFO - [2026-03-27T11:08:17.486+0000] {dag.py:3239} INFO - Sync 1 DAGs
[2026-03-27T11:08:17.524+0000] {processor.py:208} INFO - Processing /opt/airflow/dags/db_and_model_update_dag.py took 0.102 seconds
[2026-03-27T11:08:47.661+0000] {processor.py:186} INFO - Started process (PID=1774) to work on /opt/airflow/dags/db_and_model_update_dag.py
[2026-03-27T11:08:47.662+0000] {processor.py:914} INFO - Processing file /opt/airflow/dags/db_and_model_update_dag.py for tasks to queue
[2026-03-27T11:08:47.665+0000] {logging_mixin.py:190} INFO - [2026-03-27T11:08:47.665+0000] {dagbag.py:588} INFO - Filling up the DagBag from /opt/airflow/dags/db_and_model_update_dag.py
[2026-03-27T11:08:47.720+0000] {processor.py:925} INFO - DAG(s) 'db_and_model_update' retrieved from /opt/airflow/dags/db_and_model_update_dag.py
[2026-03-27T11:08:47.754+0000] {logging_mixin.py:190} INFO - [2026-03-27T11:08:47.754+0000] {dag.py:3239} INFO - Sync 1 DAGs
[2026-03-27T11:08:47.795+0000] {processor.py:208} INFO - Processing /opt/airflow/dags/db_and_model_update_dag.py took 0.142 seconds
[2026-03-27T11:09:17.932+0000] {processor.py:186} INFO - Started process (PID=1784) to work on /opt/airflow/dags/db_and_model_update_dag.py
[2026-03-27T11:09:17.933+0000] {processor.py:914} INFO - Processing file /opt/airflow/dags/db_and_model_update_dag.py for tasks to queue
[2026-03-27T11:09:17.935+0000] {logging_mixin.py:190} INFO - [2026-03-27T11:09:17.935+0000] {dagbag.py:588} INFO - Filling up the DagBag from /opt/airflow/dags/db_and_model_update_dag.py
[2026-03-27T11:09:17.957+0000] {processor.py:925} INFO - DAG(s) 'db_and_model_update' retrieved from /opt/airflow/dags/db_and_model_update_dag.py
[2026-03-27T11:09:17.986+0000] {logging_mixin.py:190} INFO - [2026-03-27T11:09:17.985+0000] {dag.py:3239} INFO - Sync 1 DAGs
[2026-03-27T11:09:18.024+0000] {processor.py:208} INFO - Processing /opt/airflow/dags/db_and_model_update_dag.py took 0.100 seconds
[2026-03-27T11:09:48.178+0000] {processor.py:186} INFO - Started process (PID=1794) to work on /opt/airflow/dags/db_and_model_update_dag.py
[2026-03-27T11:09:48.179+0000] {processor.py:914} INFO - Processing file /opt/airflow/dags/db_and_model_update_dag.py for tasks to queue
[2026-03-27T11:09:48.183+0000] {logging_mixin.py:190} INFO - [2026-03-27T11:09:48.182+0000] {dagbag.py:588} INFO - Filling up the DagBag from /opt/airflow/dags/db_and_model_update_dag.py
[2026-03-27T11:09:48.204+0000] {processor.py:925} INFO - DAG(s) 'db_and_model_update' retrieved from /opt/airflow/dags/db_and_model_update_dag.py
[2026-03-27T11:09:48.230+0000] {logging_mixin.py:190} INFO - [2026-03-27T11:09:48.230+0000] {dag.py:3239} INFO - Sync 1 DAGs
[2026-03-27T11:09:48.274+0000] {processor.py:208} INFO - Processing /opt/airflow/dags/db_and_model_update_dag.py took 0.102 seconds
[2026-03-27T11:10:18.426+0000] {processor.py:186} INFO - Started process (PID=1804) to work on /opt/airflow/dags/db_and_model_update_dag.py
[2026-03-27T11:10:18.427+0000] {processor.py:914} INFO - Processing file /opt/airflow/dags/db_and_model_update_dag.py for tasks to queue
[2026-03-27T11:10:18.430+0000] {logging_mixin.py:190} INFO - [2026-03-27T11:10:18.430+0000] {dagbag.py:588} INFO - Filling up the DagBag from /opt/airflow/dags/db_and_model_update_dag.py
[2026-03-27T11:10:18.452+0000] {processor.py:925} INFO - DAG(s) 'db_and_model_update' retrieved from /opt/airflow/dags/db_and_model_update_dag.py
[2026-03-27T11:10:18.485+0000] {logging_mixin.py:190} INFO - [2026-03-27T11:10:18.485+0000] {dag.py:3239} INFO - Sync 1 DAGs
[2026-03-27T11:10:18.528+0000] {processor.py:208} INFO - Processing /opt/airflow/dags/db_and_model_update_dag.py took 0.111 seconds
[2026-03-27T11:10:48.692+0000] {processor.py:186} INFO - Started process (PID=1814) to work on /opt/airflow/dags/db_and_model_update_dag.py
[2026-03-27T11:10:48.693+0000] {processor.py:914} INFO - Processing file /opt/airflow/dags/db_and_model_update_dag.py for tasks to queue
[2026-03-27T11:10:48.696+0000] {logging_mixin.py:190} INFO - [2026-03-27T11:10:48.696+0000] {dagbag.py:588} INFO - Filling up the DagBag from /opt/airflow/dags/db_and_model_update_dag.py
[2026-03-27T11:10:48.718+0000] {processor.py:925} INFO - DAG(s) 'db_and_model_update' retrieved from /opt/airflow/dags/db_and_model_update_dag.py
[2026-03-27T11:10:48.745+0000] {logging_mixin.py:190} INFO - [2026-03-27T11:10:48.745+0000] {dag.py:3239} INFO - Sync 1 DAGs
[2026-03-27T11:10:48.783+0000] {processor.py:208} INFO - Processing /opt/airflow/dags/db_and_model_update_dag.py took 0.097 seconds
[2026-03-27T11:11:18.939+0000] {processor.py:186} INFO - Started process (PID=1824) to work on /opt/airflow/dags/db_and_model_update_dag.py
[2026-03-27T11:11:18.940+0000] {processor.py:914} INFO - Processing file /opt/airflow/dags/db_and_model_update_dag.py for tasks to queue
[2026-03-27T11:11:18.943+0000] {logging_mixin.py:190} INFO - [2026-03-27T11:11:18.942+0000] {dagbag.py:588} INFO - Filling up the DagBag from /opt/airflow/dags/db_and_model_update_dag.py
[2026-03-27T11:11:18.962+0000] {processor.py:925} INFO - DAG(s) 'db_and_model_update' retrieved from /opt/airflow/dags/db_and_model_update_dag.py
[2026-03-27T11:11:18.990+0000] {logging_mixin.py:190} INFO - [2026-03-27T11:11:18.989+0000] {dag.py:3239} INFO - Sync 1 DAGs
[2026-03-27T11:11:19.025+0000] {processor.py:208} INFO - Processing /opt/airflow/dags/db_and_model_update_dag.py took 0.095 seconds
[2026-03-27T11:11:49.183+0000] {processor.py:186} INFO - Started process (PID=1834) to work on /opt/airflow/dags/db_and_model_update_dag.py
[2026-03-27T11:11:49.184+0000] {processor.py:914} INFO - Processing file /opt/airflow/dags/db_and_model_update_dag.py for tasks to queue
[2026-03-27T11:11:49.186+0000] {logging_mixin.py:190} INFO - [2026-03-27T11:11:49.186+0000] {dagbag.py:588} INFO - Filling up the DagBag from /opt/airflow/dags/db_and_model_update_dag.py
[2026-03-27T11:11:49.205+0000] {processor.py:925} INFO - DAG(s) 'db_and_model_update' retrieved from /opt/airflow/dags/db_and_model_update_dag.py
[2026-03-27T11:11:49.235+0000] {logging_mixin.py:190} INFO - [2026-03-27T11:11:49.235+0000] {dag.py:3239} INFO - Sync 1 DAGs
[2026-03-27T11:11:49.277+0000] {processor.py:208} INFO - Processing /opt/airflow/dags/db_and_model_update_dag.py took 0.100 seconds
[2026-03-27T11:12:19.424+0000] {processor.py:186} INFO - Started process (PID=1844) to work on /opt/airflow/dags/db_and_model_update_dag.py
[2026-03-27T11:12:19.425+0000] {processor.py:914} INFO - Processing file /opt/airflow/dags/db_and_model_update_dag.py for tasks to queue
[2026-03-27T11:12:19.427+0000] {logging_mixin.py:190} INFO - [2026-03-27T11:12:19.427+0000] {dagbag.py:588} INFO - Filling up the DagBag from /opt/airflow/dags/db_and_model_update_dag.py
[2026-03-27T11:12:19.445+0000] {processor.py:925} INFO - DAG(s) 'db_and_model_update' retrieved from /opt/airflow/dags/db_and_model_update_dag.py
[2026-03-27T11:12:19.471+0000] {logging_mixin.py:190} INFO - [2026-03-27T11:12:19.471+0000] {dag.py:3239} INFO - Sync 1 DAGs
[2026-03-27T11:12:19.505+0000] {processor.py:208} INFO - Processing /opt/airflow/dags/db_and_model_update_dag.py took 0.087 seconds
[2026-03-27T11:12:49.711+0000] {processor.py:186} INFO - Started process (PID=1854) to work on /opt/airflow/dags/db_and_model_update_dag.py
[2026-03-27T11:12:49.712+0000] {processor.py:914} INFO - Processing file /opt/airflow/dags/db_and_model_update_dag.py for tasks to queue
[2026-03-27T11:12:49.715+0000] {logging_mixin.py:190} INFO - [2026-03-27T11:12:49.714+0000] {dagbag.py:588} INFO - Filling up the DagBag from /opt/airflow/dags/db_and_model_update_dag.py
[2026-03-27T11:12:49.752+0000] {processor.py:925} INFO - DAG(s) 'db_and_model_update' retrieved from /opt/airflow/dags/db_and_model_update_dag.py
[2026-03-27T11:12:49.782+0000] {logging_mixin.py:190} INFO - [2026-03-27T11:12:49.781+0000] {dag.py:3239} INFO - Sync 1 DAGs
[2026-03-27T11:12:49.823+0000] {processor.py:208} INFO - Processing /opt/airflow/dags/db_and_model_update_dag.py took 0.122 seconds
[2026-03-27T11:13:19.969+0000] {processor.py:186} INFO - Started process (PID=1864) to work on /opt/airflow/dags/db_and_model_update_dag.py
[2026-03-27T11:13:19.971+0000] {processor.py:914} INFO - Processing file /opt/airflow/dags/db_and_model_update_dag.py for tasks to queue
[2026-03-27T11:13:19.974+0000] {logging_mixin.py:190} INFO - [2026-03-27T11:13:19.974+0000] {dagbag.py:588} INFO - Filling up the DagBag from /opt/airflow/dags/db_and_model_update_dag.py
[2026-03-27T11:13:19.995+0000] {processor.py:925} INFO - DAG(s) 'db_and_model_update' retrieved from /opt/airflow/dags/db_and_model_update_dag.py
[2026-03-27T11:13:20.027+0000] {logging_mixin.py:190} INFO - [2026-03-27T11:13:20.027+0000] {dag.py:3239} INFO - Sync 1 DAGs
[2026-03-27T11:13:20.070+0000] {processor.py:208} INFO - Processing /opt/airflow/dags/db_and_model_update_dag.py took 0.108 seconds
[2026-03-27T11:13:50.173+0000] {processor.py:186} INFO - Started process (PID=1874) to work on /opt/airflow/dags/db_and_model_update_dag.py
[2026-03-27T11:13:50.174+0000] {processor.py:914} INFO - Processing file /opt/airflow/dags/db_and_model_update_dag.py for tasks to queue
[2026-03-27T11:13:50.176+0000] {logging_mixin.py:190} INFO - [2026-03-27T11:13:50.176+0000] {dagbag.py:588} INFO - Filling up the DagBag from /opt/airflow/dags/db_and_model_update_dag.py
[2026-03-27T11:13:50.196+0000] {processor.py:925} INFO - DAG(s) 'db_and_model_update' retrieved from /opt/airflow/dags/db_and_model_update_dag.py
[2026-03-27T11:13:50.225+0000] {logging_mixin.py:190} INFO - [2026-03-27T11:13:50.225+0000] {dag.py:3239} INFO - Sync 1 DAGs
[2026-03-27T11:13:50.263+0000] {processor.py:208} INFO - Processing /opt/airflow/dags/db_and_model_update_dag.py took 0.100 seconds
[2026-03-27T11:14:20.417+0000] {processor.py:186} INFO - Started process (PID=1884) to work on /opt/airflow/dags/db_and_model_update_dag.py
[2026-03-27T11:14:20.419+0000] {processor.py:914} INFO - Processing file /opt/airflow/dags/db_and_model_update_dag.py for tasks to queue
[2026-03-27T11:14:20.427+0000] {logging_mixin.py:190} INFO - [2026-03-27T11:14:20.427+0000] {dagbag.py:588} INFO - Filling up the DagBag from /opt/airflow/dags/db_and_model_update_dag.py
[2026-03-27T11:14:20.449+0000] {processor.py:925} INFO - DAG(s) 'db_and_model_update' retrieved from /opt/airflow/dags/db_and_model_update_dag.py
[2026-03-27T11:14:20.477+0000] {logging_mixin.py:190} INFO - [2026-03-27T11:14:20.477+0000] {dag.py:3239} INFO - Sync 1 DAGs
[2026-03-27T11:14:20.521+0000] {processor.py:208} INFO - Processing /opt/airflow/dags/db_and_model_update_dag.py took 0.110 seconds
[2026-03-27T11:14:50.673+0000] {processor.py:186} INFO - Started process (PID=1894) to work on /opt/airflow/dags/db_and_model_update_dag.py
[2026-03-27T11:14:50.674+0000] {processor.py:914} INFO - Processing file /opt/airflow/dags/db_and_model_update_dag.py for tasks to queue
[2026-03-27T11:14:50.676+0000] {logging_mixin.py:190} INFO - [2026-03-27T11:14:50.676+0000] {dagbag.py:588} INFO - Filling up the DagBag from /opt/airflow/dags/db_and_model_update_dag.py
[2026-03-27T11:14:50.695+0000] {processor.py:925} INFO - DAG(s) 'db_and_model_update' retrieved from /opt/airflow/dags/db_and_model_update_dag.py
[2026-03-27T11:14:50.725+0000] {logging_mixin.py:190} INFO - [2026-03-27T11:14:50.725+0000] {dag.py:3239} INFO - Sync 1 DAGs
[2026-03-27T11:14:50.764+0000] {processor.py:208} INFO - Processing /opt/airflow/dags/db_and_model_update_dag.py took 0.097 seconds
[2026-03-27T11:15:20.856+0000] {processor.py:186} INFO - Started process (PID=1904) to work on /opt/airflow/dags/db_and_model_update_dag.py
[2026-03-27T11:15:20.857+0000] {processor.py:914} INFO - Processing file /opt/airflow/dags/db_and_model_update_dag.py for tasks to queue
[2026-03-27T11:15:20.860+0000] {logging_mixin.py:190} INFO - [2026-03-27T11:15:20.859+0000] {dagbag.py:588} INFO - Filling up the DagBag from /opt/airflow/dags/db_and_model_update_dag.py
[2026-03-27T11:15:20.879+0000] {processor.py:925} INFO - DAG(s) 'db_and_model_update' retrieved from /opt/airflow/dags/db_and_model_update_dag.py
[2026-03-27T11:15:20.908+0000] {logging_mixin.py:190} INFO - [2026-03-27T11:15:20.907+0000] {dag.py:3239} INFO - Sync 1 DAGs
[2026-03-27T11:15:20.945+0000] {processor.py:208} INFO - Processing /opt/airflow/dags/db_and_model_update_dag.py took 0.098 seconds
[2026-03-27T11:15:51.106+0000] {processor.py:186} INFO - Started process (PID=1914) to work on /opt/airflow/dags/db_and_model_update_dag.py
[2026-03-27T11:15:51.107+0000] {processor.py:914} INFO - Processing file /opt/airflow/dags/db_and_model_update_dag.py for tasks to queue
[2026-03-27T11:15:51.109+0000] {logging_mixin.py:190} INFO - [2026-03-27T11:15:51.109+0000] {dagbag.py:588} INFO - Filling up the DagBag from /opt/airflow/dags/db_and_model_update_dag.py
[2026-03-27T11:15:51.132+0000] {processor.py:925} INFO - DAG(s) 'db_and_model_update' retrieved from /opt/airflow/dags/db_and_model_update_dag.py
[2026-03-27T11:15:51.167+0000] {logging_mixin.py:190} INFO - [2026-03-27T11:15:51.167+0000] {dag.py:3239} INFO - Sync 1 DAGs
[2026-03-27T11:15:51.246+0000] {processor.py:208} INFO - Processing /opt/airflow/dags/db_and_model_update_dag.py took 0.146 seconds
[2026-03-27T11:16:21.377+0000] {processor.py:186} INFO - Started process (PID=1924) to work on /opt/airflow/dags/db_and_model_update_dag.py
[2026-03-27T11:16:21.378+0000] {processor.py:914} INFO - Processing file /opt/airflow/dags/db_and_model_update_dag.py for tasks to queue
[2026-03-27T11:16:21.382+0000] {logging_mixin.py:190} INFO - [2026-03-27T11:16:21.381+0000] {dagbag.py:588} INFO - Filling up the DagBag from /opt/airflow/dags/db_and_model_update_dag.py
[2026-03-27T11:16:21.401+0000] {processor.py:925} INFO - DAG(s) 'db_and_model_update' retrieved from /opt/airflow/dags/db_and_model_update_dag.py
[2026-03-27T11:16:21.434+0000] {logging_mixin.py:190} INFO - [2026-03-27T11:16:21.434+0000] {dag.py:3239} INFO - Sync 1 DAGs
[2026-03-27T11:16:21.476+0000] {processor.py:208} INFO - Processing /opt/airflow/dags/db_and_model_update_dag.py took 0.106 seconds
[2026-03-27T11:16:51.595+0000] {processor.py:186} INFO - Started process (PID=1934) to work on /opt/airflow/dags/db_and_model_update_dag.py
[2026-03-27T11:16:51.596+0000] {processor.py:914} INFO - Processing file /opt/airflow/dags/db_and_model_update_dag.py for tasks to queue
[2026-03-27T11:16:51.598+0000] {logging_mixin.py:190} INFO - [2026-03-27T11:16:51.597+0000] {dagbag.py:588} INFO - Filling up the DagBag from /opt/airflow/dags/db_and_model_update_dag.py
[2026-03-27T11:16:51.617+0000] {processor.py:925} INFO - DAG(s) 'db_and_model_update' retrieved from /opt/airflow/dags/db_and_model_update_dag.py
[2026-03-27T11:16:51.646+0000] {logging_mixin.py:190} INFO - [2026-03-27T11:16:51.646+0000] {dag.py:3239} INFO - Sync 1 DAGs
[2026-03-27T11:16:51.685+0000] {processor.py:208} INFO - Processing /opt/airflow/dags/db_and_model_update_dag.py took 0.098 seconds
[2026-03-27T11:17:21.809+0000] {processor.py:186} INFO - Started process (PID=1944) to work on /opt/airflow/dags/db_and_model_update_dag.py
[2026-03-27T11:17:21.811+0000] {processor.py:914} INFO - Processing file /opt/airflow/dags/db_and_model_update_dag.py for tasks to queue
[2026-03-27T11:17:21.813+0000] {logging_mixin.py:190} INFO - [2026-03-27T11:17:21.812+0000] {dagbag.py:588} INFO - Filling up the DagBag from /opt/airflow/dags/db_and_model_update_dag.py
[2026-03-27T11:17:21.836+0000] {processor.py:925} INFO - DAG(s) 'db_and_model_update' retrieved from /opt/airflow/dags/db_and_model_update_dag.py
[2026-03-27T11:17:21.869+0000] {logging_mixin.py:190} INFO - [2026-03-27T11:17:21.869+0000] {dag.py:3239} INFO - Sync 1 DAGs
[2026-03-27T11:17:21.911+0000] {processor.py:208} INFO - Processing /opt/airflow/dags/db_and_model_update_dag.py took 0.108 seconds
[2026-03-27T11:17:52.094+0000] {processor.py:186} INFO - Started process (PID=1954) to work on /opt/airflow/dags/db_and_model_update_dag.py
[2026-03-27T11:17:52.095+0000] {processor.py:914} INFO - Processing file /opt/airflow/dags/db_and_model_update_dag.py for tasks to queue
[2026-03-27T11:17:52.097+0000] {logging_mixin.py:190} INFO - [2026-03-27T11:17:52.097+0000] {dagbag.py:588} INFO - Filling up the DagBag from /opt/airflow/dags/db_and_model_update_dag.py
[2026-03-27T11:17:52.131+0000] {processor.py:925} INFO - DAG(s) 'db_and_model_update' retrieved from /opt/airflow/dags/db_and_model_update_dag.py
[2026-03-27T11:17:52.167+0000] {logging_mixin.py:190} INFO - [2026-03-27T11:17:52.166+0000] {dag.py:3239} INFO - Sync 1 DAGs
[2026-03-27T11:17:52.207+0000] {processor.py:208} INFO - Processing /opt/airflow/dags/db_and_model_update_dag.py took 0.121 seconds
[2026-03-27T11:18:22.345+0000] {processor.py:186} INFO - Started process (PID=1964) to work on /opt/airflow/dags/db_and_model_update_dag.py
[2026-03-27T11:18:22.346+0000] {processor.py:914} INFO - Processing file /opt/airflow/dags/db_and_model_update_dag.py for tasks to queue
[2026-03-27T11:18:22.350+0000] {logging_mixin.py:190} INFO - [2026-03-27T11:18:22.349+0000] {dagbag.py:588} INFO - Filling up the DagBag from /opt/airflow/dags/db_and_model_update_dag.py
[2026-03-27T11:18:22.396+0000] {processor.py:925} INFO - DAG(s) 'db_and_model_update' retrieved from /opt/airflow/dags/db_and_model_update_dag.py
[2026-03-27T11:18:22.445+0000] {logging_mixin.py:190} INFO - [2026-03-27T11:18:22.445+0000] {dag.py:3239} INFO - Sync 1 DAGs
[2026-03-27T11:18:22.484+0000] {processor.py:208} INFO - Processing /opt/airflow/dags/db_and_model_update_dag.py took 0.147 seconds
[2026-03-27T11:18:52.614+0000] {processor.py:186} INFO - Started process (PID=1974) to work on /opt/airflow/dags/db_and_model_update_dag.py
[2026-03-27T11:18:52.615+0000] {processor.py:914} INFO - Processing file /opt/airflow/dags/db_and_model_update_dag.py for tasks to queue
[2026-03-27T11:18:52.618+0000] {logging_mixin.py:190} INFO - [2026-03-27T11:18:52.617+0000] {dagbag.py:588} INFO - Filling up the DagBag from /opt/airflow/dags/db_and_model_update_dag.py
[2026-03-27T11:18:52.637+0000] {processor.py:925} INFO - DAG(s) 'db_and_model_update' retrieved from /opt/airflow/dags/db_and_model_update_dag.py
[2026-03-27T11:18:52.671+0000] {logging_mixin.py:190} INFO - [2026-03-27T11:18:52.671+0000] {dag.py:3239} INFO - Sync 1 DAGs
[2026-03-27T11:18:52.709+0000] {processor.py:208} INFO - Processing /opt/airflow/dags/db_and_model_update_dag.py took 0.102 seconds
[2026-03-27T11:19:22.831+0000] {processor.py:186} INFO - Started process (PID=1984) to work on /opt/airflow/dags/db_and_model_update_dag.py
[2026-03-27T11:19:22.833+0000] {processor.py:914} INFO - Processing file /opt/airflow/dags/db_and_model_update_dag.py for tasks to queue
[2026-03-27T11:19:22.835+0000] {logging_mixin.py:190} INFO - [2026-03-27T11:19:22.835+0000] {dagbag.py:588} INFO - Filling up the DagBag from /opt/airflow/dags/db_and_model_update_dag.py
[2026-03-27T11:19:22.856+0000] {processor.py:925} INFO - DAG(s) 'db_and_model_update' retrieved from /opt/airflow/dags/db_and_model_update_dag.py
[2026-03-27T11:19:22.886+0000] {logging_mixin.py:190} INFO - [2026-03-27T11:19:22.886+0000] {dag.py:3239} INFO - Sync 1 DAGs
[2026-03-27T11:19:22.924+0000] {processor.py:208} INFO - Processing /opt/airflow/dags/db_and_model_update_dag.py took 0.099 seconds
[2026-03-27T11:19:53.083+0000] {processor.py:186} INFO - Started process (PID=1994) to work on /opt/airflow/dags/db_and_model_update_dag.py
[2026-03-27T11:19:53.088+0000] {processor.py:914} INFO - Processing file /opt/airflow/dags/db_and_model_update_dag.py for tasks to queue
[2026-03-27T11:19:53.091+0000] {logging_mixin.py:190} INFO - [2026-03-27T11:19:53.091+0000] {dagbag.py:588} INFO - Filling up the DagBag from /opt/airflow/dags/db_and_model_update_dag.py
[2026-03-27T11:19:53.121+0000] {processor.py:925} INFO - DAG(s) 'db_and_model_update' retrieved from /opt/airflow/dags/db_and_model_update_dag.py
[2026-03-27T11:19:53.159+0000] {logging_mixin.py:190} INFO - [2026-03-27T11:19:53.158+0000] {dag.py:3239} INFO - Sync 1 DAGs
[2026-03-27T11:19:53.230+0000] {processor.py:208} INFO - Processing /opt/airflow/dags/db_and_model_update_dag.py took 0.159 seconds
[2026-03-27T11:20:23.389+0000] {processor.py:186} INFO - Started process (PID=2004) to work on /opt/airflow/dags/db_and_model_update_dag.py
[2026-03-27T11:20:23.390+0000] {processor.py:914} INFO - Processing file /opt/airflow/dags/db_and_model_update_dag.py for tasks to queue
[2026-03-27T11:20:23.393+0000] {logging_mixin.py:190} INFO - [2026-03-27T11:20:23.392+0000] {dagbag.py:588} INFO - Filling up the DagBag from /opt/airflow/dags/db_and_model_update_dag.py
[2026-03-27T11:20:23.410+0000] {processor.py:925} INFO - DAG(s) 'db_and_model_update' retrieved from /opt/airflow/dags/db_and_model_update_dag.py
[2026-03-27T11:20:23.436+0000] {logging_mixin.py:190} INFO - [2026-03-27T11:20:23.436+0000] {dag.py:3239} INFO - Sync 1 DAGs
[2026-03-27T11:20:23.470+0000] {processor.py:208} INFO - Processing /opt/airflow/dags/db_and_model_update_dag.py took 0.088 seconds
[2026-03-27T11:20:53.612+0000] {processor.py:186} INFO - Started process (PID=2014) to work on /opt/airflow/dags/db_and_model_update_dag.py
[2026-03-27T11:20:53.622+0000] {processor.py:914} INFO - Processing file /opt/airflow/dags/db_and_model_update_dag.py for tasks to queue
[2026-03-27T11:20:53.625+0000] {logging_mixin.py:190} INFO - [2026-03-27T11:20:53.625+0000] {dagbag.py:588} INFO - Filling up the DagBag from /opt/airflow/dags/db_and_model_update_dag.py
[2026-03-27T11:20:53.646+0000] {processor.py:925} INFO - DAG(s) 'db_and_model_update' retrieved from /opt/airflow/dags/db_and_model_update_dag.py
[2026-03-27T11:20:53.675+0000] {logging_mixin.py:190} INFO - [2026-03-27T11:20:53.674+0000] {dag.py:3239} INFO - Sync 1 DAGs
[2026-03-27T11:20:53.725+0000] {processor.py:208} INFO - Processing /opt/airflow/dags/db_and_model_update_dag.py took 0.120 seconds
[2026-03-27T11:21:23.860+0000] {processor.py:186} INFO - Started process (PID=2024) to work on /opt/airflow/dags/db_and_model_update_dag.py
[2026-03-27T11:21:23.862+0000] {processor.py:914} INFO - Processing file /opt/airflow/dags/db_and_model_update_dag.py for tasks to queue
[2026-03-27T11:21:23.865+0000] {logging_mixin.py:190} INFO - [2026-03-27T11:21:23.865+0000] {dagbag.py:588} INFO - Filling up the DagBag from /opt/airflow/dags/db_and_model_update_dag.py
[2026-03-27T11:21:23.896+0000] {processor.py:925} INFO - DAG(s) 'db_and_model_update' retrieved from /opt/airflow/dags/db_and_model_update_dag.py
[2026-03-27T11:21:23.935+0000] {logging_mixin.py:190} INFO - [2026-03-27T11:21:23.935+0000] {dag.py:3239} INFO - Sync 1 DAGs
[2026-03-27T11:21:23.977+0000] {processor.py:208} INFO - Processing /opt/airflow/dags/db_and_model_update_dag.py took 0.128 seconds
[2026-03-27T11:21:54.112+0000] {processor.py:186} INFO - Started process (PID=2034) to work on /opt/airflow/dags/db_and_model_update_dag.py
[2026-03-27T11:21:54.114+0000] {processor.py:914} INFO - Processing file /opt/airflow/dags/db_and_model_update_dag.py for tasks to queue
[2026-03-27T11:21:54.116+0000] {logging_mixin.py:190} INFO - [2026-03-27T11:21:54.116+0000] {dagbag.py:588} INFO - Filling up the DagBag from /opt/airflow/dags/db_and_model_update_dag.py
[2026-03-27T11:21:54.137+0000] {processor.py:925} INFO - DAG(s) 'db_and_model_update' retrieved from /opt/airflow/dags/db_and_model_update_dag.py
[2026-03-27T11:21:54.168+0000] {logging_mixin.py:190} INFO - [2026-03-27T11:21:54.167+0000] {dag.py:3239} INFO - Sync 1 DAGs
[2026-03-27T11:21:54.209+0000] {processor.py:208} INFO - Processing /opt/airflow/dags/db_and_model_update_dag.py took 0.103 seconds
[2026-03-27T11:22:24.395+0000] {processor.py:186} INFO - Started process (PID=2044) to work on /opt/airflow/dags/db_and_model_update_dag.py
[2026-03-27T11:22:24.397+0000] {processor.py:914} INFO - Processing file /opt/airflow/dags/db_and_model_update_dag.py for tasks to queue
[2026-03-27T11:22:24.399+0000] {logging_mixin.py:190} INFO - [2026-03-27T11:22:24.399+0000] {dagbag.py:588} INFO - Filling up the DagBag from /opt/airflow/dags/db_and_model_update_dag.py
[2026-03-27T11:22:24.421+0000] {processor.py:925} INFO - DAG(s) 'db_and_model_update' retrieved from /opt/airflow/dags/db_and_model_update_dag.py
[2026-03-27T11:22:24.463+0000] {logging_mixin.py:190} INFO - [2026-03-27T11:22:24.463+0000] {dag.py:3239} INFO - Sync 1 DAGs
[2026-03-27T11:22:24.503+0000] {processor.py:208} INFO - Processing /opt/airflow/dags/db_and_model_update_dag.py took 0.122 seconds
[2026-03-27T11:22:54.678+0000] {processor.py:186} INFO - Started process (PID=2054) to work on /opt/airflow/dags/db_and_model_update_dag.py
[2026-03-27T11:22:54.679+0000] {processor.py:914} INFO - Processing file /opt/airflow/dags/db_and_model_update_dag.py for tasks to queue
[2026-03-27T11:22:54.683+0000] {logging_mixin.py:190} INFO - [2026-03-27T11:22:54.683+0000] {dagbag.py:588} INFO - Filling up the DagBag from /opt/airflow/dags/db_and_model_update_dag.py
[2026-03-27T11:22:54.721+0000] {processor.py:925} INFO - DAG(s) 'db_and_model_update' retrieved from /opt/airflow/dags/db_and_model_update_dag.py
[2026-03-27T11:22:54.760+0000] {logging_mixin.py:190} INFO - [2026-03-27T11:22:54.759+0000] {dag.py:3239} INFO - Sync 1 DAGs
[2026-03-27T11:22:54.798+0000] {processor.py:208} INFO - Processing /opt/airflow/dags/db_and_model_update_dag.py took 0.126 seconds
[2026-03-27T11:23:24.905+0000] {processor.py:186} INFO - Started process (PID=2064) to work on /opt/airflow/dags/db_and_model_update_dag.py
[2026-03-27T11:23:24.906+0000] {processor.py:914} INFO - Processing file /opt/airflow/dags/db_and_model_update_dag.py for tasks to queue
[2026-03-27T11:23:24.909+0000] {logging_mixin.py:190} INFO - [2026-03-27T11:23:24.909+0000] {dagbag.py:588} INFO - Filling up the DagBag from /opt/airflow/dags/db_and_model_update_dag.py
[2026-03-27T11:23:24.927+0000] {processor.py:925} INFO - DAG(s) 'db_and_model_update' retrieved from /opt/airflow/dags/db_and_model_update_dag.py
[2026-03-27T11:23:24.957+0000] {logging_mixin.py:190} INFO - [2026-03-27T11:23:24.956+0000] {dag.py:3239} INFO - Sync 1 DAGs
[2026-03-27T11:23:24.995+0000] {processor.py:208} INFO - Processing /opt/airflow/dags/db_and_model_update_dag.py took 0.097 seconds
[2026-03-27T11:23:55.145+0000] {processor.py:186} INFO - Started process (PID=2074) to work on /opt/airflow/dags/db_and_model_update_dag.py
[2026-03-27T11:23:55.146+0000] {processor.py:914} INFO - Processing file /opt/airflow/dags/db_and_model_update_dag.py for tasks to queue
[2026-03-27T11:23:55.148+0000] {logging_mixin.py:190} INFO - [2026-03-27T11:23:55.148+0000] {dagbag.py:588} INFO - Filling up the DagBag from /opt/airflow/dags/db_and_model_update_dag.py
[2026-03-27T11:23:55.166+0000] {processor.py:925} INFO - DAG(s) 'db_and_model_update' retrieved from /opt/airflow/dags/db_and_model_update_dag.py
[2026-03-27T11:23:55.197+0000] {logging_mixin.py:190} INFO - [2026-03-27T11:23:55.196+0000] {dag.py:3239} INFO - Sync 1 DAGs
[2026-03-27T11:23:55.232+0000] {processor.py:208} INFO - Processing /opt/airflow/dags/db_and_model_update_dag.py took 0.094 seconds
[2026-03-27T11:24:25.373+0000] {processor.py:186} INFO - Started process (PID=2084) to work on /opt/airflow/dags/db_and_model_update_dag.py
[2026-03-27T11:24:25.375+0000] {processor.py:914} INFO - Processing file /opt/airflow/dags/db_and_model_update_dag.py for tasks to queue
[2026-03-27T11:24:25.378+0000] {logging_mixin.py:190} INFO - [2026-03-27T11:24:25.377+0000] {dagbag.py:588} INFO - Filling up the DagBag from /opt/airflow/dags/db_and_model_update_dag.py
[2026-03-27T11:24:25.404+0000] {processor.py:925} INFO - DAG(s) 'db_and_model_update' retrieved from /opt/airflow/dags/db_and_model_update_dag.py
[2026-03-27T11:24:25.431+0000] {logging_mixin.py:190} INFO - [2026-03-27T11:24:25.431+0000] {dag.py:3239} INFO - Sync 1 DAGs
[2026-03-27T11:24:25.467+0000] {processor.py:208} INFO - Processing /opt/airflow/dags/db_and_model_update_dag.py took 0.102 seconds
[2026-03-27T11:24:55.581+0000] {processor.py:186} INFO - Started process (PID=2094) to work on /opt/airflow/dags/db_and_model_update_dag.py
[2026-03-27T11:24:55.582+0000] {processor.py:914} INFO - Processing file /opt/airflow/dags/db_and_model_update_dag.py for tasks to queue
[2026-03-27T11:24:55.585+0000] {logging_mixin.py:190} INFO - [2026-03-27T11:24:55.585+0000] {dagbag.py:588} INFO - Filling up the DagBag from /opt/airflow/dags/db_and_model_update_dag.py
[2026-03-27T11:24:55.606+0000] {processor.py:925} INFO - DAG(s) 'db_and_model_update' retrieved from /opt/airflow/dags/db_and_model_update_dag.py
[2026-03-27T11:24:55.638+0000] {logging_mixin.py:190} INFO - [2026-03-27T11:24:55.638+0000] {dag.py:3239} INFO - Sync 1 DAGs
[2026-03-27T11:24:55.696+0000] {processor.py:208} INFO - Processing /opt/airflow/dags/db_and_model_update_dag.py took 0.121 seconds
[2026-03-27T11:25:25.809+0000] {processor.py:186} INFO - Started process (PID=2104) to work on /opt/airflow/dags/db_and_model_update_dag.py
[2026-03-27T11:25:25.810+0000] {processor.py:914} INFO - Processing file /opt/airflow/dags/db_and_model_update_dag.py for tasks to queue
[2026-03-27T11:25:25.811+0000] {logging_mixin.py:190} INFO - [2026-03-27T11:25:25.811+0000] {dagbag.py:588} INFO - Filling up the DagBag from /opt/airflow/dags/db_and_model_update_dag.py
[2026-03-27T11:25:25.831+0000] {processor.py:925} INFO - DAG(s) 'db_and_model_update' retrieved from /opt/airflow/dags/db_and_model_update_dag.py
[2026-03-27T11:25:25.862+0000] {logging_mixin.py:190} INFO - [2026-03-27T11:25:25.862+0000] {dag.py:3239} INFO - Sync 1 DAGs
[2026-03-27T11:25:25.903+0000] {processor.py:208} INFO - Processing /opt/airflow/dags/db_and_model_update_dag.py took 0.100 seconds
[2026-03-27T11:25:56.070+0000] {processor.py:186} INFO - Started process (PID=2114) to work on /opt/airflow/dags/db_and_model_update_dag.py
[2026-03-27T11:25:56.071+0000] {processor.py:914} INFO - Processing file /opt/airflow/dags/db_and_model_update_dag.py for tasks to queue
[2026-03-27T11:25:56.074+0000] {logging_mixin.py:190} INFO - [2026-03-27T11:25:56.073+0000] {dagbag.py:588} INFO - Filling up the DagBag from /opt/airflow/dags/db_and_model_update_dag.py
[2026-03-27T11:25:56.093+0000] {processor.py:925} INFO - DAG(s) 'db_and_model_update' retrieved from /opt/airflow/dags/db_and_model_update_dag.py
[2026-03-27T11:25:56.122+0000] {logging_mixin.py:190} INFO - [2026-03-27T11:25:56.122+0000] {dag.py:3239} INFO - Sync 1 DAGs
[2026-03-27T11:25:56.162+0000] {processor.py:208} INFO - Processing /opt/airflow/dags/db_and_model_update_dag.py took 0.100 seconds
[2026-03-27T11:26:26.313+0000] {processor.py:186} INFO - Started process (PID=2124) to work on /opt/airflow/dags/db_and_model_update_dag.py
[2026-03-27T11:26:26.313+0000] {processor.py:914} INFO - Processing file /opt/airflow/dags/db_and_model_update_dag.py for tasks to queue
[2026-03-27T11:26:26.316+0000] {logging_mixin.py:190} INFO - [2026-03-27T11:26:26.316+0000] {dagbag.py:588} INFO - Filling up the DagBag from /opt/airflow/dags/db_and_model_update_dag.py
[2026-03-27T11:26:26.337+0000] {processor.py:925} INFO - DAG(s) 'db_and_model_update' retrieved from /opt/airflow/dags/db_and_model_update_dag.py
[2026-03-27T11:26:26.395+0000] {logging_mixin.py:190} INFO - [2026-03-27T11:26:26.395+0000] {dag.py:3239} INFO - Sync 1 DAGs
[2026-03-27T11:26:26.432+0000] {processor.py:208} INFO - Processing /opt/airflow/dags/db_and_model_update_dag.py took 0.126 seconds
[2026-03-27T11:26:56.544+0000] {processor.py:186} INFO - Started process (PID=2134) to work on /opt/airflow/dags/db_and_model_update_dag.py
[2026-03-27T11:26:56.545+0000] {processor.py:914} INFO - Processing file /opt/airflow/dags/db_and_model_update_dag.py for tasks to queue
[2026-03-27T11:26:56.548+0000] {logging_mixin.py:190} INFO - [2026-03-27T11:26:56.548+0000] {dagbag.py:588} INFO - Filling up the DagBag from /opt/airflow/dags/db_and_model_update_dag.py
[2026-03-27T11:26:56.573+0000] {processor.py:925} INFO - DAG(s) 'db_and_model_update' retrieved from /opt/airflow/dags/db_and_model_update_dag.py
[2026-03-27T11:26:56.606+0000] {logging_mixin.py:190} INFO - [2026-03-27T11:26:56.606+0000] {dag.py:3239} INFO - Sync 1 DAGs
[2026-03-27T11:26:56.647+0000] {processor.py:208} INFO - Processing /opt/airflow/dags/db_and_model_update_dag.py took 0.111 seconds
[2026-03-27T11:27:26.814+0000] {processor.py:186} INFO - Started process (PID=2144) to work on /opt/airflow/dags/db_and_model_update_dag.py
[2026-03-27T11:27:26.815+0000] {processor.py:914} INFO - Processing file /opt/airflow/dags/db_and_model_update_dag.py for tasks to queue
[2026-03-27T11:27:26.817+0000] {logging_mixin.py:190} INFO - [2026-03-27T11:27:26.817+0000] {dagbag.py:588} INFO - Filling up the DagBag from /opt/airflow/dags/db_and_model_update_dag.py
[2026-03-27T11:27:26.841+0000] {processor.py:925} INFO - DAG(s) 'db_and_model_update' retrieved from /opt/airflow/dags/db_and_model_update_dag.py
[2026-03-27T11:27:26.882+0000] {logging_mixin.py:190} INFO - [2026-03-27T11:27:26.882+0000] {dag.py:3239} INFO - Sync 1 DAGs
[2026-03-27T11:27:26.927+0000] {processor.py:208} INFO - Processing /opt/airflow/dags/db_and_model_update_dag.py took 0.121 seconds
[2026-03-27T11:27:57.132+0000] {processor.py:186} INFO - Started process (PID=2154) to work on /opt/airflow/dags/db_and_model_update_dag.py
[2026-03-27T11:27:57.133+0000] {processor.py:914} INFO - Processing file /opt/airflow/dags/db_and_model_update_dag.py for tasks to queue
[2026-03-27T11:27:57.135+0000] {logging_mixin.py:190} INFO - [2026-03-27T11:27:57.135+0000] {dagbag.py:588} INFO - Filling up the DagBag from /opt/airflow/dags/db_and_model_update_dag.py
[2026-03-27T11:27:57.156+0000] {processor.py:925} INFO - DAG(s) 'db_and_model_update' retrieved from /opt/airflow/dags/db_and_model_update_dag.py
[2026-03-27T11:27:57.187+0000] {logging_mixin.py:190} INFO - [2026-03-27T11:27:57.187+0000] {dag.py:3239} INFO - Sync 1 DAGs
[2026-03-27T11:27:57.228+0000] {processor.py:208} INFO - Processing /opt/airflow/dags/db_and_model_update_dag.py took 0.103 seconds
[2026-03-27T11:28:27.331+0000] {processor.py:186} INFO - Started process (PID=2164) to work on /opt/airflow/dags/db_and_model_update_dag.py
[2026-03-27T11:28:27.332+0000] {processor.py:914} INFO - Processing file /opt/airflow/dags/db_and_model_update_dag.py for tasks to queue
[2026-03-27T11:28:27.335+0000] {logging_mixin.py:190} INFO - [2026-03-27T11:28:27.335+0000] {dagbag.py:588} INFO - Filling up the DagBag from /opt/airflow/dags/db_and_model_update_dag.py
[2026-03-27T11:28:27.356+0000] {processor.py:925} INFO - DAG(s) 'db_and_model_update' retrieved from /opt/airflow/dags/db_and_model_update_dag.py
[2026-03-27T11:28:27.386+0000] {logging_mixin.py:190} INFO - [2026-03-27T11:28:27.386+0000] {dag.py:3239} INFO - Sync 1 DAGs
[2026-03-27T11:28:27.423+0000] {processor.py:208} INFO - Processing /opt/airflow/dags/db_and_model_update_dag.py took 0.099 seconds
[2026-03-27T11:28:57.586+0000] {processor.py:186} INFO - Started process (PID=2174) to work on /opt/airflow/dags/db_and_model_update_dag.py
[2026-03-27T11:28:57.588+0000] {processor.py:914} INFO - Processing file /opt/airflow/dags/db_and_model_update_dag.py for tasks to queue
[2026-03-27T11:28:57.591+0000] {logging_mixin.py:190} INFO - [2026-03-27T11:28:57.590+0000] {dagbag.py:588} INFO - Filling up the DagBag from /opt/airflow/dags/db_and_model_update_dag.py
[2026-03-27T11:28:57.613+0000] {processor.py:925} INFO - DAG(s) 'db_and_model_update' retrieved from /opt/airflow/dags/db_and_model_update_dag.py
[2026-03-27T11:28:57.660+0000] {logging_mixin.py:190} INFO - [2026-03-27T11:28:57.660+0000] {dag.py:3239} INFO - Sync 1 DAGs
[2026-03-27T11:28:57.729+0000] {processor.py:208} INFO - Processing /opt/airflow/dags/db_and_model_update_dag.py took 0.152 seconds
[2026-03-27T11:29:27.882+0000] {processor.py:186} INFO - Started process (PID=2184) to work on /opt/airflow/dags/db_and_model_update_dag.py
[2026-03-27T11:29:27.884+0000] {processor.py:914} INFO - Processing file /opt/airflow/dags/db_and_model_update_dag.py for tasks to queue
[2026-03-27T11:29:27.887+0000] {logging_mixin.py:190} INFO - [2026-03-27T11:29:27.887+0000] {dagbag.py:588} INFO - Filling up the DagBag from /opt/airflow/dags/db_and_model_update_dag.py
[2026-03-27T11:29:27.907+0000] {processor.py:925} INFO - DAG(s) 'db_and_model_update' retrieved from /opt/airflow/dags/db_and_model_update_dag.py
[2026-03-27T11:29:27.939+0000] {logging_mixin.py:190} INFO - [2026-03-27T11:29:27.939+0000] {dag.py:3239} INFO - Sync 1 DAGs
[2026-03-27T11:29:27.980+0000] {processor.py:208} INFO - Processing /opt/airflow/dags/db_and_model_update_dag.py took 0.105 seconds
[2026-03-27T11:29:58.064+0000] {processor.py:186} INFO - Started process (PID=2194) to work on /opt/airflow/dags/db_and_model_update_dag.py
[2026-03-27T11:29:58.065+0000] {processor.py:914} INFO - Processing file /opt/airflow/dags/db_and_model_update_dag.py for tasks to queue
[2026-03-27T11:29:58.067+0000] {logging_mixin.py:190} INFO - [2026-03-27T11:29:58.067+0000] {dagbag.py:588} INFO - Filling up the DagBag from /opt/airflow/dags/db_and_model_update_dag.py
[2026-03-27T11:29:58.087+0000] {processor.py:925} INFO - DAG(s) 'db_and_model_update' retrieved from /opt/airflow/dags/db_and_model_update_dag.py
[2026-03-27T11:29:58.116+0000] {logging_mixin.py:190} INFO - [2026-03-27T11:29:58.116+0000] {dag.py:3239} INFO - Sync 1 DAGs
[2026-03-27T11:29:58.153+0000] {processor.py:208} INFO - Processing /opt/airflow/dags/db_and_model_update_dag.py took 0.096 seconds
[2026-03-27T11:30:28.271+0000] {processor.py:186} INFO - Started process (PID=2204) to work on /opt/airflow/dags/db_and_model_update_dag.py
[2026-03-27T11:30:28.272+0000] {processor.py:914} INFO - Processing file /opt/airflow/dags/db_and_model_update_dag.py for tasks to queue
[2026-03-27T11:30:28.274+0000] {logging_mixin.py:190} INFO - [2026-03-27T11:30:28.274+0000] {dagbag.py:588} INFO - Filling up the DagBag from /opt/airflow/dags/db_and_model_update_dag.py
[2026-03-27T11:30:28.296+0000] {processor.py:925} INFO - DAG(s) 'db_and_model_update' retrieved from /opt/airflow/dags/db_and_model_update_dag.py
[2026-03-27T11:30:28.330+0000] {logging_mixin.py:190} INFO - [2026-03-27T11:30:28.330+0000] {dag.py:3239} INFO - Sync 1 DAGs
[2026-03-27T11:30:28.370+0000] {processor.py:208} INFO - Processing /opt/airflow/dags/db_and_model_update_dag.py took 0.106 seconds
[2026-03-27T11:30:58.510+0000] {processor.py:186} INFO - Started process (PID=2214) to work on /opt/airflow/dags/db_and_model_update_dag.py
[2026-03-27T11:30:58.511+0000] {processor.py:914} INFO - Processing file /opt/airflow/dags/db_and_model_update_dag.py for tasks to queue
[2026-03-27T11:30:58.513+0000] {logging_mixin.py:190} INFO - [2026-03-27T11:30:58.513+0000] {dagbag.py:588} INFO - Filling up the DagBag from /opt/airflow/dags/db_and_model_update_dag.py
[2026-03-27T11:30:58.533+0000] {processor.py:925} INFO - DAG(s) 'db_and_model_update' retrieved from /opt/airflow/dags/db_and_model_update_dag.py
[2026-03-27T11:30:58.563+0000] {logging_mixin.py:190} INFO - [2026-03-27T11:30:58.563+0000] {dag.py:3239} INFO - Sync 1 DAGs
[2026-03-27T11:30:58.602+0000] {processor.py:208} INFO - Processing /opt/airflow/dags/db_and_model_update_dag.py took 0.099 seconds
[2026-03-27T11:31:28.722+0000] {processor.py:186} INFO - Started process (PID=2224) to work on /opt/airflow/dags/db_and_model_update_dag.py
[2026-03-27T11:31:28.723+0000] {processor.py:914} INFO - Processing file /opt/airflow/dags/db_and_model_update_dag.py for tasks to queue
[2026-03-27T11:31:28.731+0000] {logging_mixin.py:190} INFO - [2026-03-27T11:31:28.731+0000] {dagbag.py:588} INFO - Filling up the DagBag from /opt/airflow/dags/db_and_model_update_dag.py
[2026-03-27T11:31:28.764+0000] {processor.py:925} INFO - DAG(s) 'db_and_model_update' retrieved from /opt/airflow/dags/db_and_model_update_dag.py
[2026-03-27T11:31:28.792+0000] {logging_mixin.py:190} INFO - [2026-03-27T11:31:28.792+0000] {dag.py:3239} INFO - Sync 1 DAGs
[2026-03-27T11:31:28.840+0000] {processor.py:208} INFO - Processing /opt/airflow/dags/db_and_model_update_dag.py took 0.126 seconds
[2026-03-27T11:31:58.932+0000] {processor.py:186} INFO - Started process (PID=2234) to work on /opt/airflow/dags/db_and_model_update_dag.py
[2026-03-27T11:31:58.933+0000] {processor.py:914} INFO - Processing file /opt/airflow/dags/db_and_model_update_dag.py for tasks to queue
[2026-03-27T11:31:58.936+0000] {logging_mixin.py:190} INFO - [2026-03-27T11:31:58.936+0000] {dagbag.py:588} INFO - Filling up the DagBag from /opt/airflow/dags/db_and_model_update_dag.py
[2026-03-27T11:31:58.954+0000] {processor.py:925} INFO - DAG(s) 'db_and_model_update' retrieved from /opt/airflow/dags/db_and_model_update_dag.py
[2026-03-27T11:31:58.984+0000] {logging_mixin.py:190} INFO - [2026-03-27T11:31:58.984+0000] {dag.py:3239} INFO - Sync 1 DAGs
[2026-03-27T11:31:59.022+0000] {processor.py:208} INFO - Processing /opt/airflow/dags/db_and_model_update_dag.py took 0.097 seconds
[2026-03-27T11:32:29.081+0000] {processor.py:186} INFO - Started process (PID=2244) to work on /opt/airflow/dags/db_and_model_update_dag.py
[2026-03-27T11:32:29.082+0000] {processor.py:914} INFO - Processing file /opt/airflow/dags/db_and_model_update_dag.py for tasks to queue
[2026-03-27T11:32:29.084+0000] {logging_mixin.py:190} INFO - [2026-03-27T11:32:29.084+0000] {dagbag.py:588} INFO - Filling up the DagBag from /opt/airflow/dags/db_and_model_update_dag.py
[2026-03-27T11:32:29.102+0000] {processor.py:925} INFO - DAG(s) 'db_and_model_update' retrieved from /opt/airflow/dags/db_and_model_update_dag.py
[2026-03-27T11:32:29.132+0000] {logging_mixin.py:190} INFO - [2026-03-27T11:32:29.132+0000] {dag.py:3239} INFO - Sync 1 DAGs
[2026-03-27T11:32:29.177+0000] {processor.py:208} INFO - Processing /opt/airflow/dags/db_and_model_update_dag.py took 0.102 seconds
[2026-03-27T11:32:59.333+0000] {processor.py:186} INFO - Started process (PID=2254) to work on /opt/airflow/dags/db_and_model_update_dag.py
[2026-03-27T11:32:59.334+0000] {processor.py:914} INFO - Processing file /opt/airflow/dags/db_and_model_update_dag.py for tasks to queue
[2026-03-27T11:32:59.336+0000] {logging_mixin.py:190} INFO - [2026-03-27T11:32:59.336+0000] {dagbag.py:588} INFO - Filling up the DagBag from /opt/airflow/dags/db_and_model_update_dag.py
[2026-03-27T11:32:59.356+0000] {processor.py:925} INFO - DAG(s) 'db_and_model_update' retrieved from /opt/airflow/dags/db_and_model_update_dag.py
[2026-03-27T11:32:59.385+0000] {logging_mixin.py:190} INFO - [2026-03-27T11:32:59.385+0000] {dag.py:3239} INFO - Sync 1 DAGs
[2026-03-27T11:32:59.429+0000] {processor.py:208} INFO - Processing /opt/airflow/dags/db_and_model_update_dag.py took 0.103 seconds
[2026-03-27T11:33:29.559+0000] {processor.py:186} INFO - Started process (PID=2264) to work on /opt/airflow/dags/db_and_model_update_dag.py
[2026-03-27T11:33:29.560+0000] {processor.py:914} INFO - Processing file /opt/airflow/dags/db_and_model_update_dag.py for tasks to queue
[2026-03-27T11:33:29.563+0000] {logging_mixin.py:190} INFO - [2026-03-27T11:33:29.562+0000] {dagbag.py:588} INFO - Filling up the DagBag from /opt/airflow/dags/db_and_model_update_dag.py
[2026-03-27T11:33:29.581+0000] {processor.py:925} INFO - DAG(s) 'db_and_model_update' retrieved from /opt/airflow/dags/db_and_model_update_dag.py
[2026-03-27T11:33:29.608+0000] {logging_mixin.py:190} INFO - [2026-03-27T11:33:29.608+0000] {dag.py:3239} INFO - Sync 1 DAGs
[2026-03-27T11:33:29.646+0000] {processor.py:208} INFO - Processing /opt/airflow/dags/db_and_model_update_dag.py took 0.100 seconds
[2026-03-27T11:33:59.769+0000] {processor.py:186} INFO - Started process (PID=2274) to work on /opt/airflow/dags/db_and_model_update_dag.py
[2026-03-27T11:33:59.770+0000] {processor.py:914} INFO - Processing file /opt/airflow/dags/db_and_model_update_dag.py for tasks to queue
[2026-03-27T11:33:59.772+0000] {logging_mixin.py:190} INFO - [2026-03-27T11:33:59.772+0000] {dagbag.py:588} INFO - Filling up the DagBag from /opt/airflow/dags/db_and_model_update_dag.py
[2026-03-27T11:33:59.792+0000] {processor.py:925} INFO - DAG(s) 'db_and_model_update' retrieved from /opt/airflow/dags/db_and_model_update_dag.py
[2026-03-27T11:33:59.824+0000] {logging_mixin.py:190} INFO - [2026-03-27T11:33:59.824+0000] {dag.py:3239} INFO - Sync 1 DAGs
[2026-03-27T11:33:59.864+0000] {processor.py:208} INFO - Processing /opt/airflow/dags/db_and_model_update_dag.py took 0.102 seconds
[2026-03-27T11:34:29.982+0000] {processor.py:186} INFO - Started process (PID=2284) to work on /opt/airflow/dags/db_and_model_update_dag.py
[2026-03-27T11:34:29.983+0000] {processor.py:914} INFO - Processing file /opt/airflow/dags/db_and_model_update_dag.py for tasks to queue
[2026-03-27T11:34:29.986+0000] {logging_mixin.py:190} INFO - [2026-03-27T11:34:29.985+0000] {dagbag.py:588} INFO - Filling up the DagBag from /opt/airflow/dags/db_and_model_update_dag.py
[2026-03-27T11:34:30.012+0000] {processor.py:925} INFO - DAG(s) 'db_and_model_update' retrieved from /opt/airflow/dags/db_and_model_update_dag.py
[2026-03-27T11:34:30.041+0000] {logging_mixin.py:190} INFO - [2026-03-27T11:34:30.040+0000] {dag.py:3239} INFO - Sync 1 DAGs
[2026-03-27T11:34:30.077+0000] {processor.py:208} INFO - Processing /opt/airflow/dags/db_and_model_update_dag.py took 0.101 seconds
[2026-03-27T11:35:00.193+0000] {processor.py:186} INFO - Started process (PID=2294) to work on /opt/airflow/dags/db_and_model_update_dag.py
[2026-03-27T11:35:00.194+0000] {processor.py:914} INFO - Processing file /opt/airflow/dags/db_and_model_update_dag.py for tasks to queue
[2026-03-27T11:35:00.196+0000] {logging_mixin.py:190} INFO - [2026-03-27T11:35:00.196+0000] {dagbag.py:588} INFO - Filling up the DagBag from /opt/airflow/dags/db_and_model_update_dag.py
[2026-03-27T11:35:00.221+0000] {processor.py:925} INFO - DAG(s) 'db_and_model_update' retrieved from /opt/airflow/dags/db_and_model_update_dag.py
[2026-03-27T11:35:00.254+0000] {logging_mixin.py:190} INFO - [2026-03-27T11:35:00.254+0000] {dag.py:3239} INFO - Sync 1 DAGs
[2026-03-27T11:35:00.302+0000] {processor.py:208} INFO - Processing /opt/airflow/dags/db_and_model_update_dag.py took 0.115 seconds
[2026-03-27T11:35:30.411+0000] {processor.py:186} INFO - Started process (PID=2304) to work on /opt/airflow/dags/db_and_model_update_dag.py
[2026-03-27T11:35:30.413+0000] {processor.py:914} INFO - Processing file /opt/airflow/dags/db_and_model_update_dag.py for tasks to queue
[2026-03-27T11:35:30.416+0000] {logging_mixin.py:190} INFO - [2026-03-27T11:35:30.415+0000] {dagbag.py:588} INFO - Filling up the DagBag from /opt/airflow/dags/db_and_model_update_dag.py
[2026-03-27T11:35:30.435+0000] {processor.py:925} INFO - DAG(s) 'db_and_model_update' retrieved from /opt/airflow/dags/db_and_model_update_dag.py
[2026-03-27T11:35:30.463+0000] {logging_mixin.py:190} INFO - [2026-03-27T11:35:30.462+0000] {dag.py:3239} INFO - Sync 1 DAGs
[2026-03-27T11:35:30.500+0000] {processor.py:208} INFO - Processing /opt/airflow/dags/db_and_model_update_dag.py took 0.095 seconds
[2026-03-27T11:36:00.627+0000] {processor.py:186} INFO - Started process (PID=2314) to work on /opt/airflow/dags/db_and_model_update_dag.py
[2026-03-27T11:36:00.628+0000] {processor.py:914} INFO - Processing file /opt/airflow/dags/db_and_model_update_dag.py for tasks to queue
[2026-03-27T11:36:00.631+0000] {logging_mixin.py:190} INFO - [2026-03-27T11:36:00.630+0000] {dagbag.py:588} INFO - Filling up the DagBag from /opt/airflow/dags/db_and_model_update_dag.py
[2026-03-27T11:36:00.653+0000] {processor.py:925} INFO - DAG(s) 'db_and_model_update' retrieved from /opt/airflow/dags/db_and_model_update_dag.py
[2026-03-27T11:36:00.688+0000] {logging_mixin.py:190} INFO - [2026-03-27T11:36:00.687+0000] {dag.py:3239} INFO - Sync 1 DAGs
[2026-03-27T11:36:00.735+0000] {processor.py:208} INFO - Processing /opt/airflow/dags/db_and_model_update_dag.py took 0.117 seconds
[2026-03-27T11:36:30.857+0000] {processor.py:186} INFO - Started process (PID=2324) to work on /opt/airflow/dags/db_and_model_update_dag.py
[2026-03-27T11:36:30.858+0000] {processor.py:914} INFO - Processing file /opt/airflow/dags/db_and_model_update_dag.py for tasks to queue
[2026-03-27T11:36:30.861+0000] {logging_mixin.py:190} INFO - [2026-03-27T11:36:30.860+0000] {dagbag.py:588} INFO - Filling up the DagBag from /opt/airflow/dags/db_and_model_update_dag.py
[2026-03-27T11:36:30.878+0000] {processor.py:925} INFO - DAG(s) 'db_and_model_update' retrieved from /opt/airflow/dags/db_and_model_update_dag.py
[2026-03-27T11:36:30.909+0000] {logging_mixin.py:190} INFO - [2026-03-27T11:36:30.909+0000] {dag.py:3239} INFO - Sync 1 DAGs
[2026-03-27T11:36:30.952+0000] {processor.py:208} INFO - Processing /opt/airflow/dags/db_and_model_update_dag.py took 0.101 seconds
[2026-03-27T11:37:01.079+0000] {processor.py:186} INFO - Started process (PID=2334) to work on /opt/airflow/dags/db_and_model_update_dag.py
[2026-03-27T11:37:01.080+0000] {processor.py:914} INFO - Processing file /opt/airflow/dags/db_and_model_update_dag.py for tasks to queue
[2026-03-27T11:37:01.083+0000] {logging_mixin.py:190} INFO - [2026-03-27T11:37:01.083+0000] {dagbag.py:588} INFO - Filling up the DagBag from /opt/airflow/dags/db_and_model_update_dag.py
[2026-03-27T11:37:01.107+0000] {processor.py:925} INFO - DAG(s) 'db_and_model_update' retrieved from /opt/airflow/dags/db_and_model_update_dag.py
[2026-03-27T11:37:01.140+0000] {logging_mixin.py:190} INFO - [2026-03-27T11:37:01.139+0000] {dag.py:3239} INFO - Sync 1 DAGs
[2026-03-27T11:37:01.182+0000] {processor.py:208} INFO - Processing /opt/airflow/dags/db_and_model_update_dag.py took 0.113 seconds
[2026-03-27T11:37:31.318+0000] {processor.py:186} INFO - Started process (PID=2344) to work on /opt/airflow/dags/db_and_model_update_dag.py
[2026-03-27T11:37:31.319+0000] {processor.py:914} INFO - Processing file /opt/airflow/dags/db_and_model_update_dag.py for tasks to queue
[2026-03-27T11:37:31.322+0000] {logging_mixin.py:190} INFO - [2026-03-27T11:37:31.322+0000] {dagbag.py:588} INFO - Filling up the DagBag from /opt/airflow/dags/db_and_model_update_dag.py
[2026-03-27T11:37:31.342+0000] {processor.py:925} INFO - DAG(s) 'db_and_model_update' retrieved from /opt/airflow/dags/db_and_model_update_dag.py
[2026-03-27T11:37:31.373+0000] {logging_mixin.py:190} INFO - [2026-03-27T11:37:31.372+0000] {dag.py:3239} INFO - Sync 1 DAGs
[2026-03-27T11:37:31.417+0000] {processor.py:208} INFO - Processing /opt/airflow/dags/db_and_model_update_dag.py took 0.107 seconds
[2026-03-27T11:38:01.580+0000] {processor.py:186} INFO - Started process (PID=2354) to work on /opt/airflow/dags/db_and_model_update_dag.py
[2026-03-27T11:38:01.581+0000] {processor.py:914} INFO - Processing file /opt/airflow/dags/db_and_model_update_dag.py for tasks to queue
[2026-03-27T11:38:01.583+0000] {logging_mixin.py:190} INFO - [2026-03-27T11:38:01.582+0000] {dagbag.py:588} INFO - Filling up the DagBag from /opt/airflow/dags/db_and_model_update_dag.py
[2026-03-27T11:38:01.600+0000] {processor.py:925} INFO - DAG(s) 'db_and_model_update' retrieved from /opt/airflow/dags/db_and_model_update_dag.py
[2026-03-27T11:38:01.631+0000] {logging_mixin.py:190} INFO - [2026-03-27T11:38:01.631+0000] {dag.py:3239} INFO - Sync 1 DAGs
[2026-03-27T11:38:01.666+0000] {processor.py:208} INFO - Processing /opt/airflow/dags/db_and_model_update_dag.py took 0.093 seconds
[2026-03-27T11:38:31.753+0000] {processor.py:186} INFO - Started process (PID=2364) to work on /opt/airflow/dags/db_and_model_update_dag.py
[2026-03-27T11:38:31.754+0000] {processor.py:914} INFO - Processing file /opt/airflow/dags/db_and_model_update_dag.py for tasks to queue
[2026-03-27T11:38:31.757+0000] {logging_mixin.py:190} INFO - [2026-03-27T11:38:31.756+0000] {dagbag.py:588} INFO - Filling up the DagBag from /opt/airflow/dags/db_and_model_update_dag.py
[2026-03-27T11:38:31.778+0000] {processor.py:925} INFO - DAG(s) 'db_and_model_update' retrieved from /opt/airflow/dags/db_and_model_update_dag.py
[2026-03-27T11:38:31.807+0000] {logging_mixin.py:190} INFO - [2026-03-27T11:38:31.806+0000] {dag.py:3239} INFO - Sync 1 DAGs
[2026-03-27T11:38:31.710+0000] {processor.py:208} INFO - Processing /opt/airflow/dags/db_and_model_update_dag.py took 0.102 seconds
[2026-03-27T11:39:01.844+0000] {processor.py:186} INFO - Started process (PID=2374) to work on /opt/airflow/dags/db_and_model_update_dag.py
[2026-03-27T11:39:01.850+0000] {processor.py:914} INFO - Processing file /opt/airflow/dags/db_and_model_update_dag.py for tasks to queue
[2026-03-27T11:39:01.853+0000] {logging_mixin.py:190} INFO - [2026-03-27T11:39:01.852+0000] {dagbag.py:588} INFO - Filling up the DagBag from /opt/airflow/dags/db_and_model_update_dag.py
[2026-03-27T11:39:01.877+0000] {processor.py:925} INFO - DAG(s) 'db_and_model_update' retrieved from /opt/airflow/dags/db_and_model_update_dag.py
[2026-03-27T11:39:01.914+0000] {logging_mixin.py:190} INFO - [2026-03-27T11:39:01.914+0000] {dag.py:3239} INFO - Sync 1 DAGs
[2026-03-27T11:39:01.965+0000] {processor.py:208} INFO - Processing /opt/airflow/dags/db_and_model_update_dag.py took 0.138 seconds
[2026-03-27T11:39:32.079+0000] {processor.py:186} INFO - Started process (PID=2384) to work on /opt/airflow/dags/db_and_model_update_dag.py
[2026-03-27T11:39:32.080+0000] {processor.py:914} INFO - Processing file /opt/airflow/dags/db_and_model_update_dag.py for tasks to queue
[2026-03-27T11:39:32.082+0000] {logging_mixin.py:190} INFO - [2026-03-27T11:39:32.081+0000] {dagbag.py:588} INFO - Filling up the DagBag from /opt/airflow/dags/db_and_model_update_dag.py
[2026-03-27T11:39:32.098+0000] {processor.py:925} INFO - DAG(s) 'db_and_model_update' retrieved from /opt/airflow/dags/db_and_model_update_dag.py
[2026-03-27T11:39:32.127+0000] {logging_mixin.py:190} INFO - [2026-03-27T11:39:32.126+0000] {dag.py:3239} INFO - Sync 1 DAGs
[2026-03-27T11:39:32.162+0000] {processor.py:208} INFO - Processing /opt/airflow/dags/db_and_model_update_dag.py took 0.090 seconds
[2026-03-27T11:40:02.222+0000] {processor.py:186} INFO - Started process (PID=2394) to work on /opt/airflow/dags/db_and_model_update_dag.py
[2026-03-27T11:40:02.223+0000] {processor.py:914} INFO - Processing file /opt/airflow/dags/db_and_model_update_dag.py for tasks to queue
[2026-03-27T11:40:02.226+0000] {logging_mixin.py:190} INFO - [2026-03-27T11:40:02.226+0000] {dagbag.py:588} INFO - Filling up the DagBag from /opt/airflow/dags/db_and_model_update_dag.py
[2026-03-27T11:40:02.264+0000] {processor.py:925} INFO - DAG(s) 'db_and_model_update' retrieved from /opt/airflow/dags/db_and_model_update_dag.py
[2026-03-27T11:40:02.300+0000] {logging_mixin.py:190} INFO - [2026-03-27T11:40:02.300+0000] {dag.py:3239} INFO - Sync 1 DAGs
[2026-03-27T11:40:02.340+0000] {processor.py:208} INFO - Processing /opt/airflow/dags/db_and_model_update_dag.py took 0.124 seconds
[2026-03-27T11:40:32.464+0000] {processor.py:186} INFO - Started process (PID=2404) to work on /opt/airflow/dags/db_and_model_update_dag.py
[2026-03-27T11:40:32.465+0000] {processor.py:914} INFO - Processing file /opt/airflow/dags/db_and_model_update_dag.py for tasks to queue
[2026-03-27T11:40:32.466+0000] {logging_mixin.py:190} INFO - [2026-03-27T11:40:32.466+0000] {dagbag.py:588} INFO - Filling up the DagBag from /opt/airflow/dags/db_and_model_update_dag.py
[2026-03-27T11:40:32.482+0000] {processor.py:925} INFO - DAG(s) 'db_and_model_update' retrieved from /opt/airflow/dags/db_and_model_update_dag.py
[2026-03-27T11:40:32.507+0000] {logging_mixin.py:190} INFO - [2026-03-27T11:40:32.507+0000] {dag.py:3239} INFO - Sync 1 DAGs
[2026-03-27T11:40:32.538+0000] {processor.py:208} INFO - Processing /opt/airflow/dags/db_and_model_update_dag.py took 0.080 seconds
[2026-03-27T11:41:02.665+0000] {processor.py:186} INFO - Started process (PID=2414) to work on /opt/airflow/dags/db_and_model_update_dag.py
[2026-03-27T11:41:02.666+0000] {processor.py:914} INFO - Processing file /opt/airflow/dags/db_and_model_update_dag.py for tasks to queue
[2026-03-27T11:41:02.668+0000] {logging_mixin.py:190} INFO - [2026-03-27T11:41:02.668+0000] {dagbag.py:588} INFO - Filling up the DagBag from /opt/airflow/dags/db_and_model_update_dag.py
[2026-03-27T11:41:02.689+0000] {processor.py:925} INFO - DAG(s) 'db_and_model_update' retrieved from /opt/airflow/dags/db_and_model_update_dag.py
[2026-03-27T11:41:02.720+0000] {logging_mixin.py:190} INFO - [2026-03-27T11:41:02.719+0000] {dag.py:3239} INFO - Sync 1 DAGs
[2026-03-27T11:41:02.758+0000] {processor.py:208} INFO - Processing /opt/airflow/dags/db_and_model_update_dag.py took 0.100 seconds
[2026-03-27T11:41:32.863+0000] {processor.py:186} INFO - Started process (PID=2424) to work on /opt/airflow/dags/db_and_model_update_dag.py
[2026-03-27T11:41:32.864+0000] {processor.py:914} INFO - Processing file /opt/airflow/dags/db_and_model_update_dag.py for tasks to queue
[2026-03-27T11:41:32.867+0000] {logging_mixin.py:190} INFO - [2026-03-27T11:41:32.866+0000] {dagbag.py:588} INFO - Filling up the DagBag from /opt/airflow/dags/db_and_model_update_dag.py
[2026-03-27T11:41:32.884+0000] {processor.py:925} INFO - DAG(s) 'db_and_model_update' retrieved from /opt/airflow/dags/db_and_model_update_dag.py
[2026-03-27T11:41:32.915+0000] {logging_mixin.py:190} INFO - [2026-03-27T11:41:32.915+0000] {dag.py:3239} INFO - Sync 1 DAGs
[2026-03-27T11:41:32.955+0000] {processor.py:208} INFO - Processing /opt/airflow/dags/db_and_model_update_dag.py took 0.098 seconds
[2026-03-27T11:42:03.076+0000] {processor.py:186} INFO - Started process (PID=2434) to work on /opt/airflow/dags/db_and_model_update_dag.py
[2026-03-27T11:42:03.077+0000] {processor.py:914} INFO - Processing file /opt/airflow/dags/db_and_model_update_dag.py for tasks to queue
[2026-03-27T11:42:03.079+0000] {logging_mixin.py:190} INFO - [2026-03-27T11:42:03.079+0000] {dagbag.py:588} INFO - Filling up the DagBag from /opt/airflow/dags/db_and_model_update_dag.py
[2026-03-27T11:42:03.099+0000] {processor.py:925} INFO - DAG(s) 'db_and_model_update' retrieved from /opt/airflow/dags/db_and_model_update_dag.py
[2026-03-27T11:42:03.126+0000] {logging_mixin.py:190} INFO - [2026-03-27T11:42:03.125+0000] {dag.py:3239} INFO - Sync 1 DAGs
[2026-03-27T11:42:03.169+0000] {processor.py:208} INFO - Processing /opt/airflow/dags/db_and_model_update_dag.py took 0.101 seconds
[2026-03-27T11:42:33.307+0000] {processor.py:186} INFO - Started process (PID=2444) to work on /opt/airflow/dags/db_and_model_update_dag.py
[2026-03-27T11:42:33.309+0000] {processor.py:914} INFO - Processing file /opt/airflow/dags/db_and_model_update_dag.py for tasks to queue
[2026-03-27T11:42:33.312+0000] {logging_mixin.py:190} INFO - [2026-03-27T11:42:33.312+0000] {dagbag.py:588} INFO - Filling up the DagBag from /opt/airflow/dags/db_and_model_update_dag.py
[2026-03-27T11:42:33.343+0000] {processor.py:925} INFO - DAG(s) 'db_and_model_update' retrieved from /opt/airflow/dags/db_and_model_update_dag.py
[2026-03-27T11:42:33.374+0000] {logging_mixin.py:190} INFO - [2026-03-27T11:42:33.374+0000] {dag.py:3239} INFO - Sync 1 DAGs
[2026-03-27T11:42:33.420+0000] {processor.py:208} INFO - Processing /opt/airflow/dags/db_and_model_update_dag.py took 0.121 seconds
[2026-03-27T11:43:03.576+0000] {processor.py:186} INFO - Started process (PID=2454) to work on /opt/airflow/dags/db_and_model_update_dag.py
[2026-03-27T11:43:03.577+0000] {processor.py:914} INFO - Processing file /opt/airflow/dags/db_and_model_update_dag.py for tasks to queue
[2026-03-27T11:43:03.579+0000] {logging_mixin.py:190} INFO - [2026-03-27T11:43:03.579+0000] {dagbag.py:588} INFO - Filling up the DagBag from /opt/airflow/dags/db_and_model_update_dag.py
[2026-03-27T11:43:03.599+0000] {processor.py:925} INFO - DAG(s) 'db_and_model_update' retrieved from /opt/airflow/dags/db_and_model_update_dag.py
[2026-03-27T11:43:03.629+0000] {logging_mixin.py:190} INFO - [2026-03-27T11:43:03.629+0000] {dag.py:3239} INFO - Sync 1 DAGs
[2026-03-27T11:43:03.669+0000] {processor.py:208} INFO - Processing /opt/airflow/dags/db_and_model_update_dag.py took 0.099 seconds
[2026-03-27T11:43:33.746+0000] {processor.py:186} INFO - Started process (PID=2464) to work on /opt/airflow/dags/db_and_model_update_dag.py
[2026-03-27T11:43:33.747+0000] {processor.py:914} INFO - Processing file /opt/airflow/dags/db_and_model_update_dag.py for tasks to queue
[2026-03-27T11:43:33.750+0000] {logging_mixin.py:190} INFO - [2026-03-27T11:43:33.749+0000] {dagbag.py:588} INFO - Filling up the DagBag from /opt/airflow/dags/db_and_model_update_dag.py
[2026-03-27T11:43:33.775+0000] {processor.py:925} INFO - DAG(s) 'db_and_model_update' retrieved from /opt/airflow/dags/db_and_model_update_dag.py
[2026-03-27T11:43:33.807+0000] {logging_mixin.py:190} INFO - [2026-03-27T11:43:33.806+0000] {dag.py:3239} INFO - Sync 1 DAGs
[2026-03-27T11:43:33.843+0000] {processor.py:208} INFO - Processing /opt/airflow/dags/db_and_model_update_dag.py took 0.104 seconds
[2026-03-27T11:44:03.961+0000] {processor.py:186} INFO - Started process (PID=2474) to work on /opt/airflow/dags/db_and_model_update_dag.py
[2026-03-27T11:44:03.963+0000] {processor.py:914} INFO - Processing file /opt/airflow/dags/db_and_model_update_dag.py for tasks to queue
[2026-03-27T11:44:03.967+0000] {logging_mixin.py:190} INFO - [2026-03-27T11:44:03.966+0000] {dagbag.py:588} INFO - Filling up the DagBag from /opt/airflow/dags/db_and_model_update_dag.py
[2026-03-27T11:44:04.019+0000] {processor.py:925} INFO - DAG(s) 'db_and_model_update' retrieved from /opt/airflow/dags/db_and_model_update_dag.py
[2026-03-27T11:44:04.052+0000] {logging_mixin.py:190} INFO - [2026-03-27T11:44:04.052+0000] {dag.py:3239} INFO - Sync 1 DAGs
[2026-03-27T11:44:04.101+0000] {processor.py:208} INFO - Processing /opt/airflow/dags/db_and_model_update_dag.py took 0.149 seconds
[2026-03-27T11:44:34.187+0000] {processor.py:186} INFO - Started process (PID=2484) to work on /opt/airflow/dags/db_and_model_update_dag.py
[2026-03-27T11:44:34.188+0000] {processor.py:914} INFO - Processing file /opt/airflow/dags/db_and_model_update_dag.py for tasks to queue
[2026-03-27T11:44:34.190+0000] {logging_mixin.py:190} INFO - [2026-03-27T11:44:34.190+0000] {dagbag.py:588} INFO - Filling up the DagBag from /opt/airflow/dags/db_and_model_update_dag.py
[2026-03-27T11:44:34.207+0000] {processor.py:925} INFO - DAG(s) 'db_and_model_update' retrieved from /opt/airflow/dags/db_and_model_update_dag.py
[2026-03-27T11:44:34.235+0000] {logging_mixin.py:190} INFO - [2026-03-27T11:44:34.235+0000] {dag.py:3239} INFO - Sync 1 DAGs
[2026-03-27T11:44:34.268+0000] {processor.py:208} INFO - Processing /opt/airflow/dags/db_and_model_update_dag.py took 0.087 seconds
[2026-03-27T11:45:04.367+0000] {processor.py:186} INFO - Started process (PID=2494) to work on /opt/airflow/dags/db_and_model_update_dag.py
[2026-03-27T11:45:04.368+0000] {processor.py:914} INFO - Processing file /opt/airflow/dags/db_and_model_update_dag.py for tasks to queue
[2026-03-27T11:45:04.371+0000] {logging_mixin.py:190} INFO - [2026-03-27T11:45:04.371+0000] {dagbag.py:588} INFO - Filling up the DagBag from /opt/airflow/dags/db_and_model_update_dag.py
[2026-03-27T11:45:04.390+0000] {processor.py:925} INFO - DAG(s) 'db_and_model_update' retrieved from /opt/airflow/dags/db_and_model_update_dag.py
[2026-03-27T11:45:04.418+0000] {logging_mixin.py:190} INFO - [2026-03-27T11:45:04.418+0000] {dag.py:3239} INFO - Sync 1 DAGs
[2026-03-27T11:45:04.456+0000] {processor.py:208} INFO - Processing /opt/airflow/dags/db_and_model_update_dag.py took 0.096 seconds
[2026-03-27T11:45:34.576+0000] {processor.py:186} INFO - Started process (PID=2504) to work on /opt/airflow/dags/db_and_model_update_dag.py
[2026-03-27T11:45:34.577+0000] {processor.py:914} INFO - Processing file /opt/airflow/dags/db_and_model_update_dag.py for tasks to queue
[2026-03-27T11:45:34.580+0000] {logging_mixin.py:190} INFO - [2026-03-27T11:45:34.580+0000] {dagbag.py:588} INFO - Filling up the DagBag from /opt/airflow/dags/db_and_model_update_dag.py
[2026-03-27T11:45:34.604+0000] {processor.py:925} INFO - DAG(s) 'db_and_model_update' retrieved from /opt/airflow/dags/db_and_model_update_dag.py
[2026-03-27T11:45:34.648+0000] {logging_mixin.py:190} INFO - [2026-03-27T11:45:34.648+0000] {dag.py:3239} INFO - Sync 1 DAGs
[2026-03-27T11:45:34.696+0000] {processor.py:208} INFO - Processing /opt/airflow/dags/db_and_model_update_dag.py took 0.128 seconds
[2026-03-27T11:46:04.797+0000] {processor.py:186} INFO - Started process (PID=2514) to work on /opt/airflow/dags/db_and_model_update_dag.py
[2026-03-27T11:46:04.798+0000] {processor.py:914} INFO - Processing file /opt/airflow/dags/db_and_model_update_dag.py for tasks to queue
[2026-03-27T11:46:04.800+0000] {logging_mixin.py:190} INFO - [2026-03-27T11:46:04.800+0000] {dagbag.py:588} INFO - Filling up the DagBag from /opt/airflow/dags/db_and_model_update_dag.py
[2026-03-27T11:46:04.818+0000] {processor.py:925} INFO - DAG(s) 'db_and_model_update' retrieved from /opt/airflow/dags/db_and_model_update_dag.py
[2026-03-27T11:46:04.849+0000] {logging_mixin.py:190} INFO - [2026-03-27T11:46:04.849+0000] {dag.py:3239} INFO - Sync 1 DAGs
[2026-03-27T11:46:04.887+0000] {processor.py:208} INFO - Processing /opt/airflow/dags/db_and_model_update_dag.py took 0.097 seconds
[2026-03-27T11:46:34.975+0000] {processor.py:186} INFO - Started process (PID=2524) to work on /opt/airflow/dags/db_and_model_update_dag.py
[2026-03-27T11:46:34.976+0000] {processor.py:914} INFO - Processing file /opt/airflow/dags/db_and_model_update_dag.py for tasks to queue
[2026-03-27T11:46:34.979+0000] {logging_mixin.py:190} INFO - [2026-03-27T11:46:34.978+0000] {dagbag.py:588} INFO - Filling up the DagBag from /opt/airflow/dags/db_and_model_update_dag.py
[2026-03-27T11:46:35.000+0000] {processor.py:925} INFO - DAG(s) 'db_and_model_update' retrieved from /opt/airflow/dags/db_and_model_update_dag.py
[2026-03-27T11:46:35.027+0000] {logging_mixin.py:190} INFO - [2026-03-27T11:46:35.027+0000] {dag.py:3239} INFO - Sync 1 DAGs
[2026-03-27T11:46:35.085+0000] {processor.py:208} INFO - Processing /opt/airflow/dags/db_and_model_update_dag.py took 0.122 seconds
[2026-03-27T11:47:05.187+0000] {processor.py:186} INFO - Started process (PID=2534) to work on /opt/airflow/dags/db_and_model_update_dag.py
[2026-03-27T11:47:05.188+0000] {processor.py:914} INFO - Processing file /opt/airflow/dags/db_and_model_update_dag.py for tasks to queue
[2026-03-27T11:47:05.192+0000] {logging_mixin.py:190} INFO - [2026-03-27T11:47:05.191+0000] {dagbag.py:588} INFO - Filling up the DagBag from /opt/airflow/dags/db_and_model_update_dag.py
[2026-03-27T11:47:05.228+0000] {processor.py:925} INFO - DAG(s) 'db_and_model_update' retrieved from /opt/airflow/dags/db_and_model_update_dag.py
[2026-03-27T11:47:05.272+0000] {logging_mixin.py:190} INFO - [2026-03-27T11:47:05.272+0000] {dag.py:3239} INFO - Sync 1 DAGs
[2026-03-27T11:47:05.326+0000] {processor.py:208} INFO - Processing /opt/airflow/dags/db_and_model_update_dag.py took 0.148 seconds
[2026-03-27T11:47:35.467+0000] {processor.py:186} INFO - Started process (PID=2544) to work on /opt/airflow/dags/db_and_model_update_dag.py
[2026-03-27T11:47:35.468+0000] {processor.py:914} INFO - Processing file /opt/airflow/dags/db_and_model_update_dag.py for tasks to queue
[2026-03-27T11:47:35.470+0000] {logging_mixin.py:190} INFO - [2026-03-27T11:47:35.470+0000] {dagbag.py:588} INFO - Filling up the DagBag from /opt/airflow/dags/db_and_model_update_dag.py
[2026-03-27T11:47:35.489+0000] {processor.py:925} INFO - DAG(s) 'db_and_model_update' retrieved from /opt/airflow/dags/db_and_model_update_dag.py
[2026-03-27T11:47:35.519+0000] {logging_mixin.py:190} INFO - [2026-03-27T11:47:35.518+0000] {dag.py:3239} INFO - Sync 1 DAGs
[2026-03-27T11:47:35.559+0000] {processor.py:208} INFO - Processing /opt/airflow/dags/db_and_model_update_dag.py took 0.099 seconds
[2026-03-27T11:48:05.677+0000] {processor.py:186} INFO - Started process (PID=2554) to work on /opt/airflow/dags/db_and_model_update_dag.py
[2026-03-27T11:48:05.679+0000] {processor.py:914} INFO - Processing file /opt/airflow/dags/db_and_model_update_dag.py for tasks to queue
[2026-03-27T11:48:05.681+0000] {logging_mixin.py:190} INFO - [2026-03-27T11:48:05.680+0000] {dagbag.py:588} INFO - Filling up the DagBag from /opt/airflow/dags/db_and_model_update_dag.py
[2026-03-27T11:48:05.700+0000] {processor.py:925} INFO - DAG(s) 'db_and_model_update' retrieved from /opt/airflow/dags/db_and_model_update_dag.py
[2026-03-27T11:48:05.728+0000] {logging_mixin.py:190} INFO - [2026-03-27T11:48:05.728+0000] {dag.py:3239} INFO - Sync 1 DAGs
[2026-03-27T11:48:05.766+0000] {processor.py:208} INFO - Processing /opt/airflow/dags/db_and_model_update_dag.py took 0.095 seconds
[2026-03-27T11:48:35.840+0000] {processor.py:186} INFO - Started process (PID=2564) to work on /opt/airflow/dags/db_and_model_update_dag.py
[2026-03-27T11:48:35.841+0000] {processor.py:914} INFO - Processing file /opt/airflow/dags/db_and_model_update_dag.py for tasks to queue
[2026-03-27T11:48:35.844+0000] {logging_mixin.py:190} INFO - [2026-03-27T11:48:35.844+0000] {dagbag.py:588} INFO - Filling up the DagBag from /opt/airflow/dags/db_and_model_update_dag.py
[2026-03-27T11:48:35.868+0000] {processor.py:925} INFO - DAG(s) 'db_and_model_update' retrieved from /opt/airflow/dags/db_and_model_update_dag.py
[2026-03-27T11:48:35.898+0000] {logging_mixin.py:190} INFO - [2026-03-27T11:48:35.898+0000] {dag.py:3239} INFO - Sync 1 DAGs
[2026-03-27T11:48:35.942+0000] {processor.py:208} INFO - Processing /opt/airflow/dags/db_and_model_update_dag.py took 0.111 seconds
[2026-03-27T11:49:06.033+0000] {processor.py:186} INFO - Started process (PID=2574) to work on /opt/airflow/dags/db_and_model_update_dag.py
[2026-03-27T11:49:06.034+0000] {processor.py:914} INFO - Processing file /opt/airflow/dags/db_and_model_update_dag.py for tasks to queue
[2026-03-27T11:49:06.036+0000] {logging_mixin.py:190} INFO - [2026-03-27T11:49:06.036+0000] {dagbag.py:588} INFO - Filling up the DagBag from /opt/airflow/dags/db_and_model_update_dag.py
[2026-03-27T11:49:06.054+0000] {processor.py:925} INFO - DAG(s) 'db_and_model_update' retrieved from /opt/airflow/dags/db_and_model_update_dag.py
[2026-03-27T11:49:06.081+0000] {logging_mixin.py:190} INFO - [2026-03-27T11:49:06.081+0000] {dag.py:3239} INFO - Sync 1 DAGs
[2026-03-27T11:49:06.120+0000] {processor.py:208} INFO - Processing /opt/airflow/dags/db_and_model_update_dag.py took 0.096 seconds
[2026-03-27T11:49:36.214+0000] {processor.py:186} INFO - Started process (PID=2584) to work on /opt/airflow/dags/db_and_model_update_dag.py
[2026-03-27T11:49:36.216+0000] {processor.py:914} INFO - Processing file /opt/airflow/dags/db_and_model_update_dag.py for tasks to queue
[2026-03-27T11:49:36.219+0000] {logging_mixin.py:190} INFO - [2026-03-27T11:49:36.219+0000] {dagbag.py:588} INFO - Filling up the DagBag from /opt/airflow/dags/db_and_model_update_dag.py
[2026-03-27T11:49:36.238+0000] {processor.py:925} INFO - DAG(s) 'db_and_model_update' retrieved from /opt/airflow/dags/db_and_model_update_dag.py
[2026-03-27T11:49:36.268+0000] {logging_mixin.py:190} INFO - [2026-03-27T11:49:36.267+0000] {dag.py:3239} INFO - Sync 1 DAGs
[2026-03-27T11:49:36.303+0000] {processor.py:208} INFO - Processing /opt/airflow/dags/db_and_model_update_dag.py took 0.098 seconds
[2026-03-27T11:50:06.410+0000] {processor.py:186} INFO - Started process (PID=2594) to work on /opt/airflow/dags/db_and_model_update_dag.py
[2026-03-27T11:50:06.412+0000] {processor.py:914} INFO - Processing file /opt/airflow/dags/db_and_model_update_dag.py for tasks to queue
[2026-03-27T11:50:06.414+0000] {logging_mixin.py:190} INFO - [2026-03-27T11:50:06.414+0000] {dagbag.py:588} INFO - Filling up the DagBag from /opt/airflow/dags/db_and_model_update_dag.py
[2026-03-27T11:50:06.435+0000] {processor.py:925} INFO - DAG(s) 'db_and_model_update' retrieved from /opt/airflow/dags/db_and_model_update_dag.py
[2026-03-27T11:50:06.465+0000] {logging_mixin.py:190} INFO - [2026-03-27T11:50:06.465+0000] {dag.py:3239} INFO - Sync 1 DAGs
[2026-03-27T11:50:06.514+0000] {processor.py:208} INFO - Processing /opt/airflow/dags/db_and_model_update_dag.py took 0.112 seconds
[2026-03-27T11:50:36.647+0000] {processor.py:186} INFO - Started process (PID=2604) to work on /opt/airflow/dags/db_and_model_update_dag.py
[2026-03-27T11:50:36.648+0000] {processor.py:914} INFO - Processing file /opt/airflow/dags/db_and_model_update_dag.py for tasks to queue
[2026-03-27T11:50:36.651+0000] {logging_mixin.py:190} INFO - [2026-03-27T11:50:36.650+0000] {dagbag.py:588} INFO - Filling up the DagBag from /opt/airflow/dags/db_and_model_update_dag.py
[2026-03-27T11:50:36.671+0000] {processor.py:925} INFO - DAG(s) 'db_and_model_update' retrieved from /opt/airflow/dags/db_and_model_update_dag.py
[2026-03-27T11:50:36.701+0000] {logging_mixin.py:190} INFO - [2026-03-27T11:50:36.701+0000] {dag.py:3239} INFO - Sync 1 DAGs
[2026-03-27T11:50:36.745+0000] {processor.py:208} INFO - Processing /opt/airflow/dags/db_and_model_update_dag.py took 0.104 seconds
[2026-03-27T11:51:06.839+0000] {processor.py:186} INFO - Started process (PID=2614) to work on /opt/airflow/dags/db_and_model_update_dag.py
[2026-03-27T11:51:06.840+0000] {processor.py:914} INFO - Processing file /opt/airflow/dags/db_and_model_update_dag.py for tasks to queue
[2026-03-27T11:51:06.842+0000] {logging_mixin.py:190} INFO - [2026-03-27T11:51:06.842+0000] {dagbag.py:588} INFO - Filling up the DagBag from /opt/airflow/dags/db_and_model_update_dag.py
[2026-03-27T11:51:06.862+0000] {processor.py:925} INFO - DAG(s) 'db_and_model_update' retrieved from /opt/airflow/dags/db_and_model_update_dag.py
[2026-03-27T11:51:06.893+0000] {logging_mixin.py:190} INFO - [2026-03-27T11:51:06.893+0000] {dag.py:3239} INFO - Sync 1 DAGs
[2026-03-27T11:51:06.931+0000] {processor.py:208} INFO - Processing /opt/airflow/dags/db_and_model_update_dag.py took 0.101 seconds
[2026-03-27T11:51:37.032+0000] {processor.py:186} INFO - Started process (PID=2624) to work on /opt/airflow/dags/db_and_model_update_dag.py
[2026-03-27T11:51:37.033+0000] {processor.py:914} INFO - Processing file /opt/airflow/dags/db_and_model_update_dag.py for tasks to queue
[2026-03-27T11:51:37.035+0000] {logging_mixin.py:190} INFO - [2026-03-27T11:51:37.035+0000] {dagbag.py:588} INFO - Filling up the DagBag from /opt/airflow/dags/db_and_model_update_dag.py
[2026-03-27T11:51:37.055+0000] {processor.py:925} INFO - DAG(s) 'db_and_model_update' retrieved from /opt/airflow/dags/db_and_model_update_dag.py
[2026-03-27T11:51:37.088+0000] {logging_mixin.py:190} INFO - [2026-03-27T11:51:37.088+0000] {dag.py:3239} INFO - Sync 1 DAGs
[2026-03-27T11:51:37.132+0000] {processor.py:208} INFO - Processing /opt/airflow/dags/db_and_model_update_dag.py took 0.107 seconds
[2026-03-27T11:52:07.220+0000] {processor.py:186} INFO - Started process (PID=2634) to work on /opt/airflow/dags/db_and_model_update_dag.py
[2026-03-27T11:52:07.221+0000] {processor.py:914} INFO - Processing file /opt/airflow/dags/db_and_model_update_dag.py for tasks to queue
[2026-03-27T11:52:07.224+0000] {logging_mixin.py:190} INFO - [2026-03-27T11:52:07.223+0000] {dagbag.py:588} INFO - Filling up the DagBag from /opt/airflow/dags/db_and_model_update_dag.py
[2026-03-27T11:52:07.241+0000] {processor.py:925} INFO - DAG(s) 'db_and_model_update' retrieved from /opt/airflow/dags/db_and_model_update_dag.py
[2026-03-27T11:52:07.268+0000] {logging_mixin.py:190} INFO - [2026-03-27T11:52:07.268+0000] {dag.py:3239} INFO - Sync 1 DAGs
[2026-03-27T11:52:07.310+0000] {processor.py:208} INFO - Processing /opt/airflow/dags/db_and_model_update_dag.py took 0.096 seconds
[2026-03-27T11:52:37.449+0000] {processor.py:186} INFO - Started process (PID=2644) to work on /opt/airflow/dags/db_and_model_update_dag.py
[2026-03-27T11:52:37.450+0000] {processor.py:914} INFO - Processing file /opt/airflow/dags/db_and_model_update_dag.py for tasks to queue
[2026-03-27T11:52:37.453+0000] {logging_mixin.py:190} INFO - [2026-03-27T11:52:37.452+0000] {dagbag.py:588} INFO - Filling up the DagBag from /opt/airflow/dags/db_and_model_update_dag.py
[2026-03-27T11:52:37.473+0000] {processor.py:925} INFO - DAG(s) 'db_and_model_update' retrieved from /opt/airflow/dags/db_and_model_update_dag.py
[2026-03-27T11:52:37.507+0000] {logging_mixin.py:190} INFO - [2026-03-27T11:52:37.507+0000] {dag.py:3239} INFO - Sync 1 DAGs
[2026-03-27T11:52:37.548+0000] {processor.py:208} INFO - Processing /opt/airflow/dags/db_and_model_update_dag.py took 0.107 seconds
[2026-03-27T11:53:07.700+0000] {processor.py:186} INFO - Started process (PID=2654) to work on /opt/airflow/dags/db_and_model_update_dag.py
[2026-03-27T11:53:07.702+0000] {processor.py:914} INFO - Processing file /opt/airflow/dags/db_and_model_update_dag.py for tasks to queue
[2026-03-27T11:53:07.705+0000] {logging_mixin.py:190} INFO - [2026-03-27T11:53:07.704+0000] {dagbag.py:588} INFO - Filling up the DagBag from /opt/airflow/dags/db_and_model_update_dag.py
[2026-03-27T11:53:07.733+0000] {processor.py:925} INFO - DAG(s) 'db_and_model_update' retrieved from /opt/airflow/dags/db_and_model_update_dag.py
[2026-03-27T11:53:07.769+0000] {logging_mixin.py:190} INFO - [2026-03-27T11:53:07.769+0000] {dag.py:3239} INFO - Sync 1 DAGs
[2026-03-27T11:53:07.811+0000] {processor.py:208} INFO - Processing /opt/airflow/dags/db_and_model_update_dag.py took 0.118 seconds
[2026-03-27T11:53:37.922+0000] {processor.py:186} INFO - Started process (PID=2664) to work on /opt/airflow/dags/db_and_model_update_dag.py
[2026-03-27T11:53:37.923+0000] {processor.py:914} INFO - Processing file /opt/airflow/dags/db_and_model_update_dag.py for tasks to queue
[2026-03-27T11:53:37.925+0000] {logging_mixin.py:190} INFO - [2026-03-27T11:53:37.925+0000] {dagbag.py:588} INFO - Filling up the DagBag from /opt/airflow/dags/db_and_model_update_dag.py
[2026-03-27T11:53:37.943+0000] {processor.py:925} INFO - DAG(s) 'db_and_model_update' retrieved from /opt/airflow/dags/db_and_model_update_dag.py
[2026-03-27T11:53:37.971+0000] {logging_mixin.py:190} INFO - [2026-03-27T11:53:37.971+0000] {dag.py:3239} INFO - Sync 1 DAGs
[2026-03-27T11:53:38.059+0000] {processor.py:208} INFO - Processing /opt/airflow/dags/db_and_model_update_dag.py took 0.144 seconds
[2026-03-27T11:54:08.145+0000] {processor.py:186} INFO - Started process (PID=2674) to work on /opt/airflow/dags/db_and_model_update_dag.py
[2026-03-27T11:54:08.146+0000] {processor.py:914} INFO - Processing file /opt/airflow/dags/db_and_model_update_dag.py for tasks to queue
[2026-03-27T11:54:08.149+0000] {logging_mixin.py:190} INFO - [2026-03-27T11:54:08.149+0000] {dagbag.py:588} INFO - Filling up the DagBag from /opt/airflow/dags/db_and_model_update_dag.py
[2026-03-27T11:54:08.170+0000] {processor.py:925} INFO - DAG(s) 'db_and_model_update' retrieved from /opt/airflow/dags/db_and_model_update_dag.py
[2026-03-27T11:54:08.202+0000] {logging_mixin.py:190} INFO - [2026-03-27T11:54:08.202+0000] {dag.py:3239} INFO - Sync 1 DAGs
[2026-03-27T11:54:08.247+0000] {processor.py:208} INFO - Processing /opt/airflow/dags/db_and_model_update_dag.py took 0.110 seconds
[2026-03-27T11:54:38.339+0000] {processor.py:186} INFO - Started process (PID=2684) to work on /opt/airflow/dags/db_and_model_update_dag.py
[2026-03-27T11:54:38.340+0000] {processor.py:914} INFO - Processing file /opt/airflow/dags/db_and_model_update_dag.py for tasks to queue
[2026-03-27T11:54:38.341+0000] {logging_mixin.py:190} INFO - [2026-03-27T11:54:38.341+0000] {dagbag.py:588} INFO - Filling up the DagBag from /opt/airflow/dags/db_and_model_update_dag.py
[2026-03-27T11:54:38.360+0000] {processor.py:925} INFO - DAG(s) 'db_and_model_update' retrieved from /opt/airflow/dags/db_and_model_update_dag.py
[2026-03-27T11:54:38.391+0000] {logging_mixin.py:190} INFO - [2026-03-27T11:54:38.391+0000] {dag.py:3239} INFO - Sync 1 DAGs
[2026-03-27T11:54:38.438+0000] {processor.py:208} INFO - Processing /opt/airflow/dags/db_and_model_update_dag.py took 0.106 seconds
[2026-03-27T11:55:08.522+0000] {processor.py:186} INFO - Started process (PID=2694) to work on /opt/airflow/dags/db_and_model_update_dag.py
[2026-03-27T11:55:08.523+0000] {processor.py:914} INFO - Processing file /opt/airflow/dags/db_and_model_update_dag.py for tasks to queue
[2026-03-27T11:55:08.526+0000] {logging_mixin.py:190} INFO - [2026-03-27T11:55:08.526+0000] {dagbag.py:588} INFO - Filling up the DagBag from /opt/airflow/dags/db_and_model_update_dag.py
[2026-03-27T11:55:08.547+0000] {processor.py:925} INFO - DAG(s) 'db_and_model_update' retrieved from /opt/airflow/dags/db_and_model_update_dag.py
[2026-03-27T11:55:08.576+0000] {logging_mixin.py:190} INFO - [2026-03-27T11:55:08.576+0000] {dag.py:3239} INFO - Sync 1 DAGs
[2026-03-27T11:55:08.611+0000] {processor.py:208} INFO - Processing /opt/airflow/dags/db_and_model_update_dag.py took 0.096 seconds
[2026-03-27T11:55:38.690+0000] {processor.py:186} INFO - Started process (PID=2704) to work on /opt/airflow/dags/db_and_model_update_dag.py
[2026-03-27T11:55:38.691+0000] {processor.py:914} INFO - Processing file /opt/airflow/dags/db_and_model_update_dag.py for tasks to queue
[2026-03-27T11:55:38.693+0000] {logging_mixin.py:190} INFO - [2026-03-27T11:55:38.693+0000] {dagbag.py:588} INFO - Filling up the DagBag from /opt/airflow/dags/db_and_model_update_dag.py
[2026-03-27T11:55:38.714+0000] {processor.py:925} INFO - DAG(s) 'db_and_model_update' retrieved from /opt/airflow/dags/db_and_model_update_dag.py
[2026-03-27T11:55:38.745+0000] {logging_mixin.py:190} INFO - [2026-03-27T11:55:38.744+0000] {dag.py:3239} INFO - Sync 1 DAGs
[2026-03-27T11:55:38.790+0000] {processor.py:208} INFO - Processing /opt/airflow/dags/db_and_model_update_dag.py took 0.107 seconds
[2026-03-27T11:56:09.379+0000] {processor.py:186} INFO - Started process (PID=2714) to work on /opt/airflow/dags/db_and_model_update_dag.py
[2026-03-27T11:56:09.380+0000] {processor.py:914} INFO - Processing file /opt/airflow/dags/db_and_model_update_dag.py for tasks to queue
[2026-03-27T11:56:09.382+0000] {logging_mixin.py:190} INFO - [2026-03-27T11:56:09.381+0000] {dagbag.py:588} INFO - Filling up the DagBag from /opt/airflow/dags/db_and_model_update_dag.py
[2026-03-27T11:56:09.403+0000] {processor.py:925} INFO - DAG(s) 'db_and_model_update' retrieved from /opt/airflow/dags/db_and_model_update_dag.py
[2026-03-27T11:56:09.432+0000] {logging_mixin.py:190} INFO - [2026-03-27T11:56:09.431+0000] {dag.py:3239} INFO - Sync 1 DAGs
[2026-03-27T11:56:09.540+0000] {processor.py:208} INFO - Processing /opt/airflow/dags/db_and_model_update_dag.py took 0.168 seconds
[2026-03-27T11:56:40.189+0000] {processor.py:186} INFO - Started process (PID=2724) to work on /opt/airflow/dags/db_and_model_update_dag.py
[2026-03-27T11:56:40.191+0000] {processor.py:914} INFO - Processing file /opt/airflow/dags/db_and_model_update_dag.py for tasks to queue
[2026-03-27T11:56:40.194+0000] {logging_mixin.py:190} INFO - [2026-03-27T11:56:40.193+0000] {dagbag.py:588} INFO - Filling up the DagBag from /opt/airflow/dags/db_and_model_update_dag.py
[2026-03-27T11:56:40.217+0000] {processor.py:925} INFO - DAG(s) 'db_and_model_update' retrieved from /opt/airflow/dags/db_and_model_update_dag.py
[2026-03-27T11:56:40.252+0000] {logging_mixin.py:190} INFO - [2026-03-27T11:56:40.251+0000] {dag.py:3239} INFO - Sync 1 DAGs
[2026-03-27T11:56:40.301+0000] {processor.py:208} INFO - Processing /opt/airflow/dags/db_and_model_update_dag.py took 0.119 seconds
[2026-03-27T11:57:10.887+0000] {processor.py:186} INFO - Started process (PID=2734) to work on /opt/airflow/dags/db_and_model_update_dag.py
[2026-03-27T11:57:10.888+0000] {processor.py:914} INFO - Processing file /opt/airflow/dags/db_and_model_update_dag.py for tasks to queue
[2026-03-27T11:57:10.890+0000] {logging_mixin.py:190} INFO - [2026-03-27T11:57:10.890+0000] {dagbag.py:588} INFO - Filling up the DagBag from /opt/airflow/dags/db_and_model_update_dag.py
[2026-03-27T11:57:10.915+0000] {processor.py:925} INFO - DAG(s) 'db_and_model_update' retrieved from /opt/airflow/dags/db_and_model_update_dag.py
[2026-03-27T11:57:10.944+0000] {logging_mixin.py:190} INFO - [2026-03-27T11:57:10.943+0000] {dag.py:3239} INFO - Sync 1 DAGs
[2026-03-27T11:57:11.005+0000] {processor.py:208} INFO - Processing /opt/airflow/dags/db_and_model_update_dag.py took 0.125 seconds
[2026-03-27T11:57:41.571+0000] {processor.py:186} INFO - Started process (PID=2744) to work on /opt/airflow/dags/db_and_model_update_dag.py
[2026-03-27T11:57:41.572+0000] {processor.py:914} INFO - Processing file /opt/airflow/dags/db_and_model_update_dag.py for tasks to queue
[2026-03-27T11:57:41.574+0000] {logging_mixin.py:190} INFO - [2026-03-27T11:57:41.574+0000] {dagbag.py:588} INFO - Filling up the DagBag from /opt/airflow/dags/db_and_model_update_dag.py
[2026-03-27T11:57:41.592+0000] {processor.py:925} INFO - DAG(s) 'db_and_model_update' retrieved from /opt/airflow/dags/db_and_model_update_dag.py
[2026-03-27T11:57:41.622+0000] {logging_mixin.py:190} INFO - [2026-03-27T11:57:41.622+0000] {dag.py:3239} INFO - Sync 1 DAGs
[2026-03-27T11:57:41.665+0000] {processor.py:208} INFO - Processing /opt/airflow/dags/db_and_model_update_dag.py took 0.101 seconds
[2026-03-27T11:58:12.421+0000] {processor.py:186} INFO - Started process (PID=2754) to work on /opt/airflow/dags/db_and_model_update_dag.py
[2026-03-27T11:58:12.425+0000] {processor.py:914} INFO - Processing file /opt/airflow/dags/db_and_model_update_dag.py for tasks to queue
[2026-03-27T11:58:12.429+0000] {logging_mixin.py:190} INFO - [2026-03-27T11:58:12.428+0000] {dagbag.py:588} INFO - Filling up the DagBag from /opt/airflow/dags/db_and_model_update_dag.py
[2026-03-27T11:58:12.463+0000] {processor.py:925} INFO - DAG(s) 'db_and_model_update' retrieved from /opt/airflow/dags/db_and_model_update_dag.py
[2026-03-27T11:58:12.498+0000] {logging_mixin.py:190} INFO - [2026-03-27T11:58:12.498+0000] {dag.py:3239} INFO - Sync 1 DAGs
[2026-03-27T11:58:12.560+0000] {processor.py:208} INFO - Processing /opt/airflow/dags/db_and_model_update_dag.py took 0.154 seconds
[2026-03-27T11:58:43.276+0000] {processor.py:186} INFO - Started process (PID=2764) to work on /opt/airflow/dags/db_and_model_update_dag.py
[2026-03-27T11:58:43.277+0000] {processor.py:914} INFO - Processing file /opt/airflow/dags/db_and_model_update_dag.py for tasks to queue
[2026-03-27T11:58:43.280+0000] {logging_mixin.py:190} INFO - [2026-03-27T11:58:43.279+0000] {dagbag.py:588} INFO - Filling up the DagBag from /opt/airflow/dags/db_and_model_update_dag.py
[2026-03-27T11:58:43.299+0000] {processor.py:925} INFO - DAG(s) 'db_and_model_update' retrieved from /opt/airflow/dags/db_and_model_update_dag.py
[2026-03-27T11:58:43.326+0000] {logging_mixin.py:190} INFO - [2026-03-27T11:58:43.326+0000] {dag.py:3239} INFO - Sync 1 DAGs
[2026-03-27T11:58:43.370+0000] {processor.py:208} INFO - Processing /opt/airflow/dags/db_and_model_update_dag.py took 0.101 seconds
[2026-03-27T11:59:13.857+0000] {processor.py:186} INFO - Started process (PID=2774) to work on /opt/airflow/dags/db_and_model_update_dag.py
[2026-03-27T11:59:13.858+0000] {processor.py:914} INFO - Processing file /opt/airflow/dags/db_and_model_update_dag.py for tasks to queue
[2026-03-27T11:59:13.864+0000] {logging_mixin.py:190} INFO - [2026-03-27T11:59:13.863+0000] {dagbag.py:588} INFO - Filling up the DagBag from /opt/airflow/dags/db_and_model_update_dag.py
[2026-03-27T11:59:13.882+0000] {processor.py:925} INFO - DAG(s) 'db_and_model_update' retrieved from /opt/airflow/dags/db_and_model_update_dag.py
[2026-03-27T11:59:13.910+0000] {logging_mixin.py:190} INFO - [2026-03-27T11:59:13.910+0000] {dag.py:3239} INFO - Sync 1 DAGs
[2026-03-27T11:59:13.955+0000] {processor.py:208} INFO - Processing /opt/airflow/dags/db_and_model_update_dag.py took 0.105 seconds
[2026-03-27T11:59:44.635+0000] {processor.py:186} INFO - Started process (PID=2784) to work on /opt/airflow/dags/db_and_model_update_dag.py
[2026-03-27T11:59:44.636+0000] {processor.py:914} INFO - Processing file /opt/airflow/dags/db_and_model_update_dag.py for tasks to queue
[2026-03-27T11:59:44.638+0000] {logging_mixin.py:190} INFO - [2026-03-27T11:59:44.638+0000] {dagbag.py:588} INFO - Filling up the DagBag from /opt/airflow/dags/db_and_model_update_dag.py
[2026-03-27T11:59:44.658+0000] {processor.py:925} INFO - DAG(s) 'db_and_model_update' retrieved from /opt/airflow/dags/db_and_model_update_dag.py
[2026-03-27T11:59:44.693+0000] {logging_mixin.py:190} INFO - [2026-03-27T11:59:44.693+0000] {dag.py:3239} INFO - Sync 1 DAGs
[2026-03-27T11:59:44.740+0000] {processor.py:208} INFO - Processing /opt/airflow/dags/db_and_model_update_dag.py took 0.113 seconds
[2026-03-27T12:00:15.203+0000] {processor.py:186} INFO - Started process (PID=2794) to work on /opt/airflow/dags/db_and_model_update_dag.py
[2026-03-27T12:00:15.204+0000] {processor.py:914} INFO - Processing file /opt/airflow/dags/db_and_model_update_dag.py for tasks to queue
[2026-03-27T12:00:15.207+0000] {logging_mixin.py:190} INFO - [2026-03-27T12:00:15.207+0000] {dagbag.py:588} INFO - Filling up the DagBag from /opt/airflow/dags/db_and_model_update_dag.py
[2026-03-27T12:00:15.233+0000] {processor.py:925} INFO - DAG(s) 'db_and_model_update' retrieved from /opt/airflow/dags/db_and_model_update_dag.py
[2026-03-27T12:00:15.261+0000] {logging_mixin.py:190} INFO - [2026-03-27T12:00:15.260+0000] {dag.py:3239} INFO - Sync 1 DAGs
[2026-03-27T12:00:15.298+0000] {processor.py:208} INFO - Processing /opt/airflow/dags/db_and_model_update_dag.py took 0.103 seconds
[2026-03-27T12:00:45.889+0000] {processor.py:186} INFO - Started process (PID=2804) to work on /opt/airflow/dags/db_and_model_update_dag.py
[2026-03-27T12:00:45.890+0000] {processor.py:914} INFO - Processing file /opt/airflow/dags/db_and_model_update_dag.py for tasks to queue
[2026-03-27T12:00:45.892+0000] {logging_mixin.py:190} INFO - [2026-03-27T12:00:45.891+0000] {dagbag.py:588} INFO - Filling up the DagBag from /opt/airflow/dags/db_and_model_update_dag.py
[2026-03-27T12:00:45.930+0000] {processor.py:925} INFO - DAG(s) 'db_and_model_update' retrieved from /opt/airflow/dags/db_and_model_update_dag.py
[2026-03-27T12:00:45.961+0000] {logging_mixin.py:190} INFO - [2026-03-27T12:00:45.961+0000] {dag.py:3239} INFO - Sync 1 DAGs
[2026-03-27T12:00:46.007+0000] {processor.py:208} INFO - Processing /opt/airflow/dags/db_and_model_update_dag.py took 0.124 seconds
[2026-03-27T12:01:16.749+0000] {processor.py:186} INFO - Started process (PID=2814) to work on /opt/airflow/dags/db_and_model_update_dag.py
[2026-03-27T12:01:16.751+0000] {processor.py:914} INFO - Processing file /opt/airflow/dags/db_and_model_update_dag.py for tasks to queue
[2026-03-27T12:01:16.753+0000] {logging_mixin.py:190} INFO - [2026-03-27T12:01:16.753+0000] {dagbag.py:588} INFO - Filling up the DagBag from /opt/airflow/dags/db_and_model_update_dag.py
[2026-03-27T12:01:16.779+0000] {processor.py:925} INFO - DAG(s) 'db_and_model_update' retrieved from /opt/airflow/dags/db_and_model_update_dag.py
[2026-03-27T12:01:16.814+0000] {logging_mixin.py:190} INFO - [2026-03-27T12:01:16.814+0000] {dag.py:3239} INFO - Sync 1 DAGs
[2026-03-27T12:01:16.871+0000] {processor.py:208} INFO - Processing /opt/airflow/dags/db_and_model_update_dag.py took 0.132 seconds
[2026-03-27T12:01:47.341+0000] {processor.py:186} INFO - Started process (PID=2824) to work on /opt/airflow/dags/db_and_model_update_dag.py
[2026-03-27T12:01:47.343+0000] {processor.py:914} INFO - Processing file /opt/airflow/dags/db_and_model_update_dag.py for tasks to queue
[2026-03-27T12:01:47.347+0000] {logging_mixin.py:190} INFO - [2026-03-27T12:01:47.347+0000] {dagbag.py:588} INFO - Filling up the DagBag from /opt/airflow/dags/db_and_model_update_dag.py
[2026-03-27T12:01:47.373+0000] {processor.py:925} INFO - DAG(s) 'db_and_model_update' retrieved from /opt/airflow/dags/db_and_model_update_dag.py
[2026-03-27T12:01:47.407+0000] {logging_mixin.py:190} INFO - [2026-03-27T12:01:47.407+0000] {dag.py:3239} INFO - Sync 1 DAGs
[2026-03-27T12:01:47.466+0000] {processor.py:208} INFO - Processing /opt/airflow/dags/db_and_model_update_dag.py took 0.133 seconds
[2026-03-27T12:02:18.066+0000] {processor.py:186} INFO - Started process (PID=2834) to work on /opt/airflow/dags/db_and_model_update_dag.py
[2026-03-27T12:02:18.067+0000] {processor.py:914} INFO - Processing file /opt/airflow/dags/db_and_model_update_dag.py for tasks to queue
[2026-03-27T12:02:18.069+0000] {logging_mixin.py:190} INFO - [2026-03-27T12:02:18.069+0000] {dagbag.py:588} INFO - Filling up the DagBag from /opt/airflow/dags/db_and_model_update_dag.py
[2026-03-27T12:02:18.092+0000] {processor.py:925} INFO - DAG(s) 'db_and_model_update' retrieved from /opt/airflow/dags/db_and_model_update_dag.py
[2026-03-27T12:02:18.120+0000] {logging_mixin.py:190} INFO - [2026-03-27T12:02:18.120+0000] {dag.py:3239} INFO - Sync 1 DAGs
[2026-03-27T12:02:18.155+0000] {processor.py:208} INFO - Processing /opt/airflow/dags/db_and_model_update_dag.py took 0.095 seconds
[2026-03-27T12:02:48.239+0000] {processor.py:186} INFO - Started process (PID=2844) to work on /opt/airflow/dags/db_and_model_update_dag.py
[2026-03-27T12:02:48.240+0000] {processor.py:914} INFO - Processing file /opt/airflow/dags/db_and_model_update_dag.py for tasks to queue
[2026-03-27T12:02:48.254+0000] {logging_mixin.py:190} INFO - [2026-03-27T12:02:48.254+0000] {dagbag.py:588} INFO - Filling up the DagBag from /opt/airflow/dags/db_and_model_update_dag.py
[2026-03-27T12:02:48.272+0000] {processor.py:925} INFO - DAG(s) 'db_and_model_update' retrieved from /opt/airflow/dags/db_and_model_update_dag.py
[2026-03-27T12:02:48.304+0000] {logging_mixin.py:190} INFO - [2026-03-27T12:02:48.303+0000] {dag.py:3239} INFO - Sync 1 DAGs
[2026-03-27T12:02:48.344+0000] {processor.py:208} INFO - Processing /opt/airflow/dags/db_and_model_update_dag.py took 0.114 seconds
[2026-03-27T12:03:18.942+0000] {processor.py:186} INFO - Started process (PID=2854) to work on /opt/airflow/dags/db_and_model_update_dag.py
[2026-03-27T12:03:18.943+0000] {processor.py:914} INFO - Processing file /opt/airflow/dags/db_and_model_update_dag.py for tasks to queue
[2026-03-27T12:03:18.946+0000] {logging_mixin.py:190} INFO - [2026-03-27T12:03:18.945+0000] {dagbag.py:588} INFO - Filling up the DagBag from /opt/airflow/dags/db_and_model_update_dag.py
[2026-03-27T12:03:18.968+0000] {processor.py:925} INFO - DAG(s) 'db_and_model_update' retrieved from /opt/airflow/dags/db_and_model_update_dag.py
[2026-03-27T12:03:18.997+0000] {logging_mixin.py:190} INFO - [2026-03-27T12:03:18.997+0000] {dag.py:3239} INFO - Sync 1 DAGs
[2026-03-27T12:03:19.035+0000] {processor.py:208} INFO - Processing /opt/airflow/dags/db_and_model_update_dag.py took 0.102 seconds
[2026-03-27T12:03:49.685+0000] {processor.py:186} INFO - Started process (PID=2864) to work on /opt/airflow/dags/db_and_model_update_dag.py
[2026-03-27T12:03:49.688+0000] {processor.py:914} INFO - Processing file /opt/airflow/dags/db_and_model_update_dag.py for tasks to queue
[2026-03-27T12:03:49.691+0000] {logging_mixin.py:190} INFO - [2026-03-27T12:03:49.690+0000] {dagbag.py:588} INFO - Filling up the DagBag from /opt/airflow/dags/db_and_model_update_dag.py
[2026-03-27T12:03:49.709+0000] {processor.py:925} INFO - DAG(s) 'db_and_model_update' retrieved from /opt/airflow/dags/db_and_model_update_dag.py
[2026-03-27T12:03:49.737+0000] {logging_mixin.py:190} INFO - [2026-03-27T12:03:49.737+0000] {dag.py:3239} INFO - Sync 1 DAGs
[2026-03-27T12:03:49.777+0000] {processor.py:208} INFO - Processing /opt/airflow/dags/db_and_model_update_dag.py took 0.099 seconds
[2026-03-27T12:04:20.297+0000] {processor.py:186} INFO - Started process (PID=2874) to work on /opt/airflow/dags/db_and_model_update_dag.py
[2026-03-27T12:04:20.298+0000] {processor.py:914} INFO - Processing file /opt/airflow/dags/db_and_model_update_dag.py for tasks to queue
[2026-03-27T12:04:20.302+0000] {logging_mixin.py:190} INFO - [2026-03-27T12:04:20.302+0000] {dagbag.py:588} INFO - Filling up the DagBag from /opt/airflow/dags/db_and_model_update_dag.py
[2026-03-27T12:04:20.320+0000] {processor.py:925} INFO - DAG(s) 'db_and_model_update' retrieved from /opt/airflow/dags/db_and_model_update_dag.py
[2026-03-27T12:04:20.353+0000] {logging_mixin.py:190} INFO - [2026-03-27T12:04:20.352+0000] {dag.py:3239} INFO - Sync 1 DAGs
[2026-03-27T12:04:20.405+0000] {processor.py:208} INFO - Processing /opt/airflow/dags/db_and_model_update_dag.py took 0.115 seconds
[2026-03-27T12:04:50.966+0000] {processor.py:186} INFO - Started process (PID=2884) to work on /opt/airflow/dags/db_and_model_update_dag.py
[2026-03-27T12:04:50.967+0000] {processor.py:914} INFO - Processing file /opt/airflow/dags/db_and_model_update_dag.py for tasks to queue
[2026-03-27T12:04:50.970+0000] {logging_mixin.py:190} INFO - [2026-03-27T12:04:50.969+0000] {dagbag.py:588} INFO - Filling up the DagBag from /opt/airflow/dags/db_and_model_update_dag.py
[2026-03-27T12:04:50.995+0000] {processor.py:925} INFO - DAG(s) 'db_and_model_update' retrieved from /opt/airflow/dags/db_and_model_update_dag.py
[2026-03-27T12:04:51.026+0000] {logging_mixin.py:190} INFO - [2026-03-27T12:04:51.026+0000] {dag.py:3239} INFO - Sync 1 DAGs
[2026-03-27T12:04:51.065+0000] {processor.py:208} INFO - Processing /opt/airflow/dags/db_and_model_update_dag.py took 0.106 seconds
[2026-03-27T12:05:21.621+0000] {processor.py:186} INFO - Started process (PID=2894) to work on /opt/airflow/dags/db_and_model_update_dag.py
[2026-03-27T12:05:21.622+0000] {processor.py:914} INFO - Processing file /opt/airflow/dags/db_and_model_update_dag.py for tasks to queue
[2026-03-27T12:05:21.624+0000] {logging_mixin.py:190} INFO - [2026-03-27T12:05:21.624+0000] {dagbag.py:588} INFO - Filling up the DagBag from /opt/airflow/dags/db_and_model_update_dag.py
[2026-03-27T12:05:21.642+0000] {processor.py:925} INFO - DAG(s) 'db_and_model_update' retrieved from /opt/airflow/dags/db_and_model_update_dag.py
[2026-03-27T12:05:21.672+0000] {logging_mixin.py:190} INFO - [2026-03-27T12:05:21.671+0000] {dag.py:3239} INFO - Sync 1 DAGs
[2026-03-27T12:05:21.711+0000] {processor.py:208} INFO - Processing /opt/airflow/dags/db_and_model_update_dag.py took 0.096 seconds
[2026-03-27T12:05:52.352+0000] {processor.py:186} INFO - Started process (PID=2904) to work on /opt/airflow/dags/db_and_model_update_dag.py
[2026-03-27T12:05:52.354+0000] {processor.py:914} INFO - Processing file /opt/airflow/dags/db_and_model_update_dag.py for tasks to queue
[2026-03-27T12:05:52.356+0000] {logging_mixin.py:190} INFO - [2026-03-27T12:05:52.356+0000] {dagbag.py:588} INFO - Filling up the DagBag from /opt/airflow/dags/db_and_model_update_dag.py
[2026-03-27T12:05:52.375+0000] {processor.py:925} INFO - DAG(s) 'db_and_model_update' retrieved from /opt/airflow/dags/db_and_model_update_dag.py
[2026-03-27T12:05:52.406+0000] {logging_mixin.py:190} INFO - [2026-03-27T12:05:52.406+0000] {dag.py:3239} INFO - Sync 1 DAGs
[2026-03-27T12:05:52.444+0000] {processor.py:208} INFO - Processing /opt/airflow/dags/db_and_model_update_dag.py took 0.099 seconds
[2026-03-27T12:06:23.030+0000] {processor.py:186} INFO - Started process (PID=2914) to work on /opt/airflow/dags/db_and_model_update_dag.py
[2026-03-27T12:06:23.031+0000] {processor.py:914} INFO - Processing file /opt/airflow/dags/db_and_model_update_dag.py for tasks to queue
[2026-03-27T12:06:23.033+0000] {logging_mixin.py:190} INFO - [2026-03-27T12:06:23.033+0000] {dagbag.py:588} INFO - Filling up the DagBag from /opt/airflow/dags/db_and_model_update_dag.py
[2026-03-27T12:06:23.053+0000] {processor.py:925} INFO - DAG(s) 'db_and_model_update' retrieved from /opt/airflow/dags/db_and_model_update_dag.py
[2026-03-27T12:06:23.081+0000] {logging_mixin.py:190} INFO - [2026-03-27T12:06:23.081+0000] {dag.py:3239} INFO - Sync 1 DAGs
[2026-03-27T12:06:23.120+0000] {processor.py:208} INFO - Processing /opt/airflow/dags/db_and_model_update_dag.py took 0.097 seconds
[2026-03-27T12:06:53.750+0000] {processor.py:186} INFO - Started process (PID=2924) to work on /opt/airflow/dags/db_and_model_update_dag.py
[2026-03-27T12:06:53.751+0000] {processor.py:914} INFO - Processing file /opt/airflow/dags/db_and_model_update_dag.py for tasks to queue
[2026-03-27T12:06:53.753+0000] {logging_mixin.py:190} INFO - [2026-03-27T12:06:53.753+0000] {dagbag.py:588} INFO - Filling up the DagBag from /opt/airflow/dags/db_and_model_update_dag.py
[2026-03-27T12:06:53.771+0000] {processor.py:925} INFO - DAG(s) 'db_and_model_update' retrieved from /opt/airflow/dags/db_and_model_update_dag.py
[2026-03-27T12:06:53.798+0000] {logging_mixin.py:190} INFO - [2026-03-27T12:06:53.798+0000] {dag.py:3239} INFO - Sync 1 DAGs
[2026-03-27T12:06:53.836+0000] {processor.py:208} INFO - Processing /opt/airflow/dags/db_and_model_update_dag.py took 0.092 seconds
[2026-03-27T12:07:24.296+0000] {processor.py:186} INFO - Started process (PID=2934) to work on /opt/airflow/dags/db_and_model_update_dag.py
[2026-03-27T12:07:24.298+0000] {processor.py:914} INFO - Processing file /opt/airflow/dags/db_and_model_update_dag.py for tasks to queue
[2026-03-27T12:07:24.302+0000] {logging_mixin.py:190} INFO - [2026-03-27T12:07:24.300+0000] {dagbag.py:588} INFO - Filling up the DagBag from /opt/airflow/dags/db_and_model_update_dag.py
[2026-03-27T12:07:24.326+0000] {processor.py:925} INFO - DAG(s) 'db_and_model_update' retrieved from /opt/airflow/dags/db_and_model_update_dag.py
[2026-03-27T12:07:24.357+0000] {logging_mixin.py:190} INFO - [2026-03-27T12:07:24.356+0000] {dag.py:3239} INFO - Sync 1 DAGs
[2026-03-27T12:07:24.465+0000] {processor.py:208} INFO - Processing /opt/airflow/dags/db_and_model_update_dag.py took 0.176 seconds
[2026-03-27T12:07:54.976+0000] {processor.py:186} INFO - Started process (PID=2944) to work on /opt/airflow/dags/db_and_model_update_dag.py
[2026-03-27T12:07:54.977+0000] {processor.py:914} INFO - Processing file /opt/airflow/dags/db_and_model_update_dag.py for tasks to queue
[2026-03-27T12:07:54.980+0000] {logging_mixin.py:190} INFO - [2026-03-27T12:07:54.980+0000] {dagbag.py:588} INFO - Filling up the DagBag from /opt/airflow/dags/db_and_model_update_dag.py
[2026-03-27T12:07:55.000+0000] {processor.py:925} INFO - DAG(s) 'db_and_model_update' retrieved from /opt/airflow/dags/db_and_model_update_dag.py
[2026-03-27T12:07:55.032+0000] {logging_mixin.py:190} INFO - [2026-03-27T12:07:55.032+0000] {dag.py:3239} INFO - Sync 1 DAGs
[2026-03-27T12:07:55.065+0000] {processor.py:208} INFO - Processing /opt/airflow/dags/db_and_model_update_dag.py took 0.096 seconds
[2026-03-27T12:08:25.589+0000] {processor.py:186} INFO - Started process (PID=2954) to work on /opt/airflow/dags/db_and_model_update_dag.py
[2026-03-27T12:08:25.590+0000] {processor.py:914} INFO - Processing file /opt/airflow/dags/db_and_model_update_dag.py for tasks to queue
[2026-03-27T12:08:25.593+0000] {logging_mixin.py:190} INFO - [2026-03-27T12:08:25.592+0000] {dagbag.py:588} INFO - Filling up the DagBag from /opt/airflow/dags/db_and_model_update_dag.py
[2026-03-27T12:08:25.616+0000] {processor.py:925} INFO - DAG(s) 'db_and_model_update' retrieved from /opt/airflow/dags/db_and_model_update_dag.py
[2026-03-27T12:08:25.645+0000] {logging_mixin.py:190} INFO - [2026-03-27T12:08:25.645+0000] {dag.py:3239} INFO - Sync 1 DAGs
[2026-03-27T12:08:25.687+0000] {processor.py:208} INFO - Processing /opt/airflow/dags/db_and_model_update_dag.py took 0.105 seconds
[2026-03-27T12:08:56.191+0000] {processor.py:186} INFO - Started process (PID=2964) to work on /opt/airflow/dags/db_and_model_update_dag.py
[2026-03-27T12:08:56.193+0000] {processor.py:914} INFO - Processing file /opt/airflow/dags/db_and_model_update_dag.py for tasks to queue
[2026-03-27T12:08:56.195+0000] {logging_mixin.py:190} INFO - [2026-03-27T12:08:56.195+0000] {dagbag.py:588} INFO - Filling up the DagBag from /opt/airflow/dags/db_and_model_update_dag.py
[2026-03-27T12:08:56.215+0000] {processor.py:925} INFO - DAG(s) 'db_and_model_update' retrieved from /opt/airflow/dags/db_and_model_update_dag.py
[2026-03-27T12:08:56.245+0000] {logging_mixin.py:190} INFO - [2026-03-27T12:08:56.244+0000] {dag.py:3239} INFO - Sync 1 DAGs
[2026-03-27T12:08:56.289+0000] {processor.py:208} INFO - Processing /opt/airflow/dags/db_and_model_update_dag.py took 0.106 seconds
[2026-03-27T12:09:26.793+0000] {processor.py:186} INFO - Started process (PID=2974) to work on /opt/airflow/dags/db_and_model_update_dag.py
[2026-03-27T12:09:26.795+0000] {processor.py:914} INFO - Processing file /opt/airflow/dags/db_and_model_update_dag.py for tasks to queue
[2026-03-27T12:09:26.797+0000] {logging_mixin.py:190} INFO - [2026-03-27T12:09:26.797+0000] {dagbag.py:588} INFO - Filling up the DagBag from /opt/airflow/dags/db_and_model_update_dag.py
[2026-03-27T12:09:26.820+0000] {processor.py:925} INFO - DAG(s) 'db_and_model_update' retrieved from /opt/airflow/dags/db_and_model_update_dag.py
[2026-03-27T12:09:26.852+0000] {logging_mixin.py:190} INFO - [2026-03-27T12:09:26.851+0000] {dag.py:3239} INFO - Sync 1 DAGs
[2026-03-27T12:09:26.892+0000] {processor.py:208} INFO - Processing /opt/airflow/dags/db_and_model_update_dag.py took 0.106 seconds
[2026-03-27T12:09:57.502+0000] {processor.py:186} INFO - Started process (PID=2984) to work on /opt/airflow/dags/db_and_model_update_dag.py
[2026-03-27T12:09:57.504+0000] {processor.py:914} INFO - Processing file /opt/airflow/dags/db_and_model_update_dag.py for tasks to queue
[2026-03-27T12:09:57.508+0000] {logging_mixin.py:190} INFO - [2026-03-27T12:09:57.507+0000] {dagbag.py:588} INFO - Filling up the DagBag from /opt/airflow/dags/db_and_model_update_dag.py
[2026-03-27T12:09:57.536+0000] {processor.py:925} INFO - DAG(s) 'db_and_model_update' retrieved from /opt/airflow/dags/db_and_model_update_dag.py
[2026-03-27T12:09:57.576+0000] {logging_mixin.py:190} INFO - [2026-03-27T12:09:57.576+0000] {dag.py:3239} INFO - Sync 1 DAGs
[2026-03-27T12:09:57.634+0000] {processor.py:208} INFO - Processing /opt/airflow/dags/db_and_model_update_dag.py took 0.142 seconds
[2026-03-27T12:10:28.246+0000] {processor.py:186} INFO - Started process (PID=2994) to work on /opt/airflow/dags/db_and_model_update_dag.py
[2026-03-27T12:10:28.247+0000] {processor.py:914} INFO - Processing file /opt/airflow/dags/db_and_model_update_dag.py for tasks to queue
[2026-03-27T12:10:28.249+0000] {logging_mixin.py:190} INFO - [2026-03-27T12:10:28.249+0000] {dagbag.py:588} INFO - Filling up the DagBag from /opt/airflow/dags/db_and_model_update_dag.py
[2026-03-27T12:10:28.275+0000] {processor.py:925} INFO - DAG(s) 'db_and_model_update' retrieved from /opt/airflow/dags/db_and_model_update_dag.py
[2026-03-27T12:10:28.306+0000] {logging_mixin.py:190} INFO - [2026-03-27T12:10:28.305+0000] {dag.py:3239} INFO - Sync 1 DAGs
[2026-03-27T12:10:28.343+0000] {processor.py:208} INFO - Processing /opt/airflow/dags/db_and_model_update_dag.py took 0.105 seconds
[2026-03-27T12:10:58.957+0000] {processor.py:186} INFO - Started process (PID=3004) to work on /opt/airflow/dags/db_and_model_update_dag.py
[2026-03-27T12:10:58.958+0000] {processor.py:914} INFO - Processing file /opt/airflow/dags/db_and_model_update_dag.py for tasks to queue
[2026-03-27T12:10:58.960+0000] {logging_mixin.py:190} INFO - [2026-03-27T12:10:58.960+0000] {dagbag.py:588} INFO - Filling up the DagBag from /opt/airflow/dags/db_and_model_update_dag.py
[2026-03-27T12:10:58.980+0000] {processor.py:925} INFO - DAG(s) 'db_and_model_update' retrieved from /opt/airflow/dags/db_and_model_update_dag.py
[2026-03-27T12:10:59.009+0000] {logging_mixin.py:190} INFO - [2026-03-27T12:10:59.008+0000] {dag.py:3239} INFO - Sync 1 DAGs
[2026-03-27T12:10:59.045+0000] {processor.py:208} INFO - Processing /opt/airflow/dags/db_and_model_update_dag.py took 0.094 seconds
[2026-03-27T12:11:29.658+0000] {processor.py:186} INFO - Started process (PID=3014) to work on /opt/airflow/dags/db_and_model_update_dag.py
[2026-03-27T12:11:29.659+0000] {processor.py:914} INFO - Processing file /opt/airflow/dags/db_and_model_update_dag.py for tasks to queue
[2026-03-27T12:11:29.661+0000] {logging_mixin.py:190} INFO - [2026-03-27T12:11:29.661+0000] {dagbag.py:588} INFO - Filling up the DagBag from /opt/airflow/dags/db_and_model_update_dag.py
[2026-03-27T12:11:29.683+0000] {processor.py:925} INFO - DAG(s) 'db_and_model_update' retrieved from /opt/airflow/dags/db_and_model_update_dag.py
[2026-03-27T12:11:29.717+0000] {logging_mixin.py:190} INFO - [2026-03-27T12:11:29.717+0000] {dag.py:3239} INFO - Sync 1 DAGs
[2026-03-27T12:11:29.777+0000] {processor.py:208} INFO - Processing /opt/airflow/dags/db_and_model_update_dag.py took 0.126 seconds
[2026-03-27T12:12:00.190+0000] {processor.py:186} INFO - Started process (PID=3024) to work on /opt/airflow/dags/db_and_model_update_dag.py
[2026-03-27T12:12:00.191+0000] {processor.py:914} INFO - Processing file /opt/airflow/dags/db_and_model_update_dag.py for tasks to queue
[2026-03-27T12:12:00.194+0000] {logging_mixin.py:190} INFO - [2026-03-27T12:12:00.194+0000] {dagbag.py:588} INFO - Filling up the DagBag from /opt/airflow/dags/db_and_model_update_dag.py
[2026-03-27T12:12:00.216+0000] {processor.py:925} INFO - DAG(s) 'db_and_model_update' retrieved from /opt/airflow/dags/db_and_model_update_dag.py
[2026-03-27T12:12:00.246+0000] {logging_mixin.py:190} INFO - [2026-03-27T12:12:00.246+0000] {dag.py:3239} INFO - Sync 1 DAGs
[2026-03-27T12:12:00.287+0000] {processor.py:208} INFO - Processing /opt/airflow/dags/db_and_model_update_dag.py took 0.105 seconds
[2026-03-27T12:12:30.846+0000] {processor.py:186} INFO - Started process (PID=3034) to work on /opt/airflow/dags/db_and_model_update_dag.py
[2026-03-27T12:12:30.847+0000] {processor.py:914} INFO - Processing file /opt/airflow/dags/db_and_model_update_dag.py for tasks to queue
[2026-03-27T12:12:30.849+0000] {logging_mixin.py:190} INFO - [2026-03-27T12:12:30.849+0000] {dagbag.py:588} INFO - Filling up the DagBag from /opt/airflow/dags/db_and_model_update_dag.py
[2026-03-27T12:12:30.866+0000] {processor.py:925} INFO - DAG(s) 'db_and_model_update' retrieved from /opt/airflow/dags/db_and_model_update_dag.py
[2026-03-27T12:12:30.893+0000] {logging_mixin.py:190} INFO - [2026-03-27T12:12:30.893+0000] {dag.py:3239} INFO - Sync 1 DAGs
[2026-03-27T12:12:30.933+0000] {processor.py:208} INFO - Processing /opt/airflow/dags/db_and_model_update_dag.py took 0.096 seconds
[2026-03-27T12:13:01.457+0000] {processor.py:186} INFO - Started process (PID=3044) to work on /opt/airflow/dags/db_and_model_update_dag.py
[2026-03-27T12:13:01.460+0000] {processor.py:914} INFO - Processing file /opt/airflow/dags/db_and_model_update_dag.py for tasks to queue
[2026-03-27T12:13:01.466+0000] {logging_mixin.py:190} INFO - [2026-03-27T12:13:01.465+0000] {dagbag.py:588} INFO - Filling up the DagBag from /opt/airflow/dags/db_and_model_update_dag.py
[2026-03-27T12:13:01.496+0000] {processor.py:925} INFO - DAG(s) 'db_and_model_update' retrieved from /opt/airflow/dags/db_and_model_update_dag.py
[2026-03-27T12:13:01.551+0000] {logging_mixin.py:190} INFO - [2026-03-27T12:13:01.550+0000] {dag.py:3239} INFO - Sync 1 DAGs
[2026-03-27T12:13:01.602+0000] {processor.py:208} INFO - Processing /opt/airflow/dags/db_and_model_update_dag.py took 0.153 seconds
[2026-03-27T12:13:32.013+0000] {processor.py:186} INFO - Started process (PID=3054) to work on /opt/airflow/dags/db_and_model_update_dag.py
[2026-03-27T12:13:32.014+0000] {processor.py:914} INFO - Processing file /opt/airflow/dags/db_and_model_update_dag.py for tasks to queue
[2026-03-27T12:13:32.017+0000] {logging_mixin.py:190} INFO - [2026-03-27T12:13:32.016+0000] {dagbag.py:588} INFO - Filling up the DagBag from /opt/airflow/dags/db_and_model_update_dag.py
[2026-03-27T12:13:32.034+0000] {processor.py:925} INFO - DAG(s) 'db_and_model_update' retrieved from /opt/airflow/dags/db_and_model_update_dag.py
[2026-03-27T12:13:32.071+0000] {logging_mixin.py:190} INFO - [2026-03-27T12:13:32.071+0000] {dag.py:3239} INFO - Sync 1 DAGs
[2026-03-27T12:13:32.112+0000] {processor.py:208} INFO - Processing /opt/airflow/dags/db_and_model_update_dag.py took 0.106 seconds
[2026-03-27T12:14:02.488+0000] {processor.py:186} INFO - Started process (PID=3064) to work on /opt/airflow/dags/db_and_model_update_dag.py
[2026-03-27T12:14:02.489+0000] {processor.py:914} INFO - Processing file /opt/airflow/dags/db_and_model_update_dag.py for tasks to queue
[2026-03-27T12:14:02.492+0000] {logging_mixin.py:190} INFO - [2026-03-27T12:14:02.491+0000] {dagbag.py:588} INFO - Filling up the DagBag from /opt/airflow/dags/db_and_model_update_dag.py
[2026-03-27T12:14:02.069+0000] {processor.py:925} INFO - DAG(s) 'db_and_model_update' retrieved from /opt/airflow/dags/db_and_model_update_dag.py
[2026-03-27T12:14:02.100+0000] {logging_mixin.py:190} INFO - [2026-03-27T12:14:02.100+0000] {dag.py:3239} INFO - Sync 1 DAGs
[2026-03-27T12:14:02.139+0000] {processor.py:208} INFO - Processing /opt/airflow/dags/db_and_model_update_dag.py took 0.100 seconds
[2026-03-27T12:14:32.680+0000] {processor.py:186} INFO - Started process (PID=3074) to work on /opt/airflow/dags/db_and_model_update_dag.py
[2026-03-27T12:14:32.684+0000] {processor.py:914} INFO - Processing file /opt/airflow/dags/db_and_model_update_dag.py for tasks to queue
[2026-03-27T12:14:32.687+0000] {logging_mixin.py:190} INFO - [2026-03-27T12:14:32.687+0000] {dagbag.py:588} INFO - Filling up the DagBag from /opt/airflow/dags/db_and_model_update_dag.py
[2026-03-27T12:14:32.710+0000] {processor.py:925} INFO - DAG(s) 'db_and_model_update' retrieved from /opt/airflow/dags/db_and_model_update_dag.py
[2026-03-27T12:14:32.739+0000] {logging_mixin.py:190} INFO - [2026-03-27T12:14:32.739+0000] {dag.py:3239} INFO - Sync 1 DAGs
[2026-03-27T12:14:32.782+0000] {processor.py:208} INFO - Processing /opt/airflow/dags/db_and_model_update_dag.py took 0.110 seconds
[2026-03-27T12:15:03.233+0000] {processor.py:186} INFO - Started process (PID=3084) to work on /opt/airflow/dags/db_and_model_update_dag.py
[2026-03-27T12:15:03.234+0000] {processor.py:914} INFO - Processing file /opt/airflow/dags/db_and_model_update_dag.py for tasks to queue
[2026-03-27T12:15:03.237+0000] {logging_mixin.py:190} INFO - [2026-03-27T12:15:03.236+0000] {dagbag.py:588} INFO - Filling up the DagBag from /opt/airflow/dags/db_and_model_update_dag.py
[2026-03-27T12:15:03.256+0000] {processor.py:925} INFO - DAG(s) 'db_and_model_update' retrieved from /opt/airflow/dags/db_and_model_update_dag.py
[2026-03-27T12:15:03.285+0000] {logging_mixin.py:190} INFO - [2026-03-27T12:15:03.285+0000] {dag.py:3239} INFO - Sync 1 DAGs
[2026-03-27T12:15:03.322+0000] {processor.py:208} INFO - Processing /opt/airflow/dags/db_and_model_update_dag.py took 0.097 seconds
[2026-03-27T12:15:33.888+0000] {processor.py:186} INFO - Started process (PID=3094) to work on /opt/airflow/dags/db_and_model_update_dag.py
[2026-03-27T12:15:33.890+0000] {processor.py:914} INFO - Processing file /opt/airflow/dags/db_and_model_update_dag.py for tasks to queue
[2026-03-27T12:15:33.892+0000] {logging_mixin.py:190} INFO - [2026-03-27T12:15:33.892+0000] {dagbag.py:588} INFO - Filling up the DagBag from /opt/airflow/dags/db_and_model_update_dag.py
[2026-03-27T12:15:33.914+0000] {processor.py:925} INFO - DAG(s) 'db_and_model_update' retrieved from /opt/airflow/dags/db_and_model_update_dag.py
[2026-03-27T12:15:33.945+0000] {logging_mixin.py:190} INFO - [2026-03-27T12:15:33.945+0000] {dag.py:3239} INFO - Sync 1 DAGs
[2026-03-27T12:15:33.980+0000] {processor.py:208} INFO - Processing /opt/airflow/dags/db_and_model_update_dag.py took 0.099 seconds
[2026-03-27T12:16:04.439+0000] {processor.py:186} INFO - Started process (PID=3104) to work on /opt/airflow/dags/db_and_model_update_dag.py
[2026-03-27T12:16:04.440+0000] {processor.py:914} INFO - Processing file /opt/airflow/dags/db_and_model_update_dag.py for tasks to queue
[2026-03-27T12:16:04.442+0000] {logging_mixin.py:190} INFO - [2026-03-27T12:16:04.442+0000] {dagbag.py:588} INFO - Filling up the DagBag from /opt/airflow/dags/db_and_model_update_dag.py
[2026-03-27T12:16:04.470+0000] {processor.py:925} INFO - DAG(s) 'db_and_model_update' retrieved from /opt/airflow/dags/db_and_model_update_dag.py
[2026-03-27T12:16:04.505+0000] {logging_mixin.py:190} INFO - [2026-03-27T12:16:04.505+0000] {dag.py:3239} INFO - Sync 1 DAGs
[2026-03-27T12:16:04.547+0000] {processor.py:208} INFO - Processing /opt/airflow/dags/db_and_model_update_dag.py took 0.118 seconds
[2026-03-27T12:16:35.131+0000] {processor.py:186} INFO - Started process (PID=3114) to work on /opt/airflow/dags/db_and_model_update_dag.py
[2026-03-27T12:16:35.133+0000] {processor.py:914} INFO - Processing file /opt/airflow/dags/db_and_model_update_dag.py for tasks to queue
[2026-03-27T12:16:35.135+0000] {logging_mixin.py:190} INFO - [2026-03-27T12:16:35.135+0000] {dagbag.py:588} INFO - Filling up the DagBag from /opt/airflow/dags/db_and_model_update_dag.py
[2026-03-27T12:16:35.157+0000] {processor.py:925} INFO - DAG(s) 'db_and_model_update' retrieved from /opt/airflow/dags/db_and_model_update_dag.py
[2026-03-27T12:16:35.187+0000] {logging_mixin.py:190} INFO - [2026-03-27T12:16:35.187+0000] {dag.py:3239} INFO - Sync 1 DAGs
[2026-03-27T12:16:35.230+0000] {processor.py:208} INFO - Processing /opt/airflow/dags/db_and_model_update_dag.py took 0.106 seconds
[2026-03-27T12:17:05.823+0000] {processor.py:186} INFO - Started process (PID=3124) to work on /opt/airflow/dags/db_and_model_update_dag.py
[2026-03-27T12:17:05.825+0000] {processor.py:914} INFO - Processing file /opt/airflow/dags/db_and_model_update_dag.py for tasks to queue
[2026-03-27T12:17:05.830+0000] {logging_mixin.py:190} INFO - [2026-03-27T12:17:05.830+0000] {dagbag.py:588} INFO - Filling up the DagBag from /opt/airflow/dags/db_and_model_update_dag.py
[2026-03-27T12:17:05.853+0000] {processor.py:925} INFO - DAG(s) 'db_and_model_update' retrieved from /opt/airflow/dags/db_and_model_update_dag.py
[2026-03-27T12:17:05.886+0000] {logging_mixin.py:190} INFO - [2026-03-27T12:17:05.886+0000] {dag.py:3239} INFO - Sync 1 DAGs
[2026-03-27T12:17:05.939+0000] {processor.py:208} INFO - Processing /opt/airflow/dags/db_and_model_update_dag.py took 0.125 seconds
[2026-03-27T12:17:36.496+0000] {processor.py:186} INFO - Started process (PID=3134) to work on /opt/airflow/dags/db_and_model_update_dag.py
[2026-03-27T12:17:36.497+0000] {processor.py:914} INFO - Processing file /opt/airflow/dags/db_and_model_update_dag.py for tasks to queue
[2026-03-27T12:17:36.499+0000] {logging_mixin.py:190} INFO - [2026-03-27T12:17:36.499+0000] {dagbag.py:588} INFO - Filling up the DagBag from /opt/airflow/dags/db_and_model_update_dag.py
[2026-03-27T12:17:36.517+0000] {processor.py:925} INFO - DAG(s) 'db_and_model_update' retrieved from /opt/airflow/dags/db_and_model_update_dag.py
[2026-03-27T12:17:36.545+0000] {logging_mixin.py:190} INFO - [2026-03-27T12:17:36.544+0000] {dag.py:3239} INFO - Sync 1 DAGs
[2026-03-27T12:17:36.580+0000] {processor.py:208} INFO - Processing /opt/airflow/dags/db_and_model_update_dag.py took 0.091 seconds
[2026-03-27T12:18:07.207+0000] {processor.py:186} INFO - Started process (PID=3144) to work on /opt/airflow/dags/db_and_model_update_dag.py
[2026-03-27T12:18:07.209+0000] {processor.py:914} INFO - Processing file /opt/airflow/dags/db_and_model_update_dag.py for tasks to queue
[2026-03-27T12:18:07.211+0000] {logging_mixin.py:190} INFO - [2026-03-27T12:18:07.210+0000] {dagbag.py:588} INFO - Filling up the DagBag from /opt/airflow/dags/db_and_model_update_dag.py
[2026-03-27T12:18:07.234+0000] {processor.py:925} INFO - DAG(s) 'db_and_model_update' retrieved from /opt/airflow/dags/db_and_model_update_dag.py
[2026-03-27T12:18:07.275+0000] {logging_mixin.py:190} INFO - [2026-03-27T12:18:07.274+0000] {dag.py:3239} INFO - Sync 1 DAGs
[2026-03-27T12:18:07.320+0000] {processor.py:208} INFO - Processing /opt/airflow/dags/db_and_model_update_dag.py took 0.119 seconds
[2026-03-27T12:18:37.740+0000] {processor.py:186} INFO - Started process (PID=3154) to work on /opt/airflow/dags/db_and_model_update_dag.py
[2026-03-27T12:18:37.741+0000] {processor.py:914} INFO - Processing file /opt/airflow/dags/db_and_model_update_dag.py for tasks to queue
[2026-03-27T12:18:37.745+0000] {logging_mixin.py:190} INFO - [2026-03-27T12:18:37.744+0000] {dagbag.py:588} INFO - Filling up the DagBag from /opt/airflow/dags/db_and_model_update_dag.py
[2026-03-27T12:18:37.765+0000] {processor.py:925} INFO - DAG(s) 'db_and_model_update' retrieved from /opt/airflow/dags/db_and_model_update_dag.py
[2026-03-27T12:18:37.793+0000] {logging_mixin.py:190} INFO - [2026-03-27T12:18:37.793+0000] {dag.py:3239} INFO - Sync 1 DAGs
[2026-03-27T12:18:37.832+0000] {processor.py:208} INFO - Processing /opt/airflow/dags/db_and_model_update_dag.py took 0.099 seconds
[2026-03-27T12:19:08.362+0000] {processor.py:186} INFO - Started process (PID=3164) to work on /opt/airflow/dags/db_and_model_update_dag.py
[2026-03-27T12:19:08.367+0000] {processor.py:914} INFO - Processing file /opt/airflow/dags/db_and_model_update_dag.py for tasks to queue
[2026-03-27T12:19:08.370+0000] {logging_mixin.py:190} INFO - [2026-03-27T12:19:08.370+0000] {dagbag.py:588} INFO - Filling up the DagBag from /opt/airflow/dags/db_and_model_update_dag.py
[2026-03-27T12:19:08.391+0000] {processor.py:925} INFO - DAG(s) 'db_and_model_update' retrieved from /opt/airflow/dags/db_and_model_update_dag.py
[2026-03-27T12:19:08.418+0000] {logging_mixin.py:190} INFO - [2026-03-27T12:19:08.418+0000] {dag.py:3239} INFO - Sync 1 DAGs
[2026-03-27T12:19:08.457+0000] {processor.py:208} INFO - Processing /opt/airflow/dags/db_and_model_update_dag.py took 0.107 seconds
[2026-03-27T12:19:39.028+0000] {processor.py:186} INFO - Started process (PID=3174) to work on /opt/airflow/dags/db_and_model_update_dag.py
[2026-03-27T12:19:39.032+0000] {processor.py:914} INFO - Processing file /opt/airflow/dags/db_and_model_update_dag.py for tasks to queue
[2026-03-27T12:19:39.037+0000] {logging_mixin.py:190} INFO - [2026-03-27T12:19:39.036+0000] {dagbag.py:588} INFO - Filling up the DagBag from /opt/airflow/dags/db_and_model_update_dag.py
[2026-03-27T12:19:39.057+0000] {processor.py:925} INFO - DAG(s) 'db_and_model_update' retrieved from /opt/airflow/dags/db_and_model_update_dag.py
[2026-03-27T12:19:39.087+0000] {logging_mixin.py:190} INFO - [2026-03-27T12:19:39.087+0000] {dag.py:3239} INFO - Sync 1 DAGs
[2026-03-27T12:19:39.137+0000] {processor.py:208} INFO - Processing /opt/airflow/dags/db_and_model_update_dag.py took 0.119 seconds
[2026-03-27T12:20:09.723+0000] {processor.py:186} INFO - Started process (PID=3184) to work on /opt/airflow/dags/db_and_model_update_dag.py
[2026-03-27T12:20:09.724+0000] {processor.py:914} INFO - Processing file /opt/airflow/dags/db_and_model_update_dag.py for tasks to queue
[2026-03-27T12:20:09.726+0000] {logging_mixin.py:190} INFO - [2026-03-27T12:20:09.726+0000] {dagbag.py:588} INFO - Filling up the DagBag from /opt/airflow/dags/db_and_model_update_dag.py
[2026-03-27T12:20:09.750+0000] {processor.py:925} INFO - DAG(s) 'db_and_model_update' retrieved from /opt/airflow/dags/db_and_model_update_dag.py
[2026-03-27T12:20:09.779+0000] {logging_mixin.py:190} INFO - [2026-03-27T12:20:09.779+0000] {dag.py:3239} INFO - Sync 1 DAGs
[2026-03-27T12:20:09.826+0000] {processor.py:208} INFO - Processing /opt/airflow/dags/db_and_model_update_dag.py took 0.111 seconds
[2026-03-27T12:20:40.330+0000] {processor.py:186} INFO - Started process (PID=3194) to work on /opt/airflow/dags/db_and_model_update_dag.py
[2026-03-27T12:20:40.331+0000] {processor.py:914} INFO - Processing file /opt/airflow/dags/db_and_model_update_dag.py for tasks to queue
[2026-03-27T12:20:40.333+0000] {logging_mixin.py:190} INFO - [2026-03-27T12:20:40.333+0000] {dagbag.py:588} INFO - Filling up the DagBag from /opt/airflow/dags/db_and_model_update_dag.py
[2026-03-27T12:20:40.352+0000] {processor.py:925} INFO - DAG(s) 'db_and_model_update' retrieved from /opt/airflow/dags/db_and_model_update_dag.py
[2026-03-27T12:20:40.379+0000] {logging_mixin.py:190} INFO - [2026-03-27T12:20:40.379+0000] {dag.py:3239} INFO - Sync 1 DAGs
[2026-03-27T12:20:40.418+0000] {processor.py:208} INFO - Processing /opt/airflow/dags/db_and_model_update_dag.py took 0.094 seconds
[2026-03-27T12:21:10.975+0000] {processor.py:186} INFO - Started process (PID=3204) to work on /opt/airflow/dags/db_and_model_update_dag.py
[2026-03-27T12:21:10.977+0000] {processor.py:914} INFO - Processing file /opt/airflow/dags/db_and_model_update_dag.py for tasks to queue
[2026-03-27T12:21:10.979+0000] {logging_mixin.py:190} INFO - [2026-03-27T12:21:10.979+0000] {dagbag.py:588} INFO - Filling up the DagBag from /opt/airflow/dags/db_and_model_update_dag.py
[2026-03-27T12:21:11.003+0000] {processor.py:925} INFO - DAG(s) 'db_and_model_update' retrieved from /opt/airflow/dags/db_and_model_update_dag.py
[2026-03-27T12:21:11.033+0000] {logging_mixin.py:190} INFO - [2026-03-27T12:21:11.033+0000] {dag.py:3239} INFO - Sync 1 DAGs
[2026-03-27T12:21:11.078+0000] {processor.py:208} INFO - Processing /opt/airflow/dags/db_and_model_update_dag.py took 0.112 seconds
[2026-03-27T12:21:41.536+0000] {processor.py:186} INFO - Started process (PID=3214) to work on /opt/airflow/dags/db_and_model_update_dag.py
[2026-03-27T12:21:41.537+0000] {processor.py:914} INFO - Processing file /opt/airflow/dags/db_and_model_update_dag.py for tasks to queue
[2026-03-27T12:21:41.540+0000] {logging_mixin.py:190} INFO - [2026-03-27T12:21:41.540+0000] {dagbag.py:588} INFO - Filling up the DagBag from /opt/airflow/dags/db_and_model_update_dag.py
[2026-03-27T12:21:41.557+0000] {processor.py:925} INFO - DAG(s) 'db_and_model_update' retrieved from /opt/airflow/dags/db_and_model_update_dag.py
[2026-03-27T12:21:41.586+0000] {logging_mixin.py:190} INFO - [2026-03-27T12:21:41.586+0000] {dag.py:3239} INFO - Sync 1 DAGs
[2026-03-27T12:21:41.622+0000] {processor.py:208} INFO - Processing /opt/airflow/dags/db_and_model_update_dag.py took 0.092 seconds
[2026-03-27T12:22:12.140+0000] {processor.py:186} INFO - Started process (PID=3224) to work on /opt/airflow/dags/db_and_model_update_dag.py
[2026-03-27T12:22:12.142+0000] {processor.py:914} INFO - Processing file /opt/airflow/dags/db_and_model_update_dag.py for tasks to queue
[2026-03-27T12:22:12.144+0000] {logging_mixin.py:190} INFO - [2026-03-27T12:22:12.144+0000] {dagbag.py:588} INFO - Filling up the DagBag from /opt/airflow/dags/db_and_model_update_dag.py
[2026-03-27T12:22:12.163+0000] {processor.py:925} INFO - DAG(s) 'db_and_model_update' retrieved from /opt/airflow/dags/db_and_model_update_dag.py
[2026-03-27T12:22:12.193+0000] {logging_mixin.py:190} INFO - [2026-03-27T12:22:12.193+0000] {dag.py:3239} INFO - Sync 1 DAGs
[2026-03-27T12:22:12.232+0000] {processor.py:208} INFO - Processing /opt/airflow/dags/db_and_model_update_dag.py took 0.099 seconds
[2026-03-27T12:22:42.868+0000] {processor.py:186} INFO - Started process (PID=3234) to work on /opt/airflow/dags/db_and_model_update_dag.py
[2026-03-27T12:22:42.870+0000] {processor.py:914} INFO - Processing file /opt/airflow/dags/db_and_model_update_dag.py for tasks to queue
[2026-03-27T12:22:42.874+0000] {logging_mixin.py:190} INFO - [2026-03-27T12:22:42.874+0000] {dagbag.py:588} INFO - Filling up the DagBag from /opt/airflow/dags/db_and_model_update_dag.py
[2026-03-27T12:22:42.896+0000] {processor.py:925} INFO - DAG(s) 'db_and_model_update' retrieved from /opt/airflow/dags/db_and_model_update_dag.py
[2026-03-27T12:22:42.934+0000] {logging_mixin.py:190} INFO - [2026-03-27T12:22:42.934+0000] {dag.py:3239} INFO - Sync 1 DAGs
[2026-03-27T12:22:42.985+0000] {processor.py:208} INFO - Processing /opt/airflow/dags/db_and_model_update_dag.py took 0.129 seconds
[2026-03-27T12:23:13.444+0000] {processor.py:186} INFO - Started process (PID=3244) to work on /opt/airflow/dags/db_and_model_update_dag.py
[2026-03-27T12:23:13.446+0000] {processor.py:914} INFO - Processing file /opt/airflow/dags/db_and_model_update_dag.py for tasks to queue
[2026-03-27T12:23:13.449+0000] {logging_mixin.py:190} INFO - [2026-03-27T12:23:13.449+0000] {dagbag.py:588} INFO - Filling up the DagBag from /opt/airflow/dags/db_and_model_update_dag.py
[2026-03-27T12:23:13.468+0000] {processor.py:925} INFO - DAG(s) 'db_and_model_update' retrieved from /opt/airflow/dags/db_and_model_update_dag.py
[2026-03-27T12:23:13.498+0000] {logging_mixin.py:190} INFO - [2026-03-27T12:23:13.498+0000] {dag.py:3239} INFO - Sync 1 DAGs
[2026-03-27T12:23:13.535+0000] {processor.py:208} INFO - Processing /opt/airflow/dags/db_and_model_update_dag.py took 0.099 seconds
[2026-03-27T12:23:44.038+0000] {processor.py:186} INFO - Started process (PID=3254) to work on /opt/airflow/dags/db_and_model_update_dag.py
[2026-03-27T12:23:44.040+0000] {processor.py:914} INFO - Processing file /opt/airflow/dags/db_and_model_update_dag.py for tasks to queue
[2026-03-27T12:23:44.042+0000] {logging_mixin.py:190} INFO - [2026-03-27T12:23:44.041+0000] {dagbag.py:588} INFO - Filling up the DagBag from /opt/airflow/dags/db_and_model_update_dag.py
[2026-03-27T12:23:44.059+0000] {processor.py:925} INFO - DAG(s) 'db_and_model_update' retrieved from /opt/airflow/dags/db_and_model_update_dag.py
[2026-03-27T12:23:44.086+0000] {logging_mixin.py:190} INFO - [2026-03-27T12:23:44.086+0000] {dag.py:3239} INFO - Sync 1 DAGs
[2026-03-27T12:23:44.123+0000] {processor.py:208} INFO - Processing /opt/airflow/dags/db_and_model_update_dag.py took 0.092 seconds
[2026-03-27T12:24:14.567+0000] {processor.py:186} INFO - Started process (PID=3264) to work on /opt/airflow/dags/db_and_model_update_dag.py
[2026-03-27T12:24:14.568+0000] {processor.py:914} INFO - Processing file /opt/airflow/dags/db_and_model_update_dag.py for tasks to queue
[2026-03-27T12:24:14.570+0000] {logging_mixin.py:190} INFO - [2026-03-27T12:24:14.570+0000] {dagbag.py:588} INFO - Filling up the DagBag from /opt/airflow/dags/db_and_model_update_dag.py
[2026-03-27T12:24:14.590+0000] {processor.py:925} INFO - DAG(s) 'db_and_model_update' retrieved from /opt/airflow/dags/db_and_model_update_dag.py
[2026-03-27T12:24:14.621+0000] {logging_mixin.py:190} INFO - [2026-03-27T12:24:14.621+0000] {dag.py:3239} INFO - Sync 1 DAGs
[2026-03-27T12:24:14.658+0000] {processor.py:208} INFO - Processing /opt/airflow/dags/db_and_model_update_dag.py took 0.098 seconds
[2026-03-27T12:24:45.160+0000] {processor.py:186} INFO - Started process (PID=3274) to work on /opt/airflow/dags/db_and_model_update_dag.py
[2026-03-27T12:24:45.162+0000] {processor.py:914} INFO - Processing file /opt/airflow/dags/db_and_model_update_dag.py for tasks to queue
[2026-03-27T12:24:45.166+0000] {logging_mixin.py:190} INFO - [2026-03-27T12:24:45.165+0000] {dagbag.py:588} INFO - Filling up the DagBag from /opt/airflow/dags/db_and_model_update_dag.py
[2026-03-27T12:24:45.186+0000] {processor.py:925} INFO - DAG(s) 'db_and_model_update' retrieved from /opt/airflow/dags/db_and_model_update_dag.py
[2026-03-27T12:24:45.216+0000] {logging_mixin.py:190} INFO - [2026-03-27T12:24:45.215+0000] {dag.py:3239} INFO - Sync 1 DAGs
[2026-03-27T12:24:45.254+0000] {processor.py:208} INFO - Processing /opt/airflow/dags/db_and_model_update_dag.py took 0.104 seconds
[2026-03-27T12:25:15.666+0000] {processor.py:186} INFO - Started process (PID=3284) to work on /opt/airflow/dags/db_and_model_update_dag.py
[2026-03-27T12:25:15.667+0000] {processor.py:914} INFO - Processing file /opt/airflow/dags/db_and_model_update_dag.py for tasks to queue
[2026-03-27T12:25:15.671+0000] {logging_mixin.py:190} INFO - [2026-03-27T12:25:15.671+0000] {dagbag.py:588} INFO - Filling up the DagBag from /opt/airflow/dags/db_and_model_update_dag.py
[2026-03-27T12:25:15.700+0000] {processor.py:925} INFO - DAG(s) 'db_and_model_update' retrieved from /opt/airflow/dags/db_and_model_update_dag.py
[2026-03-27T12:25:15.729+0000] {logging_mixin.py:190} INFO - [2026-03-27T12:25:15.729+0000] {dag.py:3239} INFO - Sync 1 DAGs
[2026-03-27T12:25:15.766+0000] {processor.py:208} INFO - Processing /opt/airflow/dags/db_and_model_update_dag.py took 0.112 seconds
[2026-03-27T12:25:46.527+0000] {processor.py:186} INFO - Started process (PID=3294) to work on /opt/airflow/dags/db_and_model_update_dag.py
[2026-03-27T12:25:46.529+0000] {processor.py:914} INFO - Processing file /opt/airflow/dags/db_and_model_update_dag.py for tasks to queue
[2026-03-27T12:25:46.531+0000] {logging_mixin.py:190} INFO - [2026-03-27T12:25:46.531+0000] {dagbag.py:588} INFO - Filling up the DagBag from /opt/airflow/dags/db_and_model_update_dag.py
[2026-03-27T12:25:46.551+0000] {processor.py:925} INFO - DAG(s) 'db_and_model_update' retrieved from /opt/airflow/dags/db_and_model_update_dag.py
[2026-03-27T12:25:46.585+0000] {logging_mixin.py:190} INFO - [2026-03-27T12:25:46.585+0000] {dag.py:3239} INFO - Sync 1 DAGs
[2026-03-27T12:25:46.641+0000] {processor.py:208} INFO - Processing /opt/airflow/dags/db_and_model_update_dag.py took 0.122 seconds
[2026-03-27T12:26:17.018+0000] {processor.py:186} INFO - Started process (PID=3304) to work on /opt/airflow/dags/db_and_model_update_dag.py
[2026-03-27T12:26:17.019+0000] {processor.py:914} INFO - Processing file /opt/airflow/dags/db_and_model_update_dag.py for tasks to queue
[2026-03-27T12:26:17.022+0000] {logging_mixin.py:190} INFO - [2026-03-27T12:26:17.021+0000] {dagbag.py:588} INFO - Filling up the DagBag from /opt/airflow/dags/db_and_model_update_dag.py
[2026-03-27T12:26:17.045+0000] {processor.py:925} INFO - DAG(s) 'db_and_model_update' retrieved from /opt/airflow/dags/db_and_model_update_dag.py
[2026-03-27T12:26:17.075+0000] {logging_mixin.py:190} INFO - [2026-03-27T12:26:17.075+0000] {dag.py:3239} INFO - Sync 1 DAGs
[2026-03-27T12:26:17.114+0000] {processor.py:208} INFO - Processing /opt/airflow/dags/db_and_model_update_dag.py took 0.102 seconds
[2026-03-27T12:26:47.634+0000] {processor.py:186} INFO - Started process (PID=3314) to work on /opt/airflow/dags/db_and_model_update_dag.py
[2026-03-27T12:26:47.636+0000] {processor.py:914} INFO - Processing file /opt/airflow/dags/db_and_model_update_dag.py for tasks to queue
[2026-03-27T12:26:47.638+0000] {logging_mixin.py:190} INFO - [2026-03-27T12:26:47.637+0000] {dagbag.py:588} INFO - Filling up the DagBag from /opt/airflow/dags/db_and_model_update_dag.py
[2026-03-27T12:26:47.655+0000] {processor.py:925} INFO - DAG(s) 'db_and_model_update' retrieved from /opt/airflow/dags/db_and_model_update_dag.py
[2026-03-27T12:26:47.682+0000] {logging_mixin.py:190} INFO - [2026-03-27T12:26:47.682+0000] {dag.py:3239} INFO - Sync 1 DAGs
[2026-03-27T12:26:47.719+0000] {processor.py:208} INFO - Processing /opt/airflow/dags/db_and_model_update_dag.py took 0.091 seconds
[2026-03-27T12:27:18.190+0000] {processor.py:186} INFO - Started process (PID=3324) to work on /opt/airflow/dags/db_and_model_update_dag.py
[2026-03-27T12:27:18.191+0000] {processor.py:914} INFO - Processing file /opt/airflow/dags/db_and_model_update_dag.py for tasks to queue
[2026-03-27T12:27:18.195+0000] {logging_mixin.py:190} INFO - [2026-03-27T12:27:18.194+0000] {dagbag.py:588} INFO - Filling up the DagBag from /opt/airflow/dags/db_and_model_update_dag.py
[2026-03-27T12:27:18.220+0000] {processor.py:925} INFO - DAG(s) 'db_and_model_update' retrieved from /opt/airflow/dags/db_and_model_update_dag.py
[2026-03-27T12:27:18.256+0000] {logging_mixin.py:190} INFO - [2026-03-27T12:27:18.256+0000] {dag.py:3239} INFO - Sync 1 DAGs
[2026-03-27T12:27:18.305+0000] {processor.py:208} INFO - Processing /opt/airflow/dags/db_and_model_update_dag.py took 0.124 seconds
[2026-03-27T12:27:48.876+0000] {processor.py:186} INFO - Started process (PID=3334) to work on /opt/airflow/dags/db_and_model_update_dag.py
[2026-03-27T12:27:48.877+0000] {processor.py:914} INFO - Processing file /opt/airflow/dags/db_and_model_update_dag.py for tasks to queue
[2026-03-27T12:27:48.880+0000] {logging_mixin.py:190} INFO - [2026-03-27T12:27:48.880+0000] {dagbag.py:588} INFO - Filling up the DagBag from /opt/airflow/dags/db_and_model_update_dag.py
[2026-03-27T12:27:48.901+0000] {processor.py:925} INFO - DAG(s) 'db_and_model_update' retrieved from /opt/airflow/dags/db_and_model_update_dag.py
[2026-03-27T12:27:48.930+0000] {logging_mixin.py:190} INFO - [2026-03-27T12:27:48.930+0000] {dag.py:3239} INFO - Sync 1 DAGs
[2026-03-27T12:27:48.970+0000] {processor.py:208} INFO - Processing /opt/airflow/dags/db_and_model_update_dag.py took 0.103 seconds
[2026-03-27T12:28:19.332+0000] {processor.py:186} INFO - Started process (PID=3344) to work on /opt/airflow/dags/db_and_model_update_dag.py
[2026-03-27T12:28:19.333+0000] {processor.py:914} INFO - Processing file /opt/airflow/dags/db_and_model_update_dag.py for tasks to queue
[2026-03-27T12:28:19.335+0000] {logging_mixin.py:190} INFO - [2026-03-27T12:28:19.335+0000] {dagbag.py:588} INFO - Filling up the DagBag from /opt/airflow/dags/db_and_model_update_dag.py
[2026-03-27T12:28:19.354+0000] {processor.py:925} INFO - DAG(s) 'db_and_model_update' retrieved from /opt/airflow/dags/db_and_model_update_dag.py
[2026-03-27T12:28:19.381+0000] {logging_mixin.py:190} INFO - [2026-03-27T12:28:19.380+0000] {dag.py:3239} INFO - Sync 1 DAGs
[2026-03-27T12:28:19.421+0000] {processor.py:208} INFO - Processing /opt/airflow/dags/db_and_model_update_dag.py took 0.096 seconds
[2026-03-27T12:28:49.928+0000] {processor.py:186} INFO - Started process (PID=3354) to work on /opt/airflow/dags/db_and_model_update_dag.py
[2026-03-27T12:28:49.929+0000] {processor.py:914} INFO - Processing file /opt/airflow/dags/db_and_model_update_dag.py for tasks to queue
[2026-03-27T12:28:49.931+0000] {logging_mixin.py:190} INFO - [2026-03-27T12:28:49.931+0000] {dagbag.py:588} INFO - Filling up the DagBag from /opt/airflow/dags/db_and_model_update_dag.py
[2026-03-27T12:28:49.951+0000] {processor.py:925} INFO - DAG(s) 'db_and_model_update' retrieved from /opt/airflow/dags/db_and_model_update_dag.py
[2026-03-27T12:28:49.981+0000] {logging_mixin.py:190} INFO - [2026-03-27T12:28:49.980+0000] {dag.py:3239} INFO - Sync 1 DAGs
[2026-03-27T12:28:50.017+0000] {processor.py:208} INFO - Processing /opt/airflow/dags/db_and_model_update_dag.py took 0.097 seconds
[2026-03-27T12:29:20.409+0000] {processor.py:186} INFO - Started process (PID=3364) to work on /opt/airflow/dags/db_and_model_update_dag.py
[2026-03-27T12:29:20.411+0000] {processor.py:914} INFO - Processing file /opt/airflow/dags/db_and_model_update_dag.py for tasks to queue
[2026-03-27T12:29:20.417+0000] {logging_mixin.py:190} INFO - [2026-03-27T12:29:20.416+0000] {dagbag.py:588} INFO - Filling up the DagBag from /opt/airflow/dags/db_and_model_update_dag.py
[2026-03-27T12:29:20.444+0000] {processor.py:925} INFO - DAG(s) 'db_and_model_update' retrieved from /opt/airflow/dags/db_and_model_update_dag.py
[2026-03-27T12:29:20.473+0000] {logging_mixin.py:190} INFO - [2026-03-27T12:29:20.473+0000] {dag.py:3239} INFO - Sync 1 DAGs
[2026-03-27T12:29:20.510+0000] {processor.py:208} INFO - Processing /opt/airflow/dags/db_and_model_update_dag.py took 0.110 seconds
[2026-03-27T12:29:51.013+0000] {processor.py:186} INFO - Started process (PID=3374) to work on /opt/airflow/dags/db_and_model_update_dag.py
[2026-03-27T12:29:51.014+0000] {processor.py:914} INFO - Processing file /opt/airflow/dags/db_and_model_update_dag.py for tasks to queue
[2026-03-27T12:29:51.016+0000] {logging_mixin.py:190} INFO - [2026-03-27T12:29:51.016+0000] {dagbag.py:588} INFO - Filling up the DagBag from /opt/airflow/dags/db_and_model_update_dag.py
[2026-03-27T12:29:51.034+0000] {processor.py:925} INFO - DAG(s) 'db_and_model_update' retrieved from /opt/airflow/dags/db_and_model_update_dag.py
[2026-03-27T12:29:51.062+0000] {logging_mixin.py:190} INFO - [2026-03-27T12:29:51.062+0000] {dag.py:3239} INFO - Sync 1 DAGs
[2026-03-27T12:29:51.096+0000] {processor.py:208} INFO - Processing /opt/airflow/dags/db_and_model_update_dag.py took 0.090 seconds
[2026-03-27T12:30:21.582+0000] {processor.py:186} INFO - Started process (PID=3384) to work on /opt/airflow/dags/db_and_model_update_dag.py
[2026-03-27T12:30:21.583+0000] {processor.py:914} INFO - Processing file /opt/airflow/dags/db_and_model_update_dag.py for tasks to queue
[2026-03-27T12:30:21.586+0000] {logging_mixin.py:190} INFO - [2026-03-27T12:30:21.586+0000] {dagbag.py:588} INFO - Filling up the DagBag from /opt/airflow/dags/db_and_model_update_dag.py
[2026-03-27T12:30:21.608+0000] {processor.py:925} INFO - DAG(s) 'db_and_model_update' retrieved from /opt/airflow/dags/db_and_model_update_dag.py
[2026-03-27T12:30:21.639+0000] {logging_mixin.py:190} INFO - [2026-03-27T12:30:21.639+0000] {dag.py:3239} INFO - Sync 1 DAGs
[2026-03-27T12:30:21.689+0000] {processor.py:208} INFO - Processing /opt/airflow/dags/db_and_model_update_dag.py took 0.115 seconds
[2026-03-27T12:30:52.050+0000] {processor.py:186} INFO - Started process (PID=3394) to work on /opt/airflow/dags/db_and_model_update_dag.py
[2026-03-27T12:30:52.052+0000] {processor.py:914} INFO - Processing file /opt/airflow/dags/db_and_model_update_dag.py for tasks to queue
[2026-03-27T12:30:52.054+0000] {logging_mixin.py:190} INFO - [2026-03-27T12:30:52.053+0000] {dagbag.py:588} INFO - Filling up the DagBag from /opt/airflow/dags/db_and_model_update_dag.py
[2026-03-27T12:30:52.072+0000] {processor.py:925} INFO - DAG(s) 'db_and_model_update' retrieved from /opt/airflow/dags/db_and_model_update_dag.py
[2026-03-27T12:30:52.099+0000] {logging_mixin.py:190} INFO - [2026-03-27T12:30:52.099+0000] {dag.py:3239} INFO - Sync 1 DAGs
[2026-03-27T12:30:52.138+0000] {processor.py:208} INFO - Processing /opt/airflow/dags/db_and_model_update_dag.py took 0.094 seconds
[2026-03-27T12:31:22.581+0000] {processor.py:186} INFO - Started process (PID=3404) to work on /opt/airflow/dags/db_and_model_update_dag.py
[2026-03-27T12:31:22.586+0000] {processor.py:914} INFO - Processing file /opt/airflow/dags/db_and_model_update_dag.py for tasks to queue
[2026-03-27T12:31:22.593+0000] {logging_mixin.py:190} INFO - [2026-03-27T12:31:22.593+0000] {dagbag.py:588} INFO - Filling up the DagBag from /opt/airflow/dags/db_and_model_update_dag.py
[2026-03-27T12:31:22.624+0000] {processor.py:925} INFO - DAG(s) 'db_and_model_update' retrieved from /opt/airflow/dags/db_and_model_update_dag.py
[2026-03-27T12:31:22.653+0000] {logging_mixin.py:190} INFO - [2026-03-27T12:31:22.653+0000] {dag.py:3239} INFO - Sync 1 DAGs
[2026-03-27T12:31:22.687+0000] {processor.py:208} INFO - Processing /opt/airflow/dags/db_and_model_update_dag.py took 0.116 seconds
[2026-03-27T12:31:53.165+0000] {processor.py:186} INFO - Started process (PID=3414) to work on /opt/airflow/dags/db_and_model_update_dag.py
[2026-03-27T12:31:53.166+0000] {processor.py:914} INFO - Processing file /opt/airflow/dags/db_and_model_update_dag.py for tasks to queue
[2026-03-27T12:31:53.168+0000] {logging_mixin.py:190} INFO - [2026-03-27T12:31:53.168+0000] {dagbag.py:588} INFO - Filling up the DagBag from /opt/airflow/dags/db_and_model_update_dag.py
[2026-03-27T12:31:53.187+0000] {processor.py:925} INFO - DAG(s) 'db_and_model_update' retrieved from /opt/airflow/dags/db_and_model_update_dag.py
[2026-03-27T12:31:53.218+0000] {logging_mixin.py:190} INFO - [2026-03-27T12:31:53.218+0000] {dag.py:3239} INFO - Sync 1 DAGs
[2026-03-27T12:31:53.266+0000] {processor.py:208} INFO - Processing /opt/airflow/dags/db_and_model_update_dag.py took 0.108 seconds
[2026-03-27T12:32:23.675+0000] {processor.py:186} INFO - Started process (PID=3424) to work on /opt/airflow/dags/db_and_model_update_dag.py
[2026-03-27T12:32:23.676+0000] {processor.py:914} INFO - Processing file /opt/airflow/dags/db_and_model_update_dag.py for tasks to queue
[2026-03-27T12:32:23.678+0000] {logging_mixin.py:190} INFO - [2026-03-27T12:32:23.678+0000] {dagbag.py:588} INFO - Filling up the DagBag from /opt/airflow/dags/db_and_model_update_dag.py
[2026-03-27T12:32:23.697+0000] {processor.py:925} INFO - DAG(s) 'db_and_model_update' retrieved from /opt/airflow/dags/db_and_model_update_dag.py
[2026-03-27T12:32:23.724+0000] {logging_mixin.py:190} INFO - [2026-03-27T12:32:23.724+0000] {dag.py:3239} INFO - Sync 1 DAGs
[2026-03-27T12:32:23.762+0000] {processor.py:208} INFO - Processing /opt/airflow/dags/db_and_model_update_dag.py took 0.092 seconds
[2026-03-27T12:32:54.311+0000] {processor.py:186} INFO - Started process (PID=3434) to work on /opt/airflow/dags/db_and_model_update_dag.py
[2026-03-27T12:32:54.312+0000] {processor.py:914} INFO - Processing file /opt/airflow/dags/db_and_model_update_dag.py for tasks to queue
[2026-03-27T12:32:54.316+0000] {logging_mixin.py:190} INFO - [2026-03-27T12:32:54.315+0000] {dagbag.py:588} INFO - Filling up the DagBag from /opt/airflow/dags/db_and_model_update_dag.py
[2026-03-27T12:32:54.333+0000] {processor.py:925} INFO - DAG(s) 'db_and_model_update' retrieved from /opt/airflow/dags/db_and_model_update_dag.py
[2026-03-27T12:32:54.359+0000] {logging_mixin.py:190} INFO - [2026-03-27T12:32:54.359+0000] {dag.py:3239} INFO - Sync 1 DAGs
[2026-03-27T12:32:54.397+0000] {processor.py:208} INFO - Processing /opt/airflow/dags/db_and_model_update_dag.py took 0.092 seconds
[2026-03-27T12:33:24.779+0000] {processor.py:186} INFO - Started process (PID=3444) to work on /opt/airflow/dags/db_and_model_update_dag.py
[2026-03-27T12:33:24.781+0000] {processor.py:914} INFO - Processing file /opt/airflow/dags/db_and_model_update_dag.py for tasks to queue
[2026-03-27T12:33:24.783+0000] {logging_mixin.py:190} INFO - [2026-03-27T12:33:24.783+0000] {dagbag.py:588} INFO - Filling up the DagBag from /opt/airflow/dags/db_and_model_update_dag.py
[2026-03-27T12:33:24.808+0000] {processor.py:925} INFO - DAG(s) 'db_and_model_update' retrieved from /opt/airflow/dags/db_and_model_update_dag.py
[2026-03-27T12:33:24.839+0000] {logging_mixin.py:190} INFO - [2026-03-27T12:33:24.838+0000] {dag.py:3239} INFO - Sync 1 DAGs
[2026-03-27T12:33:24.881+0000] {processor.py:208} INFO - Processing /opt/airflow/dags/db_and_model_update_dag.py took 0.112 seconds
[2026-03-27T12:33:55.385+0000] {processor.py:186} INFO - Started process (PID=3454) to work on /opt/airflow/dags/db_and_model_update_dag.py
[2026-03-27T12:33:55.386+0000] {processor.py:914} INFO - Processing file /opt/airflow/dags/db_and_model_update_dag.py for tasks to queue
[2026-03-27T12:33:55.388+0000] {logging_mixin.py:190} INFO - [2026-03-27T12:33:55.388+0000] {dagbag.py:588} INFO - Filling up the DagBag from /opt/airflow/dags/db_and_model_update_dag.py
[2026-03-27T12:33:55.412+0000] {processor.py:925} INFO - DAG(s) 'db_and_model_update' retrieved from /opt/airflow/dags/db_and_model_update_dag.py
[2026-03-27T12:33:55.451+0000] {logging_mixin.py:190} INFO - [2026-03-27T12:33:55.451+0000] {dag.py:3239} INFO - Sync 1 DAGs
[2026-03-27T12:33:55.492+0000] {processor.py:208} INFO - Processing /opt/airflow/dags/db_and_model_update_dag.py took 0.116 seconds
[2026-03-27T12:34:25.816+0000] {processor.py:186} INFO - Started process (PID=3464) to work on /opt/airflow/dags/db_and_model_update_dag.py
[2026-03-27T12:34:25.817+0000] {processor.py:914} INFO - Processing file /opt/airflow/dags/db_and_model_update_dag.py for tasks to queue
[2026-03-27T12:34:25.819+0000] {logging_mixin.py:190} INFO - [2026-03-27T12:34:25.819+0000] {dagbag.py:588} INFO - Filling up the DagBag from /opt/airflow/dags/db_and_model_update_dag.py
[2026-03-27T12:34:25.842+0000] {processor.py:925} INFO - DAG(s) 'db_and_model_update' retrieved from /opt/airflow/dags/db_and_model_update_dag.py
[2026-03-27T12:34:25.874+0000] {logging_mixin.py:190} INFO - [2026-03-27T12:34:25.874+0000] {dag.py:3239} INFO - Sync 1 DAGs
[2026-03-27T12:34:25.912+0000] {processor.py:208} INFO - Processing /opt/airflow/dags/db_and_model_update_dag.py took 0.102 seconds
[2026-03-27T12:34:56.378+0000] {processor.py:186} INFO - Started process (PID=3474) to work on /opt/airflow/dags/db_and_model_update_dag.py
[2026-03-27T12:34:56.379+0000] {processor.py:914} INFO - Processing file /opt/airflow/dags/db_and_model_update_dag.py for tasks to queue
[2026-03-27T12:34:56.382+0000] {logging_mixin.py:190} INFO - [2026-03-27T12:34:56.382+0000] {dagbag.py:588} INFO - Filling up the DagBag from /opt/airflow/dags/db_and_model_update_dag.py
[2026-03-27T12:34:56.405+0000] {processor.py:925} INFO - DAG(s) 'db_and_model_update' retrieved from /opt/airflow/dags/db_and_model_update_dag.py
[2026-03-27T12:34:56.437+0000] {logging_mixin.py:190} INFO - [2026-03-27T12:34:56.436+0000] {dag.py:3239} INFO - Sync 1 DAGs
[2026-03-27T12:34:56.474+0000] {processor.py:208} INFO - Processing /opt/airflow/dags/db_and_model_update_dag.py took 0.105 seconds
[2026-03-27T12:35:26.954+0000] {processor.py:186} INFO - Started process (PID=3484) to work on /opt/airflow/dags/db_and_model_update_dag.py
[2026-03-27T12:35:26.955+0000] {processor.py:914} INFO - Processing file /opt/airflow/dags/db_and_model_update_dag.py for tasks to queue
[2026-03-27T12:35:26.957+0000] {logging_mixin.py:190} INFO - [2026-03-27T12:35:26.957+0000] {dagbag.py:588} INFO - Filling up the DagBag from /opt/airflow/dags/db_and_model_update_dag.py
[2026-03-27T12:35:26.975+0000] {processor.py:925} INFO - DAG(s) 'db_and_model_update' retrieved from /opt/airflow/dags/db_and_model_update_dag.py
[2026-03-27T12:35:27.004+0000] {logging_mixin.py:190} INFO - [2026-03-27T12:35:27.004+0000] {dag.py:3239} INFO - Sync 1 DAGs
[2026-03-27T12:35:27.039+0000] {processor.py:208} INFO - Processing /opt/airflow/dags/db_and_model_update_dag.py took 0.094 seconds
[2026-03-27T12:35:57.386+0000] {processor.py:186} INFO - Started process (PID=3494) to work on /opt/airflow/dags/db_and_model_update_dag.py
[2026-03-27T12:35:57.387+0000] {processor.py:914} INFO - Processing file /opt/airflow/dags/db_and_model_update_dag.py for tasks to queue
[2026-03-27T12:35:57.389+0000] {logging_mixin.py:190} INFO - [2026-03-27T12:35:57.389+0000] {dagbag.py:588} INFO - Filling up the DagBag from /opt/airflow/dags/db_and_model_update_dag.py
[2026-03-27T12:35:57.409+0000] {processor.py:925} INFO - DAG(s) 'db_and_model_update' retrieved from /opt/airflow/dags/db_and_model_update_dag.py
[2026-03-27T12:35:57.437+0000] {logging_mixin.py:190} INFO - [2026-03-27T12:35:57.436+0000] {dag.py:3239} INFO - Sync 1 DAGs
[2026-03-27T12:35:57.475+0000] {processor.py:208} INFO - Processing /opt/airflow/dags/db_and_model_update_dag.py took 0.098 seconds
[2026-03-27T12:36:27.913+0000] {processor.py:186} INFO - Started process (PID=3504) to work on /opt/airflow/dags/db_and_model_update_dag.py
[2026-03-27T12:36:27.914+0000] {processor.py:914} INFO - Processing file /opt/airflow/dags/db_and_model_update_dag.py for tasks to queue
[2026-03-27T12:36:27.917+0000] {logging_mixin.py:190} INFO - [2026-03-27T12:36:27.916+0000] {dagbag.py:588} INFO - Filling up the DagBag from /opt/airflow/dags/db_and_model_update_dag.py
[2026-03-27T12:36:27.939+0000] {processor.py:925} INFO - DAG(s) 'db_and_model_update' retrieved from /opt/airflow/dags/db_and_model_update_dag.py
[2026-03-27T12:36:27.970+0000] {logging_mixin.py:190} INFO - [2026-03-27T12:36:27.970+0000] {dag.py:3239} INFO - Sync 1 DAGs
[2026-03-27T12:36:28.031+0000] {processor.py:208} INFO - Processing /opt/airflow/dags/db_and_model_update_dag.py took 0.126 seconds
[2026-03-27T12:36:58.586+0000] {processor.py:186} INFO - Started process (PID=3514) to work on /opt/airflow/dags/db_and_model_update_dag.py
[2026-03-27T12:36:58.587+0000] {processor.py:914} INFO - Processing file /opt/airflow/dags/db_and_model_update_dag.py for tasks to queue
[2026-03-27T12:36:58.590+0000] {logging_mixin.py:190} INFO - [2026-03-27T12:36:58.590+0000] {dagbag.py:588} INFO - Filling up the DagBag from /opt/airflow/dags/db_and_model_update_dag.py
[2026-03-27T12:36:58.609+0000] {processor.py:925} INFO - DAG(s) 'db_and_model_update' retrieved from /opt/airflow/dags/db_and_model_update_dag.py
[2026-03-27T12:36:58.641+0000] {logging_mixin.py:190} INFO - [2026-03-27T12:36:58.641+0000] {dag.py:3239} INFO - Sync 1 DAGs
[2026-03-27T12:36:58.683+0000] {processor.py:208} INFO - Processing /opt/airflow/dags/db_and_model_update_dag.py took 0.105 seconds
[2026-03-27T12:37:29.169+0000] {processor.py:186} INFO - Started process (PID=3524) to work on /opt/airflow/dags/db_and_model_update_dag.py
[2026-03-27T12:37:29.171+0000] {processor.py:914} INFO - Processing file /opt/airflow/dags/db_and_model_update_dag.py for tasks to queue
[2026-03-27T12:37:29.174+0000] {logging_mixin.py:190} INFO - [2026-03-27T12:37:29.173+0000] {dagbag.py:588} INFO - Filling up the DagBag from /opt/airflow/dags/db_and_model_update_dag.py
[2026-03-27T12:37:29.193+0000] {processor.py:925} INFO - DAG(s) 'db_and_model_update' retrieved from /opt/airflow/dags/db_and_model_update_dag.py
[2026-03-27T12:37:29.226+0000] {logging_mixin.py:190} INFO - [2026-03-27T12:37:29.226+0000] {dag.py:3239} INFO - Sync 1 DAGs
[2026-03-27T12:37:29.266+0000] {processor.py:208} INFO - Processing /opt/airflow/dags/db_and_model_update_dag.py took 0.105 seconds
[2026-03-27T12:37:59.690+0000] {processor.py:186} INFO - Started process (PID=3534) to work on /opt/airflow/dags/db_and_model_update_dag.py
[2026-03-27T12:37:59.692+0000] {processor.py:914} INFO - Processing file /opt/airflow/dags/db_and_model_update_dag.py for tasks to queue
[2026-03-27T12:37:59.695+0000] {logging_mixin.py:190} INFO - [2026-03-27T12:37:59.694+0000] {dagbag.py:588} INFO - Filling up the DagBag from /opt/airflow/dags/db_and_model_update_dag.py
[2026-03-27T12:37:59.722+0000] {processor.py:925} INFO - DAG(s) 'db_and_model_update' retrieved from /opt/airflow/dags/db_and_model_update_dag.py
[2026-03-27T12:37:59.758+0000] {logging_mixin.py:190} INFO - [2026-03-27T12:37:59.757+0000] {dag.py:3239} INFO - Sync 1 DAGs
[2026-03-27T12:37:59.805+0000] {processor.py:208} INFO - Processing /opt/airflow/dags/db_and_model_update_dag.py took 0.123 seconds
[2026-03-27T12:38:30.263+0000] {processor.py:186} INFO - Started process (PID=3544) to work on /opt/airflow/dags/db_and_model_update_dag.py
[2026-03-27T12:38:30.264+0000] {processor.py:914} INFO - Processing file /opt/airflow/dags/db_and_model_update_dag.py for tasks to queue
[2026-03-27T12:38:30.266+0000] {logging_mixin.py:190} INFO - [2026-03-27T12:38:30.266+0000] {dagbag.py:588} INFO - Filling up the DagBag from /opt/airflow/dags/db_and_model_update_dag.py
[2026-03-27T12:38:30.287+0000] {processor.py:925} INFO - DAG(s) 'db_and_model_update' retrieved from /opt/airflow/dags/db_and_model_update_dag.py
[2026-03-27T12:38:30.319+0000] {logging_mixin.py:190} INFO - [2026-03-27T12:38:30.318+0000] {dag.py:3239} INFO - Sync 1 DAGs
[2026-03-27T12:38:30.357+0000] {processor.py:208} INFO - Processing /opt/airflow/dags/db_and_model_update_dag.py took 0.103 seconds
[2026-03-27T12:39:00.704+0000] {processor.py:186} INFO - Started process (PID=3554) to work on /opt/airflow/dags/db_and_model_update_dag.py
[2026-03-27T12:39:00.705+0000] {processor.py:914} INFO - Processing file /opt/airflow/dags/db_and_model_update_dag.py for tasks to queue
[2026-03-27T12:39:00.709+0000] {logging_mixin.py:190} INFO - [2026-03-27T12:39:00.709+0000] {dagbag.py:588} INFO - Filling up the DagBag from /opt/airflow/dags/db_and_model_update_dag.py
[2026-03-27T12:39:00.737+0000] {processor.py:925} INFO - DAG(s) 'db_and_model_update' retrieved from /opt/airflow/dags/db_and_model_update_dag.py
[2026-03-27T12:39:00.774+0000] {logging_mixin.py:190} INFO - [2026-03-27T12:39:00.773+0000] {dag.py:3239} INFO - Sync 1 DAGs
[2026-03-27T12:39:00.828+0000] {processor.py:208} INFO - Processing /opt/airflow/dags/db_and_model_update_dag.py took 0.131 seconds
[2026-03-27T12:39:31.281+0000] {processor.py:186} INFO - Started process (PID=3564) to work on /opt/airflow/dags/db_and_model_update_dag.py
[2026-03-27T12:39:31.282+0000] {processor.py:914} INFO - Processing file /opt/airflow/dags/db_and_model_update_dag.py for tasks to queue
[2026-03-27T12:39:31.286+0000] {logging_mixin.py:190} INFO - [2026-03-27T12:39:31.286+0000] {dagbag.py:588} INFO - Filling up the DagBag from /opt/airflow/dags/db_and_model_update_dag.py
[2026-03-27T12:39:31.311+0000] {processor.py:925} INFO - DAG(s) 'db_and_model_update' retrieved from /opt/airflow/dags/db_and_model_update_dag.py
[2026-03-27T12:39:31.339+0000] {logging_mixin.py:190} INFO - [2026-03-27T12:39:31.339+0000] {dag.py:3239} INFO - Sync 1 DAGs
[2026-03-27T12:39:31.383+0000] {processor.py:208} INFO - Processing /opt/airflow/dags/db_and_model_update_dag.py took 0.109 seconds
[2026-03-27T12:40:01.834+0000] {processor.py:186} INFO - Started process (PID=3574) to work on /opt/airflow/dags/db_and_model_update_dag.py
[2026-03-27T12:40:01.835+0000] {processor.py:914} INFO - Processing file /opt/airflow/dags/db_and_model_update_dag.py for tasks to queue
[2026-03-27T12:40:01.837+0000] {logging_mixin.py:190} INFO - [2026-03-27T12:40:01.837+0000] {dagbag.py:588} INFO - Filling up the DagBag from /opt/airflow/dags/db_and_model_update_dag.py
[2026-03-27T12:40:01.860+0000] {processor.py:925} INFO - DAG(s) 'db_and_model_update' retrieved from /opt/airflow/dags/db_and_model_update_dag.py
[2026-03-27T12:40:01.897+0000] {logging_mixin.py:190} INFO - [2026-03-27T12:40:01.896+0000] {dag.py:3239} INFO - Sync 1 DAGs
[2026-03-27T12:40:01.935+0000] {processor.py:208} INFO - Processing /opt/airflow/dags/db_and_model_update_dag.py took 0.107 seconds
[2026-03-27T12:40:32.416+0000] {processor.py:186} INFO - Started process (PID=3584) to work on /opt/airflow/dags/db_and_model_update_dag.py
[2026-03-27T12:40:32.418+0000] {processor.py:914} INFO - Processing file /opt/airflow/dags/db_and_model_update_dag.py for tasks to queue
[2026-03-27T12:40:32.421+0000] {logging_mixin.py:190} INFO - [2026-03-27T12:40:32.420+0000] {dagbag.py:588} INFO - Filling up the DagBag from /opt/airflow/dags/db_and_model_update_dag.py
[2026-03-27T12:40:32.444+0000] {processor.py:925} INFO - DAG(s) 'db_and_model_update' retrieved from /opt/airflow/dags/db_and_model_update_dag.py
[2026-03-27T12:40:32.476+0000] {logging_mixin.py:190} INFO - [2026-03-27T12:40:32.476+0000] {dag.py:3239} INFO - Sync 1 DAGs
[2026-03-27T12:40:32.516+0000] {processor.py:208} INFO - Processing /opt/airflow/dags/db_and_model_update_dag.py took 0.110 seconds
[2026-03-27T12:41:02.887+0000] {processor.py:186} INFO - Started process (PID=3594) to work on /opt/airflow/dags/db_and_model_update_dag.py
[2026-03-27T12:41:02.888+0000] {processor.py:914} INFO - Processing file /opt/airflow/dags/db_and_model_update_dag.py for tasks to queue
[2026-03-27T12:41:02.890+0000] {logging_mixin.py:190} INFO - [2026-03-27T12:41:02.890+0000] {dagbag.py:588} INFO - Filling up the DagBag from /opt/airflow/dags/db_and_model_update_dag.py
[2026-03-27T12:41:02.913+0000] {processor.py:925} INFO - DAG(s) 'db_and_model_update' retrieved from /opt/airflow/dags/db_and_model_update_dag.py
[2026-03-27T12:41:02.945+0000] {logging_mixin.py:190} INFO - [2026-03-27T12:41:02.945+0000] {dag.py:3239} INFO - Sync 1 DAGs
[2026-03-27T12:41:03.003+0000] {processor.py:208} INFO - Processing /opt/airflow/dags/db_and_model_update_dag.py took 0.123 seconds
[2026-03-27T12:41:33.431+0000] {processor.py:186} INFO - Started process (PID=3604) to work on /opt/airflow/dags/db_and_model_update_dag.py
[2026-03-27T12:41:33.432+0000] {processor.py:914} INFO - Processing file /opt/airflow/dags/db_and_model_update_dag.py for tasks to queue
[2026-03-27T12:41:33.434+0000] {logging_mixin.py:190} INFO - [2026-03-27T12:41:33.434+0000] {dagbag.py:588} INFO - Filling up the DagBag from /opt/airflow/dags/db_and_model_update_dag.py
[2026-03-27T12:41:33.461+0000] {processor.py:925} INFO - DAG(s) 'db_and_model_update' retrieved from /opt/airflow/dags/db_and_model_update_dag.py
[2026-03-27T12:41:33.510+0000] {logging_mixin.py:190} INFO - [2026-03-27T12:41:33.509+0000] {dag.py:3239} INFO - Sync 1 DAGs
[2026-03-27T12:41:33.554+0000] {processor.py:208} INFO - Processing /opt/airflow/dags/db_and_model_update_dag.py took 0.130 seconds
[2026-03-27T12:42:04.038+0000] {processor.py:186} INFO - Started process (PID=3614) to work on /opt/airflow/dags/db_and_model_update_dag.py
[2026-03-27T12:42:04.040+0000] {processor.py:914} INFO - Processing file /opt/airflow/dags/db_and_model_update_dag.py for tasks to queue
[2026-03-27T12:42:04.045+0000] {logging_mixin.py:190} INFO - [2026-03-27T12:42:04.044+0000] {dagbag.py:588} INFO - Filling up the DagBag from /opt/airflow/dags/db_and_model_update_dag.py
[2026-03-27T12:42:04.068+0000] {processor.py:925} INFO - DAG(s) 'db_and_model_update' retrieved from /opt/airflow/dags/db_and_model_update_dag.py
[2026-03-27T12:42:04.101+0000] {logging_mixin.py:190} INFO - [2026-03-27T12:42:04.100+0000] {dag.py:3239} INFO - Sync 1 DAGs
[2026-03-27T12:42:04.145+0000] {processor.py:208} INFO - Processing /opt/airflow/dags/db_and_model_update_dag.py took 0.114 seconds
[2026-03-27T12:42:34.393+0000] {processor.py:186} INFO - Started process (PID=3624) to work on /opt/airflow/dags/db_and_model_update_dag.py
[2026-03-27T12:42:34.394+0000] {processor.py:914} INFO - Processing file /opt/airflow/dags/db_and_model_update_dag.py for tasks to queue
[2026-03-27T12:42:34.396+0000] {logging_mixin.py:190} INFO - [2026-03-27T12:42:34.396+0000] {dagbag.py:588} INFO - Filling up the DagBag from /opt/airflow/dags/db_and_model_update_dag.py
[2026-03-27T12:42:34.417+0000] {processor.py:925} INFO - DAG(s) 'db_and_model_update' retrieved from /opt/airflow/dags/db_and_model_update_dag.py
[2026-03-27T12:42:34.448+0000] {logging_mixin.py:190} INFO - [2026-03-27T12:42:34.448+0000] {dag.py:3239} INFO - Sync 1 DAGs
[2026-03-27T12:42:34.487+0000] {processor.py:208} INFO - Processing /opt/airflow/dags/db_and_model_update_dag.py took 0.101 seconds
[2026-03-27T12:43:05.005+0000] {processor.py:186} INFO - Started process (PID=3634) to work on /opt/airflow/dags/db_and_model_update_dag.py
[2026-03-27T12:43:05.009+0000] {processor.py:914} INFO - Processing file /opt/airflow/dags/db_and_model_update_dag.py for tasks to queue
[2026-03-27T12:43:05.014+0000] {logging_mixin.py:190} INFO - [2026-03-27T12:43:05.013+0000] {dagbag.py:588} INFO - Filling up the DagBag from /opt/airflow/dags/db_and_model_update_dag.py
[2026-03-27T12:43:05.046+0000] {processor.py:925} INFO - DAG(s) 'db_and_model_update' retrieved from /opt/airflow/dags/db_and_model_update_dag.py
[2026-03-27T12:43:05.078+0000] {logging_mixin.py:190} INFO - [2026-03-27T12:43:05.077+0000] {dag.py:3239} INFO - Sync 1 DAGs
[2026-03-27T12:43:05.122+0000] {processor.py:208} INFO - Processing /opt/airflow/dags/db_and_model_update_dag.py took 0.124 seconds
[2026-03-27T12:43:35.421+0000] {processor.py:186} INFO - Started process (PID=3644) to work on /opt/airflow/dags/db_and_model_update_dag.py
[2026-03-27T12:43:35.423+0000] {processor.py:914} INFO - Processing file /opt/airflow/dags/db_and_model_update_dag.py for tasks to queue
[2026-03-27T12:43:35.425+0000] {logging_mixin.py:190} INFO - [2026-03-27T12:43:35.425+0000] {dagbag.py:588} INFO - Filling up the DagBag from /opt/airflow/dags/db_and_model_update_dag.py
[2026-03-27T12:43:35.444+0000] {processor.py:925} INFO - DAG(s) 'db_and_model_update' retrieved from /opt/airflow/dags/db_and_model_update_dag.py
[2026-03-27T12:43:35.473+0000] {logging_mixin.py:190} INFO - [2026-03-27T12:43:35.473+0000] {dag.py:3239} INFO - Sync 1 DAGs
[2026-03-27T12:43:35.515+0000] {processor.py:208} INFO - Processing /opt/airflow/dags/db_and_model_update_dag.py took 0.100 seconds
[2026-03-27T12:44:05.931+0000] {processor.py:186} INFO - Started process (PID=3654) to work on /opt/airflow/dags/db_and_model_update_dag.py
[2026-03-27T12:44:05.932+0000] {processor.py:914} INFO - Processing file /opt/airflow/dags/db_and_model_update_dag.py for tasks to queue
[2026-03-27T12:44:05.935+0000] {logging_mixin.py:190} INFO - [2026-03-27T12:44:05.935+0000] {dagbag.py:588} INFO - Filling up the DagBag from /opt/airflow/dags/db_and_model_update_dag.py
[2026-03-27T12:44:05.952+0000] {processor.py:925} INFO - DAG(s) 'db_and_model_update' retrieved from /opt/airflow/dags/db_and_model_update_dag.py
[2026-03-27T12:44:05.984+0000] {logging_mixin.py:190} INFO - [2026-03-27T12:44:05.984+0000] {dag.py:3239} INFO - Sync 1 DAGs
[2026-03-27T12:44:06.027+0000] {processor.py:208} INFO - Processing /opt/airflow/dags/db_and_model_update_dag.py took 0.102 seconds
[2026-03-27T12:44:36.355+0000] {processor.py:186} INFO - Started process (PID=3664) to work on /opt/airflow/dags/db_and_model_update_dag.py
[2026-03-27T12:44:36.356+0000] {processor.py:914} INFO - Processing file /opt/airflow/dags/db_and_model_update_dag.py for tasks to queue
[2026-03-27T12:44:36.359+0000] {logging_mixin.py:190} INFO - [2026-03-27T12:44:36.359+0000] {dagbag.py:588} INFO - Filling up the DagBag from /opt/airflow/dags/db_and_model_update_dag.py
[2026-03-27T12:44:36.382+0000] {processor.py:925} INFO - DAG(s) 'db_and_model_update' retrieved from /opt/airflow/dags/db_and_model_update_dag.py
[2026-03-27T12:44:36.415+0000] {logging_mixin.py:190} INFO - [2026-03-27T12:44:36.414+0000] {dag.py:3239} INFO - Sync 1 DAGs
[2026-03-27T12:44:36.453+0000] {processor.py:208} INFO - Processing /opt/airflow/dags/db_and_model_update_dag.py took 0.107 seconds
[2026-03-27T12:45:06.836+0000] {processor.py:186} INFO - Started process (PID=3674) to work on /opt/airflow/dags/db_and_model_update_dag.py
[2026-03-27T12:45:06.837+0000] {processor.py:914} INFO - Processing file /opt/airflow/dags/db_and_model_update_dag.py for tasks to queue
[2026-03-27T12:45:06.840+0000] {logging_mixin.py:190} INFO - [2026-03-27T12:45:06.839+0000] {dagbag.py:588} INFO - Filling up the DagBag from /opt/airflow/dags/db_and_model_update_dag.py
[2026-03-27T12:45:06.858+0000] {processor.py:925} INFO - DAG(s) 'db_and_model_update' retrieved from /opt/airflow/dags/db_and_model_update_dag.py
[2026-03-27T12:45:06.886+0000] {logging_mixin.py:190} INFO - [2026-03-27T12:45:06.886+0000] {dag.py:3239} INFO - Sync 1 DAGs
[2026-03-27T12:45:06.924+0000] {processor.py:208} INFO - Processing /opt/airflow/dags/db_and_model_update_dag.py took 0.097 seconds
[2026-03-27T12:45:37.336+0000] {processor.py:186} INFO - Started process (PID=3684) to work on /opt/airflow/dags/db_and_model_update_dag.py
[2026-03-27T12:45:37.337+0000] {processor.py:914} INFO - Processing file /opt/airflow/dags/db_and_model_update_dag.py for tasks to queue
[2026-03-27T12:45:37.340+0000] {logging_mixin.py:190} INFO - [2026-03-27T12:45:37.340+0000] {dagbag.py:588} INFO - Filling up the DagBag from /opt/airflow/dags/db_and_model_update_dag.py
[2026-03-27T12:45:37.361+0000] {processor.py:925} INFO - DAG(s) 'db_and_model_update' retrieved from /opt/airflow/dags/db_and_model_update_dag.py
[2026-03-27T12:45:37.396+0000] {logging_mixin.py:190} INFO - [2026-03-27T12:45:37.396+0000] {dag.py:3239} INFO - Sync 1 DAGs
[2026-03-27T12:45:37.442+0000] {processor.py:208} INFO - Processing /opt/airflow/dags/db_and_model_update_dag.py took 0.112 seconds
[2026-03-27T12:46:07.777+0000] {processor.py:186} INFO - Started process (PID=3694) to work on /opt/airflow/dags/db_and_model_update_dag.py
[2026-03-27T12:46:07.783+0000] {processor.py:914} INFO - Processing file /opt/airflow/dags/db_and_model_update_dag.py for tasks to queue
[2026-03-27T12:46:07.786+0000] {logging_mixin.py:190} INFO - [2026-03-27T12:46:07.786+0000] {dagbag.py:588} INFO - Filling up the DagBag from /opt/airflow/dags/db_and_model_update_dag.py
[2026-03-27T12:46:07.808+0000] {processor.py:925} INFO - DAG(s) 'db_and_model_update' retrieved from /opt/airflow/dags/db_and_model_update_dag.py
[2026-03-27T12:46:07.839+0000] {logging_mixin.py:190} INFO - [2026-03-27T12:46:07.838+0000] {dag.py:3239} INFO - Sync 1 DAGs
[2026-03-27T12:46:07.881+0000] {processor.py:208} INFO - Processing /opt/airflow/dags/db_and_model_update_dag.py took 0.111 seconds
[2026-03-27T12:46:38.257+0000] {processor.py:186} INFO - Started process (PID=3704) to work on /opt/airflow/dags/db_and_model_update_dag.py
[2026-03-27T12:46:38.258+0000] {processor.py:914} INFO - Processing file /opt/airflow/dags/db_and_model_update_dag.py for tasks to queue
[2026-03-27T12:46:38.261+0000] {logging_mixin.py:190} INFO - [2026-03-27T12:46:38.260+0000] {dagbag.py:588} INFO - Filling up the DagBag from /opt/airflow/dags/db_and_model_update_dag.py
[2026-03-27T12:46:38.280+0000] {processor.py:925} INFO - DAG(s) 'db_and_model_update' retrieved from /opt/airflow/dags/db_and_model_update_dag.py
[2026-03-27T12:46:38.319+0000] {logging_mixin.py:190} INFO - [2026-03-27T12:46:38.319+0000] {dag.py:3239} INFO - Sync 1 DAGs
[2026-03-27T12:46:38.362+0000] {processor.py:208} INFO - Processing /opt/airflow/dags/db_and_model_update_dag.py took 0.113 seconds
[2026-03-27T12:47:08.687+0000] {processor.py:186} INFO - Started process (PID=3714) to work on /opt/airflow/dags/db_and_model_update_dag.py
[2026-03-27T12:47:08.689+0000] {processor.py:914} INFO - Processing file /opt/airflow/dags/db_and_model_update_dag.py for tasks to queue
[2026-03-27T12:47:08.691+0000] {logging_mixin.py:190} INFO - [2026-03-27T12:47:08.691+0000] {dagbag.py:588} INFO - Filling up the DagBag from /opt/airflow/dags/db_and_model_update_dag.py
[2026-03-27T12:47:08.721+0000] {processor.py:925} INFO - DAG(s) 'db_and_model_update' retrieved from /opt/airflow/dags/db_and_model_update_dag.py
[2026-03-27T12:47:08.761+0000] {logging_mixin.py:190} INFO - [2026-03-27T12:47:08.761+0000] {dag.py:3239} INFO - Sync 1 DAGs
[2026-03-27T12:47:08.808+0000] {processor.py:208} INFO - Processing /opt/airflow/dags/db_and_model_update_dag.py took 0.129 seconds
[2026-03-27T12:47:39.342+0000] {processor.py:186} INFO - Started process (PID=3724) to work on /opt/airflow/dags/db_and_model_update_dag.py
[2026-03-27T12:47:39.344+0000] {processor.py:914} INFO - Processing file /opt/airflow/dags/db_and_model_update_dag.py for tasks to queue
[2026-03-27T12:47:39.346+0000] {logging_mixin.py:190} INFO - [2026-03-27T12:47:39.346+0000] {dagbag.py:588} INFO - Filling up the DagBag from /opt/airflow/dags/db_and_model_update_dag.py
[2026-03-27T12:47:39.370+0000] {processor.py:925} INFO - DAG(s) 'db_and_model_update' retrieved from /opt/airflow/dags/db_and_model_update_dag.py
[2026-03-27T12:47:39.403+0000] {logging_mixin.py:190} INFO - [2026-03-27T12:47:39.403+0000] {dag.py:3239} INFO - Sync 1 DAGs
[2026-03-27T12:47:39.443+0000] {processor.py:208} INFO - Processing /opt/airflow/dags/db_and_model_update_dag.py took 0.109 seconds
[2026-03-27T12:48:09.914+0000] {processor.py:186} INFO - Started process (PID=3734) to work on /opt/airflow/dags/db_and_model_update_dag.py
[2026-03-27T12:48:09.915+0000] {processor.py:914} INFO - Processing file /opt/airflow/dags/db_and_model_update_dag.py for tasks to queue
[2026-03-27T12:48:09.917+0000] {logging_mixin.py:190} INFO - [2026-03-27T12:48:09.917+0000] {dagbag.py:588} INFO - Filling up the DagBag from /opt/airflow/dags/db_and_model_update_dag.py
[2026-03-27T12:48:09.941+0000] {processor.py:925} INFO - DAG(s) 'db_and_model_update' retrieved from /opt/airflow/dags/db_and_model_update_dag.py
[2026-03-27T12:48:09.971+0000] {logging_mixin.py:190} INFO - [2026-03-27T12:48:09.971+0000] {dag.py:3239} INFO - Sync 1 DAGs
[2026-03-27T12:48:10.013+0000] {processor.py:208} INFO - Processing /opt/airflow/dags/db_and_model_update_dag.py took 0.109 seconds
[2026-03-27T12:48:40.308+0000] {processor.py:186} INFO - Started process (PID=3744) to work on /opt/airflow/dags/db_and_model_update_dag.py
[2026-03-27T12:48:40.309+0000] {processor.py:914} INFO - Processing file /opt/airflow/dags/db_and_model_update_dag.py for tasks to queue
[2026-03-27T12:48:40.314+0000] {logging_mixin.py:190} INFO - [2026-03-27T12:48:40.311+0000] {dagbag.py:588} INFO - Filling up the DagBag from /opt/airflow/dags/db_and_model_update_dag.py
[2026-03-27T12:48:40.344+0000] {processor.py:925} INFO - DAG(s) 'db_and_model_update' retrieved from /opt/airflow/dags/db_and_model_update_dag.py
[2026-03-27T12:48:40.389+0000] {logging_mixin.py:190} INFO - [2026-03-27T12:48:40.389+0000] {dag.py:3239} INFO - Sync 1 DAGs
[2026-03-27T12:48:40.442+0000] {processor.py:208} INFO - Processing /opt/airflow/dags/db_and_model_update_dag.py took 0.146 seconds
[2026-03-27T12:49:10.747+0000] {processor.py:186} INFO - Started process (PID=3754) to work on /opt/airflow/dags/db_and_model_update_dag.py
[2026-03-27T12:49:10.748+0000] {processor.py:914} INFO - Processing file /opt/airflow/dags/db_and_model_update_dag.py for tasks to queue
[2026-03-27T12:49:10.750+0000] {logging_mixin.py:190} INFO - [2026-03-27T12:49:10.750+0000] {dagbag.py:588} INFO - Filling up the DagBag from /opt/airflow/dags/db_and_model_update_dag.py
[2026-03-27T12:49:10.768+0000] {processor.py:925} INFO - DAG(s) 'db_and_model_update' retrieved from /opt/airflow/dags/db_and_model_update_dag.py
[2026-03-27T12:49:10.796+0000] {logging_mixin.py:190} INFO - [2026-03-27T12:49:10.796+0000] {dag.py:3239} INFO - Sync 1 DAGs
[2026-03-27T12:49:10.841+0000] {processor.py:208} INFO - Processing /opt/airflow/dags/db_and_model_update_dag.py took 0.101 seconds
[2026-03-27T12:49:41.249+0000] {processor.py:186} INFO - Started process (PID=3764) to work on /opt/airflow/dags/db_and_model_update_dag.py
[2026-03-27T12:49:41.250+0000] {processor.py:914} INFO - Processing file /opt/airflow/dags/db_and_model_update_dag.py for tasks to queue
[2026-03-27T12:49:41.253+0000] {logging_mixin.py:190} INFO - [2026-03-27T12:49:41.252+0000] {dagbag.py:588} INFO - Filling up the DagBag from /opt/airflow/dags/db_and_model_update_dag.py
[2026-03-27T12:49:41.271+0000] {processor.py:925} INFO - DAG(s) 'db_and_model_update' retrieved from /opt/airflow/dags/db_and_model_update_dag.py
[2026-03-27T12:49:41.306+0000] {logging_mixin.py:190} INFO - [2026-03-27T12:49:41.305+0000] {dag.py:3239} INFO - Sync 1 DAGs
[2026-03-27T12:49:41.349+0000] {processor.py:208} INFO - Processing /opt/airflow/dags/db_and_model_update_dag.py took 0.109 seconds
[2026-03-27T12:50:11.587+0000] {processor.py:186} INFO - Started process (PID=3774) to work on /opt/airflow/dags/db_and_model_update_dag.py
[2026-03-27T12:50:11.589+0000] {processor.py:914} INFO - Processing file /opt/airflow/dags/db_and_model_update_dag.py for tasks to queue
[2026-03-27T12:50:11.592+0000] {logging_mixin.py:190} INFO - [2026-03-27T12:50:11.591+0000] {dagbag.py:588} INFO - Filling up the DagBag from /opt/airflow/dags/db_and_model_update_dag.py
[2026-03-27T12:50:11.614+0000] {processor.py:925} INFO - DAG(s) 'db_and_model_update' retrieved from /opt/airflow/dags/db_and_model_update_dag.py
[2026-03-27T12:50:11.644+0000] {logging_mixin.py:190} INFO - [2026-03-27T12:50:11.644+0000] {dag.py:3239} INFO - Sync 1 DAGs
[2026-03-27T12:50:11.685+0000] {processor.py:208} INFO - Processing /opt/airflow/dags/db_and_model_update_dag.py took 0.107 seconds
[2026-03-27T12:50:42.080+0000] {processor.py:186} INFO - Started process (PID=3784) to work on /opt/airflow/dags/db_and_model_update_dag.py
[2026-03-27T12:50:42.082+0000] {processor.py:914} INFO - Processing file /opt/airflow/dags/db_and_model_update_dag.py for tasks to queue
[2026-03-27T12:50:42.090+0000] {logging_mixin.py:190} INFO - [2026-03-27T12:50:42.090+0000] {dagbag.py:588} INFO - Filling up the DagBag from /opt/airflow/dags/db_and_model_update_dag.py
[2026-03-27T12:50:42.120+0000] {processor.py:925} INFO - DAG(s) 'db_and_model_update' retrieved from /opt/airflow/dags/db_and_model_update_dag.py
[2026-03-27T12:50:42.153+0000] {logging_mixin.py:190} INFO - [2026-03-27T12:50:42.153+0000] {dag.py:3239} INFO - Sync 1 DAGs
[2026-03-27T12:50:42.194+0000] {processor.py:208} INFO - Processing /opt/airflow/dags/db_and_model_update_dag.py took 0.130 seconds
[2026-03-27T12:51:12.635+0000] {processor.py:186} INFO - Started process (PID=3794) to work on /opt/airflow/dags/db_and_model_update_dag.py
[2026-03-27T12:51:12.636+0000] {processor.py:914} INFO - Processing file /opt/airflow/dags/db_and_model_update_dag.py for tasks to queue
[2026-03-27T12:51:12.639+0000] {logging_mixin.py:190} INFO - [2026-03-27T12:51:12.639+0000] {dagbag.py:588} INFO - Filling up the DagBag from /opt/airflow/dags/db_and_model_update_dag.py
[2026-03-27T12:51:12.674+0000] {processor.py:925} INFO - DAG(s) 'db_and_model_update' retrieved from /opt/airflow/dags/db_and_model_update_dag.py
[2026-03-27T12:51:12.705+0000] {logging_mixin.py:190} INFO - [2026-03-27T12:51:12.705+0000] {dag.py:3239} INFO - Sync 1 DAGs
[2026-03-27T12:51:12.745+0000] {processor.py:208} INFO - Processing /opt/airflow/dags/db_and_model_update_dag.py took 0.119 seconds
[2026-03-27T12:51:43.002+0000] {processor.py:186} INFO - Started process (PID=3804) to work on /opt/airflow/dags/db_and_model_update_dag.py
[2026-03-27T12:51:43.006+0000] {processor.py:914} INFO - Processing file /opt/airflow/dags/db_and_model_update_dag.py for tasks to queue
[2026-03-27T12:51:43.009+0000] {logging_mixin.py:190} INFO - [2026-03-27T12:51:43.008+0000] {dagbag.py:588} INFO - Filling up the DagBag from /opt/airflow/dags/db_and_model_update_dag.py
[2026-03-27T12:51:43.033+0000] {processor.py:925} INFO - DAG(s) 'db_and_model_update' retrieved from /opt/airflow/dags/db_and_model_update_dag.py
[2026-03-27T12:51:43.061+0000] {logging_mixin.py:190} INFO - [2026-03-27T12:51:43.061+0000] {dag.py:3239} INFO - Sync 1 DAGs
[2026-03-27T12:51:43.102+0000] {processor.py:208} INFO - Processing /opt/airflow/dags/db_and_model_update_dag.py took 0.106 seconds
[2026-03-27T12:52:13.486+0000] {processor.py:186} INFO - Started process (PID=3814) to work on /opt/airflow/dags/db_and_model_update_dag.py
[2026-03-27T12:52:13.487+0000] {processor.py:914} INFO - Processing file /opt/airflow/dags/db_and_model_update_dag.py for tasks to queue
[2026-03-27T12:52:13.489+0000] {logging_mixin.py:190} INFO - [2026-03-27T12:52:13.489+0000] {dagbag.py:588} INFO - Filling up the DagBag from /opt/airflow/dags/db_and_model_update_dag.py
[2026-03-27T12:52:13.508+0000] {processor.py:925} INFO - DAG(s) 'db_and_model_update' retrieved from /opt/airflow/dags/db_and_model_update_dag.py
[2026-03-27T12:52:13.540+0000] {logging_mixin.py:190} INFO - [2026-03-27T12:52:13.539+0000] {dag.py:3239} INFO - Sync 1 DAGs
[2026-03-27T12:52:13.584+0000] {processor.py:208} INFO - Processing /opt/airflow/dags/db_and_model_update_dag.py took 0.105 seconds
[2026-03-27T12:52:43.994+0000] {processor.py:186} INFO - Started process (PID=3824) to work on /opt/airflow/dags/db_and_model_update_dag.py
[2026-03-27T12:52:43.999+0000] {processor.py:914} INFO - Processing file /opt/airflow/dags/db_and_model_update_dag.py for tasks to queue
[2026-03-27T12:52:44.001+0000] {logging_mixin.py:190} INFO - [2026-03-27T12:52:44.001+0000] {dagbag.py:588} INFO - Filling up the DagBag from /opt/airflow/dags/db_and_model_update_dag.py
[2026-03-27T12:52:44.023+0000] {processor.py:925} INFO - DAG(s) 'db_and_model_update' retrieved from /opt/airflow/dags/db_and_model_update_dag.py
[2026-03-27T12:52:44.056+0000] {logging_mixin.py:190} INFO - [2026-03-27T12:52:44.056+0000] {dag.py:3239} INFO - Sync 1 DAGs
[2026-03-27T12:52:44.094+0000] {processor.py:208} INFO - Processing /opt/airflow/dags/db_and_model_update_dag.py took 0.111 seconds
[2026-03-27T12:53:14.527+0000] {processor.py:186} INFO - Started process (PID=3834) to work on /opt/airflow/dags/db_and_model_update_dag.py
[2026-03-27T12:53:14.529+0000] {processor.py:914} INFO - Processing file /opt/airflow/dags/db_and_model_update_dag.py for tasks to queue
[2026-03-27T12:53:14.533+0000] {logging_mixin.py:190} INFO - [2026-03-27T12:53:14.533+0000] {dagbag.py:588} INFO - Filling up the DagBag from /opt/airflow/dags/db_and_model_update_dag.py
[2026-03-27T12:53:14.560+0000] {processor.py:925} INFO - DAG(s) 'db_and_model_update' retrieved from /opt/airflow/dags/db_and_model_update_dag.py
[2026-03-27T12:53:14.590+0000] {logging_mixin.py:190} INFO - [2026-03-27T12:53:14.589+0000] {dag.py:3239} INFO - Sync 1 DAGs
[2026-03-27T12:53:14.630+0000] {processor.py:208} INFO - Processing /opt/airflow/dags/db_and_model_update_dag.py took 0.112 seconds
[2026-03-27T12:53:44.922+0000] {processor.py:186} INFO - Started process (PID=3844) to work on /opt/airflow/dags/db_and_model_update_dag.py
[2026-03-27T12:53:44.923+0000] {processor.py:914} INFO - Processing file /opt/airflow/dags/db_and_model_update_dag.py for tasks to queue
[2026-03-27T12:53:44.925+0000] {logging_mixin.py:190} INFO - [2026-03-27T12:53:44.925+0000] {dagbag.py:588} INFO - Filling up the DagBag from /opt/airflow/dags/db_and_model_update_dag.py
[2026-03-27T12:53:44.943+0000] {processor.py:925} INFO - DAG(s) 'db_and_model_update' retrieved from /opt/airflow/dags/db_and_model_update_dag.py
[2026-03-27T12:53:44.976+0000] {logging_mixin.py:190} INFO - [2026-03-27T12:53:44.976+0000] {dag.py:3239} INFO - Sync 1 DAGs
[2026-03-27T12:53:45.013+0000] {processor.py:208} INFO - Processing /opt/airflow/dags/db_and_model_update_dag.py took 0.098 seconds
[2026-03-27T12:54:15.415+0000] {processor.py:186} INFO - Started process (PID=3854) to work on /opt/airflow/dags/db_and_model_update_dag.py
[2026-03-27T12:54:15.416+0000] {processor.py:914} INFO - Processing file /opt/airflow/dags/db_and_model_update_dag.py for tasks to queue
[2026-03-27T12:54:15.419+0000] {logging_mixin.py:190} INFO - [2026-03-27T12:54:15.419+0000] {dagbag.py:588} INFO - Filling up the DagBag from /opt/airflow/dags/db_and_model_update_dag.py
[2026-03-27T12:54:15.442+0000] {processor.py:925} INFO - DAG(s) 'db_and_model_update' retrieved from /opt/airflow/dags/db_and_model_update_dag.py
[2026-03-27T12:54:15.477+0000] {logging_mixin.py:190} INFO - [2026-03-27T12:54:15.477+0000] {dag.py:3239} INFO - Sync 1 DAGs
[2026-03-27T12:54:15.530+0000] {processor.py:208} INFO - Processing /opt/airflow/dags/db_and_model_update_dag.py took 0.123 seconds
[2026-03-27T12:54:45.774+0000] {processor.py:186} INFO - Started process (PID=3864) to work on /opt/airflow/dags/db_and_model_update_dag.py
[2026-03-27T12:54:45.776+0000] {processor.py:914} INFO - Processing file /opt/airflow/dags/db_and_model_update_dag.py for tasks to queue
[2026-03-27T12:54:45.778+0000] {logging_mixin.py:190} INFO - [2026-03-27T12:54:45.777+0000] {dagbag.py:588} INFO - Filling up the DagBag from /opt/airflow/dags/db_and_model_update_dag.py
[2026-03-27T12:54:45.798+0000] {processor.py:925} INFO - DAG(s) 'db_and_model_update' retrieved from /opt/airflow/dags/db_and_model_update_dag.py
[2026-03-27T12:54:45.829+0000] {logging_mixin.py:190} INFO - [2026-03-27T12:54:45.828+0000] {dag.py:3239} INFO - Sync 1 DAGs
[2026-03-27T12:54:45.869+0000] {processor.py:208} INFO - Processing /opt/airflow/dags/db_and_model_update_dag.py took 0.102 seconds
[2026-03-27T12:55:16.243+0000] {processor.py:186} INFO - Started process (PID=3874) to work on /opt/airflow/dags/db_and_model_update_dag.py
[2026-03-27T12:55:16.245+0000] {processor.py:914} INFO - Processing file /opt/airflow/dags/db_and_model_update_dag.py for tasks to queue
[2026-03-27T12:55:16.248+0000] {logging_mixin.py:190} INFO - [2026-03-27T12:55:16.247+0000] {dagbag.py:588} INFO - Filling up the DagBag from /opt/airflow/dags/db_and_model_update_dag.py
[2026-03-27T12:55:16.269+0000] {processor.py:925} INFO - DAG(s) 'db_and_model_update' retrieved from /opt/airflow/dags/db_and_model_update_dag.py
[2026-03-27T12:55:16.312+0000] {logging_mixin.py:190} INFO - [2026-03-27T12:55:16.311+0000] {dag.py:3239} INFO - Sync 1 DAGs
[2026-03-27T12:55:16.395+0000] {processor.py:208} INFO - Processing /opt/airflow/dags/db_and_model_update_dag.py took 0.159 seconds
[2026-03-27T12:55:46.758+0000] {processor.py:186} INFO - Started process (PID=3884) to work on /opt/airflow/dags/db_and_model_update_dag.py
[2026-03-27T12:55:46.760+0000] {processor.py:914} INFO - Processing file /opt/airflow/dags/db_and_model_update_dag.py for tasks to queue
[2026-03-27T12:55:46.762+0000] {logging_mixin.py:190} INFO - [2026-03-27T12:55:46.762+0000] {dagbag.py:588} INFO - Filling up the DagBag from /opt/airflow/dags/db_and_model_update_dag.py
[2026-03-27T12:55:46.788+0000] {processor.py:925} INFO - DAG(s) 'db_and_model_update' retrieved from /opt/airflow/dags/db_and_model_update_dag.py
[2026-03-27T12:55:46.825+0000] {logging_mixin.py:190} INFO - [2026-03-27T12:55:46.825+0000] {dag.py:3239} INFO - Sync 1 DAGs
[2026-03-27T12:55:46.868+0000] {processor.py:208} INFO - Processing /opt/airflow/dags/db_and_model_update_dag.py took 0.117 seconds
[2026-03-27T12:56:17.243+0000] {processor.py:186} INFO - Started process (PID=3894) to work on /opt/airflow/dags/db_and_model_update_dag.py
[2026-03-27T12:56:17.244+0000] {processor.py:914} INFO - Processing file /opt/airflow/dags/db_and_model_update_dag.py for tasks to queue
[2026-03-27T12:56:17.246+0000] {logging_mixin.py:190} INFO - [2026-03-27T12:56:17.246+0000] {dagbag.py:588} INFO - Filling up the DagBag from /opt/airflow/dags/db_and_model_update_dag.py
[2026-03-27T12:56:17.265+0000] {processor.py:925} INFO - DAG(s) 'db_and_model_update' retrieved from /opt/airflow/dags/db_and_model_update_dag.py
[2026-03-27T12:56:17.297+0000] {logging_mixin.py:190} INFO - [2026-03-27T12:56:17.297+0000] {dag.py:3239} INFO - Sync 1 DAGs
[2026-03-27T12:56:17.337+0000] {processor.py:208} INFO - Processing /opt/airflow/dags/db_and_model_update_dag.py took 0.101 seconds
[2026-03-27T12:56:47.639+0000] {processor.py:186} INFO - Started process (PID=3904) to work on /opt/airflow/dags/db_and_model_update_dag.py
[2026-03-27T12:56:47.641+0000] {processor.py:914} INFO - Processing file /opt/airflow/dags/db_and_model_update_dag.py for tasks to queue
[2026-03-27T12:56:47.643+0000] {logging_mixin.py:190} INFO - [2026-03-27T12:56:47.642+0000] {dagbag.py:588} INFO - Filling up the DagBag from /opt/airflow/dags/db_and_model_update_dag.py
[2026-03-27T12:56:47.663+0000] {processor.py:925} INFO - DAG(s) 'db_and_model_update' retrieved from /opt/airflow/dags/db_and_model_update_dag.py
[2026-03-27T12:56:47.692+0000] {logging_mixin.py:190} INFO - [2026-03-27T12:56:47.692+0000] {dag.py:3239} INFO - Sync 1 DAGs
[2026-03-27T12:56:47.730+0000] {processor.py:208} INFO - Processing /opt/airflow/dags/db_and_model_update_dag.py took 0.100 seconds
[2026-03-27T12:57:18.059+0000] {processor.py:186} INFO - Started process (PID=3914) to work on /opt/airflow/dags/db_and_model_update_dag.py
[2026-03-27T12:57:18.061+0000] {processor.py:914} INFO - Processing file /opt/airflow/dags/db_and_model_update_dag.py for tasks to queue
[2026-03-27T12:57:18.065+0000] {logging_mixin.py:190} INFO - [2026-03-27T12:57:18.065+0000] {dagbag.py:588} INFO - Filling up the DagBag from /opt/airflow/dags/db_and_model_update_dag.py
[2026-03-27T12:57:18.089+0000] {processor.py:925} INFO - DAG(s) 'db_and_model_update' retrieved from /opt/airflow/dags/db_and_model_update_dag.py
[2026-03-27T12:57:18.122+0000] {logging_mixin.py:190} INFO - [2026-03-27T12:57:18.122+0000] {dag.py:3239} INFO - Sync 1 DAGs
[2026-03-27T12:57:18.165+0000] {processor.py:208} INFO - Processing /opt/airflow/dags/db_and_model_update_dag.py took 0.112 seconds
[2026-03-27T12:57:48.483+0000] {processor.py:186} INFO - Started process (PID=3924) to work on /opt/airflow/dags/db_and_model_update_dag.py
[2026-03-27T12:57:48.484+0000] {processor.py:914} INFO - Processing file /opt/airflow/dags/db_and_model_update_dag.py for tasks to queue
[2026-03-27T12:57:48.488+0000] {logging_mixin.py:190} INFO - [2026-03-27T12:57:48.487+0000] {dagbag.py:588} INFO - Filling up the DagBag from /opt/airflow/dags/db_and_model_update_dag.py
[2026-03-27T12:57:48.507+0000] {processor.py:925} INFO - DAG(s) 'db_and_model_update' retrieved from /opt/airflow/dags/db_and_model_update_dag.py
[2026-03-27T12:57:48.552+0000] {logging_mixin.py:190} INFO - [2026-03-27T12:57:48.552+0000] {dag.py:3239} INFO - Sync 1 DAGs
[2026-03-27T12:57:48.605+0000] {processor.py:208} INFO - Processing /opt/airflow/dags/db_and_model_update_dag.py took 0.131 seconds
[2026-03-27T12:58:19.035+0000] {processor.py:186} INFO - Started process (PID=3934) to work on /opt/airflow/dags/db_and_model_update_dag.py
[2026-03-27T12:58:19.037+0000] {processor.py:914} INFO - Processing file /opt/airflow/dags/db_and_model_update_dag.py for tasks to queue
[2026-03-27T12:58:19.040+0000] {logging_mixin.py:190} INFO - [2026-03-27T12:58:19.040+0000] {dagbag.py:588} INFO - Filling up the DagBag from /opt/airflow/dags/db_and_model_update_dag.py
[2026-03-27T12:58:19.062+0000] {processor.py:925} INFO - DAG(s) 'db_and_model_update' retrieved from /opt/airflow/dags/db_and_model_update_dag.py
[2026-03-27T12:58:19.094+0000] {logging_mixin.py:190} INFO - [2026-03-27T12:58:19.094+0000] {dag.py:3239} INFO - Sync 1 DAGs
[2026-03-27T12:58:19.133+0000] {processor.py:208} INFO - Processing /opt/airflow/dags/db_and_model_update_dag.py took 0.108 seconds
[2026-03-27T12:58:49.526+0000] {processor.py:186} INFO - Started process (PID=3944) to work on /opt/airflow/dags/db_and_model_update_dag.py
[2026-03-27T12:58:49.527+0000] {processor.py:914} INFO - Processing file /opt/airflow/dags/db_and_model_update_dag.py for tasks to queue
[2026-03-27T12:58:49.530+0000] {logging_mixin.py:190} INFO - [2026-03-27T12:58:49.529+0000] {dagbag.py:588} INFO - Filling up the DagBag from /opt/airflow/dags/db_and_model_update_dag.py
[2026-03-27T12:58:49.550+0000] {processor.py:925} INFO - DAG(s) 'db_and_model_update' retrieved from /opt/airflow/dags/db_and_model_update_dag.py
[2026-03-27T12:58:49.582+0000] {logging_mixin.py:190} INFO - [2026-03-27T12:58:49.582+0000] {dag.py:3239} INFO - Sync 1 DAGs
[2026-03-27T12:58:49.635+0000] {processor.py:208} INFO - Processing /opt/airflow/dags/db_and_model_update_dag.py took 0.115 seconds
[2026-03-27T12:59:19.956+0000] {processor.py:186} INFO - Started process (PID=3954) to work on /opt/airflow/dags/db_and_model_update_dag.py
[2026-03-27T12:59:19.957+0000] {processor.py:914} INFO - Processing file /opt/airflow/dags/db_and_model_update_dag.py for tasks to queue
[2026-03-27T12:59:19.959+0000] {logging_mixin.py:190} INFO - [2026-03-27T12:59:19.959+0000] {dagbag.py:588} INFO - Filling up the DagBag from /opt/airflow/dags/db_and_model_update_dag.py
[2026-03-27T12:59:19.979+0000] {processor.py:925} INFO - DAG(s) 'db_and_model_update' retrieved from /opt/airflow/dags/db_and_model_update_dag.py
[2026-03-27T12:59:20.019+0000] {logging_mixin.py:190} INFO - [2026-03-27T12:59:20.019+0000] {dag.py:3239} INFO - Sync 1 DAGs
[2026-03-27T12:59:20.064+0000] {processor.py:208} INFO - Processing /opt/airflow/dags/db_and_model_update_dag.py took 0.115 seconds
[2026-03-27T12:59:50.320+0000] {processor.py:186} INFO - Started process (PID=3964) to work on /opt/airflow/dags/db_and_model_update_dag.py
[2026-03-27T12:59:50.321+0000] {processor.py:914} INFO - Processing file /opt/airflow/dags/db_and_model_update_dag.py for tasks to queue
[2026-03-27T12:59:50.324+0000] {logging_mixin.py:190} INFO - [2026-03-27T12:59:50.324+0000] {dagbag.py:588} INFO - Filling up the DagBag from /opt/airflow/dags/db_and_model_update_dag.py
[2026-03-27T12:59:50.345+0000] {processor.py:925} INFO - DAG(s) 'db_and_model_update' retrieved from /opt/airflow/dags/db_and_model_update_dag.py
[2026-03-27T12:59:50.377+0000] {logging_mixin.py:190} INFO - [2026-03-27T12:59:50.377+0000] {dag.py:3239} INFO - Sync 1 DAGs
[2026-03-27T12:59:50.426+0000] {processor.py:208} INFO - Processing /opt/airflow/dags/db_and_model_update_dag.py took 0.114 seconds
[2026-03-27T13:00:20.823+0000] {processor.py:186} INFO - Started process (PID=3974) to work on /opt/airflow/dags/db_and_model_update_dag.py
[2026-03-27T13:00:20.824+0000] {processor.py:914} INFO - Processing file /opt/airflow/dags/db_and_model_update_dag.py for tasks to queue
[2026-03-27T13:00:20.826+0000] {logging_mixin.py:190} INFO - [2026-03-27T13:00:20.826+0000] {dagbag.py:588} INFO - Filling up the DagBag from /opt/airflow/dags/db_and_model_update_dag.py
[2026-03-27T13:00:20.845+0000] {processor.py:925} INFO - DAG(s) 'db_and_model_update' retrieved from /opt/airflow/dags/db_and_model_update_dag.py
[2026-03-27T13:00:20.878+0000] {logging_mixin.py:190} INFO - [2026-03-27T13:00:20.877+0000] {dag.py:3239} INFO - Sync 1 DAGs
[2026-03-27T13:00:20.931+0000] {processor.py:208} INFO - Processing /opt/airflow/dags/db_and_model_update_dag.py took 0.115 seconds
[2026-03-27T13:00:51.127+0000] {processor.py:186} INFO - Started process (PID=3984) to work on /opt/airflow/dags/db_and_model_update_dag.py
[2026-03-27T13:00:51.128+0000] {processor.py:914} INFO - Processing file /opt/airflow/dags/db_and_model_update_dag.py for tasks to queue
[2026-03-27T13:00:51.131+0000] {logging_mixin.py:190} INFO - [2026-03-27T13:00:51.131+0000] {dagbag.py:588} INFO - Filling up the DagBag from /opt/airflow/dags/db_and_model_update_dag.py
[2026-03-27T13:00:51.152+0000] {processor.py:925} INFO - DAG(s) 'db_and_model_update' retrieved from /opt/airflow/dags/db_and_model_update_dag.py
[2026-03-27T13:00:51.181+0000] {logging_mixin.py:190} INFO - [2026-03-27T13:00:51.181+0000] {dag.py:3239} INFO - Sync 1 DAGs
[2026-03-27T13:00:51.225+0000] {processor.py:208} INFO - Processing /opt/airflow/dags/db_and_model_update_dag.py took 0.105 seconds
[2026-03-27T13:01:21.554+0000] {processor.py:186} INFO - Started process (PID=3994) to work on /opt/airflow/dags/db_and_model_update_dag.py
[2026-03-27T13:01:21.555+0000] {processor.py:914} INFO - Processing file /opt/airflow/dags/db_and_model_update_dag.py for tasks to queue
[2026-03-27T13:01:21.558+0000] {logging_mixin.py:190} INFO - [2026-03-27T13:01:21.558+0000] {dagbag.py:588} INFO - Filling up the DagBag from /opt/airflow/dags/db_and_model_update_dag.py
[2026-03-27T13:01:21.595+0000] {processor.py:925} INFO - DAG(s) 'db_and_model_update' retrieved from /opt/airflow/dags/db_and_model_update_dag.py
[2026-03-27T13:01:21.649+0000] {logging_mixin.py:190} INFO - [2026-03-27T13:01:21.649+0000] {dag.py:3239} INFO - Sync 1 DAGs
[2026-03-27T13:01:21.692+0000] {processor.py:208} INFO - Processing /opt/airflow/dags/db_and_model_update_dag.py took 0.145 seconds
[2026-03-27T13:01:52.063+0000] {processor.py:186} INFO - Started process (PID=4004) to work on /opt/airflow/dags/db_and_model_update_dag.py
[2026-03-27T13:01:52.065+0000] {processor.py:914} INFO - Processing file /opt/airflow/dags/db_and_model_update_dag.py for tasks to queue
[2026-03-27T13:01:52.069+0000] {logging_mixin.py:190} INFO - [2026-03-27T13:01:52.068+0000] {dagbag.py:588} INFO - Filling up the DagBag from /opt/airflow/dags/db_and_model_update_dag.py
[2026-03-27T13:01:52.089+0000] {processor.py:925} INFO - DAG(s) 'db_and_model_update' retrieved from /opt/airflow/dags/db_and_model_update_dag.py
[2026-03-27T13:01:52.119+0000] {logging_mixin.py:190} INFO - [2026-03-27T13:01:52.118+0000] {dag.py:3239} INFO - Sync 1 DAGs
[2026-03-27T13:01:52.157+0000] {processor.py:208} INFO - Processing /opt/airflow/dags/db_and_model_update_dag.py took 0.100 seconds
[2026-03-27T13:02:22.438+0000] {processor.py:186} INFO - Started process (PID=4014) to work on /opt/airflow/dags/db_and_model_update_dag.py
[2026-03-27T13:02:22.440+0000] {processor.py:914} INFO - Processing file /opt/airflow/dags/db_and_model_update_dag.py for tasks to queue
[2026-03-27T13:02:22.442+0000] {logging_mixin.py:190} INFO - [2026-03-27T13:02:22.442+0000] {dagbag.py:588} INFO - Filling up the DagBag from /opt/airflow/dags/db_and_model_update_dag.py
[2026-03-27T13:02:22.463+0000] {processor.py:925} INFO - DAG(s) 'db_and_model_update' retrieved from /opt/airflow/dags/db_and_model_update_dag.py
[2026-03-27T13:02:22.493+0000] {logging_mixin.py:190} INFO - [2026-03-27T13:02:22.493+0000] {dag.py:3239} INFO - Sync 1 DAGs
[2026-03-27T13:02:22.530+0000] {processor.py:208} INFO - Processing /opt/airflow/dags/db_and_model_update_dag.py took 0.099 seconds
[2026-03-27T13:02:52.934+0000] {processor.py:186} INFO - Started process (PID=4024) to work on /opt/airflow/dags/db_and_model_update_dag.py
[2026-03-27T13:02:52.936+0000] {processor.py:914} INFO - Processing file /opt/airflow/dags/db_and_model_update_dag.py for tasks to queue
[2026-03-27T13:02:52.940+0000] {logging_mixin.py:190} INFO - [2026-03-27T13:02:52.939+0000] {dagbag.py:588} INFO - Filling up the DagBag from /opt/airflow/dags/db_and_model_update_dag.py
[2026-03-27T13:02:52.958+0000] {processor.py:925} INFO - DAG(s) 'db_and_model_update' retrieved from /opt/airflow/dags/db_and_model_update_dag.py
[2026-03-27T13:02:52.990+0000] {logging_mixin.py:190} INFO - [2026-03-27T13:02:52.989+0000] {dag.py:3239} INFO - Sync 1 DAGs
[2026-03-27T13:02:53.034+0000] {processor.py:208} INFO - Processing /opt/airflow/dags/db_and_model_update_dag.py took 0.106 seconds
[2026-03-27T13:03:23.421+0000] {processor.py:186} INFO - Started process (PID=4034) to work on /opt/airflow/dags/db_and_model_update_dag.py
[2026-03-27T13:03:23.422+0000] {processor.py:914} INFO - Processing file /opt/airflow/dags/db_and_model_update_dag.py for tasks to queue
[2026-03-27T13:03:23.424+0000] {logging_mixin.py:190} INFO - [2026-03-27T13:03:23.424+0000] {dagbag.py:588} INFO - Filling up the DagBag from /opt/airflow/dags/db_and_model_update_dag.py
[2026-03-27T13:03:23.445+0000] {processor.py:925} INFO - DAG(s) 'db_and_model_update' retrieved from /opt/airflow/dags/db_and_model_update_dag.py
[2026-03-27T13:03:23.484+0000] {logging_mixin.py:190} INFO - [2026-03-27T13:03:23.484+0000] {dag.py:3239} INFO - Sync 1 DAGs
[2026-03-27T13:03:23.548+0000] {processor.py:208} INFO - Processing /opt/airflow/dags/db_and_model_update_dag.py took 0.147 seconds
[2026-03-27T13:03:53.950+0000] {processor.py:186} INFO - Started process (PID=4044) to work on /opt/airflow/dags/db_and_model_update_dag.py
[2026-03-27T13:03:53.951+0000] {processor.py:914} INFO - Processing file /opt/airflow/dags/db_and_model_update_dag.py for tasks to queue
[2026-03-27T13:03:53.954+0000] {logging_mixin.py:190} INFO - [2026-03-27T13:03:53.953+0000] {dagbag.py:588} INFO - Filling up the DagBag from /opt/airflow/dags/db_and_model_update_dag.py
[2026-03-27T13:03:53.977+0000] {processor.py:925} INFO - DAG(s) 'db_and_model_update' retrieved from /opt/airflow/dags/db_and_model_update_dag.py
[2026-03-27T13:03:54.014+0000] {logging_mixin.py:190} INFO - [2026-03-27T13:03:54.013+0000] {dag.py:3239} INFO - Sync 1 DAGs
[2026-03-27T13:03:54.071+0000] {processor.py:208} INFO - Processing /opt/airflow/dags/db_and_model_update_dag.py took 0.131 seconds
[2026-03-27T13:04:24.439+0000] {processor.py:186} INFO - Started process (PID=4054) to work on /opt/airflow/dags/db_and_model_update_dag.py
[2026-03-27T13:04:24.440+0000] {processor.py:914} INFO - Processing file /opt/airflow/dags/db_and_model_update_dag.py for tasks to queue
[2026-03-27T13:04:24.442+0000] {logging_mixin.py:190} INFO - [2026-03-27T13:04:24.442+0000] {dagbag.py:588} INFO - Filling up the DagBag from /opt/airflow/dags/db_and_model_update_dag.py
[2026-03-27T13:04:24.461+0000] {processor.py:925} INFO - DAG(s) 'db_and_model_update' retrieved from /opt/airflow/dags/db_and_model_update_dag.py
[2026-03-27T13:04:24.489+0000] {logging_mixin.py:190} INFO - [2026-03-27T13:04:24.488+0000] {dag.py:3239} INFO - Sync 1 DAGs
[2026-03-27T13:04:24.527+0000] {processor.py:208} INFO - Processing /opt/airflow/dags/db_and_model_update_dag.py took 0.095 seconds
[2026-03-27T13:04:54.798+0000] {processor.py:186} INFO - Started process (PID=4064) to work on /opt/airflow/dags/db_and_model_update_dag.py
[2026-03-27T13:04:54.800+0000] {processor.py:914} INFO - Processing file /opt/airflow/dags/db_and_model_update_dag.py for tasks to queue
[2026-03-27T13:04:54.803+0000] {logging_mixin.py:190} INFO - [2026-03-27T13:04:54.803+0000] {dagbag.py:588} INFO - Filling up the DagBag from /opt/airflow/dags/db_and_model_update_dag.py
[2026-03-27T13:04:54.822+0000] {processor.py:925} INFO - DAG(s) 'db_and_model_update' retrieved from /opt/airflow/dags/db_and_model_update_dag.py
[2026-03-27T13:04:54.850+0000] {logging_mixin.py:190} INFO - [2026-03-27T13:04:54.850+0000] {dag.py:3239} INFO - Sync 1 DAGs
[2026-03-27T13:04:54.901+0000] {processor.py:208} INFO - Processing /opt/airflow/dags/db_and_model_update_dag.py took 0.110 seconds
[2026-03-27T13:05:25.253+0000] {processor.py:186} INFO - Started process (PID=4074) to work on /opt/airflow/dags/db_and_model_update_dag.py
[2026-03-27T13:05:25.255+0000] {processor.py:914} INFO - Processing file /opt/airflow/dags/db_and_model_update_dag.py for tasks to queue
[2026-03-27T13:05:25.257+0000] {logging_mixin.py:190} INFO - [2026-03-27T13:05:25.257+0000] {dagbag.py:588} INFO - Filling up the DagBag from /opt/airflow/dags/db_and_model_update_dag.py
[2026-03-27T13:05:25.278+0000] {processor.py:925} INFO - DAG(s) 'db_and_model_update' retrieved from /opt/airflow/dags/db_and_model_update_dag.py
[2026-03-27T13:05:25.307+0000] {logging_mixin.py:190} INFO - [2026-03-27T13:05:25.307+0000] {dag.py:3239} INFO - Sync 1 DAGs
[2026-03-27T13:05:25.349+0000] {processor.py:208} INFO - Processing /opt/airflow/dags/db_and_model_update_dag.py took 0.104 seconds
[2026-03-27T13:05:55.727+0000] {processor.py:186} INFO - Started process (PID=4084) to work on /opt/airflow/dags/db_and_model_update_dag.py
[2026-03-27T13:05:55.728+0000] {processor.py:914} INFO - Processing file /opt/airflow/dags/db_and_model_update_dag.py for tasks to queue
[2026-03-27T13:05:55.730+0000] {logging_mixin.py:190} INFO - [2026-03-27T13:05:55.729+0000] {dagbag.py:588} INFO - Filling up the DagBag from /opt/airflow/dags/db_and_model_update_dag.py
[2026-03-27T13:05:55.749+0000] {processor.py:925} INFO - DAG(s) 'db_and_model_update' retrieved from /opt/airflow/dags/db_and_model_update_dag.py
[2026-03-27T13:05:55.779+0000] {logging_mixin.py:190} INFO - [2026-03-27T13:05:55.779+0000] {dag.py:3239} INFO - Sync 1 DAGs
[2026-03-27T13:05:55.841+0000] {processor.py:208} INFO - Processing /opt/airflow/dags/db_and_model_update_dag.py took 0.121 seconds
[2026-03-27T13:06:26.060+0000] {processor.py:186} INFO - Started process (PID=4094) to work on /opt/airflow/dags/db_and_model_update_dag.py
[2026-03-27T13:06:26.061+0000] {processor.py:914} INFO - Processing file /opt/airflow/dags/db_and_model_update_dag.py for tasks to queue
[2026-03-27T13:06:26.063+0000] {logging_mixin.py:190} INFO - [2026-03-27T13:06:26.063+0000] {dagbag.py:588} INFO - Filling up the DagBag from /opt/airflow/dags/db_and_model_update_dag.py
[2026-03-27T13:06:26.082+0000] {processor.py:925} INFO - DAG(s) 'db_and_model_update' retrieved from /opt/airflow/dags/db_and_model_update_dag.py
[2026-03-27T13:06:26.129+0000] {logging_mixin.py:190} INFO - [2026-03-27T13:06:26.128+0000] {dag.py:3239} INFO - Sync 1 DAGs
[2026-03-27T13:06:26.173+0000] {processor.py:208} INFO - Processing /opt/airflow/dags/db_and_model_update_dag.py took 0.119 seconds
[2026-03-27T13:06:56.531+0000] {processor.py:186} INFO - Started process (PID=4104) to work on /opt/airflow/dags/db_and_model_update_dag.py
[2026-03-27T13:06:56.532+0000] {processor.py:914} INFO - Processing file /opt/airflow/dags/db_and_model_update_dag.py for tasks to queue
[2026-03-27T13:06:56.535+0000] {logging_mixin.py:190} INFO - [2026-03-27T13:06:56.535+0000] {dagbag.py:588} INFO - Filling up the DagBag from /opt/airflow/dags/db_and_model_update_dag.py
[2026-03-27T13:06:56.557+0000] {processor.py:925} INFO - DAG(s) 'db_and_model_update' retrieved from /opt/airflow/dags/db_and_model_update_dag.py
[2026-03-27T13:06:56.585+0000] {logging_mixin.py:190} INFO - [2026-03-27T13:06:56.585+0000] {dag.py:3239} INFO - Sync 1 DAGs
[2026-03-27T13:06:56.623+0000] {processor.py:208} INFO - Processing /opt/airflow/dags/db_and_model_update_dag.py took 0.099 seconds
[2026-03-27T13:07:26.985+0000] {processor.py:186} INFO - Started process (PID=4114) to work on /opt/airflow/dags/db_and_model_update_dag.py
[2026-03-27T13:07:26.986+0000] {processor.py:914} INFO - Processing file /opt/airflow/dags/db_and_model_update_dag.py for tasks to queue
[2026-03-27T13:07:26.994+0000] {logging_mixin.py:190} INFO - [2026-03-27T13:07:26.993+0000] {dagbag.py:588} INFO - Filling up the DagBag from /opt/airflow/dags/db_and_model_update_dag.py
[2026-03-27T13:07:27.020+0000] {processor.py:925} INFO - DAG(s) 'db_and_model_update' retrieved from /opt/airflow/dags/db_and_model_update_dag.py
[2026-03-27T13:07:27.062+0000] {logging_mixin.py:190} INFO - [2026-03-27T13:07:27.062+0000] {dag.py:3239} INFO - Sync 1 DAGs
[2026-03-27T13:07:27.097+0000] {processor.py:208} INFO - Processing /opt/airflow/dags/db_and_model_update_dag.py took 0.127 seconds
[2026-03-27T13:07:57.370+0000] {processor.py:186} INFO - Started process (PID=4124) to work on /opt/airflow/dags/db_and_model_update_dag.py
[2026-03-27T13:07:57.372+0000] {processor.py:914} INFO - Processing file /opt/airflow/dags/db_and_model_update_dag.py for tasks to queue
[2026-03-27T13:07:57.378+0000] {logging_mixin.py:190} INFO - [2026-03-27T13:07:57.378+0000] {dagbag.py:588} INFO - Filling up the DagBag from /opt/airflow/dags/db_and_model_update_dag.py
[2026-03-27T13:07:57.407+0000] {processor.py:925} INFO - DAG(s) 'db_and_model_update' retrieved from /opt/airflow/dags/db_and_model_update_dag.py
[2026-03-27T13:07:57.436+0000] {logging_mixin.py:190} INFO - [2026-03-27T13:07:57.436+0000] {dag.py:3239} INFO - Sync 1 DAGs
[2026-03-27T13:07:57.478+0000] {processor.py:208} INFO - Processing /opt/airflow/dags/db_and_model_update_dag.py took 0.115 seconds
[2026-03-27T13:08:27.853+0000] {processor.py:186} INFO - Started process (PID=4134) to work on /opt/airflow/dags/db_and_model_update_dag.py
[2026-03-27T13:08:27.854+0000] {processor.py:914} INFO - Processing file /opt/airflow/dags/db_and_model_update_dag.py for tasks to queue
[2026-03-27T13:08:27.857+0000] {logging_mixin.py:190} INFO - [2026-03-27T13:08:27.857+0000] {dagbag.py:588} INFO - Filling up the DagBag from /opt/airflow/dags/db_and_model_update_dag.py
[2026-03-27T13:08:27.875+0000] {processor.py:925} INFO - DAG(s) 'db_and_model_update' retrieved from /opt/airflow/dags/db_and_model_update_dag.py
[2026-03-27T13:08:27.904+0000] {logging_mixin.py:190} INFO - [2026-03-27T13:08:27.904+0000] {dag.py:3239} INFO - Sync 1 DAGs
[2026-03-27T13:08:27.944+0000] {processor.py:208} INFO - Processing /opt/airflow/dags/db_and_model_update_dag.py took 0.097 seconds
[2026-03-27T13:08:58.351+0000] {processor.py:186} INFO - Started process (PID=4144) to work on /opt/airflow/dags/db_and_model_update_dag.py
[2026-03-27T13:08:58.352+0000] {processor.py:914} INFO - Processing file /opt/airflow/dags/db_and_model_update_dag.py for tasks to queue
[2026-03-27T13:08:58.354+0000] {logging_mixin.py:190} INFO - [2026-03-27T13:08:58.354+0000] {dagbag.py:588} INFO - Filling up the DagBag from /opt/airflow/dags/db_and_model_update_dag.py
[2026-03-27T13:08:58.414+0000] {processor.py:925} INFO - DAG(s) 'db_and_model_update' retrieved from /opt/airflow/dags/db_and_model_update_dag.py
[2026-03-27T13:08:58.453+0000] {logging_mixin.py:190} INFO - [2026-03-27T13:08:58.453+0000] {dag.py:3239} INFO - Sync 1 DAGs
[2026-03-27T13:08:58.514+0000] {processor.py:208} INFO - Processing /opt/airflow/dags/db_and_model_update_dag.py took 0.169 seconds
[2026-03-27T13:09:28.905+0000] {processor.py:186} INFO - Started process (PID=4154) to work on /opt/airflow/dags/db_and_model_update_dag.py
[2026-03-27T13:09:28.907+0000] {processor.py:914} INFO - Processing file /opt/airflow/dags/db_and_model_update_dag.py for tasks to queue
[2026-03-27T13:09:28.910+0000] {logging_mixin.py:190} INFO - [2026-03-27T13:09:28.909+0000] {dagbag.py:588} INFO - Filling up the DagBag from /opt/airflow/dags/db_and_model_update_dag.py
[2026-03-27T13:09:28.929+0000] {processor.py:925} INFO - DAG(s) 'db_and_model_update' retrieved from /opt/airflow/dags/db_and_model_update_dag.py
[2026-03-27T13:09:28.963+0000] {logging_mixin.py:190} INFO - [2026-03-27T13:09:28.962+0000] {dag.py:3239} INFO - Sync 1 DAGs
[2026-03-27T13:09:29.016+0000] {processor.py:208} INFO - Processing /opt/airflow/dags/db_and_model_update_dag.py took 0.119 seconds
[2026-03-27T13:09:59.162+0000] {processor.py:186} INFO - Started process (PID=4164) to work on /opt/airflow/dags/db_and_model_update_dag.py
[2026-03-27T13:09:59.164+0000] {processor.py:914} INFO - Processing file /opt/airflow/dags/db_and_model_update_dag.py for tasks to queue
[2026-03-27T13:09:59.166+0000] {logging_mixin.py:190} INFO - [2026-03-27T13:09:59.166+0000] {dagbag.py:588} INFO - Filling up the DagBag from /opt/airflow/dags/db_and_model_update_dag.py
[2026-03-27T13:09:59.185+0000] {processor.py:925} INFO - DAG(s) 'db_and_model_update' retrieved from /opt/airflow/dags/db_and_model_update_dag.py
[2026-03-27T13:09:59.213+0000] {logging_mixin.py:190} INFO - [2026-03-27T13:09:59.213+0000] {dag.py:3239} INFO - Sync 1 DAGs
[2026-03-27T13:09:59.250+0000] {processor.py:208} INFO - Processing /opt/airflow/dags/db_and_model_update_dag.py took 0.098 seconds
[2026-03-27T13:10:29.465+0000] {processor.py:186} INFO - Started process (PID=4174) to work on /opt/airflow/dags/db_and_model_update_dag.py
[2026-03-27T13:10:29.467+0000] {processor.py:914} INFO - Processing file /opt/airflow/dags/db_and_model_update_dag.py for tasks to queue
[2026-03-27T13:10:29.470+0000] {logging_mixin.py:190} INFO - [2026-03-27T13:10:29.470+0000] {dagbag.py:588} INFO - Filling up the DagBag from /opt/airflow/dags/db_and_model_update_dag.py
[2026-03-27T13:10:29.487+0000] {processor.py:925} INFO - DAG(s) 'db_and_model_update' retrieved from /opt/airflow/dags/db_and_model_update_dag.py
[2026-03-27T13:10:29.514+0000] {logging_mixin.py:190} INFO - [2026-03-27T13:10:29.514+0000] {dag.py:3239} INFO - Sync 1 DAGs
[2026-03-27T13:10:29.551+0000] {processor.py:208} INFO - Processing /opt/airflow/dags/db_and_model_update_dag.py took 0.092 seconds
[2026-03-27T13:10:59.900+0000] {processor.py:186} INFO - Started process (PID=4184) to work on /opt/airflow/dags/db_and_model_update_dag.py
[2026-03-27T13:10:59.901+0000] {processor.py:914} INFO - Processing file /opt/airflow/dags/db_and_model_update_dag.py for tasks to queue
[2026-03-27T13:10:59.905+0000] {logging_mixin.py:190} INFO - [2026-03-27T13:10:59.905+0000] {dagbag.py:588} INFO - Filling up the DagBag from /opt/airflow/dags/db_and_model_update_dag.py
[2026-03-27T13:10:59.937+0000] {processor.py:925} INFO - DAG(s) 'db_and_model_update' retrieved from /opt/airflow/dags/db_and_model_update_dag.py
[2026-03-27T13:10:59.974+0000] {logging_mixin.py:190} INFO - [2026-03-27T13:10:59.974+0000] {dag.py:3239} INFO - Sync 1 DAGs
[2026-03-27T13:11:00.014+0000] {processor.py:208} INFO - Processing /opt/airflow/dags/db_and_model_update_dag.py took 0.123 seconds
[2026-03-27T13:11:30.204+0000] {processor.py:186} INFO - Started process (PID=4194) to work on /opt/airflow/dags/db_and_model_update_dag.py
[2026-03-27T13:11:30.205+0000] {processor.py:914} INFO - Processing file /opt/airflow/dags/db_and_model_update_dag.py for tasks to queue
[2026-03-27T13:11:30.207+0000] {logging_mixin.py:190} INFO - [2026-03-27T13:11:30.207+0000] {dagbag.py:588} INFO - Filling up the DagBag from /opt/airflow/dags/db_and_model_update_dag.py
[2026-03-27T13:11:30.229+0000] {processor.py:925} INFO - DAG(s) 'db_and_model_update' retrieved from /opt/airflow/dags/db_and_model_update_dag.py
[2026-03-27T13:11:30.265+0000] {logging_mixin.py:190} INFO - [2026-03-27T13:11:30.264+0000] {dag.py:3239} INFO - Sync 1 DAGs
[2026-03-27T13:11:30.301+0000] {processor.py:208} INFO - Processing /opt/airflow/dags/db_and_model_update_dag.py took 0.104 seconds
[2026-03-27T13:12:00.621+0000] {processor.py:186} INFO - Started process (PID=4204) to work on /opt/airflow/dags/db_and_model_update_dag.py
[2026-03-27T13:12:00.622+0000] {processor.py:914} INFO - Processing file /opt/airflow/dags/db_and_model_update_dag.py for tasks to queue
[2026-03-27T13:12:00.625+0000] {logging_mixin.py:190} INFO - [2026-03-27T13:12:00.625+0000] {dagbag.py:588} INFO - Filling up the DagBag from /opt/airflow/dags/db_and_model_update_dag.py
[2026-03-27T13:12:00.658+0000] {processor.py:925} INFO - DAG(s) 'db_and_model_update' retrieved from /opt/airflow/dags/db_and_model_update_dag.py
[2026-03-27T13:12:00.692+0000] {logging_mixin.py:190} INFO - [2026-03-27T13:12:00.692+0000] {dag.py:3239} INFO - Sync 1 DAGs
[2026-03-27T13:12:00.763+0000] {processor.py:208} INFO - Processing /opt/airflow/dags/db_and_model_update_dag.py took 0.148 seconds
[2026-03-27T13:12:30.950+0000] {processor.py:186} INFO - Started process (PID=4214) to work on /opt/airflow/dags/db_and_model_update_dag.py
[2026-03-27T13:12:30.951+0000] {processor.py:914} INFO - Processing file /opt/airflow/dags/db_and_model_update_dag.py for tasks to queue
[2026-03-27T13:12:30.954+0000] {logging_mixin.py:190} INFO - [2026-03-27T13:12:30.953+0000] {dagbag.py:588} INFO - Filling up the DagBag from /opt/airflow/dags/db_and_model_update_dag.py
[2026-03-27T13:12:30.976+0000] {processor.py:925} INFO - DAG(s) 'db_and_model_update' retrieved from /opt/airflow/dags/db_and_model_update_dag.py
[2026-03-27T13:12:31.009+0000] {logging_mixin.py:190} INFO - [2026-03-27T13:12:31.008+0000] {dag.py:3239} INFO - Sync 1 DAGs
[2026-03-27T13:12:31.046+0000] {processor.py:208} INFO - Processing /opt/airflow/dags/db_and_model_update_dag.py took 0.103 seconds
[2026-03-27T13:13:01.412+0000] {processor.py:186} INFO - Started process (PID=4224) to work on /opt/airflow/dags/db_and_model_update_dag.py
[2026-03-27T13:13:01.413+0000] {processor.py:914} INFO - Processing file /opt/airflow/dags/db_and_model_update_dag.py for tasks to queue
[2026-03-27T13:13:01.415+0000] {logging_mixin.py:190} INFO - [2026-03-27T13:13:01.415+0000] {dagbag.py:588} INFO - Filling up the DagBag from /opt/airflow/dags/db_and_model_update_dag.py
[2026-03-27T13:13:01.434+0000] {processor.py:925} INFO - DAG(s) 'db_and_model_update' retrieved from /opt/airflow/dags/db_and_model_update_dag.py
[2026-03-27T13:13:01.467+0000] {logging_mixin.py:190} INFO - [2026-03-27T13:13:01.466+0000] {dag.py:3239} INFO - Sync 1 DAGs
[2026-03-27T13:13:01.505+0000] {processor.py:208} INFO - Processing /opt/airflow/dags/db_and_model_update_dag.py took 0.100 seconds
[2026-03-27T13:13:31.841+0000] {processor.py:186} INFO - Started process (PID=4234) to work on /opt/airflow/dags/db_and_model_update_dag.py
[2026-03-27T13:13:31.843+0000] {processor.py:914} INFO - Processing file /opt/airflow/dags/db_and_model_update_dag.py for tasks to queue
[2026-03-27T13:13:31.845+0000] {logging_mixin.py:190} INFO - [2026-03-27T13:13:31.845+0000] {dagbag.py:588} INFO - Filling up the DagBag from /opt/airflow/dags/db_and_model_update_dag.py
[2026-03-27T13:13:31.866+0000] {processor.py:925} INFO - DAG(s) 'db_and_model_update' retrieved from /opt/airflow/dags/db_and_model_update_dag.py
[2026-03-27T13:13:31.898+0000] {logging_mixin.py:190} INFO - [2026-03-27T13:13:31.898+0000] {dag.py:3239} INFO - Sync 1 DAGs
[2026-03-27T13:13:31.949+0000] {processor.py:208} INFO - Processing /opt/airflow/dags/db_and_model_update_dag.py took 0.115 seconds
[2026-03-27T13:14:02.285+0000] {processor.py:186} INFO - Started process (PID=4244) to work on /opt/airflow/dags/db_and_model_update_dag.py
[2026-03-27T13:14:02.286+0000] {processor.py:914} INFO - Processing file /opt/airflow/dags/db_and_model_update_dag.py for tasks to queue
[2026-03-27T13:14:02.289+0000] {logging_mixin.py:190} INFO - [2026-03-27T13:14:02.289+0000] {dagbag.py:588} INFO - Filling up the DagBag from /opt/airflow/dags/db_and_model_update_dag.py
[2026-03-27T13:14:02.314+0000] {processor.py:925} INFO - DAG(s) 'db_and_model_update' retrieved from /opt/airflow/dags/db_and_model_update_dag.py
[2026-03-27T13:14:02.345+0000] {logging_mixin.py:190} INFO - [2026-03-27T13:14:02.345+0000] {dag.py:3239} INFO - Sync 1 DAGs
[2026-03-27T13:14:02.389+0000] {processor.py:208} INFO - Processing /opt/airflow/dags/db_and_model_update_dag.py took 0.113 seconds
[2026-03-27T13:14:32.717+0000] {processor.py:186} INFO - Started process (PID=4254) to work on /opt/airflow/dags/db_and_model_update_dag.py
[2026-03-27T13:14:32.719+0000] {processor.py:914} INFO - Processing file /opt/airflow/dags/db_and_model_update_dag.py for tasks to queue
[2026-03-27T13:14:32.721+0000] {logging_mixin.py:190} INFO - [2026-03-27T13:14:32.721+0000] {dagbag.py:588} INFO - Filling up the DagBag from /opt/airflow/dags/db_and_model_update_dag.py
[2026-03-27T13:14:32.739+0000] {processor.py:925} INFO - DAG(s) 'db_and_model_update' retrieved from /opt/airflow/dags/db_and_model_update_dag.py
[2026-03-27T13:14:32.770+0000] {logging_mixin.py:190} INFO - [2026-03-27T13:14:32.769+0000] {dag.py:3239} INFO - Sync 1 DAGs
[2026-03-27T13:14:32.808+0000] {processor.py:208} INFO - Processing /opt/airflow/dags/db_and_model_update_dag.py took 0.097 seconds
[2026-03-27T13:15:03.039+0000] {processor.py:186} INFO - Started process (PID=4264) to work on /opt/airflow/dags/db_and_model_update_dag.py
[2026-03-27T13:15:03.040+0000] {processor.py:914} INFO - Processing file /opt/airflow/dags/db_and_model_update_dag.py for tasks to queue
[2026-03-27T13:15:03.044+0000] {logging_mixin.py:190} INFO - [2026-03-27T13:15:03.044+0000] {dagbag.py:588} INFO - Filling up the DagBag from /opt/airflow/dags/db_and_model_update_dag.py
[2026-03-27T13:15:03.078+0000] {processor.py:925} INFO - DAG(s) 'db_and_model_update' retrieved from /opt/airflow/dags/db_and_model_update_dag.py
[2026-03-27T13:15:03.110+0000] {logging_mixin.py:190} INFO - [2026-03-27T13:15:03.109+0000] {dag.py:3239} INFO - Sync 1 DAGs
[2026-03-27T13:15:03.148+0000] {processor.py:208} INFO - Processing /opt/airflow/dags/db_and_model_update_dag.py took 0.122 seconds
[2026-03-27T13:15:33.343+0000] {processor.py:186} INFO - Started process (PID=4274) to work on /opt/airflow/dags/db_and_model_update_dag.py
[2026-03-27T13:15:33.344+0000] {processor.py:914} INFO - Processing file /opt/airflow/dags/db_and_model_update_dag.py for tasks to queue
[2026-03-27T13:15:33.347+0000] {logging_mixin.py:190} INFO - [2026-03-27T13:15:33.347+0000] {dagbag.py:588} INFO - Filling up the DagBag from /opt/airflow/dags/db_and_model_update_dag.py
[2026-03-27T13:15:33.369+0000] {processor.py:925} INFO - DAG(s) 'db_and_model_update' retrieved from /opt/airflow/dags/db_and_model_update_dag.py
[2026-03-27T13:15:33.398+0000] {logging_mixin.py:190} INFO - [2026-03-27T13:15:33.398+0000] {dag.py:3239} INFO - Sync 1 DAGs
[2026-03-27T13:15:33.435+0000] {processor.py:208} INFO - Processing /opt/airflow/dags/db_and_model_update_dag.py took 0.099 seconds
[2026-03-27T13:16:03.779+0000] {processor.py:186} INFO - Started process (PID=4284) to work on /opt/airflow/dags/db_and_model_update_dag.py
[2026-03-27T13:16:03.780+0000] {processor.py:914} INFO - Processing file /opt/airflow/dags/db_and_model_update_dag.py for tasks to queue
[2026-03-27T13:16:03.784+0000] {logging_mixin.py:190} INFO - [2026-03-27T13:16:03.783+0000] {dagbag.py:588} INFO - Filling up the DagBag from /opt/airflow/dags/db_and_model_update_dag.py
[2026-03-27T13:16:03.808+0000] {processor.py:925} INFO - DAG(s) 'db_and_model_update' retrieved from /opt/airflow/dags/db_and_model_update_dag.py
[2026-03-27T13:16:03.843+0000] {logging_mixin.py:190} INFO - [2026-03-27T13:16:03.843+0000] {dag.py:3239} INFO - Sync 1 DAGs
[2026-03-27T13:16:03.882+0000] {processor.py:208} INFO - Processing /opt/airflow/dags/db_and_model_update_dag.py took 0.109 seconds
[2026-03-27T13:16:34.219+0000] {processor.py:186} INFO - Started process (PID=4294) to work on /opt/airflow/dags/db_and_model_update_dag.py
[2026-03-27T13:16:34.220+0000] {processor.py:914} INFO - Processing file /opt/airflow/dags/db_and_model_update_dag.py for tasks to queue
[2026-03-27T13:16:34.223+0000] {logging_mixin.py:190} INFO - [2026-03-27T13:16:34.223+0000] {dagbag.py:588} INFO - Filling up the DagBag from /opt/airflow/dags/db_and_model_update_dag.py
[2026-03-27T13:16:34.242+0000] {processor.py:925} INFO - DAG(s) 'db_and_model_update' retrieved from /opt/airflow/dags/db_and_model_update_dag.py
[2026-03-27T13:16:34.274+0000] {logging_mixin.py:190} INFO - [2026-03-27T13:16:34.274+0000] {dag.py:3239} INFO - Sync 1 DAGs
[2026-03-27T13:16:34.320+0000] {processor.py:208} INFO - Processing /opt/airflow/dags/db_and_model_update_dag.py took 0.109 seconds
[2026-03-27T13:17:04.525+0000] {processor.py:186} INFO - Started process (PID=4304) to work on /opt/airflow/dags/db_and_model_update_dag.py
[2026-03-27T13:17:04.528+0000] {processor.py:914} INFO - Processing file /opt/airflow/dags/db_and_model_update_dag.py for tasks to queue
[2026-03-27T13:17:04.533+0000] {logging_mixin.py:190} INFO - [2026-03-27T13:17:04.533+0000] {dagbag.py:588} INFO - Filling up the DagBag from /opt/airflow/dags/db_and_model_update_dag.py
[2026-03-27T13:17:04.565+0000] {processor.py:925} INFO - DAG(s) 'db_and_model_update' retrieved from /opt/airflow/dags/db_and_model_update_dag.py
[2026-03-27T13:17:04.598+0000] {logging_mixin.py:190} INFO - [2026-03-27T13:17:04.598+0000] {dag.py:3239} INFO - Sync 1 DAGs
[2026-03-27T13:17:04.641+0000] {processor.py:208} INFO - Processing /opt/airflow/dags/db_and_model_update_dag.py took 0.124 seconds
[2026-03-27T13:17:34.971+0000] {processor.py:186} INFO - Started process (PID=4314) to work on /opt/airflow/dags/db_and_model_update_dag.py
[2026-03-27T13:17:34.976+0000] {processor.py:914} INFO - Processing file /opt/airflow/dags/db_and_model_update_dag.py for tasks to queue
[2026-03-27T13:17:34.979+0000] {logging_mixin.py:190} INFO - [2026-03-27T13:17:34.979+0000] {dagbag.py:588} INFO - Filling up the DagBag from /opt/airflow/dags/db_and_model_update_dag.py
[2026-03-27T13:17:35.002+0000] {processor.py:925} INFO - DAG(s) 'db_and_model_update' retrieved from /opt/airflow/dags/db_and_model_update_dag.py
[2026-03-27T13:17:35.041+0000] {logging_mixin.py:190} INFO - [2026-03-27T13:17:35.041+0000] {dag.py:3239} INFO - Sync 1 DAGs
[2026-03-27T13:17:35.082+0000] {processor.py:208} INFO - Processing /opt/airflow/dags/db_and_model_update_dag.py took 0.126 seconds
[2026-03-27T13:18:05.249+0000] {processor.py:186} INFO - Started process (PID=4324) to work on /opt/airflow/dags/db_and_model_update_dag.py
[2026-03-27T13:18:05.250+0000] {processor.py:914} INFO - Processing file /opt/airflow/dags/db_and_model_update_dag.py for tasks to queue
[2026-03-27T13:18:05.253+0000] {logging_mixin.py:190} INFO - [2026-03-27T13:18:05.253+0000] {dagbag.py:588} INFO - Filling up the DagBag from /opt/airflow/dags/db_and_model_update_dag.py
[2026-03-27T13:18:05.279+0000] {processor.py:925} INFO - DAG(s) 'db_and_model_update' retrieved from /opt/airflow/dags/db_and_model_update_dag.py
[2026-03-27T13:18:05.309+0000] {logging_mixin.py:190} INFO - [2026-03-27T13:18:05.308+0000] {dag.py:3239} INFO - Sync 1 DAGs
[2026-03-27T13:18:05.346+0000] {processor.py:208} INFO - Processing /opt/airflow/dags/db_and_model_update_dag.py took 0.105 seconds
[2026-03-27T13:18:35.665+0000] {processor.py:186} INFO - Started process (PID=4334) to work on /opt/airflow/dags/db_and_model_update_dag.py
[2026-03-27T13:18:35.667+0000] {processor.py:914} INFO - Processing file /opt/airflow/dags/db_and_model_update_dag.py for tasks to queue
[2026-03-27T13:18:35.669+0000] {logging_mixin.py:190} INFO - [2026-03-27T13:18:35.669+0000] {dagbag.py:588} INFO - Filling up the DagBag from /opt/airflow/dags/db_and_model_update_dag.py
[2026-03-27T13:18:35.692+0000] {processor.py:925} INFO - DAG(s) 'db_and_model_update' retrieved from /opt/airflow/dags/db_and_model_update_dag.py
[2026-03-27T13:18:35.725+0000] {logging_mixin.py:190} INFO - [2026-03-27T13:18:35.725+0000] {dag.py:3239} INFO - Sync 1 DAGs
[2026-03-27T13:18:35.785+0000] {processor.py:208} INFO - Processing /opt/airflow/dags/db_and_model_update_dag.py took 0.126 seconds
[2026-03-27T13:19:06.092+0000] {processor.py:186} INFO - Started process (PID=4344) to work on /opt/airflow/dags/db_and_model_update_dag.py
[2026-03-27T13:19:06.093+0000] {processor.py:914} INFO - Processing file /opt/airflow/dags/db_and_model_update_dag.py for tasks to queue
[2026-03-27T13:19:06.100+0000] {logging_mixin.py:190} INFO - [2026-03-27T13:19:06.099+0000] {dagbag.py:588} INFO - Filling up the DagBag from /opt/airflow/dags/db_and_model_update_dag.py
[2026-03-27T13:19:06.125+0000] {processor.py:925} INFO - DAG(s) 'db_and_model_update' retrieved from /opt/airflow/dags/db_and_model_update_dag.py
[2026-03-27T13:19:06.153+0000] {logging_mixin.py:190} INFO - [2026-03-27T13:19:06.153+0000] {dag.py:3239} INFO - Sync 1 DAGs
[2026-03-27T13:19:06.191+0000] {processor.py:208} INFO - Processing /opt/airflow/dags/db_and_model_update_dag.py took 0.106 seconds
[2026-03-27T13:19:36.397+0000] {processor.py:186} INFO - Started process (PID=4354) to work on /opt/airflow/dags/db_and_model_update_dag.py
[2026-03-27T13:19:36.398+0000] {processor.py:914} INFO - Processing file /opt/airflow/dags/db_and_model_update_dag.py for tasks to queue
[2026-03-27T13:19:36.401+0000] {logging_mixin.py:190} INFO - [2026-03-27T13:19:36.400+0000] {dagbag.py:588} INFO - Filling up the DagBag from /opt/airflow/dags/db_and_model_update_dag.py
[2026-03-27T13:19:36.420+0000] {processor.py:925} INFO - DAG(s) 'db_and_model_update' retrieved from /opt/airflow/dags/db_and_model_update_dag.py
[2026-03-27T13:19:36.451+0000] {logging_mixin.py:190} INFO - [2026-03-27T13:19:36.451+0000] {dag.py:3239} INFO - Sync 1 DAGs
[2026-03-27T13:19:36.492+0000] {processor.py:208} INFO - Processing /opt/airflow/dags/db_and_model_update_dag.py took 0.101 seconds
[2026-03-27T13:20:06.745+0000] {processor.py:186} INFO - Started process (PID=4364) to work on /opt/airflow/dags/db_and_model_update_dag.py
[2026-03-27T13:20:06.746+0000] {processor.py:914} INFO - Processing file /opt/airflow/dags/db_and_model_update_dag.py for tasks to queue
[2026-03-27T13:20:06.749+0000] {logging_mixin.py:190} INFO - [2026-03-27T13:20:06.749+0000] {dagbag.py:588} INFO - Filling up the DagBag from /opt/airflow/dags/db_and_model_update_dag.py
[2026-03-27T13:20:06.771+0000] {processor.py:925} INFO - DAG(s) 'db_and_model_update' retrieved from /opt/airflow/dags/db_and_model_update_dag.py
[2026-03-27T13:20:06.806+0000] {logging_mixin.py:190} INFO - [2026-03-27T13:20:06.805+0000] {dag.py:3239} INFO - Sync 1 DAGs
[2026-03-27T13:20:06.857+0000] {processor.py:208} INFO - Processing /opt/airflow/dags/db_and_model_update_dag.py took 0.118 seconds
[2026-03-27T13:20:37.226+0000] {processor.py:186} INFO - Started process (PID=4374) to work on /opt/airflow/dags/db_and_model_update_dag.py
[2026-03-27T13:20:37.228+0000] {processor.py:914} INFO - Processing file /opt/airflow/dags/db_and_model_update_dag.py for tasks to queue
[2026-03-27T13:20:37.231+0000] {logging_mixin.py:190} INFO - [2026-03-27T13:20:37.231+0000] {dagbag.py:588} INFO - Filling up the DagBag from /opt/airflow/dags/db_and_model_update_dag.py
[2026-03-27T13:20:37.253+0000] {processor.py:925} INFO - DAG(s) 'db_and_model_update' retrieved from /opt/airflow/dags/db_and_model_update_dag.py
[2026-03-27T13:20:37.287+0000] {logging_mixin.py:190} INFO - [2026-03-27T13:20:37.287+0000] {dag.py:3239} INFO - Sync 1 DAGs
[2026-03-27T13:20:37.328+0000] {processor.py:208} INFO - Processing /opt/airflow/dags/db_and_model_update_dag.py took 0.110 seconds
[2026-03-27T13:21:07.654+0000] {processor.py:186} INFO - Started process (PID=4384) to work on /opt/airflow/dags/db_and_model_update_dag.py
[2026-03-27T13:21:07.655+0000] {processor.py:914} INFO - Processing file /opt/airflow/dags/db_and_model_update_dag.py for tasks to queue
[2026-03-27T13:21:07.658+0000] {logging_mixin.py:190} INFO - [2026-03-27T13:21:07.658+0000] {dagbag.py:588} INFO - Filling up the DagBag from /opt/airflow/dags/db_and_model_update_dag.py
[2026-03-27T13:21:07.694+0000] {processor.py:925} INFO - DAG(s) 'db_and_model_update' retrieved from /opt/airflow/dags/db_and_model_update_dag.py
[2026-03-27T13:21:07.744+0000] {logging_mixin.py:190} INFO - [2026-03-27T13:21:07.743+0000] {dag.py:3239} INFO - Sync 1 DAGs
[2026-03-27T13:21:07.794+0000] {processor.py:208} INFO - Processing /opt/airflow/dags/db_and_model_update_dag.py took 0.147 seconds
[2026-03-27T13:21:38.057+0000] {processor.py:186} INFO - Started process (PID=4394) to work on /opt/airflow/dags/db_and_model_update_dag.py
[2026-03-27T13:21:38.058+0000] {processor.py:914} INFO - Processing file /opt/airflow/dags/db_and_model_update_dag.py for tasks to queue
[2026-03-27T13:21:38.061+0000] {logging_mixin.py:190} INFO - [2026-03-27T13:21:38.060+0000] {dagbag.py:588} INFO - Filling up the DagBag from /opt/airflow/dags/db_and_model_update_dag.py
[2026-03-27T13:21:38.083+0000] {processor.py:925} INFO - DAG(s) 'db_and_model_update' retrieved from /opt/airflow/dags/db_and_model_update_dag.py
[2026-03-27T13:21:38.116+0000] {logging_mixin.py:190} INFO - [2026-03-27T13:21:38.116+0000] {dag.py:3239} INFO - Sync 1 DAGs
[2026-03-27T13:21:38.160+0000] {processor.py:208} INFO - Processing /opt/airflow/dags/db_and_model_update_dag.py took 0.109 seconds
[2026-03-27T13:22:08.338+0000] {processor.py:186} INFO - Started process (PID=4404) to work on /opt/airflow/dags/db_and_model_update_dag.py
[2026-03-27T13:22:08.340+0000] {processor.py:914} INFO - Processing file /opt/airflow/dags/db_and_model_update_dag.py for tasks to queue
[2026-03-27T13:22:08.343+0000] {logging_mixin.py:190} INFO - [2026-03-27T13:22:08.343+0000] {dagbag.py:588} INFO - Filling up the DagBag from /opt/airflow/dags/db_and_model_update_dag.py
[2026-03-27T13:22:08.363+0000] {processor.py:925} INFO - DAG(s) 'db_and_model_update' retrieved from /opt/airflow/dags/db_and_model_update_dag.py
[2026-03-27T13:22:08.393+0000] {logging_mixin.py:190} INFO - [2026-03-27T13:22:08.392+0000] {dag.py:3239} INFO - Sync 1 DAGs
[2026-03-27T13:22:08.435+0000] {processor.py:208} INFO - Processing /opt/airflow/dags/db_and_model_update_dag.py took 0.104 seconds
[2026-03-27T13:22:38.717+0000] {processor.py:186} INFO - Started process (PID=4414) to work on /opt/airflow/dags/db_and_model_update_dag.py
[2026-03-27T13:22:38.718+0000] {processor.py:914} INFO - Processing file /opt/airflow/dags/db_and_model_update_dag.py for tasks to queue
[2026-03-27T13:22:38.720+0000] {logging_mixin.py:190} INFO - [2026-03-27T13:22:38.720+0000] {dagbag.py:588} INFO - Filling up the DagBag from /opt/airflow/dags/db_and_model_update_dag.py
[2026-03-27T13:22:38.739+0000] {processor.py:925} INFO - DAG(s) 'db_and_model_update' retrieved from /opt/airflow/dags/db_and_model_update_dag.py
[2026-03-27T13:22:38.770+0000] {logging_mixin.py:190} INFO - [2026-03-27T13:22:38.769+0000] {dag.py:3239} INFO - Sync 1 DAGs
[2026-03-27T13:22:38.808+0000] {processor.py:208} INFO - Processing /opt/airflow/dags/db_and_model_update_dag.py took 0.099 seconds
[2026-03-27T13:23:09.133+0000] {processor.py:186} INFO - Started process (PID=4424) to work on /opt/airflow/dags/db_and_model_update_dag.py
[2026-03-27T13:23:09.134+0000] {processor.py:914} INFO - Processing file /opt/airflow/dags/db_and_model_update_dag.py for tasks to queue
[2026-03-27T13:23:09.136+0000] {logging_mixin.py:190} INFO - [2026-03-27T13:23:09.135+0000] {dagbag.py:588} INFO - Filling up the DagBag from /opt/airflow/dags/db_and_model_update_dag.py
[2026-03-27T13:23:09.156+0000] {processor.py:925} INFO - DAG(s) 'db_and_model_update' retrieved from /opt/airflow/dags/db_and_model_update_dag.py
[2026-03-27T13:23:09.195+0000] {logging_mixin.py:190} INFO - [2026-03-27T13:23:09.195+0000] {dag.py:3239} INFO - Sync 1 DAGs
[2026-03-27T13:23:09.239+0000] {processor.py:208} INFO - Processing /opt/airflow/dags/db_and_model_update_dag.py took 0.114 seconds
[2026-03-27T13:23:39.431+0000] {processor.py:186} INFO - Started process (PID=4434) to work on /opt/airflow/dags/db_and_model_update_dag.py
[2026-03-27T13:23:39.433+0000] {processor.py:914} INFO - Processing file /opt/airflow/dags/db_and_model_update_dag.py for tasks to queue
[2026-03-27T13:23:39.437+0000] {logging_mixin.py:190} INFO - [2026-03-27T13:23:39.436+0000] {dagbag.py:588} INFO - Filling up the DagBag from /opt/airflow/dags/db_and_model_update_dag.py
[2026-03-27T13:23:39.468+0000] {processor.py:925} INFO - DAG(s) 'db_and_model_update' retrieved from /opt/airflow/dags/db_and_model_update_dag.py
[2026-03-27T13:23:39.501+0000] {logging_mixin.py:190} INFO - [2026-03-27T13:23:39.501+0000] {dag.py:3239} INFO - Sync 1 DAGs
[2026-03-27T13:23:39.551+0000] {processor.py:208} INFO - Processing /opt/airflow/dags/db_and_model_update_dag.py took 0.132 seconds
[2026-03-27T13:24:09.783+0000] {processor.py:186} INFO - Started process (PID=4444) to work on /opt/airflow/dags/db_and_model_update_dag.py
[2026-03-27T13:24:09.785+0000] {processor.py:914} INFO - Processing file /opt/airflow/dags/db_and_model_update_dag.py for tasks to queue
[2026-03-27T13:24:09.787+0000] {logging_mixin.py:190} INFO - [2026-03-27T13:24:09.787+0000] {dagbag.py:588} INFO - Filling up the DagBag from /opt/airflow/dags/db_and_model_update_dag.py
[2026-03-27T13:24:09.811+0000] {processor.py:925} INFO - DAG(s) 'db_and_model_update' retrieved from /opt/airflow/dags/db_and_model_update_dag.py
[2026-03-27T13:24:09.842+0000] {logging_mixin.py:190} INFO - [2026-03-27T13:24:09.841+0000] {dag.py:3239} INFO - Sync 1 DAGs
[2026-03-27T13:24:09.879+0000] {processor.py:208} INFO - Processing /opt/airflow/dags/db_and_model_update_dag.py took 0.103 seconds
[2026-03-27T13:24:40.161+0000] {processor.py:186} INFO - Started process (PID=4454) to work on /opt/airflow/dags/db_and_model_update_dag.py
[2026-03-27T13:24:40.162+0000] {processor.py:914} INFO - Processing file /opt/airflow/dags/db_and_model_update_dag.py for tasks to queue
[2026-03-27T13:24:40.165+0000] {logging_mixin.py:190} INFO - [2026-03-27T13:24:40.165+0000] {dagbag.py:588} INFO - Filling up the DagBag from /opt/airflow/dags/db_and_model_update_dag.py
[2026-03-27T13:24:40.189+0000] {processor.py:925} INFO - DAG(s) 'db_and_model_update' retrieved from /opt/airflow/dags/db_and_model_update_dag.py
[2026-03-27T13:24:40.222+0000] {logging_mixin.py:190} INFO - [2026-03-27T13:24:40.222+0000] {dag.py:3239} INFO - Sync 1 DAGs
[2026-03-27T13:24:40.265+0000] {processor.py:208} INFO - Processing /opt/airflow/dags/db_and_model_update_dag.py took 0.112 seconds
[2026-03-27T13:25:10.466+0000] {processor.py:186} INFO - Started process (PID=4464) to work on /opt/airflow/dags/db_and_model_update_dag.py
[2026-03-27T13:25:10.467+0000] {processor.py:914} INFO - Processing file /opt/airflow/dags/db_and_model_update_dag.py for tasks to queue
[2026-03-27T13:25:10.471+0000] {logging_mixin.py:190} INFO - [2026-03-27T13:25:10.470+0000] {dagbag.py:588} INFO - Filling up the DagBag from /opt/airflow/dags/db_and_model_update_dag.py
[2026-03-27T13:25:10.494+0000] {processor.py:925} INFO - DAG(s) 'db_and_model_update' retrieved from /opt/airflow/dags/db_and_model_update_dag.py
[2026-03-27T13:25:10.536+0000] {logging_mixin.py:190} INFO - [2026-03-27T13:25:10.536+0000] {dag.py:3239} INFO - Sync 1 DAGs
[2026-03-27T13:25:10.574+0000] {processor.py:208} INFO - Processing /opt/airflow/dags/db_and_model_update_dag.py took 0.116 seconds
[2026-03-27T13:25:40.861+0000] {processor.py:186} INFO - Started process (PID=4474) to work on /opt/airflow/dags/db_and_model_update_dag.py
[2026-03-27T13:25:40.862+0000] {processor.py:914} INFO - Processing file /opt/airflow/dags/db_and_model_update_dag.py for tasks to queue
[2026-03-27T13:25:40.866+0000] {logging_mixin.py:190} INFO - [2026-03-27T13:25:40.865+0000] {dagbag.py:588} INFO - Filling up the DagBag from /opt/airflow/dags/db_and_model_update_dag.py
[2026-03-27T13:25:40.892+0000] {processor.py:925} INFO - DAG(s) 'db_and_model_update' retrieved from /opt/airflow/dags/db_and_model_update_dag.py
[2026-03-27T13:25:40.922+0000] {logging_mixin.py:190} INFO - [2026-03-27T13:25:40.922+0000] {dag.py:3239} INFO - Sync 1 DAGs
[2026-03-27T13:25:40.958+0000] {processor.py:208} INFO - Processing /opt/airflow/dags/db_and_model_update_dag.py took 0.104 seconds
[2026-03-27T13:26:11.239+0000] {processor.py:186} INFO - Started process (PID=4484) to work on /opt/airflow/dags/db_and_model_update_dag.py
[2026-03-27T13:26:11.241+0000] {processor.py:914} INFO - Processing file /opt/airflow/dags/db_and_model_update_dag.py for tasks to queue
[2026-03-27T13:26:11.244+0000] {logging_mixin.py:190} INFO - [2026-03-27T13:26:11.244+0000] {dagbag.py:588} INFO - Filling up the DagBag from /opt/airflow/dags/db_and_model_update_dag.py
[2026-03-27T13:26:11.265+0000] {processor.py:925} INFO - DAG(s) 'db_and_model_update' retrieved from /opt/airflow/dags/db_and_model_update_dag.py
[2026-03-27T13:26:11.299+0000] {logging_mixin.py:190} INFO - [2026-03-27T13:26:11.298+0000] {dag.py:3239} INFO - Sync 1 DAGs
[2026-03-27T13:26:11.340+0000] {processor.py:208} INFO - Processing /opt/airflow/dags/db_and_model_update_dag.py took 0.111 seconds
[2026-03-27T13:26:41.457+0000] {processor.py:186} INFO - Started process (PID=4494) to work on /opt/airflow/dags/db_and_model_update_dag.py
[2026-03-27T13:26:41.458+0000] {processor.py:914} INFO - Processing file /opt/airflow/dags/db_and_model_update_dag.py for tasks to queue
[2026-03-27T13:26:41.460+0000] {logging_mixin.py:190} INFO - [2026-03-27T13:26:41.460+0000] {dagbag.py:588} INFO - Filling up the DagBag from /opt/airflow/dags/db_and_model_update_dag.py
[2026-03-27T13:26:41.479+0000] {processor.py:925} INFO - DAG(s) 'db_and_model_update' retrieved from /opt/airflow/dags/db_and_model_update_dag.py
[2026-03-27T13:26:41.512+0000] {logging_mixin.py:190} INFO - [2026-03-27T13:26:41.512+0000] {dag.py:3239} INFO - Sync 1 DAGs
[2026-03-27T13:26:41.563+0000] {processor.py:208} INFO - Processing /opt/airflow/dags/db_and_model_update_dag.py took 0.112 seconds
[2026-03-27T13:27:11.776+0000] {processor.py:186} INFO - Started process (PID=4504) to work on /opt/airflow/dags/db_and_model_update_dag.py
[2026-03-27T13:27:11.777+0000] {processor.py:914} INFO - Processing file /opt/airflow/dags/db_and_model_update_dag.py for tasks to queue
[2026-03-27T13:27:11.779+0000] {logging_mixin.py:190} INFO - [2026-03-27T13:27:11.779+0000] {dagbag.py:588} INFO - Filling up the DagBag from /opt/airflow/dags/db_and_model_update_dag.py
[2026-03-27T13:27:11.800+0000] {processor.py:925} INFO - DAG(s) 'db_and_model_update' retrieved from /opt/airflow/dags/db_and_model_update_dag.py
[2026-03-27T13:27:11.833+0000] {logging_mixin.py:190} INFO - [2026-03-27T13:27:11.833+0000] {dag.py:3239} INFO - Sync 1 DAGs
[2026-03-27T13:27:11.875+0000] {processor.py:208} INFO - Processing /opt/airflow/dags/db_and_model_update_dag.py took 0.105 seconds
[2026-03-27T13:27:42.064+0000] {processor.py:186} INFO - Started process (PID=4514) to work on /opt/airflow/dags/db_and_model_update_dag.py
[2026-03-27T13:27:42.071+0000] {processor.py:914} INFO - Processing file /opt/airflow/dags/db_and_model_update_dag.py for tasks to queue
[2026-03-27T13:27:42.078+0000] {logging_mixin.py:190} INFO - [2026-03-27T13:27:42.078+0000] {dagbag.py:588} INFO - Filling up the DagBag from /opt/airflow/dags/db_and_model_update_dag.py
[2026-03-27T13:27:42.108+0000] {processor.py:925} INFO - DAG(s) 'db_and_model_update' retrieved from /opt/airflow/dags/db_and_model_update_dag.py
[2026-03-27T13:27:42.158+0000] {logging_mixin.py:190} INFO - [2026-03-27T13:27:42.157+0000] {dag.py:3239} INFO - Sync 1 DAGs
[2026-03-27T13:27:42.211+0000] {processor.py:208} INFO - Processing /opt/airflow/dags/db_and_model_update_dag.py took 0.156 seconds
[2026-03-27T13:28:12.533+0000] {processor.py:186} INFO - Started process (PID=4524) to work on /opt/airflow/dags/db_and_model_update_dag.py
[2026-03-27T13:28:12.534+0000] {processor.py:914} INFO - Processing file /opt/airflow/dags/db_and_model_update_dag.py for tasks to queue
[2026-03-27T13:28:12.536+0000] {logging_mixin.py:190} INFO - [2026-03-27T13:28:12.536+0000] {dagbag.py:588} INFO - Filling up the DagBag from /opt/airflow/dags/db_and_model_update_dag.py
[2026-03-27T13:28:12.558+0000] {processor.py:925} INFO - DAG(s) 'db_and_model_update' retrieved from /opt/airflow/dags/db_and_model_update_dag.py
[2026-03-27T13:28:12.589+0000] {logging_mixin.py:190} INFO - [2026-03-27T13:28:12.589+0000] {dag.py:3239} INFO - Sync 1 DAGs
[2026-03-27T13:28:12.627+0000] {processor.py:208} INFO - Processing /opt/airflow/dags/db_and_model_update_dag.py took 0.102 seconds
[2026-03-27T13:28:42.909+0000] {processor.py:186} INFO - Started process (PID=4534) to work on /opt/airflow/dags/db_and_model_update_dag.py
[2026-03-27T13:28:42.910+0000] {processor.py:914} INFO - Processing file /opt/airflow/dags/db_and_model_update_dag.py for tasks to queue
[2026-03-27T13:28:42.913+0000] {logging_mixin.py:190} INFO - [2026-03-27T13:28:42.912+0000] {dagbag.py:588} INFO - Filling up the DagBag from /opt/airflow/dags/db_and_model_update_dag.py
[2026-03-27T13:28:42.936+0000] {processor.py:925} INFO - DAG(s) 'db_and_model_update' retrieved from /opt/airflow/dags/db_and_model_update_dag.py
[2026-03-27T13:28:42.977+0000] {logging_mixin.py:190} INFO - [2026-03-27T13:28:42.977+0000] {dag.py:3239} INFO - Sync 1 DAGs
[2026-03-27T13:28:43.019+0000] {processor.py:208} INFO - Processing /opt/airflow/dags/db_and_model_update_dag.py took 0.119 seconds
[2026-03-27T13:29:13.164+0000] {processor.py:186} INFO - Started process (PID=4544) to work on /opt/airflow/dags/db_and_model_update_dag.py
[2026-03-27T13:29:13.167+0000] {processor.py:914} INFO - Processing file /opt/airflow/dags/db_and_model_update_dag.py for tasks to queue
[2026-03-27T13:29:13.170+0000] {logging_mixin.py:190} INFO - [2026-03-27T13:29:13.169+0000] {dagbag.py:588} INFO - Filling up the DagBag from /opt/airflow/dags/db_and_model_update_dag.py
[2026-03-27T13:29:13.191+0000] {processor.py:925} INFO - DAG(s) 'db_and_model_update' retrieved from /opt/airflow/dags/db_and_model_update_dag.py
[2026-03-27T13:29:13.219+0000] {logging_mixin.py:190} INFO - [2026-03-27T13:29:13.219+0000] {dag.py:3239} INFO - Sync 1 DAGs
[2026-03-27T13:29:13.260+0000] {processor.py:208} INFO - Processing /opt/airflow/dags/db_and_model_update_dag.py took 0.102 seconds
[2026-03-27T13:29:43.415+0000] {processor.py:186} INFO - Started process (PID=4554) to work on /opt/airflow/dags/db_and_model_update_dag.py
[2026-03-27T13:29:43.416+0000] {processor.py:914} INFO - Processing file /opt/airflow/dags/db_and_model_update_dag.py for tasks to queue
[2026-03-27T13:29:43.419+0000] {logging_mixin.py:190} INFO - [2026-03-27T13:29:43.418+0000] {dagbag.py:588} INFO - Filling up the DagBag from /opt/airflow/dags/db_and_model_update_dag.py
[2026-03-27T13:29:43.437+0000] {processor.py:925} INFO - DAG(s) 'db_and_model_update' retrieved from /opt/airflow/dags/db_and_model_update_dag.py
[2026-03-27T13:29:43.470+0000] {logging_mixin.py:190} INFO - [2026-03-27T13:29:43.470+0000] {dag.py:3239} INFO - Sync 1 DAGs
[2026-03-27T13:29:43.515+0000] {processor.py:208} INFO - Processing /opt/airflow/dags/db_and_model_update_dag.py took 0.107 seconds
[2026-03-27T13:30:13.675+0000] {processor.py:186} INFO - Started process (PID=4564) to work on /opt/airflow/dags/db_and_model_update_dag.py
[2026-03-27T13:30:13.676+0000] {processor.py:914} INFO - Processing file /opt/airflow/dags/db_and_model_update_dag.py for tasks to queue
[2026-03-27T13:30:13.678+0000] {logging_mixin.py:190} INFO - [2026-03-27T13:30:13.678+0000] {dagbag.py:588} INFO - Filling up the DagBag from /opt/airflow/dags/db_and_model_update_dag.py
[2026-03-27T13:30:13.701+0000] {processor.py:925} INFO - DAG(s) 'db_and_model_update' retrieved from /opt/airflow/dags/db_and_model_update_dag.py
[2026-03-27T13:30:13.732+0000] {logging_mixin.py:190} INFO - [2026-03-27T13:30:13.732+0000] {dag.py:3239} INFO - Sync 1 DAGs
[2026-03-27T13:30:13.776+0000] {processor.py:208} INFO - Processing /opt/airflow/dags/db_and_model_update_dag.py took 0.109 seconds
[2026-03-27T13:30:43.989+0000] {processor.py:186} INFO - Started process (PID=4574) to work on /opt/airflow/dags/db_and_model_update_dag.py
[2026-03-27T13:30:43.991+0000] {processor.py:914} INFO - Processing file /opt/airflow/dags/db_and_model_update_dag.py for tasks to queue
[2026-03-27T13:30:43.995+0000] {logging_mixin.py:190} INFO - [2026-03-27T13:30:43.995+0000] {dagbag.py:588} INFO - Filling up the DagBag from /opt/airflow/dags/db_and_model_update_dag.py
[2026-03-27T13:30:44.024+0000] {processor.py:925} INFO - DAG(s) 'db_and_model_update' retrieved from /opt/airflow/dags/db_and_model_update_dag.py
[2026-03-27T13:30:44.063+0000] {logging_mixin.py:190} INFO - [2026-03-27T13:30:44.063+0000] {dag.py:3239} INFO - Sync 1 DAGs
[2026-03-27T13:30:44.107+0000] {processor.py:208} INFO - Processing /opt/airflow/dags/db_and_model_update_dag.py took 0.128 seconds
[2026-03-27T13:31:14.230+0000] {processor.py:186} INFO - Started process (PID=4584) to work on /opt/airflow/dags/db_and_model_update_dag.py
[2026-03-27T13:31:14.231+0000] {processor.py:914} INFO - Processing file /opt/airflow/dags/db_and_model_update_dag.py for tasks to queue
[2026-03-27T13:31:14.233+0000] {logging_mixin.py:190} INFO - [2026-03-27T13:31:14.233+0000] {dagbag.py:588} INFO - Filling up the DagBag from /opt/airflow/dags/db_and_model_update_dag.py
[2026-03-27T13:31:14.252+0000] {processor.py:925} INFO - DAG(s) 'db_and_model_update' retrieved from /opt/airflow/dags/db_and_model_update_dag.py
[2026-03-27T13:31:14.282+0000] {logging_mixin.py:190} INFO - [2026-03-27T13:31:14.282+0000] {dag.py:3239} INFO - Sync 1 DAGs
[2026-03-27T13:31:14.337+0000] {processor.py:208} INFO - Processing /opt/airflow/dags/db_and_model_update_dag.py took 0.113 seconds
[2026-03-27T13:31:44.578+0000] {processor.py:186} INFO - Started process (PID=4594) to work on /opt/airflow/dags/db_and_model_update_dag.py
[2026-03-27T13:31:44.579+0000] {processor.py:914} INFO - Processing file /opt/airflow/dags/db_and_model_update_dag.py for tasks to queue
[2026-03-27T13:31:44.583+0000] {logging_mixin.py:190} INFO - [2026-03-27T13:31:44.582+0000] {dagbag.py:588} INFO - Filling up the DagBag from /opt/airflow/dags/db_and_model_update_dag.py
[2026-03-27T13:31:44.602+0000] {processor.py:925} INFO - DAG(s) 'db_and_model_update' retrieved from /opt/airflow/dags/db_and_model_update_dag.py
[2026-03-27T13:31:44.631+0000] {logging_mixin.py:190} INFO - [2026-03-27T13:31:44.631+0000] {dag.py:3239} INFO - Sync 1 DAGs
[2026-03-27T13:31:44.682+0000] {processor.py:208} INFO - Processing /opt/airflow/dags/db_and_model_update_dag.py took 0.114 seconds
[2026-03-27T13:32:14.828+0000] {processor.py:186} INFO - Started process (PID=4604) to work on /opt/airflow/dags/db_and_model_update_dag.py
[2026-03-27T13:32:14.829+0000] {processor.py:914} INFO - Processing file /opt/airflow/dags/db_and_model_update_dag.py for tasks to queue
[2026-03-27T13:32:14.835+0000] {logging_mixin.py:190} INFO - [2026-03-27T13:32:14.835+0000] {dagbag.py:588} INFO - Filling up the DagBag from /opt/airflow/dags/db_and_model_update_dag.py
[2026-03-27T13:32:14.857+0000] {processor.py:925} INFO - DAG(s) 'db_and_model_update' retrieved from /opt/airflow/dags/db_and_model_update_dag.py
[2026-03-27T13:32:14.892+0000] {logging_mixin.py:190} INFO - [2026-03-27T13:32:14.892+0000] {dag.py:3239} INFO - Sync 1 DAGs
[2026-03-27T13:32:14.937+0000] {processor.py:208} INFO - Processing /opt/airflow/dags/db_and_model_update_dag.py took 0.116 seconds
[2026-03-27T13:32:45.206+0000] {processor.py:186} INFO - Started process (PID=4614) to work on /opt/airflow/dags/db_and_model_update_dag.py
[2026-03-27T13:32:45.207+0000] {processor.py:914} INFO - Processing file /opt/airflow/dags/db_and_model_update_dag.py for tasks to queue
[2026-03-27T13:32:45.210+0000] {logging_mixin.py:190} INFO - [2026-03-27T13:32:45.209+0000] {dagbag.py:588} INFO - Filling up the DagBag from /opt/airflow/dags/db_and_model_update_dag.py
[2026-03-27T13:32:45.237+0000] {processor.py:925} INFO - DAG(s) 'db_and_model_update' retrieved from /opt/airflow/dags/db_and_model_update_dag.py
[2026-03-27T13:32:45.267+0000] {logging_mixin.py:190} INFO - [2026-03-27T13:32:45.267+0000] {dag.py:3239} INFO - Sync 1 DAGs
[2026-03-27T13:32:45.311+0000] {processor.py:208} INFO - Processing /opt/airflow/dags/db_and_model_update_dag.py took 0.112 seconds
[2026-03-27T13:33:15.395+0000] {processor.py:186} INFO - Started process (PID=4624) to work on /opt/airflow/dags/db_and_model_update_dag.py
[2026-03-27T13:33:15.396+0000] {processor.py:914} INFO - Processing file /opt/airflow/dags/db_and_model_update_dag.py for tasks to queue
[2026-03-27T13:33:15.400+0000] {logging_mixin.py:190} INFO - [2026-03-27T13:33:15.399+0000] {dagbag.py:588} INFO - Filling up the DagBag from /opt/airflow/dags/db_and_model_update_dag.py
[2026-03-27T13:33:15.425+0000] {processor.py:925} INFO - DAG(s) 'db_and_model_update' retrieved from /opt/airflow/dags/db_and_model_update_dag.py
[2026-03-27T13:33:15.456+0000] {logging_mixin.py:190} INFO - [2026-03-27T13:33:15.456+0000] {dag.py:3239} INFO - Sync 1 DAGs
[2026-03-27T13:33:15.512+0000] {processor.py:208} INFO - Processing /opt/airflow/dags/db_and_model_update_dag.py took 0.124 seconds
[2026-03-27T13:33:45.733+0000] {processor.py:186} INFO - Started process (PID=4634) to work on /opt/airflow/dags/db_and_model_update_dag.py
[2026-03-27T13:33:45.735+0000] {processor.py:914} INFO - Processing file /opt/airflow/dags/db_and_model_update_dag.py for tasks to queue
[2026-03-27T13:33:45.738+0000] {logging_mixin.py:190} INFO - [2026-03-27T13:33:45.737+0000] {dagbag.py:588} INFO - Filling up the DagBag from /opt/airflow/dags/db_and_model_update_dag.py
[2026-03-27T13:33:45.758+0000] {processor.py:925} INFO - DAG(s) 'db_and_model_update' retrieved from /opt/airflow/dags/db_and_model_update_dag.py
[2026-03-27T13:33:45.791+0000] {logging_mixin.py:190} INFO - [2026-03-27T13:33:45.790+0000] {dag.py:3239} INFO - Sync 1 DAGs
[2026-03-27T13:33:45.833+0000] {processor.py:208} INFO - Processing /opt/airflow/dags/db_and_model_update_dag.py took 0.106 seconds
[2026-03-27T13:34:16.024+0000] {processor.py:186} INFO - Started process (PID=4644) to work on /opt/airflow/dags/db_and_model_update_dag.py
[2026-03-27T13:34:16.025+0000] {processor.py:914} INFO - Processing file /opt/airflow/dags/db_and_model_update_dag.py for tasks to queue
[2026-03-27T13:34:16.028+0000] {logging_mixin.py:190} INFO - [2026-03-27T13:34:16.027+0000] {dagbag.py:588} INFO - Filling up the DagBag from /opt/airflow/dags/db_and_model_update_dag.py
[2026-03-27T13:34:16.049+0000] {processor.py:925} INFO - DAG(s) 'db_and_model_update' retrieved from /opt/airflow/dags/db_and_model_update_dag.py
[2026-03-27T13:34:16.076+0000] {logging_mixin.py:190} INFO - [2026-03-27T13:34:16.076+0000] {dag.py:3239} INFO - Sync 1 DAGs
[2026-03-27T13:34:16.120+0000] {processor.py:208} INFO - Processing /opt/airflow/dags/db_and_model_update_dag.py took 0.106 seconds
[2026-03-27T13:34:46.233+0000] {processor.py:186} INFO - Started process (PID=4654) to work on /opt/airflow/dags/db_and_model_update_dag.py
[2026-03-27T13:34:46.234+0000] {processor.py:914} INFO - Processing file /opt/airflow/dags/db_and_model_update_dag.py for tasks to queue
[2026-03-27T13:34:46.236+0000] {logging_mixin.py:190} INFO - [2026-03-27T13:34:46.236+0000] {dagbag.py:588} INFO - Filling up the DagBag from /opt/airflow/dags/db_and_model_update_dag.py
[2026-03-27T13:34:46.256+0000] {processor.py:925} INFO - DAG(s) 'db_and_model_update' retrieved from /opt/airflow/dags/db_and_model_update_dag.py
[2026-03-27T13:34:46.284+0000] {logging_mixin.py:190} INFO - [2026-03-27T13:34:46.284+0000] {dag.py:3239} INFO - Sync 1 DAGs
[2026-03-27T13:34:46.330+0000] {processor.py:208} INFO - Processing /opt/airflow/dags/db_and_model_update_dag.py took 0.103 seconds
[2026-03-27T13:35:16.572+0000] {processor.py:186} INFO - Started process (PID=4664) to work on /opt/airflow/dags/db_and_model_update_dag.py
[2026-03-27T13:35:16.574+0000] {processor.py:914} INFO - Processing file /opt/airflow/dags/db_and_model_update_dag.py for tasks to queue
[2026-03-27T13:35:16.577+0000] {logging_mixin.py:190} INFO - [2026-03-27T13:35:16.576+0000] {dagbag.py:588} INFO - Filling up the DagBag from /opt/airflow/dags/db_and_model_update_dag.py
[2026-03-27T13:35:16.596+0000] {processor.py:925} INFO - DAG(s) 'db_and_model_update' retrieved from /opt/airflow/dags/db_and_model_update_dag.py
[2026-03-27T13:35:16.640+0000] {logging_mixin.py:190} INFO - [2026-03-27T13:35:16.640+0000] {dag.py:3239} INFO - Sync 1 DAGs
[2026-03-27T13:35:16.703+0000] {processor.py:208} INFO - Processing /opt/airflow/dags/db_and_model_update_dag.py took 0.139 seconds
[2026-03-27T13:35:46.957+0000] {processor.py:186} INFO - Started process (PID=4674) to work on /opt/airflow/dags/db_and_model_update_dag.py
[2026-03-27T13:35:46.961+0000] {processor.py:914} INFO - Processing file /opt/airflow/dags/db_and_model_update_dag.py for tasks to queue
[2026-03-27T13:35:46.965+0000] {logging_mixin.py:190} INFO - [2026-03-27T13:35:46.965+0000] {dagbag.py:588} INFO - Filling up the DagBag from /opt/airflow/dags/db_and_model_update_dag.py
[2026-03-27T13:35:46.987+0000] {processor.py:925} INFO - DAG(s) 'db_and_model_update' retrieved from /opt/airflow/dags/db_and_model_update_dag.py
[2026-03-27T13:35:47.018+0000] {logging_mixin.py:190} INFO - [2026-03-27T13:35:47.018+0000] {dag.py:3239} INFO - Sync 1 DAGs
[2026-03-27T13:35:47.057+0000] {processor.py:208} INFO - Processing /opt/airflow/dags/db_and_model_update_dag.py took 0.129 seconds
[2026-03-27T13:36:17.271+0000] {processor.py:186} INFO - Started process (PID=4684) to work on /opt/airflow/dags/db_and_model_update_dag.py
[2026-03-27T13:36:17.272+0000] {processor.py:914} INFO - Processing file /opt/airflow/dags/db_and_model_update_dag.py for tasks to queue
[2026-03-27T13:36:17.277+0000] {logging_mixin.py:190} INFO - [2026-03-27T13:36:17.277+0000] {dagbag.py:588} INFO - Filling up the DagBag from /opt/airflow/dags/db_and_model_update_dag.py
[2026-03-27T13:36:17.296+0000] {processor.py:925} INFO - DAG(s) 'db_and_model_update' retrieved from /opt/airflow/dags/db_and_model_update_dag.py
[2026-03-27T13:36:17.323+0000] {logging_mixin.py:190} INFO - [2026-03-27T13:36:17.323+0000] {dag.py:3239} INFO - Sync 1 DAGs
[2026-03-27T13:36:17.364+0000] {processor.py:208} INFO - Processing /opt/airflow/dags/db_and_model_update_dag.py took 0.099 seconds
[2026-03-27T13:36:47.526+0000] {processor.py:186} INFO - Started process (PID=4694) to work on /opt/airflow/dags/db_and_model_update_dag.py
[2026-03-27T13:36:47.528+0000] {processor.py:914} INFO - Processing file /opt/airflow/dags/db_and_model_update_dag.py for tasks to queue
[2026-03-27T13:36:47.530+0000] {logging_mixin.py:190} INFO - [2026-03-27T13:36:47.530+0000] {dagbag.py:588} INFO - Filling up the DagBag from /opt/airflow/dags/db_and_model_update_dag.py
[2026-03-27T13:36:47.552+0000] {processor.py:925} INFO - DAG(s) 'db_and_model_update' retrieved from /opt/airflow/dags/db_and_model_update_dag.py
[2026-03-27T13:36:47.583+0000] {logging_mixin.py:190} INFO - [2026-03-27T13:36:47.583+0000] {dag.py:3239} INFO - Sync 1 DAGs
[2026-03-27T13:36:47.620+0000] {processor.py:208} INFO - Processing /opt/airflow/dags/db_and_model_update_dag.py took 0.101 seconds
[2026-03-27T13:37:17.804+0000] {processor.py:186} INFO - Started process (PID=4704) to work on /opt/airflow/dags/db_and_model_update_dag.py
[2026-03-27T13:37:17.805+0000] {processor.py:914} INFO - Processing file /opt/airflow/dags/db_and_model_update_dag.py for tasks to queue
[2026-03-27T13:37:17.808+0000] {logging_mixin.py:190} INFO - [2026-03-27T13:37:17.808+0000] {dagbag.py:588} INFO - Filling up the DagBag from /opt/airflow/dags/db_and_model_update_dag.py
[2026-03-27T13:37:17.826+0000] {processor.py:925} INFO - DAG(s) 'db_and_model_update' retrieved from /opt/airflow/dags/db_and_model_update_dag.py
[2026-03-27T13:37:17.854+0000] {logging_mixin.py:190} INFO - [2026-03-27T13:37:17.854+0000] {dag.py:3239} INFO - Sync 1 DAGs
[2026-03-27T13:37:17.897+0000] {processor.py:208} INFO - Processing /opt/airflow/dags/db_and_model_update_dag.py took 0.100 seconds
[2026-03-27T13:37:48.154+0000] {processor.py:186} INFO - Started process (PID=4714) to work on /opt/airflow/dags/db_and_model_update_dag.py
[2026-03-27T13:37:48.155+0000] {processor.py:914} INFO - Processing file /opt/airflow/dags/db_and_model_update_dag.py for tasks to queue
[2026-03-27T13:37:48.159+0000] {logging_mixin.py:190} INFO - [2026-03-27T13:37:48.158+0000] {dagbag.py:588} INFO - Filling up the DagBag from /opt/airflow/dags/db_and_model_update_dag.py
[2026-03-27T13:37:48.187+0000] {processor.py:925} INFO - DAG(s) 'db_and_model_update' retrieved from /opt/airflow/dags/db_and_model_update_dag.py
[2026-03-27T13:37:48.226+0000] {logging_mixin.py:190} INFO - [2026-03-27T13:37:48.226+0000] {dag.py:3239} INFO - Sync 1 DAGs
[2026-03-27T13:37:48.272+0000] {processor.py:208} INFO - Processing /opt/airflow/dags/db_and_model_update_dag.py took 0.130 seconds
[2026-03-27T13:38:18.510+0000] {processor.py:186} INFO - Started process (PID=4724) to work on /opt/airflow/dags/db_and_model_update_dag.py
[2026-03-27T13:38:18.512+0000] {processor.py:914} INFO - Processing file /opt/airflow/dags/db_and_model_update_dag.py for tasks to queue
[2026-03-27T13:38:18.514+0000] {logging_mixin.py:190} INFO - [2026-03-27T13:38:18.514+0000] {dagbag.py:588} INFO - Filling up the DagBag from /opt/airflow/dags/db_and_model_update_dag.py
[2026-03-27T13:38:18.536+0000] {processor.py:925} INFO - DAG(s) 'db_and_model_update' retrieved from /opt/airflow/dags/db_and_model_update_dag.py
[2026-03-27T13:38:18.565+0000] {logging_mixin.py:190} INFO - [2026-03-27T13:38:18.565+0000] {dag.py:3239} INFO - Sync 1 DAGs
[2026-03-27T13:38:18.608+0000] {processor.py:208} INFO - Processing /opt/airflow/dags/db_and_model_update_dag.py took 0.104 seconds
[2026-03-27T13:38:48.863+0000] {processor.py:186} INFO - Started process (PID=4734) to work on /opt/airflow/dags/db_and_model_update_dag.py
[2026-03-27T13:38:48.864+0000] {processor.py:914} INFO - Processing file /opt/airflow/dags/db_and_model_update_dag.py for tasks to queue
[2026-03-27T13:38:48.867+0000] {logging_mixin.py:190} INFO - [2026-03-27T13:38:48.867+0000] {dagbag.py:588} INFO - Filling up the DagBag from /opt/airflow/dags/db_and_model_update_dag.py
[2026-03-27T13:38:48.905+0000] {processor.py:925} INFO - DAG(s) 'db_and_model_update' retrieved from /opt/airflow/dags/db_and_model_update_dag.py
[2026-03-27T13:38:48.943+0000] {logging_mixin.py:190} INFO - [2026-03-27T13:38:48.943+0000] {dag.py:3239} INFO - Sync 1 DAGs
[2026-03-27T13:38:49.002+0000] {processor.py:208} INFO - Processing /opt/airflow/dags/db_and_model_update_dag.py took 0.149 seconds
[2026-03-27T13:39:19.266+0000] {processor.py:186} INFO - Started process (PID=4744) to work on /opt/airflow/dags/db_and_model_update_dag.py
[2026-03-27T13:39:19.271+0000] {processor.py:914} INFO - Processing file /opt/airflow/dags/db_and_model_update_dag.py for tasks to queue
[2026-03-27T13:39:19.273+0000] {logging_mixin.py:190} INFO - [2026-03-27T13:39:19.273+0000] {dagbag.py:588} INFO - Filling up the DagBag from /opt/airflow/dags/db_and_model_update_dag.py
[2026-03-27T13:39:19.294+0000] {processor.py:925} INFO - DAG(s) 'db_and_model_update' retrieved from /opt/airflow/dags/db_and_model_update_dag.py
[2026-03-27T13:39:19.324+0000] {logging_mixin.py:190} INFO - [2026-03-27T13:39:19.323+0000] {dag.py:3239} INFO - Sync 1 DAGs
[2026-03-27T13:39:19.371+0000] {processor.py:208} INFO - Processing /opt/airflow/dags/db_and_model_update_dag.py took 0.113 seconds
[2026-03-27T13:39:49.473+0000] {processor.py:186} INFO - Started process (PID=4754) to work on /opt/airflow/dags/db_and_model_update_dag.py
[2026-03-27T13:39:49.474+0000] {processor.py:914} INFO - Processing file /opt/airflow/dags/db_and_model_update_dag.py for tasks to queue
[2026-03-27T13:39:49.476+0000] {logging_mixin.py:190} INFO - [2026-03-27T13:39:49.476+0000] {dagbag.py:588} INFO - Filling up the DagBag from /opt/airflow/dags/db_and_model_update_dag.py
[2026-03-27T13:39:49.495+0000] {processor.py:925} INFO - DAG(s) 'db_and_model_update' retrieved from /opt/airflow/dags/db_and_model_update_dag.py
[2026-03-27T13:39:49.529+0000] {logging_mixin.py:190} INFO - [2026-03-27T13:39:49.528+0000] {dag.py:3239} INFO - Sync 1 DAGs
[2026-03-27T13:39:49.570+0000] {processor.py:208} INFO - Processing /opt/airflow/dags/db_and_model_update_dag.py took 0.103 seconds
[2026-03-27T13:40:19.810+0000] {processor.py:186} INFO - Started process (PID=4764) to work on /opt/airflow/dags/db_and_model_update_dag.py
[2026-03-27T13:40:19.811+0000] {processor.py:914} INFO - Processing file /opt/airflow/dags/db_and_model_update_dag.py for tasks to queue
[2026-03-27T13:40:19.813+0000] {logging_mixin.py:190} INFO - [2026-03-27T13:40:19.813+0000] {dagbag.py:588} INFO - Filling up the DagBag from /opt/airflow/dags/db_and_model_update_dag.py
[2026-03-27T13:40:19.841+0000] {processor.py:925} INFO - DAG(s) 'db_and_model_update' retrieved from /opt/airflow/dags/db_and_model_update_dag.py
[2026-03-27T13:40:19.873+0000] {logging_mixin.py:190} INFO - [2026-03-27T13:40:19.873+0000] {dag.py:3239} INFO - Sync 1 DAGs
[2026-03-27T13:40:19.924+0000] {processor.py:208} INFO - Processing /opt/airflow/dags/db_and_model_update_dag.py took 0.124 seconds
[2026-03-27T13:40:50.122+0000] {processor.py:186} INFO - Started process (PID=4774) to work on /opt/airflow/dags/db_and_model_update_dag.py
[2026-03-27T13:40:50.125+0000] {processor.py:914} INFO - Processing file /opt/airflow/dags/db_and_model_update_dag.py for tasks to queue
[2026-03-27T13:40:50.128+0000] {logging_mixin.py:190} INFO - [2026-03-27T13:40:50.127+0000] {dagbag.py:588} INFO - Filling up the DagBag from /opt/airflow/dags/db_and_model_update_dag.py
[2026-03-27T13:40:50.154+0000] {processor.py:925} INFO - DAG(s) 'db_and_model_update' retrieved from /opt/airflow/dags/db_and_model_update_dag.py
[2026-03-27T13:40:50.184+0000] {logging_mixin.py:190} INFO - [2026-03-27T13:40:50.184+0000] {dag.py:3239} INFO - Sync 1 DAGs
[2026-03-27T13:40:50.226+0000] {processor.py:208} INFO - Processing /opt/airflow/dags/db_and_model_update_dag.py took 0.111 seconds
[2026-03-27T13:41:20.325+0000] {processor.py:186} INFO - Started process (PID=4784) to work on /opt/airflow/dags/db_and_model_update_dag.py
[2026-03-27T13:41:20.326+0000] {processor.py:914} INFO - Processing file /opt/airflow/dags/db_and_model_update_dag.py for tasks to queue
[2026-03-27T13:41:20.328+0000] {logging_mixin.py:190} INFO - [2026-03-27T13:41:20.328+0000] {dagbag.py:588} INFO - Filling up the DagBag from /opt/airflow/dags/db_and_model_update_dag.py
[2026-03-27T13:41:20.347+0000] {processor.py:925} INFO - DAG(s) 'db_and_model_update' retrieved from /opt/airflow/dags/db_and_model_update_dag.py
[2026-03-27T13:41:20.396+0000] {logging_mixin.py:190} INFO - [2026-03-27T13:41:20.395+0000] {dag.py:3239} INFO - Sync 1 DAGs
[2026-03-27T13:41:20.444+0000] {processor.py:208} INFO - Processing /opt/airflow/dags/db_and_model_update_dag.py took 0.126 seconds
[2026-03-27T13:41:50.628+0000] {processor.py:186} INFO - Started process (PID=4794) to work on /opt/airflow/dags/db_and_model_update_dag.py
[2026-03-27T13:41:50.630+0000] {processor.py:914} INFO - Processing file /opt/airflow/dags/db_and_model_update_dag.py for tasks to queue
[2026-03-27T13:41:50.632+0000] {logging_mixin.py:190} INFO - [2026-03-27T13:41:50.632+0000] {dagbag.py:588} INFO - Filling up the DagBag from /opt/airflow/dags/db_and_model_update_dag.py
[2026-03-27T13:41:50.654+0000] {processor.py:925} INFO - DAG(s) 'db_and_model_update' retrieved from /opt/airflow/dags/db_and_model_update_dag.py
[2026-03-27T13:41:50.684+0000] {logging_mixin.py:190} INFO - [2026-03-27T13:41:50.684+0000] {dag.py:3239} INFO - Sync 1 DAGs
[2026-03-27T13:41:50.736+0000] {processor.py:208} INFO - Processing /opt/airflow/dags/db_and_model_update_dag.py took 0.115 seconds
[2026-03-27T13:42:20.938+0000] {processor.py:186} INFO - Started process (PID=4804) to work on /opt/airflow/dags/db_and_model_update_dag.py
[2026-03-27T13:42:20.939+0000] {processor.py:914} INFO - Processing file /opt/airflow/dags/db_and_model_update_dag.py for tasks to queue
[2026-03-27T13:42:20.941+0000] {logging_mixin.py:190} INFO - [2026-03-27T13:42:20.941+0000] {dagbag.py:588} INFO - Filling up the DagBag from /opt/airflow/dags/db_and_model_update_dag.py
[2026-03-27T13:42:20.966+0000] {processor.py:925} INFO - DAG(s) 'db_and_model_update' retrieved from /opt/airflow/dags/db_and_model_update_dag.py
[2026-03-27T13:42:21.000+0000] {logging_mixin.py:190} INFO - [2026-03-27T13:42:21.000+0000] {dag.py:3239} INFO - Sync 1 DAGs
[2026-03-27T13:42:19.989+0000] {processor.py:208} INFO - Processing /opt/airflow/dags/db_and_model_update_dag.py took 0.111 seconds
[2026-03-27T13:42:50.213+0000] {processor.py:186} INFO - Started process (PID=4814) to work on /opt/airflow/dags/db_and_model_update_dag.py
[2026-03-27T13:42:50.214+0000] {processor.py:914} INFO - Processing file /opt/airflow/dags/db_and_model_update_dag.py for tasks to queue
[2026-03-27T13:42:50.217+0000] {logging_mixin.py:190} INFO - [2026-03-27T13:42:50.217+0000] {dagbag.py:588} INFO - Filling up the DagBag from /opt/airflow/dags/db_and_model_update_dag.py
[2026-03-27T13:42:50.237+0000] {processor.py:925} INFO - DAG(s) 'db_and_model_update' retrieved from /opt/airflow/dags/db_and_model_update_dag.py
[2026-03-27T13:42:50.275+0000] {logging_mixin.py:190} INFO - [2026-03-27T13:42:50.275+0000] {dag.py:3239} INFO - Sync 1 DAGs
[2026-03-27T13:42:50.328+0000] {processor.py:208} INFO - Processing /opt/airflow/dags/db_and_model_update_dag.py took 0.122 seconds
[2026-03-27T13:43:20.554+0000] {processor.py:186} INFO - Started process (PID=4824) to work on /opt/airflow/dags/db_and_model_update_dag.py
[2026-03-27T13:43:20.555+0000] {processor.py:914} INFO - Processing file /opt/airflow/dags/db_and_model_update_dag.py for tasks to queue
[2026-03-27T13:43:20.558+0000] {logging_mixin.py:190} INFO - [2026-03-27T13:43:20.557+0000] {dagbag.py:588} INFO - Filling up the DagBag from /opt/airflow/dags/db_and_model_update_dag.py
[2026-03-27T13:43:20.582+0000] {processor.py:925} INFO - DAG(s) 'db_and_model_update' retrieved from /opt/airflow/dags/db_and_model_update_dag.py
[2026-03-27T13:43:20.611+0000] {logging_mixin.py:190} INFO - [2026-03-27T13:43:20.611+0000] {dag.py:3239} INFO - Sync 1 DAGs
[2026-03-27T13:43:20.651+0000] {processor.py:208} INFO - Processing /opt/airflow/dags/db_and_model_update_dag.py took 0.105 seconds
[2026-03-27T13:43:50.875+0000] {processor.py:186} INFO - Started process (PID=4834) to work on /opt/airflow/dags/db_and_model_update_dag.py
[2026-03-27T13:43:50.876+0000] {processor.py:914} INFO - Processing file /opt/airflow/dags/db_and_model_update_dag.py for tasks to queue
[2026-03-27T13:43:50.878+0000] {logging_mixin.py:190} INFO - [2026-03-27T13:43:50.878+0000] {dagbag.py:588} INFO - Filling up the DagBag from /opt/airflow/dags/db_and_model_update_dag.py
[2026-03-27T13:43:50.896+0000] {processor.py:925} INFO - DAG(s) 'db_and_model_update' retrieved from /opt/airflow/dags/db_and_model_update_dag.py
[2026-03-27T13:43:50.929+0000] {logging_mixin.py:190} INFO - [2026-03-27T13:43:50.929+0000] {dag.py:3239} INFO - Sync 1 DAGs
[2026-03-27T13:43:50.964+0000] {processor.py:208} INFO - Processing /opt/airflow/dags/db_and_model_update_dag.py took 0.097 seconds
[2026-03-27T13:44:21.141+0000] {processor.py:186} INFO - Started process (PID=4844) to work on /opt/airflow/dags/db_and_model_update_dag.py
[2026-03-27T13:44:21.142+0000] {processor.py:914} INFO - Processing file /opt/airflow/dags/db_and_model_update_dag.py for tasks to queue
[2026-03-27T13:44:21.145+0000] {logging_mixin.py:190} INFO - [2026-03-27T13:44:21.145+0000] {dagbag.py:588} INFO - Filling up the DagBag from /opt/airflow/dags/db_and_model_update_dag.py
[2026-03-27T13:44:21.170+0000] {processor.py:925} INFO - DAG(s) 'db_and_model_update' retrieved from /opt/airflow/dags/db_and_model_update_dag.py
[2026-03-27T13:44:21.204+0000] {logging_mixin.py:190} INFO - [2026-03-27T13:44:21.204+0000] {dag.py:3239} INFO - Sync 1 DAGs
[2026-03-27T13:44:21.249+0000] {processor.py:208} INFO - Processing /opt/airflow/dags/db_and_model_update_dag.py took 0.122 seconds
[2026-03-27T13:44:51.338+0000] {processor.py:186} INFO - Started process (PID=4854) to work on /opt/airflow/dags/db_and_model_update_dag.py
[2026-03-27T13:44:51.339+0000] {processor.py:914} INFO - Processing file /opt/airflow/dags/db_and_model_update_dag.py for tasks to queue
[2026-03-27T13:44:51.342+0000] {logging_mixin.py:190} INFO - [2026-03-27T13:44:51.342+0000] {dagbag.py:588} INFO - Filling up the DagBag from /opt/airflow/dags/db_and_model_update_dag.py
[2026-03-27T13:44:51.360+0000] {processor.py:925} INFO - DAG(s) 'db_and_model_update' retrieved from /opt/airflow/dags/db_and_model_update_dag.py
[2026-03-27T13:44:51.391+0000] {logging_mixin.py:190} INFO - [2026-03-27T13:44:51.391+0000] {dag.py:3239} INFO - Sync 1 DAGs
[2026-03-27T13:44:51.431+0000] {processor.py:208} INFO - Processing /opt/airflow/dags/db_and_model_update_dag.py took 0.099 seconds
[2026-03-27T13:45:21.627+0000] {processor.py:186} INFO - Started process (PID=4864) to work on /opt/airflow/dags/db_and_model_update_dag.py
[2026-03-27T13:45:21.628+0000] {processor.py:914} INFO - Processing file /opt/airflow/dags/db_and_model_update_dag.py for tasks to queue
[2026-03-27T13:45:21.635+0000] {logging_mixin.py:190} INFO - [2026-03-27T13:45:21.635+0000] {dagbag.py:588} INFO - Filling up the DagBag from /opt/airflow/dags/db_and_model_update_dag.py
[2026-03-27T13:45:21.673+0000] {processor.py:925} INFO - DAG(s) 'db_and_model_update' retrieved from /opt/airflow/dags/db_and_model_update_dag.py
[2026-03-27T13:45:21.700+0000] {logging_mixin.py:190} INFO - [2026-03-27T13:45:21.700+0000] {dag.py:3239} INFO - Sync 1 DAGs
[2026-03-27T13:45:21.741+0000] {processor.py:208} INFO - Processing /opt/airflow/dags/db_and_model_update_dag.py took 0.125 seconds
[2026-03-27T13:45:51.961+0000] {processor.py:186} INFO - Started process (PID=4874) to work on /opt/airflow/dags/db_and_model_update_dag.py
[2026-03-27T13:45:51.962+0000] {processor.py:914} INFO - Processing file /opt/airflow/dags/db_and_model_update_dag.py for tasks to queue
[2026-03-27T13:45:51.964+0000] {logging_mixin.py:190} INFO - [2026-03-27T13:45:51.964+0000] {dagbag.py:588} INFO - Filling up the DagBag from /opt/airflow/dags/db_and_model_update_dag.py
[2026-03-27T13:45:51.984+0000] {processor.py:925} INFO - DAG(s) 'db_and_model_update' retrieved from /opt/airflow/dags/db_and_model_update_dag.py
[2026-03-27T13:45:52.014+0000] {logging_mixin.py:190} INFO - [2026-03-27T13:45:52.014+0000] {dag.py:3239} INFO - Sync 1 DAGs
[2026-03-27T13:45:52.053+0000] {processor.py:208} INFO - Processing /opt/airflow/dags/db_and_model_update_dag.py took 0.100 seconds
[2026-03-27T13:46:22.253+0000] {processor.py:186} INFO - Started process (PID=4884) to work on /opt/airflow/dags/db_and_model_update_dag.py
[2026-03-27T13:46:22.254+0000] {processor.py:914} INFO - Processing file /opt/airflow/dags/db_and_model_update_dag.py for tasks to queue
[2026-03-27T13:46:22.256+0000] {logging_mixin.py:190} INFO - [2026-03-27T13:46:22.256+0000] {dagbag.py:588} INFO - Filling up the DagBag from /opt/airflow/dags/db_and_model_update_dag.py
[2026-03-27T13:46:22.274+0000] {processor.py:925} INFO - DAG(s) 'db_and_model_update' retrieved from /opt/airflow/dags/db_and_model_update_dag.py
[2026-03-27T13:46:22.306+0000] {logging_mixin.py:190} INFO - [2026-03-27T13:46:22.306+0000] {dag.py:3239} INFO - Sync 1 DAGs
[2026-03-27T13:46:22.362+0000] {processor.py:208} INFO - Processing /opt/airflow/dags/db_and_model_update_dag.py took 0.116 seconds
[2026-03-27T13:46:52.491+0000] {processor.py:186} INFO - Started process (PID=4894) to work on /opt/airflow/dags/db_and_model_update_dag.py
[2026-03-27T13:46:52.495+0000] {processor.py:914} INFO - Processing file /opt/airflow/dags/db_and_model_update_dag.py for tasks to queue
[2026-03-27T13:46:52.500+0000] {logging_mixin.py:190} INFO - [2026-03-27T13:46:52.499+0000] {dagbag.py:588} INFO - Filling up the DagBag from /opt/airflow/dags/db_and_model_update_dag.py
[2026-03-27T13:46:52.523+0000] {processor.py:925} INFO - DAG(s) 'db_and_model_update' retrieved from /opt/airflow/dags/db_and_model_update_dag.py
[2026-03-27T13:46:52.551+0000] {logging_mixin.py:190} INFO - [2026-03-27T13:46:52.551+0000] {dag.py:3239} INFO - Sync 1 DAGs
[2026-03-27T13:46:52.597+0000] {processor.py:208} INFO - Processing /opt/airflow/dags/db_and_model_update_dag.py took 0.118 seconds
[2026-03-27T13:47:22.825+0000] {processor.py:186} INFO - Started process (PID=4904) to work on /opt/airflow/dags/db_and_model_update_dag.py
[2026-03-27T13:47:22.826+0000] {processor.py:914} INFO - Processing file /opt/airflow/dags/db_and_model_update_dag.py for tasks to queue
[2026-03-27T13:47:22.829+0000] {logging_mixin.py:190} INFO - [2026-03-27T13:47:22.829+0000] {dagbag.py:588} INFO - Filling up the DagBag from /opt/airflow/dags/db_and_model_update_dag.py
[2026-03-27T13:47:22.852+0000] {processor.py:925} INFO - DAG(s) 'db_and_model_update' retrieved from /opt/airflow/dags/db_and_model_update_dag.py
[2026-03-27T13:47:22.882+0000] {logging_mixin.py:190} INFO - [2026-03-27T13:47:22.882+0000] {dag.py:3239} INFO - Sync 1 DAGs
[2026-03-27T13:47:22.923+0000] {processor.py:208} INFO - Processing /opt/airflow/dags/db_and_model_update_dag.py took 0.108 seconds
[2026-03-27T13:47:53.187+0000] {processor.py:186} INFO - Started process (PID=4914) to work on /opt/airflow/dags/db_and_model_update_dag.py
[2026-03-27T13:47:53.188+0000] {processor.py:914} INFO - Processing file /opt/airflow/dags/db_and_model_update_dag.py for tasks to queue
[2026-03-27T13:47:53.190+0000] {logging_mixin.py:190} INFO - [2026-03-27T13:47:53.190+0000] {dagbag.py:588} INFO - Filling up the DagBag from /opt/airflow/dags/db_and_model_update_dag.py
[2026-03-27T13:47:53.212+0000] {processor.py:925} INFO - DAG(s) 'db_and_model_update' retrieved from /opt/airflow/dags/db_and_model_update_dag.py
[2026-03-27T13:47:53.247+0000] {logging_mixin.py:190} INFO - [2026-03-27T13:47:53.247+0000] {dag.py:3239} INFO - Sync 1 DAGs
[2026-03-27T13:47:53.292+0000] {processor.py:208} INFO - Processing /opt/airflow/dags/db_and_model_update_dag.py took 0.112 seconds
[2026-03-27T13:48:23.485+0000] {processor.py:186} INFO - Started process (PID=4924) to work on /opt/airflow/dags/db_and_model_update_dag.py
[2026-03-27T13:48:23.487+0000] {processor.py:914} INFO - Processing file /opt/airflow/dags/db_and_model_update_dag.py for tasks to queue
[2026-03-27T13:48:23.490+0000] {logging_mixin.py:190} INFO - [2026-03-27T13:48:23.489+0000] {dagbag.py:588} INFO - Filling up the DagBag from /opt/airflow/dags/db_and_model_update_dag.py
[2026-03-27T13:48:23.522+0000] {processor.py:925} INFO - DAG(s) 'db_and_model_update' retrieved from /opt/airflow/dags/db_and_model_update_dag.py
[2026-03-27T13:48:23.563+0000] {logging_mixin.py:190} INFO - [2026-03-27T13:48:23.562+0000] {dag.py:3239} INFO - Sync 1 DAGs
[2026-03-27T13:48:23.613+0000] {processor.py:208} INFO - Processing /opt/airflow/dags/db_and_model_update_dag.py took 0.136 seconds
[2026-03-27T13:48:53.795+0000] {processor.py:186} INFO - Started process (PID=4934) to work on /opt/airflow/dags/db_and_model_update_dag.py
[2026-03-27T13:48:53.796+0000] {processor.py:914} INFO - Processing file /opt/airflow/dags/db_and_model_update_dag.py for tasks to queue
[2026-03-27T13:48:53.799+0000] {logging_mixin.py:190} INFO - [2026-03-27T13:48:53.799+0000] {dagbag.py:588} INFO - Filling up the DagBag from /opt/airflow/dags/db_and_model_update_dag.py
[2026-03-27T13:48:53.831+0000] {processor.py:925} INFO - DAG(s) 'db_and_model_update' retrieved from /opt/airflow/dags/db_and_model_update_dag.py
[2026-03-27T13:48:53.865+0000] {logging_mixin.py:190} INFO - [2026-03-27T13:48:53.865+0000] {dag.py:3239} INFO - Sync 1 DAGs
[2026-03-27T13:48:53.906+0000] {processor.py:208} INFO - Processing /opt/airflow/dags/db_and_model_update_dag.py took 0.118 seconds
[2026-03-27T13:49:24.026+0000] {processor.py:186} INFO - Started process (PID=4944) to work on /opt/airflow/dags/db_and_model_update_dag.py
[2026-03-27T13:49:24.027+0000] {processor.py:914} INFO - Processing file /opt/airflow/dags/db_and_model_update_dag.py for tasks to queue
[2026-03-27T13:49:24.030+0000] {logging_mixin.py:190} INFO - [2026-03-27T13:49:24.030+0000] {dagbag.py:588} INFO - Filling up the DagBag from /opt/airflow/dags/db_and_model_update_dag.py
[2026-03-27T13:49:24.054+0000] {processor.py:925} INFO - DAG(s) 'db_and_model_update' retrieved from /opt/airflow/dags/db_and_model_update_dag.py
[2026-03-27T13:49:24.092+0000] {logging_mixin.py:190} INFO - [2026-03-27T13:49:24.091+0000] {dag.py:3239} INFO - Sync 1 DAGs
[2026-03-27T13:49:24.132+0000] {processor.py:208} INFO - Processing /opt/airflow/dags/db_and_model_update_dag.py took 0.113 seconds
[2026-03-27T13:49:54.352+0000] {processor.py:186} INFO - Started process (PID=4954) to work on /opt/airflow/dags/db_and_model_update_dag.py
[2026-03-27T13:49:54.353+0000] {processor.py:914} INFO - Processing file /opt/airflow/dags/db_and_model_update_dag.py for tasks to queue
[2026-03-27T13:49:54.355+0000] {logging_mixin.py:190} INFO - [2026-03-27T13:49:54.355+0000] {dagbag.py:588} INFO - Filling up the DagBag from /opt/airflow/dags/db_and_model_update_dag.py
[2026-03-27T13:49:54.373+0000] {processor.py:925} INFO - DAG(s) 'db_and_model_update' retrieved from /opt/airflow/dags/db_and_model_update_dag.py
[2026-03-27T13:49:54.406+0000] {logging_mixin.py:190} INFO - [2026-03-27T13:49:54.406+0000] {dag.py:3239} INFO - Sync 1 DAGs
[2026-03-27T13:49:54.448+0000] {processor.py:208} INFO - Processing /opt/airflow/dags/db_and_model_update_dag.py took 0.103 seconds
[2026-03-27T13:50:24.519+0000] {processor.py:186} INFO - Started process (PID=4964) to work on /opt/airflow/dags/db_and_model_update_dag.py
[2026-03-27T13:50:24.520+0000] {processor.py:914} INFO - Processing file /opt/airflow/dags/db_and_model_update_dag.py for tasks to queue
[2026-03-27T13:50:24.523+0000] {logging_mixin.py:190} INFO - [2026-03-27T13:50:24.523+0000] {dagbag.py:588} INFO - Filling up the DagBag from /opt/airflow/dags/db_and_model_update_dag.py
[2026-03-27T13:50:24.543+0000] {processor.py:925} INFO - DAG(s) 'db_and_model_update' retrieved from /opt/airflow/dags/db_and_model_update_dag.py
[2026-03-27T13:50:24.577+0000] {logging_mixin.py:190} INFO - [2026-03-27T13:50:24.577+0000] {dag.py:3239} INFO - Sync 1 DAGs
[2026-03-27T13:50:24.623+0000] {processor.py:208} INFO - Processing /opt/airflow/dags/db_and_model_update_dag.py took 0.110 seconds
[2026-03-27T13:50:54.761+0000] {processor.py:186} INFO - Started process (PID=4974) to work on /opt/airflow/dags/db_and_model_update_dag.py
[2026-03-27T13:50:54.763+0000] {processor.py:914} INFO - Processing file /opt/airflow/dags/db_and_model_update_dag.py for tasks to queue
[2026-03-27T13:50:54.766+0000] {logging_mixin.py:190} INFO - [2026-03-27T13:50:54.766+0000] {dagbag.py:588} INFO - Filling up the DagBag from /opt/airflow/dags/db_and_model_update_dag.py
[2026-03-27T13:50:54.794+0000] {processor.py:925} INFO - DAG(s) 'db_and_model_update' retrieved from /opt/airflow/dags/db_and_model_update_dag.py
[2026-03-27T13:50:54.827+0000] {logging_mixin.py:190} INFO - [2026-03-27T13:50:54.827+0000] {dag.py:3239} INFO - Sync 1 DAGs
[2026-03-27T13:50:54.868+0000] {processor.py:208} INFO - Processing /opt/airflow/dags/db_and_model_update_dag.py took 0.114 seconds
[2026-03-27T13:51:24.939+0000] {processor.py:186} INFO - Started process (PID=4984) to work on /opt/airflow/dags/db_and_model_update_dag.py
[2026-03-27T13:51:24.940+0000] {processor.py:914} INFO - Processing file /opt/airflow/dags/db_and_model_update_dag.py for tasks to queue
[2026-03-27T13:51:24.943+0000] {logging_mixin.py:190} INFO - [2026-03-27T13:51:24.942+0000] {dagbag.py:588} INFO - Filling up the DagBag from /opt/airflow/dags/db_and_model_update_dag.py
[2026-03-27T13:51:24.966+0000] {processor.py:925} INFO - DAG(s) 'db_and_model_update' retrieved from /opt/airflow/dags/db_and_model_update_dag.py
[2026-03-27T13:51:24.999+0000] {logging_mixin.py:190} INFO - [2026-03-27T13:51:24.999+0000] {dag.py:3239} INFO - Sync 1 DAGs
[2026-03-27T13:51:25.040+0000] {processor.py:208} INFO - Processing /opt/airflow/dags/db_and_model_update_dag.py took 0.107 seconds
[2026-03-27T13:51:55.186+0000] {processor.py:186} INFO - Started process (PID=4994) to work on /opt/airflow/dags/db_and_model_update_dag.py
[2026-03-27T13:51:55.188+0000] {processor.py:914} INFO - Processing file /opt/airflow/dags/db_and_model_update_dag.py for tasks to queue
[2026-03-27T13:51:55.190+0000] {logging_mixin.py:190} INFO - [2026-03-27T13:51:55.190+0000] {dagbag.py:588} INFO - Filling up the DagBag from /opt/airflow/dags/db_and_model_update_dag.py
[2026-03-27T13:51:55.210+0000] {processor.py:925} INFO - DAG(s) 'db_and_model_update' retrieved from /opt/airflow/dags/db_and_model_update_dag.py
[2026-03-27T13:51:55.263+0000] {logging_mixin.py:190} INFO - [2026-03-27T13:51:55.263+0000] {dag.py:3239} INFO - Sync 1 DAGs
[2026-03-27T13:51:55.307+0000] {processor.py:208} INFO - Processing /opt/airflow/dags/db_and_model_update_dag.py took 0.129 seconds
[2026-03-27T13:52:25.371+0000] {processor.py:186} INFO - Started process (PID=5004) to work on /opt/airflow/dags/db_and_model_update_dag.py
[2026-03-27T13:52:25.372+0000] {processor.py:914} INFO - Processing file /opt/airflow/dags/db_and_model_update_dag.py for tasks to queue
[2026-03-27T13:52:25.374+0000] {logging_mixin.py:190} INFO - [2026-03-27T13:52:25.374+0000] {dagbag.py:588} INFO - Filling up the DagBag from /opt/airflow/dags/db_and_model_update_dag.py
[2026-03-27T13:52:25.395+0000] {processor.py:925} INFO - DAG(s) 'db_and_model_update' retrieved from /opt/airflow/dags/db_and_model_update_dag.py
[2026-03-27T13:52:25.426+0000] {logging_mixin.py:190} INFO - [2026-03-27T13:52:25.425+0000] {dag.py:3239} INFO - Sync 1 DAGs
[2026-03-27T13:52:25.465+0000] {processor.py:208} INFO - Processing /opt/airflow/dags/db_and_model_update_dag.py took 0.101 seconds
[2026-03-27T13:52:55.704+0000] {processor.py:186} INFO - Started process (PID=5014) to work on /opt/airflow/dags/db_and_model_update_dag.py
[2026-03-27T13:52:55.705+0000] {processor.py:914} INFO - Processing file /opt/airflow/dags/db_and_model_update_dag.py for tasks to queue
[2026-03-27T13:52:55.707+0000] {logging_mixin.py:190} INFO - [2026-03-27T13:52:55.707+0000] {dagbag.py:588} INFO - Filling up the DagBag from /opt/airflow/dags/db_and_model_update_dag.py
[2026-03-27T13:52:55.725+0000] {processor.py:925} INFO - DAG(s) 'db_and_model_update' retrieved from /opt/airflow/dags/db_and_model_update_dag.py
[2026-03-27T13:52:55.754+0000] {logging_mixin.py:190} INFO - [2026-03-27T13:52:55.754+0000] {dag.py:3239} INFO - Sync 1 DAGs
[2026-03-27T13:52:55.788+0000] {processor.py:208} INFO - Processing /opt/airflow/dags/db_and_model_update_dag.py took 0.093 seconds
[2026-03-27T13:53:25.956+0000] {processor.py:186} INFO - Started process (PID=5024) to work on /opt/airflow/dags/db_and_model_update_dag.py
[2026-03-27T13:53:25.957+0000] {processor.py:914} INFO - Processing file /opt/airflow/dags/db_and_model_update_dag.py for tasks to queue
[2026-03-27T13:53:25.960+0000] {logging_mixin.py:190} INFO - [2026-03-27T13:53:25.960+0000] {dagbag.py:588} INFO - Filling up the DagBag from /opt/airflow/dags/db_and_model_update_dag.py
[2026-03-27T13:53:25.978+0000] {processor.py:925} INFO - DAG(s) 'db_and_model_update' retrieved from /opt/airflow/dags/db_and_model_update_dag.py
[2026-03-27T13:53:26.009+0000] {logging_mixin.py:190} INFO - [2026-03-27T13:53:26.009+0000] {dag.py:3239} INFO - Sync 1 DAGs
[2026-03-27T13:53:26.080+0000] {processor.py:208} INFO - Processing /opt/airflow/dags/db_and_model_update_dag.py took 0.130 seconds
[2026-03-27T13:53:56.133+0000] {processor.py:186} INFO - Started process (PID=5034) to work on /opt/airflow/dags/db_and_model_update_dag.py
[2026-03-27T13:53:56.134+0000] {processor.py:914} INFO - Processing file /opt/airflow/dags/db_and_model_update_dag.py for tasks to queue
[2026-03-27T13:53:56.136+0000] {logging_mixin.py:190} INFO - [2026-03-27T13:53:56.136+0000] {dagbag.py:588} INFO - Filling up the DagBag from /opt/airflow/dags/db_and_model_update_dag.py
[2026-03-27T13:53:56.155+0000] {processor.py:925} INFO - DAG(s) 'db_and_model_update' retrieved from /opt/airflow/dags/db_and_model_update_dag.py
[2026-03-27T13:53:56.187+0000] {logging_mixin.py:190} INFO - [2026-03-27T13:53:56.187+0000] {dag.py:3239} INFO - Sync 1 DAGs
[2026-03-27T13:53:56.388+0000] {processor.py:208} INFO - Processing /opt/airflow/dags/db_and_model_update_dag.py took 0.261 seconds
[2026-03-27T13:54:26.529+0000] {processor.py:186} INFO - Started process (PID=5044) to work on /opt/airflow/dags/db_and_model_update_dag.py
[2026-03-27T13:54:26.530+0000] {processor.py:914} INFO - Processing file /opt/airflow/dags/db_and_model_update_dag.py for tasks to queue
[2026-03-27T13:54:26.533+0000] {logging_mixin.py:190} INFO - [2026-03-27T13:54:26.533+0000] {dagbag.py:588} INFO - Filling up the DagBag from /opt/airflow/dags/db_and_model_update_dag.py
[2026-03-27T13:54:26.559+0000] {processor.py:925} INFO - DAG(s) 'db_and_model_update' retrieved from /opt/airflow/dags/db_and_model_update_dag.py
[2026-03-27T13:54:26.590+0000] {logging_mixin.py:190} INFO - [2026-03-27T13:54:26.590+0000] {dag.py:3239} INFO - Sync 1 DAGs
[2026-03-27T13:54:26.629+0000] {processor.py:208} INFO - Processing /opt/airflow/dags/db_and_model_update_dag.py took 0.108 seconds
[2026-03-27T13:54:56.777+0000] {processor.py:186} INFO - Started process (PID=5054) to work on /opt/airflow/dags/db_and_model_update_dag.py
[2026-03-27T13:54:56.778+0000] {processor.py:914} INFO - Processing file /opt/airflow/dags/db_and_model_update_dag.py for tasks to queue
[2026-03-27T13:54:56.780+0000] {logging_mixin.py:190} INFO - [2026-03-27T13:54:56.780+0000] {dagbag.py:588} INFO - Filling up the DagBag from /opt/airflow/dags/db_and_model_update_dag.py
[2026-03-27T13:54:56.809+0000] {processor.py:925} INFO - DAG(s) 'db_and_model_update' retrieved from /opt/airflow/dags/db_and_model_update_dag.py
[2026-03-27T13:54:56.848+0000] {logging_mixin.py:190} INFO - [2026-03-27T13:54:56.847+0000] {dag.py:3239} INFO - Sync 1 DAGs
[2026-03-27T13:54:56.891+0000] {processor.py:208} INFO - Processing /opt/airflow/dags/db_and_model_update_dag.py took 0.123 seconds
[2026-03-27T13:55:27.050+0000] {processor.py:186} INFO - Started process (PID=5064) to work on /opt/airflow/dags/db_and_model_update_dag.py
[2026-03-27T13:55:27.052+0000] {processor.py:914} INFO - Processing file /opt/airflow/dags/db_and_model_update_dag.py for tasks to queue
[2026-03-27T13:55:27.055+0000] {logging_mixin.py:190} INFO - [2026-03-27T13:55:27.054+0000] {dagbag.py:588} INFO - Filling up the DagBag from /opt/airflow/dags/db_and_model_update_dag.py
[2026-03-27T13:55:27.075+0000] {processor.py:925} INFO - DAG(s) 'db_and_model_update' retrieved from /opt/airflow/dags/db_and_model_update_dag.py
[2026-03-27T13:55:27.109+0000] {logging_mixin.py:190} INFO - [2026-03-27T13:55:27.108+0000] {dag.py:3239} INFO - Sync 1 DAGs
[2026-03-27T13:55:27.155+0000] {processor.py:208} INFO - Processing /opt/airflow/dags/db_and_model_update_dag.py took 0.113 seconds
[2026-03-27T13:55:57.339+0000] {processor.py:186} INFO - Started process (PID=5074) to work on /opt/airflow/dags/db_and_model_update_dag.py
[2026-03-27T13:55:57.340+0000] {processor.py:914} INFO - Processing file /opt/airflow/dags/db_and_model_update_dag.py for tasks to queue
[2026-03-27T13:55:57.344+0000] {logging_mixin.py:190} INFO - [2026-03-27T13:55:57.344+0000] {dagbag.py:588} INFO - Filling up the DagBag from /opt/airflow/dags/db_and_model_update_dag.py
[2026-03-27T13:55:57.366+0000] {processor.py:925} INFO - DAG(s) 'db_and_model_update' retrieved from /opt/airflow/dags/db_and_model_update_dag.py
[2026-03-27T13:55:57.396+0000] {logging_mixin.py:190} INFO - [2026-03-27T13:55:57.396+0000] {dag.py:3239} INFO - Sync 1 DAGs
[2026-03-27T13:55:57.440+0000] {processor.py:208} INFO - Processing /opt/airflow/dags/db_and_model_update_dag.py took 0.110 seconds
[2026-03-27T13:56:27.609+0000] {processor.py:186} INFO - Started process (PID=5084) to work on /opt/airflow/dags/db_and_model_update_dag.py
[2026-03-27T13:56:27.610+0000] {processor.py:914} INFO - Processing file /opt/airflow/dags/db_and_model_update_dag.py for tasks to queue
[2026-03-27T13:56:27.613+0000] {logging_mixin.py:190} INFO - [2026-03-27T13:56:27.612+0000] {dagbag.py:588} INFO - Filling up the DagBag from /opt/airflow/dags/db_and_model_update_dag.py
[2026-03-27T13:56:27.636+0000] {processor.py:925} INFO - DAG(s) 'db_and_model_update' retrieved from /opt/airflow/dags/db_and_model_update_dag.py
[2026-03-27T13:56:27.674+0000] {logging_mixin.py:190} INFO - [2026-03-27T13:56:27.674+0000] {dag.py:3239} INFO - Sync 1 DAGs
[2026-03-27T13:56:27.724+0000] {processor.py:208} INFO - Processing /opt/airflow/dags/db_and_model_update_dag.py took 0.124 seconds
[2026-03-27T13:56:57.888+0000] {processor.py:186} INFO - Started process (PID=5094) to work on /opt/airflow/dags/db_and_model_update_dag.py
[2026-03-27T13:56:57.890+0000] {processor.py:914} INFO - Processing file /opt/airflow/dags/db_and_model_update_dag.py for tasks to queue
[2026-03-27T13:56:57.892+0000] {logging_mixin.py:190} INFO - [2026-03-27T13:56:57.892+0000] {dagbag.py:588} INFO - Filling up the DagBag from /opt/airflow/dags/db_and_model_update_dag.py
[2026-03-27T13:56:57.912+0000] {processor.py:925} INFO - DAG(s) 'db_and_model_update' retrieved from /opt/airflow/dags/db_and_model_update_dag.py
[2026-03-27T13:56:57.942+0000] {logging_mixin.py:190} INFO - [2026-03-27T13:56:57.942+0000] {dag.py:3239} INFO - Sync 1 DAGs
[2026-03-27T13:56:57.987+0000] {processor.py:208} INFO - Processing /opt/airflow/dags/db_and_model_update_dag.py took 0.105 seconds
[2026-03-27T13:57:28.174+0000] {processor.py:186} INFO - Started process (PID=5104) to work on /opt/airflow/dags/db_and_model_update_dag.py
[2026-03-27T13:57:28.175+0000] {processor.py:914} INFO - Processing file /opt/airflow/dags/db_and_model_update_dag.py for tasks to queue
[2026-03-27T13:57:28.179+0000] {logging_mixin.py:190} INFO - [2026-03-27T13:57:28.178+0000] {dagbag.py:588} INFO - Filling up the DagBag from /opt/airflow/dags/db_and_model_update_dag.py
[2026-03-27T13:57:28.238+0000] {processor.py:925} INFO - DAG(s) 'db_and_model_update' retrieved from /opt/airflow/dags/db_and_model_update_dag.py
[2026-03-27T13:57:28.276+0000] {logging_mixin.py:190} INFO - [2026-03-27T13:57:28.275+0000] {dag.py:3239} INFO - Sync 1 DAGs
[2026-03-27T13:57:28.328+0000] {processor.py:208} INFO - Processing /opt/airflow/dags/db_and_model_update_dag.py took 0.166 seconds
[2026-03-27T13:57:58.546+0000] {processor.py:186} INFO - Started process (PID=5114) to work on /opt/airflow/dags/db_and_model_update_dag.py
[2026-03-27T13:57:58.548+0000] {processor.py:914} INFO - Processing file /opt/airflow/dags/db_and_model_update_dag.py for tasks to queue
[2026-03-27T13:57:58.550+0000] {logging_mixin.py:190} INFO - [2026-03-27T13:57:58.549+0000] {dagbag.py:588} INFO - Filling up the DagBag from /opt/airflow/dags/db_and_model_update_dag.py
[2026-03-27T13:57:58.569+0000] {processor.py:925} INFO - DAG(s) 'db_and_model_update' retrieved from /opt/airflow/dags/db_and_model_update_dag.py
[2026-03-27T13:57:58.603+0000] {logging_mixin.py:190} INFO - [2026-03-27T13:57:58.602+0000] {dag.py:3239} INFO - Sync 1 DAGs
[2026-03-27T13:57:58.655+0000] {processor.py:208} INFO - Processing /opt/airflow/dags/db_and_model_update_dag.py took 0.117 seconds
[2026-03-27T13:58:29.391+0000] {processor.py:186} INFO - Started process (PID=5124) to work on /opt/airflow/dags/db_and_model_update_dag.py
[2026-03-27T13:58:29.395+0000] {processor.py:914} INFO - Processing file /opt/airflow/dags/db_and_model_update_dag.py for tasks to queue
[2026-03-27T13:58:29.404+0000] {logging_mixin.py:190} INFO - [2026-03-27T13:58:29.404+0000] {dagbag.py:588} INFO - Filling up the DagBag from /opt/airflow/dags/db_and_model_update_dag.py
[2026-03-27T13:58:29.424+0000] {processor.py:925} INFO - DAG(s) 'db_and_model_update' retrieved from /opt/airflow/dags/db_and_model_update_dag.py
[2026-03-27T13:58:29.476+0000] {logging_mixin.py:190} INFO - [2026-03-27T13:58:29.476+0000] {dag.py:3239} INFO - Sync 1 DAGs
[2026-03-27T13:58:29.568+0000] {processor.py:208} INFO - Processing /opt/airflow/dags/db_and_model_update_dag.py took 0.188 seconds
[2026-03-27T13:58:59.898+0000] {processor.py:186} INFO - Started process (PID=5134) to work on /opt/airflow/dags/db_and_model_update_dag.py
[2026-03-27T13:58:59.900+0000] {processor.py:914} INFO - Processing file /opt/airflow/dags/db_and_model_update_dag.py for tasks to queue
[2026-03-27T13:58:59.906+0000] {logging_mixin.py:190} INFO - [2026-03-27T13:58:59.905+0000] {dagbag.py:588} INFO - Filling up the DagBag from /opt/airflow/dags/db_and_model_update_dag.py
[2026-03-27T13:58:59.933+0000] {processor.py:925} INFO - DAG(s) 'db_and_model_update' retrieved from /opt/airflow/dags/db_and_model_update_dag.py
[2026-03-27T13:58:59.988+0000] {logging_mixin.py:190} INFO - [2026-03-27T13:58:59.988+0000] {dag.py:3239} INFO - Sync 1 DAGs
[2026-03-27T13:59:00.039+0000] {processor.py:208} INFO - Processing /opt/airflow/dags/db_and_model_update_dag.py took 0.154 seconds
[2026-03-27T13:59:30.346+0000] {processor.py:186} INFO - Started process (PID=5144) to work on /opt/airflow/dags/db_and_model_update_dag.py
[2026-03-27T13:59:30.347+0000] {processor.py:914} INFO - Processing file /opt/airflow/dags/db_and_model_update_dag.py for tasks to queue
[2026-03-27T13:59:30.350+0000] {logging_mixin.py:190} INFO - [2026-03-27T13:59:30.349+0000] {dagbag.py:588} INFO - Filling up the DagBag from /opt/airflow/dags/db_and_model_update_dag.py
[2026-03-27T13:59:30.366+0000] {processor.py:925} INFO - DAG(s) 'db_and_model_update' retrieved from /opt/airflow/dags/db_and_model_update_dag.py
[2026-03-27T13:59:30.407+0000] {logging_mixin.py:190} INFO - [2026-03-27T13:59:30.407+0000] {dag.py:3239} INFO - Sync 1 DAGs
[2026-03-27T13:59:30.464+0000] {processor.py:208} INFO - Processing /opt/airflow/dags/db_and_model_update_dag.py took 0.124 seconds
[2026-03-27T14:00:01.275+0000] {processor.py:186} INFO - Started process (PID=5154) to work on /opt/airflow/dags/db_and_model_update_dag.py
[2026-03-27T14:00:01.276+0000] {processor.py:914} INFO - Processing file /opt/airflow/dags/db_and_model_update_dag.py for tasks to queue
[2026-03-27T14:00:01.278+0000] {logging_mixin.py:190} INFO - [2026-03-27T14:00:01.278+0000] {dagbag.py:588} INFO - Filling up the DagBag from /opt/airflow/dags/db_and_model_update_dag.py
[2026-03-27T14:00:01.297+0000] {processor.py:925} INFO - DAG(s) 'db_and_model_update' retrieved from /opt/airflow/dags/db_and_model_update_dag.py
[2026-03-27T14:00:01.331+0000] {logging_mixin.py:190} INFO - [2026-03-27T14:00:01.331+0000] {dag.py:3239} INFO - Sync 1 DAGs
[2026-03-27T14:00:01.376+0000] {processor.py:208} INFO - Processing /opt/airflow/dags/db_and_model_update_dag.py took 0.109 seconds
[2026-03-27T14:00:32.064+0000] {processor.py:186} INFO - Started process (PID=5164) to work on /opt/airflow/dags/db_and_model_update_dag.py
[2026-03-27T14:00:32.065+0000] {processor.py:914} INFO - Processing file /opt/airflow/dags/db_and_model_update_dag.py for tasks to queue
[2026-03-27T14:00:32.068+0000] {logging_mixin.py:190} INFO - [2026-03-27T14:00:32.068+0000] {dagbag.py:588} INFO - Filling up the DagBag from /opt/airflow/dags/db_and_model_update_dag.py
[2026-03-27T14:00:32.096+0000] {processor.py:925} INFO - DAG(s) 'db_and_model_update' retrieved from /opt/airflow/dags/db_and_model_update_dag.py
[2026-03-27T14:00:32.126+0000] {logging_mixin.py:190} INFO - [2026-03-27T14:00:32.126+0000] {dag.py:3239} INFO - Sync 1 DAGs
[2026-03-27T14:00:32.161+0000] {processor.py:208} INFO - Processing /opt/airflow/dags/db_and_model_update_dag.py took 0.104 seconds
[2026-03-27T14:01:02.872+0000] {processor.py:186} INFO - Started process (PID=5182) to work on /opt/airflow/dags/db_and_model_update_dag.py
[2026-03-27T14:01:02.873+0000] {processor.py:914} INFO - Processing file /opt/airflow/dags/db_and_model_update_dag.py for tasks to queue
[2026-03-27T14:01:02.877+0000] {logging_mixin.py:190} INFO - [2026-03-27T14:01:02.877+0000] {dagbag.py:588} INFO - Filling up the DagBag from /opt/airflow/dags/db_and_model_update_dag.py
[2026-03-27T14:01:02.897+0000] {processor.py:925} INFO - DAG(s) 'db_and_model_update' retrieved from /opt/airflow/dags/db_and_model_update_dag.py
[2026-03-27T14:01:02.924+0000] {logging_mixin.py:190} INFO - [2026-03-27T14:01:02.924+0000] {dag.py:3239} INFO - Sync 1 DAGs
[2026-03-27T14:01:02.945+0000] {logging_mixin.py:190} INFO - [2026-03-27T14:01:02.945+0000] {dag.py:4180} INFO - Setting next_dagrun for db_and_model_update to 2026-03-23 14:00:00+00:00, run_after=2026-03-30 14:00:00+00:00
[2026-03-27T14:01:02.964+0000] {processor.py:208} INFO - Processing /opt/airflow/dags/db_and_model_update_dag.py took 0.099 seconds
[2026-03-27T14:01:33.704+0000] {processor.py:186} INFO - Started process (PID=5192) to work on /opt/airflow/dags/db_and_model_update_dag.py
[2026-03-27T14:01:33.706+0000] {processor.py:914} INFO - Processing file /opt/airflow/dags/db_and_model_update_dag.py for tasks to queue
[2026-03-27T14:01:33.713+0000] {logging_mixin.py:190} INFO - [2026-03-27T14:01:33.712+0000] {dagbag.py:588} INFO - Filling up the DagBag from /opt/airflow/dags/db_and_model_update_dag.py
[2026-03-27T14:01:33.746+0000] {processor.py:925} INFO - DAG(s) 'db_and_model_update' retrieved from /opt/airflow/dags/db_and_model_update_dag.py
[2026-03-27T14:01:33.782+0000] {logging_mixin.py:190} INFO - [2026-03-27T14:01:33.782+0000] {dag.py:3239} INFO - Sync 1 DAGs
[2026-03-27T14:01:33.802+0000] {logging_mixin.py:190} INFO - [2026-03-27T14:01:33.802+0000] {dag.py:4180} INFO - Setting next_dagrun for db_and_model_update to 2026-03-23 14:00:00+00:00, run_after=2026-03-30 14:00:00+00:00
[2026-03-27T14:01:33.830+0000] {processor.py:208} INFO - Processing /opt/airflow/dags/db_and_model_update_dag.py took 0.141 seconds
[2026-03-27T14:02:04.569+0000] {processor.py:186} INFO - Started process (PID=5202) to work on /opt/airflow/dags/db_and_model_update_dag.py
[2026-03-27T14:02:04.570+0000] {processor.py:914} INFO - Processing file /opt/airflow/dags/db_and_model_update_dag.py for tasks to queue
[2026-03-27T14:02:04.573+0000] {logging_mixin.py:190} INFO - [2026-03-27T14:02:04.572+0000] {dagbag.py:588} INFO - Filling up the DagBag from /opt/airflow/dags/db_and_model_update_dag.py
[2026-03-27T14:02:04.591+0000] {processor.py:925} INFO - DAG(s) 'db_and_model_update' retrieved from /opt/airflow/dags/db_and_model_update_dag.py
[2026-03-27T14:02:04.623+0000] {logging_mixin.py:190} INFO - [2026-03-27T14:02:04.622+0000] {dag.py:3239} INFO - Sync 1 DAGs
[2026-03-27T14:02:04.645+0000] {logging_mixin.py:190} INFO - [2026-03-27T14:02:04.645+0000] {dag.py:4180} INFO - Setting next_dagrun for db_and_model_update to 2026-03-23 14:00:00+00:00, run_after=2026-03-30 14:00:00+00:00
[2026-03-27T14:02:04.664+0000] {processor.py:208} INFO - Processing /opt/airflow/dags/db_and_model_update_dag.py took 0.104 seconds
[2026-03-27T14:02:35.442+0000] {processor.py:186} INFO - Started process (PID=5212) to work on /opt/airflow/dags/db_and_model_update_dag.py
[2026-03-27T14:02:35.447+0000] {processor.py:914} INFO - Processing file /opt/airflow/dags/db_and_model_update_dag.py for tasks to queue
[2026-03-27T14:02:35.451+0000] {logging_mixin.py:190} INFO - [2026-03-27T14:02:35.451+0000] {dagbag.py:588} INFO - Filling up the DagBag from /opt/airflow/dags/db_and_model_update_dag.py
[2026-03-27T14:02:35.469+0000] {processor.py:925} INFO - DAG(s) 'db_and_model_update' retrieved from /opt/airflow/dags/db_and_model_update_dag.py
[2026-03-27T14:02:35.497+0000] {logging_mixin.py:190} INFO - [2026-03-27T14:02:35.497+0000] {dag.py:3239} INFO - Sync 1 DAGs
[2026-03-27T14:02:35.517+0000] {logging_mixin.py:190} INFO - [2026-03-27T14:02:35.516+0000] {dag.py:4180} INFO - Setting next_dagrun for db_and_model_update to 2026-03-23 14:00:00+00:00, run_after=2026-03-30 14:00:00+00:00
[2026-03-27T14:02:35.537+0000] {processor.py:208} INFO - Processing /opt/airflow/dags/db_and_model_update_dag.py took 0.103 seconds
[2026-03-27T14:03:06.428+0000] {processor.py:186} INFO - Started process (PID=5222) to work on /opt/airflow/dags/db_and_model_update_dag.py
[2026-03-27T14:03:06.429+0000] {processor.py:914} INFO - Processing file /opt/airflow/dags/db_and_model_update_dag.py for tasks to queue
[2026-03-27T14:03:06.432+0000] {logging_mixin.py:190} INFO - [2026-03-27T14:03:06.431+0000] {dagbag.py:588} INFO - Filling up the DagBag from /opt/airflow/dags/db_and_model_update_dag.py
[2026-03-27T14:03:06.451+0000] {processor.py:925} INFO - DAG(s) 'db_and_model_update' retrieved from /opt/airflow/dags/db_and_model_update_dag.py
[2026-03-27T14:03:06.480+0000] {logging_mixin.py:190} INFO - [2026-03-27T14:03:06.480+0000] {dag.py:3239} INFO - Sync 1 DAGs
[2026-03-27T14:03:06.501+0000] {logging_mixin.py:190} INFO - [2026-03-27T14:03:06.500+0000] {dag.py:4180} INFO - Setting next_dagrun for db_and_model_update to 2026-03-23 14:00:00+00:00, run_after=2026-03-30 14:00:00+00:00
[2026-03-27T14:03:06.524+0000] {processor.py:208} INFO - Processing /opt/airflow/dags/db_and_model_update_dag.py took 0.103 seconds
[2026-03-27T14:03:37.244+0000] {processor.py:186} INFO - Started process (PID=5232) to work on /opt/airflow/dags/db_and_model_update_dag.py
[2026-03-27T14:03:37.245+0000] {processor.py:914} INFO - Processing file /opt/airflow/dags/db_and_model_update_dag.py for tasks to queue
[2026-03-27T14:03:37.247+0000] {logging_mixin.py:190} INFO - [2026-03-27T14:03:37.247+0000] {dagbag.py:588} INFO - Filling up the DagBag from /opt/airflow/dags/db_and_model_update_dag.py
[2026-03-27T14:03:37.267+0000] {processor.py:925} INFO - DAG(s) 'db_and_model_update' retrieved from /opt/airflow/dags/db_and_model_update_dag.py
[2026-03-27T14:03:37.299+0000] {logging_mixin.py:190} INFO - [2026-03-27T14:03:37.299+0000] {dag.py:3239} INFO - Sync 1 DAGs
[2026-03-27T14:03:37.321+0000] {logging_mixin.py:190} INFO - [2026-03-27T14:03:37.321+0000] {dag.py:4180} INFO - Setting next_dagrun for db_and_model_update to 2026-03-23 14:00:00+00:00, run_after=2026-03-30 14:00:00+00:00
[2026-03-27T14:03:37.343+0000] {processor.py:208} INFO - Processing /opt/airflow/dags/db_and_model_update_dag.py took 0.107 seconds
[2026-03-27T14:04:08.380+0000] {processor.py:186} INFO - Started process (PID=5242) to work on /opt/airflow/dags/db_and_model_update_dag.py
[2026-03-27T14:04:08.381+0000] {processor.py:914} INFO - Processing file /opt/airflow/dags/db_and_model_update_dag.py for tasks to queue
[2026-03-27T14:04:08.383+0000] {logging_mixin.py:190} INFO - [2026-03-27T14:04:08.383+0000] {dagbag.py:588} INFO - Filling up the DagBag from /opt/airflow/dags/db_and_model_update_dag.py
[2026-03-27T14:04:08.403+0000] {processor.py:925} INFO - DAG(s) 'db_and_model_update' retrieved from /opt/airflow/dags/db_and_model_update_dag.py
[2026-03-27T14:04:08.429+0000] {logging_mixin.py:190} INFO - [2026-03-27T14:04:08.429+0000] {dag.py:3239} INFO - Sync 1 DAGs
[2026-03-27T14:04:08.449+0000] {logging_mixin.py:190} INFO - [2026-03-27T14:04:08.448+0000] {dag.py:4180} INFO - Setting next_dagrun for db_and_model_update to 2026-03-23 14:00:00+00:00, run_after=2026-03-30 14:00:00+00:00
[2026-03-27T14:04:08.468+0000] {processor.py:208} INFO - Processing /opt/airflow/dags/db_and_model_update_dag.py took 0.094 seconds
[2026-03-27T14:04:39.097+0000] {processor.py:186} INFO - Started process (PID=5252) to work on /opt/airflow/dags/db_and_model_update_dag.py
[2026-03-27T14:04:39.098+0000] {processor.py:914} INFO - Processing file /opt/airflow/dags/db_and_model_update_dag.py for tasks to queue
[2026-03-27T14:04:39.100+0000] {logging_mixin.py:190} INFO - [2026-03-27T14:04:39.100+0000] {dagbag.py:588} INFO - Filling up the DagBag from /opt/airflow/dags/db_and_model_update_dag.py
[2026-03-27T14:04:39.119+0000] {processor.py:925} INFO - DAG(s) 'db_and_model_update' retrieved from /opt/airflow/dags/db_and_model_update_dag.py
[2026-03-27T14:04:39.148+0000] {logging_mixin.py:190} INFO - [2026-03-27T14:04:39.148+0000] {dag.py:3239} INFO - Sync 1 DAGs
[2026-03-27T14:04:39.168+0000] {logging_mixin.py:190} INFO - [2026-03-27T14:04:39.168+0000] {dag.py:4180} INFO - Setting next_dagrun for db_and_model_update to 2026-03-23 14:00:00+00:00, run_after=2026-03-30 14:00:00+00:00
[2026-03-27T14:04:39.190+0000] {processor.py:208} INFO - Processing /opt/airflow/dags/db_and_model_update_dag.py took 0.100 seconds
[2026-03-27T14:05:10.234+0000] {processor.py:186} INFO - Started process (PID=5262) to work on /opt/airflow/dags/db_and_model_update_dag.py
[2026-03-27T14:05:10.235+0000] {processor.py:914} INFO - Processing file /opt/airflow/dags/db_and_model_update_dag.py for tasks to queue
[2026-03-27T14:05:10.238+0000] {logging_mixin.py:190} INFO - [2026-03-27T14:05:10.237+0000] {dagbag.py:588} INFO - Filling up the DagBag from /opt/airflow/dags/db_and_model_update_dag.py
[2026-03-27T14:05:10.257+0000] {processor.py:925} INFO - DAG(s) 'db_and_model_update' retrieved from /opt/airflow/dags/db_and_model_update_dag.py
[2026-03-27T14:05:10.285+0000] {logging_mixin.py:190} INFO - [2026-03-27T14:05:10.285+0000] {dag.py:3239} INFO - Sync 1 DAGs
[2026-03-27T14:05:10.304+0000] {logging_mixin.py:190} INFO - [2026-03-27T14:05:10.304+0000] {dag.py:4180} INFO - Setting next_dagrun for db_and_model_update to 2026-03-23 14:00:00+00:00, run_after=2026-03-30 14:00:00+00:00
[2026-03-27T14:05:10.323+0000] {processor.py:208} INFO - Processing /opt/airflow/dags/db_and_model_update_dag.py took 0.097 seconds
[2026-03-27T14:05:40.453+0000] {processor.py:186} INFO - Started process (PID=5272) to work on /opt/airflow/dags/db_and_model_update_dag.py
[2026-03-27T14:05:40.454+0000] {processor.py:914} INFO - Processing file /opt/airflow/dags/db_and_model_update_dag.py for tasks to queue
[2026-03-27T14:05:40.456+0000] {logging_mixin.py:190} INFO - [2026-03-27T14:05:40.456+0000] {dagbag.py:588} INFO - Filling up the DagBag from /opt/airflow/dags/db_and_model_update_dag.py
[2026-03-27T14:05:40.475+0000] {processor.py:925} INFO - DAG(s) 'db_and_model_update' retrieved from /opt/airflow/dags/db_and_model_update_dag.py
[2026-03-27T14:05:40.507+0000] {logging_mixin.py:190} INFO - [2026-03-27T14:05:40.507+0000] {dag.py:3239} INFO - Sync 1 DAGs
[2026-03-27T14:05:40.531+0000] {logging_mixin.py:190} INFO - [2026-03-27T14:05:40.531+0000] {dag.py:4180} INFO - Setting next_dagrun for db_and_model_update to 2026-03-23 14:00:00+00:00, run_after=2026-03-30 14:00:00+00:00
[2026-03-27T14:05:40.551+0000] {processor.py:208} INFO - Processing /opt/airflow/dags/db_and_model_update_dag.py took 0.105 seconds
[2026-03-27T14:06:10.669+0000] {processor.py:186} INFO - Started process (PID=5282) to work on /opt/airflow/dags/db_and_model_update_dag.py
[2026-03-27T14:06:10.670+0000] {processor.py:914} INFO - Processing file /opt/airflow/dags/db_and_model_update_dag.py for tasks to queue
[2026-03-27T14:06:10.672+0000] {logging_mixin.py:190} INFO - [2026-03-27T14:06:10.672+0000] {dagbag.py:588} INFO - Filling up the DagBag from /opt/airflow/dags/db_and_model_update_dag.py
[2026-03-27T14:06:10.690+0000] {processor.py:925} INFO - DAG(s) 'db_and_model_update' retrieved from /opt/airflow/dags/db_and_model_update_dag.py
[2026-03-27T14:06:10.717+0000] {logging_mixin.py:190} INFO - [2026-03-27T14:06:10.717+0000] {dag.py:3239} INFO - Sync 1 DAGs
[2026-03-27T14:06:10.737+0000] {logging_mixin.py:190} INFO - [2026-03-27T14:06:10.737+0000] {dag.py:4180} INFO - Setting next_dagrun for db_and_model_update to 2026-03-23 14:00:00+00:00, run_after=2026-03-30 14:00:00+00:00
[2026-03-27T14:06:10.756+0000] {processor.py:208} INFO - Processing /opt/airflow/dags/db_and_model_update_dag.py took 0.094 seconds
[2026-03-27T14:06:40.874+0000] {processor.py:186} INFO - Started process (PID=5292) to work on /opt/airflow/dags/db_and_model_update_dag.py
[2026-03-27T14:06:40.875+0000] {processor.py:914} INFO - Processing file /opt/airflow/dags/db_and_model_update_dag.py for tasks to queue
[2026-03-27T14:06:40.877+0000] {logging_mixin.py:190} INFO - [2026-03-27T14:06:40.877+0000] {dagbag.py:588} INFO - Filling up the DagBag from /opt/airflow/dags/db_and_model_update_dag.py
[2026-03-27T14:06:40.899+0000] {processor.py:925} INFO - DAG(s) 'db_and_model_update' retrieved from /opt/airflow/dags/db_and_model_update_dag.py
[2026-03-27T14:06:40.927+0000] {logging_mixin.py:190} INFO - [2026-03-27T14:06:40.927+0000] {dag.py:3239} INFO - Sync 1 DAGs
[2026-03-27T14:06:40.947+0000] {logging_mixin.py:190} INFO - [2026-03-27T14:06:40.947+0000] {dag.py:4180} INFO - Setting next_dagrun for db_and_model_update to 2026-03-23 14:00:00+00:00, run_after=2026-03-30 14:00:00+00:00
[2026-03-27T14:06:40.967+0000] {processor.py:208} INFO - Processing /opt/airflow/dags/db_and_model_update_dag.py took 0.100 seconds
[2026-03-27T14:07:11.764+0000] {processor.py:186} INFO - Started process (PID=5302) to work on /opt/airflow/dags/db_and_model_update_dag.py
[2026-03-27T14:07:11.765+0000] {processor.py:914} INFO - Processing file /opt/airflow/dags/db_and_model_update_dag.py for tasks to queue
[2026-03-27T14:07:11.768+0000] {logging_mixin.py:190} INFO - [2026-03-27T14:07:11.768+0000] {dagbag.py:588} INFO - Filling up the DagBag from /opt/airflow/dags/db_and_model_update_dag.py
[2026-03-27T14:07:11.794+0000] {processor.py:925} INFO - DAG(s) 'db_and_model_update' retrieved from /opt/airflow/dags/db_and_model_update_dag.py
[2026-03-27T14:07:11.833+0000] {logging_mixin.py:190} INFO - [2026-03-27T14:07:11.832+0000] {dag.py:3239} INFO - Sync 1 DAGs
[2026-03-27T14:07:11.869+0000] {logging_mixin.py:190} INFO - [2026-03-27T14:07:11.868+0000] {dag.py:4180} INFO - Setting next_dagrun for db_and_model_update to 2026-03-23 14:00:00+00:00, run_after=2026-03-30 14:00:00+00:00
[2026-03-27T14:07:11.891+0000] {processor.py:208} INFO - Processing /opt/airflow/dags/db_and_model_update_dag.py took 0.137 seconds
[2026-03-27T14:07:42.008+0000] {processor.py:186} INFO - Started process (PID=5312) to work on /opt/airflow/dags/db_and_model_update_dag.py
[2026-03-27T14:07:42.009+0000] {processor.py:914} INFO - Processing file /opt/airflow/dags/db_and_model_update_dag.py for tasks to queue
[2026-03-27T14:07:42.011+0000] {logging_mixin.py:190} INFO - [2026-03-27T14:07:42.011+0000] {dagbag.py:588} INFO - Filling up the DagBag from /opt/airflow/dags/db_and_model_update_dag.py
[2026-03-27T14:07:42.030+0000] {processor.py:925} INFO - DAG(s) 'db_and_model_update' retrieved from /opt/airflow/dags/db_and_model_update_dag.py
[2026-03-27T14:07:42.058+0000] {logging_mixin.py:190} INFO - [2026-03-27T14:07:42.057+0000] {dag.py:3239} INFO - Sync 1 DAGs
[2026-03-27T14:07:42.079+0000] {logging_mixin.py:190} INFO - [2026-03-27T14:07:42.078+0000] {dag.py:4180} INFO - Setting next_dagrun for db_and_model_update to 2026-03-23 14:00:00+00:00, run_after=2026-03-30 14:00:00+00:00
[2026-03-27T14:07:42.101+0000] {processor.py:208} INFO - Processing /opt/airflow/dags/db_and_model_update_dag.py took 0.100 seconds
[2026-03-27T14:08:12.198+0000] {processor.py:186} INFO - Started process (PID=5322) to work on /opt/airflow/dags/db_and_model_update_dag.py
[2026-03-27T14:08:12.199+0000] {processor.py:914} INFO - Processing file /opt/airflow/dags/db_and_model_update_dag.py for tasks to queue
[2026-03-27T14:08:12.201+0000] {logging_mixin.py:190} INFO - [2026-03-27T14:08:12.201+0000] {dagbag.py:588} INFO - Filling up the DagBag from /opt/airflow/dags/db_and_model_update_dag.py
[2026-03-27T14:08:12.221+0000] {processor.py:925} INFO - DAG(s) 'db_and_model_update' retrieved from /opt/airflow/dags/db_and_model_update_dag.py
[2026-03-27T14:08:12.251+0000] {logging_mixin.py:190} INFO - [2026-03-27T14:08:12.251+0000] {dag.py:3239} INFO - Sync 1 DAGs
[2026-03-27T14:08:12.272+0000] {logging_mixin.py:190} INFO - [2026-03-27T14:08:12.272+0000] {dag.py:4180} INFO - Setting next_dagrun for db_and_model_update to 2026-03-23 14:00:00+00:00, run_after=2026-03-30 14:00:00+00:00
[2026-03-27T14:08:12.296+0000] {processor.py:208} INFO - Processing /opt/airflow/dags/db_and_model_update_dag.py took 0.105 seconds
[2026-03-27T14:08:42.371+0000] {processor.py:186} INFO - Started process (PID=5332) to work on /opt/airflow/dags/db_and_model_update_dag.py
[2026-03-27T14:08:42.372+0000] {processor.py:914} INFO - Processing file /opt/airflow/dags/db_and_model_update_dag.py for tasks to queue
[2026-03-27T14:08:42.374+0000] {logging_mixin.py:190} INFO - [2026-03-27T14:08:42.374+0000] {dagbag.py:588} INFO - Filling up the DagBag from /opt/airflow/dags/db_and_model_update_dag.py
[2026-03-27T14:08:42.392+0000] {processor.py:925} INFO - DAG(s) 'db_and_model_update' retrieved from /opt/airflow/dags/db_and_model_update_dag.py
[2026-03-27T14:08:42.419+0000] {logging_mixin.py:190} INFO - [2026-03-27T14:08:42.419+0000] {dag.py:3239} INFO - Sync 1 DAGs
[2026-03-27T14:08:42.444+0000] {logging_mixin.py:190} INFO - [2026-03-27T14:08:42.444+0000] {dag.py:4180} INFO - Setting next_dagrun for db_and_model_update to 2026-03-23 14:00:00+00:00, run_after=2026-03-30 14:00:00+00:00
[2026-03-27T14:08:42.469+0000] {processor.py:208} INFO - Processing /opt/airflow/dags/db_and_model_update_dag.py took 0.104 seconds
[2026-03-27T14:09:12.603+0000] {processor.py:186} INFO - Started process (PID=5342) to work on /opt/airflow/dags/db_and_model_update_dag.py
[2026-03-27T14:09:12.604+0000] {processor.py:914} INFO - Processing file /opt/airflow/dags/db_and_model_update_dag.py for tasks to queue
[2026-03-27T14:09:12.606+0000] {logging_mixin.py:190} INFO - [2026-03-27T14:09:12.606+0000] {dagbag.py:588} INFO - Filling up the DagBag from /opt/airflow/dags/db_and_model_update_dag.py
[2026-03-27T14:09:12.624+0000] {processor.py:925} INFO - DAG(s) 'db_and_model_update' retrieved from /opt/airflow/dags/db_and_model_update_dag.py
[2026-03-27T14:09:12.652+0000] {logging_mixin.py:190} INFO - [2026-03-27T14:09:12.652+0000] {dag.py:3239} INFO - Sync 1 DAGs
[2026-03-27T14:09:12.671+0000] {logging_mixin.py:190} INFO - [2026-03-27T14:09:12.671+0000] {dag.py:4180} INFO - Setting next_dagrun for db_and_model_update to 2026-03-23 14:00:00+00:00, run_after=2026-03-30 14:00:00+00:00
[2026-03-27T14:09:12.695+0000] {processor.py:208} INFO - Processing /opt/airflow/dags/db_and_model_update_dag.py took 0.099 seconds
[2026-03-27T14:09:42.805+0000] {processor.py:186} INFO - Started process (PID=5352) to work on /opt/airflow/dags/db_and_model_update_dag.py
[2026-03-27T14:09:42.806+0000] {processor.py:914} INFO - Processing file /opt/airflow/dags/db_and_model_update_dag.py for tasks to queue
[2026-03-27T14:09:42.809+0000] {logging_mixin.py:190} INFO - [2026-03-27T14:09:42.808+0000] {dagbag.py:588} INFO - Filling up the DagBag from /opt/airflow/dags/db_and_model_update_dag.py
[2026-03-27T14:09:42.827+0000] {processor.py:925} INFO - DAG(s) 'db_and_model_update' retrieved from /opt/airflow/dags/db_and_model_update_dag.py
[2026-03-27T14:09:42.856+0000] {logging_mixin.py:190} INFO - [2026-03-27T14:09:42.855+0000] {dag.py:3239} INFO - Sync 1 DAGs
[2026-03-27T14:09:42.875+0000] {logging_mixin.py:190} INFO - [2026-03-27T14:09:42.875+0000] {dag.py:4180} INFO - Setting next_dagrun for db_and_model_update to 2026-03-23 14:00:00+00:00, run_after=2026-03-30 14:00:00+00:00
[2026-03-27T14:09:42.900+0000] {processor.py:208} INFO - Processing /opt/airflow/dags/db_and_model_update_dag.py took 0.101 seconds
[2026-03-27T14:10:13.032+0000] {processor.py:186} INFO - Started process (PID=5362) to work on /opt/airflow/dags/db_and_model_update_dag.py
[2026-03-27T14:10:13.033+0000] {processor.py:914} INFO - Processing file /opt/airflow/dags/db_and_model_update_dag.py for tasks to queue
[2026-03-27T14:10:13.036+0000] {logging_mixin.py:190} INFO - [2026-03-27T14:10:13.035+0000] {dagbag.py:588} INFO - Filling up the DagBag from /opt/airflow/dags/db_and_model_update_dag.py
[2026-03-27T14:10:13.056+0000] {processor.py:925} INFO - DAG(s) 'db_and_model_update' retrieved from /opt/airflow/dags/db_and_model_update_dag.py
[2026-03-27T14:10:13.084+0000] {logging_mixin.py:190} INFO - [2026-03-27T14:10:13.084+0000] {dag.py:3239} INFO - Sync 1 DAGs
[2026-03-27T14:10:13.104+0000] {logging_mixin.py:190} INFO - [2026-03-27T14:10:13.104+0000] {dag.py:4180} INFO - Setting next_dagrun for db_and_model_update to 2026-03-23 14:00:00+00:00, run_after=2026-03-30 14:00:00+00:00
[2026-03-27T14:10:13.122+0000] {processor.py:208} INFO - Processing /opt/airflow/dags/db_and_model_update_dag.py took 0.096 seconds
[2026-03-27T14:10:43.246+0000] {processor.py:186} INFO - Started process (PID=5372) to work on /opt/airflow/dags/db_and_model_update_dag.py
[2026-03-27T14:10:43.247+0000] {processor.py:914} INFO - Processing file /opt/airflow/dags/db_and_model_update_dag.py for tasks to queue
[2026-03-27T14:10:43.251+0000] {logging_mixin.py:190} INFO - [2026-03-27T14:10:43.251+0000] {dagbag.py:588} INFO - Filling up the DagBag from /opt/airflow/dags/db_and_model_update_dag.py
[2026-03-27T14:10:43.270+0000] {processor.py:925} INFO - DAG(s) 'db_and_model_update' retrieved from /opt/airflow/dags/db_and_model_update_dag.py
[2026-03-27T14:10:43.302+0000] {logging_mixin.py:190} INFO - [2026-03-27T14:10:43.302+0000] {dag.py:3239} INFO - Sync 1 DAGs
[2026-03-27T14:10:43.321+0000] {logging_mixin.py:190} INFO - [2026-03-27T14:10:43.321+0000] {dag.py:4180} INFO - Setting next_dagrun for db_and_model_update to 2026-03-23 14:00:00+00:00, run_after=2026-03-30 14:00:00+00:00
[2026-03-27T14:10:43.342+0000] {processor.py:208} INFO - Processing /opt/airflow/dags/db_and_model_update_dag.py took 0.103 seconds
[2026-03-27T14:11:13.515+0000] {processor.py:186} INFO - Started process (PID=5382) to work on /opt/airflow/dags/db_and_model_update_dag.py
[2026-03-27T14:11:13.516+0000] {processor.py:914} INFO - Processing file /opt/airflow/dags/db_and_model_update_dag.py for tasks to queue
[2026-03-27T14:11:13.519+0000] {logging_mixin.py:190} INFO - [2026-03-27T14:11:13.519+0000] {dagbag.py:588} INFO - Filling up the DagBag from /opt/airflow/dags/db_and_model_update_dag.py
[2026-03-27T14:11:13.538+0000] {processor.py:925} INFO - DAG(s) 'db_and_model_update' retrieved from /opt/airflow/dags/db_and_model_update_dag.py
[2026-03-27T14:11:13.568+0000] {logging_mixin.py:190} INFO - [2026-03-27T14:11:13.567+0000] {dag.py:3239} INFO - Sync 1 DAGs
[2026-03-27T14:11:13.587+0000] {logging_mixin.py:190} INFO - [2026-03-27T14:11:13.587+0000] {dag.py:4180} INFO - Setting next_dagrun for db_and_model_update to 2026-03-23 14:00:00+00:00, run_after=2026-03-30 14:00:00+00:00
[2026-03-27T14:11:13.604+0000] {processor.py:208} INFO - Processing /opt/airflow/dags/db_and_model_update_dag.py took 0.096 seconds
[2026-03-27T14:11:43.720+0000] {processor.py:186} INFO - Started process (PID=5392) to work on /opt/airflow/dags/db_and_model_update_dag.py
[2026-03-27T14:11:43.721+0000] {processor.py:914} INFO - Processing file /opt/airflow/dags/db_and_model_update_dag.py for tasks to queue
[2026-03-27T14:11:43.723+0000] {logging_mixin.py:190} INFO - [2026-03-27T14:11:43.722+0000] {dagbag.py:588} INFO - Filling up the DagBag from /opt/airflow/dags/db_and_model_update_dag.py
[2026-03-27T14:11:43.740+0000] {processor.py:925} INFO - DAG(s) 'db_and_model_update' retrieved from /opt/airflow/dags/db_and_model_update_dag.py
[2026-03-27T14:11:43.766+0000] {logging_mixin.py:190} INFO - [2026-03-27T14:11:43.766+0000] {dag.py:3239} INFO - Sync 1 DAGs
[2026-03-27T14:11:43.790+0000] {logging_mixin.py:190} INFO - [2026-03-27T14:11:43.790+0000] {dag.py:4180} INFO - Setting next_dagrun for db_and_model_update to 2026-03-23 14:00:00+00:00, run_after=2026-03-30 14:00:00+00:00
[2026-03-27T14:11:43.806+0000] {processor.py:208} INFO - Processing /opt/airflow/dags/db_and_model_update_dag.py took 0.092 seconds
[2026-03-27T14:12:14.050+0000] {processor.py:186} INFO - Started process (PID=5402) to work on /opt/airflow/dags/db_and_model_update_dag.py
[2026-03-27T14:12:14.051+0000] {processor.py:914} INFO - Processing file /opt/airflow/dags/db_and_model_update_dag.py for tasks to queue
[2026-03-27T14:12:14.053+0000] {logging_mixin.py:190} INFO - [2026-03-27T14:12:14.053+0000] {dagbag.py:588} INFO - Filling up the DagBag from /opt/airflow/dags/db_and_model_update_dag.py
[2026-03-27T14:12:14.071+0000] {processor.py:925} INFO - DAG(s) 'db_and_model_update' retrieved from /opt/airflow/dags/db_and_model_update_dag.py
[2026-03-27T14:12:14.096+0000] {logging_mixin.py:190} INFO - [2026-03-27T14:12:14.096+0000] {dag.py:3239} INFO - Sync 1 DAGs
[2026-03-27T14:12:14.115+0000] {logging_mixin.py:190} INFO - [2026-03-27T14:12:14.115+0000] {dag.py:4180} INFO - Setting next_dagrun for db_and_model_update to 2026-03-23 14:00:00+00:00, run_after=2026-03-30 14:00:00+00:00
[2026-03-27T14:12:14.133+0000] {processor.py:208} INFO - Processing /opt/airflow/dags/db_and_model_update_dag.py took 0.088 seconds
[2026-03-27T14:12:44.292+0000] {processor.py:186} INFO - Started process (PID=5412) to work on /opt/airflow/dags/db_and_model_update_dag.py
[2026-03-27T14:12:44.293+0000] {processor.py:914} INFO - Processing file /opt/airflow/dags/db_and_model_update_dag.py for tasks to queue
[2026-03-27T14:12:44.295+0000] {logging_mixin.py:190} INFO - [2026-03-27T14:12:44.295+0000] {dagbag.py:588} INFO - Filling up the DagBag from /opt/airflow/dags/db_and_model_update_dag.py
[2026-03-27T14:12:44.315+0000] {processor.py:925} INFO - DAG(s) 'db_and_model_update' retrieved from /opt/airflow/dags/db_and_model_update_dag.py
[2026-03-27T14:12:44.339+0000] {logging_mixin.py:190} INFO - [2026-03-27T14:12:44.339+0000] {dag.py:3239} INFO - Sync 1 DAGs
[2026-03-27T14:12:44.360+0000] {logging_mixin.py:190} INFO - [2026-03-27T14:12:44.360+0000] {dag.py:4180} INFO - Setting next_dagrun for db_and_model_update to 2026-03-23 14:00:00+00:00, run_after=2026-03-30 14:00:00+00:00
[2026-03-27T14:12:44.380+0000] {processor.py:208} INFO - Processing /opt/airflow/dags/db_and_model_update_dag.py took 0.094 seconds
[2026-03-27T14:13:14.625+0000] {processor.py:186} INFO - Started process (PID=5422) to work on /opt/airflow/dags/db_and_model_update_dag.py
[2026-03-27T14:13:14.626+0000] {processor.py:914} INFO - Processing file /opt/airflow/dags/db_and_model_update_dag.py for tasks to queue
[2026-03-27T14:13:14.629+0000] {logging_mixin.py:190} INFO - [2026-03-27T14:13:14.629+0000] {dagbag.py:588} INFO - Filling up the DagBag from /opt/airflow/dags/db_and_model_update_dag.py
[2026-03-27T14:13:14.645+0000] {processor.py:925} INFO - DAG(s) 'db_and_model_update' retrieved from /opt/airflow/dags/db_and_model_update_dag.py
[2026-03-27T14:13:14.673+0000] {logging_mixin.py:190} INFO - [2026-03-27T14:13:14.672+0000] {dag.py:3239} INFO - Sync 1 DAGs
[2026-03-27T14:13:14.691+0000] {logging_mixin.py:190} INFO - [2026-03-27T14:13:14.690+0000] {dag.py:4180} INFO - Setting next_dagrun for db_and_model_update to 2026-03-23 14:00:00+00:00, run_after=2026-03-30 14:00:00+00:00
[2026-03-27T14:13:14.709+0000] {processor.py:208} INFO - Processing /opt/airflow/dags/db_and_model_update_dag.py took 0.090 seconds
[2026-03-27T14:13:44.866+0000] {processor.py:186} INFO - Started process (PID=5432) to work on /opt/airflow/dags/db_and_model_update_dag.py
[2026-03-27T14:13:44.867+0000] {processor.py:914} INFO - Processing file /opt/airflow/dags/db_and_model_update_dag.py for tasks to queue
[2026-03-27T14:13:44.869+0000] {logging_mixin.py:190} INFO - [2026-03-27T14:13:44.869+0000] {dagbag.py:588} INFO - Filling up the DagBag from /opt/airflow/dags/db_and_model_update_dag.py
[2026-03-27T14:13:44.885+0000] {processor.py:925} INFO - DAG(s) 'db_and_model_update' retrieved from /opt/airflow/dags/db_and_model_update_dag.py
[2026-03-27T14:13:44.913+0000] {logging_mixin.py:190} INFO - [2026-03-27T14:13:44.912+0000] {dag.py:3239} INFO - Sync 1 DAGs
[2026-03-27T14:13:44.930+0000] {logging_mixin.py:190} INFO - [2026-03-27T14:13:44.929+0000] {dag.py:4180} INFO - Setting next_dagrun for db_and_model_update to 2026-03-23 14:00:00+00:00, run_after=2026-03-30 14:00:00+00:00
[2026-03-27T14:13:44.949+0000] {processor.py:208} INFO - Processing /opt/airflow/dags/db_and_model_update_dag.py took 0.089 seconds
[2026-03-27T14:14:15.168+0000] {processor.py:186} INFO - Started process (PID=5442) to work on /opt/airflow/dags/db_and_model_update_dag.py
[2026-03-27T14:14:15.169+0000] {processor.py:914} INFO - Processing file /opt/airflow/dags/db_and_model_update_dag.py for tasks to queue
[2026-03-27T14:14:15.172+0000] {logging_mixin.py:190} INFO - [2026-03-27T14:14:15.171+0000] {dagbag.py:588} INFO - Filling up the DagBag from /opt/airflow/dags/db_and_model_update_dag.py
[2026-03-27T14:14:15.188+0000] {processor.py:925} INFO - DAG(s) 'db_and_model_update' retrieved from /opt/airflow/dags/db_and_model_update_dag.py
[2026-03-27T14:14:15.214+0000] {logging_mixin.py:190} INFO - [2026-03-27T14:14:15.214+0000] {dag.py:3239} INFO - Sync 1 DAGs
[2026-03-27T14:14:15.231+0000] {logging_mixin.py:190} INFO - [2026-03-27T14:14:15.231+0000] {dag.py:4180} INFO - Setting next_dagrun for db_and_model_update to 2026-03-23 14:00:00+00:00, run_after=2026-03-30 14:00:00+00:00
[2026-03-27T14:14:15.248+0000] {processor.py:208} INFO - Processing /opt/airflow/dags/db_and_model_update_dag.py took 0.086 seconds
