[2026-03-27T09:42:30.954+0000] {processor.py:186} INFO - Started process (PID=60) to work on /opt/airflow/dags/ingestion_postgres_dag.py
[2026-03-27T09:42:30.962+0000] {processor.py:914} INFO - Processing file /opt/airflow/dags/ingestion_postgres_dag.py for tasks to queue
[2026-03-27T09:42:30.990+0000] {logging_mixin.py:190} INFO - [2026-03-27T09:42:30.989+0000] {dagbag.py:588} INFO - Filling up the DagBag from /opt/airflow/dags/ingestion_postgres_dag.py
[2026-03-27T09:42:31.121+0000] {processor.py:925} INFO - DAG(s) 'ingestion_postgres_tmdb' retrieved from /opt/airflow/dags/ingestion_postgres_dag.py
[2026-03-27T09:42:31.284+0000] {logging_mixin.py:190} INFO - [2026-03-27T09:42:31.283+0000] {dag.py:3239} INFO - Sync 1 DAGs
[2026-03-27T09:42:31.395+0000] {logging_mixin.py:190} INFO - [2026-03-27T09:42:31.395+0000] {dag.py:4180} INFO - Setting next_dagrun for ingestion_postgres_tmdb to 2026-03-02 10:00:00+00:00, run_after=2026-04-06 10:00:00+00:00
[2026-03-27T09:42:31.516+0000] {processor.py:208} INFO - Processing /opt/airflow/dags/ingestion_postgres_dag.py took 0.624 seconds
[2026-03-27T09:43:02.002+0000] {processor.py:186} INFO - Started process (PID=77) to work on /opt/airflow/dags/ingestion_postgres_dag.py
[2026-03-27T09:43:02.005+0000] {processor.py:914} INFO - Processing file /opt/airflow/dags/ingestion_postgres_dag.py for tasks to queue
[2026-03-27T09:43:02.009+0000] {logging_mixin.py:190} INFO - [2026-03-27T09:43:02.008+0000] {dagbag.py:588} INFO - Filling up the DagBag from /opt/airflow/dags/ingestion_postgres_dag.py
[2026-03-27T09:43:02.045+0000] {processor.py:925} INFO - DAG(s) 'ingestion_postgres_tmdb' retrieved from /opt/airflow/dags/ingestion_postgres_dag.py
[2026-03-27T09:43:02.117+0000] {logging_mixin.py:190} INFO - [2026-03-27T09:43:02.116+0000] {dag.py:3239} INFO - Sync 1 DAGs
[2026-03-27T09:43:02.146+0000] {logging_mixin.py:190} INFO - [2026-03-27T09:43:02.146+0000] {dag.py:4180} INFO - Setting next_dagrun for ingestion_postgres_tmdb to 2026-03-02 10:00:00+00:00, run_after=2026-04-06 10:00:00+00:00
[2026-03-27T09:43:02.178+0000] {processor.py:208} INFO - Processing /opt/airflow/dags/ingestion_postgres_dag.py took 0.184 seconds
[2026-03-27T09:43:32.464+0000] {processor.py:186} INFO - Started process (PID=87) to work on /opt/airflow/dags/ingestion_postgres_dag.py
[2026-03-27T09:43:32.465+0000] {processor.py:914} INFO - Processing file /opt/airflow/dags/ingestion_postgres_dag.py for tasks to queue
[2026-03-27T09:43:32.468+0000] {logging_mixin.py:190} INFO - [2026-03-27T09:43:32.467+0000] {dagbag.py:588} INFO - Filling up the DagBag from /opt/airflow/dags/ingestion_postgres_dag.py
[2026-03-27T09:43:32.489+0000] {processor.py:925} INFO - DAG(s) 'ingestion_postgres_tmdb' retrieved from /opt/airflow/dags/ingestion_postgres_dag.py
[2026-03-27T09:43:32.521+0000] {logging_mixin.py:190} INFO - [2026-03-27T09:43:32.521+0000] {dag.py:3239} INFO - Sync 1 DAGs
[2026-03-27T09:43:32.547+0000] {logging_mixin.py:190} INFO - [2026-03-27T09:43:32.547+0000] {dag.py:4180} INFO - Setting next_dagrun for ingestion_postgres_tmdb to 2026-03-02 10:00:00+00:00, run_after=2026-04-06 10:00:00+00:00
[2026-03-27T09:43:32.569+0000] {processor.py:208} INFO - Processing /opt/airflow/dags/ingestion_postgres_dag.py took 0.112 seconds
[2026-03-27T09:44:02.694+0000] {processor.py:186} INFO - Started process (PID=97) to work on /opt/airflow/dags/ingestion_postgres_dag.py
[2026-03-27T09:44:02.695+0000] {processor.py:914} INFO - Processing file /opt/airflow/dags/ingestion_postgres_dag.py for tasks to queue
[2026-03-27T09:44:02.698+0000] {logging_mixin.py:190} INFO - [2026-03-27T09:44:02.698+0000] {dagbag.py:588} INFO - Filling up the DagBag from /opt/airflow/dags/ingestion_postgres_dag.py
[2026-03-27T09:44:02.738+0000] {processor.py:925} INFO - DAG(s) 'ingestion_postgres_tmdb' retrieved from /opt/airflow/dags/ingestion_postgres_dag.py
[2026-03-27T09:44:02.782+0000] {logging_mixin.py:190} INFO - [2026-03-27T09:44:02.782+0000] {dag.py:3239} INFO - Sync 1 DAGs
[2026-03-27T09:44:02.810+0000] {logging_mixin.py:190} INFO - [2026-03-27T09:44:02.810+0000] {dag.py:4180} INFO - Setting next_dagrun for ingestion_postgres_tmdb to 2026-03-02 10:00:00+00:00, run_after=2026-04-06 10:00:00+00:00
[2026-03-27T09:44:02.832+0000] {processor.py:208} INFO - Processing /opt/airflow/dags/ingestion_postgres_dag.py took 0.148 seconds
[2026-03-27T09:44:33.064+0000] {processor.py:186} INFO - Started process (PID=107) to work on /opt/airflow/dags/ingestion_postgres_dag.py
[2026-03-27T09:44:33.065+0000] {processor.py:914} INFO - Processing file /opt/airflow/dags/ingestion_postgres_dag.py for tasks to queue
[2026-03-27T09:44:33.068+0000] {logging_mixin.py:190} INFO - [2026-03-27T09:44:33.068+0000] {dagbag.py:588} INFO - Filling up the DagBag from /opt/airflow/dags/ingestion_postgres_dag.py
[2026-03-27T09:44:33.113+0000] {processor.py:925} INFO - DAG(s) 'ingestion_postgres_tmdb' retrieved from /opt/airflow/dags/ingestion_postgres_dag.py
[2026-03-27T09:44:33.144+0000] {logging_mixin.py:190} INFO - [2026-03-27T09:44:33.143+0000] {dag.py:3239} INFO - Sync 1 DAGs
[2026-03-27T09:44:33.166+0000] {logging_mixin.py:190} INFO - [2026-03-27T09:44:33.165+0000] {dag.py:4180} INFO - Setting next_dagrun for ingestion_postgres_tmdb to 2026-03-02 10:00:00+00:00, run_after=2026-04-06 10:00:00+00:00
[2026-03-27T09:44:33.184+0000] {processor.py:208} INFO - Processing /opt/airflow/dags/ingestion_postgres_dag.py took 0.127 seconds
[2026-03-27T09:45:03.266+0000] {processor.py:186} INFO - Started process (PID=117) to work on /opt/airflow/dags/ingestion_postgres_dag.py
[2026-03-27T09:45:03.267+0000] {processor.py:914} INFO - Processing file /opt/airflow/dags/ingestion_postgres_dag.py for tasks to queue
[2026-03-27T09:45:03.269+0000] {logging_mixin.py:190} INFO - [2026-03-27T09:45:03.269+0000] {dagbag.py:588} INFO - Filling up the DagBag from /opt/airflow/dags/ingestion_postgres_dag.py
[2026-03-27T09:45:03.289+0000] {processor.py:925} INFO - DAG(s) 'ingestion_postgres_tmdb' retrieved from /opt/airflow/dags/ingestion_postgres_dag.py
[2026-03-27T09:45:03.318+0000] {logging_mixin.py:190} INFO - [2026-03-27T09:45:03.318+0000] {dag.py:3239} INFO - Sync 1 DAGs
[2026-03-27T09:45:03.340+0000] {logging_mixin.py:190} INFO - [2026-03-27T09:45:03.340+0000] {dag.py:4180} INFO - Setting next_dagrun for ingestion_postgres_tmdb to 2026-03-02 10:00:00+00:00, run_after=2026-04-06 10:00:00+00:00
[2026-03-27T09:45:03.359+0000] {processor.py:208} INFO - Processing /opt/airflow/dags/ingestion_postgres_dag.py took 0.099 seconds
[2026-03-27T09:45:33.594+0000] {processor.py:186} INFO - Started process (PID=127) to work on /opt/airflow/dags/ingestion_postgres_dag.py
[2026-03-27T09:45:33.595+0000] {processor.py:914} INFO - Processing file /opt/airflow/dags/ingestion_postgres_dag.py for tasks to queue
[2026-03-27T09:45:33.598+0000] {logging_mixin.py:190} INFO - [2026-03-27T09:45:33.598+0000] {dagbag.py:588} INFO - Filling up the DagBag from /opt/airflow/dags/ingestion_postgres_dag.py
[2026-03-27T09:45:33.614+0000] {processor.py:925} INFO - DAG(s) 'ingestion_postgres_tmdb' retrieved from /opt/airflow/dags/ingestion_postgres_dag.py
[2026-03-27T09:45:33.642+0000] {logging_mixin.py:190} INFO - [2026-03-27T09:45:33.642+0000] {dag.py:3239} INFO - Sync 1 DAGs
[2026-03-27T09:45:33.664+0000] {logging_mixin.py:190} INFO - [2026-03-27T09:45:33.663+0000] {dag.py:4180} INFO - Setting next_dagrun for ingestion_postgres_tmdb to 2026-03-02 10:00:00+00:00, run_after=2026-04-06 10:00:00+00:00
[2026-03-27T09:45:33.680+0000] {processor.py:208} INFO - Processing /opt/airflow/dags/ingestion_postgres_dag.py took 0.091 seconds
[2026-03-27T09:46:03.806+0000] {processor.py:186} INFO - Started process (PID=137) to work on /opt/airflow/dags/ingestion_postgres_dag.py
[2026-03-27T09:46:03.807+0000] {processor.py:914} INFO - Processing file /opt/airflow/dags/ingestion_postgres_dag.py for tasks to queue
[2026-03-27T09:46:03.811+0000] {logging_mixin.py:190} INFO - [2026-03-27T09:46:03.810+0000] {dagbag.py:588} INFO - Filling up the DagBag from /opt/airflow/dags/ingestion_postgres_dag.py
[2026-03-27T09:46:03.835+0000] {processor.py:925} INFO - DAG(s) 'ingestion_postgres_tmdb' retrieved from /opt/airflow/dags/ingestion_postgres_dag.py
[2026-03-27T09:46:03.865+0000] {logging_mixin.py:190} INFO - [2026-03-27T09:46:03.865+0000] {dag.py:3239} INFO - Sync 1 DAGs
[2026-03-27T09:46:03.887+0000] {logging_mixin.py:190} INFO - [2026-03-27T09:46:03.887+0000] {dag.py:4180} INFO - Setting next_dagrun for ingestion_postgres_tmdb to 2026-03-02 10:00:00+00:00, run_after=2026-04-06 10:00:00+00:00
[2026-03-27T09:46:03.906+0000] {processor.py:208} INFO - Processing /opt/airflow/dags/ingestion_postgres_dag.py took 0.112 seconds
[2026-03-27T09:46:34.114+0000] {processor.py:186} INFO - Started process (PID=147) to work on /opt/airflow/dags/ingestion_postgres_dag.py
[2026-03-27T09:46:34.115+0000] {processor.py:914} INFO - Processing file /opt/airflow/dags/ingestion_postgres_dag.py for tasks to queue
[2026-03-27T09:46:34.117+0000] {logging_mixin.py:190} INFO - [2026-03-27T09:46:34.117+0000] {dagbag.py:588} INFO - Filling up the DagBag from /opt/airflow/dags/ingestion_postgres_dag.py
[2026-03-27T09:46:34.136+0000] {processor.py:925} INFO - DAG(s) 'ingestion_postgres_tmdb' retrieved from /opt/airflow/dags/ingestion_postgres_dag.py
[2026-03-27T09:46:34.164+0000] {logging_mixin.py:190} INFO - [2026-03-27T09:46:34.164+0000] {dag.py:3239} INFO - Sync 1 DAGs
[2026-03-27T09:46:34.190+0000] {logging_mixin.py:190} INFO - [2026-03-27T09:46:34.189+0000] {dag.py:4180} INFO - Setting next_dagrun for ingestion_postgres_tmdb to 2026-03-02 10:00:00+00:00, run_after=2026-04-06 10:00:00+00:00
[2026-03-27T09:46:34.211+0000] {processor.py:208} INFO - Processing /opt/airflow/dags/ingestion_postgres_dag.py took 0.104 seconds
[2026-03-27T09:47:04.441+0000] {processor.py:186} INFO - Started process (PID=157) to work on /opt/airflow/dags/ingestion_postgres_dag.py
[2026-03-27T09:47:04.442+0000] {processor.py:914} INFO - Processing file /opt/airflow/dags/ingestion_postgres_dag.py for tasks to queue
[2026-03-27T09:47:04.445+0000] {logging_mixin.py:190} INFO - [2026-03-27T09:47:04.444+0000] {dagbag.py:588} INFO - Filling up the DagBag from /opt/airflow/dags/ingestion_postgres_dag.py
[2026-03-27T09:47:04.463+0000] {processor.py:925} INFO - DAG(s) 'ingestion_postgres_tmdb' retrieved from /opt/airflow/dags/ingestion_postgres_dag.py
[2026-03-27T09:47:04.491+0000] {logging_mixin.py:190} INFO - [2026-03-27T09:47:04.490+0000] {dag.py:3239} INFO - Sync 1 DAGs
[2026-03-27T09:47:04.513+0000] {logging_mixin.py:190} INFO - [2026-03-27T09:47:04.513+0000] {dag.py:4180} INFO - Setting next_dagrun for ingestion_postgres_tmdb to 2026-03-02 10:00:00+00:00, run_after=2026-04-06 10:00:00+00:00
[2026-03-27T09:47:04.531+0000] {processor.py:208} INFO - Processing /opt/airflow/dags/ingestion_postgres_dag.py took 0.096 seconds
[2026-03-27T09:47:34.786+0000] {processor.py:186} INFO - Started process (PID=167) to work on /opt/airflow/dags/ingestion_postgres_dag.py
[2026-03-27T09:47:34.786+0000] {processor.py:914} INFO - Processing file /opt/airflow/dags/ingestion_postgres_dag.py for tasks to queue
[2026-03-27T09:47:34.789+0000] {logging_mixin.py:190} INFO - [2026-03-27T09:47:34.789+0000] {dagbag.py:588} INFO - Filling up the DagBag from /opt/airflow/dags/ingestion_postgres_dag.py
[2026-03-27T09:47:34.806+0000] {processor.py:925} INFO - DAG(s) 'ingestion_postgres_tmdb' retrieved from /opt/airflow/dags/ingestion_postgres_dag.py
[2026-03-27T09:47:34.833+0000] {logging_mixin.py:190} INFO - [2026-03-27T09:47:34.832+0000] {dag.py:3239} INFO - Sync 1 DAGs
[2026-03-27T09:47:34.853+0000] {logging_mixin.py:190} INFO - [2026-03-27T09:47:34.853+0000] {dag.py:4180} INFO - Setting next_dagrun for ingestion_postgres_tmdb to 2026-03-02 10:00:00+00:00, run_after=2026-04-06 10:00:00+00:00
[2026-03-27T09:47:34.872+0000] {processor.py:208} INFO - Processing /opt/airflow/dags/ingestion_postgres_dag.py took 0.092 seconds
[2026-03-27T09:48:05.129+0000] {processor.py:186} INFO - Started process (PID=177) to work on /opt/airflow/dags/ingestion_postgres_dag.py
[2026-03-27T09:48:05.130+0000] {processor.py:914} INFO - Processing file /opt/airflow/dags/ingestion_postgres_dag.py for tasks to queue
[2026-03-27T09:48:05.133+0000] {logging_mixin.py:190} INFO - [2026-03-27T09:48:05.133+0000] {dagbag.py:588} INFO - Filling up the DagBag from /opt/airflow/dags/ingestion_postgres_dag.py
[2026-03-27T09:48:05.153+0000] {processor.py:925} INFO - DAG(s) 'ingestion_postgres_tmdb' retrieved from /opt/airflow/dags/ingestion_postgres_dag.py
[2026-03-27T09:48:05.181+0000] {logging_mixin.py:190} INFO - [2026-03-27T09:48:05.180+0000] {dag.py:3239} INFO - Sync 1 DAGs
[2026-03-27T09:48:05.203+0000] {logging_mixin.py:190} INFO - [2026-03-27T09:48:05.203+0000] {dag.py:4180} INFO - Setting next_dagrun for ingestion_postgres_tmdb to 2026-03-02 10:00:00+00:00, run_after=2026-04-06 10:00:00+00:00
[2026-03-27T09:48:05.223+0000] {processor.py:208} INFO - Processing /opt/airflow/dags/ingestion_postgres_dag.py took 0.101 seconds
[2026-03-27T09:48:35.443+0000] {processor.py:186} INFO - Started process (PID=187) to work on /opt/airflow/dags/ingestion_postgres_dag.py
[2026-03-27T09:48:35.444+0000] {processor.py:914} INFO - Processing file /opt/airflow/dags/ingestion_postgres_dag.py for tasks to queue
[2026-03-27T09:48:35.446+0000] {logging_mixin.py:190} INFO - [2026-03-27T09:48:35.446+0000] {dagbag.py:588} INFO - Filling up the DagBag from /opt/airflow/dags/ingestion_postgres_dag.py
[2026-03-27T09:48:35.466+0000] {processor.py:925} INFO - DAG(s) 'ingestion_postgres_tmdb' retrieved from /opt/airflow/dags/ingestion_postgres_dag.py
[2026-03-27T09:48:35.491+0000] {logging_mixin.py:190} INFO - [2026-03-27T09:48:35.491+0000] {dag.py:3239} INFO - Sync 1 DAGs
[2026-03-27T09:48:35.522+0000] {logging_mixin.py:190} INFO - [2026-03-27T09:48:35.522+0000] {dag.py:4180} INFO - Setting next_dagrun for ingestion_postgres_tmdb to 2026-03-02 10:00:00+00:00, run_after=2026-04-06 10:00:00+00:00
[2026-03-27T09:48:35.542+0000] {processor.py:208} INFO - Processing /opt/airflow/dags/ingestion_postgres_dag.py took 0.105 seconds
[2026-03-27T09:49:05.663+0000] {processor.py:186} INFO - Started process (PID=197) to work on /opt/airflow/dags/ingestion_postgres_dag.py
[2026-03-27T09:49:05.664+0000] {processor.py:914} INFO - Processing file /opt/airflow/dags/ingestion_postgres_dag.py for tasks to queue
[2026-03-27T09:49:05.666+0000] {logging_mixin.py:190} INFO - [2026-03-27T09:49:05.665+0000] {dagbag.py:588} INFO - Filling up the DagBag from /opt/airflow/dags/ingestion_postgres_dag.py
[2026-03-27T09:49:05.685+0000] {processor.py:925} INFO - DAG(s) 'ingestion_postgres_tmdb' retrieved from /opt/airflow/dags/ingestion_postgres_dag.py
[2026-03-27T09:49:05.711+0000] {logging_mixin.py:190} INFO - [2026-03-27T09:49:05.711+0000] {dag.py:3239} INFO - Sync 1 DAGs
[2026-03-27T09:49:05.732+0000] {logging_mixin.py:190} INFO - [2026-03-27T09:49:05.732+0000] {dag.py:4180} INFO - Setting next_dagrun for ingestion_postgres_tmdb to 2026-03-02 10:00:00+00:00, run_after=2026-04-06 10:00:00+00:00
[2026-03-27T09:49:05.750+0000] {processor.py:208} INFO - Processing /opt/airflow/dags/ingestion_postgres_dag.py took 0.094 seconds
[2026-03-27T09:49:35.988+0000] {processor.py:186} INFO - Started process (PID=207) to work on /opt/airflow/dags/ingestion_postgres_dag.py
[2026-03-27T09:49:35.989+0000] {processor.py:914} INFO - Processing file /opt/airflow/dags/ingestion_postgres_dag.py for tasks to queue
[2026-03-27T09:49:35.991+0000] {logging_mixin.py:190} INFO - [2026-03-27T09:49:35.991+0000] {dagbag.py:588} INFO - Filling up the DagBag from /opt/airflow/dags/ingestion_postgres_dag.py
[2026-03-27T09:49:36.011+0000] {processor.py:925} INFO - DAG(s) 'ingestion_postgres_tmdb' retrieved from /opt/airflow/dags/ingestion_postgres_dag.py
[2026-03-27T09:49:36.042+0000] {logging_mixin.py:190} INFO - [2026-03-27T09:49:36.041+0000] {dag.py:3239} INFO - Sync 1 DAGs
[2026-03-27T09:49:36.067+0000] {logging_mixin.py:190} INFO - [2026-03-27T09:49:36.067+0000] {dag.py:4180} INFO - Setting next_dagrun for ingestion_postgres_tmdb to 2026-03-02 10:00:00+00:00, run_after=2026-04-06 10:00:00+00:00
[2026-03-27T09:49:36.087+0000] {processor.py:208} INFO - Processing /opt/airflow/dags/ingestion_postgres_dag.py took 0.105 seconds
[2026-03-27T09:50:06.222+0000] {processor.py:186} INFO - Started process (PID=217) to work on /opt/airflow/dags/ingestion_postgres_dag.py
[2026-03-27T09:50:06.223+0000] {processor.py:914} INFO - Processing file /opt/airflow/dags/ingestion_postgres_dag.py for tasks to queue
[2026-03-27T09:50:06.227+0000] {logging_mixin.py:190} INFO - [2026-03-27T09:50:06.226+0000] {dagbag.py:588} INFO - Filling up the DagBag from /opt/airflow/dags/ingestion_postgres_dag.py
[2026-03-27T09:50:06.248+0000] {processor.py:925} INFO - DAG(s) 'ingestion_postgres_tmdb' retrieved from /opt/airflow/dags/ingestion_postgres_dag.py
[2026-03-27T09:50:06.281+0000] {logging_mixin.py:190} INFO - [2026-03-27T09:50:06.281+0000] {dag.py:3239} INFO - Sync 1 DAGs
[2026-03-27T09:50:06.304+0000] {logging_mixin.py:190} INFO - [2026-03-27T09:50:06.304+0000] {dag.py:4180} INFO - Setting next_dagrun for ingestion_postgres_tmdb to 2026-03-02 10:00:00+00:00, run_after=2026-04-06 10:00:00+00:00
[2026-03-27T09:50:06.326+0000] {processor.py:208} INFO - Processing /opt/airflow/dags/ingestion_postgres_dag.py took 0.111 seconds
[2026-03-27T09:50:36.550+0000] {processor.py:186} INFO - Started process (PID=227) to work on /opt/airflow/dags/ingestion_postgres_dag.py
[2026-03-27T09:50:36.551+0000] {processor.py:914} INFO - Processing file /opt/airflow/dags/ingestion_postgres_dag.py for tasks to queue
[2026-03-27T09:50:36.554+0000] {logging_mixin.py:190} INFO - [2026-03-27T09:50:36.554+0000] {dagbag.py:588} INFO - Filling up the DagBag from /opt/airflow/dags/ingestion_postgres_dag.py
[2026-03-27T09:50:36.580+0000] {processor.py:925} INFO - DAG(s) 'ingestion_postgres_tmdb' retrieved from /opt/airflow/dags/ingestion_postgres_dag.py
[2026-03-27T09:50:36.618+0000] {logging_mixin.py:190} INFO - [2026-03-27T09:50:36.617+0000] {dag.py:3239} INFO - Sync 1 DAGs
[2026-03-27T09:50:36.659+0000] {logging_mixin.py:190} INFO - [2026-03-27T09:50:36.658+0000] {dag.py:4180} INFO - Setting next_dagrun for ingestion_postgres_tmdb to 2026-03-02 10:00:00+00:00, run_after=2026-04-06 10:00:00+00:00
[2026-03-27T09:50:36.697+0000] {processor.py:208} INFO - Processing /opt/airflow/dags/ingestion_postgres_dag.py took 0.155 seconds
[2026-03-27T09:51:06.979+0000] {processor.py:186} INFO - Started process (PID=237) to work on /opt/airflow/dags/ingestion_postgres_dag.py
[2026-03-27T09:51:06.981+0000] {processor.py:914} INFO - Processing file /opt/airflow/dags/ingestion_postgres_dag.py for tasks to queue
[2026-03-27T09:51:06.983+0000] {logging_mixin.py:190} INFO - [2026-03-27T09:51:06.983+0000] {dagbag.py:588} INFO - Filling up the DagBag from /opt/airflow/dags/ingestion_postgres_dag.py
[2026-03-27T09:51:07.007+0000] {processor.py:925} INFO - DAG(s) 'ingestion_postgres_tmdb' retrieved from /opt/airflow/dags/ingestion_postgres_dag.py
[2026-03-27T09:51:07.037+0000] {logging_mixin.py:190} INFO - [2026-03-27T09:51:07.036+0000] {dag.py:3239} INFO - Sync 1 DAGs
[2026-03-27T09:51:07.061+0000] {logging_mixin.py:190} INFO - [2026-03-27T09:51:07.061+0000] {dag.py:4180} INFO - Setting next_dagrun for ingestion_postgres_tmdb to 2026-03-02 10:00:00+00:00, run_after=2026-04-06 10:00:00+00:00
[2026-03-27T09:51:07.084+0000] {processor.py:208} INFO - Processing /opt/airflow/dags/ingestion_postgres_dag.py took 0.112 seconds
[2026-03-27T09:51:37.214+0000] {processor.py:186} INFO - Started process (PID=247) to work on /opt/airflow/dags/ingestion_postgres_dag.py
[2026-03-27T09:51:37.216+0000] {processor.py:914} INFO - Processing file /opt/airflow/dags/ingestion_postgres_dag.py for tasks to queue
[2026-03-27T09:51:37.219+0000] {logging_mixin.py:190} INFO - [2026-03-27T09:51:37.219+0000] {dagbag.py:588} INFO - Filling up the DagBag from /opt/airflow/dags/ingestion_postgres_dag.py
[2026-03-27T09:51:37.239+0000] {processor.py:925} INFO - DAG(s) 'ingestion_postgres_tmdb' retrieved from /opt/airflow/dags/ingestion_postgres_dag.py
[2026-03-27T09:51:37.269+0000] {logging_mixin.py:190} INFO - [2026-03-27T09:51:37.268+0000] {dag.py:3239} INFO - Sync 1 DAGs
[2026-03-27T09:51:37.295+0000] {logging_mixin.py:190} INFO - [2026-03-27T09:51:37.295+0000] {dag.py:4180} INFO - Setting next_dagrun for ingestion_postgres_tmdb to 2026-03-02 10:00:00+00:00, run_after=2026-04-06 10:00:00+00:00
[2026-03-27T09:51:37.315+0000] {processor.py:208} INFO - Processing /opt/airflow/dags/ingestion_postgres_dag.py took 0.109 seconds
[2026-03-27T09:52:07.557+0000] {processor.py:186} INFO - Started process (PID=257) to work on /opt/airflow/dags/ingestion_postgres_dag.py
[2026-03-27T09:52:07.558+0000] {processor.py:914} INFO - Processing file /opt/airflow/dags/ingestion_postgres_dag.py for tasks to queue
[2026-03-27T09:52:07.560+0000] {logging_mixin.py:190} INFO - [2026-03-27T09:52:07.560+0000] {dagbag.py:588} INFO - Filling up the DagBag from /opt/airflow/dags/ingestion_postgres_dag.py
[2026-03-27T09:52:07.579+0000] {processor.py:925} INFO - DAG(s) 'ingestion_postgres_tmdb' retrieved from /opt/airflow/dags/ingestion_postgres_dag.py
[2026-03-27T09:52:07.609+0000] {logging_mixin.py:190} INFO - [2026-03-27T09:52:07.608+0000] {dag.py:3239} INFO - Sync 1 DAGs
[2026-03-27T09:52:07.630+0000] {logging_mixin.py:190} INFO - [2026-03-27T09:52:07.630+0000] {dag.py:4180} INFO - Setting next_dagrun for ingestion_postgres_tmdb to 2026-03-02 10:00:00+00:00, run_after=2026-04-06 10:00:00+00:00
[2026-03-27T09:52:07.649+0000] {processor.py:208} INFO - Processing /opt/airflow/dags/ingestion_postgres_dag.py took 0.098 seconds
[2026-03-27T09:52:37.971+0000] {processor.py:186} INFO - Started process (PID=267) to work on /opt/airflow/dags/ingestion_postgres_dag.py
[2026-03-27T09:52:37.973+0000] {processor.py:914} INFO - Processing file /opt/airflow/dags/ingestion_postgres_dag.py for tasks to queue
[2026-03-27T09:52:37.978+0000] {logging_mixin.py:190} INFO - [2026-03-27T09:52:37.978+0000] {dagbag.py:588} INFO - Filling up the DagBag from /opt/airflow/dags/ingestion_postgres_dag.py
[2026-03-27T09:52:38.020+0000] {processor.py:925} INFO - DAG(s) 'ingestion_postgres_tmdb' retrieved from /opt/airflow/dags/ingestion_postgres_dag.py
[2026-03-27T09:52:38.067+0000] {logging_mixin.py:190} INFO - [2026-03-27T09:52:38.067+0000] {dag.py:3239} INFO - Sync 1 DAGs
[2026-03-27T09:52:38.091+0000] {logging_mixin.py:190} INFO - [2026-03-27T09:52:38.091+0000] {dag.py:4180} INFO - Setting next_dagrun for ingestion_postgres_tmdb to 2026-03-02 10:00:00+00:00, run_after=2026-04-06 10:00:00+00:00
[2026-03-27T09:52:38.117+0000] {processor.py:208} INFO - Processing /opt/airflow/dags/ingestion_postgres_dag.py took 0.159 seconds
[2026-03-27T09:53:08.367+0000] {processor.py:186} INFO - Started process (PID=277) to work on /opt/airflow/dags/ingestion_postgres_dag.py
[2026-03-27T09:53:08.368+0000] {processor.py:914} INFO - Processing file /opt/airflow/dags/ingestion_postgres_dag.py for tasks to queue
[2026-03-27T09:53:08.370+0000] {logging_mixin.py:190} INFO - [2026-03-27T09:53:08.370+0000] {dagbag.py:588} INFO - Filling up the DagBag from /opt/airflow/dags/ingestion_postgres_dag.py
[2026-03-27T09:53:08.406+0000] {processor.py:925} INFO - DAG(s) 'ingestion_postgres_tmdb' retrieved from /opt/airflow/dags/ingestion_postgres_dag.py
[2026-03-27T09:53:08.440+0000] {logging_mixin.py:190} INFO - [2026-03-27T09:53:08.440+0000] {dag.py:3239} INFO - Sync 1 DAGs
[2026-03-27T09:53:08.466+0000] {logging_mixin.py:190} INFO - [2026-03-27T09:53:08.466+0000] {dag.py:4180} INFO - Setting next_dagrun for ingestion_postgres_tmdb to 2026-03-02 10:00:00+00:00, run_after=2026-04-06 10:00:00+00:00
[2026-03-27T09:53:08.496+0000] {processor.py:208} INFO - Processing /opt/airflow/dags/ingestion_postgres_dag.py took 0.137 seconds
[2026-03-27T09:53:38.746+0000] {processor.py:186} INFO - Started process (PID=287) to work on /opt/airflow/dags/ingestion_postgres_dag.py
[2026-03-27T09:53:38.749+0000] {processor.py:914} INFO - Processing file /opt/airflow/dags/ingestion_postgres_dag.py for tasks to queue
[2026-03-27T09:53:38.761+0000] {logging_mixin.py:190} INFO - [2026-03-27T09:53:38.761+0000] {dagbag.py:588} INFO - Filling up the DagBag from /opt/airflow/dags/ingestion_postgres_dag.py
[2026-03-27T09:53:38.831+0000] {processor.py:925} INFO - DAG(s) 'ingestion_postgres_tmdb' retrieved from /opt/airflow/dags/ingestion_postgres_dag.py
[2026-03-27T09:53:38.869+0000] {logging_mixin.py:190} INFO - [2026-03-27T09:53:38.869+0000] {dag.py:3239} INFO - Sync 1 DAGs
[2026-03-27T09:53:38.895+0000] {logging_mixin.py:190} INFO - [2026-03-27T09:53:38.895+0000] {dag.py:4180} INFO - Setting next_dagrun for ingestion_postgres_tmdb to 2026-03-02 10:00:00+00:00, run_after=2026-04-06 10:00:00+00:00
[2026-03-27T09:53:38.916+0000] {processor.py:208} INFO - Processing /opt/airflow/dags/ingestion_postgres_dag.py took 0.178 seconds
[2026-03-27T09:54:09.118+0000] {processor.py:186} INFO - Started process (PID=297) to work on /opt/airflow/dags/ingestion_postgres_dag.py
[2026-03-27T09:54:09.119+0000] {processor.py:914} INFO - Processing file /opt/airflow/dags/ingestion_postgres_dag.py for tasks to queue
[2026-03-27T09:54:09.122+0000] {logging_mixin.py:190} INFO - [2026-03-27T09:54:09.121+0000] {dagbag.py:588} INFO - Filling up the DagBag from /opt/airflow/dags/ingestion_postgres_dag.py
[2026-03-27T09:54:09.142+0000] {processor.py:925} INFO - DAG(s) 'ingestion_postgres_tmdb' retrieved from /opt/airflow/dags/ingestion_postgres_dag.py
[2026-03-27T09:54:09.180+0000] {logging_mixin.py:190} INFO - [2026-03-27T09:54:09.179+0000] {dag.py:3239} INFO - Sync 1 DAGs
[2026-03-27T09:54:09.215+0000] {logging_mixin.py:190} INFO - [2026-03-27T09:54:09.214+0000] {dag.py:4180} INFO - Setting next_dagrun for ingestion_postgres_tmdb to 2026-03-02 10:00:00+00:00, run_after=2026-04-06 10:00:00+00:00
[2026-03-27T09:54:09.241+0000] {processor.py:208} INFO - Processing /opt/airflow/dags/ingestion_postgres_dag.py took 0.132 seconds
[2026-03-27T09:54:39.477+0000] {processor.py:186} INFO - Started process (PID=307) to work on /opt/airflow/dags/ingestion_postgres_dag.py
[2026-03-27T09:54:39.478+0000] {processor.py:914} INFO - Processing file /opt/airflow/dags/ingestion_postgres_dag.py for tasks to queue
[2026-03-27T09:54:39.480+0000] {logging_mixin.py:190} INFO - [2026-03-27T09:54:39.480+0000] {dagbag.py:588} INFO - Filling up the DagBag from /opt/airflow/dags/ingestion_postgres_dag.py
[2026-03-27T09:54:39.507+0000] {processor.py:925} INFO - DAG(s) 'ingestion_postgres_tmdb' retrieved from /opt/airflow/dags/ingestion_postgres_dag.py
[2026-03-27T09:54:39.541+0000] {logging_mixin.py:190} INFO - [2026-03-27T09:54:39.540+0000] {dag.py:3239} INFO - Sync 1 DAGs
[2026-03-27T09:54:39.568+0000] {logging_mixin.py:190} INFO - [2026-03-27T09:54:39.568+0000] {dag.py:4180} INFO - Setting next_dagrun for ingestion_postgres_tmdb to 2026-03-02 10:00:00+00:00, run_after=2026-04-06 10:00:00+00:00
[2026-03-27T09:54:39.598+0000] {processor.py:208} INFO - Processing /opt/airflow/dags/ingestion_postgres_dag.py took 0.128 seconds
[2026-03-27T09:55:09.849+0000] {processor.py:186} INFO - Started process (PID=317) to work on /opt/airflow/dags/ingestion_postgres_dag.py
[2026-03-27T09:55:09.851+0000] {processor.py:914} INFO - Processing file /opt/airflow/dags/ingestion_postgres_dag.py for tasks to queue
[2026-03-27T09:55:09.854+0000] {logging_mixin.py:190} INFO - [2026-03-27T09:55:09.853+0000] {dagbag.py:588} INFO - Filling up the DagBag from /opt/airflow/dags/ingestion_postgres_dag.py
[2026-03-27T09:55:09.875+0000] {processor.py:925} INFO - DAG(s) 'ingestion_postgres_tmdb' retrieved from /opt/airflow/dags/ingestion_postgres_dag.py
[2026-03-27T09:55:09.907+0000] {logging_mixin.py:190} INFO - [2026-03-27T09:55:09.906+0000] {dag.py:3239} INFO - Sync 1 DAGs
[2026-03-27T09:55:09.933+0000] {logging_mixin.py:190} INFO - [2026-03-27T09:55:09.933+0000] {dag.py:4180} INFO - Setting next_dagrun for ingestion_postgres_tmdb to 2026-03-02 10:00:00+00:00, run_after=2026-04-06 10:00:00+00:00
[2026-03-27T09:55:09.957+0000] {processor.py:208} INFO - Processing /opt/airflow/dags/ingestion_postgres_dag.py took 0.115 seconds
[2026-03-27T09:55:40.077+0000] {processor.py:186} INFO - Started process (PID=327) to work on /opt/airflow/dags/ingestion_postgres_dag.py
[2026-03-27T09:55:40.078+0000] {processor.py:914} INFO - Processing file /opt/airflow/dags/ingestion_postgres_dag.py for tasks to queue
[2026-03-27T09:55:40.081+0000] {logging_mixin.py:190} INFO - [2026-03-27T09:55:40.081+0000] {dagbag.py:588} INFO - Filling up the DagBag from /opt/airflow/dags/ingestion_postgres_dag.py
[2026-03-27T09:55:40.102+0000] {processor.py:925} INFO - DAG(s) 'ingestion_postgres_tmdb' retrieved from /opt/airflow/dags/ingestion_postgres_dag.py
[2026-03-27T09:55:40.135+0000] {logging_mixin.py:190} INFO - [2026-03-27T09:55:40.135+0000] {dag.py:3239} INFO - Sync 1 DAGs
[2026-03-27T09:55:40.160+0000] {logging_mixin.py:190} INFO - [2026-03-27T09:55:40.160+0000] {dag.py:4180} INFO - Setting next_dagrun for ingestion_postgres_tmdb to 2026-03-02 10:00:00+00:00, run_after=2026-04-06 10:00:00+00:00
[2026-03-27T09:55:40.181+0000] {processor.py:208} INFO - Processing /opt/airflow/dags/ingestion_postgres_dag.py took 0.112 seconds
[2026-03-27T09:56:10.384+0000] {processor.py:186} INFO - Started process (PID=337) to work on /opt/airflow/dags/ingestion_postgres_dag.py
[2026-03-27T09:56:10.385+0000] {processor.py:914} INFO - Processing file /opt/airflow/dags/ingestion_postgres_dag.py for tasks to queue
[2026-03-27T09:56:10.388+0000] {logging_mixin.py:190} INFO - [2026-03-27T09:56:10.388+0000] {dagbag.py:588} INFO - Filling up the DagBag from /opt/airflow/dags/ingestion_postgres_dag.py
[2026-03-27T09:56:10.414+0000] {processor.py:925} INFO - DAG(s) 'ingestion_postgres_tmdb' retrieved from /opt/airflow/dags/ingestion_postgres_dag.py
[2026-03-27T09:56:10.448+0000] {logging_mixin.py:190} INFO - [2026-03-27T09:56:10.448+0000] {dag.py:3239} INFO - Sync 1 DAGs
[2026-03-27T09:56:10.476+0000] {logging_mixin.py:190} INFO - [2026-03-27T09:56:10.476+0000] {dag.py:4180} INFO - Setting next_dagrun for ingestion_postgres_tmdb to 2026-03-02 10:00:00+00:00, run_after=2026-04-06 10:00:00+00:00
[2026-03-27T09:56:10.495+0000] {processor.py:208} INFO - Processing /opt/airflow/dags/ingestion_postgres_dag.py took 0.121 seconds
[2026-03-27T09:56:40.707+0000] {processor.py:186} INFO - Started process (PID=347) to work on /opt/airflow/dags/ingestion_postgres_dag.py
[2026-03-27T09:56:40.708+0000] {processor.py:914} INFO - Processing file /opt/airflow/dags/ingestion_postgres_dag.py for tasks to queue
[2026-03-27T09:56:40.711+0000] {logging_mixin.py:190} INFO - [2026-03-27T09:56:40.711+0000] {dagbag.py:588} INFO - Filling up the DagBag from /opt/airflow/dags/ingestion_postgres_dag.py
[2026-03-27T09:56:40.732+0000] {processor.py:925} INFO - DAG(s) 'ingestion_postgres_tmdb' retrieved from /opt/airflow/dags/ingestion_postgres_dag.py
[2026-03-27T09:56:40.762+0000] {logging_mixin.py:190} INFO - [2026-03-27T09:56:40.762+0000] {dag.py:3239} INFO - Sync 1 DAGs
[2026-03-27T09:56:40.786+0000] {logging_mixin.py:190} INFO - [2026-03-27T09:56:40.785+0000] {dag.py:4180} INFO - Setting next_dagrun for ingestion_postgres_tmdb to 2026-03-02 10:00:00+00:00, run_after=2026-04-06 10:00:00+00:00
[2026-03-27T09:56:40.809+0000] {processor.py:208} INFO - Processing /opt/airflow/dags/ingestion_postgres_dag.py took 0.110 seconds
[2026-03-27T09:57:10.922+0000] {processor.py:186} INFO - Started process (PID=357) to work on /opt/airflow/dags/ingestion_postgres_dag.py
[2026-03-27T09:57:10.923+0000] {processor.py:914} INFO - Processing file /opt/airflow/dags/ingestion_postgres_dag.py for tasks to queue
[2026-03-27T09:57:10.926+0000] {logging_mixin.py:190} INFO - [2026-03-27T09:57:10.926+0000] {dagbag.py:588} INFO - Filling up the DagBag from /opt/airflow/dags/ingestion_postgres_dag.py
[2026-03-27T09:57:10.945+0000] {processor.py:925} INFO - DAG(s) 'ingestion_postgres_tmdb' retrieved from /opt/airflow/dags/ingestion_postgres_dag.py
[2026-03-27T09:57:10.975+0000] {logging_mixin.py:190} INFO - [2026-03-27T09:57:10.975+0000] {dag.py:3239} INFO - Sync 1 DAGs
[2026-03-27T09:57:10.998+0000] {logging_mixin.py:190} INFO - [2026-03-27T09:57:10.998+0000] {dag.py:4180} INFO - Setting next_dagrun for ingestion_postgres_tmdb to 2026-03-02 10:00:00+00:00, run_after=2026-04-06 10:00:00+00:00
[2026-03-27T09:57:11.015+0000] {processor.py:208} INFO - Processing /opt/airflow/dags/ingestion_postgres_dag.py took 0.102 seconds
[2026-03-27T09:57:41.235+0000] {processor.py:186} INFO - Started process (PID=367) to work on /opt/airflow/dags/ingestion_postgres_dag.py
[2026-03-27T09:57:41.236+0000] {processor.py:914} INFO - Processing file /opt/airflow/dags/ingestion_postgres_dag.py for tasks to queue
[2026-03-27T09:57:41.239+0000] {logging_mixin.py:190} INFO - [2026-03-27T09:57:41.238+0000] {dagbag.py:588} INFO - Filling up the DagBag from /opt/airflow/dags/ingestion_postgres_dag.py
[2026-03-27T09:57:41.255+0000] {processor.py:925} INFO - DAG(s) 'ingestion_postgres_tmdb' retrieved from /opt/airflow/dags/ingestion_postgres_dag.py
[2026-03-27T09:57:41.279+0000] {logging_mixin.py:190} INFO - [2026-03-27T09:57:41.279+0000] {dag.py:3239} INFO - Sync 1 DAGs
[2026-03-27T09:57:41.300+0000] {logging_mixin.py:190} INFO - [2026-03-27T09:57:41.300+0000] {dag.py:4180} INFO - Setting next_dagrun for ingestion_postgres_tmdb to 2026-03-02 10:00:00+00:00, run_after=2026-04-06 10:00:00+00:00
[2026-03-27T09:57:41.318+0000] {processor.py:208} INFO - Processing /opt/airflow/dags/ingestion_postgres_dag.py took 0.090 seconds
[2026-03-27T09:58:11.434+0000] {processor.py:186} INFO - Started process (PID=377) to work on /opt/airflow/dags/ingestion_postgres_dag.py
[2026-03-27T09:58:11.435+0000] {processor.py:914} INFO - Processing file /opt/airflow/dags/ingestion_postgres_dag.py for tasks to queue
[2026-03-27T09:58:11.438+0000] {logging_mixin.py:190} INFO - [2026-03-27T09:58:11.438+0000] {dagbag.py:588} INFO - Filling up the DagBag from /opt/airflow/dags/ingestion_postgres_dag.py
[2026-03-27T09:58:11.467+0000] {processor.py:925} INFO - DAG(s) 'ingestion_postgres_tmdb' retrieved from /opt/airflow/dags/ingestion_postgres_dag.py
[2026-03-27T09:58:11.503+0000] {logging_mixin.py:190} INFO - [2026-03-27T09:58:11.503+0000] {dag.py:3239} INFO - Sync 1 DAGs
[2026-03-27T09:58:11.528+0000] {logging_mixin.py:190} INFO - [2026-03-27T09:58:11.527+0000] {dag.py:4180} INFO - Setting next_dagrun for ingestion_postgres_tmdb to 2026-03-02 10:00:00+00:00, run_after=2026-04-06 10:00:00+00:00
[2026-03-27T09:58:11.546+0000] {processor.py:208} INFO - Processing /opt/airflow/dags/ingestion_postgres_dag.py took 0.119 seconds
[2026-03-27T09:58:41.725+0000] {processor.py:186} INFO - Started process (PID=387) to work on /opt/airflow/dags/ingestion_postgres_dag.py
[2026-03-27T09:58:41.726+0000] {processor.py:914} INFO - Processing file /opt/airflow/dags/ingestion_postgres_dag.py for tasks to queue
[2026-03-27T09:58:41.728+0000] {logging_mixin.py:190} INFO - [2026-03-27T09:58:41.728+0000] {dagbag.py:588} INFO - Filling up the DagBag from /opt/airflow/dags/ingestion_postgres_dag.py
[2026-03-27T09:58:41.747+0000] {processor.py:925} INFO - DAG(s) 'ingestion_postgres_tmdb' retrieved from /opt/airflow/dags/ingestion_postgres_dag.py
[2026-03-27T09:58:41.773+0000] {logging_mixin.py:190} INFO - [2026-03-27T09:58:41.773+0000] {dag.py:3239} INFO - Sync 1 DAGs
[2026-03-27T09:58:41.796+0000] {logging_mixin.py:190} INFO - [2026-03-27T09:58:41.795+0000] {dag.py:4180} INFO - Setting next_dagrun for ingestion_postgres_tmdb to 2026-03-02 10:00:00+00:00, run_after=2026-04-06 10:00:00+00:00
[2026-03-27T09:58:41.813+0000] {processor.py:208} INFO - Processing /opt/airflow/dags/ingestion_postgres_dag.py took 0.095 seconds
[2026-03-27T09:59:11.923+0000] {processor.py:186} INFO - Started process (PID=397) to work on /opt/airflow/dags/ingestion_postgres_dag.py
[2026-03-27T09:59:11.924+0000] {processor.py:914} INFO - Processing file /opt/airflow/dags/ingestion_postgres_dag.py for tasks to queue
[2026-03-27T09:59:11.927+0000] {logging_mixin.py:190} INFO - [2026-03-27T09:59:11.926+0000] {dagbag.py:588} INFO - Filling up the DagBag from /opt/airflow/dags/ingestion_postgres_dag.py
[2026-03-27T09:59:11.946+0000] {processor.py:925} INFO - DAG(s) 'ingestion_postgres_tmdb' retrieved from /opt/airflow/dags/ingestion_postgres_dag.py
[2026-03-27T09:59:11.973+0000] {logging_mixin.py:190} INFO - [2026-03-27T09:59:11.973+0000] {dag.py:3239} INFO - Sync 1 DAGs
[2026-03-27T09:59:11.996+0000] {logging_mixin.py:190} INFO - [2026-03-27T09:59:11.996+0000] {dag.py:4180} INFO - Setting next_dagrun for ingestion_postgres_tmdb to 2026-03-02 10:00:00+00:00, run_after=2026-04-06 10:00:00+00:00
[2026-03-27T09:59:12.018+0000] {processor.py:208} INFO - Processing /opt/airflow/dags/ingestion_postgres_dag.py took 0.102 seconds
[2026-03-27T09:59:42.160+0000] {processor.py:186} INFO - Started process (PID=407) to work on /opt/airflow/dags/ingestion_postgres_dag.py
[2026-03-27T09:59:42.161+0000] {processor.py:914} INFO - Processing file /opt/airflow/dags/ingestion_postgres_dag.py for tasks to queue
[2026-03-27T09:59:42.163+0000] {logging_mixin.py:190} INFO - [2026-03-27T09:59:42.163+0000] {dagbag.py:588} INFO - Filling up the DagBag from /opt/airflow/dags/ingestion_postgres_dag.py
[2026-03-27T09:59:42.187+0000] {processor.py:925} INFO - DAG(s) 'ingestion_postgres_tmdb' retrieved from /opt/airflow/dags/ingestion_postgres_dag.py
[2026-03-27T09:59:42.221+0000] {logging_mixin.py:190} INFO - [2026-03-27T09:59:42.221+0000] {dag.py:3239} INFO - Sync 1 DAGs
[2026-03-27T09:59:42.245+0000] {logging_mixin.py:190} INFO - [2026-03-27T09:59:42.244+0000] {dag.py:4180} INFO - Setting next_dagrun for ingestion_postgres_tmdb to 2026-03-02 10:00:00+00:00, run_after=2026-04-06 10:00:00+00:00
[2026-03-27T09:59:42.280+0000] {processor.py:208} INFO - Processing /opt/airflow/dags/ingestion_postgres_dag.py took 0.127 seconds
[2026-03-27T10:00:12.471+0000] {processor.py:186} INFO - Started process (PID=417) to work on /opt/airflow/dags/ingestion_postgres_dag.py
[2026-03-27T10:00:12.472+0000] {processor.py:914} INFO - Processing file /opt/airflow/dags/ingestion_postgres_dag.py for tasks to queue
[2026-03-27T10:00:12.474+0000] {logging_mixin.py:190} INFO - [2026-03-27T10:00:12.474+0000] {dagbag.py:588} INFO - Filling up the DagBag from /opt/airflow/dags/ingestion_postgres_dag.py
[2026-03-27T10:00:12.495+0000] {processor.py:925} INFO - DAG(s) 'ingestion_postgres_tmdb' retrieved from /opt/airflow/dags/ingestion_postgres_dag.py
[2026-03-27T10:00:12.524+0000] {logging_mixin.py:190} INFO - [2026-03-27T10:00:12.524+0000] {dag.py:3239} INFO - Sync 1 DAGs
[2026-03-27T10:00:12.546+0000] {logging_mixin.py:190} INFO - [2026-03-27T10:00:12.545+0000] {dag.py:4180} INFO - Setting next_dagrun for ingestion_postgres_tmdb to 2026-03-02 10:00:00+00:00, run_after=2026-04-06 10:00:00+00:00
[2026-03-27T10:00:12.566+0000] {processor.py:208} INFO - Processing /opt/airflow/dags/ingestion_postgres_dag.py took 0.103 seconds
[2026-03-27T10:00:42.654+0000] {processor.py:186} INFO - Started process (PID=427) to work on /opt/airflow/dags/ingestion_postgres_dag.py
[2026-03-27T10:00:42.655+0000] {processor.py:914} INFO - Processing file /opt/airflow/dags/ingestion_postgres_dag.py for tasks to queue
[2026-03-27T10:00:42.658+0000] {logging_mixin.py:190} INFO - [2026-03-27T10:00:42.658+0000] {dagbag.py:588} INFO - Filling up the DagBag from /opt/airflow/dags/ingestion_postgres_dag.py
[2026-03-27T10:00:42.682+0000] {processor.py:925} INFO - DAG(s) 'ingestion_postgres_tmdb' retrieved from /opt/airflow/dags/ingestion_postgres_dag.py
[2026-03-27T10:00:42.710+0000] {logging_mixin.py:190} INFO - [2026-03-27T10:00:42.710+0000] {dag.py:3239} INFO - Sync 1 DAGs
[2026-03-27T10:00:42.731+0000] {logging_mixin.py:190} INFO - [2026-03-27T10:00:42.731+0000] {dag.py:4180} INFO - Setting next_dagrun for ingestion_postgres_tmdb to 2026-03-02 10:00:00+00:00, run_after=2026-04-06 10:00:00+00:00
[2026-03-27T10:00:42.750+0000] {processor.py:208} INFO - Processing /opt/airflow/dags/ingestion_postgres_dag.py took 0.104 seconds
[2026-03-27T10:01:12.937+0000] {processor.py:186} INFO - Started process (PID=437) to work on /opt/airflow/dags/ingestion_postgres_dag.py
[2026-03-27T10:01:12.938+0000] {processor.py:914} INFO - Processing file /opt/airflow/dags/ingestion_postgres_dag.py for tasks to queue
[2026-03-27T10:01:12.940+0000] {logging_mixin.py:190} INFO - [2026-03-27T10:01:12.940+0000] {dagbag.py:588} INFO - Filling up the DagBag from /opt/airflow/dags/ingestion_postgres_dag.py
[2026-03-27T10:01:12.957+0000] {processor.py:925} INFO - DAG(s) 'ingestion_postgres_tmdb' retrieved from /opt/airflow/dags/ingestion_postgres_dag.py
[2026-03-27T10:01:12.988+0000] {logging_mixin.py:190} INFO - [2026-03-27T10:01:12.988+0000] {dag.py:3239} INFO - Sync 1 DAGs
[2026-03-27T10:01:13.010+0000] {logging_mixin.py:190} INFO - [2026-03-27T10:01:13.010+0000] {dag.py:4180} INFO - Setting next_dagrun for ingestion_postgres_tmdb to 2026-03-02 10:00:00+00:00, run_after=2026-04-06 10:00:00+00:00
[2026-03-27T10:01:13.028+0000] {processor.py:208} INFO - Processing /opt/airflow/dags/ingestion_postgres_dag.py took 0.097 seconds
[2026-03-27T10:01:43.126+0000] {processor.py:186} INFO - Started process (PID=447) to work on /opt/airflow/dags/ingestion_postgres_dag.py
[2026-03-27T10:01:43.127+0000] {processor.py:914} INFO - Processing file /opt/airflow/dags/ingestion_postgres_dag.py for tasks to queue
[2026-03-27T10:01:43.129+0000] {logging_mixin.py:190} INFO - [2026-03-27T10:01:43.129+0000] {dagbag.py:588} INFO - Filling up the DagBag from /opt/airflow/dags/ingestion_postgres_dag.py
[2026-03-27T10:01:43.148+0000] {processor.py:925} INFO - DAG(s) 'ingestion_postgres_tmdb' retrieved from /opt/airflow/dags/ingestion_postgres_dag.py
[2026-03-27T10:01:43.178+0000] {logging_mixin.py:190} INFO - [2026-03-27T10:01:43.177+0000] {dag.py:3239} INFO - Sync 1 DAGs
[2026-03-27T10:01:43.200+0000] {logging_mixin.py:190} INFO - [2026-03-27T10:01:43.200+0000] {dag.py:4180} INFO - Setting next_dagrun for ingestion_postgres_tmdb to 2026-03-02 10:00:00+00:00, run_after=2026-04-06 10:00:00+00:00
[2026-03-27T10:01:43.218+0000] {processor.py:208} INFO - Processing /opt/airflow/dags/ingestion_postgres_dag.py took 0.100 seconds
[2026-03-27T10:02:13.405+0000] {processor.py:186} INFO - Started process (PID=457) to work on /opt/airflow/dags/ingestion_postgres_dag.py
[2026-03-27T10:02:13.407+0000] {processor.py:914} INFO - Processing file /opt/airflow/dags/ingestion_postgres_dag.py for tasks to queue
[2026-03-27T10:02:13.409+0000] {logging_mixin.py:190} INFO - [2026-03-27T10:02:13.409+0000] {dagbag.py:588} INFO - Filling up the DagBag from /opt/airflow/dags/ingestion_postgres_dag.py
[2026-03-27T10:02:13.434+0000] {processor.py:925} INFO - DAG(s) 'ingestion_postgres_tmdb' retrieved from /opt/airflow/dags/ingestion_postgres_dag.py
[2026-03-27T10:02:13.462+0000] {logging_mixin.py:190} INFO - [2026-03-27T10:02:13.461+0000] {dag.py:3239} INFO - Sync 1 DAGs
[2026-03-27T10:02:13.483+0000] {logging_mixin.py:190} INFO - [2026-03-27T10:02:13.483+0000] {dag.py:4180} INFO - Setting next_dagrun for ingestion_postgres_tmdb to 2026-03-02 10:00:00+00:00, run_after=2026-04-06 10:00:00+00:00
[2026-03-27T10:02:13.501+0000] {processor.py:208} INFO - Processing /opt/airflow/dags/ingestion_postgres_dag.py took 0.101 seconds
[2026-03-27T10:02:43.612+0000] {processor.py:186} INFO - Started process (PID=467) to work on /opt/airflow/dags/ingestion_postgres_dag.py
[2026-03-27T10:02:43.614+0000] {processor.py:914} INFO - Processing file /opt/airflow/dags/ingestion_postgres_dag.py for tasks to queue
[2026-03-27T10:02:43.617+0000] {logging_mixin.py:190} INFO - [2026-03-27T10:02:43.617+0000] {dagbag.py:588} INFO - Filling up the DagBag from /opt/airflow/dags/ingestion_postgres_dag.py
[2026-03-27T10:02:43.638+0000] {processor.py:925} INFO - DAG(s) 'ingestion_postgres_tmdb' retrieved from /opt/airflow/dags/ingestion_postgres_dag.py
[2026-03-27T10:02:43.693+0000] {logging_mixin.py:190} INFO - [2026-03-27T10:02:43.693+0000] {dag.py:3239} INFO - Sync 1 DAGs
[2026-03-27T10:02:43.731+0000] {logging_mixin.py:190} INFO - [2026-03-27T10:02:43.731+0000] {dag.py:4180} INFO - Setting next_dagrun for ingestion_postgres_tmdb to 2026-03-02 10:00:00+00:00, run_after=2026-04-06 10:00:00+00:00
[2026-03-27T10:02:43.764+0000] {processor.py:208} INFO - Processing /opt/airflow/dags/ingestion_postgres_dag.py took 0.165 seconds
[2026-03-27T10:03:13.965+0000] {processor.py:186} INFO - Started process (PID=477) to work on /opt/airflow/dags/ingestion_postgres_dag.py
[2026-03-27T10:03:13.966+0000] {processor.py:914} INFO - Processing file /opt/airflow/dags/ingestion_postgres_dag.py for tasks to queue
[2026-03-27T10:03:13.968+0000] {logging_mixin.py:190} INFO - [2026-03-27T10:03:13.968+0000] {dagbag.py:588} INFO - Filling up the DagBag from /opt/airflow/dags/ingestion_postgres_dag.py
[2026-03-27T10:03:13.986+0000] {processor.py:925} INFO - DAG(s) 'ingestion_postgres_tmdb' retrieved from /opt/airflow/dags/ingestion_postgres_dag.py
[2026-03-27T10:03:14.016+0000] {logging_mixin.py:190} INFO - [2026-03-27T10:03:14.016+0000] {dag.py:3239} INFO - Sync 1 DAGs
[2026-03-27T10:03:14.042+0000] {logging_mixin.py:190} INFO - [2026-03-27T10:03:14.042+0000] {dag.py:4180} INFO - Setting next_dagrun for ingestion_postgres_tmdb to 2026-03-02 10:00:00+00:00, run_after=2026-04-06 10:00:00+00:00
[2026-03-27T10:03:14.061+0000] {processor.py:208} INFO - Processing /opt/airflow/dags/ingestion_postgres_dag.py took 0.101 seconds
[2026-03-27T10:03:44.272+0000] {processor.py:186} INFO - Started process (PID=487) to work on /opt/airflow/dags/ingestion_postgres_dag.py
[2026-03-27T10:03:44.273+0000] {processor.py:914} INFO - Processing file /opt/airflow/dags/ingestion_postgres_dag.py for tasks to queue
[2026-03-27T10:03:44.276+0000] {logging_mixin.py:190} INFO - [2026-03-27T10:03:44.275+0000] {dagbag.py:588} INFO - Filling up the DagBag from /opt/airflow/dags/ingestion_postgres_dag.py
[2026-03-27T10:03:44.300+0000] {processor.py:925} INFO - DAG(s) 'ingestion_postgres_tmdb' retrieved from /opt/airflow/dags/ingestion_postgres_dag.py
[2026-03-27T10:03:44.327+0000] {logging_mixin.py:190} INFO - [2026-03-27T10:03:44.327+0000] {dag.py:3239} INFO - Sync 1 DAGs
[2026-03-27T10:03:44.348+0000] {logging_mixin.py:190} INFO - [2026-03-27T10:03:44.347+0000] {dag.py:4180} INFO - Setting next_dagrun for ingestion_postgres_tmdb to 2026-03-02 10:00:00+00:00, run_after=2026-04-06 10:00:00+00:00
[2026-03-27T10:03:44.365+0000] {processor.py:208} INFO - Processing /opt/airflow/dags/ingestion_postgres_dag.py took 0.099 seconds
[2026-03-27T10:04:14.573+0000] {processor.py:186} INFO - Started process (PID=497) to work on /opt/airflow/dags/ingestion_postgres_dag.py
[2026-03-27T10:04:14.574+0000] {processor.py:914} INFO - Processing file /opt/airflow/dags/ingestion_postgres_dag.py for tasks to queue
[2026-03-27T10:04:14.576+0000] {logging_mixin.py:190} INFO - [2026-03-27T10:04:14.576+0000] {dagbag.py:588} INFO - Filling up the DagBag from /opt/airflow/dags/ingestion_postgres_dag.py
[2026-03-27T10:04:14.593+0000] {processor.py:925} INFO - DAG(s) 'ingestion_postgres_tmdb' retrieved from /opt/airflow/dags/ingestion_postgres_dag.py
[2026-03-27T10:04:14.624+0000] {logging_mixin.py:190} INFO - [2026-03-27T10:04:14.624+0000] {dag.py:3239} INFO - Sync 1 DAGs
[2026-03-27T10:04:14.654+0000] {logging_mixin.py:190} INFO - [2026-03-27T10:04:14.654+0000] {dag.py:4180} INFO - Setting next_dagrun for ingestion_postgres_tmdb to 2026-03-02 10:00:00+00:00, run_after=2026-04-06 10:00:00+00:00
[2026-03-27T10:04:14.683+0000] {processor.py:208} INFO - Processing /opt/airflow/dags/ingestion_postgres_dag.py took 0.115 seconds
[2026-03-27T10:04:44.880+0000] {processor.py:186} INFO - Started process (PID=507) to work on /opt/airflow/dags/ingestion_postgres_dag.py
[2026-03-27T10:04:44.881+0000] {processor.py:914} INFO - Processing file /opt/airflow/dags/ingestion_postgres_dag.py for tasks to queue
[2026-03-27T10:04:44.884+0000] {logging_mixin.py:190} INFO - [2026-03-27T10:04:44.883+0000] {dagbag.py:588} INFO - Filling up the DagBag from /opt/airflow/dags/ingestion_postgres_dag.py
[2026-03-27T10:04:44.902+0000] {processor.py:925} INFO - DAG(s) 'ingestion_postgres_tmdb' retrieved from /opt/airflow/dags/ingestion_postgres_dag.py
[2026-03-27T10:04:44.931+0000] {logging_mixin.py:190} INFO - [2026-03-27T10:04:44.930+0000] {dag.py:3239} INFO - Sync 1 DAGs
[2026-03-27T10:04:44.954+0000] {logging_mixin.py:190} INFO - [2026-03-27T10:04:44.954+0000] {dag.py:4180} INFO - Setting next_dagrun for ingestion_postgres_tmdb to 2026-03-02 10:00:00+00:00, run_after=2026-04-06 10:00:00+00:00
[2026-03-27T10:04:44.975+0000] {processor.py:208} INFO - Processing /opt/airflow/dags/ingestion_postgres_dag.py took 0.102 seconds
[2026-03-27T10:05:15.056+0000] {processor.py:186} INFO - Started process (PID=517) to work on /opt/airflow/dags/ingestion_postgres_dag.py
[2026-03-27T10:05:15.057+0000] {processor.py:914} INFO - Processing file /opt/airflow/dags/ingestion_postgres_dag.py for tasks to queue
[2026-03-27T10:05:15.060+0000] {logging_mixin.py:190} INFO - [2026-03-27T10:05:15.060+0000] {dagbag.py:588} INFO - Filling up the DagBag from /opt/airflow/dags/ingestion_postgres_dag.py
[2026-03-27T10:05:15.082+0000] {processor.py:925} INFO - DAG(s) 'ingestion_postgres_tmdb' retrieved from /opt/airflow/dags/ingestion_postgres_dag.py
[2026-03-27T10:05:15.110+0000] {logging_mixin.py:190} INFO - [2026-03-27T10:05:15.110+0000] {dag.py:3239} INFO - Sync 1 DAGs
[2026-03-27T10:05:15.134+0000] {logging_mixin.py:190} INFO - [2026-03-27T10:05:15.134+0000] {dag.py:4180} INFO - Setting next_dagrun for ingestion_postgres_tmdb to 2026-03-02 10:00:00+00:00, run_after=2026-04-06 10:00:00+00:00
[2026-03-27T10:05:15.159+0000] {processor.py:208} INFO - Processing /opt/airflow/dags/ingestion_postgres_dag.py took 0.110 seconds
[2026-03-27T10:05:45.383+0000] {processor.py:186} INFO - Started process (PID=527) to work on /opt/airflow/dags/ingestion_postgres_dag.py
[2026-03-27T10:05:45.384+0000] {processor.py:914} INFO - Processing file /opt/airflow/dags/ingestion_postgres_dag.py for tasks to queue
[2026-03-27T10:05:45.387+0000] {logging_mixin.py:190} INFO - [2026-03-27T10:05:45.386+0000] {dagbag.py:588} INFO - Filling up the DagBag from /opt/airflow/dags/ingestion_postgres_dag.py
[2026-03-27T10:05:45.405+0000] {processor.py:925} INFO - DAG(s) 'ingestion_postgres_tmdb' retrieved from /opt/airflow/dags/ingestion_postgres_dag.py
[2026-03-27T10:05:45.432+0000] {logging_mixin.py:190} INFO - [2026-03-27T10:05:45.432+0000] {dag.py:3239} INFO - Sync 1 DAGs
[2026-03-27T10:05:45.455+0000] {logging_mixin.py:190} INFO - [2026-03-27T10:05:45.454+0000] {dag.py:4180} INFO - Setting next_dagrun for ingestion_postgres_tmdb to 2026-03-02 10:00:00+00:00, run_after=2026-04-06 10:00:00+00:00
[2026-03-27T10:05:45.474+0000] {processor.py:208} INFO - Processing /opt/airflow/dags/ingestion_postgres_dag.py took 0.098 seconds
[2026-03-27T10:06:15.553+0000] {processor.py:186} INFO - Started process (PID=537) to work on /opt/airflow/dags/ingestion_postgres_dag.py
[2026-03-27T10:06:15.554+0000] {processor.py:914} INFO - Processing file /opt/airflow/dags/ingestion_postgres_dag.py for tasks to queue
[2026-03-27T10:06:15.557+0000] {logging_mixin.py:190} INFO - [2026-03-27T10:06:15.556+0000] {dagbag.py:588} INFO - Filling up the DagBag from /opt/airflow/dags/ingestion_postgres_dag.py
[2026-03-27T10:06:15.578+0000] {processor.py:925} INFO - DAG(s) 'ingestion_postgres_tmdb' retrieved from /opt/airflow/dags/ingestion_postgres_dag.py
[2026-03-27T10:06:15.609+0000] {logging_mixin.py:190} INFO - [2026-03-27T10:06:15.609+0000] {dag.py:3239} INFO - Sync 1 DAGs
[2026-03-27T10:06:15.632+0000] {logging_mixin.py:190} INFO - [2026-03-27T10:06:15.631+0000] {dag.py:4180} INFO - Setting next_dagrun for ingestion_postgres_tmdb to 2026-03-02 10:00:00+00:00, run_after=2026-04-06 10:00:00+00:00
[2026-03-27T10:06:15.651+0000] {processor.py:208} INFO - Processing /opt/airflow/dags/ingestion_postgres_dag.py took 0.107 seconds
[2026-03-27T10:06:45.866+0000] {processor.py:186} INFO - Started process (PID=547) to work on /opt/airflow/dags/ingestion_postgres_dag.py
[2026-03-27T10:06:45.867+0000] {processor.py:914} INFO - Processing file /opt/airflow/dags/ingestion_postgres_dag.py for tasks to queue
[2026-03-27T10:06:45.869+0000] {logging_mixin.py:190} INFO - [2026-03-27T10:06:45.869+0000] {dagbag.py:588} INFO - Filling up the DagBag from /opt/airflow/dags/ingestion_postgres_dag.py
[2026-03-27T10:06:45.897+0000] {processor.py:925} INFO - DAG(s) 'ingestion_postgres_tmdb' retrieved from /opt/airflow/dags/ingestion_postgres_dag.py
[2026-03-27T10:06:45.924+0000] {logging_mixin.py:190} INFO - [2026-03-27T10:06:45.924+0000] {dag.py:3239} INFO - Sync 1 DAGs
[2026-03-27T10:06:45.946+0000] {logging_mixin.py:190} INFO - [2026-03-27T10:06:45.946+0000] {dag.py:4180} INFO - Setting next_dagrun for ingestion_postgres_tmdb to 2026-03-02 10:00:00+00:00, run_after=2026-04-06 10:00:00+00:00
[2026-03-27T10:06:45.965+0000] {processor.py:208} INFO - Processing /opt/airflow/dags/ingestion_postgres_dag.py took 0.105 seconds
[2026-03-27T10:07:16.178+0000] {processor.py:186} INFO - Started process (PID=557) to work on /opt/airflow/dags/ingestion_postgres_dag.py
[2026-03-27T10:07:16.179+0000] {processor.py:914} INFO - Processing file /opt/airflow/dags/ingestion_postgres_dag.py for tasks to queue
[2026-03-27T10:07:16.182+0000] {logging_mixin.py:190} INFO - [2026-03-27T10:07:16.182+0000] {dagbag.py:588} INFO - Filling up the DagBag from /opt/airflow/dags/ingestion_postgres_dag.py
[2026-03-27T10:07:16.202+0000] {processor.py:925} INFO - DAG(s) 'ingestion_postgres_tmdb' retrieved from /opt/airflow/dags/ingestion_postgres_dag.py
[2026-03-27T10:07:16.232+0000] {logging_mixin.py:190} INFO - [2026-03-27T10:07:16.232+0000] {dag.py:3239} INFO - Sync 1 DAGs
[2026-03-27T10:07:16.257+0000] {logging_mixin.py:190} INFO - [2026-03-27T10:07:16.257+0000] {dag.py:4180} INFO - Setting next_dagrun for ingestion_postgres_tmdb to 2026-03-02 10:00:00+00:00, run_after=2026-04-06 10:00:00+00:00
[2026-03-27T10:07:16.275+0000] {processor.py:208} INFO - Processing /opt/airflow/dags/ingestion_postgres_dag.py took 0.104 seconds
[2026-03-27T10:07:46.376+0000] {processor.py:186} INFO - Started process (PID=567) to work on /opt/airflow/dags/ingestion_postgres_dag.py
[2026-03-27T10:07:46.377+0000] {processor.py:914} INFO - Processing file /opt/airflow/dags/ingestion_postgres_dag.py for tasks to queue
[2026-03-27T10:07:46.380+0000] {logging_mixin.py:190} INFO - [2026-03-27T10:07:46.380+0000] {dagbag.py:588} INFO - Filling up the DagBag from /opt/airflow/dags/ingestion_postgres_dag.py
[2026-03-27T10:07:46.405+0000] {processor.py:925} INFO - DAG(s) 'ingestion_postgres_tmdb' retrieved from /opt/airflow/dags/ingestion_postgres_dag.py
[2026-03-27T10:07:46.434+0000] {logging_mixin.py:190} INFO - [2026-03-27T10:07:46.433+0000] {dag.py:3239} INFO - Sync 1 DAGs
[2026-03-27T10:07:46.458+0000] {logging_mixin.py:190} INFO - [2026-03-27T10:07:46.458+0000] {dag.py:4180} INFO - Setting next_dagrun for ingestion_postgres_tmdb to 2026-03-02 10:00:00+00:00, run_after=2026-04-06 10:00:00+00:00
[2026-03-27T10:07:46.478+0000] {processor.py:208} INFO - Processing /opt/airflow/dags/ingestion_postgres_dag.py took 0.110 seconds
[2026-03-27T10:08:16.679+0000] {processor.py:186} INFO - Started process (PID=577) to work on /opt/airflow/dags/ingestion_postgres_dag.py
[2026-03-27T10:08:16.680+0000] {processor.py:914} INFO - Processing file /opt/airflow/dags/ingestion_postgres_dag.py for tasks to queue
[2026-03-27T10:08:16.682+0000] {logging_mixin.py:190} INFO - [2026-03-27T10:08:16.682+0000] {dagbag.py:588} INFO - Filling up the DagBag from /opt/airflow/dags/ingestion_postgres_dag.py
[2026-03-27T10:08:16.702+0000] {processor.py:925} INFO - DAG(s) 'ingestion_postgres_tmdb' retrieved from /opt/airflow/dags/ingestion_postgres_dag.py
[2026-03-27T10:08:16.731+0000] {logging_mixin.py:190} INFO - [2026-03-27T10:08:16.731+0000] {dag.py:3239} INFO - Sync 1 DAGs
[2026-03-27T10:08:16.754+0000] {logging_mixin.py:190} INFO - [2026-03-27T10:08:16.754+0000] {dag.py:4180} INFO - Setting next_dagrun for ingestion_postgres_tmdb to 2026-03-02 10:00:00+00:00, run_after=2026-04-06 10:00:00+00:00
[2026-03-27T10:08:16.775+0000] {processor.py:208} INFO - Processing /opt/airflow/dags/ingestion_postgres_dag.py took 0.103 seconds
[2026-03-27T10:08:46.920+0000] {processor.py:186} INFO - Started process (PID=587) to work on /opt/airflow/dags/ingestion_postgres_dag.py
[2026-03-27T10:08:46.921+0000] {processor.py:914} INFO - Processing file /opt/airflow/dags/ingestion_postgres_dag.py for tasks to queue
[2026-03-27T10:08:46.923+0000] {logging_mixin.py:190} INFO - [2026-03-27T10:08:46.923+0000] {dagbag.py:588} INFO - Filling up the DagBag from /opt/airflow/dags/ingestion_postgres_dag.py
[2026-03-27T10:08:46.944+0000] {processor.py:925} INFO - DAG(s) 'ingestion_postgres_tmdb' retrieved from /opt/airflow/dags/ingestion_postgres_dag.py
[2026-03-27T10:08:46.998+0000] {logging_mixin.py:190} INFO - [2026-03-27T10:08:46.998+0000] {dag.py:3239} INFO - Sync 1 DAGs
[2026-03-27T10:08:47.031+0000] {logging_mixin.py:190} INFO - [2026-03-27T10:08:47.030+0000] {dag.py:4180} INFO - Setting next_dagrun for ingestion_postgres_tmdb to 2026-03-02 10:00:00+00:00, run_after=2026-04-06 10:00:00+00:00
[2026-03-27T10:08:47.060+0000] {processor.py:208} INFO - Processing /opt/airflow/dags/ingestion_postgres_dag.py took 0.146 seconds
[2026-03-27T10:09:17.243+0000] {processor.py:186} INFO - Started process (PID=597) to work on /opt/airflow/dags/ingestion_postgres_dag.py
[2026-03-27T10:09:17.244+0000] {processor.py:914} INFO - Processing file /opt/airflow/dags/ingestion_postgres_dag.py for tasks to queue
[2026-03-27T10:09:17.246+0000] {logging_mixin.py:190} INFO - [2026-03-27T10:09:17.246+0000] {dagbag.py:588} INFO - Filling up the DagBag from /opt/airflow/dags/ingestion_postgres_dag.py
[2026-03-27T10:09:17.276+0000] {processor.py:925} INFO - DAG(s) 'ingestion_postgres_tmdb' retrieved from /opt/airflow/dags/ingestion_postgres_dag.py
[2026-03-27T10:09:17.309+0000] {logging_mixin.py:190} INFO - [2026-03-27T10:09:17.309+0000] {dag.py:3239} INFO - Sync 1 DAGs
[2026-03-27T10:09:17.333+0000] {logging_mixin.py:190} INFO - [2026-03-27T10:09:17.333+0000] {dag.py:4180} INFO - Setting next_dagrun for ingestion_postgres_tmdb to 2026-03-02 10:00:00+00:00, run_after=2026-04-06 10:00:00+00:00
[2026-03-27T10:09:17.355+0000] {processor.py:208} INFO - Processing /opt/airflow/dags/ingestion_postgres_dag.py took 0.119 seconds
[2026-03-27T10:09:47.533+0000] {processor.py:186} INFO - Started process (PID=607) to work on /opt/airflow/dags/ingestion_postgres_dag.py
[2026-03-27T10:09:47.534+0000] {processor.py:914} INFO - Processing file /opt/airflow/dags/ingestion_postgres_dag.py for tasks to queue
[2026-03-27T10:09:47.537+0000] {logging_mixin.py:190} INFO - [2026-03-27T10:09:47.537+0000] {dagbag.py:588} INFO - Filling up the DagBag from /opt/airflow/dags/ingestion_postgres_dag.py
[2026-03-27T10:09:47.563+0000] {processor.py:925} INFO - DAG(s) 'ingestion_postgres_tmdb' retrieved from /opt/airflow/dags/ingestion_postgres_dag.py
[2026-03-27T10:09:47.589+0000] {logging_mixin.py:190} INFO - [2026-03-27T10:09:47.589+0000] {dag.py:3239} INFO - Sync 1 DAGs
[2026-03-27T10:09:47.609+0000] {logging_mixin.py:190} INFO - [2026-03-27T10:09:47.609+0000] {dag.py:4180} INFO - Setting next_dagrun for ingestion_postgres_tmdb to 2026-03-02 10:00:00+00:00, run_after=2026-04-06 10:00:00+00:00
[2026-03-27T10:09:47.630+0000] {processor.py:208} INFO - Processing /opt/airflow/dags/ingestion_postgres_dag.py took 0.107 seconds
[2026-03-27T10:10:17.855+0000] {processor.py:186} INFO - Started process (PID=617) to work on /opt/airflow/dags/ingestion_postgres_dag.py
[2026-03-27T10:10:17.857+0000] {processor.py:914} INFO - Processing file /opt/airflow/dags/ingestion_postgres_dag.py for tasks to queue
[2026-03-27T10:10:17.860+0000] {logging_mixin.py:190} INFO - [2026-03-27T10:10:17.860+0000] {dagbag.py:588} INFO - Filling up the DagBag from /opt/airflow/dags/ingestion_postgres_dag.py
[2026-03-27T10:10:17.883+0000] {processor.py:925} INFO - DAG(s) 'ingestion_postgres_tmdb' retrieved from /opt/airflow/dags/ingestion_postgres_dag.py
[2026-03-27T10:10:17.913+0000] {logging_mixin.py:190} INFO - [2026-03-27T10:10:17.912+0000] {dag.py:3239} INFO - Sync 1 DAGs
[2026-03-27T10:10:17.936+0000] {logging_mixin.py:190} INFO - [2026-03-27T10:10:17.935+0000] {dag.py:4180} INFO - Setting next_dagrun for ingestion_postgres_tmdb to 2026-03-02 10:00:00+00:00, run_after=2026-04-06 10:00:00+00:00
[2026-03-27T10:10:17.952+0000] {processor.py:208} INFO - Processing /opt/airflow/dags/ingestion_postgres_dag.py took 0.104 seconds
[2026-03-27T10:10:48.052+0000] {processor.py:186} INFO - Started process (PID=627) to work on /opt/airflow/dags/ingestion_postgres_dag.py
[2026-03-27T10:10:48.053+0000] {processor.py:914} INFO - Processing file /opt/airflow/dags/ingestion_postgres_dag.py for tasks to queue
[2026-03-27T10:10:48.056+0000] {logging_mixin.py:190} INFO - [2026-03-27T10:10:48.055+0000] {dagbag.py:588} INFO - Filling up the DagBag from /opt/airflow/dags/ingestion_postgres_dag.py
[2026-03-27T10:10:48.074+0000] {processor.py:925} INFO - DAG(s) 'ingestion_postgres_tmdb' retrieved from /opt/airflow/dags/ingestion_postgres_dag.py
[2026-03-27T10:10:48.100+0000] {logging_mixin.py:190} INFO - [2026-03-27T10:10:48.100+0000] {dag.py:3239} INFO - Sync 1 DAGs
[2026-03-27T10:10:48.119+0000] {logging_mixin.py:190} INFO - [2026-03-27T10:10:48.119+0000] {dag.py:4180} INFO - Setting next_dagrun for ingestion_postgres_tmdb to 2026-03-02 10:00:00+00:00, run_after=2026-04-06 10:00:00+00:00
[2026-03-27T10:10:48.136+0000] {processor.py:208} INFO - Processing /opt/airflow/dags/ingestion_postgres_dag.py took 0.090 seconds
[2026-03-27T10:11:18.272+0000] {processor.py:186} INFO - Started process (PID=637) to work on /opt/airflow/dags/ingestion_postgres_dag.py
[2026-03-27T10:11:18.273+0000] {processor.py:914} INFO - Processing file /opt/airflow/dags/ingestion_postgres_dag.py for tasks to queue
[2026-03-27T10:11:18.275+0000] {logging_mixin.py:190} INFO - [2026-03-27T10:11:18.274+0000] {dagbag.py:588} INFO - Filling up the DagBag from /opt/airflow/dags/ingestion_postgres_dag.py
[2026-03-27T10:11:18.313+0000] {processor.py:925} INFO - DAG(s) 'ingestion_postgres_tmdb' retrieved from /opt/airflow/dags/ingestion_postgres_dag.py
[2026-03-27T10:11:18.339+0000] {logging_mixin.py:190} INFO - [2026-03-27T10:11:18.339+0000] {dag.py:3239} INFO - Sync 1 DAGs
[2026-03-27T10:11:18.360+0000] {logging_mixin.py:190} INFO - [2026-03-27T10:11:18.360+0000] {dag.py:4180} INFO - Setting next_dagrun for ingestion_postgres_tmdb to 2026-03-02 10:00:00+00:00, run_after=2026-04-06 10:00:00+00:00
[2026-03-27T10:11:18.380+0000] {processor.py:208} INFO - Processing /opt/airflow/dags/ingestion_postgres_dag.py took 0.115 seconds
[2026-03-27T10:11:48.507+0000] {processor.py:186} INFO - Started process (PID=647) to work on /opt/airflow/dags/ingestion_postgres_dag.py
[2026-03-27T10:11:48.508+0000] {processor.py:914} INFO - Processing file /opt/airflow/dags/ingestion_postgres_dag.py for tasks to queue
[2026-03-27T10:11:48.510+0000] {logging_mixin.py:190} INFO - [2026-03-27T10:11:48.510+0000] {dagbag.py:588} INFO - Filling up the DagBag from /opt/airflow/dags/ingestion_postgres_dag.py
[2026-03-27T10:11:48.530+0000] {processor.py:925} INFO - DAG(s) 'ingestion_postgres_tmdb' retrieved from /opt/airflow/dags/ingestion_postgres_dag.py
[2026-03-27T10:11:48.562+0000] {logging_mixin.py:190} INFO - [2026-03-27T10:11:48.562+0000] {dag.py:3239} INFO - Sync 1 DAGs
[2026-03-27T10:11:48.584+0000] {logging_mixin.py:190} INFO - [2026-03-27T10:11:48.584+0000] {dag.py:4180} INFO - Setting next_dagrun for ingestion_postgres_tmdb to 2026-03-02 10:00:00+00:00, run_after=2026-04-06 10:00:00+00:00
[2026-03-27T10:11:48.604+0000] {processor.py:208} INFO - Processing /opt/airflow/dags/ingestion_postgres_dag.py took 0.104 seconds
[2026-03-27T10:12:18.802+0000] {processor.py:186} INFO - Started process (PID=657) to work on /opt/airflow/dags/ingestion_postgres_dag.py
[2026-03-27T10:12:18.803+0000] {processor.py:914} INFO - Processing file /opt/airflow/dags/ingestion_postgres_dag.py for tasks to queue
[2026-03-27T10:12:18.806+0000] {logging_mixin.py:190} INFO - [2026-03-27T10:12:18.805+0000] {dagbag.py:588} INFO - Filling up the DagBag from /opt/airflow/dags/ingestion_postgres_dag.py
[2026-03-27T10:12:18.826+0000] {processor.py:925} INFO - DAG(s) 'ingestion_postgres_tmdb' retrieved from /opt/airflow/dags/ingestion_postgres_dag.py
[2026-03-27T10:12:18.857+0000] {logging_mixin.py:190} INFO - [2026-03-27T10:12:18.856+0000] {dag.py:3239} INFO - Sync 1 DAGs
[2026-03-27T10:12:18.890+0000] {logging_mixin.py:190} INFO - [2026-03-27T10:12:18.889+0000] {dag.py:4180} INFO - Setting next_dagrun for ingestion_postgres_tmdb to 2026-03-02 10:00:00+00:00, run_after=2026-04-06 10:00:00+00:00
[2026-03-27T10:12:18.917+0000] {processor.py:208} INFO - Processing /opt/airflow/dags/ingestion_postgres_dag.py took 0.120 seconds
[2026-03-27T10:12:49.036+0000] {processor.py:186} INFO - Started process (PID=667) to work on /opt/airflow/dags/ingestion_postgres_dag.py
[2026-03-27T10:12:49.038+0000] {processor.py:914} INFO - Processing file /opt/airflow/dags/ingestion_postgres_dag.py for tasks to queue
[2026-03-27T10:12:49.042+0000] {logging_mixin.py:190} INFO - [2026-03-27T10:12:49.042+0000] {dagbag.py:588} INFO - Filling up the DagBag from /opt/airflow/dags/ingestion_postgres_dag.py
[2026-03-27T10:12:49.073+0000] {processor.py:925} INFO - DAG(s) 'ingestion_postgres_tmdb' retrieved from /opt/airflow/dags/ingestion_postgres_dag.py
[2026-03-27T10:12:49.115+0000] {logging_mixin.py:190} INFO - [2026-03-27T10:12:49.114+0000] {dag.py:3239} INFO - Sync 1 DAGs
[2026-03-27T10:12:49.144+0000] {logging_mixin.py:190} INFO - [2026-03-27T10:12:49.144+0000] {dag.py:4180} INFO - Setting next_dagrun for ingestion_postgres_tmdb to 2026-03-02 10:00:00+00:00, run_after=2026-04-06 10:00:00+00:00
[2026-03-27T10:12:49.169+0000] {processor.py:208} INFO - Processing /opt/airflow/dags/ingestion_postgres_dag.py took 0.142 seconds
[2026-03-27T10:13:19.397+0000] {processor.py:186} INFO - Started process (PID=677) to work on /opt/airflow/dags/ingestion_postgres_dag.py
[2026-03-27T10:13:19.398+0000] {processor.py:914} INFO - Processing file /opt/airflow/dags/ingestion_postgres_dag.py for tasks to queue
[2026-03-27T10:13:19.400+0000] {logging_mixin.py:190} INFO - [2026-03-27T10:13:19.400+0000] {dagbag.py:588} INFO - Filling up the DagBag from /opt/airflow/dags/ingestion_postgres_dag.py
[2026-03-27T10:13:19.418+0000] {processor.py:925} INFO - DAG(s) 'ingestion_postgres_tmdb' retrieved from /opt/airflow/dags/ingestion_postgres_dag.py
[2026-03-27T10:13:19.445+0000] {logging_mixin.py:190} INFO - [2026-03-27T10:13:19.445+0000] {dag.py:3239} INFO - Sync 1 DAGs
[2026-03-27T10:13:19.468+0000] {logging_mixin.py:190} INFO - [2026-03-27T10:13:19.467+0000] {dag.py:4180} INFO - Setting next_dagrun for ingestion_postgres_tmdb to 2026-03-02 10:00:00+00:00, run_after=2026-04-06 10:00:00+00:00
[2026-03-27T10:13:19.485+0000] {processor.py:208} INFO - Processing /opt/airflow/dags/ingestion_postgres_dag.py took 0.095 seconds
[2026-03-27T10:13:49.676+0000] {processor.py:186} INFO - Started process (PID=687) to work on /opt/airflow/dags/ingestion_postgres_dag.py
[2026-03-27T10:13:49.677+0000] {processor.py:914} INFO - Processing file /opt/airflow/dags/ingestion_postgres_dag.py for tasks to queue
[2026-03-27T10:13:49.679+0000] {logging_mixin.py:190} INFO - [2026-03-27T10:13:49.678+0000] {dagbag.py:588} INFO - Filling up the DagBag from /opt/airflow/dags/ingestion_postgres_dag.py
[2026-03-27T10:13:49.700+0000] {processor.py:925} INFO - DAG(s) 'ingestion_postgres_tmdb' retrieved from /opt/airflow/dags/ingestion_postgres_dag.py
[2026-03-27T10:13:49.727+0000] {logging_mixin.py:190} INFO - [2026-03-27T10:13:49.726+0000] {dag.py:3239} INFO - Sync 1 DAGs
[2026-03-27T10:13:49.747+0000] {logging_mixin.py:190} INFO - [2026-03-27T10:13:49.747+0000] {dag.py:4180} INFO - Setting next_dagrun for ingestion_postgres_tmdb to 2026-03-02 10:00:00+00:00, run_after=2026-04-06 10:00:00+00:00
[2026-03-27T10:13:49.766+0000] {processor.py:208} INFO - Processing /opt/airflow/dags/ingestion_postgres_dag.py took 0.096 seconds
[2026-03-27T10:14:19.838+0000] {processor.py:186} INFO - Started process (PID=697) to work on /opt/airflow/dags/ingestion_postgres_dag.py
[2026-03-27T10:14:19.839+0000] {processor.py:914} INFO - Processing file /opt/airflow/dags/ingestion_postgres_dag.py for tasks to queue
[2026-03-27T10:14:19.841+0000] {logging_mixin.py:190} INFO - [2026-03-27T10:14:19.840+0000] {dagbag.py:588} INFO - Filling up the DagBag from /opt/airflow/dags/ingestion_postgres_dag.py
[2026-03-27T10:14:19.858+0000] {processor.py:925} INFO - DAG(s) 'ingestion_postgres_tmdb' retrieved from /opt/airflow/dags/ingestion_postgres_dag.py
[2026-03-27T10:14:19.884+0000] {logging_mixin.py:190} INFO - [2026-03-27T10:14:19.884+0000] {dag.py:3239} INFO - Sync 1 DAGs
[2026-03-27T10:14:19.906+0000] {logging_mixin.py:190} INFO - [2026-03-27T10:14:19.906+0000] {dag.py:4180} INFO - Setting next_dagrun for ingestion_postgres_tmdb to 2026-03-02 10:00:00+00:00, run_after=2026-04-06 10:00:00+00:00
[2026-03-27T10:14:19.934+0000] {processor.py:208} INFO - Processing /opt/airflow/dags/ingestion_postgres_dag.py took 0.102 seconds
[2026-03-27T10:14:50.064+0000] {processor.py:186} INFO - Started process (PID=707) to work on /opt/airflow/dags/ingestion_postgres_dag.py
[2026-03-27T10:14:50.065+0000] {processor.py:914} INFO - Processing file /opt/airflow/dags/ingestion_postgres_dag.py for tasks to queue
[2026-03-27T10:14:50.067+0000] {logging_mixin.py:190} INFO - [2026-03-27T10:14:50.067+0000] {dagbag.py:588} INFO - Filling up the DagBag from /opt/airflow/dags/ingestion_postgres_dag.py
[2026-03-27T10:14:50.086+0000] {processor.py:925} INFO - DAG(s) 'ingestion_postgres_tmdb' retrieved from /opt/airflow/dags/ingestion_postgres_dag.py
[2026-03-27T10:14:50.108+0000] {logging_mixin.py:190} INFO - [2026-03-27T10:14:50.108+0000] {dag.py:3239} INFO - Sync 1 DAGs
[2026-03-27T10:14:50.125+0000] {logging_mixin.py:190} INFO - [2026-03-27T10:14:50.125+0000] {dag.py:4180} INFO - Setting next_dagrun for ingestion_postgres_tmdb to 2026-03-02 10:00:00+00:00, run_after=2026-04-06 10:00:00+00:00
[2026-03-27T10:14:50.145+0000] {processor.py:208} INFO - Processing /opt/airflow/dags/ingestion_postgres_dag.py took 0.086 seconds
[2026-03-27T10:15:20.233+0000] {processor.py:186} INFO - Started process (PID=717) to work on /opt/airflow/dags/ingestion_postgres_dag.py
[2026-03-27T10:15:20.234+0000] {processor.py:914} INFO - Processing file /opt/airflow/dags/ingestion_postgres_dag.py for tasks to queue
[2026-03-27T10:15:20.236+0000] {logging_mixin.py:190} INFO - [2026-03-27T10:15:20.236+0000] {dagbag.py:588} INFO - Filling up the DagBag from /opt/airflow/dags/ingestion_postgres_dag.py
[2026-03-27T10:15:20.259+0000] {processor.py:925} INFO - DAG(s) 'ingestion_postgres_tmdb' retrieved from /opt/airflow/dags/ingestion_postgres_dag.py
[2026-03-27T10:15:20.286+0000] {logging_mixin.py:190} INFO - [2026-03-27T10:15:20.286+0000] {dag.py:3239} INFO - Sync 1 DAGs
[2026-03-27T10:15:20.308+0000] {logging_mixin.py:190} INFO - [2026-03-27T10:15:20.308+0000] {dag.py:4180} INFO - Setting next_dagrun for ingestion_postgres_tmdb to 2026-03-02 10:00:00+00:00, run_after=2026-04-06 10:00:00+00:00
[2026-03-27T10:15:20.333+0000] {processor.py:208} INFO - Processing /opt/airflow/dags/ingestion_postgres_dag.py took 0.108 seconds
[2026-03-27T10:15:50.513+0000] {processor.py:186} INFO - Started process (PID=727) to work on /opt/airflow/dags/ingestion_postgres_dag.py
[2026-03-27T10:15:50.514+0000] {processor.py:914} INFO - Processing file /opt/airflow/dags/ingestion_postgres_dag.py for tasks to queue
[2026-03-27T10:15:50.518+0000] {logging_mixin.py:190} INFO - [2026-03-27T10:15:50.517+0000] {dagbag.py:588} INFO - Filling up the DagBag from /opt/airflow/dags/ingestion_postgres_dag.py
[2026-03-27T10:15:50.539+0000] {processor.py:925} INFO - DAG(s) 'ingestion_postgres_tmdb' retrieved from /opt/airflow/dags/ingestion_postgres_dag.py
[2026-03-27T10:15:50.569+0000] {logging_mixin.py:190} INFO - [2026-03-27T10:15:50.569+0000] {dag.py:3239} INFO - Sync 1 DAGs
[2026-03-27T10:15:50.591+0000] {logging_mixin.py:190} INFO - [2026-03-27T10:15:50.590+0000] {dag.py:4180} INFO - Setting next_dagrun for ingestion_postgres_tmdb to 2026-03-02 10:00:00+00:00, run_after=2026-04-06 10:00:00+00:00
[2026-03-27T10:15:50.609+0000] {processor.py:208} INFO - Processing /opt/airflow/dags/ingestion_postgres_dag.py took 0.103 seconds
[2026-03-27T10:16:20.682+0000] {processor.py:186} INFO - Started process (PID=737) to work on /opt/airflow/dags/ingestion_postgres_dag.py
[2026-03-27T10:16:20.683+0000] {processor.py:914} INFO - Processing file /opt/airflow/dags/ingestion_postgres_dag.py for tasks to queue
[2026-03-27T10:16:20.685+0000] {logging_mixin.py:190} INFO - [2026-03-27T10:16:20.684+0000] {dagbag.py:588} INFO - Filling up the DagBag from /opt/airflow/dags/ingestion_postgres_dag.py
[2026-03-27T10:16:20.703+0000] {processor.py:925} INFO - DAG(s) 'ingestion_postgres_tmdb' retrieved from /opt/airflow/dags/ingestion_postgres_dag.py
[2026-03-27T10:16:20.728+0000] {logging_mixin.py:190} INFO - [2026-03-27T10:16:20.727+0000] {dag.py:3239} INFO - Sync 1 DAGs
[2026-03-27T10:16:20.750+0000] {logging_mixin.py:190} INFO - [2026-03-27T10:16:20.750+0000] {dag.py:4180} INFO - Setting next_dagrun for ingestion_postgres_tmdb to 2026-03-02 10:00:00+00:00, run_after=2026-04-06 10:00:00+00:00
[2026-03-27T10:16:20.766+0000] {processor.py:208} INFO - Processing /opt/airflow/dags/ingestion_postgres_dag.py took 0.091 seconds
[2026-03-27T10:16:50.928+0000] {processor.py:186} INFO - Started process (PID=747) to work on /opt/airflow/dags/ingestion_postgres_dag.py
[2026-03-27T10:16:50.929+0000] {processor.py:914} INFO - Processing file /opt/airflow/dags/ingestion_postgres_dag.py for tasks to queue
[2026-03-27T10:16:50.931+0000] {logging_mixin.py:190} INFO - [2026-03-27T10:16:50.930+0000] {dagbag.py:588} INFO - Filling up the DagBag from /opt/airflow/dags/ingestion_postgres_dag.py
[2026-03-27T10:16:50.972+0000] {processor.py:925} INFO - DAG(s) 'ingestion_postgres_tmdb' retrieved from /opt/airflow/dags/ingestion_postgres_dag.py
[2026-03-27T10:16:51.002+0000] {logging_mixin.py:190} INFO - [2026-03-27T10:16:51.002+0000] {dag.py:3239} INFO - Sync 1 DAGs
[2026-03-27T10:16:51.028+0000] {logging_mixin.py:190} INFO - [2026-03-27T10:16:51.027+0000] {dag.py:4180} INFO - Setting next_dagrun for ingestion_postgres_tmdb to 2026-03-02 10:00:00+00:00, run_after=2026-04-06 10:00:00+00:00
[2026-03-27T10:16:51.053+0000] {processor.py:208} INFO - Processing /opt/airflow/dags/ingestion_postgres_dag.py took 0.131 seconds
[2026-03-27T10:17:21.271+0000] {processor.py:186} INFO - Started process (PID=757) to work on /opt/airflow/dags/ingestion_postgres_dag.py
[2026-03-27T10:17:21.273+0000] {processor.py:914} INFO - Processing file /opt/airflow/dags/ingestion_postgres_dag.py for tasks to queue
[2026-03-27T10:17:21.275+0000] {logging_mixin.py:190} INFO - [2026-03-27T10:17:21.275+0000] {dagbag.py:588} INFO - Filling up the DagBag from /opt/airflow/dags/ingestion_postgres_dag.py
[2026-03-27T10:17:21.297+0000] {processor.py:925} INFO - DAG(s) 'ingestion_postgres_tmdb' retrieved from /opt/airflow/dags/ingestion_postgres_dag.py
[2026-03-27T10:17:21.327+0000] {logging_mixin.py:190} INFO - [2026-03-27T10:17:21.327+0000] {dag.py:3239} INFO - Sync 1 DAGs
[2026-03-27T10:17:21.355+0000] {logging_mixin.py:190} INFO - [2026-03-27T10:17:21.354+0000] {dag.py:4180} INFO - Setting next_dagrun for ingestion_postgres_tmdb to 2026-03-02 10:00:00+00:00, run_after=2026-04-06 10:00:00+00:00
[2026-03-27T10:17:21.376+0000] {processor.py:208} INFO - Processing /opt/airflow/dags/ingestion_postgres_dag.py took 0.112 seconds
[2026-03-27T10:17:51.474+0000] {processor.py:186} INFO - Started process (PID=767) to work on /opt/airflow/dags/ingestion_postgres_dag.py
[2026-03-27T10:17:51.475+0000] {processor.py:914} INFO - Processing file /opt/airflow/dags/ingestion_postgres_dag.py for tasks to queue
[2026-03-27T10:17:51.478+0000] {logging_mixin.py:190} INFO - [2026-03-27T10:17:51.477+0000] {dagbag.py:588} INFO - Filling up the DagBag from /opt/airflow/dags/ingestion_postgres_dag.py
[2026-03-27T10:17:51.498+0000] {processor.py:925} INFO - DAG(s) 'ingestion_postgres_tmdb' retrieved from /opt/airflow/dags/ingestion_postgres_dag.py
[2026-03-27T10:17:51.534+0000] {logging_mixin.py:190} INFO - [2026-03-27T10:17:51.534+0000] {dag.py:3239} INFO - Sync 1 DAGs
[2026-03-27T10:17:51.559+0000] {logging_mixin.py:190} INFO - [2026-03-27T10:17:51.559+0000] {dag.py:4180} INFO - Setting next_dagrun for ingestion_postgres_tmdb to 2026-03-02 10:00:00+00:00, run_after=2026-04-06 10:00:00+00:00
[2026-03-27T10:17:51.581+0000] {processor.py:208} INFO - Processing /opt/airflow/dags/ingestion_postgres_dag.py took 0.115 seconds
[2026-03-27T10:18:21.756+0000] {processor.py:186} INFO - Started process (PID=777) to work on /opt/airflow/dags/ingestion_postgres_dag.py
[2026-03-27T10:18:21.757+0000] {processor.py:914} INFO - Processing file /opt/airflow/dags/ingestion_postgres_dag.py for tasks to queue
[2026-03-27T10:18:21.760+0000] {logging_mixin.py:190} INFO - [2026-03-27T10:18:21.759+0000] {dagbag.py:588} INFO - Filling up the DagBag from /opt/airflow/dags/ingestion_postgres_dag.py
[2026-03-27T10:18:21.785+0000] {processor.py:925} INFO - DAG(s) 'ingestion_postgres_tmdb' retrieved from /opt/airflow/dags/ingestion_postgres_dag.py
[2026-03-27T10:18:21.815+0000] {logging_mixin.py:190} INFO - [2026-03-27T10:18:21.815+0000] {dag.py:3239} INFO - Sync 1 DAGs
[2026-03-27T10:18:21.838+0000] {logging_mixin.py:190} INFO - [2026-03-27T10:18:21.838+0000] {dag.py:4180} INFO - Setting next_dagrun for ingestion_postgres_tmdb to 2026-03-02 10:00:00+00:00, run_after=2026-04-06 10:00:00+00:00
[2026-03-27T10:18:21.856+0000] {processor.py:208} INFO - Processing /opt/airflow/dags/ingestion_postgres_dag.py took 0.107 seconds
[2026-03-27T10:18:52.034+0000] {processor.py:186} INFO - Started process (PID=787) to work on /opt/airflow/dags/ingestion_postgres_dag.py
[2026-03-27T10:18:52.035+0000] {processor.py:914} INFO - Processing file /opt/airflow/dags/ingestion_postgres_dag.py for tasks to queue
[2026-03-27T10:18:52.037+0000] {logging_mixin.py:190} INFO - [2026-03-27T10:18:52.037+0000] {dagbag.py:588} INFO - Filling up the DagBag from /opt/airflow/dags/ingestion_postgres_dag.py
[2026-03-27T10:18:52.057+0000] {processor.py:925} INFO - DAG(s) 'ingestion_postgres_tmdb' retrieved from /opt/airflow/dags/ingestion_postgres_dag.py
[2026-03-27T10:18:52.084+0000] {logging_mixin.py:190} INFO - [2026-03-27T10:18:52.084+0000] {dag.py:3239} INFO - Sync 1 DAGs
[2026-03-27T10:18:52.105+0000] {logging_mixin.py:190} INFO - [2026-03-27T10:18:52.105+0000] {dag.py:4180} INFO - Setting next_dagrun for ingestion_postgres_tmdb to 2026-03-02 10:00:00+00:00, run_after=2026-04-06 10:00:00+00:00
[2026-03-27T10:18:52.125+0000] {processor.py:208} INFO - Processing /opt/airflow/dags/ingestion_postgres_dag.py took 0.097 seconds
[2026-03-27T10:19:22.196+0000] {processor.py:186} INFO - Started process (PID=797) to work on /opt/airflow/dags/ingestion_postgres_dag.py
[2026-03-27T10:19:22.197+0000] {processor.py:914} INFO - Processing file /opt/airflow/dags/ingestion_postgres_dag.py for tasks to queue
[2026-03-27T10:19:22.203+0000] {logging_mixin.py:190} INFO - [2026-03-27T10:19:22.202+0000] {dagbag.py:588} INFO - Filling up the DagBag from /opt/airflow/dags/ingestion_postgres_dag.py
[2026-03-27T10:19:22.222+0000] {processor.py:925} INFO - DAG(s) 'ingestion_postgres_tmdb' retrieved from /opt/airflow/dags/ingestion_postgres_dag.py
[2026-03-27T10:19:22.252+0000] {logging_mixin.py:190} INFO - [2026-03-27T10:19:22.252+0000] {dag.py:3239} INFO - Sync 1 DAGs
[2026-03-27T10:19:22.278+0000] {logging_mixin.py:190} INFO - [2026-03-27T10:19:22.277+0000] {dag.py:4180} INFO - Setting next_dagrun for ingestion_postgres_tmdb to 2026-03-02 10:00:00+00:00, run_after=2026-04-06 10:00:00+00:00
[2026-03-27T10:19:22.300+0000] {processor.py:208} INFO - Processing /opt/airflow/dags/ingestion_postgres_dag.py took 0.111 seconds
[2026-03-27T10:19:52.458+0000] {processor.py:186} INFO - Started process (PID=807) to work on /opt/airflow/dags/ingestion_postgres_dag.py
[2026-03-27T10:19:52.459+0000] {processor.py:914} INFO - Processing file /opt/airflow/dags/ingestion_postgres_dag.py for tasks to queue
[2026-03-27T10:19:52.461+0000] {logging_mixin.py:190} INFO - [2026-03-27T10:19:52.460+0000] {dagbag.py:588} INFO - Filling up the DagBag from /opt/airflow/dags/ingestion_postgres_dag.py
[2026-03-27T10:19:52.479+0000] {processor.py:925} INFO - DAG(s) 'ingestion_postgres_tmdb' retrieved from /opt/airflow/dags/ingestion_postgres_dag.py
[2026-03-27T10:19:52.507+0000] {logging_mixin.py:190} INFO - [2026-03-27T10:19:52.507+0000] {dag.py:3239} INFO - Sync 1 DAGs
[2026-03-27T10:19:52.531+0000] {logging_mixin.py:190} INFO - [2026-03-27T10:19:52.531+0000] {dag.py:4180} INFO - Setting next_dagrun for ingestion_postgres_tmdb to 2026-03-02 10:00:00+00:00, run_after=2026-04-06 10:00:00+00:00
[2026-03-27T10:19:52.552+0000] {processor.py:208} INFO - Processing /opt/airflow/dags/ingestion_postgres_dag.py took 0.100 seconds
[2026-03-27T10:20:22.702+0000] {processor.py:186} INFO - Started process (PID=817) to work on /opt/airflow/dags/ingestion_postgres_dag.py
[2026-03-27T10:20:22.703+0000] {processor.py:914} INFO - Processing file /opt/airflow/dags/ingestion_postgres_dag.py for tasks to queue
[2026-03-27T10:20:22.707+0000] {logging_mixin.py:190} INFO - [2026-03-27T10:20:22.706+0000] {dagbag.py:588} INFO - Filling up the DagBag from /opt/airflow/dags/ingestion_postgres_dag.py
[2026-03-27T10:20:22.728+0000] {processor.py:925} INFO - DAG(s) 'ingestion_postgres_tmdb' retrieved from /opt/airflow/dags/ingestion_postgres_dag.py
[2026-03-27T10:20:22.754+0000] {logging_mixin.py:190} INFO - [2026-03-27T10:20:22.753+0000] {dag.py:3239} INFO - Sync 1 DAGs
[2026-03-27T10:20:22.774+0000] {logging_mixin.py:190} INFO - [2026-03-27T10:20:22.774+0000] {dag.py:4180} INFO - Setting next_dagrun for ingestion_postgres_tmdb to 2026-03-02 10:00:00+00:00, run_after=2026-04-06 10:00:00+00:00
[2026-03-27T10:20:22.793+0000] {processor.py:208} INFO - Processing /opt/airflow/dags/ingestion_postgres_dag.py took 0.098 seconds
[2026-03-27T10:20:52.915+0000] {processor.py:186} INFO - Started process (PID=827) to work on /opt/airflow/dags/ingestion_postgres_dag.py
[2026-03-27T10:20:52.917+0000] {processor.py:914} INFO - Processing file /opt/airflow/dags/ingestion_postgres_dag.py for tasks to queue
[2026-03-27T10:20:52.922+0000] {logging_mixin.py:190} INFO - [2026-03-27T10:20:52.922+0000] {dagbag.py:588} INFO - Filling up the DagBag from /opt/airflow/dags/ingestion_postgres_dag.py
[2026-03-27T10:20:52.977+0000] {processor.py:925} INFO - DAG(s) 'ingestion_postgres_tmdb' retrieved from /opt/airflow/dags/ingestion_postgres_dag.py
[2026-03-27T10:20:53.011+0000] {logging_mixin.py:190} INFO - [2026-03-27T10:20:53.010+0000] {dag.py:3239} INFO - Sync 1 DAGs
[2026-03-27T10:20:53.036+0000] {logging_mixin.py:190} INFO - [2026-03-27T10:20:53.035+0000] {dag.py:4180} INFO - Setting next_dagrun for ingestion_postgres_tmdb to 2026-03-02 10:00:00+00:00, run_after=2026-04-06 10:00:00+00:00
[2026-03-27T10:20:53.053+0000] {processor.py:208} INFO - Processing /opt/airflow/dags/ingestion_postgres_dag.py took 0.154 seconds
[2026-03-27T10:21:23.201+0000] {processor.py:186} INFO - Started process (PID=837) to work on /opt/airflow/dags/ingestion_postgres_dag.py
[2026-03-27T10:21:23.202+0000] {processor.py:914} INFO - Processing file /opt/airflow/dags/ingestion_postgres_dag.py for tasks to queue
[2026-03-27T10:21:23.204+0000] {logging_mixin.py:190} INFO - [2026-03-27T10:21:23.204+0000] {dagbag.py:588} INFO - Filling up the DagBag from /opt/airflow/dags/ingestion_postgres_dag.py
[2026-03-27T10:21:23.221+0000] {processor.py:925} INFO - DAG(s) 'ingestion_postgres_tmdb' retrieved from /opt/airflow/dags/ingestion_postgres_dag.py
[2026-03-27T10:21:23.244+0000] {logging_mixin.py:190} INFO - [2026-03-27T10:21:23.244+0000] {dag.py:3239} INFO - Sync 1 DAGs
[2026-03-27T10:21:23.263+0000] {logging_mixin.py:190} INFO - [2026-03-27T10:21:23.263+0000] {dag.py:4180} INFO - Setting next_dagrun for ingestion_postgres_tmdb to 2026-03-02 10:00:00+00:00, run_after=2026-04-06 10:00:00+00:00
[2026-03-27T10:21:23.278+0000] {processor.py:208} INFO - Processing /opt/airflow/dags/ingestion_postgres_dag.py took 0.082 seconds
[2026-03-27T10:21:53.385+0000] {processor.py:186} INFO - Started process (PID=847) to work on /opt/airflow/dags/ingestion_postgres_dag.py
[2026-03-27T10:21:53.386+0000] {processor.py:914} INFO - Processing file /opt/airflow/dags/ingestion_postgres_dag.py for tasks to queue
[2026-03-27T10:21:53.388+0000] {logging_mixin.py:190} INFO - [2026-03-27T10:21:53.388+0000] {dagbag.py:588} INFO - Filling up the DagBag from /opt/airflow/dags/ingestion_postgres_dag.py
[2026-03-27T10:21:53.415+0000] {processor.py:925} INFO - DAG(s) 'ingestion_postgres_tmdb' retrieved from /opt/airflow/dags/ingestion_postgres_dag.py
[2026-03-27T10:21:53.447+0000] {logging_mixin.py:190} INFO - [2026-03-27T10:21:53.446+0000] {dag.py:3239} INFO - Sync 1 DAGs
[2026-03-27T10:21:53.470+0000] {logging_mixin.py:190} INFO - [2026-03-27T10:21:53.470+0000] {dag.py:4180} INFO - Setting next_dagrun for ingestion_postgres_tmdb to 2026-03-02 10:00:00+00:00, run_after=2026-04-06 10:00:00+00:00
[2026-03-27T10:21:53.489+0000] {processor.py:208} INFO - Processing /opt/airflow/dags/ingestion_postgres_dag.py took 0.111 seconds
[2026-03-27T10:22:23.687+0000] {processor.py:186} INFO - Started process (PID=857) to work on /opt/airflow/dags/ingestion_postgres_dag.py
[2026-03-27T10:22:23.688+0000] {processor.py:914} INFO - Processing file /opt/airflow/dags/ingestion_postgres_dag.py for tasks to queue
[2026-03-27T10:22:23.691+0000] {logging_mixin.py:190} INFO - [2026-03-27T10:22:23.691+0000] {dagbag.py:588} INFO - Filling up the DagBag from /opt/airflow/dags/ingestion_postgres_dag.py
[2026-03-27T10:22:23.711+0000] {processor.py:925} INFO - DAG(s) 'ingestion_postgres_tmdb' retrieved from /opt/airflow/dags/ingestion_postgres_dag.py
[2026-03-27T10:22:23.744+0000] {logging_mixin.py:190} INFO - [2026-03-27T10:22:23.744+0000] {dag.py:3239} INFO - Sync 1 DAGs
[2026-03-27T10:22:23.767+0000] {logging_mixin.py:190} INFO - [2026-03-27T10:22:23.766+0000] {dag.py:4180} INFO - Setting next_dagrun for ingestion_postgres_tmdb to 2026-03-02 10:00:00+00:00, run_after=2026-04-06 10:00:00+00:00
[2026-03-27T10:22:23.784+0000] {processor.py:208} INFO - Processing /opt/airflow/dags/ingestion_postgres_dag.py took 0.104 seconds
[2026-03-27T10:22:53.997+0000] {processor.py:186} INFO - Started process (PID=867) to work on /opt/airflow/dags/ingestion_postgres_dag.py
[2026-03-27T10:22:53.999+0000] {processor.py:914} INFO - Processing file /opt/airflow/dags/ingestion_postgres_dag.py for tasks to queue
[2026-03-27T10:22:54.002+0000] {logging_mixin.py:190} INFO - [2026-03-27T10:22:54.002+0000] {dagbag.py:588} INFO - Filling up the DagBag from /opt/airflow/dags/ingestion_postgres_dag.py
[2026-03-27T10:22:54.019+0000] {processor.py:925} INFO - DAG(s) 'ingestion_postgres_tmdb' retrieved from /opt/airflow/dags/ingestion_postgres_dag.py
[2026-03-27T10:22:54.043+0000] {logging_mixin.py:190} INFO - [2026-03-27T10:22:54.043+0000] {dag.py:3239} INFO - Sync 1 DAGs
[2026-03-27T10:22:54.064+0000] {logging_mixin.py:190} INFO - [2026-03-27T10:22:54.064+0000] {dag.py:4180} INFO - Setting next_dagrun for ingestion_postgres_tmdb to 2026-03-02 10:00:00+00:00, run_after=2026-04-06 10:00:00+00:00
[2026-03-27T10:22:54.082+0000] {processor.py:208} INFO - Processing /opt/airflow/dags/ingestion_postgres_dag.py took 0.092 seconds
[2026-03-27T10:23:24.153+0000] {processor.py:186} INFO - Started process (PID=877) to work on /opt/airflow/dags/ingestion_postgres_dag.py
[2026-03-27T10:23:24.154+0000] {processor.py:914} INFO - Processing file /opt/airflow/dags/ingestion_postgres_dag.py for tasks to queue
[2026-03-27T10:23:24.158+0000] {logging_mixin.py:190} INFO - [2026-03-27T10:23:24.158+0000] {dagbag.py:588} INFO - Filling up the DagBag from /opt/airflow/dags/ingestion_postgres_dag.py
[2026-03-27T10:23:24.177+0000] {processor.py:925} INFO - DAG(s) 'ingestion_postgres_tmdb' retrieved from /opt/airflow/dags/ingestion_postgres_dag.py
[2026-03-27T10:23:24.209+0000] {logging_mixin.py:190} INFO - [2026-03-27T10:23:24.209+0000] {dag.py:3239} INFO - Sync 1 DAGs
[2026-03-27T10:23:24.233+0000] {logging_mixin.py:190} INFO - [2026-03-27T10:23:24.233+0000] {dag.py:4180} INFO - Setting next_dagrun for ingestion_postgres_tmdb to 2026-03-02 10:00:00+00:00, run_after=2026-04-06 10:00:00+00:00
[2026-03-27T10:23:24.249+0000] {processor.py:208} INFO - Processing /opt/airflow/dags/ingestion_postgres_dag.py took 0.104 seconds
[2026-03-27T10:23:54.449+0000] {processor.py:186} INFO - Started process (PID=887) to work on /opt/airflow/dags/ingestion_postgres_dag.py
[2026-03-27T10:23:54.449+0000] {processor.py:914} INFO - Processing file /opt/airflow/dags/ingestion_postgres_dag.py for tasks to queue
[2026-03-27T10:23:54.451+0000] {logging_mixin.py:190} INFO - [2026-03-27T10:23:54.451+0000] {dagbag.py:588} INFO - Filling up the DagBag from /opt/airflow/dags/ingestion_postgres_dag.py
[2026-03-27T10:23:54.471+0000] {processor.py:925} INFO - DAG(s) 'ingestion_postgres_tmdb' retrieved from /opt/airflow/dags/ingestion_postgres_dag.py
[2026-03-27T10:23:54.498+0000] {logging_mixin.py:190} INFO - [2026-03-27T10:23:54.498+0000] {dag.py:3239} INFO - Sync 1 DAGs
[2026-03-27T10:23:54.521+0000] {logging_mixin.py:190} INFO - [2026-03-27T10:23:54.520+0000] {dag.py:4180} INFO - Setting next_dagrun for ingestion_postgres_tmdb to 2026-03-02 10:00:00+00:00, run_after=2026-04-06 10:00:00+00:00
[2026-03-27T10:23:54.539+0000] {processor.py:208} INFO - Processing /opt/airflow/dags/ingestion_postgres_dag.py took 0.096 seconds
[2026-03-27T10:24:24.674+0000] {processor.py:186} INFO - Started process (PID=897) to work on /opt/airflow/dags/ingestion_postgres_dag.py
[2026-03-27T10:24:24.675+0000] {processor.py:914} INFO - Processing file /opt/airflow/dags/ingestion_postgres_dag.py for tasks to queue
[2026-03-27T10:24:24.677+0000] {logging_mixin.py:190} INFO - [2026-03-27T10:24:24.677+0000] {dagbag.py:588} INFO - Filling up the DagBag from /opt/airflow/dags/ingestion_postgres_dag.py
[2026-03-27T10:24:24.697+0000] {processor.py:925} INFO - DAG(s) 'ingestion_postgres_tmdb' retrieved from /opt/airflow/dags/ingestion_postgres_dag.py
[2026-03-27T10:24:24.723+0000] {logging_mixin.py:190} INFO - [2026-03-27T10:24:24.723+0000] {dag.py:3239} INFO - Sync 1 DAGs
[2026-03-27T10:24:24.742+0000] {logging_mixin.py:190} INFO - [2026-03-27T10:24:24.742+0000] {dag.py:4180} INFO - Setting next_dagrun for ingestion_postgres_tmdb to 2026-03-02 10:00:00+00:00, run_after=2026-04-06 10:00:00+00:00
[2026-03-27T10:24:24.764+0000] {processor.py:208} INFO - Processing /opt/airflow/dags/ingestion_postgres_dag.py took 0.097 seconds
[2026-03-27T10:24:54.940+0000] {processor.py:186} INFO - Started process (PID=907) to work on /opt/airflow/dags/ingestion_postgres_dag.py
[2026-03-27T10:24:54.941+0000] {processor.py:914} INFO - Processing file /opt/airflow/dags/ingestion_postgres_dag.py for tasks to queue
[2026-03-27T10:24:54.948+0000] {logging_mixin.py:190} INFO - [2026-03-27T10:24:54.948+0000] {dagbag.py:588} INFO - Filling up the DagBag from /opt/airflow/dags/ingestion_postgres_dag.py
[2026-03-27T10:24:54.967+0000] {processor.py:925} INFO - DAG(s) 'ingestion_postgres_tmdb' retrieved from /opt/airflow/dags/ingestion_postgres_dag.py
[2026-03-27T10:24:54.998+0000] {logging_mixin.py:190} INFO - [2026-03-27T10:24:54.998+0000] {dag.py:3239} INFO - Sync 1 DAGs
[2026-03-27T10:24:55.024+0000] {logging_mixin.py:190} INFO - [2026-03-27T10:24:55.024+0000] {dag.py:4180} INFO - Setting next_dagrun for ingestion_postgres_tmdb to 2026-03-02 10:00:00+00:00, run_after=2026-04-06 10:00:00+00:00
[2026-03-27T10:24:55.048+0000] {processor.py:208} INFO - Processing /opt/airflow/dags/ingestion_postgres_dag.py took 0.118 seconds
[2026-03-27T10:25:25.217+0000] {processor.py:186} INFO - Started process (PID=917) to work on /opt/airflow/dags/ingestion_postgres_dag.py
[2026-03-27T10:25:25.218+0000] {processor.py:914} INFO - Processing file /opt/airflow/dags/ingestion_postgres_dag.py for tasks to queue
[2026-03-27T10:25:25.221+0000] {logging_mixin.py:190} INFO - [2026-03-27T10:25:25.220+0000] {dagbag.py:588} INFO - Filling up the DagBag from /opt/airflow/dags/ingestion_postgres_dag.py
[2026-03-27T10:25:25.241+0000] {processor.py:925} INFO - DAG(s) 'ingestion_postgres_tmdb' retrieved from /opt/airflow/dags/ingestion_postgres_dag.py
[2026-03-27T10:25:25.271+0000] {logging_mixin.py:190} INFO - [2026-03-27T10:25:25.271+0000] {dag.py:3239} INFO - Sync 1 DAGs
[2026-03-27T10:25:25.292+0000] {logging_mixin.py:190} INFO - [2026-03-27T10:25:25.292+0000] {dag.py:4180} INFO - Setting next_dagrun for ingestion_postgres_tmdb to 2026-03-02 10:00:00+00:00, run_after=2026-04-06 10:00:00+00:00
[2026-03-27T10:25:25.310+0000] {processor.py:208} INFO - Processing /opt/airflow/dags/ingestion_postgres_dag.py took 0.101 seconds
[2026-03-27T10:25:55.473+0000] {processor.py:186} INFO - Started process (PID=929) to work on /opt/airflow/dags/ingestion_postgres_dag.py
[2026-03-27T10:25:55.474+0000] {processor.py:914} INFO - Processing file /opt/airflow/dags/ingestion_postgres_dag.py for tasks to queue
[2026-03-27T10:25:55.476+0000] {logging_mixin.py:190} INFO - [2026-03-27T10:25:55.475+0000] {dagbag.py:588} INFO - Filling up the DagBag from /opt/airflow/dags/ingestion_postgres_dag.py
[2026-03-27T10:25:55.494+0000] {processor.py:925} INFO - DAG(s) 'ingestion_postgres_tmdb' retrieved from /opt/airflow/dags/ingestion_postgres_dag.py
[2026-03-27T10:25:55.519+0000] {logging_mixin.py:190} INFO - [2026-03-27T10:25:55.519+0000] {dag.py:3239} INFO - Sync 1 DAGs
[2026-03-27T10:25:55.539+0000] {logging_mixin.py:190} INFO - [2026-03-27T10:25:55.538+0000] {dag.py:4180} INFO - Setting next_dagrun for ingestion_postgres_tmdb to 2026-03-02 10:00:00+00:00, run_after=2026-04-06 10:00:00+00:00
[2026-03-27T10:25:55.556+0000] {processor.py:208} INFO - Processing /opt/airflow/dags/ingestion_postgres_dag.py took 0.089 seconds
[2026-03-27T10:26:25.654+0000] {processor.py:186} INFO - Started process (PID=937) to work on /opt/airflow/dags/ingestion_postgres_dag.py
[2026-03-27T10:26:25.655+0000] {processor.py:914} INFO - Processing file /opt/airflow/dags/ingestion_postgres_dag.py for tasks to queue
[2026-03-27T10:26:25.658+0000] {logging_mixin.py:190} INFO - [2026-03-27T10:26:25.658+0000] {dagbag.py:588} INFO - Filling up the DagBag from /opt/airflow/dags/ingestion_postgres_dag.py
[2026-03-27T10:26:25.691+0000] {processor.py:925} INFO - DAG(s) 'ingestion_postgres_tmdb' retrieved from /opt/airflow/dags/ingestion_postgres_dag.py
[2026-03-27T10:26:25.722+0000] {logging_mixin.py:190} INFO - [2026-03-27T10:26:25.722+0000] {dag.py:3239} INFO - Sync 1 DAGs
[2026-03-27T10:26:25.747+0000] {logging_mixin.py:190} INFO - [2026-03-27T10:26:25.747+0000] {dag.py:4180} INFO - Setting next_dagrun for ingestion_postgres_tmdb to 2026-03-02 10:00:00+00:00, run_after=2026-04-06 10:00:00+00:00
[2026-03-27T10:26:25.785+0000] {processor.py:208} INFO - Processing /opt/airflow/dags/ingestion_postgres_dag.py took 0.137 seconds
[2026-03-27T10:26:55.964+0000] {processor.py:186} INFO - Started process (PID=947) to work on /opt/airflow/dags/ingestion_postgres_dag.py
[2026-03-27T10:26:55.966+0000] {processor.py:914} INFO - Processing file /opt/airflow/dags/ingestion_postgres_dag.py for tasks to queue
[2026-03-27T10:26:55.968+0000] {logging_mixin.py:190} INFO - [2026-03-27T10:26:55.968+0000] {dagbag.py:588} INFO - Filling up the DagBag from /opt/airflow/dags/ingestion_postgres_dag.py
[2026-03-27T10:26:55.999+0000] {processor.py:925} INFO - DAG(s) 'ingestion_postgres_tmdb' retrieved from /opt/airflow/dags/ingestion_postgres_dag.py
[2026-03-27T10:26:56.030+0000] {logging_mixin.py:190} INFO - [2026-03-27T10:26:56.030+0000] {dag.py:3239} INFO - Sync 1 DAGs
[2026-03-27T10:26:56.052+0000] {logging_mixin.py:190} INFO - [2026-03-27T10:26:56.052+0000] {dag.py:4180} INFO - Setting next_dagrun for ingestion_postgres_tmdb to 2026-03-02 10:00:00+00:00, run_after=2026-04-06 10:00:00+00:00
[2026-03-27T10:26:56.075+0000] {processor.py:208} INFO - Processing /opt/airflow/dags/ingestion_postgres_dag.py took 0.119 seconds
[2026-03-27T10:27:26.234+0000] {processor.py:186} INFO - Started process (PID=957) to work on /opt/airflow/dags/ingestion_postgres_dag.py
[2026-03-27T10:27:26.235+0000] {processor.py:914} INFO - Processing file /opt/airflow/dags/ingestion_postgres_dag.py for tasks to queue
[2026-03-27T10:27:26.237+0000] {logging_mixin.py:190} INFO - [2026-03-27T10:27:26.236+0000] {dagbag.py:588} INFO - Filling up the DagBag from /opt/airflow/dags/ingestion_postgres_dag.py
[2026-03-27T10:27:26.256+0000] {processor.py:925} INFO - DAG(s) 'ingestion_postgres_tmdb' retrieved from /opt/airflow/dags/ingestion_postgres_dag.py
[2026-03-27T10:27:26.281+0000] {logging_mixin.py:190} INFO - [2026-03-27T10:27:26.281+0000] {dag.py:3239} INFO - Sync 1 DAGs
[2026-03-27T10:27:26.302+0000] {logging_mixin.py:190} INFO - [2026-03-27T10:27:26.302+0000] {dag.py:4180} INFO - Setting next_dagrun for ingestion_postgres_tmdb to 2026-03-02 10:00:00+00:00, run_after=2026-04-06 10:00:00+00:00
[2026-03-27T10:27:26.323+0000] {processor.py:208} INFO - Processing /opt/airflow/dags/ingestion_postgres_dag.py took 0.095 seconds
[2026-03-27T10:27:56.402+0000] {processor.py:186} INFO - Started process (PID=967) to work on /opt/airflow/dags/ingestion_postgres_dag.py
[2026-03-27T10:27:56.403+0000] {processor.py:914} INFO - Processing file /opt/airflow/dags/ingestion_postgres_dag.py for tasks to queue
[2026-03-27T10:27:56.406+0000] {logging_mixin.py:190} INFO - [2026-03-27T10:27:56.405+0000] {dagbag.py:588} INFO - Filling up the DagBag from /opt/airflow/dags/ingestion_postgres_dag.py
[2026-03-27T10:27:56.449+0000] {processor.py:925} INFO - DAG(s) 'ingestion_postgres_tmdb' retrieved from /opt/airflow/dags/ingestion_postgres_dag.py
[2026-03-27T10:27:56.481+0000] {logging_mixin.py:190} INFO - [2026-03-27T10:27:56.481+0000] {dag.py:3239} INFO - Sync 1 DAGs
[2026-03-27T10:27:56.504+0000] {logging_mixin.py:190} INFO - [2026-03-27T10:27:56.504+0000] {dag.py:4180} INFO - Setting next_dagrun for ingestion_postgres_tmdb to 2026-03-02 10:00:00+00:00, run_after=2026-04-06 10:00:00+00:00
[2026-03-27T10:27:56.526+0000] {processor.py:208} INFO - Processing /opt/airflow/dags/ingestion_postgres_dag.py took 0.130 seconds
[2026-03-27T10:28:26.693+0000] {processor.py:186} INFO - Started process (PID=977) to work on /opt/airflow/dags/ingestion_postgres_dag.py
[2026-03-27T10:28:26.695+0000] {processor.py:914} INFO - Processing file /opt/airflow/dags/ingestion_postgres_dag.py for tasks to queue
[2026-03-27T10:28:26.698+0000] {logging_mixin.py:190} INFO - [2026-03-27T10:28:26.697+0000] {dagbag.py:588} INFO - Filling up the DagBag from /opt/airflow/dags/ingestion_postgres_dag.py
[2026-03-27T10:28:26.717+0000] {processor.py:925} INFO - DAG(s) 'ingestion_postgres_tmdb' retrieved from /opt/airflow/dags/ingestion_postgres_dag.py
[2026-03-27T10:28:26.764+0000] {logging_mixin.py:190} INFO - [2026-03-27T10:28:26.763+0000] {dag.py:3239} INFO - Sync 1 DAGs
[2026-03-27T10:28:26.783+0000] {logging_mixin.py:190} INFO - [2026-03-27T10:28:26.783+0000] {dag.py:4180} INFO - Setting next_dagrun for ingestion_postgres_tmdb to 2026-03-02 10:00:00+00:00, run_after=2026-04-06 10:00:00+00:00
[2026-03-27T10:28:26.802+0000] {processor.py:208} INFO - Processing /opt/airflow/dags/ingestion_postgres_dag.py took 0.114 seconds
[2026-03-27T10:28:56.966+0000] {processor.py:186} INFO - Started process (PID=987) to work on /opt/airflow/dags/ingestion_postgres_dag.py
[2026-03-27T10:28:56.971+0000] {processor.py:914} INFO - Processing file /opt/airflow/dags/ingestion_postgres_dag.py for tasks to queue
[2026-03-27T10:28:56.975+0000] {logging_mixin.py:190} INFO - [2026-03-27T10:28:56.974+0000] {dagbag.py:588} INFO - Filling up the DagBag from /opt/airflow/dags/ingestion_postgres_dag.py
[2026-03-27T10:28:57.005+0000] {processor.py:925} INFO - DAG(s) 'ingestion_postgres_tmdb' retrieved from /opt/airflow/dags/ingestion_postgres_dag.py
[2026-03-27T10:28:57.032+0000] {logging_mixin.py:190} INFO - [2026-03-27T10:28:57.032+0000] {dag.py:3239} INFO - Sync 1 DAGs
[2026-03-27T10:28:57.053+0000] {logging_mixin.py:190} INFO - [2026-03-27T10:28:57.052+0000] {dag.py:4180} INFO - Setting next_dagrun for ingestion_postgres_tmdb to 2026-03-02 10:00:00+00:00, run_after=2026-04-06 10:00:00+00:00
[2026-03-27T10:28:57.071+0000] {processor.py:208} INFO - Processing /opt/airflow/dags/ingestion_postgres_dag.py took 0.112 seconds
[2026-03-27T10:29:27.234+0000] {processor.py:186} INFO - Started process (PID=997) to work on /opt/airflow/dags/ingestion_postgres_dag.py
[2026-03-27T10:29:27.235+0000] {processor.py:914} INFO - Processing file /opt/airflow/dags/ingestion_postgres_dag.py for tasks to queue
[2026-03-27T10:29:27.238+0000] {logging_mixin.py:190} INFO - [2026-03-27T10:29:27.237+0000] {dagbag.py:588} INFO - Filling up the DagBag from /opt/airflow/dags/ingestion_postgres_dag.py
[2026-03-27T10:29:27.257+0000] {processor.py:925} INFO - DAG(s) 'ingestion_postgres_tmdb' retrieved from /opt/airflow/dags/ingestion_postgres_dag.py
[2026-03-27T10:29:27.286+0000] {logging_mixin.py:190} INFO - [2026-03-27T10:29:27.286+0000] {dag.py:3239} INFO - Sync 1 DAGs
[2026-03-27T10:29:27.309+0000] {logging_mixin.py:190} INFO - [2026-03-27T10:29:27.308+0000] {dag.py:4180} INFO - Setting next_dagrun for ingestion_postgres_tmdb to 2026-03-02 10:00:00+00:00, run_after=2026-04-06 10:00:00+00:00
[2026-03-27T10:29:27.328+0000] {processor.py:208} INFO - Processing /opt/airflow/dags/ingestion_postgres_dag.py took 0.099 seconds
[2026-03-27T10:29:57.494+0000] {processor.py:186} INFO - Started process (PID=1007) to work on /opt/airflow/dags/ingestion_postgres_dag.py
[2026-03-27T10:29:57.495+0000] {processor.py:914} INFO - Processing file /opt/airflow/dags/ingestion_postgres_dag.py for tasks to queue
[2026-03-27T10:29:57.496+0000] {logging_mixin.py:190} INFO - [2026-03-27T10:29:57.496+0000] {dagbag.py:588} INFO - Filling up the DagBag from /opt/airflow/dags/ingestion_postgres_dag.py
[2026-03-27T10:29:57.512+0000] {processor.py:925} INFO - DAG(s) 'ingestion_postgres_tmdb' retrieved from /opt/airflow/dags/ingestion_postgres_dag.py
[2026-03-27T10:29:57.537+0000] {logging_mixin.py:190} INFO - [2026-03-27T10:29:57.537+0000] {dag.py:3239} INFO - Sync 1 DAGs
[2026-03-27T10:29:57.556+0000] {logging_mixin.py:190} INFO - [2026-03-27T10:29:57.556+0000] {dag.py:4180} INFO - Setting next_dagrun for ingestion_postgres_tmdb to 2026-03-02 10:00:00+00:00, run_after=2026-04-06 10:00:00+00:00
[2026-03-27T10:29:57.574+0000] {processor.py:208} INFO - Processing /opt/airflow/dags/ingestion_postgres_dag.py took 0.087 seconds
[2026-03-27T10:30:27.761+0000] {processor.py:186} INFO - Started process (PID=1017) to work on /opt/airflow/dags/ingestion_postgres_dag.py
[2026-03-27T10:30:27.763+0000] {processor.py:914} INFO - Processing file /opt/airflow/dags/ingestion_postgres_dag.py for tasks to queue
[2026-03-27T10:30:27.765+0000] {logging_mixin.py:190} INFO - [2026-03-27T10:30:27.765+0000] {dagbag.py:588} INFO - Filling up the DagBag from /opt/airflow/dags/ingestion_postgres_dag.py
[2026-03-27T10:30:27.800+0000] {processor.py:925} INFO - DAG(s) 'ingestion_postgres_tmdb' retrieved from /opt/airflow/dags/ingestion_postgres_dag.py
[2026-03-27T10:30:27.846+0000] {logging_mixin.py:190} INFO - [2026-03-27T10:30:27.845+0000] {dag.py:3239} INFO - Sync 1 DAGs
[2026-03-27T10:30:27.878+0000] {logging_mixin.py:190} INFO - [2026-03-27T10:30:27.878+0000] {dag.py:4180} INFO - Setting next_dagrun for ingestion_postgres_tmdb to 2026-03-02 10:00:00+00:00, run_after=2026-04-06 10:00:00+00:00
[2026-03-27T10:30:27.913+0000] {processor.py:208} INFO - Processing /opt/airflow/dags/ingestion_postgres_dag.py took 0.159 seconds
[2026-03-27T10:30:58.067+0000] {processor.py:186} INFO - Started process (PID=1027) to work on /opt/airflow/dags/ingestion_postgres_dag.py
[2026-03-27T10:30:58.068+0000] {processor.py:914} INFO - Processing file /opt/airflow/dags/ingestion_postgres_dag.py for tasks to queue
[2026-03-27T10:30:58.071+0000] {logging_mixin.py:190} INFO - [2026-03-27T10:30:58.071+0000] {dagbag.py:588} INFO - Filling up the DagBag from /opt/airflow/dags/ingestion_postgres_dag.py
[2026-03-27T10:30:58.089+0000] {processor.py:925} INFO - DAG(s) 'ingestion_postgres_tmdb' retrieved from /opt/airflow/dags/ingestion_postgres_dag.py
[2026-03-27T10:30:58.118+0000] {logging_mixin.py:190} INFO - [2026-03-27T10:30:58.117+0000] {dag.py:3239} INFO - Sync 1 DAGs
[2026-03-27T10:30:58.141+0000] {logging_mixin.py:190} INFO - [2026-03-27T10:30:58.141+0000] {dag.py:4180} INFO - Setting next_dagrun for ingestion_postgres_tmdb to 2026-03-02 10:00:00+00:00, run_after=2026-04-06 10:00:00+00:00
[2026-03-27T10:30:58.161+0000] {processor.py:208} INFO - Processing /opt/airflow/dags/ingestion_postgres_dag.py took 0.100 seconds
[2026-03-27T10:31:28.343+0000] {processor.py:186} INFO - Started process (PID=1037) to work on /opt/airflow/dags/ingestion_postgres_dag.py
[2026-03-27T10:31:28.348+0000] {processor.py:914} INFO - Processing file /opt/airflow/dags/ingestion_postgres_dag.py for tasks to queue
[2026-03-27T10:31:28.351+0000] {logging_mixin.py:190} INFO - [2026-03-27T10:31:28.350+0000] {dagbag.py:588} INFO - Filling up the DagBag from /opt/airflow/dags/ingestion_postgres_dag.py
[2026-03-27T10:31:28.370+0000] {processor.py:925} INFO - DAG(s) 'ingestion_postgres_tmdb' retrieved from /opt/airflow/dags/ingestion_postgres_dag.py
[2026-03-27T10:31:28.395+0000] {logging_mixin.py:190} INFO - [2026-03-27T10:31:28.395+0000] {dag.py:3239} INFO - Sync 1 DAGs
[2026-03-27T10:31:28.415+0000] {logging_mixin.py:190} INFO - [2026-03-27T10:31:28.415+0000] {dag.py:4180} INFO - Setting next_dagrun for ingestion_postgres_tmdb to 2026-03-02 10:00:00+00:00, run_after=2026-04-06 10:00:00+00:00
[2026-03-27T10:31:28.435+0000] {processor.py:208} INFO - Processing /opt/airflow/dags/ingestion_postgres_dag.py took 0.098 seconds
[2026-03-27T10:31:58.610+0000] {processor.py:186} INFO - Started process (PID=1047) to work on /opt/airflow/dags/ingestion_postgres_dag.py
[2026-03-27T10:31:58.612+0000] {processor.py:914} INFO - Processing file /opt/airflow/dags/ingestion_postgres_dag.py for tasks to queue
[2026-03-27T10:31:58.616+0000] {logging_mixin.py:190} INFO - [2026-03-27T10:31:58.616+0000] {dagbag.py:588} INFO - Filling up the DagBag from /opt/airflow/dags/ingestion_postgres_dag.py
[2026-03-27T10:31:58.640+0000] {processor.py:925} INFO - DAG(s) 'ingestion_postgres_tmdb' retrieved from /opt/airflow/dags/ingestion_postgres_dag.py
[2026-03-27T10:31:58.666+0000] {logging_mixin.py:190} INFO - [2026-03-27T10:31:58.666+0000] {dag.py:3239} INFO - Sync 1 DAGs
[2026-03-27T10:31:58.687+0000] {logging_mixin.py:190} INFO - [2026-03-27T10:31:58.686+0000] {dag.py:4180} INFO - Setting next_dagrun for ingestion_postgres_tmdb to 2026-03-02 10:00:00+00:00, run_after=2026-04-06 10:00:00+00:00
[2026-03-27T10:31:58.720+0000] {processor.py:208} INFO - Processing /opt/airflow/dags/ingestion_postgres_dag.py took 0.125 seconds
[2026-03-27T10:32:28.908+0000] {processor.py:186} INFO - Started process (PID=1057) to work on /opt/airflow/dags/ingestion_postgres_dag.py
[2026-03-27T10:32:28.909+0000] {processor.py:914} INFO - Processing file /opt/airflow/dags/ingestion_postgres_dag.py for tasks to queue
[2026-03-27T10:32:28.912+0000] {logging_mixin.py:190} INFO - [2026-03-27T10:32:28.912+0000] {dagbag.py:588} INFO - Filling up the DagBag from /opt/airflow/dags/ingestion_postgres_dag.py
[2026-03-27T10:32:28.931+0000] {processor.py:925} INFO - DAG(s) 'ingestion_postgres_tmdb' retrieved from /opt/airflow/dags/ingestion_postgres_dag.py
[2026-03-27T10:32:28.960+0000] {logging_mixin.py:190} INFO - [2026-03-27T10:32:28.960+0000] {dag.py:3239} INFO - Sync 1 DAGs
[2026-03-27T10:32:28.982+0000] {logging_mixin.py:190} INFO - [2026-03-27T10:32:28.981+0000] {dag.py:4180} INFO - Setting next_dagrun for ingestion_postgres_tmdb to 2026-03-02 10:00:00+00:00, run_after=2026-04-06 10:00:00+00:00
[2026-03-27T10:32:29.000+0000] {processor.py:208} INFO - Processing /opt/airflow/dags/ingestion_postgres_dag.py took 0.099 seconds
[2026-03-27T10:32:59.113+0000] {processor.py:186} INFO - Started process (PID=1067) to work on /opt/airflow/dags/ingestion_postgres_dag.py
[2026-03-27T10:32:59.114+0000] {processor.py:914} INFO - Processing file /opt/airflow/dags/ingestion_postgres_dag.py for tasks to queue
[2026-03-27T10:32:59.116+0000] {logging_mixin.py:190} INFO - [2026-03-27T10:32:59.116+0000] {dagbag.py:588} INFO - Filling up the DagBag from /opt/airflow/dags/ingestion_postgres_dag.py
[2026-03-27T10:32:59.137+0000] {processor.py:925} INFO - DAG(s) 'ingestion_postgres_tmdb' retrieved from /opt/airflow/dags/ingestion_postgres_dag.py
[2026-03-27T10:32:59.163+0000] {logging_mixin.py:190} INFO - [2026-03-27T10:32:59.163+0000] {dag.py:3239} INFO - Sync 1 DAGs
[2026-03-27T10:32:59.184+0000] {logging_mixin.py:190} INFO - [2026-03-27T10:32:59.184+0000] {dag.py:4180} INFO - Setting next_dagrun for ingestion_postgres_tmdb to 2026-03-02 10:00:00+00:00, run_after=2026-04-06 10:00:00+00:00
[2026-03-27T10:32:59.204+0000] {processor.py:208} INFO - Processing /opt/airflow/dags/ingestion_postgres_dag.py took 0.098 seconds
[2026-03-27T10:33:29.389+0000] {processor.py:186} INFO - Started process (PID=1077) to work on /opt/airflow/dags/ingestion_postgres_dag.py
[2026-03-27T10:33:29.390+0000] {processor.py:914} INFO - Processing file /opt/airflow/dags/ingestion_postgres_dag.py for tasks to queue
[2026-03-27T10:33:29.393+0000] {logging_mixin.py:190} INFO - [2026-03-27T10:33:29.393+0000] {dagbag.py:588} INFO - Filling up the DagBag from /opt/airflow/dags/ingestion_postgres_dag.py
[2026-03-27T10:33:29.414+0000] {processor.py:925} INFO - DAG(s) 'ingestion_postgres_tmdb' retrieved from /opt/airflow/dags/ingestion_postgres_dag.py
[2026-03-27T10:33:29.445+0000] {logging_mixin.py:190} INFO - [2026-03-27T10:33:29.445+0000] {dag.py:3239} INFO - Sync 1 DAGs
[2026-03-27T10:33:29.469+0000] {logging_mixin.py:190} INFO - [2026-03-27T10:33:29.469+0000] {dag.py:4180} INFO - Setting next_dagrun for ingestion_postgres_tmdb to 2026-03-02 10:00:00+00:00, run_after=2026-04-06 10:00:00+00:00
[2026-03-27T10:33:29.485+0000] {processor.py:208} INFO - Processing /opt/airflow/dags/ingestion_postgres_dag.py took 0.102 seconds
[2026-03-27T10:33:59.567+0000] {processor.py:186} INFO - Started process (PID=1087) to work on /opt/airflow/dags/ingestion_postgres_dag.py
[2026-03-27T10:33:59.568+0000] {processor.py:914} INFO - Processing file /opt/airflow/dags/ingestion_postgres_dag.py for tasks to queue
[2026-03-27T10:33:59.570+0000] {logging_mixin.py:190} INFO - [2026-03-27T10:33:59.570+0000] {dagbag.py:588} INFO - Filling up the DagBag from /opt/airflow/dags/ingestion_postgres_dag.py
[2026-03-27T10:33:59.588+0000] {processor.py:925} INFO - DAG(s) 'ingestion_postgres_tmdb' retrieved from /opt/airflow/dags/ingestion_postgres_dag.py
[2026-03-27T10:33:59.615+0000] {logging_mixin.py:190} INFO - [2026-03-27T10:33:59.614+0000] {dag.py:3239} INFO - Sync 1 DAGs
[2026-03-27T10:33:59.635+0000] {logging_mixin.py:190} INFO - [2026-03-27T10:33:59.635+0000] {dag.py:4180} INFO - Setting next_dagrun for ingestion_postgres_tmdb to 2026-03-02 10:00:00+00:00, run_after=2026-04-06 10:00:00+00:00
[2026-03-27T10:33:59.650+0000] {processor.py:208} INFO - Processing /opt/airflow/dags/ingestion_postgres_dag.py took 0.089 seconds
[2026-03-27T10:34:29.815+0000] {processor.py:186} INFO - Started process (PID=1097) to work on /opt/airflow/dags/ingestion_postgres_dag.py
[2026-03-27T10:34:29.816+0000] {processor.py:914} INFO - Processing file /opt/airflow/dags/ingestion_postgres_dag.py for tasks to queue
[2026-03-27T10:34:29.819+0000] {logging_mixin.py:190} INFO - [2026-03-27T10:34:29.818+0000] {dagbag.py:588} INFO - Filling up the DagBag from /opt/airflow/dags/ingestion_postgres_dag.py
[2026-03-27T10:34:29.846+0000] {processor.py:925} INFO - DAG(s) 'ingestion_postgres_tmdb' retrieved from /opt/airflow/dags/ingestion_postgres_dag.py
[2026-03-27T10:34:29.901+0000] {logging_mixin.py:190} INFO - [2026-03-27T10:34:29.901+0000] {dag.py:3239} INFO - Sync 1 DAGs
[2026-03-27T10:34:29.942+0000] {logging_mixin.py:190} INFO - [2026-03-27T10:34:29.942+0000] {dag.py:4180} INFO - Setting next_dagrun for ingestion_postgres_tmdb to 2026-03-02 10:00:00+00:00, run_after=2026-04-06 10:00:00+00:00
[2026-03-27T10:34:29.965+0000] {processor.py:208} INFO - Processing /opt/airflow/dags/ingestion_postgres_dag.py took 0.157 seconds
[2026-03-27T10:35:00.153+0000] {processor.py:186} INFO - Started process (PID=1107) to work on /opt/airflow/dags/ingestion_postgres_dag.py
[2026-03-27T10:35:00.154+0000] {processor.py:914} INFO - Processing file /opt/airflow/dags/ingestion_postgres_dag.py for tasks to queue
[2026-03-27T10:35:00.156+0000] {logging_mixin.py:190} INFO - [2026-03-27T10:35:00.156+0000] {dagbag.py:588} INFO - Filling up the DagBag from /opt/airflow/dags/ingestion_postgres_dag.py
[2026-03-27T10:35:00.183+0000] {processor.py:925} INFO - DAG(s) 'ingestion_postgres_tmdb' retrieved from /opt/airflow/dags/ingestion_postgres_dag.py
[2026-03-27T10:35:00.216+0000] {logging_mixin.py:190} INFO - [2026-03-27T10:35:00.216+0000] {dag.py:3239} INFO - Sync 1 DAGs
[2026-03-27T10:35:00.242+0000] {logging_mixin.py:190} INFO - [2026-03-27T10:35:00.242+0000] {dag.py:4180} INFO - Setting next_dagrun for ingestion_postgres_tmdb to 2026-03-02 10:00:00+00:00, run_after=2026-04-06 10:00:00+00:00
[2026-03-27T10:35:00.262+0000] {processor.py:208} INFO - Processing /opt/airflow/dags/ingestion_postgres_dag.py took 0.118 seconds
[2026-03-27T10:35:30.441+0000] {processor.py:186} INFO - Started process (PID=1117) to work on /opt/airflow/dags/ingestion_postgres_dag.py
[2026-03-27T10:35:30.442+0000] {processor.py:914} INFO - Processing file /opt/airflow/dags/ingestion_postgres_dag.py for tasks to queue
[2026-03-27T10:35:30.444+0000] {logging_mixin.py:190} INFO - [2026-03-27T10:35:30.444+0000] {dagbag.py:588} INFO - Filling up the DagBag from /opt/airflow/dags/ingestion_postgres_dag.py
[2026-03-27T10:35:30.471+0000] {processor.py:925} INFO - DAG(s) 'ingestion_postgres_tmdb' retrieved from /opt/airflow/dags/ingestion_postgres_dag.py
[2026-03-27T10:35:30.501+0000] {logging_mixin.py:190} INFO - [2026-03-27T10:35:30.501+0000] {dag.py:3239} INFO - Sync 1 DAGs
[2026-03-27T10:35:30.522+0000] {logging_mixin.py:190} INFO - [2026-03-27T10:35:30.522+0000] {dag.py:4180} INFO - Setting next_dagrun for ingestion_postgres_tmdb to 2026-03-02 10:00:00+00:00, run_after=2026-04-06 10:00:00+00:00
[2026-03-27T10:35:30.542+0000] {processor.py:208} INFO - Processing /opt/airflow/dags/ingestion_postgres_dag.py took 0.109 seconds
[2026-03-27T10:36:00.758+0000] {processor.py:186} INFO - Started process (PID=1127) to work on /opt/airflow/dags/ingestion_postgres_dag.py
[2026-03-27T10:36:00.760+0000] {processor.py:914} INFO - Processing file /opt/airflow/dags/ingestion_postgres_dag.py for tasks to queue
[2026-03-27T10:36:00.763+0000] {logging_mixin.py:190} INFO - [2026-03-27T10:36:00.763+0000] {dagbag.py:588} INFO - Filling up the DagBag from /opt/airflow/dags/ingestion_postgres_dag.py
[2026-03-27T10:36:00.788+0000] {processor.py:925} INFO - DAG(s) 'ingestion_postgres_tmdb' retrieved from /opt/airflow/dags/ingestion_postgres_dag.py
[2026-03-27T10:36:00.829+0000] {logging_mixin.py:190} INFO - [2026-03-27T10:36:00.829+0000] {dag.py:3239} INFO - Sync 1 DAGs
[2026-03-27T10:36:00.854+0000] {logging_mixin.py:190} INFO - [2026-03-27T10:36:00.853+0000] {dag.py:4180} INFO - Setting next_dagrun for ingestion_postgres_tmdb to 2026-03-02 10:00:00+00:00, run_after=2026-04-06 10:00:00+00:00
[2026-03-27T10:36:00.877+0000] {processor.py:208} INFO - Processing /opt/airflow/dags/ingestion_postgres_dag.py took 0.130 seconds
[2026-03-27T10:36:31.021+0000] {processor.py:186} INFO - Started process (PID=1137) to work on /opt/airflow/dags/ingestion_postgres_dag.py
[2026-03-27T10:36:31.022+0000] {processor.py:914} INFO - Processing file /opt/airflow/dags/ingestion_postgres_dag.py for tasks to queue
[2026-03-27T10:36:31.025+0000] {logging_mixin.py:190} INFO - [2026-03-27T10:36:31.024+0000] {dagbag.py:588} INFO - Filling up the DagBag from /opt/airflow/dags/ingestion_postgres_dag.py
[2026-03-27T10:36:31.044+0000] {processor.py:925} INFO - DAG(s) 'ingestion_postgres_tmdb' retrieved from /opt/airflow/dags/ingestion_postgres_dag.py
[2026-03-27T10:36:31.072+0000] {logging_mixin.py:190} INFO - [2026-03-27T10:36:31.072+0000] {dag.py:3239} INFO - Sync 1 DAGs
[2026-03-27T10:36:31.095+0000] {logging_mixin.py:190} INFO - [2026-03-27T10:36:31.094+0000] {dag.py:4180} INFO - Setting next_dagrun for ingestion_postgres_tmdb to 2026-03-02 10:00:00+00:00, run_after=2026-04-06 10:00:00+00:00
[2026-03-27T10:36:31.112+0000] {processor.py:208} INFO - Processing /opt/airflow/dags/ingestion_postgres_dag.py took 0.100 seconds
[2026-03-27T10:37:01.203+0000] {processor.py:186} INFO - Started process (PID=1147) to work on /opt/airflow/dags/ingestion_postgres_dag.py
[2026-03-27T10:37:01.204+0000] {processor.py:914} INFO - Processing file /opt/airflow/dags/ingestion_postgres_dag.py for tasks to queue
[2026-03-27T10:37:01.207+0000] {logging_mixin.py:190} INFO - [2026-03-27T10:37:01.206+0000] {dagbag.py:588} INFO - Filling up the DagBag from /opt/airflow/dags/ingestion_postgres_dag.py
[2026-03-27T10:37:01.226+0000] {processor.py:925} INFO - DAG(s) 'ingestion_postgres_tmdb' retrieved from /opt/airflow/dags/ingestion_postgres_dag.py
[2026-03-27T10:37:01.251+0000] {logging_mixin.py:190} INFO - [2026-03-27T10:37:01.250+0000] {dag.py:3239} INFO - Sync 1 DAGs
[2026-03-27T10:37:01.270+0000] {logging_mixin.py:190} INFO - [2026-03-27T10:37:01.270+0000] {dag.py:4180} INFO - Setting next_dagrun for ingestion_postgres_tmdb to 2026-03-02 10:00:00+00:00, run_after=2026-04-06 10:00:00+00:00
[2026-03-27T10:37:01.293+0000] {processor.py:208} INFO - Processing /opt/airflow/dags/ingestion_postgres_dag.py took 0.096 seconds
[2026-03-27T10:37:31.404+0000] {processor.py:186} INFO - Started process (PID=1157) to work on /opt/airflow/dags/ingestion_postgres_dag.py
[2026-03-27T10:37:31.405+0000] {processor.py:914} INFO - Processing file /opt/airflow/dags/ingestion_postgres_dag.py for tasks to queue
[2026-03-27T10:37:31.407+0000] {logging_mixin.py:190} INFO - [2026-03-27T10:37:31.407+0000] {dagbag.py:588} INFO - Filling up the DagBag from /opt/airflow/dags/ingestion_postgres_dag.py
[2026-03-27T10:37:31.437+0000] {processor.py:925} INFO - DAG(s) 'ingestion_postgres_tmdb' retrieved from /opt/airflow/dags/ingestion_postgres_dag.py
[2026-03-27T10:37:31.486+0000] {logging_mixin.py:190} INFO - [2026-03-27T10:37:31.486+0000] {dag.py:3239} INFO - Sync 1 DAGs
[2026-03-27T10:37:31.513+0000] {logging_mixin.py:190} INFO - [2026-03-27T10:37:31.513+0000] {dag.py:4180} INFO - Setting next_dagrun for ingestion_postgres_tmdb to 2026-03-02 10:00:00+00:00, run_after=2026-04-06 10:00:00+00:00
[2026-03-27T10:37:31.544+0000] {processor.py:208} INFO - Processing /opt/airflow/dags/ingestion_postgres_dag.py took 0.146 seconds
[2026-03-27T10:38:01.716+0000] {processor.py:186} INFO - Started process (PID=1167) to work on /opt/airflow/dags/ingestion_postgres_dag.py
[2026-03-27T10:38:01.717+0000] {processor.py:914} INFO - Processing file /opt/airflow/dags/ingestion_postgres_dag.py for tasks to queue
[2026-03-27T10:38:01.720+0000] {logging_mixin.py:190} INFO - [2026-03-27T10:38:01.720+0000] {dagbag.py:588} INFO - Filling up the DagBag from /opt/airflow/dags/ingestion_postgres_dag.py
[2026-03-27T10:38:01.765+0000] {processor.py:925} INFO - DAG(s) 'ingestion_postgres_tmdb' retrieved from /opt/airflow/dags/ingestion_postgres_dag.py
[2026-03-27T10:38:01.798+0000] {logging_mixin.py:190} INFO - [2026-03-27T10:38:01.798+0000] {dag.py:3239} INFO - Sync 1 DAGs
[2026-03-27T10:38:01.819+0000] {logging_mixin.py:190} INFO - [2026-03-27T10:38:01.819+0000] {dag.py:4180} INFO - Setting next_dagrun for ingestion_postgres_tmdb to 2026-03-02 10:00:00+00:00, run_after=2026-04-06 10:00:00+00:00
[2026-03-27T10:38:01.837+0000] {processor.py:208} INFO - Processing /opt/airflow/dags/ingestion_postgres_dag.py took 0.130 seconds
[2026-03-27T10:38:31.991+0000] {processor.py:186} INFO - Started process (PID=1177) to work on /opt/airflow/dags/ingestion_postgres_dag.py
[2026-03-27T10:38:31.992+0000] {processor.py:914} INFO - Processing file /opt/airflow/dags/ingestion_postgres_dag.py for tasks to queue
[2026-03-27T10:38:31.995+0000] {logging_mixin.py:190} INFO - [2026-03-27T10:38:31.994+0000] {dagbag.py:588} INFO - Filling up the DagBag from /opt/airflow/dags/ingestion_postgres_dag.py
[2026-03-27T10:38:32.013+0000] {processor.py:925} INFO - DAG(s) 'ingestion_postgres_tmdb' retrieved from /opt/airflow/dags/ingestion_postgres_dag.py
[2026-03-27T10:38:32.040+0000] {logging_mixin.py:190} INFO - [2026-03-27T10:38:32.040+0000] {dag.py:3239} INFO - Sync 1 DAGs
[2026-03-27T10:38:32.063+0000] {logging_mixin.py:190} INFO - [2026-03-27T10:38:32.063+0000] {dag.py:4180} INFO - Setting next_dagrun for ingestion_postgres_tmdb to 2026-03-02 10:00:00+00:00, run_after=2026-04-06 10:00:00+00:00
[2026-03-27T10:38:32.082+0000] {processor.py:208} INFO - Processing /opt/airflow/dags/ingestion_postgres_dag.py took 0.097 seconds
[2026-03-27T10:39:02.293+0000] {processor.py:186} INFO - Started process (PID=1187) to work on /opt/airflow/dags/ingestion_postgres_dag.py
[2026-03-27T10:39:02.295+0000] {processor.py:914} INFO - Processing file /opt/airflow/dags/ingestion_postgres_dag.py for tasks to queue
[2026-03-27T10:39:02.297+0000] {logging_mixin.py:190} INFO - [2026-03-27T10:39:02.297+0000] {dagbag.py:588} INFO - Filling up the DagBag from /opt/airflow/dags/ingestion_postgres_dag.py
[2026-03-27T10:39:02.318+0000] {processor.py:925} INFO - DAG(s) 'ingestion_postgres_tmdb' retrieved from /opt/airflow/dags/ingestion_postgres_dag.py
[2026-03-27T10:39:02.348+0000] {logging_mixin.py:190} INFO - [2026-03-27T10:39:02.348+0000] {dag.py:3239} INFO - Sync 1 DAGs
[2026-03-27T10:39:02.376+0000] {logging_mixin.py:190} INFO - [2026-03-27T10:39:02.376+0000] {dag.py:4180} INFO - Setting next_dagrun for ingestion_postgres_tmdb to 2026-03-02 10:00:00+00:00, run_after=2026-04-06 10:00:00+00:00
[2026-03-27T10:39:02.394+0000] {processor.py:208} INFO - Processing /opt/airflow/dags/ingestion_postgres_dag.py took 0.109 seconds
[2026-03-27T10:39:32.466+0000] {processor.py:186} INFO - Started process (PID=1197) to work on /opt/airflow/dags/ingestion_postgres_dag.py
[2026-03-27T10:39:32.468+0000] {processor.py:914} INFO - Processing file /opt/airflow/dags/ingestion_postgres_dag.py for tasks to queue
[2026-03-27T10:39:32.471+0000] {logging_mixin.py:190} INFO - [2026-03-27T10:39:32.470+0000] {dagbag.py:588} INFO - Filling up the DagBag from /opt/airflow/dags/ingestion_postgres_dag.py
[2026-03-27T10:39:32.505+0000] {processor.py:925} INFO - DAG(s) 'ingestion_postgres_tmdb' retrieved from /opt/airflow/dags/ingestion_postgres_dag.py
[2026-03-27T10:39:32.540+0000] {logging_mixin.py:190} INFO - [2026-03-27T10:39:32.540+0000] {dag.py:3239} INFO - Sync 1 DAGs
[2026-03-27T10:39:32.577+0000] {logging_mixin.py:190} INFO - [2026-03-27T10:39:32.577+0000] {dag.py:4180} INFO - Setting next_dagrun for ingestion_postgres_tmdb to 2026-03-02 10:00:00+00:00, run_after=2026-04-06 10:00:00+00:00
[2026-03-27T10:39:32.596+0000] {processor.py:208} INFO - Processing /opt/airflow/dags/ingestion_postgres_dag.py took 0.137 seconds
[2026-03-27T10:40:02.750+0000] {processor.py:186} INFO - Started process (PID=1207) to work on /opt/airflow/dags/ingestion_postgres_dag.py
[2026-03-27T10:40:02.752+0000] {processor.py:914} INFO - Processing file /opt/airflow/dags/ingestion_postgres_dag.py for tasks to queue
[2026-03-27T10:40:02.754+0000] {logging_mixin.py:190} INFO - [2026-03-27T10:40:02.754+0000] {dagbag.py:588} INFO - Filling up the DagBag from /opt/airflow/dags/ingestion_postgres_dag.py
[2026-03-27T10:40:02.772+0000] {processor.py:925} INFO - DAG(s) 'ingestion_postgres_tmdb' retrieved from /opt/airflow/dags/ingestion_postgres_dag.py
[2026-03-27T10:40:02.795+0000] {logging_mixin.py:190} INFO - [2026-03-27T10:40:02.795+0000] {dag.py:3239} INFO - Sync 1 DAGs
[2026-03-27T10:40:02.817+0000] {logging_mixin.py:190} INFO - [2026-03-27T10:40:02.817+0000] {dag.py:4180} INFO - Setting next_dagrun for ingestion_postgres_tmdb to 2026-03-02 10:00:00+00:00, run_after=2026-04-06 10:00:00+00:00
[2026-03-27T10:40:02.834+0000] {processor.py:208} INFO - Processing /opt/airflow/dags/ingestion_postgres_dag.py took 0.090 seconds
[2026-03-27T10:40:32.992+0000] {processor.py:186} INFO - Started process (PID=1217) to work on /opt/airflow/dags/ingestion_postgres_dag.py
[2026-03-27T10:40:32.994+0000] {processor.py:914} INFO - Processing file /opt/airflow/dags/ingestion_postgres_dag.py for tasks to queue
[2026-03-27T10:40:32.996+0000] {logging_mixin.py:190} INFO - [2026-03-27T10:40:32.996+0000] {dagbag.py:588} INFO - Filling up the DagBag from /opt/airflow/dags/ingestion_postgres_dag.py
[2026-03-27T10:40:33.014+0000] {processor.py:925} INFO - DAG(s) 'ingestion_postgres_tmdb' retrieved from /opt/airflow/dags/ingestion_postgres_dag.py
[2026-03-27T10:40:33.039+0000] {logging_mixin.py:190} INFO - [2026-03-27T10:40:33.038+0000] {dag.py:3239} INFO - Sync 1 DAGs
[2026-03-27T10:40:33.057+0000] {logging_mixin.py:190} INFO - [2026-03-27T10:40:33.057+0000] {dag.py:4180} INFO - Setting next_dagrun for ingestion_postgres_tmdb to 2026-03-02 10:00:00+00:00, run_after=2026-04-06 10:00:00+00:00
[2026-03-27T10:40:33.073+0000] {processor.py:208} INFO - Processing /opt/airflow/dags/ingestion_postgres_dag.py took 0.089 seconds
[2026-03-27T10:41:03.187+0000] {processor.py:186} INFO - Started process (PID=1227) to work on /opt/airflow/dags/ingestion_postgres_dag.py
[2026-03-27T10:41:03.188+0000] {processor.py:914} INFO - Processing file /opt/airflow/dags/ingestion_postgres_dag.py for tasks to queue
[2026-03-27T10:41:03.191+0000] {logging_mixin.py:190} INFO - [2026-03-27T10:41:03.190+0000] {dagbag.py:588} INFO - Filling up the DagBag from /opt/airflow/dags/ingestion_postgres_dag.py
[2026-03-27T10:41:03.211+0000] {processor.py:925} INFO - DAG(s) 'ingestion_postgres_tmdb' retrieved from /opt/airflow/dags/ingestion_postgres_dag.py
[2026-03-27T10:41:03.238+0000] {logging_mixin.py:190} INFO - [2026-03-27T10:41:03.237+0000] {dag.py:3239} INFO - Sync 1 DAGs
[2026-03-27T10:41:03.258+0000] {logging_mixin.py:190} INFO - [2026-03-27T10:41:03.257+0000] {dag.py:4180} INFO - Setting next_dagrun for ingestion_postgres_tmdb to 2026-03-02 10:00:00+00:00, run_after=2026-04-06 10:00:00+00:00
[2026-03-27T10:41:03.278+0000] {processor.py:208} INFO - Processing /opt/airflow/dags/ingestion_postgres_dag.py took 0.099 seconds
[2026-03-27T10:41:33.375+0000] {processor.py:186} INFO - Started process (PID=1237) to work on /opt/airflow/dags/ingestion_postgres_dag.py
[2026-03-27T10:41:33.376+0000] {processor.py:914} INFO - Processing file /opt/airflow/dags/ingestion_postgres_dag.py for tasks to queue
[2026-03-27T10:41:33.379+0000] {logging_mixin.py:190} INFO - [2026-03-27T10:41:33.379+0000] {dagbag.py:588} INFO - Filling up the DagBag from /opt/airflow/dags/ingestion_postgres_dag.py
[2026-03-27T10:41:33.415+0000] {processor.py:925} INFO - DAG(s) 'ingestion_postgres_tmdb' retrieved from /opt/airflow/dags/ingestion_postgres_dag.py
[2026-03-27T10:41:33.460+0000] {logging_mixin.py:190} INFO - [2026-03-27T10:41:33.459+0000] {dag.py:3239} INFO - Sync 1 DAGs
[2026-03-27T10:41:33.487+0000] {logging_mixin.py:190} INFO - [2026-03-27T10:41:33.487+0000] {dag.py:4180} INFO - Setting next_dagrun for ingestion_postgres_tmdb to 2026-03-02 10:00:00+00:00, run_after=2026-04-06 10:00:00+00:00
[2026-03-27T10:41:33.507+0000] {processor.py:208} INFO - Processing /opt/airflow/dags/ingestion_postgres_dag.py took 0.142 seconds
[2026-03-27T10:42:03.689+0000] {processor.py:186} INFO - Started process (PID=1247) to work on /opt/airflow/dags/ingestion_postgres_dag.py
[2026-03-27T10:42:03.690+0000] {processor.py:914} INFO - Processing file /opt/airflow/dags/ingestion_postgres_dag.py for tasks to queue
[2026-03-27T10:42:03.693+0000] {logging_mixin.py:190} INFO - [2026-03-27T10:42:03.693+0000] {dagbag.py:588} INFO - Filling up the DagBag from /opt/airflow/dags/ingestion_postgres_dag.py
[2026-03-27T10:42:03.712+0000] {processor.py:925} INFO - DAG(s) 'ingestion_postgres_tmdb' retrieved from /opt/airflow/dags/ingestion_postgres_dag.py
[2026-03-27T10:42:03.741+0000] {logging_mixin.py:190} INFO - [2026-03-27T10:42:03.741+0000] {dag.py:3239} INFO - Sync 1 DAGs
[2026-03-27T10:42:03.764+0000] {logging_mixin.py:190} INFO - [2026-03-27T10:42:03.764+0000] {dag.py:4180} INFO - Setting next_dagrun for ingestion_postgres_tmdb to 2026-03-02 10:00:00+00:00, run_after=2026-04-06 10:00:00+00:00
[2026-03-27T10:42:03.780+0000] {processor.py:208} INFO - Processing /opt/airflow/dags/ingestion_postgres_dag.py took 0.098 seconds
[2026-03-27T10:42:33.859+0000] {processor.py:186} INFO - Started process (PID=1257) to work on /opt/airflow/dags/ingestion_postgres_dag.py
[2026-03-27T10:42:33.860+0000] {processor.py:914} INFO - Processing file /opt/airflow/dags/ingestion_postgres_dag.py for tasks to queue
[2026-03-27T10:42:33.864+0000] {logging_mixin.py:190} INFO - [2026-03-27T10:42:33.863+0000] {dagbag.py:588} INFO - Filling up the DagBag from /opt/airflow/dags/ingestion_postgres_dag.py
[2026-03-27T10:42:33.895+0000] {processor.py:925} INFO - DAG(s) 'ingestion_postgres_tmdb' retrieved from /opt/airflow/dags/ingestion_postgres_dag.py
[2026-03-27T10:42:33.932+0000] {logging_mixin.py:190} INFO - [2026-03-27T10:42:33.932+0000] {dag.py:3239} INFO - Sync 1 DAGs
[2026-03-27T10:42:33.960+0000] {logging_mixin.py:190} INFO - [2026-03-27T10:42:33.959+0000] {dag.py:4180} INFO - Setting next_dagrun for ingestion_postgres_tmdb to 2026-03-02 10:00:00+00:00, run_after=2026-04-06 10:00:00+00:00
[2026-03-27T10:42:33.981+0000] {processor.py:208} INFO - Processing /opt/airflow/dags/ingestion_postgres_dag.py took 0.131 seconds
[2026-03-27T10:43:04.221+0000] {processor.py:186} INFO - Started process (PID=1267) to work on /opt/airflow/dags/ingestion_postgres_dag.py
[2026-03-27T10:43:04.223+0000] {processor.py:914} INFO - Processing file /opt/airflow/dags/ingestion_postgres_dag.py for tasks to queue
[2026-03-27T10:43:04.225+0000] {logging_mixin.py:190} INFO - [2026-03-27T10:43:04.225+0000] {dagbag.py:588} INFO - Filling up the DagBag from /opt/airflow/dags/ingestion_postgres_dag.py
[2026-03-27T10:43:04.244+0000] {processor.py:925} INFO - DAG(s) 'ingestion_postgres_tmdb' retrieved from /opt/airflow/dags/ingestion_postgres_dag.py
[2026-03-27T10:43:04.270+0000] {logging_mixin.py:190} INFO - [2026-03-27T10:43:04.270+0000] {dag.py:3239} INFO - Sync 1 DAGs
[2026-03-27T10:43:04.292+0000] {logging_mixin.py:190} INFO - [2026-03-27T10:43:04.291+0000] {dag.py:4180} INFO - Setting next_dagrun for ingestion_postgres_tmdb to 2026-03-02 10:00:00+00:00, run_after=2026-04-06 10:00:00+00:00
[2026-03-27T10:43:04.316+0000] {processor.py:208} INFO - Processing /opt/airflow/dags/ingestion_postgres_dag.py took 0.101 seconds
[2026-03-27T10:43:34.428+0000] {processor.py:186} INFO - Started process (PID=1277) to work on /opt/airflow/dags/ingestion_postgres_dag.py
[2026-03-27T10:43:34.429+0000] {processor.py:914} INFO - Processing file /opt/airflow/dags/ingestion_postgres_dag.py for tasks to queue
[2026-03-27T10:43:34.434+0000] {logging_mixin.py:190} INFO - [2026-03-27T10:43:34.434+0000] {dagbag.py:588} INFO - Filling up the DagBag from /opt/airflow/dags/ingestion_postgres_dag.py
[2026-03-27T10:43:34.457+0000] {processor.py:925} INFO - DAG(s) 'ingestion_postgres_tmdb' retrieved from /opt/airflow/dags/ingestion_postgres_dag.py
[2026-03-27T10:43:34.490+0000] {logging_mixin.py:190} INFO - [2026-03-27T10:43:34.490+0000] {dag.py:3239} INFO - Sync 1 DAGs
[2026-03-27T10:43:34.515+0000] {logging_mixin.py:190} INFO - [2026-03-27T10:43:34.515+0000] {dag.py:4180} INFO - Setting next_dagrun for ingestion_postgres_tmdb to 2026-03-02 10:00:00+00:00, run_after=2026-04-06 10:00:00+00:00
[2026-03-27T10:43:34.543+0000] {processor.py:208} INFO - Processing /opt/airflow/dags/ingestion_postgres_dag.py took 0.126 seconds
[2026-03-27T10:44:04.730+0000] {processor.py:186} INFO - Started process (PID=1287) to work on /opt/airflow/dags/ingestion_postgres_dag.py
[2026-03-27T10:44:04.732+0000] {processor.py:914} INFO - Processing file /opt/airflow/dags/ingestion_postgres_dag.py for tasks to queue
[2026-03-27T10:44:04.734+0000] {logging_mixin.py:190} INFO - [2026-03-27T10:44:04.734+0000] {dagbag.py:588} INFO - Filling up the DagBag from /opt/airflow/dags/ingestion_postgres_dag.py
[2026-03-27T10:44:04.759+0000] {processor.py:925} INFO - DAG(s) 'ingestion_postgres_tmdb' retrieved from /opt/airflow/dags/ingestion_postgres_dag.py
[2026-03-27T10:44:04.788+0000] {logging_mixin.py:190} INFO - [2026-03-27T10:44:04.788+0000] {dag.py:3239} INFO - Sync 1 DAGs
[2026-03-27T10:44:04.812+0000] {logging_mixin.py:190} INFO - [2026-03-27T10:44:04.812+0000] {dag.py:4180} INFO - Setting next_dagrun for ingestion_postgres_tmdb to 2026-03-02 10:00:00+00:00, run_after=2026-04-06 10:00:00+00:00
[2026-03-27T10:44:04.832+0000] {processor.py:208} INFO - Processing /opt/airflow/dags/ingestion_postgres_dag.py took 0.110 seconds
[2026-03-27T10:44:35.009+0000] {processor.py:186} INFO - Started process (PID=1297) to work on /opt/airflow/dags/ingestion_postgres_dag.py
[2026-03-27T10:44:35.011+0000] {processor.py:914} INFO - Processing file /opt/airflow/dags/ingestion_postgres_dag.py for tasks to queue
[2026-03-27T10:44:35.015+0000] {logging_mixin.py:190} INFO - [2026-03-27T10:44:35.014+0000] {dagbag.py:588} INFO - Filling up the DagBag from /opt/airflow/dags/ingestion_postgres_dag.py
[2026-03-27T10:44:35.040+0000] {processor.py:925} INFO - DAG(s) 'ingestion_postgres_tmdb' retrieved from /opt/airflow/dags/ingestion_postgres_dag.py
[2026-03-27T10:44:35.071+0000] {logging_mixin.py:190} INFO - [2026-03-27T10:44:35.071+0000] {dag.py:3239} INFO - Sync 1 DAGs
[2026-03-27T10:44:35.111+0000] {logging_mixin.py:190} INFO - [2026-03-27T10:44:35.111+0000] {dag.py:4180} INFO - Setting next_dagrun for ingestion_postgres_tmdb to 2026-03-02 10:00:00+00:00, run_after=2026-04-06 10:00:00+00:00
[2026-03-27T10:44:35.134+0000] {processor.py:208} INFO - Processing /opt/airflow/dags/ingestion_postgres_dag.py took 0.135 seconds
[2026-03-27T10:45:05.288+0000] {processor.py:186} INFO - Started process (PID=1307) to work on /opt/airflow/dags/ingestion_postgres_dag.py
[2026-03-27T10:45:05.290+0000] {processor.py:914} INFO - Processing file /opt/airflow/dags/ingestion_postgres_dag.py for tasks to queue
[2026-03-27T10:45:05.293+0000] {logging_mixin.py:190} INFO - [2026-03-27T10:45:05.292+0000] {dagbag.py:588} INFO - Filling up the DagBag from /opt/airflow/dags/ingestion_postgres_dag.py
[2026-03-27T10:45:05.312+0000] {processor.py:925} INFO - DAG(s) 'ingestion_postgres_tmdb' retrieved from /opt/airflow/dags/ingestion_postgres_dag.py
[2026-03-27T10:45:05.337+0000] {logging_mixin.py:190} INFO - [2026-03-27T10:45:05.337+0000] {dag.py:3239} INFO - Sync 1 DAGs
[2026-03-27T10:45:05.357+0000] {logging_mixin.py:190} INFO - [2026-03-27T10:45:05.357+0000] {dag.py:4180} INFO - Setting next_dagrun for ingestion_postgres_tmdb to 2026-03-02 10:00:00+00:00, run_after=2026-04-06 10:00:00+00:00
[2026-03-27T10:45:05.375+0000] {processor.py:208} INFO - Processing /opt/airflow/dags/ingestion_postgres_dag.py took 0.093 seconds
[2026-03-27T10:45:35.446+0000] {processor.py:186} INFO - Started process (PID=1317) to work on /opt/airflow/dags/ingestion_postgres_dag.py
[2026-03-27T10:45:35.448+0000] {processor.py:914} INFO - Processing file /opt/airflow/dags/ingestion_postgres_dag.py for tasks to queue
[2026-03-27T10:45:35.451+0000] {logging_mixin.py:190} INFO - [2026-03-27T10:45:35.450+0000] {dagbag.py:588} INFO - Filling up the DagBag from /opt/airflow/dags/ingestion_postgres_dag.py
[2026-03-27T10:45:35.470+0000] {processor.py:925} INFO - DAG(s) 'ingestion_postgres_tmdb' retrieved from /opt/airflow/dags/ingestion_postgres_dag.py
[2026-03-27T10:45:35.502+0000] {logging_mixin.py:190} INFO - [2026-03-27T10:45:35.501+0000] {dag.py:3239} INFO - Sync 1 DAGs
[2026-03-27T10:45:35.525+0000] {logging_mixin.py:190} INFO - [2026-03-27T10:45:35.525+0000] {dag.py:4180} INFO - Setting next_dagrun for ingestion_postgres_tmdb to 2026-03-02 10:00:00+00:00, run_after=2026-04-06 10:00:00+00:00
[2026-03-27T10:45:35.542+0000] {processor.py:208} INFO - Processing /opt/airflow/dags/ingestion_postgres_dag.py took 0.104 seconds
[2026-03-27T10:46:05.647+0000] {processor.py:186} INFO - Started process (PID=1327) to work on /opt/airflow/dags/ingestion_postgres_dag.py
[2026-03-27T10:46:05.648+0000] {processor.py:914} INFO - Processing file /opt/airflow/dags/ingestion_postgres_dag.py for tasks to queue
[2026-03-27T10:46:05.650+0000] {logging_mixin.py:190} INFO - [2026-03-27T10:46:05.649+0000] {dagbag.py:588} INFO - Filling up the DagBag from /opt/airflow/dags/ingestion_postgres_dag.py
[2026-03-27T10:46:05.666+0000] {processor.py:925} INFO - DAG(s) 'ingestion_postgres_tmdb' retrieved from /opt/airflow/dags/ingestion_postgres_dag.py
[2026-03-27T10:46:05.690+0000] {logging_mixin.py:190} INFO - [2026-03-27T10:46:05.690+0000] {dag.py:3239} INFO - Sync 1 DAGs
[2026-03-27T10:46:05.710+0000] {logging_mixin.py:190} INFO - [2026-03-27T10:46:05.709+0000] {dag.py:4180} INFO - Setting next_dagrun for ingestion_postgres_tmdb to 2026-03-02 10:00:00+00:00, run_after=2026-04-06 10:00:00+00:00
[2026-03-27T10:46:05.727+0000] {processor.py:208} INFO - Processing /opt/airflow/dags/ingestion_postgres_dag.py took 0.085 seconds
[2026-03-27T10:46:35.927+0000] {processor.py:186} INFO - Started process (PID=1337) to work on /opt/airflow/dags/ingestion_postgres_dag.py
[2026-03-27T10:46:35.928+0000] {processor.py:914} INFO - Processing file /opt/airflow/dags/ingestion_postgres_dag.py for tasks to queue
[2026-03-27T10:46:35.931+0000] {logging_mixin.py:190} INFO - [2026-03-27T10:46:35.930+0000] {dagbag.py:588} INFO - Filling up the DagBag from /opt/airflow/dags/ingestion_postgres_dag.py
[2026-03-27T10:46:35.949+0000] {processor.py:925} INFO - DAG(s) 'ingestion_postgres_tmdb' retrieved from /opt/airflow/dags/ingestion_postgres_dag.py
[2026-03-27T10:46:35.976+0000] {logging_mixin.py:190} INFO - [2026-03-27T10:46:35.975+0000] {dag.py:3239} INFO - Sync 1 DAGs
[2026-03-27T10:46:35.995+0000] {logging_mixin.py:190} INFO - [2026-03-27T10:46:35.995+0000] {dag.py:4180} INFO - Setting next_dagrun for ingestion_postgres_tmdb to 2026-03-02 10:00:00+00:00, run_after=2026-04-06 10:00:00+00:00
[2026-03-27T10:46:36.015+0000] {processor.py:208} INFO - Processing /opt/airflow/dags/ingestion_postgres_dag.py took 0.095 seconds
[2026-03-27T10:47:06.152+0000] {processor.py:186} INFO - Started process (PID=1347) to work on /opt/airflow/dags/ingestion_postgres_dag.py
[2026-03-27T10:47:06.154+0000] {processor.py:914} INFO - Processing file /opt/airflow/dags/ingestion_postgres_dag.py for tasks to queue
[2026-03-27T10:47:06.157+0000] {logging_mixin.py:190} INFO - [2026-03-27T10:47:06.156+0000] {dagbag.py:588} INFO - Filling up the DagBag from /opt/airflow/dags/ingestion_postgres_dag.py
[2026-03-27T10:47:06.175+0000] {processor.py:925} INFO - DAG(s) 'ingestion_postgres_tmdb' retrieved from /opt/airflow/dags/ingestion_postgres_dag.py
[2026-03-27T10:47:06.199+0000] {logging_mixin.py:190} INFO - [2026-03-27T10:47:06.199+0000] {dag.py:3239} INFO - Sync 1 DAGs
[2026-03-27T10:47:06.218+0000] {logging_mixin.py:190} INFO - [2026-03-27T10:47:06.218+0000] {dag.py:4180} INFO - Setting next_dagrun for ingestion_postgres_tmdb to 2026-03-02 10:00:00+00:00, run_after=2026-04-06 10:00:00+00:00
[2026-03-27T10:47:06.268+0000] {processor.py:208} INFO - Processing /opt/airflow/dags/ingestion_postgres_dag.py took 0.125 seconds
[2026-03-27T10:47:36.371+0000] {processor.py:186} INFO - Started process (PID=1357) to work on /opt/airflow/dags/ingestion_postgres_dag.py
[2026-03-27T10:47:36.372+0000] {processor.py:914} INFO - Processing file /opt/airflow/dags/ingestion_postgres_dag.py for tasks to queue
[2026-03-27T10:47:36.374+0000] {logging_mixin.py:190} INFO - [2026-03-27T10:47:36.374+0000] {dagbag.py:588} INFO - Filling up the DagBag from /opt/airflow/dags/ingestion_postgres_dag.py
[2026-03-27T10:47:36.397+0000] {processor.py:925} INFO - DAG(s) 'ingestion_postgres_tmdb' retrieved from /opt/airflow/dags/ingestion_postgres_dag.py
[2026-03-27T10:47:36.425+0000] {logging_mixin.py:190} INFO - [2026-03-27T10:47:36.425+0000] {dag.py:3239} INFO - Sync 1 DAGs
[2026-03-27T10:47:36.447+0000] {logging_mixin.py:190} INFO - [2026-03-27T10:47:36.446+0000] {dag.py:4180} INFO - Setting next_dagrun for ingestion_postgres_tmdb to 2026-03-02 10:00:00+00:00, run_after=2026-04-06 10:00:00+00:00
[2026-03-27T10:47:36.465+0000] {processor.py:208} INFO - Processing /opt/airflow/dags/ingestion_postgres_dag.py took 0.101 seconds
[2026-03-27T10:48:06.655+0000] {processor.py:186} INFO - Started process (PID=1367) to work on /opt/airflow/dags/ingestion_postgres_dag.py
[2026-03-27T10:48:06.656+0000] {processor.py:914} INFO - Processing file /opt/airflow/dags/ingestion_postgres_dag.py for tasks to queue
[2026-03-27T10:48:06.659+0000] {logging_mixin.py:190} INFO - [2026-03-27T10:48:06.659+0000] {dagbag.py:588} INFO - Filling up the DagBag from /opt/airflow/dags/ingestion_postgres_dag.py
[2026-03-27T10:48:06.678+0000] {processor.py:925} INFO - DAG(s) 'ingestion_postgres_tmdb' retrieved from /opt/airflow/dags/ingestion_postgres_dag.py
[2026-03-27T10:48:06.708+0000] {logging_mixin.py:190} INFO - [2026-03-27T10:48:06.708+0000] {dag.py:3239} INFO - Sync 1 DAGs
[2026-03-27T10:48:06.734+0000] {logging_mixin.py:190} INFO - [2026-03-27T10:48:06.734+0000] {dag.py:4180} INFO - Setting next_dagrun for ingestion_postgres_tmdb to 2026-03-02 10:00:00+00:00, run_after=2026-04-06 10:00:00+00:00
[2026-03-27T10:48:06.754+0000] {processor.py:208} INFO - Processing /opt/airflow/dags/ingestion_postgres_dag.py took 0.106 seconds
[2026-03-27T10:48:36.910+0000] {processor.py:186} INFO - Started process (PID=1377) to work on /opt/airflow/dags/ingestion_postgres_dag.py
[2026-03-27T10:48:36.911+0000] {processor.py:914} INFO - Processing file /opt/airflow/dags/ingestion_postgres_dag.py for tasks to queue
[2026-03-27T10:48:36.914+0000] {logging_mixin.py:190} INFO - [2026-03-27T10:48:36.913+0000] {dagbag.py:588} INFO - Filling up the DagBag from /opt/airflow/dags/ingestion_postgres_dag.py
[2026-03-27T10:48:36.933+0000] {processor.py:925} INFO - DAG(s) 'ingestion_postgres_tmdb' retrieved from /opt/airflow/dags/ingestion_postgres_dag.py
[2026-03-27T10:48:36.958+0000] {logging_mixin.py:190} INFO - [2026-03-27T10:48:36.958+0000] {dag.py:3239} INFO - Sync 1 DAGs
[2026-03-27T10:48:36.978+0000] {logging_mixin.py:190} INFO - [2026-03-27T10:48:36.977+0000] {dag.py:4180} INFO - Setting next_dagrun for ingestion_postgres_tmdb to 2026-03-02 10:00:00+00:00, run_after=2026-04-06 10:00:00+00:00
[2026-03-27T10:48:36.996+0000] {processor.py:208} INFO - Processing /opt/airflow/dags/ingestion_postgres_dag.py took 0.091 seconds
[2026-03-27T10:49:07.173+0000] {processor.py:186} INFO - Started process (PID=1387) to work on /opt/airflow/dags/ingestion_postgres_dag.py
[2026-03-27T10:49:07.174+0000] {processor.py:914} INFO - Processing file /opt/airflow/dags/ingestion_postgres_dag.py for tasks to queue
[2026-03-27T10:49:07.176+0000] {logging_mixin.py:190} INFO - [2026-03-27T10:49:07.176+0000] {dagbag.py:588} INFO - Filling up the DagBag from /opt/airflow/dags/ingestion_postgres_dag.py
[2026-03-27T10:49:07.194+0000] {processor.py:925} INFO - DAG(s) 'ingestion_postgres_tmdb' retrieved from /opt/airflow/dags/ingestion_postgres_dag.py
[2026-03-27T10:49:07.220+0000] {logging_mixin.py:190} INFO - [2026-03-27T10:49:07.219+0000] {dag.py:3239} INFO - Sync 1 DAGs
[2026-03-27T10:49:07.242+0000] {logging_mixin.py:190} INFO - [2026-03-27T10:49:07.242+0000] {dag.py:4180} INFO - Setting next_dagrun for ingestion_postgres_tmdb to 2026-03-02 10:00:00+00:00, run_after=2026-04-06 10:00:00+00:00
[2026-03-27T10:49:07.264+0000] {processor.py:208} INFO - Processing /opt/airflow/dags/ingestion_postgres_dag.py took 0.096 seconds
[2026-03-27T10:49:37.393+0000] {processor.py:186} INFO - Started process (PID=1397) to work on /opt/airflow/dags/ingestion_postgres_dag.py
[2026-03-27T10:49:37.394+0000] {processor.py:914} INFO - Processing file /opt/airflow/dags/ingestion_postgres_dag.py for tasks to queue
[2026-03-27T10:49:37.397+0000] {logging_mixin.py:190} INFO - [2026-03-27T10:49:37.397+0000] {dagbag.py:588} INFO - Filling up the DagBag from /opt/airflow/dags/ingestion_postgres_dag.py
[2026-03-27T10:49:37.414+0000] {processor.py:925} INFO - DAG(s) 'ingestion_postgres_tmdb' retrieved from /opt/airflow/dags/ingestion_postgres_dag.py
[2026-03-27T10:49:37.443+0000] {logging_mixin.py:190} INFO - [2026-03-27T10:49:37.442+0000] {dag.py:3239} INFO - Sync 1 DAGs
[2026-03-27T10:49:37.464+0000] {logging_mixin.py:190} INFO - [2026-03-27T10:49:37.464+0000] {dag.py:4180} INFO - Setting next_dagrun for ingestion_postgres_tmdb to 2026-03-02 10:00:00+00:00, run_after=2026-04-06 10:00:00+00:00
[2026-03-27T10:49:37.482+0000] {processor.py:208} INFO - Processing /opt/airflow/dags/ingestion_postgres_dag.py took 0.095 seconds
[2026-03-27T10:50:07.692+0000] {processor.py:186} INFO - Started process (PID=1407) to work on /opt/airflow/dags/ingestion_postgres_dag.py
[2026-03-27T10:50:07.695+0000] {processor.py:914} INFO - Processing file /opt/airflow/dags/ingestion_postgres_dag.py for tasks to queue
[2026-03-27T10:50:07.697+0000] {logging_mixin.py:190} INFO - [2026-03-27T10:50:07.697+0000] {dagbag.py:588} INFO - Filling up the DagBag from /opt/airflow/dags/ingestion_postgres_dag.py
[2026-03-27T10:50:07.726+0000] {processor.py:925} INFO - DAG(s) 'ingestion_postgres_tmdb' retrieved from /opt/airflow/dags/ingestion_postgres_dag.py
[2026-03-27T10:50:07.761+0000] {logging_mixin.py:190} INFO - [2026-03-27T10:50:07.761+0000] {dag.py:3239} INFO - Sync 1 DAGs
[2026-03-27T10:50:07.784+0000] {logging_mixin.py:190} INFO - [2026-03-27T10:50:07.784+0000] {dag.py:4180} INFO - Setting next_dagrun for ingestion_postgres_tmdb to 2026-03-02 10:00:00+00:00, run_after=2026-04-06 10:00:00+00:00
[2026-03-27T10:50:07.818+0000] {processor.py:208} INFO - Processing /opt/airflow/dags/ingestion_postgres_dag.py took 0.133 seconds
[2026-03-27T10:50:37.974+0000] {processor.py:186} INFO - Started process (PID=1417) to work on /opt/airflow/dags/ingestion_postgres_dag.py
[2026-03-27T10:50:37.975+0000] {processor.py:914} INFO - Processing file /opt/airflow/dags/ingestion_postgres_dag.py for tasks to queue
[2026-03-27T10:50:37.977+0000] {logging_mixin.py:190} INFO - [2026-03-27T10:50:37.977+0000] {dagbag.py:588} INFO - Filling up the DagBag from /opt/airflow/dags/ingestion_postgres_dag.py
[2026-03-27T10:50:37.996+0000] {processor.py:925} INFO - DAG(s) 'ingestion_postgres_tmdb' retrieved from /opt/airflow/dags/ingestion_postgres_dag.py
[2026-03-27T10:50:38.024+0000] {logging_mixin.py:190} INFO - [2026-03-27T10:50:38.024+0000] {dag.py:3239} INFO - Sync 1 DAGs
[2026-03-27T10:50:38.046+0000] {logging_mixin.py:190} INFO - [2026-03-27T10:50:38.046+0000] {dag.py:4180} INFO - Setting next_dagrun for ingestion_postgres_tmdb to 2026-03-02 10:00:00+00:00, run_after=2026-04-06 10:00:00+00:00
[2026-03-27T10:50:38.067+0000] {processor.py:208} INFO - Processing /opt/airflow/dags/ingestion_postgres_dag.py took 0.100 seconds
[2026-03-27T10:51:08.228+0000] {processor.py:186} INFO - Started process (PID=1427) to work on /opt/airflow/dags/ingestion_postgres_dag.py
[2026-03-27T10:51:08.229+0000] {processor.py:914} INFO - Processing file /opt/airflow/dags/ingestion_postgres_dag.py for tasks to queue
[2026-03-27T10:51:08.231+0000] {logging_mixin.py:190} INFO - [2026-03-27T10:51:08.231+0000] {dagbag.py:588} INFO - Filling up the DagBag from /opt/airflow/dags/ingestion_postgres_dag.py
[2026-03-27T10:51:08.254+0000] {processor.py:925} INFO - DAG(s) 'ingestion_postgres_tmdb' retrieved from /opt/airflow/dags/ingestion_postgres_dag.py
[2026-03-27T10:51:08.287+0000] {logging_mixin.py:190} INFO - [2026-03-27T10:51:08.286+0000] {dag.py:3239} INFO - Sync 1 DAGs
[2026-03-27T10:51:08.311+0000] {logging_mixin.py:190} INFO - [2026-03-27T10:51:08.311+0000] {dag.py:4180} INFO - Setting next_dagrun for ingestion_postgres_tmdb to 2026-03-02 10:00:00+00:00, run_after=2026-04-06 10:00:00+00:00
[2026-03-27T10:51:08.334+0000] {processor.py:208} INFO - Processing /opt/airflow/dags/ingestion_postgres_dag.py took 0.112 seconds
[2026-03-27T10:51:38.459+0000] {processor.py:186} INFO - Started process (PID=1437) to work on /opt/airflow/dags/ingestion_postgres_dag.py
[2026-03-27T10:51:38.460+0000] {processor.py:914} INFO - Processing file /opt/airflow/dags/ingestion_postgres_dag.py for tasks to queue
[2026-03-27T10:51:38.463+0000] {logging_mixin.py:190} INFO - [2026-03-27T10:51:38.462+0000] {dagbag.py:588} INFO - Filling up the DagBag from /opt/airflow/dags/ingestion_postgres_dag.py
[2026-03-27T10:51:38.481+0000] {processor.py:925} INFO - DAG(s) 'ingestion_postgres_tmdb' retrieved from /opt/airflow/dags/ingestion_postgres_dag.py
[2026-03-27T10:51:38.509+0000] {logging_mixin.py:190} INFO - [2026-03-27T10:51:38.509+0000] {dag.py:3239} INFO - Sync 1 DAGs
[2026-03-27T10:51:38.530+0000] {logging_mixin.py:190} INFO - [2026-03-27T10:51:38.529+0000] {dag.py:4180} INFO - Setting next_dagrun for ingestion_postgres_tmdb to 2026-03-02 10:00:00+00:00, run_after=2026-04-06 10:00:00+00:00
[2026-03-27T10:51:38.546+0000] {processor.py:208} INFO - Processing /opt/airflow/dags/ingestion_postgres_dag.py took 0.094 seconds
[2026-03-27T10:52:08.679+0000] {processor.py:186} INFO - Started process (PID=1447) to work on /opt/airflow/dags/ingestion_postgres_dag.py
[2026-03-27T10:52:08.680+0000] {processor.py:914} INFO - Processing file /opt/airflow/dags/ingestion_postgres_dag.py for tasks to queue
[2026-03-27T10:52:08.682+0000] {logging_mixin.py:190} INFO - [2026-03-27T10:52:08.682+0000] {dagbag.py:588} INFO - Filling up the DagBag from /opt/airflow/dags/ingestion_postgres_dag.py
[2026-03-27T10:52:08.701+0000] {processor.py:925} INFO - DAG(s) 'ingestion_postgres_tmdb' retrieved from /opt/airflow/dags/ingestion_postgres_dag.py
[2026-03-27T10:52:08.733+0000] {logging_mixin.py:190} INFO - [2026-03-27T10:52:08.732+0000] {dag.py:3239} INFO - Sync 1 DAGs
[2026-03-27T10:52:08.755+0000] {logging_mixin.py:190} INFO - [2026-03-27T10:52:08.755+0000] {dag.py:4180} INFO - Setting next_dagrun for ingestion_postgres_tmdb to 2026-03-02 10:00:00+00:00, run_after=2026-04-06 10:00:00+00:00
[2026-03-27T10:52:08.774+0000] {processor.py:208} INFO - Processing /opt/airflow/dags/ingestion_postgres_dag.py took 0.102 seconds
[2026-03-27T10:52:38.850+0000] {processor.py:186} INFO - Started process (PID=1457) to work on /opt/airflow/dags/ingestion_postgres_dag.py
[2026-03-27T10:52:38.851+0000] {processor.py:914} INFO - Processing file /opt/airflow/dags/ingestion_postgres_dag.py for tasks to queue
[2026-03-27T10:52:38.854+0000] {logging_mixin.py:190} INFO - [2026-03-27T10:52:38.854+0000] {dagbag.py:588} INFO - Filling up the DagBag from /opt/airflow/dags/ingestion_postgres_dag.py
[2026-03-27T10:52:38.908+0000] {processor.py:925} INFO - DAG(s) 'ingestion_postgres_tmdb' retrieved from /opt/airflow/dags/ingestion_postgres_dag.py
[2026-03-27T10:52:38.960+0000] {logging_mixin.py:190} INFO - [2026-03-27T10:52:38.960+0000] {dag.py:3239} INFO - Sync 1 DAGs
[2026-03-27T10:52:38.986+0000] {logging_mixin.py:190} INFO - [2026-03-27T10:52:38.985+0000] {dag.py:4180} INFO - Setting next_dagrun for ingestion_postgres_tmdb to 2026-03-02 10:00:00+00:00, run_after=2026-04-06 10:00:00+00:00
[2026-03-27T10:52:39.005+0000] {processor.py:208} INFO - Processing /opt/airflow/dags/ingestion_postgres_dag.py took 0.167 seconds
[2026-03-27T10:53:09.129+0000] {processor.py:186} INFO - Started process (PID=1467) to work on /opt/airflow/dags/ingestion_postgres_dag.py
[2026-03-27T10:53:09.130+0000] {processor.py:914} INFO - Processing file /opt/airflow/dags/ingestion_postgres_dag.py for tasks to queue
[2026-03-27T10:53:09.132+0000] {logging_mixin.py:190} INFO - [2026-03-27T10:53:09.132+0000] {dagbag.py:588} INFO - Filling up the DagBag from /opt/airflow/dags/ingestion_postgres_dag.py
[2026-03-27T10:53:09.153+0000] {processor.py:925} INFO - DAG(s) 'ingestion_postgres_tmdb' retrieved from /opt/airflow/dags/ingestion_postgres_dag.py
[2026-03-27T10:53:09.181+0000] {logging_mixin.py:190} INFO - [2026-03-27T10:53:09.180+0000] {dag.py:3239} INFO - Sync 1 DAGs
[2026-03-27T10:53:09.206+0000] {logging_mixin.py:190} INFO - [2026-03-27T10:53:09.206+0000] {dag.py:4180} INFO - Setting next_dagrun for ingestion_postgres_tmdb to 2026-03-02 10:00:00+00:00, run_after=2026-04-06 10:00:00+00:00
[2026-03-27T10:53:09.257+0000] {processor.py:208} INFO - Processing /opt/airflow/dags/ingestion_postgres_dag.py took 0.135 seconds
[2026-03-27T10:53:39.390+0000] {processor.py:186} INFO - Started process (PID=1477) to work on /opt/airflow/dags/ingestion_postgres_dag.py
[2026-03-27T10:53:39.391+0000] {processor.py:914} INFO - Processing file /opt/airflow/dags/ingestion_postgres_dag.py for tasks to queue
[2026-03-27T10:53:39.393+0000] {logging_mixin.py:190} INFO - [2026-03-27T10:53:39.393+0000] {dagbag.py:588} INFO - Filling up the DagBag from /opt/airflow/dags/ingestion_postgres_dag.py
[2026-03-27T10:53:39.425+0000] {processor.py:925} INFO - DAG(s) 'ingestion_postgres_tmdb' retrieved from /opt/airflow/dags/ingestion_postgres_dag.py
[2026-03-27T10:53:39.457+0000] {logging_mixin.py:190} INFO - [2026-03-27T10:53:39.457+0000] {dag.py:3239} INFO - Sync 1 DAGs
[2026-03-27T10:53:39.479+0000] {logging_mixin.py:190} INFO - [2026-03-27T10:53:39.479+0000] {dag.py:4180} INFO - Setting next_dagrun for ingestion_postgres_tmdb to 2026-03-02 10:00:00+00:00, run_after=2026-04-06 10:00:00+00:00
[2026-03-27T10:53:39.499+0000] {processor.py:208} INFO - Processing /opt/airflow/dags/ingestion_postgres_dag.py took 0.117 seconds
[2026-03-27T10:54:09.684+0000] {processor.py:186} INFO - Started process (PID=1487) to work on /opt/airflow/dags/ingestion_postgres_dag.py
[2026-03-27T10:54:09.685+0000] {processor.py:914} INFO - Processing file /opt/airflow/dags/ingestion_postgres_dag.py for tasks to queue
[2026-03-27T10:54:09.687+0000] {logging_mixin.py:190} INFO - [2026-03-27T10:54:09.686+0000] {dagbag.py:588} INFO - Filling up the DagBag from /opt/airflow/dags/ingestion_postgres_dag.py
[2026-03-27T10:54:09.707+0000] {processor.py:925} INFO - DAG(s) 'ingestion_postgres_tmdb' retrieved from /opt/airflow/dags/ingestion_postgres_dag.py
[2026-03-27T10:54:09.745+0000] {logging_mixin.py:190} INFO - [2026-03-27T10:54:09.745+0000] {dag.py:3239} INFO - Sync 1 DAGs
[2026-03-27T10:54:09.781+0000] {logging_mixin.py:190} INFO - [2026-03-27T10:54:09.780+0000] {dag.py:4180} INFO - Setting next_dagrun for ingestion_postgres_tmdb to 2026-03-02 10:00:00+00:00, run_after=2026-04-06 10:00:00+00:00
[2026-03-27T10:54:09.815+0000] {processor.py:208} INFO - Processing /opt/airflow/dags/ingestion_postgres_dag.py took 0.139 seconds
[2026-03-27T10:54:39.938+0000] {processor.py:186} INFO - Started process (PID=1497) to work on /opt/airflow/dags/ingestion_postgres_dag.py
[2026-03-27T10:54:39.939+0000] {processor.py:914} INFO - Processing file /opt/airflow/dags/ingestion_postgres_dag.py for tasks to queue
[2026-03-27T10:54:39.941+0000] {logging_mixin.py:190} INFO - [2026-03-27T10:54:39.941+0000] {dagbag.py:588} INFO - Filling up the DagBag from /opt/airflow/dags/ingestion_postgres_dag.py
[2026-03-27T10:54:39.974+0000] {processor.py:925} INFO - DAG(s) 'ingestion_postgres_tmdb' retrieved from /opt/airflow/dags/ingestion_postgres_dag.py
[2026-03-27T10:54:40.022+0000] {logging_mixin.py:190} INFO - [2026-03-27T10:54:40.022+0000] {dag.py:3239} INFO - Sync 1 DAGs
[2026-03-27T10:54:40.048+0000] {logging_mixin.py:190} INFO - [2026-03-27T10:54:40.047+0000] {dag.py:4180} INFO - Setting next_dagrun for ingestion_postgres_tmdb to 2026-03-02 10:00:00+00:00, run_after=2026-04-06 10:00:00+00:00
[2026-03-27T10:54:40.073+0000] {processor.py:208} INFO - Processing /opt/airflow/dags/ingestion_postgres_dag.py took 0.141 seconds
[2026-03-27T10:55:10.200+0000] {processor.py:186} INFO - Started process (PID=1507) to work on /opt/airflow/dags/ingestion_postgres_dag.py
[2026-03-27T10:55:10.201+0000] {processor.py:914} INFO - Processing file /opt/airflow/dags/ingestion_postgres_dag.py for tasks to queue
[2026-03-27T10:55:10.203+0000] {logging_mixin.py:190} INFO - [2026-03-27T10:55:10.203+0000] {dagbag.py:588} INFO - Filling up the DagBag from /opt/airflow/dags/ingestion_postgres_dag.py
[2026-03-27T10:55:10.223+0000] {processor.py:925} INFO - DAG(s) 'ingestion_postgres_tmdb' retrieved from /opt/airflow/dags/ingestion_postgres_dag.py
[2026-03-27T10:55:10.249+0000] {logging_mixin.py:190} INFO - [2026-03-27T10:55:10.249+0000] {dag.py:3239} INFO - Sync 1 DAGs
[2026-03-27T10:55:10.273+0000] {logging_mixin.py:190} INFO - [2026-03-27T10:55:10.273+0000] {dag.py:4180} INFO - Setting next_dagrun for ingestion_postgres_tmdb to 2026-03-02 10:00:00+00:00, run_after=2026-04-06 10:00:00+00:00
[2026-03-27T10:55:10.292+0000] {processor.py:208} INFO - Processing /opt/airflow/dags/ingestion_postgres_dag.py took 0.097 seconds
[2026-03-27T10:55:40.432+0000] {processor.py:186} INFO - Started process (PID=1517) to work on /opt/airflow/dags/ingestion_postgres_dag.py
[2026-03-27T10:55:40.433+0000] {processor.py:914} INFO - Processing file /opt/airflow/dags/ingestion_postgres_dag.py for tasks to queue
[2026-03-27T10:55:40.435+0000] {logging_mixin.py:190} INFO - [2026-03-27T10:55:40.435+0000] {dagbag.py:588} INFO - Filling up the DagBag from /opt/airflow/dags/ingestion_postgres_dag.py
[2026-03-27T10:55:40.457+0000] {processor.py:925} INFO - DAG(s) 'ingestion_postgres_tmdb' retrieved from /opt/airflow/dags/ingestion_postgres_dag.py
[2026-03-27T10:55:40.483+0000] {logging_mixin.py:190} INFO - [2026-03-27T10:55:40.483+0000] {dag.py:3239} INFO - Sync 1 DAGs
[2026-03-27T10:55:40.511+0000] {logging_mixin.py:190} INFO - [2026-03-27T10:55:40.511+0000] {dag.py:4180} INFO - Setting next_dagrun for ingestion_postgres_tmdb to 2026-03-02 10:00:00+00:00, run_after=2026-04-06 10:00:00+00:00
[2026-03-27T10:55:40.534+0000] {processor.py:208} INFO - Processing /opt/airflow/dags/ingestion_postgres_dag.py took 0.109 seconds
[2026-03-27T10:56:10.756+0000] {processor.py:186} INFO - Started process (PID=1527) to work on /opt/airflow/dags/ingestion_postgres_dag.py
[2026-03-27T10:56:10.758+0000] {processor.py:914} INFO - Processing file /opt/airflow/dags/ingestion_postgres_dag.py for tasks to queue
[2026-03-27T10:56:10.761+0000] {logging_mixin.py:190} INFO - [2026-03-27T10:56:10.761+0000] {dagbag.py:588} INFO - Filling up the DagBag from /opt/airflow/dags/ingestion_postgres_dag.py
[2026-03-27T10:56:10.785+0000] {processor.py:925} INFO - DAG(s) 'ingestion_postgres_tmdb' retrieved from /opt/airflow/dags/ingestion_postgres_dag.py
[2026-03-27T10:56:10.829+0000] {logging_mixin.py:190} INFO - [2026-03-27T10:56:10.829+0000] {dag.py:3239} INFO - Sync 1 DAGs
[2026-03-27T10:56:10.857+0000] {logging_mixin.py:190} INFO - [2026-03-27T10:56:10.856+0000] {dag.py:4180} INFO - Setting next_dagrun for ingestion_postgres_tmdb to 2026-03-02 10:00:00+00:00, run_after=2026-04-06 10:00:00+00:00
[2026-03-27T10:56:10.894+0000] {processor.py:208} INFO - Processing /opt/airflow/dags/ingestion_postgres_dag.py took 0.146 seconds
[2026-03-27T10:56:41.057+0000] {processor.py:186} INFO - Started process (PID=1537) to work on /opt/airflow/dags/ingestion_postgres_dag.py
[2026-03-27T10:56:41.058+0000] {processor.py:914} INFO - Processing file /opt/airflow/dags/ingestion_postgres_dag.py for tasks to queue
[2026-03-27T10:56:41.061+0000] {logging_mixin.py:190} INFO - [2026-03-27T10:56:41.060+0000] {dagbag.py:588} INFO - Filling up the DagBag from /opt/airflow/dags/ingestion_postgres_dag.py
[2026-03-27T10:56:41.081+0000] {processor.py:925} INFO - DAG(s) 'ingestion_postgres_tmdb' retrieved from /opt/airflow/dags/ingestion_postgres_dag.py
[2026-03-27T10:56:41.125+0000] {logging_mixin.py:190} INFO - [2026-03-27T10:56:41.125+0000] {dag.py:3239} INFO - Sync 1 DAGs
[2026-03-27T10:56:41.154+0000] {logging_mixin.py:190} INFO - [2026-03-27T10:56:41.154+0000] {dag.py:4180} INFO - Setting next_dagrun for ingestion_postgres_tmdb to 2026-03-02 10:00:00+00:00, run_after=2026-04-06 10:00:00+00:00
[2026-03-27T10:56:41.178+0000] {processor.py:208} INFO - Processing /opt/airflow/dags/ingestion_postgres_dag.py took 0.129 seconds
[2026-03-27T10:57:12.089+0000] {processor.py:186} INFO - Started process (PID=1547) to work on /opt/airflow/dags/ingestion_postgres_dag.py
[2026-03-27T10:57:12.090+0000] {processor.py:914} INFO - Processing file /opt/airflow/dags/ingestion_postgres_dag.py for tasks to queue
[2026-03-27T10:57:12.093+0000] {logging_mixin.py:190} INFO - [2026-03-27T10:57:12.093+0000] {dagbag.py:588} INFO - Filling up the DagBag from /opt/airflow/dags/ingestion_postgres_dag.py
[2026-03-27T10:57:12.126+0000] {processor.py:925} INFO - DAG(s) 'ingestion_postgres_tmdb' retrieved from /opt/airflow/dags/ingestion_postgres_dag.py
[2026-03-27T10:57:12.168+0000] {logging_mixin.py:190} INFO - [2026-03-27T10:57:12.167+0000] {dag.py:3239} INFO - Sync 1 DAGs
[2026-03-27T10:57:12.197+0000] {logging_mixin.py:190} INFO - [2026-03-27T10:57:12.197+0000] {dag.py:4180} INFO - Setting next_dagrun for ingestion_postgres_tmdb to 2026-03-02 10:00:00+00:00, run_after=2026-04-06 10:00:00+00:00
[2026-03-27T10:57:12.217+0000] {processor.py:208} INFO - Processing /opt/airflow/dags/ingestion_postgres_dag.py took 0.134 seconds
[2026-03-27T10:57:42.432+0000] {processor.py:186} INFO - Started process (PID=1557) to work on /opt/airflow/dags/ingestion_postgres_dag.py
[2026-03-27T10:57:42.433+0000] {processor.py:914} INFO - Processing file /opt/airflow/dags/ingestion_postgres_dag.py for tasks to queue
[2026-03-27T10:57:42.435+0000] {logging_mixin.py:190} INFO - [2026-03-27T10:57:42.434+0000] {dagbag.py:588} INFO - Filling up the DagBag from /opt/airflow/dags/ingestion_postgres_dag.py
[2026-03-27T10:57:42.454+0000] {processor.py:925} INFO - DAG(s) 'ingestion_postgres_tmdb' retrieved from /opt/airflow/dags/ingestion_postgres_dag.py
[2026-03-27T10:57:42.491+0000] {logging_mixin.py:190} INFO - [2026-03-27T10:57:42.491+0000] {dag.py:3239} INFO - Sync 1 DAGs
[2026-03-27T10:57:42.513+0000] {logging_mixin.py:190} INFO - [2026-03-27T10:57:42.513+0000] {dag.py:4180} INFO - Setting next_dagrun for ingestion_postgres_tmdb to 2026-03-02 10:00:00+00:00, run_after=2026-04-06 10:00:00+00:00
[2026-03-27T10:57:42.533+0000] {processor.py:208} INFO - Processing /opt/airflow/dags/ingestion_postgres_dag.py took 0.109 seconds
[2026-03-27T10:58:12.694+0000] {processor.py:186} INFO - Started process (PID=1567) to work on /opt/airflow/dags/ingestion_postgres_dag.py
[2026-03-27T10:58:12.695+0000] {processor.py:914} INFO - Processing file /opt/airflow/dags/ingestion_postgres_dag.py for tasks to queue
[2026-03-27T10:58:12.697+0000] {logging_mixin.py:190} INFO - [2026-03-27T10:58:12.697+0000] {dagbag.py:588} INFO - Filling up the DagBag from /opt/airflow/dags/ingestion_postgres_dag.py
[2026-03-27T10:58:12.720+0000] {processor.py:925} INFO - DAG(s) 'ingestion_postgres_tmdb' retrieved from /opt/airflow/dags/ingestion_postgres_dag.py
[2026-03-27T10:58:12.751+0000] {logging_mixin.py:190} INFO - [2026-03-27T10:58:12.750+0000] {dag.py:3239} INFO - Sync 1 DAGs
[2026-03-27T10:58:12.773+0000] {logging_mixin.py:190} INFO - [2026-03-27T10:58:12.773+0000] {dag.py:4180} INFO - Setting next_dagrun for ingestion_postgres_tmdb to 2026-03-02 10:00:00+00:00, run_after=2026-04-06 10:00:00+00:00
[2026-03-27T10:58:12.791+0000] {processor.py:208} INFO - Processing /opt/airflow/dags/ingestion_postgres_dag.py took 0.103 seconds
[2026-03-27T10:58:42.915+0000] {processor.py:186} INFO - Started process (PID=1577) to work on /opt/airflow/dags/ingestion_postgres_dag.py
[2026-03-27T10:58:42.917+0000] {processor.py:914} INFO - Processing file /opt/airflow/dags/ingestion_postgres_dag.py for tasks to queue
[2026-03-27T10:58:42.919+0000] {logging_mixin.py:190} INFO - [2026-03-27T10:58:42.919+0000] {dagbag.py:588} INFO - Filling up the DagBag from /opt/airflow/dags/ingestion_postgres_dag.py
[2026-03-27T10:58:42.937+0000] {processor.py:925} INFO - DAG(s) 'ingestion_postgres_tmdb' retrieved from /opt/airflow/dags/ingestion_postgres_dag.py
[2026-03-27T10:58:42.973+0000] {logging_mixin.py:190} INFO - [2026-03-27T10:58:42.973+0000] {dag.py:3239} INFO - Sync 1 DAGs
[2026-03-27T10:58:42.996+0000] {logging_mixin.py:190} INFO - [2026-03-27T10:58:42.995+0000] {dag.py:4180} INFO - Setting next_dagrun for ingestion_postgres_tmdb to 2026-03-02 10:00:00+00:00, run_after=2026-04-06 10:00:00+00:00
[2026-03-27T10:58:43.015+0000] {processor.py:208} INFO - Processing /opt/airflow/dags/ingestion_postgres_dag.py took 0.108 seconds
[2026-03-27T10:59:13.174+0000] {processor.py:186} INFO - Started process (PID=1587) to work on /opt/airflow/dags/ingestion_postgres_dag.py
[2026-03-27T10:59:13.175+0000] {processor.py:914} INFO - Processing file /opt/airflow/dags/ingestion_postgres_dag.py for tasks to queue
[2026-03-27T10:59:13.178+0000] {logging_mixin.py:190} INFO - [2026-03-27T10:59:13.178+0000] {dagbag.py:588} INFO - Filling up the DagBag from /opt/airflow/dags/ingestion_postgres_dag.py
[2026-03-27T10:59:13.208+0000] {processor.py:925} INFO - DAG(s) 'ingestion_postgres_tmdb' retrieved from /opt/airflow/dags/ingestion_postgres_dag.py
[2026-03-27T10:59:13.246+0000] {logging_mixin.py:190} INFO - [2026-03-27T10:59:13.246+0000] {dag.py:3239} INFO - Sync 1 DAGs
[2026-03-27T10:59:13.273+0000] {logging_mixin.py:190} INFO - [2026-03-27T10:59:13.273+0000] {dag.py:4180} INFO - Setting next_dagrun for ingestion_postgres_tmdb to 2026-03-02 10:00:00+00:00, run_after=2026-04-06 10:00:00+00:00
[2026-03-27T10:59:13.303+0000] {processor.py:208} INFO - Processing /opt/airflow/dags/ingestion_postgres_dag.py took 0.138 seconds
[2026-03-27T10:59:43.471+0000] {processor.py:186} INFO - Started process (PID=1597) to work on /opt/airflow/dags/ingestion_postgres_dag.py
[2026-03-27T10:59:43.472+0000] {processor.py:914} INFO - Processing file /opt/airflow/dags/ingestion_postgres_dag.py for tasks to queue
[2026-03-27T10:59:43.474+0000] {logging_mixin.py:190} INFO - [2026-03-27T10:59:43.474+0000] {dagbag.py:588} INFO - Filling up the DagBag from /opt/airflow/dags/ingestion_postgres_dag.py
[2026-03-27T10:59:43.493+0000] {processor.py:925} INFO - DAG(s) 'ingestion_postgres_tmdb' retrieved from /opt/airflow/dags/ingestion_postgres_dag.py
[2026-03-27T10:59:43.524+0000] {logging_mixin.py:190} INFO - [2026-03-27T10:59:43.523+0000] {dag.py:3239} INFO - Sync 1 DAGs
[2026-03-27T10:59:43.543+0000] {logging_mixin.py:190} INFO - [2026-03-27T10:59:43.543+0000] {dag.py:4180} INFO - Setting next_dagrun for ingestion_postgres_tmdb to 2026-03-02 10:00:00+00:00, run_after=2026-04-06 10:00:00+00:00
[2026-03-27T10:59:43.562+0000] {processor.py:208} INFO - Processing /opt/airflow/dags/ingestion_postgres_dag.py took 0.101 seconds
[2026-03-27T11:00:13.691+0000] {processor.py:186} INFO - Started process (PID=1607) to work on /opt/airflow/dags/ingestion_postgres_dag.py
[2026-03-27T11:00:13.692+0000] {processor.py:914} INFO - Processing file /opt/airflow/dags/ingestion_postgres_dag.py for tasks to queue
[2026-03-27T11:00:13.694+0000] {logging_mixin.py:190} INFO - [2026-03-27T11:00:13.694+0000] {dagbag.py:588} INFO - Filling up the DagBag from /opt/airflow/dags/ingestion_postgres_dag.py
[2026-03-27T11:00:13.713+0000] {processor.py:925} INFO - DAG(s) 'ingestion_postgres_tmdb' retrieved from /opt/airflow/dags/ingestion_postgres_dag.py
[2026-03-27T11:00:13.742+0000] {logging_mixin.py:190} INFO - [2026-03-27T11:00:13.741+0000] {dag.py:3239} INFO - Sync 1 DAGs
[2026-03-27T11:00:13.764+0000] {logging_mixin.py:190} INFO - [2026-03-27T11:00:13.764+0000] {dag.py:4180} INFO - Setting next_dagrun for ingestion_postgres_tmdb to 2026-03-02 10:00:00+00:00, run_after=2026-04-06 10:00:00+00:00
[2026-03-27T11:00:13.783+0000] {processor.py:208} INFO - Processing /opt/airflow/dags/ingestion_postgres_dag.py took 0.100 seconds
[2026-03-27T11:00:43.916+0000] {processor.py:186} INFO - Started process (PID=1617) to work on /opt/airflow/dags/ingestion_postgres_dag.py
[2026-03-27T11:00:43.917+0000] {processor.py:914} INFO - Processing file /opt/airflow/dags/ingestion_postgres_dag.py for tasks to queue
[2026-03-27T11:00:43.919+0000] {logging_mixin.py:190} INFO - [2026-03-27T11:00:43.919+0000] {dagbag.py:588} INFO - Filling up the DagBag from /opt/airflow/dags/ingestion_postgres_dag.py
[2026-03-27T11:00:43.939+0000] {processor.py:925} INFO - DAG(s) 'ingestion_postgres_tmdb' retrieved from /opt/airflow/dags/ingestion_postgres_dag.py
[2026-03-27T11:00:43.968+0000] {logging_mixin.py:190} INFO - [2026-03-27T11:00:43.968+0000] {dag.py:3239} INFO - Sync 1 DAGs
[2026-03-27T11:00:43.989+0000] {logging_mixin.py:190} INFO - [2026-03-27T11:00:43.988+0000] {dag.py:4180} INFO - Setting next_dagrun for ingestion_postgres_tmdb to 2026-03-02 10:00:00+00:00, run_after=2026-04-06 10:00:00+00:00
[2026-03-27T11:00:44.007+0000] {processor.py:208} INFO - Processing /opt/airflow/dags/ingestion_postgres_dag.py took 0.097 seconds
[2026-03-27T11:01:14.187+0000] {processor.py:186} INFO - Started process (PID=1627) to work on /opt/airflow/dags/ingestion_postgres_dag.py
[2026-03-27T11:01:14.188+0000] {processor.py:914} INFO - Processing file /opt/airflow/dags/ingestion_postgres_dag.py for tasks to queue
[2026-03-27T11:01:14.191+0000] {logging_mixin.py:190} INFO - [2026-03-27T11:01:14.191+0000] {dagbag.py:588} INFO - Filling up the DagBag from /opt/airflow/dags/ingestion_postgres_dag.py
[2026-03-27T11:01:14.210+0000] {processor.py:925} INFO - DAG(s) 'ingestion_postgres_tmdb' retrieved from /opt/airflow/dags/ingestion_postgres_dag.py
[2026-03-27T11:01:14.242+0000] {logging_mixin.py:190} INFO - [2026-03-27T11:01:14.242+0000] {dag.py:3239} INFO - Sync 1 DAGs
[2026-03-27T11:01:14.273+0000] {logging_mixin.py:190} INFO - [2026-03-27T11:01:14.272+0000] {dag.py:4180} INFO - Setting next_dagrun for ingestion_postgres_tmdb to 2026-03-02 10:00:00+00:00, run_after=2026-04-06 10:00:00+00:00
[2026-03-27T11:01:14.304+0000] {processor.py:208} INFO - Processing /opt/airflow/dags/ingestion_postgres_dag.py took 0.122 seconds
[2026-03-27T11:01:44.448+0000] {processor.py:186} INFO - Started process (PID=1637) to work on /opt/airflow/dags/ingestion_postgres_dag.py
[2026-03-27T11:01:44.450+0000] {processor.py:914} INFO - Processing file /opt/airflow/dags/ingestion_postgres_dag.py for tasks to queue
[2026-03-27T11:01:44.453+0000] {logging_mixin.py:190} INFO - [2026-03-27T11:01:44.452+0000] {dagbag.py:588} INFO - Filling up the DagBag from /opt/airflow/dags/ingestion_postgres_dag.py
[2026-03-27T11:01:44.504+0000] {processor.py:925} INFO - DAG(s) 'ingestion_postgres_tmdb' retrieved from /opt/airflow/dags/ingestion_postgres_dag.py
[2026-03-27T11:01:44.530+0000] {logging_mixin.py:190} INFO - [2026-03-27T11:01:44.530+0000] {dag.py:3239} INFO - Sync 1 DAGs
[2026-03-27T11:01:44.550+0000] {logging_mixin.py:190} INFO - [2026-03-27T11:01:44.549+0000] {dag.py:4180} INFO - Setting next_dagrun for ingestion_postgres_tmdb to 2026-03-02 10:00:00+00:00, run_after=2026-04-06 10:00:00+00:00
[2026-03-27T11:01:44.571+0000] {processor.py:208} INFO - Processing /opt/airflow/dags/ingestion_postgres_dag.py took 0.131 seconds
[2026-03-27T11:02:14.700+0000] {processor.py:186} INFO - Started process (PID=1647) to work on /opt/airflow/dags/ingestion_postgres_dag.py
[2026-03-27T11:02:14.701+0000] {processor.py:914} INFO - Processing file /opt/airflow/dags/ingestion_postgres_dag.py for tasks to queue
[2026-03-27T11:02:14.703+0000] {logging_mixin.py:190} INFO - [2026-03-27T11:02:14.703+0000] {dagbag.py:588} INFO - Filling up the DagBag from /opt/airflow/dags/ingestion_postgres_dag.py
[2026-03-27T11:02:14.722+0000] {processor.py:925} INFO - DAG(s) 'ingestion_postgres_tmdb' retrieved from /opt/airflow/dags/ingestion_postgres_dag.py
[2026-03-27T11:02:14.748+0000] {logging_mixin.py:190} INFO - [2026-03-27T11:02:14.748+0000] {dag.py:3239} INFO - Sync 1 DAGs
[2026-03-27T11:02:14.771+0000] {logging_mixin.py:190} INFO - [2026-03-27T11:02:14.770+0000] {dag.py:4180} INFO - Setting next_dagrun for ingestion_postgres_tmdb to 2026-03-02 10:00:00+00:00, run_after=2026-04-06 10:00:00+00:00
[2026-03-27T11:02:14.791+0000] {processor.py:208} INFO - Processing /opt/airflow/dags/ingestion_postgres_dag.py took 0.098 seconds
[2026-03-27T11:02:44.971+0000] {processor.py:186} INFO - Started process (PID=1657) to work on /opt/airflow/dags/ingestion_postgres_dag.py
[2026-03-27T11:02:44.972+0000] {processor.py:914} INFO - Processing file /opt/airflow/dags/ingestion_postgres_dag.py for tasks to queue
[2026-03-27T11:02:44.974+0000] {logging_mixin.py:190} INFO - [2026-03-27T11:02:44.974+0000] {dagbag.py:588} INFO - Filling up the DagBag from /opt/airflow/dags/ingestion_postgres_dag.py
[2026-03-27T11:02:44.990+0000] {processor.py:925} INFO - DAG(s) 'ingestion_postgres_tmdb' retrieved from /opt/airflow/dags/ingestion_postgres_dag.py
[2026-03-27T11:02:45.017+0000] {logging_mixin.py:190} INFO - [2026-03-27T11:02:45.017+0000] {dag.py:3239} INFO - Sync 1 DAGs
[2026-03-27T11:02:45.039+0000] {logging_mixin.py:190} INFO - [2026-03-27T11:02:45.039+0000] {dag.py:4180} INFO - Setting next_dagrun for ingestion_postgres_tmdb to 2026-03-02 10:00:00+00:00, run_after=2026-04-06 10:00:00+00:00
[2026-03-27T11:02:45.056+0000] {processor.py:208} INFO - Processing /opt/airflow/dags/ingestion_postgres_dag.py took 0.091 seconds
[2026-03-27T11:03:15.200+0000] {processor.py:186} INFO - Started process (PID=1667) to work on /opt/airflow/dags/ingestion_postgres_dag.py
[2026-03-27T11:03:15.201+0000] {processor.py:914} INFO - Processing file /opt/airflow/dags/ingestion_postgres_dag.py for tasks to queue
[2026-03-27T11:03:15.203+0000] {logging_mixin.py:190} INFO - [2026-03-27T11:03:15.203+0000] {dagbag.py:588} INFO - Filling up the DagBag from /opt/airflow/dags/ingestion_postgres_dag.py
[2026-03-27T11:03:15.220+0000] {processor.py:925} INFO - DAG(s) 'ingestion_postgres_tmdb' retrieved from /opt/airflow/dags/ingestion_postgres_dag.py
[2026-03-27T11:03:15.246+0000] {logging_mixin.py:190} INFO - [2026-03-27T11:03:15.246+0000] {dag.py:3239} INFO - Sync 1 DAGs
[2026-03-27T11:03:15.267+0000] {logging_mixin.py:190} INFO - [2026-03-27T11:03:15.267+0000] {dag.py:4180} INFO - Setting next_dagrun for ingestion_postgres_tmdb to 2026-03-02 10:00:00+00:00, run_after=2026-04-06 10:00:00+00:00
[2026-03-27T11:03:15.288+0000] {processor.py:208} INFO - Processing /opt/airflow/dags/ingestion_postgres_dag.py took 0.095 seconds
[2026-03-27T11:03:45.427+0000] {processor.py:186} INFO - Started process (PID=1677) to work on /opt/airflow/dags/ingestion_postgres_dag.py
[2026-03-27T11:03:45.429+0000] {processor.py:914} INFO - Processing file /opt/airflow/dags/ingestion_postgres_dag.py for tasks to queue
[2026-03-27T11:03:45.431+0000] {logging_mixin.py:190} INFO - [2026-03-27T11:03:45.431+0000] {dagbag.py:588} INFO - Filling up the DagBag from /opt/airflow/dags/ingestion_postgres_dag.py
[2026-03-27T11:03:45.449+0000] {processor.py:925} INFO - DAG(s) 'ingestion_postgres_tmdb' retrieved from /opt/airflow/dags/ingestion_postgres_dag.py
[2026-03-27T11:03:45.477+0000] {logging_mixin.py:190} INFO - [2026-03-27T11:03:45.477+0000] {dag.py:3239} INFO - Sync 1 DAGs
[2026-03-27T11:03:45.499+0000] {logging_mixin.py:190} INFO - [2026-03-27T11:03:45.499+0000] {dag.py:4180} INFO - Setting next_dagrun for ingestion_postgres_tmdb to 2026-03-02 10:00:00+00:00, run_after=2026-04-06 10:00:00+00:00
[2026-03-27T11:03:45.518+0000] {processor.py:208} INFO - Processing /opt/airflow/dags/ingestion_postgres_dag.py took 0.098 seconds
[2026-03-27T11:04:15.646+0000] {processor.py:186} INFO - Started process (PID=1687) to work on /opt/airflow/dags/ingestion_postgres_dag.py
[2026-03-27T11:04:15.648+0000] {processor.py:914} INFO - Processing file /opt/airflow/dags/ingestion_postgres_dag.py for tasks to queue
[2026-03-27T11:04:15.650+0000] {logging_mixin.py:190} INFO - [2026-03-27T11:04:15.650+0000] {dagbag.py:588} INFO - Filling up the DagBag from /opt/airflow/dags/ingestion_postgres_dag.py
[2026-03-27T11:04:15.672+0000] {processor.py:925} INFO - DAG(s) 'ingestion_postgres_tmdb' retrieved from /opt/airflow/dags/ingestion_postgres_dag.py
[2026-03-27T11:04:15.703+0000] {logging_mixin.py:190} INFO - [2026-03-27T11:04:15.703+0000] {dag.py:3239} INFO - Sync 1 DAGs
[2026-03-27T11:04:15.729+0000] {logging_mixin.py:190} INFO - [2026-03-27T11:04:15.729+0000] {dag.py:4180} INFO - Setting next_dagrun for ingestion_postgres_tmdb to 2026-03-02 10:00:00+00:00, run_after=2026-04-06 10:00:00+00:00
[2026-03-27T11:04:15.746+0000] {processor.py:208} INFO - Processing /opt/airflow/dags/ingestion_postgres_dag.py took 0.111 seconds
[2026-03-27T11:04:45.898+0000] {processor.py:186} INFO - Started process (PID=1697) to work on /opt/airflow/dags/ingestion_postgres_dag.py
[2026-03-27T11:04:45.899+0000] {processor.py:914} INFO - Processing file /opt/airflow/dags/ingestion_postgres_dag.py for tasks to queue
[2026-03-27T11:04:45.902+0000] {logging_mixin.py:190} INFO - [2026-03-27T11:04:45.901+0000] {dagbag.py:588} INFO - Filling up the DagBag from /opt/airflow/dags/ingestion_postgres_dag.py
[2026-03-27T11:04:45.926+0000] {processor.py:925} INFO - DAG(s) 'ingestion_postgres_tmdb' retrieved from /opt/airflow/dags/ingestion_postgres_dag.py
[2026-03-27T11:04:45.957+0000] {logging_mixin.py:190} INFO - [2026-03-27T11:04:45.956+0000] {dag.py:3239} INFO - Sync 1 DAGs
[2026-03-27T11:04:45.977+0000] {logging_mixin.py:190} INFO - [2026-03-27T11:04:45.976+0000] {dag.py:4180} INFO - Setting next_dagrun for ingestion_postgres_tmdb to 2026-03-02 10:00:00+00:00, run_after=2026-04-06 10:00:00+00:00
[2026-03-27T11:04:45.997+0000] {processor.py:208} INFO - Processing /opt/airflow/dags/ingestion_postgres_dag.py took 0.108 seconds
[2026-03-27T11:05:16.137+0000] {processor.py:186} INFO - Started process (PID=1707) to work on /opt/airflow/dags/ingestion_postgres_dag.py
[2026-03-27T11:05:16.139+0000] {processor.py:914} INFO - Processing file /opt/airflow/dags/ingestion_postgres_dag.py for tasks to queue
[2026-03-27T11:05:16.141+0000] {logging_mixin.py:190} INFO - [2026-03-27T11:05:16.141+0000] {dagbag.py:588} INFO - Filling up the DagBag from /opt/airflow/dags/ingestion_postgres_dag.py
[2026-03-27T11:05:16.162+0000] {processor.py:925} INFO - DAG(s) 'ingestion_postgres_tmdb' retrieved from /opt/airflow/dags/ingestion_postgres_dag.py
[2026-03-27T11:05:16.188+0000] {logging_mixin.py:190} INFO - [2026-03-27T11:05:16.188+0000] {dag.py:3239} INFO - Sync 1 DAGs
[2026-03-27T11:05:16.211+0000] {logging_mixin.py:190} INFO - [2026-03-27T11:05:16.210+0000] {dag.py:4180} INFO - Setting next_dagrun for ingestion_postgres_tmdb to 2026-03-02 10:00:00+00:00, run_after=2026-04-06 10:00:00+00:00
[2026-03-27T11:05:16.229+0000] {processor.py:208} INFO - Processing /opt/airflow/dags/ingestion_postgres_dag.py took 0.098 seconds
[2026-03-27T11:05:46.386+0000] {processor.py:186} INFO - Started process (PID=1717) to work on /opt/airflow/dags/ingestion_postgres_dag.py
[2026-03-27T11:05:46.387+0000] {processor.py:914} INFO - Processing file /opt/airflow/dags/ingestion_postgres_dag.py for tasks to queue
[2026-03-27T11:05:46.389+0000] {logging_mixin.py:190} INFO - [2026-03-27T11:05:46.389+0000] {dagbag.py:588} INFO - Filling up the DagBag from /opt/airflow/dags/ingestion_postgres_dag.py
[2026-03-27T11:05:46.413+0000] {processor.py:925} INFO - DAG(s) 'ingestion_postgres_tmdb' retrieved from /opt/airflow/dags/ingestion_postgres_dag.py
[2026-03-27T11:05:46.447+0000] {logging_mixin.py:190} INFO - [2026-03-27T11:05:46.446+0000] {dag.py:3239} INFO - Sync 1 DAGs
[2026-03-27T11:05:46.469+0000] {logging_mixin.py:190} INFO - [2026-03-27T11:05:46.468+0000] {dag.py:4180} INFO - Setting next_dagrun for ingestion_postgres_tmdb to 2026-03-02 10:00:00+00:00, run_after=2026-04-06 10:00:00+00:00
[2026-03-27T11:05:46.494+0000] {processor.py:208} INFO - Processing /opt/airflow/dags/ingestion_postgres_dag.py took 0.113 seconds
[2026-03-27T11:06:16.607+0000] {processor.py:186} INFO - Started process (PID=1727) to work on /opt/airflow/dags/ingestion_postgres_dag.py
[2026-03-27T11:06:16.608+0000] {processor.py:914} INFO - Processing file /opt/airflow/dags/ingestion_postgres_dag.py for tasks to queue
[2026-03-27T11:06:16.610+0000] {logging_mixin.py:190} INFO - [2026-03-27T11:06:16.610+0000] {dagbag.py:588} INFO - Filling up the DagBag from /opt/airflow/dags/ingestion_postgres_dag.py
[2026-03-27T11:06:16.627+0000] {processor.py:925} INFO - DAG(s) 'ingestion_postgres_tmdb' retrieved from /opt/airflow/dags/ingestion_postgres_dag.py
[2026-03-27T11:06:16.650+0000] {logging_mixin.py:190} INFO - [2026-03-27T11:06:16.650+0000] {dag.py:3239} INFO - Sync 1 DAGs
[2026-03-27T11:06:16.670+0000] {logging_mixin.py:190} INFO - [2026-03-27T11:06:16.669+0000] {dag.py:4180} INFO - Setting next_dagrun for ingestion_postgres_tmdb to 2026-03-02 10:00:00+00:00, run_after=2026-04-06 10:00:00+00:00
[2026-03-27T11:06:16.687+0000] {processor.py:208} INFO - Processing /opt/airflow/dags/ingestion_postgres_dag.py took 0.085 seconds
[2026-03-27T11:06:46.756+0000] {processor.py:186} INFO - Started process (PID=1737) to work on /opt/airflow/dags/ingestion_postgres_dag.py
[2026-03-27T11:06:46.758+0000] {processor.py:914} INFO - Processing file /opt/airflow/dags/ingestion_postgres_dag.py for tasks to queue
[2026-03-27T11:06:46.760+0000] {logging_mixin.py:190} INFO - [2026-03-27T11:06:46.760+0000] {dagbag.py:588} INFO - Filling up the DagBag from /opt/airflow/dags/ingestion_postgres_dag.py
[2026-03-27T11:06:46.790+0000] {processor.py:925} INFO - DAG(s) 'ingestion_postgres_tmdb' retrieved from /opt/airflow/dags/ingestion_postgres_dag.py
[2026-03-27T11:06:46.817+0000] {logging_mixin.py:190} INFO - [2026-03-27T11:06:46.816+0000] {dag.py:3239} INFO - Sync 1 DAGs
[2026-03-27T11:06:46.848+0000] {logging_mixin.py:190} INFO - [2026-03-27T11:06:46.848+0000] {dag.py:4180} INFO - Setting next_dagrun for ingestion_postgres_tmdb to 2026-03-02 10:00:00+00:00, run_after=2026-04-06 10:00:00+00:00
[2026-03-27T11:06:46.875+0000] {processor.py:208} INFO - Processing /opt/airflow/dags/ingestion_postgres_dag.py took 0.126 seconds
[2026-03-27T11:07:17.010+0000] {processor.py:186} INFO - Started process (PID=1747) to work on /opt/airflow/dags/ingestion_postgres_dag.py
[2026-03-27T11:07:17.011+0000] {processor.py:914} INFO - Processing file /opt/airflow/dags/ingestion_postgres_dag.py for tasks to queue
[2026-03-27T11:07:17.014+0000] {logging_mixin.py:190} INFO - [2026-03-27T11:07:17.014+0000] {dagbag.py:588} INFO - Filling up the DagBag from /opt/airflow/dags/ingestion_postgres_dag.py
[2026-03-27T11:07:17.043+0000] {processor.py:925} INFO - DAG(s) 'ingestion_postgres_tmdb' retrieved from /opt/airflow/dags/ingestion_postgres_dag.py
[2026-03-27T11:07:17.075+0000] {logging_mixin.py:190} INFO - [2026-03-27T11:07:17.075+0000] {dag.py:3239} INFO - Sync 1 DAGs
[2026-03-27T11:07:17.099+0000] {logging_mixin.py:190} INFO - [2026-03-27T11:07:17.099+0000] {dag.py:4180} INFO - Setting next_dagrun for ingestion_postgres_tmdb to 2026-03-02 10:00:00+00:00, run_after=2026-04-06 10:00:00+00:00
[2026-03-27T11:07:17.121+0000] {processor.py:208} INFO - Processing /opt/airflow/dags/ingestion_postgres_dag.py took 0.119 seconds
[2026-03-27T11:07:47.190+0000] {processor.py:186} INFO - Started process (PID=1757) to work on /opt/airflow/dags/ingestion_postgres_dag.py
[2026-03-27T11:07:47.199+0000] {processor.py:914} INFO - Processing file /opt/airflow/dags/ingestion_postgres_dag.py for tasks to queue
[2026-03-27T11:07:47.209+0000] {logging_mixin.py:190} INFO - [2026-03-27T11:07:47.208+0000] {dagbag.py:588} INFO - Filling up the DagBag from /opt/airflow/dags/ingestion_postgres_dag.py
[2026-03-27T11:07:47.242+0000] {processor.py:925} INFO - DAG(s) 'ingestion_postgres_tmdb' retrieved from /opt/airflow/dags/ingestion_postgres_dag.py
[2026-03-27T11:07:47.270+0000] {logging_mixin.py:190} INFO - [2026-03-27T11:07:47.270+0000] {dag.py:3239} INFO - Sync 1 DAGs
[2026-03-27T11:07:47.293+0000] {logging_mixin.py:190} INFO - [2026-03-27T11:07:47.293+0000] {dag.py:4180} INFO - Setting next_dagrun for ingestion_postgres_tmdb to 2026-03-02 10:00:00+00:00, run_after=2026-04-06 10:00:00+00:00
[2026-03-27T11:07:47.313+0000] {processor.py:208} INFO - Processing /opt/airflow/dags/ingestion_postgres_dag.py took 0.137 seconds
[2026-03-27T11:08:17.439+0000] {processor.py:186} INFO - Started process (PID=1767) to work on /opt/airflow/dags/ingestion_postgres_dag.py
[2026-03-27T11:08:17.440+0000] {processor.py:914} INFO - Processing file /opt/airflow/dags/ingestion_postgres_dag.py for tasks to queue
[2026-03-27T11:08:17.443+0000] {logging_mixin.py:190} INFO - [2026-03-27T11:08:17.443+0000] {dagbag.py:588} INFO - Filling up the DagBag from /opt/airflow/dags/ingestion_postgres_dag.py
[2026-03-27T11:08:17.460+0000] {processor.py:925} INFO - DAG(s) 'ingestion_postgres_tmdb' retrieved from /opt/airflow/dags/ingestion_postgres_dag.py
[2026-03-27T11:08:17.486+0000] {logging_mixin.py:190} INFO - [2026-03-27T11:08:17.486+0000] {dag.py:3239} INFO - Sync 1 DAGs
[2026-03-27T11:08:17.508+0000] {logging_mixin.py:190} INFO - [2026-03-27T11:08:17.508+0000] {dag.py:4180} INFO - Setting next_dagrun for ingestion_postgres_tmdb to 2026-03-02 10:00:00+00:00, run_after=2026-04-06 10:00:00+00:00
[2026-03-27T11:08:17.528+0000] {processor.py:208} INFO - Processing /opt/airflow/dags/ingestion_postgres_dag.py took 0.096 seconds
[2026-03-27T11:08:47.678+0000] {processor.py:186} INFO - Started process (PID=1777) to work on /opt/airflow/dags/ingestion_postgres_dag.py
[2026-03-27T11:08:47.685+0000] {processor.py:914} INFO - Processing file /opt/airflow/dags/ingestion_postgres_dag.py for tasks to queue
[2026-03-27T11:08:47.688+0000] {logging_mixin.py:190} INFO - [2026-03-27T11:08:47.688+0000] {dagbag.py:588} INFO - Filling up the DagBag from /opt/airflow/dags/ingestion_postgres_dag.py
[2026-03-27T11:08:47.739+0000] {processor.py:925} INFO - DAG(s) 'ingestion_postgres_tmdb' retrieved from /opt/airflow/dags/ingestion_postgres_dag.py
[2026-03-27T11:08:47.769+0000] {logging_mixin.py:190} INFO - [2026-03-27T11:08:47.769+0000] {dag.py:3239} INFO - Sync 1 DAGs
[2026-03-27T11:08:47.796+0000] {logging_mixin.py:190} INFO - [2026-03-27T11:08:47.796+0000] {dag.py:4180} INFO - Setting next_dagrun for ingestion_postgres_tmdb to 2026-03-02 10:00:00+00:00, run_after=2026-04-06 10:00:00+00:00
[2026-03-27T11:08:47.818+0000] {processor.py:208} INFO - Processing /opt/airflow/dags/ingestion_postgres_dag.py took 0.154 seconds
[2026-03-27T11:09:17.943+0000] {processor.py:186} INFO - Started process (PID=1787) to work on /opt/airflow/dags/ingestion_postgres_dag.py
[2026-03-27T11:09:17.944+0000] {processor.py:914} INFO - Processing file /opt/airflow/dags/ingestion_postgres_dag.py for tasks to queue
[2026-03-27T11:09:17.947+0000] {logging_mixin.py:190} INFO - [2026-03-27T11:09:17.947+0000] {dagbag.py:588} INFO - Filling up the DagBag from /opt/airflow/dags/ingestion_postgres_dag.py
[2026-03-27T11:09:17.965+0000] {processor.py:925} INFO - DAG(s) 'ingestion_postgres_tmdb' retrieved from /opt/airflow/dags/ingestion_postgres_dag.py
[2026-03-27T11:09:17.994+0000] {logging_mixin.py:190} INFO - [2026-03-27T11:09:17.994+0000] {dag.py:3239} INFO - Sync 1 DAGs
[2026-03-27T11:09:18.014+0000] {logging_mixin.py:190} INFO - [2026-03-27T11:09:18.013+0000] {dag.py:4180} INFO - Setting next_dagrun for ingestion_postgres_tmdb to 2026-03-02 10:00:00+00:00, run_after=2026-04-06 10:00:00+00:00
[2026-03-27T11:09:18.032+0000] {processor.py:208} INFO - Processing /opt/airflow/dags/ingestion_postgres_dag.py took 0.096 seconds
[2026-03-27T11:09:48.179+0000] {processor.py:186} INFO - Started process (PID=1797) to work on /opt/airflow/dags/ingestion_postgres_dag.py
[2026-03-27T11:09:48.180+0000] {processor.py:914} INFO - Processing file /opt/airflow/dags/ingestion_postgres_dag.py for tasks to queue
[2026-03-27T11:09:48.183+0000] {logging_mixin.py:190} INFO - [2026-03-27T11:09:48.183+0000] {dagbag.py:588} INFO - Filling up the DagBag from /opt/airflow/dags/ingestion_postgres_dag.py
[2026-03-27T11:09:48.204+0000] {processor.py:925} INFO - DAG(s) 'ingestion_postgres_tmdb' retrieved from /opt/airflow/dags/ingestion_postgres_dag.py
[2026-03-27T11:09:48.230+0000] {logging_mixin.py:190} INFO - [2026-03-27T11:09:48.230+0000] {dag.py:3239} INFO - Sync 1 DAGs
[2026-03-27T11:09:48.250+0000] {logging_mixin.py:190} INFO - [2026-03-27T11:09:48.250+0000] {dag.py:4180} INFO - Setting next_dagrun for ingestion_postgres_tmdb to 2026-03-02 10:00:00+00:00, run_after=2026-04-06 10:00:00+00:00
[2026-03-27T11:09:48.271+0000] {processor.py:208} INFO - Processing /opt/airflow/dags/ingestion_postgres_dag.py took 0.098 seconds
[2026-03-27T11:10:18.435+0000] {processor.py:186} INFO - Started process (PID=1807) to work on /opt/airflow/dags/ingestion_postgres_dag.py
[2026-03-27T11:10:18.436+0000] {processor.py:914} INFO - Processing file /opt/airflow/dags/ingestion_postgres_dag.py for tasks to queue
[2026-03-27T11:10:18.439+0000] {logging_mixin.py:190} INFO - [2026-03-27T11:10:18.439+0000] {dagbag.py:588} INFO - Filling up the DagBag from /opt/airflow/dags/ingestion_postgres_dag.py
[2026-03-27T11:10:18.459+0000] {processor.py:925} INFO - DAG(s) 'ingestion_postgres_tmdb' retrieved from /opt/airflow/dags/ingestion_postgres_dag.py
[2026-03-27T11:10:18.492+0000] {logging_mixin.py:190} INFO - [2026-03-27T11:10:18.492+0000] {dag.py:3239} INFO - Sync 1 DAGs
[2026-03-27T11:10:18.516+0000] {logging_mixin.py:190} INFO - [2026-03-27T11:10:18.516+0000] {dag.py:4180} INFO - Setting next_dagrun for ingestion_postgres_tmdb to 2026-03-02 10:00:00+00:00, run_after=2026-04-06 10:00:00+00:00
[2026-03-27T11:10:18.539+0000] {processor.py:208} INFO - Processing /opt/airflow/dags/ingestion_postgres_dag.py took 0.113 seconds
[2026-03-27T11:10:48.695+0000] {processor.py:186} INFO - Started process (PID=1817) to work on /opt/airflow/dags/ingestion_postgres_dag.py
[2026-03-27T11:10:48.696+0000] {processor.py:914} INFO - Processing file /opt/airflow/dags/ingestion_postgres_dag.py for tasks to queue
[2026-03-27T11:10:48.699+0000] {logging_mixin.py:190} INFO - [2026-03-27T11:10:48.699+0000] {dagbag.py:588} INFO - Filling up the DagBag from /opt/airflow/dags/ingestion_postgres_dag.py
[2026-03-27T11:10:48.720+0000] {processor.py:925} INFO - DAG(s) 'ingestion_postgres_tmdb' retrieved from /opt/airflow/dags/ingestion_postgres_dag.py
[2026-03-27T11:10:48.751+0000] {logging_mixin.py:190} INFO - [2026-03-27T11:10:48.751+0000] {dag.py:3239} INFO - Sync 1 DAGs
[2026-03-27T11:10:48.772+0000] {logging_mixin.py:190} INFO - [2026-03-27T11:10:48.771+0000] {dag.py:4180} INFO - Setting next_dagrun for ingestion_postgres_tmdb to 2026-03-02 10:00:00+00:00, run_after=2026-04-06 10:00:00+00:00
[2026-03-27T11:10:48.789+0000] {processor.py:208} INFO - Processing /opt/airflow/dags/ingestion_postgres_dag.py took 0.100 seconds
[2026-03-27T11:11:18.939+0000] {processor.py:186} INFO - Started process (PID=1827) to work on /opt/airflow/dags/ingestion_postgres_dag.py
[2026-03-27T11:11:18.940+0000] {processor.py:914} INFO - Processing file /opt/airflow/dags/ingestion_postgres_dag.py for tasks to queue
[2026-03-27T11:11:18.943+0000] {logging_mixin.py:190} INFO - [2026-03-27T11:11:18.942+0000] {dagbag.py:588} INFO - Filling up the DagBag from /opt/airflow/dags/ingestion_postgres_dag.py
[2026-03-27T11:11:18.962+0000] {processor.py:925} INFO - DAG(s) 'ingestion_postgres_tmdb' retrieved from /opt/airflow/dags/ingestion_postgres_dag.py
[2026-03-27T11:11:18.990+0000] {logging_mixin.py:190} INFO - [2026-03-27T11:11:18.989+0000] {dag.py:3239} INFO - Sync 1 DAGs
[2026-03-27T11:11:19.010+0000] {logging_mixin.py:190} INFO - [2026-03-27T11:11:19.010+0000] {dag.py:4180} INFO - Setting next_dagrun for ingestion_postgres_tmdb to 2026-03-02 10:00:00+00:00, run_after=2026-04-06 10:00:00+00:00
[2026-03-27T11:11:19.028+0000] {processor.py:208} INFO - Processing /opt/airflow/dags/ingestion_postgres_dag.py took 0.095 seconds
[2026-03-27T11:11:49.184+0000] {processor.py:186} INFO - Started process (PID=1837) to work on /opt/airflow/dags/ingestion_postgres_dag.py
[2026-03-27T11:11:49.185+0000] {processor.py:914} INFO - Processing file /opt/airflow/dags/ingestion_postgres_dag.py for tasks to queue
[2026-03-27T11:11:49.187+0000] {logging_mixin.py:190} INFO - [2026-03-27T11:11:49.187+0000] {dagbag.py:588} INFO - Filling up the DagBag from /opt/airflow/dags/ingestion_postgres_dag.py
[2026-03-27T11:11:49.205+0000] {processor.py:925} INFO - DAG(s) 'ingestion_postgres_tmdb' retrieved from /opt/airflow/dags/ingestion_postgres_dag.py
[2026-03-27T11:11:49.234+0000] {logging_mixin.py:190} INFO - [2026-03-27T11:11:49.234+0000] {dag.py:3239} INFO - Sync 1 DAGs
[2026-03-27T11:11:49.258+0000] {logging_mixin.py:190} INFO - [2026-03-27T11:11:49.258+0000] {dag.py:4180} INFO - Setting next_dagrun for ingestion_postgres_tmdb to 2026-03-02 10:00:00+00:00, run_after=2026-04-06 10:00:00+00:00
[2026-03-27T11:11:49.281+0000] {processor.py:208} INFO - Processing /opt/airflow/dags/ingestion_postgres_dag.py took 0.102 seconds
[2026-03-27T11:12:19.436+0000] {processor.py:186} INFO - Started process (PID=1847) to work on /opt/airflow/dags/ingestion_postgres_dag.py
[2026-03-27T11:12:19.437+0000] {processor.py:914} INFO - Processing file /opt/airflow/dags/ingestion_postgres_dag.py for tasks to queue
[2026-03-27T11:12:19.439+0000] {logging_mixin.py:190} INFO - [2026-03-27T11:12:19.438+0000] {dagbag.py:588} INFO - Filling up the DagBag from /opt/airflow/dags/ingestion_postgres_dag.py
[2026-03-27T11:12:19.457+0000] {processor.py:925} INFO - DAG(s) 'ingestion_postgres_tmdb' retrieved from /opt/airflow/dags/ingestion_postgres_dag.py
[2026-03-27T11:12:19.483+0000] {logging_mixin.py:190} INFO - [2026-03-27T11:12:19.483+0000] {dag.py:3239} INFO - Sync 1 DAGs
[2026-03-27T11:12:19.503+0000] {logging_mixin.py:190} INFO - [2026-03-27T11:12:19.502+0000] {dag.py:4180} INFO - Setting next_dagrun for ingestion_postgres_tmdb to 2026-03-02 10:00:00+00:00, run_after=2026-04-06 10:00:00+00:00
[2026-03-27T11:12:19.522+0000] {processor.py:208} INFO - Processing /opt/airflow/dags/ingestion_postgres_dag.py took 0.092 seconds
[2026-03-27T11:12:49.726+0000] {processor.py:186} INFO - Started process (PID=1857) to work on /opt/airflow/dags/ingestion_postgres_dag.py
[2026-03-27T11:12:49.727+0000] {processor.py:914} INFO - Processing file /opt/airflow/dags/ingestion_postgres_dag.py for tasks to queue
[2026-03-27T11:12:49.730+0000] {logging_mixin.py:190} INFO - [2026-03-27T11:12:49.729+0000] {dagbag.py:588} INFO - Filling up the DagBag from /opt/airflow/dags/ingestion_postgres_dag.py
[2026-03-27T11:12:49.759+0000] {processor.py:925} INFO - DAG(s) 'ingestion_postgres_tmdb' retrieved from /opt/airflow/dags/ingestion_postgres_dag.py
[2026-03-27T11:12:49.786+0000] {logging_mixin.py:190} INFO - [2026-03-27T11:12:49.786+0000] {dag.py:3239} INFO - Sync 1 DAGs
[2026-03-27T11:12:49.811+0000] {logging_mixin.py:190} INFO - [2026-03-27T11:12:49.810+0000] {dag.py:4180} INFO - Setting next_dagrun for ingestion_postgres_tmdb to 2026-03-02 10:00:00+00:00, run_after=2026-04-06 10:00:00+00:00
[2026-03-27T11:12:49.833+0000] {processor.py:208} INFO - Processing /opt/airflow/dags/ingestion_postgres_dag.py took 0.115 seconds
[2026-03-27T11:13:19.980+0000] {processor.py:186} INFO - Started process (PID=1867) to work on /opt/airflow/dags/ingestion_postgres_dag.py
[2026-03-27T11:13:19.981+0000] {processor.py:914} INFO - Processing file /opt/airflow/dags/ingestion_postgres_dag.py for tasks to queue
[2026-03-27T11:13:19.984+0000] {logging_mixin.py:190} INFO - [2026-03-27T11:13:19.984+0000] {dagbag.py:588} INFO - Filling up the DagBag from /opt/airflow/dags/ingestion_postgres_dag.py
[2026-03-27T11:13:20.002+0000] {processor.py:925} INFO - DAG(s) 'ingestion_postgres_tmdb' retrieved from /opt/airflow/dags/ingestion_postgres_dag.py
[2026-03-27T11:13:20.030+0000] {logging_mixin.py:190} INFO - [2026-03-27T11:13:20.030+0000] {dag.py:3239} INFO - Sync 1 DAGs
[2026-03-27T11:13:20.052+0000] {logging_mixin.py:190} INFO - [2026-03-27T11:13:20.052+0000] {dag.py:4180} INFO - Setting next_dagrun for ingestion_postgres_tmdb to 2026-03-02 10:00:00+00:00, run_after=2026-04-06 10:00:00+00:00
[2026-03-27T11:13:20.072+0000] {processor.py:208} INFO - Processing /opt/airflow/dags/ingestion_postgres_dag.py took 0.101 seconds
[2026-03-27T11:13:50.173+0000] {processor.py:186} INFO - Started process (PID=1877) to work on /opt/airflow/dags/ingestion_postgres_dag.py
[2026-03-27T11:13:50.174+0000] {processor.py:914} INFO - Processing file /opt/airflow/dags/ingestion_postgres_dag.py for tasks to queue
[2026-03-27T11:13:50.176+0000] {logging_mixin.py:190} INFO - [2026-03-27T11:13:50.176+0000] {dagbag.py:588} INFO - Filling up the DagBag from /opt/airflow/dags/ingestion_postgres_dag.py
[2026-03-27T11:13:50.196+0000] {processor.py:925} INFO - DAG(s) 'ingestion_postgres_tmdb' retrieved from /opt/airflow/dags/ingestion_postgres_dag.py
[2026-03-27T11:13:50.223+0000] {logging_mixin.py:190} INFO - [2026-03-27T11:13:50.223+0000] {dag.py:3239} INFO - Sync 1 DAGs
[2026-03-27T11:13:50.244+0000] {logging_mixin.py:190} INFO - [2026-03-27T11:13:50.244+0000] {dag.py:4180} INFO - Setting next_dagrun for ingestion_postgres_tmdb to 2026-03-02 10:00:00+00:00, run_after=2026-04-06 10:00:00+00:00
[2026-03-27T11:13:50.266+0000] {processor.py:208} INFO - Processing /opt/airflow/dags/ingestion_postgres_dag.py took 0.099 seconds
[2026-03-27T11:14:20.441+0000] {processor.py:186} INFO - Started process (PID=1887) to work on /opt/airflow/dags/ingestion_postgres_dag.py
[2026-03-27T11:14:20.442+0000] {processor.py:914} INFO - Processing file /opt/airflow/dags/ingestion_postgres_dag.py for tasks to queue
[2026-03-27T11:14:20.445+0000] {logging_mixin.py:190} INFO - [2026-03-27T11:14:20.444+0000] {dagbag.py:588} INFO - Filling up the DagBag from /opt/airflow/dags/ingestion_postgres_dag.py
[2026-03-27T11:14:20.464+0000] {processor.py:925} INFO - DAG(s) 'ingestion_postgres_tmdb' retrieved from /opt/airflow/dags/ingestion_postgres_dag.py
[2026-03-27T11:14:20.499+0000] {logging_mixin.py:190} INFO - [2026-03-27T11:14:20.499+0000] {dag.py:3239} INFO - Sync 1 DAGs
[2026-03-27T11:14:20.525+0000] {logging_mixin.py:190} INFO - [2026-03-27T11:14:20.525+0000] {dag.py:4180} INFO - Setting next_dagrun for ingestion_postgres_tmdb to 2026-03-02 10:00:00+00:00, run_after=2026-04-06 10:00:00+00:00
[2026-03-27T11:14:20.545+0000] {processor.py:208} INFO - Processing /opt/airflow/dags/ingestion_postgres_dag.py took 0.111 seconds
[2026-03-27T11:14:50.676+0000] {processor.py:186} INFO - Started process (PID=1897) to work on /opt/airflow/dags/ingestion_postgres_dag.py
[2026-03-27T11:14:50.677+0000] {processor.py:914} INFO - Processing file /opt/airflow/dags/ingestion_postgres_dag.py for tasks to queue
[2026-03-27T11:14:50.678+0000] {logging_mixin.py:190} INFO - [2026-03-27T11:14:50.678+0000] {dagbag.py:588} INFO - Filling up the DagBag from /opt/airflow/dags/ingestion_postgres_dag.py
[2026-03-27T11:14:50.695+0000] {processor.py:925} INFO - DAG(s) 'ingestion_postgres_tmdb' retrieved from /opt/airflow/dags/ingestion_postgres_dag.py
[2026-03-27T11:14:50.725+0000] {logging_mixin.py:190} INFO - [2026-03-27T11:14:50.725+0000] {dag.py:3239} INFO - Sync 1 DAGs
[2026-03-27T11:14:50.747+0000] {logging_mixin.py:190} INFO - [2026-03-27T11:14:50.747+0000] {dag.py:4180} INFO - Setting next_dagrun for ingestion_postgres_tmdb to 2026-03-02 10:00:00+00:00, run_after=2026-04-06 10:00:00+00:00
[2026-03-27T11:14:50.766+0000] {processor.py:208} INFO - Processing /opt/airflow/dags/ingestion_postgres_dag.py took 0.095 seconds
[2026-03-27T11:15:20.867+0000] {processor.py:186} INFO - Started process (PID=1907) to work on /opt/airflow/dags/ingestion_postgres_dag.py
[2026-03-27T11:15:20.868+0000] {processor.py:914} INFO - Processing file /opt/airflow/dags/ingestion_postgres_dag.py for tasks to queue
[2026-03-27T11:15:20.871+0000] {logging_mixin.py:190} INFO - [2026-03-27T11:15:20.870+0000] {dagbag.py:588} INFO - Filling up the DagBag from /opt/airflow/dags/ingestion_postgres_dag.py
[2026-03-27T11:15:20.892+0000] {processor.py:925} INFO - DAG(s) 'ingestion_postgres_tmdb' retrieved from /opt/airflow/dags/ingestion_postgres_dag.py
[2026-03-27T11:15:20.924+0000] {logging_mixin.py:190} INFO - [2026-03-27T11:15:20.924+0000] {dag.py:3239} INFO - Sync 1 DAGs
[2026-03-27T11:15:20.946+0000] {logging_mixin.py:190} INFO - [2026-03-27T11:15:20.946+0000] {dag.py:4180} INFO - Setting next_dagrun for ingestion_postgres_tmdb to 2026-03-02 10:00:00+00:00, run_after=2026-04-06 10:00:00+00:00
[2026-03-27T11:15:20.967+0000] {processor.py:208} INFO - Processing /opt/airflow/dags/ingestion_postgres_dag.py took 0.107 seconds
[2026-03-27T11:15:51.110+0000] {processor.py:186} INFO - Started process (PID=1917) to work on /opt/airflow/dags/ingestion_postgres_dag.py
[2026-03-27T11:15:51.111+0000] {processor.py:914} INFO - Processing file /opt/airflow/dags/ingestion_postgres_dag.py for tasks to queue
[2026-03-27T11:15:51.114+0000] {logging_mixin.py:190} INFO - [2026-03-27T11:15:51.113+0000] {dagbag.py:588} INFO - Filling up the DagBag from /opt/airflow/dags/ingestion_postgres_dag.py
[2026-03-27T11:15:51.134+0000] {processor.py:925} INFO - DAG(s) 'ingestion_postgres_tmdb' retrieved from /opt/airflow/dags/ingestion_postgres_dag.py
[2026-03-27T11:15:51.166+0000] {logging_mixin.py:190} INFO - [2026-03-27T11:15:51.166+0000] {dag.py:3239} INFO - Sync 1 DAGs
[2026-03-27T11:15:51.196+0000] {logging_mixin.py:190} INFO - [2026-03-27T11:15:51.196+0000] {dag.py:4180} INFO - Setting next_dagrun for ingestion_postgres_tmdb to 2026-03-02 10:00:00+00:00, run_after=2026-04-06 10:00:00+00:00
[2026-03-27T11:15:51.226+0000] {processor.py:208} INFO - Processing /opt/airflow/dags/ingestion_postgres_dag.py took 0.122 seconds
[2026-03-27T11:16:21.386+0000] {processor.py:186} INFO - Started process (PID=1927) to work on /opt/airflow/dags/ingestion_postgres_dag.py
[2026-03-27T11:16:21.387+0000] {processor.py:914} INFO - Processing file /opt/airflow/dags/ingestion_postgres_dag.py for tasks to queue
[2026-03-27T11:16:21.391+0000] {logging_mixin.py:190} INFO - [2026-03-27T11:16:21.390+0000] {dagbag.py:588} INFO - Filling up the DagBag from /opt/airflow/dags/ingestion_postgres_dag.py
[2026-03-27T11:16:21.408+0000] {processor.py:925} INFO - DAG(s) 'ingestion_postgres_tmdb' retrieved from /opt/airflow/dags/ingestion_postgres_dag.py
[2026-03-27T11:16:21.437+0000] {logging_mixin.py:190} INFO - [2026-03-27T11:16:21.437+0000] {dag.py:3239} INFO - Sync 1 DAGs
[2026-03-27T11:16:21.459+0000] {logging_mixin.py:190} INFO - [2026-03-27T11:16:21.459+0000] {dag.py:4180} INFO - Setting next_dagrun for ingestion_postgres_tmdb to 2026-03-02 10:00:00+00:00, run_after=2026-04-06 10:00:00+00:00
[2026-03-27T11:16:21.477+0000] {processor.py:208} INFO - Processing /opt/airflow/dags/ingestion_postgres_dag.py took 0.098 seconds
[2026-03-27T11:16:51.599+0000] {processor.py:186} INFO - Started process (PID=1937) to work on /opt/airflow/dags/ingestion_postgres_dag.py
[2026-03-27T11:16:51.600+0000] {processor.py:914} INFO - Processing file /opt/airflow/dags/ingestion_postgres_dag.py for tasks to queue
[2026-03-27T11:16:51.602+0000] {logging_mixin.py:190} INFO - [2026-03-27T11:16:51.602+0000] {dagbag.py:588} INFO - Filling up the DagBag from /opt/airflow/dags/ingestion_postgres_dag.py
[2026-03-27T11:16:51.621+0000] {processor.py:925} INFO - DAG(s) 'ingestion_postgres_tmdb' retrieved from /opt/airflow/dags/ingestion_postgres_dag.py
[2026-03-27T11:16:51.646+0000] {logging_mixin.py:190} INFO - [2026-03-27T11:16:51.646+0000] {dag.py:3239} INFO - Sync 1 DAGs
[2026-03-27T11:16:51.668+0000] {logging_mixin.py:190} INFO - [2026-03-27T11:16:51.668+0000] {dag.py:4180} INFO - Setting next_dagrun for ingestion_postgres_tmdb to 2026-03-02 10:00:00+00:00, run_after=2026-04-06 10:00:00+00:00
[2026-03-27T11:16:51.690+0000] {processor.py:208} INFO - Processing /opt/airflow/dags/ingestion_postgres_dag.py took 0.098 seconds
[2026-03-27T11:17:21.826+0000] {processor.py:186} INFO - Started process (PID=1947) to work on /opt/airflow/dags/ingestion_postgres_dag.py
[2026-03-27T11:17:21.828+0000] {processor.py:914} INFO - Processing file /opt/airflow/dags/ingestion_postgres_dag.py for tasks to queue
[2026-03-27T11:17:21.830+0000] {logging_mixin.py:190} INFO - [2026-03-27T11:17:21.829+0000] {dagbag.py:588} INFO - Filling up the DagBag from /opt/airflow/dags/ingestion_postgres_dag.py
[2026-03-27T11:17:21.852+0000] {processor.py:925} INFO - DAG(s) 'ingestion_postgres_tmdb' retrieved from /opt/airflow/dags/ingestion_postgres_dag.py
[2026-03-27T11:17:21.885+0000] {logging_mixin.py:190} INFO - [2026-03-27T11:17:21.885+0000] {dag.py:3239} INFO - Sync 1 DAGs
[2026-03-27T11:17:21.913+0000] {logging_mixin.py:190} INFO - [2026-03-27T11:17:21.913+0000] {dag.py:4180} INFO - Setting next_dagrun for ingestion_postgres_tmdb to 2026-03-02 10:00:00+00:00, run_after=2026-04-06 10:00:00+00:00
[2026-03-27T11:17:21.933+0000] {processor.py:208} INFO - Processing /opt/airflow/dags/ingestion_postgres_dag.py took 0.115 seconds
[2026-03-27T11:17:52.104+0000] {processor.py:186} INFO - Started process (PID=1957) to work on /opt/airflow/dags/ingestion_postgres_dag.py
[2026-03-27T11:17:52.105+0000] {processor.py:914} INFO - Processing file /opt/airflow/dags/ingestion_postgres_dag.py for tasks to queue
[2026-03-27T11:17:52.108+0000] {logging_mixin.py:190} INFO - [2026-03-27T11:17:52.108+0000] {dagbag.py:588} INFO - Filling up the DagBag from /opt/airflow/dags/ingestion_postgres_dag.py
[2026-03-27T11:17:52.136+0000] {processor.py:925} INFO - DAG(s) 'ingestion_postgres_tmdb' retrieved from /opt/airflow/dags/ingestion_postgres_dag.py
[2026-03-27T11:17:52.167+0000] {logging_mixin.py:190} INFO - [2026-03-27T11:17:52.167+0000] {dag.py:3239} INFO - Sync 1 DAGs
[2026-03-27T11:17:52.193+0000] {logging_mixin.py:190} INFO - [2026-03-27T11:17:52.193+0000] {dag.py:4180} INFO - Setting next_dagrun for ingestion_postgres_tmdb to 2026-03-02 10:00:00+00:00, run_after=2026-04-06 10:00:00+00:00
[2026-03-27T11:17:52.210+0000] {processor.py:208} INFO - Processing /opt/airflow/dags/ingestion_postgres_dag.py took 0.113 seconds
[2026-03-27T11:18:22.352+0000] {processor.py:186} INFO - Started process (PID=1967) to work on /opt/airflow/dags/ingestion_postgres_dag.py
[2026-03-27T11:18:22.353+0000] {processor.py:914} INFO - Processing file /opt/airflow/dags/ingestion_postgres_dag.py for tasks to queue
[2026-03-27T11:18:22.356+0000] {logging_mixin.py:190} INFO - [2026-03-27T11:18:22.356+0000] {dagbag.py:588} INFO - Filling up the DagBag from /opt/airflow/dags/ingestion_postgres_dag.py
[2026-03-27T11:18:22.383+0000] {processor.py:925} INFO - DAG(s) 'ingestion_postgres_tmdb' retrieved from /opt/airflow/dags/ingestion_postgres_dag.py
[2026-03-27T11:18:22.428+0000] {logging_mixin.py:190} INFO - [2026-03-27T11:18:22.428+0000] {dag.py:3239} INFO - Sync 1 DAGs
[2026-03-27T11:18:22.453+0000] {logging_mixin.py:190} INFO - [2026-03-27T11:18:22.452+0000] {dag.py:4180} INFO - Setting next_dagrun for ingestion_postgres_tmdb to 2026-03-02 10:00:00+00:00, run_after=2026-04-06 10:00:00+00:00
[2026-03-27T11:18:22.472+0000] {processor.py:208} INFO - Processing /opt/airflow/dags/ingestion_postgres_dag.py took 0.127 seconds
[2026-03-27T11:18:52.623+0000] {processor.py:186} INFO - Started process (PID=1977) to work on /opt/airflow/dags/ingestion_postgres_dag.py
[2026-03-27T11:18:52.624+0000] {processor.py:914} INFO - Processing file /opt/airflow/dags/ingestion_postgres_dag.py for tasks to queue
[2026-03-27T11:18:52.626+0000] {logging_mixin.py:190} INFO - [2026-03-27T11:18:52.626+0000] {dagbag.py:588} INFO - Filling up the DagBag from /opt/airflow/dags/ingestion_postgres_dag.py
[2026-03-27T11:18:52.644+0000] {processor.py:925} INFO - DAG(s) 'ingestion_postgres_tmdb' retrieved from /opt/airflow/dags/ingestion_postgres_dag.py
[2026-03-27T11:18:52.674+0000] {logging_mixin.py:190} INFO - [2026-03-27T11:18:52.673+0000] {dag.py:3239} INFO - Sync 1 DAGs
[2026-03-27T11:18:52.695+0000] {logging_mixin.py:190} INFO - [2026-03-27T11:18:52.695+0000] {dag.py:4180} INFO - Setting next_dagrun for ingestion_postgres_tmdb to 2026-03-02 10:00:00+00:00, run_after=2026-04-06 10:00:00+00:00
[2026-03-27T11:18:52.712+0000] {processor.py:208} INFO - Processing /opt/airflow/dags/ingestion_postgres_dag.py took 0.096 seconds
[2026-03-27T11:19:22.838+0000] {processor.py:186} INFO - Started process (PID=1987) to work on /opt/airflow/dags/ingestion_postgres_dag.py
[2026-03-27T11:19:22.839+0000] {processor.py:914} INFO - Processing file /opt/airflow/dags/ingestion_postgres_dag.py for tasks to queue
[2026-03-27T11:19:22.842+0000] {logging_mixin.py:190} INFO - [2026-03-27T11:19:22.841+0000] {dagbag.py:588} INFO - Filling up the DagBag from /opt/airflow/dags/ingestion_postgres_dag.py
[2026-03-27T11:19:22.861+0000] {processor.py:925} INFO - DAG(s) 'ingestion_postgres_tmdb' retrieved from /opt/airflow/dags/ingestion_postgres_dag.py
[2026-03-27T11:19:22.886+0000] {logging_mixin.py:190} INFO - [2026-03-27T11:19:22.886+0000] {dag.py:3239} INFO - Sync 1 DAGs
[2026-03-27T11:19:22.906+0000] {logging_mixin.py:190} INFO - [2026-03-27T11:19:22.906+0000] {dag.py:4180} INFO - Setting next_dagrun for ingestion_postgres_tmdb to 2026-03-02 10:00:00+00:00, run_after=2026-04-06 10:00:00+00:00
[2026-03-27T11:19:22.930+0000] {processor.py:208} INFO - Processing /opt/airflow/dags/ingestion_postgres_dag.py took 0.099 seconds
[2026-03-27T11:19:53.103+0000] {processor.py:186} INFO - Started process (PID=1997) to work on /opt/airflow/dags/ingestion_postgres_dag.py
[2026-03-27T11:19:53.105+0000] {processor.py:914} INFO - Processing file /opt/airflow/dags/ingestion_postgres_dag.py for tasks to queue
[2026-03-27T11:19:53.108+0000] {logging_mixin.py:190} INFO - [2026-03-27T11:19:53.108+0000] {dagbag.py:588} INFO - Filling up the DagBag from /opt/airflow/dags/ingestion_postgres_dag.py
[2026-03-27T11:19:53.143+0000] {processor.py:925} INFO - DAG(s) 'ingestion_postgres_tmdb' retrieved from /opt/airflow/dags/ingestion_postgres_dag.py
[2026-03-27T11:19:53.184+0000] {logging_mixin.py:190} INFO - [2026-03-27T11:19:53.184+0000] {dag.py:3239} INFO - Sync 1 DAGs
[2026-03-27T11:19:53.229+0000] {logging_mixin.py:190} INFO - [2026-03-27T11:19:53.229+0000] {dag.py:4180} INFO - Setting next_dagrun for ingestion_postgres_tmdb to 2026-03-02 10:00:00+00:00, run_after=2026-04-06 10:00:00+00:00
[2026-03-27T11:19:53.269+0000] {processor.py:208} INFO - Processing /opt/airflow/dags/ingestion_postgres_dag.py took 0.175 seconds
[2026-03-27T11:20:23.398+0000] {processor.py:186} INFO - Started process (PID=2007) to work on /opt/airflow/dags/ingestion_postgres_dag.py
[2026-03-27T11:20:23.398+0000] {processor.py:914} INFO - Processing file /opt/airflow/dags/ingestion_postgres_dag.py for tasks to queue
[2026-03-27T11:20:23.400+0000] {logging_mixin.py:190} INFO - [2026-03-27T11:20:23.400+0000] {dagbag.py:588} INFO - Filling up the DagBag from /opt/airflow/dags/ingestion_postgres_dag.py
[2026-03-27T11:20:23.418+0000] {processor.py:925} INFO - DAG(s) 'ingestion_postgres_tmdb' retrieved from /opt/airflow/dags/ingestion_postgres_dag.py
[2026-03-27T11:20:23.442+0000] {logging_mixin.py:190} INFO - [2026-03-27T11:20:23.441+0000] {dag.py:3239} INFO - Sync 1 DAGs
[2026-03-27T11:20:23.461+0000] {logging_mixin.py:190} INFO - [2026-03-27T11:20:23.460+0000] {dag.py:4180} INFO - Setting next_dagrun for ingestion_postgres_tmdb to 2026-03-02 10:00:00+00:00, run_after=2026-04-06 10:00:00+00:00
[2026-03-27T11:20:23.476+0000] {processor.py:208} INFO - Processing /opt/airflow/dags/ingestion_postgres_dag.py took 0.084 seconds
[2026-03-27T11:20:53.615+0000] {processor.py:186} INFO - Started process (PID=2017) to work on /opt/airflow/dags/ingestion_postgres_dag.py
[2026-03-27T11:20:53.620+0000] {processor.py:914} INFO - Processing file /opt/airflow/dags/ingestion_postgres_dag.py for tasks to queue
[2026-03-27T11:20:53.625+0000] {logging_mixin.py:190} INFO - [2026-03-27T11:20:53.625+0000] {dagbag.py:588} INFO - Filling up the DagBag from /opt/airflow/dags/ingestion_postgres_dag.py
[2026-03-27T11:20:53.645+0000] {processor.py:925} INFO - DAG(s) 'ingestion_postgres_tmdb' retrieved from /opt/airflow/dags/ingestion_postgres_dag.py
[2026-03-27T11:20:53.674+0000] {logging_mixin.py:190} INFO - [2026-03-27T11:20:53.673+0000] {dag.py:3239} INFO - Sync 1 DAGs
[2026-03-27T11:20:53.694+0000] {logging_mixin.py:190} INFO - [2026-03-27T11:20:53.694+0000] {dag.py:4180} INFO - Setting next_dagrun for ingestion_postgres_tmdb to 2026-03-02 10:00:00+00:00, run_after=2026-04-06 10:00:00+00:00
[2026-03-27T11:20:53.721+0000] {processor.py:208} INFO - Processing /opt/airflow/dags/ingestion_postgres_dag.py took 0.115 seconds
[2026-03-27T11:21:23.868+0000] {processor.py:186} INFO - Started process (PID=2027) to work on /opt/airflow/dags/ingestion_postgres_dag.py
[2026-03-27T11:21:23.869+0000] {processor.py:914} INFO - Processing file /opt/airflow/dags/ingestion_postgres_dag.py for tasks to queue
[2026-03-27T11:21:23.872+0000] {logging_mixin.py:190} INFO - [2026-03-27T11:21:23.872+0000] {dagbag.py:588} INFO - Filling up the DagBag from /opt/airflow/dags/ingestion_postgres_dag.py
[2026-03-27T11:21:23.897+0000] {processor.py:925} INFO - DAG(s) 'ingestion_postgres_tmdb' retrieved from /opt/airflow/dags/ingestion_postgres_dag.py
[2026-03-27T11:21:23.936+0000] {logging_mixin.py:190} INFO - [2026-03-27T11:21:23.936+0000] {dag.py:3239} INFO - Sync 1 DAGs
[2026-03-27T11:21:23.961+0000] {logging_mixin.py:190} INFO - [2026-03-27T11:21:23.961+0000] {dag.py:4180} INFO - Setting next_dagrun for ingestion_postgres_tmdb to 2026-03-02 10:00:00+00:00, run_after=2026-04-06 10:00:00+00:00
[2026-03-27T11:21:23.978+0000] {processor.py:208} INFO - Processing /opt/airflow/dags/ingestion_postgres_dag.py took 0.118 seconds
[2026-03-27T11:21:54.127+0000] {processor.py:186} INFO - Started process (PID=2037) to work on /opt/airflow/dags/ingestion_postgres_dag.py
[2026-03-27T11:21:54.128+0000] {processor.py:914} INFO - Processing file /opt/airflow/dags/ingestion_postgres_dag.py for tasks to queue
[2026-03-27T11:21:54.130+0000] {logging_mixin.py:190} INFO - [2026-03-27T11:21:54.130+0000] {dagbag.py:588} INFO - Filling up the DagBag from /opt/airflow/dags/ingestion_postgres_dag.py
[2026-03-27T11:21:54.157+0000] {processor.py:925} INFO - DAG(s) 'ingestion_postgres_tmdb' retrieved from /opt/airflow/dags/ingestion_postgres_dag.py
[2026-03-27T11:21:54.189+0000] {logging_mixin.py:190} INFO - [2026-03-27T11:21:54.189+0000] {dag.py:3239} INFO - Sync 1 DAGs
[2026-03-27T11:21:54.212+0000] {logging_mixin.py:190} INFO - [2026-03-27T11:21:54.212+0000] {dag.py:4180} INFO - Setting next_dagrun for ingestion_postgres_tmdb to 2026-03-02 10:00:00+00:00, run_after=2026-04-06 10:00:00+00:00
[2026-03-27T11:21:54.233+0000] {processor.py:208} INFO - Processing /opt/airflow/dags/ingestion_postgres_dag.py took 0.114 seconds
[2026-03-27T11:22:24.407+0000] {processor.py:186} INFO - Started process (PID=2047) to work on /opt/airflow/dags/ingestion_postgres_dag.py
[2026-03-27T11:22:24.408+0000] {processor.py:914} INFO - Processing file /opt/airflow/dags/ingestion_postgres_dag.py for tasks to queue
[2026-03-27T11:22:24.410+0000] {logging_mixin.py:190} INFO - [2026-03-27T11:22:24.409+0000] {dagbag.py:588} INFO - Filling up the DagBag from /opt/airflow/dags/ingestion_postgres_dag.py
[2026-03-27T11:22:24.431+0000] {processor.py:925} INFO - DAG(s) 'ingestion_postgres_tmdb' retrieved from /opt/airflow/dags/ingestion_postgres_dag.py
[2026-03-27T11:22:24.476+0000] {logging_mixin.py:190} INFO - [2026-03-27T11:22:24.476+0000] {dag.py:3239} INFO - Sync 1 DAGs
[2026-03-27T11:22:24.499+0000] {logging_mixin.py:190} INFO - [2026-03-27T11:22:24.499+0000] {dag.py:4180} INFO - Setting next_dagrun for ingestion_postgres_tmdb to 2026-03-02 10:00:00+00:00, run_after=2026-04-06 10:00:00+00:00
[2026-03-27T11:22:24.518+0000] {processor.py:208} INFO - Processing /opt/airflow/dags/ingestion_postgres_dag.py took 0.118 seconds
[2026-03-27T11:22:54.682+0000] {processor.py:186} INFO - Started process (PID=2057) to work on /opt/airflow/dags/ingestion_postgres_dag.py
[2026-03-27T11:22:54.683+0000] {processor.py:914} INFO - Processing file /opt/airflow/dags/ingestion_postgres_dag.py for tasks to queue
[2026-03-27T11:22:54.685+0000] {logging_mixin.py:190} INFO - [2026-03-27T11:22:54.685+0000] {dagbag.py:588} INFO - Filling up the DagBag from /opt/airflow/dags/ingestion_postgres_dag.py
[2026-03-27T11:22:54.720+0000] {processor.py:925} INFO - DAG(s) 'ingestion_postgres_tmdb' retrieved from /opt/airflow/dags/ingestion_postgres_dag.py
[2026-03-27T11:22:54.760+0000] {logging_mixin.py:190} INFO - [2026-03-27T11:22:54.759+0000] {dag.py:3239} INFO - Sync 1 DAGs
[2026-03-27T11:22:54.780+0000] {logging_mixin.py:190} INFO - [2026-03-27T11:22:54.779+0000] {dag.py:4180} INFO - Setting next_dagrun for ingestion_postgres_tmdb to 2026-03-02 10:00:00+00:00, run_after=2026-04-06 10:00:00+00:00
[2026-03-27T11:22:54.796+0000] {processor.py:208} INFO - Processing /opt/airflow/dags/ingestion_postgres_dag.py took 0.121 seconds
[2026-03-27T11:23:24.912+0000] {processor.py:186} INFO - Started process (PID=2067) to work on /opt/airflow/dags/ingestion_postgres_dag.py
[2026-03-27T11:23:24.913+0000] {processor.py:914} INFO - Processing file /opt/airflow/dags/ingestion_postgres_dag.py for tasks to queue
[2026-03-27T11:23:24.916+0000] {logging_mixin.py:190} INFO - [2026-03-27T11:23:24.916+0000] {dagbag.py:588} INFO - Filling up the DagBag from /opt/airflow/dags/ingestion_postgres_dag.py
[2026-03-27T11:23:24.939+0000] {processor.py:925} INFO - DAG(s) 'ingestion_postgres_tmdb' retrieved from /opt/airflow/dags/ingestion_postgres_dag.py
[2026-03-27T11:23:24.967+0000] {logging_mixin.py:190} INFO - [2026-03-27T11:23:24.967+0000] {dag.py:3239} INFO - Sync 1 DAGs
[2026-03-27T11:23:24.988+0000] {logging_mixin.py:190} INFO - [2026-03-27T11:23:24.988+0000] {dag.py:4180} INFO - Setting next_dagrun for ingestion_postgres_tmdb to 2026-03-02 10:00:00+00:00, run_after=2026-04-06 10:00:00+00:00
[2026-03-27T11:23:25.008+0000] {processor.py:208} INFO - Processing /opt/airflow/dags/ingestion_postgres_dag.py took 0.103 seconds
[2026-03-27T11:23:55.156+0000] {processor.py:186} INFO - Started process (PID=2077) to work on /opt/airflow/dags/ingestion_postgres_dag.py
[2026-03-27T11:23:55.157+0000] {processor.py:914} INFO - Processing file /opt/airflow/dags/ingestion_postgres_dag.py for tasks to queue
[2026-03-27T11:23:55.158+0000] {logging_mixin.py:190} INFO - [2026-03-27T11:23:55.158+0000] {dagbag.py:588} INFO - Filling up the DagBag from /opt/airflow/dags/ingestion_postgres_dag.py
[2026-03-27T11:23:55.178+0000] {processor.py:925} INFO - DAG(s) 'ingestion_postgres_tmdb' retrieved from /opt/airflow/dags/ingestion_postgres_dag.py
[2026-03-27T11:23:55.205+0000] {logging_mixin.py:190} INFO - [2026-03-27T11:23:55.205+0000] {dag.py:3239} INFO - Sync 1 DAGs
[2026-03-27T11:23:55.229+0000] {logging_mixin.py:190} INFO - [2026-03-27T11:23:55.229+0000] {dag.py:4180} INFO - Setting next_dagrun for ingestion_postgres_tmdb to 2026-03-02 10:00:00+00:00, run_after=2026-04-06 10:00:00+00:00
[2026-03-27T11:23:55.250+0000] {processor.py:208} INFO - Processing /opt/airflow/dags/ingestion_postgres_dag.py took 0.099 seconds
[2026-03-27T11:24:25.389+0000] {processor.py:186} INFO - Started process (PID=2087) to work on /opt/airflow/dags/ingestion_postgres_dag.py
[2026-03-27T11:24:25.390+0000] {processor.py:914} INFO - Processing file /opt/airflow/dags/ingestion_postgres_dag.py for tasks to queue
[2026-03-27T11:24:25.392+0000] {logging_mixin.py:190} INFO - [2026-03-27T11:24:25.392+0000] {dagbag.py:588} INFO - Filling up the DagBag from /opt/airflow/dags/ingestion_postgres_dag.py
[2026-03-27T11:24:25.414+0000] {processor.py:925} INFO - DAG(s) 'ingestion_postgres_tmdb' retrieved from /opt/airflow/dags/ingestion_postgres_dag.py
[2026-03-27T11:24:25.440+0000] {logging_mixin.py:190} INFO - [2026-03-27T11:24:25.440+0000] {dag.py:3239} INFO - Sync 1 DAGs
[2026-03-27T11:24:25.461+0000] {logging_mixin.py:190} INFO - [2026-03-27T11:24:25.460+0000] {dag.py:4180} INFO - Setting next_dagrun for ingestion_postgres_tmdb to 2026-03-02 10:00:00+00:00, run_after=2026-04-06 10:00:00+00:00
[2026-03-27T11:24:25.479+0000] {processor.py:208} INFO - Processing /opt/airflow/dags/ingestion_postgres_dag.py took 0.097 seconds
[2026-03-27T11:24:55.586+0000] {processor.py:186} INFO - Started process (PID=2097) to work on /opt/airflow/dags/ingestion_postgres_dag.py
[2026-03-27T11:24:55.587+0000] {processor.py:914} INFO - Processing file /opt/airflow/dags/ingestion_postgres_dag.py for tasks to queue
[2026-03-27T11:24:55.590+0000] {logging_mixin.py:190} INFO - [2026-03-27T11:24:55.589+0000] {dagbag.py:588} INFO - Filling up the DagBag from /opt/airflow/dags/ingestion_postgres_dag.py
[2026-03-27T11:24:55.609+0000] {processor.py:925} INFO - DAG(s) 'ingestion_postgres_tmdb' retrieved from /opt/airflow/dags/ingestion_postgres_dag.py
[2026-03-27T11:24:55.638+0000] {logging_mixin.py:190} INFO - [2026-03-27T11:24:55.638+0000] {dag.py:3239} INFO - Sync 1 DAGs
[2026-03-27T11:24:55.669+0000] {logging_mixin.py:190} INFO - [2026-03-27T11:24:55.668+0000] {dag.py:4180} INFO - Setting next_dagrun for ingestion_postgres_tmdb to 2026-03-02 10:00:00+00:00, run_after=2026-04-06 10:00:00+00:00
[2026-03-27T11:24:55.699+0000] {processor.py:208} INFO - Processing /opt/airflow/dags/ingestion_postgres_dag.py took 0.119 seconds
[2026-03-27T11:25:25.819+0000] {processor.py:186} INFO - Started process (PID=2107) to work on /opt/airflow/dags/ingestion_postgres_dag.py
[2026-03-27T11:25:25.821+0000] {processor.py:914} INFO - Processing file /opt/airflow/dags/ingestion_postgres_dag.py for tasks to queue
[2026-03-27T11:25:25.823+0000] {logging_mixin.py:190} INFO - [2026-03-27T11:25:25.823+0000] {dagbag.py:588} INFO - Filling up the DagBag from /opt/airflow/dags/ingestion_postgres_dag.py
[2026-03-27T11:25:25.842+0000] {processor.py:925} INFO - DAG(s) 'ingestion_postgres_tmdb' retrieved from /opt/airflow/dags/ingestion_postgres_dag.py
[2026-03-27T11:25:25.873+0000] {logging_mixin.py:190} INFO - [2026-03-27T11:25:25.873+0000] {dag.py:3239} INFO - Sync 1 DAGs
[2026-03-27T11:25:25.897+0000] {logging_mixin.py:190} INFO - [2026-03-27T11:25:25.896+0000] {dag.py:4180} INFO - Setting next_dagrun for ingestion_postgres_tmdb to 2026-03-02 10:00:00+00:00, run_after=2026-04-06 10:00:00+00:00
[2026-03-27T11:25:25.915+0000] {processor.py:208} INFO - Processing /opt/airflow/dags/ingestion_postgres_dag.py took 0.103 seconds
[2026-03-27T11:25:56.080+0000] {processor.py:186} INFO - Started process (PID=2117) to work on /opt/airflow/dags/ingestion_postgres_dag.py
[2026-03-27T11:25:56.081+0000] {processor.py:914} INFO - Processing file /opt/airflow/dags/ingestion_postgres_dag.py for tasks to queue
[2026-03-27T11:25:56.084+0000] {logging_mixin.py:190} INFO - [2026-03-27T11:25:56.084+0000] {dagbag.py:588} INFO - Filling up the DagBag from /opt/airflow/dags/ingestion_postgres_dag.py
[2026-03-27T11:25:56.106+0000] {processor.py:925} INFO - DAG(s) 'ingestion_postgres_tmdb' retrieved from /opt/airflow/dags/ingestion_postgres_dag.py
[2026-03-27T11:25:56.133+0000] {logging_mixin.py:190} INFO - [2026-03-27T11:25:56.133+0000] {dag.py:3239} INFO - Sync 1 DAGs
[2026-03-27T11:25:56.154+0000] {logging_mixin.py:190} INFO - [2026-03-27T11:25:56.154+0000] {dag.py:4180} INFO - Setting next_dagrun for ingestion_postgres_tmdb to 2026-03-02 10:00:00+00:00, run_after=2026-04-06 10:00:00+00:00
[2026-03-27T11:25:56.174+0000] {processor.py:208} INFO - Processing /opt/airflow/dags/ingestion_postgres_dag.py took 0.099 seconds
[2026-03-27T11:26:26.321+0000] {processor.py:186} INFO - Started process (PID=2127) to work on /opt/airflow/dags/ingestion_postgres_dag.py
[2026-03-27T11:26:26.322+0000] {processor.py:914} INFO - Processing file /opt/airflow/dags/ingestion_postgres_dag.py for tasks to queue
[2026-03-27T11:26:26.324+0000] {logging_mixin.py:190} INFO - [2026-03-27T11:26:26.324+0000] {dagbag.py:588} INFO - Filling up the DagBag from /opt/airflow/dags/ingestion_postgres_dag.py
[2026-03-27T11:26:26.350+0000] {processor.py:925} INFO - DAG(s) 'ingestion_postgres_tmdb' retrieved from /opt/airflow/dags/ingestion_postgres_dag.py
[2026-03-27T11:26:26.384+0000] {logging_mixin.py:190} INFO - [2026-03-27T11:26:26.384+0000] {dag.py:3239} INFO - Sync 1 DAGs
[2026-03-27T11:26:26.407+0000] {logging_mixin.py:190} INFO - [2026-03-27T11:26:26.407+0000] {dag.py:4180} INFO - Setting next_dagrun for ingestion_postgres_tmdb to 2026-03-02 10:00:00+00:00, run_after=2026-04-06 10:00:00+00:00
[2026-03-27T11:26:26.426+0000] {processor.py:208} INFO - Processing /opt/airflow/dags/ingestion_postgres_dag.py took 0.111 seconds
[2026-03-27T11:26:56.552+0000] {processor.py:186} INFO - Started process (PID=2137) to work on /opt/airflow/dags/ingestion_postgres_dag.py
[2026-03-27T11:26:56.553+0000] {processor.py:914} INFO - Processing file /opt/airflow/dags/ingestion_postgres_dag.py for tasks to queue
[2026-03-27T11:26:56.556+0000] {logging_mixin.py:190} INFO - [2026-03-27T11:26:56.556+0000] {dagbag.py:588} INFO - Filling up the DagBag from /opt/airflow/dags/ingestion_postgres_dag.py
[2026-03-27T11:26:56.580+0000] {processor.py:925} INFO - DAG(s) 'ingestion_postgres_tmdb' retrieved from /opt/airflow/dags/ingestion_postgres_dag.py
[2026-03-27T11:26:56.614+0000] {logging_mixin.py:190} INFO - [2026-03-27T11:26:56.614+0000] {dag.py:3239} INFO - Sync 1 DAGs
[2026-03-27T11:26:56.638+0000] {logging_mixin.py:190} INFO - [2026-03-27T11:26:56.638+0000] {dag.py:4180} INFO - Setting next_dagrun for ingestion_postgres_tmdb to 2026-03-02 10:00:00+00:00, run_after=2026-04-06 10:00:00+00:00
[2026-03-27T11:26:56.658+0000] {processor.py:208} INFO - Processing /opt/airflow/dags/ingestion_postgres_dag.py took 0.113 seconds
[2026-03-27T11:27:26.826+0000] {processor.py:186} INFO - Started process (PID=2147) to work on /opt/airflow/dags/ingestion_postgres_dag.py
[2026-03-27T11:27:26.828+0000] {processor.py:914} INFO - Processing file /opt/airflow/dags/ingestion_postgres_dag.py for tasks to queue
[2026-03-27T11:27:26.830+0000] {logging_mixin.py:190} INFO - [2026-03-27T11:27:26.830+0000] {dagbag.py:588} INFO - Filling up the DagBag from /opt/airflow/dags/ingestion_postgres_dag.py
[2026-03-27T11:27:26.864+0000] {processor.py:925} INFO - DAG(s) 'ingestion_postgres_tmdb' retrieved from /opt/airflow/dags/ingestion_postgres_dag.py
[2026-03-27T11:27:26.894+0000] {logging_mixin.py:190} INFO - [2026-03-27T11:27:26.894+0000] {dag.py:3239} INFO - Sync 1 DAGs
[2026-03-27T11:27:26.920+0000] {logging_mixin.py:190} INFO - [2026-03-27T11:27:26.920+0000] {dag.py:4180} INFO - Setting next_dagrun for ingestion_postgres_tmdb to 2026-03-02 10:00:00+00:00, run_after=2026-04-06 10:00:00+00:00
[2026-03-27T11:27:26.955+0000] {processor.py:208} INFO - Processing /opt/airflow/dags/ingestion_postgres_dag.py took 0.135 seconds
[2026-03-27T11:27:57.142+0000] {processor.py:186} INFO - Started process (PID=2157) to work on /opt/airflow/dags/ingestion_postgres_dag.py
[2026-03-27T11:27:57.142+0000] {processor.py:914} INFO - Processing file /opt/airflow/dags/ingestion_postgres_dag.py for tasks to queue
[2026-03-27T11:27:57.145+0000] {logging_mixin.py:190} INFO - [2026-03-27T11:27:57.144+0000] {dagbag.py:588} INFO - Filling up the DagBag from /opt/airflow/dags/ingestion_postgres_dag.py
[2026-03-27T11:27:57.163+0000] {processor.py:925} INFO - DAG(s) 'ingestion_postgres_tmdb' retrieved from /opt/airflow/dags/ingestion_postgres_dag.py
[2026-03-27T11:27:57.195+0000] {logging_mixin.py:190} INFO - [2026-03-27T11:27:57.195+0000] {dag.py:3239} INFO - Sync 1 DAGs
[2026-03-27T11:27:57.217+0000] {logging_mixin.py:190} INFO - [2026-03-27T11:27:57.217+0000] {dag.py:4180} INFO - Setting next_dagrun for ingestion_postgres_tmdb to 2026-03-02 10:00:00+00:00, run_after=2026-04-06 10:00:00+00:00
[2026-03-27T11:27:57.234+0000] {processor.py:208} INFO - Processing /opt/airflow/dags/ingestion_postgres_dag.py took 0.097 seconds
[2026-03-27T11:28:27.343+0000] {processor.py:186} INFO - Started process (PID=2167) to work on /opt/airflow/dags/ingestion_postgres_dag.py
[2026-03-27T11:28:27.344+0000] {processor.py:914} INFO - Processing file /opt/airflow/dags/ingestion_postgres_dag.py for tasks to queue
[2026-03-27T11:28:27.347+0000] {logging_mixin.py:190} INFO - [2026-03-27T11:28:27.347+0000] {dagbag.py:588} INFO - Filling up the DagBag from /opt/airflow/dags/ingestion_postgres_dag.py
[2026-03-27T11:28:27.368+0000] {processor.py:925} INFO - DAG(s) 'ingestion_postgres_tmdb' retrieved from /opt/airflow/dags/ingestion_postgres_dag.py
[2026-03-27T11:28:27.402+0000] {logging_mixin.py:190} INFO - [2026-03-27T11:28:27.402+0000] {dag.py:3239} INFO - Sync 1 DAGs
[2026-03-27T11:28:27.424+0000] {logging_mixin.py:190} INFO - [2026-03-27T11:28:27.424+0000] {dag.py:4180} INFO - Setting next_dagrun for ingestion_postgres_tmdb to 2026-03-02 10:00:00+00:00, run_after=2026-04-06 10:00:00+00:00
[2026-03-27T11:28:27.445+0000] {processor.py:208} INFO - Processing /opt/airflow/dags/ingestion_postgres_dag.py took 0.109 seconds
[2026-03-27T11:28:57.590+0000] {processor.py:186} INFO - Started process (PID=2177) to work on /opt/airflow/dags/ingestion_postgres_dag.py
[2026-03-27T11:28:57.591+0000] {processor.py:914} INFO - Processing file /opt/airflow/dags/ingestion_postgres_dag.py for tasks to queue
[2026-03-27T11:28:57.594+0000] {logging_mixin.py:190} INFO - [2026-03-27T11:28:57.593+0000] {dagbag.py:588} INFO - Filling up the DagBag from /opt/airflow/dags/ingestion_postgres_dag.py
[2026-03-27T11:28:57.615+0000] {processor.py:925} INFO - DAG(s) 'ingestion_postgres_tmdb' retrieved from /opt/airflow/dags/ingestion_postgres_dag.py
[2026-03-27T11:28:57.665+0000] {logging_mixin.py:190} INFO - [2026-03-27T11:28:57.664+0000] {dag.py:3239} INFO - Sync 1 DAGs
[2026-03-27T11:28:57.686+0000] {logging_mixin.py:190} INFO - [2026-03-27T11:28:57.686+0000] {dag.py:4180} INFO - Setting next_dagrun for ingestion_postgres_tmdb to 2026-03-02 10:00:00+00:00, run_after=2026-04-06 10:00:00+00:00
[2026-03-27T11:28:57.727+0000] {processor.py:208} INFO - Processing /opt/airflow/dags/ingestion_postgres_dag.py took 0.144 seconds
[2026-03-27T11:29:27.890+0000] {processor.py:186} INFO - Started process (PID=2187) to work on /opt/airflow/dags/ingestion_postgres_dag.py
[2026-03-27T11:29:27.891+0000] {processor.py:914} INFO - Processing file /opt/airflow/dags/ingestion_postgres_dag.py for tasks to queue
[2026-03-27T11:29:27.893+0000] {logging_mixin.py:190} INFO - [2026-03-27T11:29:27.893+0000] {dagbag.py:588} INFO - Filling up the DagBag from /opt/airflow/dags/ingestion_postgres_dag.py
[2026-03-27T11:29:27.912+0000] {processor.py:925} INFO - DAG(s) 'ingestion_postgres_tmdb' retrieved from /opt/airflow/dags/ingestion_postgres_dag.py
[2026-03-27T11:29:27.940+0000] {logging_mixin.py:190} INFO - [2026-03-27T11:29:27.940+0000] {dag.py:3239} INFO - Sync 1 DAGs
[2026-03-27T11:29:27.962+0000] {logging_mixin.py:190} INFO - [2026-03-27T11:29:27.962+0000] {dag.py:4180} INFO - Setting next_dagrun for ingestion_postgres_tmdb to 2026-03-02 10:00:00+00:00, run_after=2026-04-06 10:00:00+00:00
[2026-03-27T11:29:27.983+0000] {processor.py:208} INFO - Processing /opt/airflow/dags/ingestion_postgres_dag.py took 0.101 seconds
[2026-03-27T11:29:58.074+0000] {processor.py:186} INFO - Started process (PID=2197) to work on /opt/airflow/dags/ingestion_postgres_dag.py
[2026-03-27T11:29:58.075+0000] {processor.py:914} INFO - Processing file /opt/airflow/dags/ingestion_postgres_dag.py for tasks to queue
[2026-03-27T11:29:58.077+0000] {logging_mixin.py:190} INFO - [2026-03-27T11:29:58.077+0000] {dagbag.py:588} INFO - Filling up the DagBag from /opt/airflow/dags/ingestion_postgres_dag.py
[2026-03-27T11:29:58.098+0000] {processor.py:925} INFO - DAG(s) 'ingestion_postgres_tmdb' retrieved from /opt/airflow/dags/ingestion_postgres_dag.py
[2026-03-27T11:29:58.125+0000] {logging_mixin.py:190} INFO - [2026-03-27T11:29:58.125+0000] {dag.py:3239} INFO - Sync 1 DAGs
[2026-03-27T11:29:58.146+0000] {logging_mixin.py:190} INFO - [2026-03-27T11:29:58.146+0000] {dag.py:4180} INFO - Setting next_dagrun for ingestion_postgres_tmdb to 2026-03-02 10:00:00+00:00, run_after=2026-04-06 10:00:00+00:00
[2026-03-27T11:29:58.164+0000] {processor.py:208} INFO - Processing /opt/airflow/dags/ingestion_postgres_dag.py took 0.097 seconds
[2026-03-27T11:30:28.284+0000] {processor.py:186} INFO - Started process (PID=2207) to work on /opt/airflow/dags/ingestion_postgres_dag.py
[2026-03-27T11:30:28.285+0000] {processor.py:914} INFO - Processing file /opt/airflow/dags/ingestion_postgres_dag.py for tasks to queue
[2026-03-27T11:30:28.288+0000] {logging_mixin.py:190} INFO - [2026-03-27T11:30:28.288+0000] {dagbag.py:588} INFO - Filling up the DagBag from /opt/airflow/dags/ingestion_postgres_dag.py
[2026-03-27T11:30:28.307+0000] {processor.py:925} INFO - DAG(s) 'ingestion_postgres_tmdb' retrieved from /opt/airflow/dags/ingestion_postgres_dag.py
[2026-03-27T11:30:28.337+0000] {logging_mixin.py:190} INFO - [2026-03-27T11:30:28.337+0000] {dag.py:3239} INFO - Sync 1 DAGs
[2026-03-27T11:30:28.360+0000] {logging_mixin.py:190} INFO - [2026-03-27T11:30:28.360+0000] {dag.py:4180} INFO - Setting next_dagrun for ingestion_postgres_tmdb to 2026-03-02 10:00:00+00:00, run_after=2026-04-06 10:00:00+00:00
[2026-03-27T11:30:28.378+0000] {processor.py:208} INFO - Processing /opt/airflow/dags/ingestion_postgres_dag.py took 0.101 seconds
[2026-03-27T11:30:58.518+0000] {processor.py:186} INFO - Started process (PID=2217) to work on /opt/airflow/dags/ingestion_postgres_dag.py
[2026-03-27T11:30:58.518+0000] {processor.py:914} INFO - Processing file /opt/airflow/dags/ingestion_postgres_dag.py for tasks to queue
[2026-03-27T11:30:58.520+0000] {logging_mixin.py:190} INFO - [2026-03-27T11:30:58.520+0000] {dagbag.py:588} INFO - Filling up the DagBag from /opt/airflow/dags/ingestion_postgres_dag.py
[2026-03-27T11:30:58.539+0000] {processor.py:925} INFO - DAG(s) 'ingestion_postgres_tmdb' retrieved from /opt/airflow/dags/ingestion_postgres_dag.py
[2026-03-27T11:30:58.563+0000] {logging_mixin.py:190} INFO - [2026-03-27T11:30:58.563+0000] {dag.py:3239} INFO - Sync 1 DAGs
[2026-03-27T11:30:58.586+0000] {logging_mixin.py:190} INFO - [2026-03-27T11:30:58.586+0000] {dag.py:4180} INFO - Setting next_dagrun for ingestion_postgres_tmdb to 2026-03-02 10:00:00+00:00, run_after=2026-04-06 10:00:00+00:00
[2026-03-27T11:30:58.603+0000] {processor.py:208} INFO - Processing /opt/airflow/dags/ingestion_postgres_dag.py took 0.091 seconds
[2026-03-27T11:31:28.735+0000] {processor.py:186} INFO - Started process (PID=2227) to work on /opt/airflow/dags/ingestion_postgres_dag.py
[2026-03-27T11:31:28.737+0000] {processor.py:914} INFO - Processing file /opt/airflow/dags/ingestion_postgres_dag.py for tasks to queue
[2026-03-27T11:31:28.746+0000] {logging_mixin.py:190} INFO - [2026-03-27T11:31:28.746+0000] {dagbag.py:588} INFO - Filling up the DagBag from /opt/airflow/dags/ingestion_postgres_dag.py
[2026-03-27T11:31:28.764+0000] {processor.py:925} INFO - DAG(s) 'ingestion_postgres_tmdb' retrieved from /opt/airflow/dags/ingestion_postgres_dag.py
[2026-03-27T11:31:28.792+0000] {logging_mixin.py:190} INFO - [2026-03-27T11:31:28.792+0000] {dag.py:3239} INFO - Sync 1 DAGs
[2026-03-27T11:31:28.816+0000] {logging_mixin.py:190} INFO - [2026-03-27T11:31:28.816+0000] {dag.py:4180} INFO - Setting next_dagrun for ingestion_postgres_tmdb to 2026-03-02 10:00:00+00:00, run_after=2026-04-06 10:00:00+00:00
[2026-03-27T11:31:28.838+0000] {processor.py:208} INFO - Processing /opt/airflow/dags/ingestion_postgres_dag.py took 0.115 seconds
[2026-03-27T11:31:58.936+0000] {processor.py:186} INFO - Started process (PID=2237) to work on /opt/airflow/dags/ingestion_postgres_dag.py
[2026-03-27T11:31:58.937+0000] {processor.py:914} INFO - Processing file /opt/airflow/dags/ingestion_postgres_dag.py for tasks to queue
[2026-03-27T11:31:58.940+0000] {logging_mixin.py:190} INFO - [2026-03-27T11:31:58.940+0000] {dagbag.py:588} INFO - Filling up the DagBag from /opt/airflow/dags/ingestion_postgres_dag.py
[2026-03-27T11:31:58.957+0000] {processor.py:925} INFO - DAG(s) 'ingestion_postgres_tmdb' retrieved from /opt/airflow/dags/ingestion_postgres_dag.py
[2026-03-27T11:31:58.984+0000] {logging_mixin.py:190} INFO - [2026-03-27T11:31:58.984+0000] {dag.py:3239} INFO - Sync 1 DAGs
[2026-03-27T11:31:59.006+0000] {logging_mixin.py:190} INFO - [2026-03-27T11:31:59.006+0000] {dag.py:4180} INFO - Setting next_dagrun for ingestion_postgres_tmdb to 2026-03-02 10:00:00+00:00, run_after=2026-04-06 10:00:00+00:00
[2026-03-27T11:31:59.025+0000] {processor.py:208} INFO - Processing /opt/airflow/dags/ingestion_postgres_dag.py took 0.095 seconds
[2026-03-27T11:32:29.092+0000] {processor.py:186} INFO - Started process (PID=2247) to work on /opt/airflow/dags/ingestion_postgres_dag.py
[2026-03-27T11:32:29.093+0000] {processor.py:914} INFO - Processing file /opt/airflow/dags/ingestion_postgres_dag.py for tasks to queue
[2026-03-27T11:32:29.095+0000] {logging_mixin.py:190} INFO - [2026-03-27T11:32:29.095+0000] {dagbag.py:588} INFO - Filling up the DagBag from /opt/airflow/dags/ingestion_postgres_dag.py
[2026-03-27T11:32:29.113+0000] {processor.py:925} INFO - DAG(s) 'ingestion_postgres_tmdb' retrieved from /opt/airflow/dags/ingestion_postgres_dag.py
[2026-03-27T11:32:29.146+0000] {logging_mixin.py:190} INFO - [2026-03-27T11:32:29.146+0000] {dag.py:3239} INFO - Sync 1 DAGs
[2026-03-27T11:32:29.170+0000] {logging_mixin.py:190} INFO - [2026-03-27T11:32:29.169+0000] {dag.py:4180} INFO - Setting next_dagrun for ingestion_postgres_tmdb to 2026-03-02 10:00:00+00:00, run_after=2026-04-06 10:00:00+00:00
[2026-03-27T11:32:29.190+0000] {processor.py:208} INFO - Processing /opt/airflow/dags/ingestion_postgres_dag.py took 0.103 seconds
[2026-03-27T11:32:59.341+0000] {processor.py:186} INFO - Started process (PID=2257) to work on /opt/airflow/dags/ingestion_postgres_dag.py
[2026-03-27T11:32:59.342+0000] {processor.py:914} INFO - Processing file /opt/airflow/dags/ingestion_postgres_dag.py for tasks to queue
[2026-03-27T11:32:59.344+0000] {logging_mixin.py:190} INFO - [2026-03-27T11:32:59.344+0000] {dagbag.py:588} INFO - Filling up the DagBag from /opt/airflow/dags/ingestion_postgres_dag.py
[2026-03-27T11:32:59.372+0000] {processor.py:925} INFO - DAG(s) 'ingestion_postgres_tmdb' retrieved from /opt/airflow/dags/ingestion_postgres_dag.py
[2026-03-27T11:32:59.400+0000] {logging_mixin.py:190} INFO - [2026-03-27T11:32:59.400+0000] {dag.py:3239} INFO - Sync 1 DAGs
[2026-03-27T11:32:59.422+0000] {logging_mixin.py:190} INFO - [2026-03-27T11:32:59.422+0000] {dag.py:4180} INFO - Setting next_dagrun for ingestion_postgres_tmdb to 2026-03-02 10:00:00+00:00, run_after=2026-04-06 10:00:00+00:00
[2026-03-27T11:32:59.442+0000] {processor.py:208} INFO - Processing /opt/airflow/dags/ingestion_postgres_dag.py took 0.107 seconds
[2026-03-27T11:33:29.570+0000] {processor.py:186} INFO - Started process (PID=2267) to work on /opt/airflow/dags/ingestion_postgres_dag.py
[2026-03-27T11:33:29.571+0000] {processor.py:914} INFO - Processing file /opt/airflow/dags/ingestion_postgres_dag.py for tasks to queue
[2026-03-27T11:33:29.573+0000] {logging_mixin.py:190} INFO - [2026-03-27T11:33:29.573+0000] {dagbag.py:588} INFO - Filling up the DagBag from /opt/airflow/dags/ingestion_postgres_dag.py
[2026-03-27T11:33:29.590+0000] {processor.py:925} INFO - DAG(s) 'ingestion_postgres_tmdb' retrieved from /opt/airflow/dags/ingestion_postgres_dag.py
[2026-03-27T11:33:29.614+0000] {logging_mixin.py:190} INFO - [2026-03-27T11:33:29.613+0000] {dag.py:3239} INFO - Sync 1 DAGs
[2026-03-27T11:33:29.635+0000] {logging_mixin.py:190} INFO - [2026-03-27T11:33:29.635+0000] {dag.py:4180} INFO - Setting next_dagrun for ingestion_postgres_tmdb to 2026-03-02 10:00:00+00:00, run_after=2026-04-06 10:00:00+00:00
[2026-03-27T11:33:29.652+0000] {processor.py:208} INFO - Processing /opt/airflow/dags/ingestion_postgres_dag.py took 0.088 seconds
[2026-03-27T11:33:59.778+0000] {processor.py:186} INFO - Started process (PID=2277) to work on /opt/airflow/dags/ingestion_postgres_dag.py
[2026-03-27T11:33:59.778+0000] {processor.py:914} INFO - Processing file /opt/airflow/dags/ingestion_postgres_dag.py for tasks to queue
[2026-03-27T11:33:59.781+0000] {logging_mixin.py:190} INFO - [2026-03-27T11:33:59.781+0000] {dagbag.py:588} INFO - Filling up the DagBag from /opt/airflow/dags/ingestion_postgres_dag.py
[2026-03-27T11:33:59.801+0000] {processor.py:925} INFO - DAG(s) 'ingestion_postgres_tmdb' retrieved from /opt/airflow/dags/ingestion_postgres_dag.py
[2026-03-27T11:33:59.831+0000] {logging_mixin.py:190} INFO - [2026-03-27T11:33:59.831+0000] {dag.py:3239} INFO - Sync 1 DAGs
[2026-03-27T11:33:59.855+0000] {logging_mixin.py:190} INFO - [2026-03-27T11:33:59.855+0000] {dag.py:4180} INFO - Setting next_dagrun for ingestion_postgres_tmdb to 2026-03-02 10:00:00+00:00, run_after=2026-04-06 10:00:00+00:00
[2026-03-27T11:33:59.873+0000] {processor.py:208} INFO - Processing /opt/airflow/dags/ingestion_postgres_dag.py took 0.101 seconds
[2026-03-27T11:34:29.992+0000] {processor.py:186} INFO - Started process (PID=2287) to work on /opt/airflow/dags/ingestion_postgres_dag.py
[2026-03-27T11:34:29.993+0000] {processor.py:914} INFO - Processing file /opt/airflow/dags/ingestion_postgres_dag.py for tasks to queue
[2026-03-27T11:34:29.995+0000] {logging_mixin.py:190} INFO - [2026-03-27T11:34:29.995+0000] {dagbag.py:588} INFO - Filling up the DagBag from /opt/airflow/dags/ingestion_postgres_dag.py
[2026-03-27T11:34:30.015+0000] {processor.py:925} INFO - DAG(s) 'ingestion_postgres_tmdb' retrieved from /opt/airflow/dags/ingestion_postgres_dag.py
[2026-03-27T11:34:30.041+0000] {logging_mixin.py:190} INFO - [2026-03-27T11:34:30.040+0000] {dag.py:3239} INFO - Sync 1 DAGs
[2026-03-27T11:34:30.062+0000] {logging_mixin.py:190} INFO - [2026-03-27T11:34:30.062+0000] {dag.py:4180} INFO - Setting next_dagrun for ingestion_postgres_tmdb to 2026-03-02 10:00:00+00:00, run_after=2026-04-06 10:00:00+00:00
[2026-03-27T11:34:30.080+0000] {processor.py:208} INFO - Processing /opt/airflow/dags/ingestion_postgres_dag.py took 0.096 seconds
[2026-03-27T11:35:00.207+0000] {processor.py:186} INFO - Started process (PID=2297) to work on /opt/airflow/dags/ingestion_postgres_dag.py
[2026-03-27T11:35:00.208+0000] {processor.py:914} INFO - Processing file /opt/airflow/dags/ingestion_postgres_dag.py for tasks to queue
[2026-03-27T11:35:00.210+0000] {logging_mixin.py:190} INFO - [2026-03-27T11:35:00.210+0000] {dagbag.py:588} INFO - Filling up the DagBag from /opt/airflow/dags/ingestion_postgres_dag.py
[2026-03-27T11:35:00.230+0000] {processor.py:925} INFO - DAG(s) 'ingestion_postgres_tmdb' retrieved from /opt/airflow/dags/ingestion_postgres_dag.py
[2026-03-27T11:35:00.262+0000] {logging_mixin.py:190} INFO - [2026-03-27T11:35:00.261+0000] {dag.py:3239} INFO - Sync 1 DAGs
[2026-03-27T11:35:00.285+0000] {logging_mixin.py:190} INFO - [2026-03-27T11:35:00.285+0000] {dag.py:4180} INFO - Setting next_dagrun for ingestion_postgres_tmdb to 2026-03-02 10:00:00+00:00, run_after=2026-04-06 10:00:00+00:00
[2026-03-27T11:35:00.305+0000] {processor.py:208} INFO - Processing /opt/airflow/dags/ingestion_postgres_dag.py took 0.104 seconds
[2026-03-27T11:35:30.419+0000] {processor.py:186} INFO - Started process (PID=2307) to work on /opt/airflow/dags/ingestion_postgres_dag.py
[2026-03-27T11:35:30.421+0000] {processor.py:914} INFO - Processing file /opt/airflow/dags/ingestion_postgres_dag.py for tasks to queue
[2026-03-27T11:35:30.423+0000] {logging_mixin.py:190} INFO - [2026-03-27T11:35:30.423+0000] {dagbag.py:588} INFO - Filling up the DagBag from /opt/airflow/dags/ingestion_postgres_dag.py
[2026-03-27T11:35:30.451+0000] {processor.py:925} INFO - DAG(s) 'ingestion_postgres_tmdb' retrieved from /opt/airflow/dags/ingestion_postgres_dag.py
[2026-03-27T11:35:30.478+0000] {logging_mixin.py:190} INFO - [2026-03-27T11:35:30.478+0000] {dag.py:3239} INFO - Sync 1 DAGs
[2026-03-27T11:35:30.499+0000] {logging_mixin.py:190} INFO - [2026-03-27T11:35:30.499+0000] {dag.py:4180} INFO - Setting next_dagrun for ingestion_postgres_tmdb to 2026-03-02 10:00:00+00:00, run_after=2026-04-06 10:00:00+00:00
[2026-03-27T11:35:30.527+0000] {processor.py:208} INFO - Processing /opt/airflow/dags/ingestion_postgres_dag.py took 0.115 seconds
[2026-03-27T11:36:00.638+0000] {processor.py:186} INFO - Started process (PID=2317) to work on /opt/airflow/dags/ingestion_postgres_dag.py
[2026-03-27T11:36:00.639+0000] {processor.py:914} INFO - Processing file /opt/airflow/dags/ingestion_postgres_dag.py for tasks to queue
[2026-03-27T11:36:00.641+0000] {logging_mixin.py:190} INFO - [2026-03-27T11:36:00.641+0000] {dagbag.py:588} INFO - Filling up the DagBag from /opt/airflow/dags/ingestion_postgres_dag.py
[2026-03-27T11:36:00.662+0000] {processor.py:925} INFO - DAG(s) 'ingestion_postgres_tmdb' retrieved from /opt/airflow/dags/ingestion_postgres_dag.py
[2026-03-27T11:36:00.690+0000] {logging_mixin.py:190} INFO - [2026-03-27T11:36:00.689+0000] {dag.py:3239} INFO - Sync 1 DAGs
[2026-03-27T11:36:00.720+0000] {logging_mixin.py:190} INFO - [2026-03-27T11:36:00.720+0000] {dag.py:4180} INFO - Setting next_dagrun for ingestion_postgres_tmdb to 2026-03-02 10:00:00+00:00, run_after=2026-04-06 10:00:00+00:00
[2026-03-27T11:36:00.743+0000] {processor.py:208} INFO - Processing /opt/airflow/dags/ingestion_postgres_dag.py took 0.112 seconds
[2026-03-27T11:36:30.869+0000] {processor.py:186} INFO - Started process (PID=2327) to work on /opt/airflow/dags/ingestion_postgres_dag.py
[2026-03-27T11:36:30.870+0000] {processor.py:914} INFO - Processing file /opt/airflow/dags/ingestion_postgres_dag.py for tasks to queue
[2026-03-27T11:36:30.872+0000] {logging_mixin.py:190} INFO - [2026-03-27T11:36:30.872+0000] {dagbag.py:588} INFO - Filling up the DagBag from /opt/airflow/dags/ingestion_postgres_dag.py
[2026-03-27T11:36:30.892+0000] {processor.py:925} INFO - DAG(s) 'ingestion_postgres_tmdb' retrieved from /opt/airflow/dags/ingestion_postgres_dag.py
[2026-03-27T11:36:30.924+0000] {logging_mixin.py:190} INFO - [2026-03-27T11:36:30.924+0000] {dag.py:3239} INFO - Sync 1 DAGs
[2026-03-27T11:36:30.948+0000] {logging_mixin.py:190} INFO - [2026-03-27T11:36:30.948+0000] {dag.py:4180} INFO - Setting next_dagrun for ingestion_postgres_tmdb to 2026-03-02 10:00:00+00:00, run_after=2026-04-06 10:00:00+00:00
[2026-03-27T11:36:30.965+0000] {processor.py:208} INFO - Processing /opt/airflow/dags/ingestion_postgres_dag.py took 0.102 seconds
[2026-03-27T11:37:01.089+0000] {processor.py:186} INFO - Started process (PID=2337) to work on /opt/airflow/dags/ingestion_postgres_dag.py
[2026-03-27T11:37:01.090+0000] {processor.py:914} INFO - Processing file /opt/airflow/dags/ingestion_postgres_dag.py for tasks to queue
[2026-03-27T11:37:01.093+0000] {logging_mixin.py:190} INFO - [2026-03-27T11:37:01.092+0000] {dagbag.py:588} INFO - Filling up the DagBag from /opt/airflow/dags/ingestion_postgres_dag.py
[2026-03-27T11:37:01.114+0000] {processor.py:925} INFO - DAG(s) 'ingestion_postgres_tmdb' retrieved from /opt/airflow/dags/ingestion_postgres_dag.py
[2026-03-27T11:37:01.143+0000] {logging_mixin.py:190} INFO - [2026-03-27T11:37:01.142+0000] {dag.py:3239} INFO - Sync 1 DAGs
[2026-03-27T11:37:01.165+0000] {logging_mixin.py:190} INFO - [2026-03-27T11:37:01.165+0000] {dag.py:4180} INFO - Setting next_dagrun for ingestion_postgres_tmdb to 2026-03-02 10:00:00+00:00, run_after=2026-04-06 10:00:00+00:00
[2026-03-27T11:37:01.186+0000] {processor.py:208} INFO - Processing /opt/airflow/dags/ingestion_postgres_dag.py took 0.104 seconds
[2026-03-27T11:37:31.331+0000] {processor.py:186} INFO - Started process (PID=2347) to work on /opt/airflow/dags/ingestion_postgres_dag.py
[2026-03-27T11:37:31.332+0000] {processor.py:914} INFO - Processing file /opt/airflow/dags/ingestion_postgres_dag.py for tasks to queue
[2026-03-27T11:37:31.334+0000] {logging_mixin.py:190} INFO - [2026-03-27T11:37:31.334+0000] {dagbag.py:588} INFO - Filling up the DagBag from /opt/airflow/dags/ingestion_postgres_dag.py
[2026-03-27T11:37:31.356+0000] {processor.py:925} INFO - DAG(s) 'ingestion_postgres_tmdb' retrieved from /opt/airflow/dags/ingestion_postgres_dag.py
[2026-03-27T11:37:31.384+0000] {logging_mixin.py:190} INFO - [2026-03-27T11:37:31.384+0000] {dag.py:3239} INFO - Sync 1 DAGs
[2026-03-27T11:37:31.410+0000] {logging_mixin.py:190} INFO - [2026-03-27T11:37:31.410+0000] {dag.py:4180} INFO - Setting next_dagrun for ingestion_postgres_tmdb to 2026-03-02 10:00:00+00:00, run_after=2026-04-06 10:00:00+00:00
[2026-03-27T11:37:31.432+0000] {processor.py:208} INFO - Processing /opt/airflow/dags/ingestion_postgres_dag.py took 0.108 seconds
[2026-03-27T11:38:01.586+0000] {processor.py:186} INFO - Started process (PID=2357) to work on /opt/airflow/dags/ingestion_postgres_dag.py
[2026-03-27T11:38:01.587+0000] {processor.py:914} INFO - Processing file /opt/airflow/dags/ingestion_postgres_dag.py for tasks to queue
[2026-03-27T11:38:01.589+0000] {logging_mixin.py:190} INFO - [2026-03-27T11:38:01.589+0000] {dagbag.py:588} INFO - Filling up the DagBag from /opt/airflow/dags/ingestion_postgres_dag.py
[2026-03-27T11:38:01.605+0000] {processor.py:925} INFO - DAG(s) 'ingestion_postgres_tmdb' retrieved from /opt/airflow/dags/ingestion_postgres_dag.py
[2026-03-27T11:38:01.631+0000] {logging_mixin.py:190} INFO - [2026-03-27T11:38:01.631+0000] {dag.py:3239} INFO - Sync 1 DAGs
[2026-03-27T11:38:01.653+0000] {logging_mixin.py:190} INFO - [2026-03-27T11:38:01.652+0000] {dag.py:4180} INFO - Setting next_dagrun for ingestion_postgres_tmdb to 2026-03-02 10:00:00+00:00, run_after=2026-04-06 10:00:00+00:00
[2026-03-27T11:38:01.670+0000] {processor.py:208} INFO - Processing /opt/airflow/dags/ingestion_postgres_dag.py took 0.090 seconds
[2026-03-27T11:38:31.761+0000] {processor.py:186} INFO - Started process (PID=2367) to work on /opt/airflow/dags/ingestion_postgres_dag.py
[2026-03-27T11:38:31.762+0000] {processor.py:914} INFO - Processing file /opt/airflow/dags/ingestion_postgres_dag.py for tasks to queue
[2026-03-27T11:38:31.765+0000] {logging_mixin.py:190} INFO - [2026-03-27T11:38:31.765+0000] {dagbag.py:588} INFO - Filling up the DagBag from /opt/airflow/dags/ingestion_postgres_dag.py
[2026-03-27T11:38:31.783+0000] {processor.py:925} INFO - DAG(s) 'ingestion_postgres_tmdb' retrieved from /opt/airflow/dags/ingestion_postgres_dag.py
[2026-03-27T11:38:31.810+0000] {logging_mixin.py:190} INFO - [2026-03-27T11:38:31.810+0000] {dag.py:3239} INFO - Sync 1 DAGs
[2026-03-27T11:38:31.696+0000] {logging_mixin.py:190} INFO - [2026-03-27T11:38:31.696+0000] {dag.py:4180} INFO - Setting next_dagrun for ingestion_postgres_tmdb to 2026-03-02 10:00:00+00:00, run_after=2026-04-06 10:00:00+00:00
[2026-03-27T11:38:31.721+0000] {processor.py:208} INFO - Processing /opt/airflow/dags/ingestion_postgres_dag.py took 0.103 seconds
[2026-03-27T11:39:01.846+0000] {processor.py:186} INFO - Started process (PID=2377) to work on /opt/airflow/dags/ingestion_postgres_dag.py
[2026-03-27T11:39:01.850+0000] {processor.py:914} INFO - Processing file /opt/airflow/dags/ingestion_postgres_dag.py for tasks to queue
[2026-03-27T11:39:01.855+0000] {logging_mixin.py:190} INFO - [2026-03-27T11:39:01.855+0000] {dagbag.py:588} INFO - Filling up the DagBag from /opt/airflow/dags/ingestion_postgres_dag.py
[2026-03-27T11:39:01.883+0000] {processor.py:925} INFO - DAG(s) 'ingestion_postgres_tmdb' retrieved from /opt/airflow/dags/ingestion_postgres_dag.py
[2026-03-27T11:39:01.920+0000] {logging_mixin.py:190} INFO - [2026-03-27T11:39:01.920+0000] {dag.py:3239} INFO - Sync 1 DAGs
[2026-03-27T11:39:01.957+0000] {logging_mixin.py:190} INFO - [2026-03-27T11:39:01.957+0000] {dag.py:4180} INFO - Setting next_dagrun for ingestion_postgres_tmdb to 2026-03-02 10:00:00+00:00, run_after=2026-04-06 10:00:00+00:00
[2026-03-27T11:39:01.985+0000] {processor.py:208} INFO - Processing /opt/airflow/dags/ingestion_postgres_dag.py took 0.151 seconds
[2026-03-27T11:39:32.088+0000] {processor.py:186} INFO - Started process (PID=2387) to work on /opt/airflow/dags/ingestion_postgres_dag.py
[2026-03-27T11:39:32.089+0000] {processor.py:914} INFO - Processing file /opt/airflow/dags/ingestion_postgres_dag.py for tasks to queue
[2026-03-27T11:39:32.091+0000] {logging_mixin.py:190} INFO - [2026-03-27T11:39:32.091+0000] {dagbag.py:588} INFO - Filling up the DagBag from /opt/airflow/dags/ingestion_postgres_dag.py
[2026-03-27T11:39:32.109+0000] {processor.py:925} INFO - DAG(s) 'ingestion_postgres_tmdb' retrieved from /opt/airflow/dags/ingestion_postgres_dag.py
[2026-03-27T11:39:32.143+0000] {logging_mixin.py:190} INFO - [2026-03-27T11:39:32.143+0000] {dag.py:3239} INFO - Sync 1 DAGs
[2026-03-27T11:39:32.165+0000] {logging_mixin.py:190} INFO - [2026-03-27T11:39:32.164+0000] {dag.py:4180} INFO - Setting next_dagrun for ingestion_postgres_tmdb to 2026-03-02 10:00:00+00:00, run_after=2026-04-06 10:00:00+00:00
[2026-03-27T11:39:32.194+0000] {processor.py:208} INFO - Processing /opt/airflow/dags/ingestion_postgres_dag.py took 0.111 seconds
[2026-03-27T11:40:02.398+0000] {processor.py:186} INFO - Started process (PID=2399) to work on /opt/airflow/dags/ingestion_postgres_dag.py
[2026-03-27T11:40:02.399+0000] {processor.py:914} INFO - Processing file /opt/airflow/dags/ingestion_postgres_dag.py for tasks to queue
[2026-03-27T11:40:02.402+0000] {logging_mixin.py:190} INFO - [2026-03-27T11:40:02.402+0000] {dagbag.py:588} INFO - Filling up the DagBag from /opt/airflow/dags/ingestion_postgres_dag.py
[2026-03-27T11:40:02.420+0000] {processor.py:925} INFO - DAG(s) 'ingestion_postgres_tmdb' retrieved from /opt/airflow/dags/ingestion_postgres_dag.py
[2026-03-27T11:40:02.460+0000] {logging_mixin.py:190} INFO - [2026-03-27T11:40:02.460+0000] {dag.py:3239} INFO - Sync 1 DAGs
[2026-03-27T11:40:02.482+0000] {logging_mixin.py:190} INFO - [2026-03-27T11:40:02.481+0000] {dag.py:4180} INFO - Setting next_dagrun for ingestion_postgres_tmdb to 2026-03-02 10:00:00+00:00, run_after=2026-04-06 10:00:00+00:00
[2026-03-27T11:40:02.504+0000] {processor.py:208} INFO - Processing /opt/airflow/dags/ingestion_postgres_dag.py took 0.112 seconds
[2026-03-27T11:40:32.602+0000] {processor.py:186} INFO - Started process (PID=2409) to work on /opt/airflow/dags/ingestion_postgres_dag.py
[2026-03-27T11:40:32.604+0000] {processor.py:914} INFO - Processing file /opt/airflow/dags/ingestion_postgres_dag.py for tasks to queue
[2026-03-27T11:40:32.606+0000] {logging_mixin.py:190} INFO - [2026-03-27T11:40:32.606+0000] {dagbag.py:588} INFO - Filling up the DagBag from /opt/airflow/dags/ingestion_postgres_dag.py
[2026-03-27T11:40:32.623+0000] {processor.py:925} INFO - DAG(s) 'ingestion_postgres_tmdb' retrieved from /opt/airflow/dags/ingestion_postgres_dag.py
[2026-03-27T11:40:32.649+0000] {logging_mixin.py:190} INFO - [2026-03-27T11:40:32.649+0000] {dag.py:3239} INFO - Sync 1 DAGs
[2026-03-27T11:40:32.667+0000] {logging_mixin.py:190} INFO - [2026-03-27T11:40:32.667+0000] {dag.py:4180} INFO - Setting next_dagrun for ingestion_postgres_tmdb to 2026-03-02 10:00:00+00:00, run_after=2026-04-06 10:00:00+00:00
[2026-03-27T11:40:32.683+0000] {processor.py:208} INFO - Processing /opt/airflow/dags/ingestion_postgres_dag.py took 0.087 seconds
[2026-03-27T11:41:02.772+0000] {processor.py:186} INFO - Started process (PID=2417) to work on /opt/airflow/dags/ingestion_postgres_dag.py
[2026-03-27T11:41:02.773+0000] {processor.py:914} INFO - Processing file /opt/airflow/dags/ingestion_postgres_dag.py for tasks to queue
[2026-03-27T11:41:02.776+0000] {logging_mixin.py:190} INFO - [2026-03-27T11:41:02.776+0000] {dagbag.py:588} INFO - Filling up the DagBag from /opt/airflow/dags/ingestion_postgres_dag.py
[2026-03-27T11:41:02.804+0000] {processor.py:925} INFO - DAG(s) 'ingestion_postgres_tmdb' retrieved from /opt/airflow/dags/ingestion_postgres_dag.py
[2026-03-27T11:41:02.831+0000] {logging_mixin.py:190} INFO - [2026-03-27T11:41:02.831+0000] {dag.py:3239} INFO - Sync 1 DAGs
[2026-03-27T11:41:02.852+0000] {logging_mixin.py:190} INFO - [2026-03-27T11:41:02.852+0000] {dag.py:4180} INFO - Setting next_dagrun for ingestion_postgres_tmdb to 2026-03-02 10:00:00+00:00, run_after=2026-04-06 10:00:00+00:00
[2026-03-27T11:41:02.872+0000] {processor.py:208} INFO - Processing /opt/airflow/dags/ingestion_postgres_dag.py took 0.113 seconds
[2026-03-27T11:41:32.995+0000] {processor.py:186} INFO - Started process (PID=2429) to work on /opt/airflow/dags/ingestion_postgres_dag.py
[2026-03-27T11:41:32.997+0000] {processor.py:914} INFO - Processing file /opt/airflow/dags/ingestion_postgres_dag.py for tasks to queue
[2026-03-27T11:41:33.000+0000] {logging_mixin.py:190} INFO - [2026-03-27T11:41:32.999+0000] {dagbag.py:588} INFO - Filling up the DagBag from /opt/airflow/dags/ingestion_postgres_dag.py
[2026-03-27T11:41:33.019+0000] {processor.py:925} INFO - DAG(s) 'ingestion_postgres_tmdb' retrieved from /opt/airflow/dags/ingestion_postgres_dag.py
[2026-03-27T11:41:33.046+0000] {logging_mixin.py:190} INFO - [2026-03-27T11:41:33.045+0000] {dag.py:3239} INFO - Sync 1 DAGs
[2026-03-27T11:41:33.064+0000] {logging_mixin.py:190} INFO - [2026-03-27T11:41:33.064+0000] {dag.py:4180} INFO - Setting next_dagrun for ingestion_postgres_tmdb to 2026-03-02 10:00:00+00:00, run_after=2026-04-06 10:00:00+00:00
[2026-03-27T11:41:33.082+0000] {processor.py:208} INFO - Processing /opt/airflow/dags/ingestion_postgres_dag.py took 0.096 seconds
[2026-03-27T11:42:03.171+0000] {processor.py:186} INFO - Started process (PID=2437) to work on /opt/airflow/dags/ingestion_postgres_dag.py
[2026-03-27T11:42:03.172+0000] {processor.py:914} INFO - Processing file /opt/airflow/dags/ingestion_postgres_dag.py for tasks to queue
[2026-03-27T11:42:03.176+0000] {logging_mixin.py:190} INFO - [2026-03-27T11:42:03.175+0000] {dagbag.py:588} INFO - Filling up the DagBag from /opt/airflow/dags/ingestion_postgres_dag.py
[2026-03-27T11:42:03.201+0000] {processor.py:925} INFO - DAG(s) 'ingestion_postgres_tmdb' retrieved from /opt/airflow/dags/ingestion_postgres_dag.py
[2026-03-27T11:42:03.229+0000] {logging_mixin.py:190} INFO - [2026-03-27T11:42:03.228+0000] {dag.py:3239} INFO - Sync 1 DAGs
[2026-03-27T11:42:03.251+0000] {logging_mixin.py:190} INFO - [2026-03-27T11:42:03.250+0000] {dag.py:4180} INFO - Setting next_dagrun for ingestion_postgres_tmdb to 2026-03-02 10:00:00+00:00, run_after=2026-04-06 10:00:00+00:00
[2026-03-27T11:42:03.273+0000] {processor.py:208} INFO - Processing /opt/airflow/dags/ingestion_postgres_dag.py took 0.110 seconds
[2026-03-27T11:42:33.366+0000] {processor.py:186} INFO - Started process (PID=2447) to work on /opt/airflow/dags/ingestion_postgres_dag.py
[2026-03-27T11:42:33.368+0000] {processor.py:914} INFO - Processing file /opt/airflow/dags/ingestion_postgres_dag.py for tasks to queue
[2026-03-27T11:42:33.373+0000] {logging_mixin.py:190} INFO - [2026-03-27T11:42:33.372+0000] {dagbag.py:588} INFO - Filling up the DagBag from /opt/airflow/dags/ingestion_postgres_dag.py
[2026-03-27T11:42:33.395+0000] {processor.py:925} INFO - DAG(s) 'ingestion_postgres_tmdb' retrieved from /opt/airflow/dags/ingestion_postgres_dag.py
[2026-03-27T11:42:33.441+0000] {logging_mixin.py:190} INFO - [2026-03-27T11:42:33.440+0000] {dag.py:3239} INFO - Sync 1 DAGs
[2026-03-27T11:42:33.465+0000] {logging_mixin.py:190} INFO - [2026-03-27T11:42:33.465+0000] {dag.py:4180} INFO - Setting next_dagrun for ingestion_postgres_tmdb to 2026-03-02 10:00:00+00:00, run_after=2026-04-06 10:00:00+00:00
[2026-03-27T11:42:33.490+0000] {processor.py:208} INFO - Processing /opt/airflow/dags/ingestion_postgres_dag.py took 0.132 seconds
[2026-03-27T11:43:03.577+0000] {processor.py:186} INFO - Started process (PID=2457) to work on /opt/airflow/dags/ingestion_postgres_dag.py
[2026-03-27T11:43:03.578+0000] {processor.py:914} INFO - Processing file /opt/airflow/dags/ingestion_postgres_dag.py for tasks to queue
[2026-03-27T11:43:03.579+0000] {logging_mixin.py:190} INFO - [2026-03-27T11:43:03.579+0000] {dagbag.py:588} INFO - Filling up the DagBag from /opt/airflow/dags/ingestion_postgres_dag.py
[2026-03-27T11:43:03.599+0000] {processor.py:925} INFO - DAG(s) 'ingestion_postgres_tmdb' retrieved from /opt/airflow/dags/ingestion_postgres_dag.py
[2026-03-27T11:43:03.629+0000] {logging_mixin.py:190} INFO - [2026-03-27T11:43:03.629+0000] {dag.py:3239} INFO - Sync 1 DAGs
[2026-03-27T11:43:03.652+0000] {logging_mixin.py:190} INFO - [2026-03-27T11:43:03.652+0000] {dag.py:4180} INFO - Setting next_dagrun for ingestion_postgres_tmdb to 2026-03-02 10:00:00+00:00, run_after=2026-04-06 10:00:00+00:00
[2026-03-27T11:43:03.671+0000] {processor.py:208} INFO - Processing /opt/airflow/dags/ingestion_postgres_dag.py took 0.098 seconds
[2026-03-27T11:43:33.756+0000] {processor.py:186} INFO - Started process (PID=2467) to work on /opt/airflow/dags/ingestion_postgres_dag.py
[2026-03-27T11:43:33.757+0000] {processor.py:914} INFO - Processing file /opt/airflow/dags/ingestion_postgres_dag.py for tasks to queue
[2026-03-27T11:43:33.762+0000] {logging_mixin.py:190} INFO - [2026-03-27T11:43:33.761+0000] {dagbag.py:588} INFO - Filling up the DagBag from /opt/airflow/dags/ingestion_postgres_dag.py
[2026-03-27T11:43:33.783+0000] {processor.py:925} INFO - DAG(s) 'ingestion_postgres_tmdb' retrieved from /opt/airflow/dags/ingestion_postgres_dag.py
[2026-03-27T11:43:33.811+0000] {logging_mixin.py:190} INFO - [2026-03-27T11:43:33.811+0000] {dag.py:3239} INFO - Sync 1 DAGs
[2026-03-27T11:43:33.831+0000] {logging_mixin.py:190} INFO - [2026-03-27T11:43:33.831+0000] {dag.py:4180} INFO - Setting next_dagrun for ingestion_postgres_tmdb to 2026-03-02 10:00:00+00:00, run_after=2026-04-06 10:00:00+00:00
[2026-03-27T11:43:33.849+0000] {processor.py:208} INFO - Processing /opt/airflow/dags/ingestion_postgres_dag.py took 0.100 seconds
[2026-03-27T11:44:03.975+0000] {processor.py:186} INFO - Started process (PID=2477) to work on /opt/airflow/dags/ingestion_postgres_dag.py
[2026-03-27T11:44:03.977+0000] {processor.py:914} INFO - Processing file /opt/airflow/dags/ingestion_postgres_dag.py for tasks to queue
[2026-03-27T11:44:03.981+0000] {logging_mixin.py:190} INFO - [2026-03-27T11:44:03.981+0000] {dagbag.py:588} INFO - Filling up the DagBag from /opt/airflow/dags/ingestion_postgres_dag.py
[2026-03-27T11:44:04.008+0000] {processor.py:925} INFO - DAG(s) 'ingestion_postgres_tmdb' retrieved from /opt/airflow/dags/ingestion_postgres_dag.py
[2026-03-27T11:44:04.044+0000] {logging_mixin.py:190} INFO - [2026-03-27T11:44:04.043+0000] {dag.py:3239} INFO - Sync 1 DAGs
[2026-03-27T11:44:04.067+0000] {logging_mixin.py:190} INFO - [2026-03-27T11:44:04.067+0000] {dag.py:4180} INFO - Setting next_dagrun for ingestion_postgres_tmdb to 2026-03-02 10:00:00+00:00, run_after=2026-04-06 10:00:00+00:00
[2026-03-27T11:44:04.095+0000] {processor.py:208} INFO - Processing /opt/airflow/dags/ingestion_postgres_dag.py took 0.129 seconds
[2026-03-27T11:44:34.195+0000] {processor.py:186} INFO - Started process (PID=2487) to work on /opt/airflow/dags/ingestion_postgres_dag.py
[2026-03-27T11:44:34.196+0000] {processor.py:914} INFO - Processing file /opt/airflow/dags/ingestion_postgres_dag.py for tasks to queue
[2026-03-27T11:44:34.198+0000] {logging_mixin.py:190} INFO - [2026-03-27T11:44:34.198+0000] {dagbag.py:588} INFO - Filling up the DagBag from /opt/airflow/dags/ingestion_postgres_dag.py
[2026-03-27T11:44:34.219+0000] {processor.py:925} INFO - DAG(s) 'ingestion_postgres_tmdb' retrieved from /opt/airflow/dags/ingestion_postgres_dag.py
[2026-03-27T11:44:34.244+0000] {logging_mixin.py:190} INFO - [2026-03-27T11:44:34.244+0000] {dag.py:3239} INFO - Sync 1 DAGs
[2026-03-27T11:44:34.263+0000] {logging_mixin.py:190} INFO - [2026-03-27T11:44:34.262+0000] {dag.py:4180} INFO - Setting next_dagrun for ingestion_postgres_tmdb to 2026-03-02 10:00:00+00:00, run_after=2026-04-06 10:00:00+00:00
[2026-03-27T11:44:34.278+0000] {processor.py:208} INFO - Processing /opt/airflow/dags/ingestion_postgres_dag.py took 0.088 seconds
[2026-03-27T11:45:04.379+0000] {processor.py:186} INFO - Started process (PID=2497) to work on /opt/airflow/dags/ingestion_postgres_dag.py
[2026-03-27T11:45:04.380+0000] {processor.py:914} INFO - Processing file /opt/airflow/dags/ingestion_postgres_dag.py for tasks to queue
[2026-03-27T11:45:04.382+0000] {logging_mixin.py:190} INFO - [2026-03-27T11:45:04.381+0000] {dagbag.py:588} INFO - Filling up the DagBag from /opt/airflow/dags/ingestion_postgres_dag.py
[2026-03-27T11:45:04.403+0000] {processor.py:925} INFO - DAG(s) 'ingestion_postgres_tmdb' retrieved from /opt/airflow/dags/ingestion_postgres_dag.py
[2026-03-27T11:45:04.428+0000] {logging_mixin.py:190} INFO - [2026-03-27T11:45:04.428+0000] {dag.py:3239} INFO - Sync 1 DAGs
[2026-03-27T11:45:04.448+0000] {logging_mixin.py:190} INFO - [2026-03-27T11:45:04.448+0000] {dag.py:4180} INFO - Setting next_dagrun for ingestion_postgres_tmdb to 2026-03-02 10:00:00+00:00, run_after=2026-04-06 10:00:00+00:00
[2026-03-27T11:45:04.468+0000] {processor.py:208} INFO - Processing /opt/airflow/dags/ingestion_postgres_dag.py took 0.095 seconds
[2026-03-27T11:45:34.591+0000] {processor.py:186} INFO - Started process (PID=2507) to work on /opt/airflow/dags/ingestion_postgres_dag.py
[2026-03-27T11:45:34.592+0000] {processor.py:914} INFO - Processing file /opt/airflow/dags/ingestion_postgres_dag.py for tasks to queue
[2026-03-27T11:45:34.595+0000] {logging_mixin.py:190} INFO - [2026-03-27T11:45:34.594+0000] {dagbag.py:588} INFO - Filling up the DagBag from /opt/airflow/dags/ingestion_postgres_dag.py
[2026-03-27T11:45:34.611+0000] {processor.py:925} INFO - DAG(s) 'ingestion_postgres_tmdb' retrieved from /opt/airflow/dags/ingestion_postgres_dag.py
[2026-03-27T11:45:34.648+0000] {logging_mixin.py:190} INFO - [2026-03-27T11:45:34.648+0000] {dag.py:3239} INFO - Sync 1 DAGs
[2026-03-27T11:45:34.673+0000] {logging_mixin.py:190} INFO - [2026-03-27T11:45:34.673+0000] {dag.py:4180} INFO - Setting next_dagrun for ingestion_postgres_tmdb to 2026-03-02 10:00:00+00:00, run_after=2026-04-06 10:00:00+00:00
[2026-03-27T11:45:34.708+0000] {processor.py:208} INFO - Processing /opt/airflow/dags/ingestion_postgres_dag.py took 0.124 seconds
[2026-03-27T11:46:04.803+0000] {processor.py:186} INFO - Started process (PID=2517) to work on /opt/airflow/dags/ingestion_postgres_dag.py
[2026-03-27T11:46:04.804+0000] {processor.py:914} INFO - Processing file /opt/airflow/dags/ingestion_postgres_dag.py for tasks to queue
[2026-03-27T11:46:04.806+0000] {logging_mixin.py:190} INFO - [2026-03-27T11:46:04.806+0000] {dagbag.py:588} INFO - Filling up the DagBag from /opt/airflow/dags/ingestion_postgres_dag.py
[2026-03-27T11:46:04.824+0000] {processor.py:925} INFO - DAG(s) 'ingestion_postgres_tmdb' retrieved from /opt/airflow/dags/ingestion_postgres_dag.py
[2026-03-27T11:46:04.851+0000] {logging_mixin.py:190} INFO - [2026-03-27T11:46:04.851+0000] {dag.py:3239} INFO - Sync 1 DAGs
[2026-03-27T11:46:04.872+0000] {logging_mixin.py:190} INFO - [2026-03-27T11:46:04.872+0000] {dag.py:4180} INFO - Setting next_dagrun for ingestion_postgres_tmdb to 2026-03-02 10:00:00+00:00, run_after=2026-04-06 10:00:00+00:00
[2026-03-27T11:46:04.889+0000] {processor.py:208} INFO - Processing /opt/airflow/dags/ingestion_postgres_dag.py took 0.091 seconds
[2026-03-27T11:46:34.975+0000] {processor.py:186} INFO - Started process (PID=2527) to work on /opt/airflow/dags/ingestion_postgres_dag.py
[2026-03-27T11:46:34.976+0000] {processor.py:914} INFO - Processing file /opt/airflow/dags/ingestion_postgres_dag.py for tasks to queue
[2026-03-27T11:46:34.979+0000] {logging_mixin.py:190} INFO - [2026-03-27T11:46:34.978+0000] {dagbag.py:588} INFO - Filling up the DagBag from /opt/airflow/dags/ingestion_postgres_dag.py
[2026-03-27T11:46:35.000+0000] {processor.py:925} INFO - DAG(s) 'ingestion_postgres_tmdb' retrieved from /opt/airflow/dags/ingestion_postgres_dag.py
[2026-03-27T11:46:35.027+0000] {logging_mixin.py:190} INFO - [2026-03-27T11:46:35.027+0000] {dag.py:3239} INFO - Sync 1 DAGs
[2026-03-27T11:46:35.058+0000] {logging_mixin.py:190} INFO - [2026-03-27T11:46:35.058+0000] {dag.py:4180} INFO - Setting next_dagrun for ingestion_postgres_tmdb to 2026-03-02 10:00:00+00:00, run_after=2026-04-06 10:00:00+00:00
[2026-03-27T11:46:35.088+0000] {processor.py:208} INFO - Processing /opt/airflow/dags/ingestion_postgres_dag.py took 0.120 seconds
[2026-03-27T11:47:05.209+0000] {processor.py:186} INFO - Started process (PID=2537) to work on /opt/airflow/dags/ingestion_postgres_dag.py
[2026-03-27T11:47:05.211+0000] {processor.py:914} INFO - Processing file /opt/airflow/dags/ingestion_postgres_dag.py for tasks to queue
[2026-03-27T11:47:05.215+0000] {logging_mixin.py:190} INFO - [2026-03-27T11:47:05.214+0000] {dagbag.py:588} INFO - Filling up the DagBag from /opt/airflow/dags/ingestion_postgres_dag.py
[2026-03-27T11:47:05.242+0000] {processor.py:925} INFO - DAG(s) 'ingestion_postgres_tmdb' retrieved from /opt/airflow/dags/ingestion_postgres_dag.py
[2026-03-27T11:47:05.287+0000] {logging_mixin.py:190} INFO - [2026-03-27T11:47:05.287+0000] {dag.py:3239} INFO - Sync 1 DAGs
[2026-03-27T11:47:05.319+0000] {logging_mixin.py:190} INFO - [2026-03-27T11:47:05.319+0000] {dag.py:4180} INFO - Setting next_dagrun for ingestion_postgres_tmdb to 2026-03-02 10:00:00+00:00, run_after=2026-04-06 10:00:00+00:00
[2026-03-27T11:47:05.345+0000] {processor.py:208} INFO - Processing /opt/airflow/dags/ingestion_postgres_dag.py took 0.151 seconds
[2026-03-27T11:47:35.469+0000] {processor.py:186} INFO - Started process (PID=2547) to work on /opt/airflow/dags/ingestion_postgres_dag.py
[2026-03-27T11:47:35.470+0000] {processor.py:914} INFO - Processing file /opt/airflow/dags/ingestion_postgres_dag.py for tasks to queue
[2026-03-27T11:47:35.472+0000] {logging_mixin.py:190} INFO - [2026-03-27T11:47:35.471+0000] {dagbag.py:588} INFO - Filling up the DagBag from /opt/airflow/dags/ingestion_postgres_dag.py
[2026-03-27T11:47:35.489+0000] {processor.py:925} INFO - DAG(s) 'ingestion_postgres_tmdb' retrieved from /opt/airflow/dags/ingestion_postgres_dag.py
[2026-03-27T11:47:35.519+0000] {logging_mixin.py:190} INFO - [2026-03-27T11:47:35.518+0000] {dag.py:3239} INFO - Sync 1 DAGs
[2026-03-27T11:47:35.542+0000] {logging_mixin.py:190} INFO - [2026-03-27T11:47:35.542+0000] {dag.py:4180} INFO - Setting next_dagrun for ingestion_postgres_tmdb to 2026-03-02 10:00:00+00:00, run_after=2026-04-06 10:00:00+00:00
[2026-03-27T11:47:35.562+0000] {processor.py:208} INFO - Processing /opt/airflow/dags/ingestion_postgres_dag.py took 0.100 seconds
[2026-03-27T11:48:05.684+0000] {processor.py:186} INFO - Started process (PID=2557) to work on /opt/airflow/dags/ingestion_postgres_dag.py
[2026-03-27T11:48:05.685+0000] {processor.py:914} INFO - Processing file /opt/airflow/dags/ingestion_postgres_dag.py for tasks to queue
[2026-03-27T11:48:05.687+0000] {logging_mixin.py:190} INFO - [2026-03-27T11:48:05.686+0000] {dagbag.py:588} INFO - Filling up the DagBag from /opt/airflow/dags/ingestion_postgres_dag.py
[2026-03-27T11:48:05.705+0000] {processor.py:925} INFO - DAG(s) 'ingestion_postgres_tmdb' retrieved from /opt/airflow/dags/ingestion_postgres_dag.py
[2026-03-27T11:48:05.732+0000] {logging_mixin.py:190} INFO - [2026-03-27T11:48:05.732+0000] {dag.py:3239} INFO - Sync 1 DAGs
[2026-03-27T11:48:05.754+0000] {logging_mixin.py:190} INFO - [2026-03-27T11:48:05.753+0000] {dag.py:4180} INFO - Setting next_dagrun for ingestion_postgres_tmdb to 2026-03-02 10:00:00+00:00, run_after=2026-04-06 10:00:00+00:00
[2026-03-27T11:48:05.772+0000] {processor.py:208} INFO - Processing /opt/airflow/dags/ingestion_postgres_dag.py took 0.094 seconds
[2026-03-27T11:48:35.848+0000] {processor.py:186} INFO - Started process (PID=2567) to work on /opt/airflow/dags/ingestion_postgres_dag.py
[2026-03-27T11:48:35.850+0000] {processor.py:914} INFO - Processing file /opt/airflow/dags/ingestion_postgres_dag.py for tasks to queue
[2026-03-27T11:48:35.852+0000] {logging_mixin.py:190} INFO - [2026-03-27T11:48:35.852+0000] {dagbag.py:588} INFO - Filling up the DagBag from /opt/airflow/dags/ingestion_postgres_dag.py
[2026-03-27T11:48:35.874+0000] {processor.py:925} INFO - DAG(s) 'ingestion_postgres_tmdb' retrieved from /opt/airflow/dags/ingestion_postgres_dag.py
[2026-03-27T11:48:35.903+0000] {logging_mixin.py:190} INFO - [2026-03-27T11:48:35.902+0000] {dag.py:3239} INFO - Sync 1 DAGs
[2026-03-27T11:48:35.926+0000] {logging_mixin.py:190} INFO - [2026-03-27T11:48:35.925+0000] {dag.py:4180} INFO - Setting next_dagrun for ingestion_postgres_tmdb to 2026-03-02 10:00:00+00:00, run_after=2026-04-06 10:00:00+00:00
[2026-03-27T11:48:35.943+0000] {processor.py:208} INFO - Processing /opt/airflow/dags/ingestion_postgres_dag.py took 0.102 seconds
[2026-03-27T11:49:06.042+0000] {processor.py:186} INFO - Started process (PID=2577) to work on /opt/airflow/dags/ingestion_postgres_dag.py
[2026-03-27T11:49:06.043+0000] {processor.py:914} INFO - Processing file /opt/airflow/dags/ingestion_postgres_dag.py for tasks to queue
[2026-03-27T11:49:06.046+0000] {logging_mixin.py:190} INFO - [2026-03-27T11:49:06.045+0000] {dagbag.py:588} INFO - Filling up the DagBag from /opt/airflow/dags/ingestion_postgres_dag.py
[2026-03-27T11:49:06.062+0000] {processor.py:925} INFO - DAG(s) 'ingestion_postgres_tmdb' retrieved from /opt/airflow/dags/ingestion_postgres_dag.py
[2026-03-27T11:49:06.088+0000] {logging_mixin.py:190} INFO - [2026-03-27T11:49:06.088+0000] {dag.py:3239} INFO - Sync 1 DAGs
[2026-03-27T11:49:06.108+0000] {logging_mixin.py:190} INFO - [2026-03-27T11:49:06.108+0000] {dag.py:4180} INFO - Setting next_dagrun for ingestion_postgres_tmdb to 2026-03-02 10:00:00+00:00, run_after=2026-04-06 10:00:00+00:00
[2026-03-27T11:49:06.127+0000] {processor.py:208} INFO - Processing /opt/airflow/dags/ingestion_postgres_dag.py took 0.091 seconds
[2026-03-27T11:49:36.228+0000] {processor.py:186} INFO - Started process (PID=2587) to work on /opt/airflow/dags/ingestion_postgres_dag.py
[2026-03-27T11:49:36.229+0000] {processor.py:914} INFO - Processing file /opt/airflow/dags/ingestion_postgres_dag.py for tasks to queue
[2026-03-27T11:49:36.231+0000] {logging_mixin.py:190} INFO - [2026-03-27T11:49:36.231+0000] {dagbag.py:588} INFO - Filling up the DagBag from /opt/airflow/dags/ingestion_postgres_dag.py
[2026-03-27T11:49:36.248+0000] {processor.py:925} INFO - DAG(s) 'ingestion_postgres_tmdb' retrieved from /opt/airflow/dags/ingestion_postgres_dag.py
[2026-03-27T11:49:36.275+0000] {logging_mixin.py:190} INFO - [2026-03-27T11:49:36.275+0000] {dag.py:3239} INFO - Sync 1 DAGs
[2026-03-27T11:49:36.295+0000] {logging_mixin.py:190} INFO - [2026-03-27T11:49:36.294+0000] {dag.py:4180} INFO - Setting next_dagrun for ingestion_postgres_tmdb to 2026-03-02 10:00:00+00:00, run_after=2026-04-06 10:00:00+00:00
[2026-03-27T11:49:36.314+0000] {processor.py:208} INFO - Processing /opt/airflow/dags/ingestion_postgres_dag.py took 0.094 seconds
[2026-03-27T11:50:06.416+0000] {processor.py:186} INFO - Started process (PID=2597) to work on /opt/airflow/dags/ingestion_postgres_dag.py
[2026-03-27T11:50:06.417+0000] {processor.py:914} INFO - Processing file /opt/airflow/dags/ingestion_postgres_dag.py for tasks to queue
[2026-03-27T11:50:06.420+0000] {logging_mixin.py:190} INFO - [2026-03-27T11:50:06.419+0000] {dagbag.py:588} INFO - Filling up the DagBag from /opt/airflow/dags/ingestion_postgres_dag.py
[2026-03-27T11:50:06.458+0000] {processor.py:925} INFO - DAG(s) 'ingestion_postgres_tmdb' retrieved from /opt/airflow/dags/ingestion_postgres_dag.py
[2026-03-27T11:50:06.499+0000] {logging_mixin.py:190} INFO - [2026-03-27T11:50:06.498+0000] {dag.py:3239} INFO - Sync 1 DAGs
[2026-03-27T11:50:06.522+0000] {logging_mixin.py:190} INFO - [2026-03-27T11:50:06.522+0000] {dag.py:4180} INFO - Setting next_dagrun for ingestion_postgres_tmdb to 2026-03-02 10:00:00+00:00, run_after=2026-04-06 10:00:00+00:00
[2026-03-27T11:50:06.544+0000] {processor.py:208} INFO - Processing /opt/airflow/dags/ingestion_postgres_dag.py took 0.134 seconds
[2026-03-27T11:50:36.658+0000] {processor.py:186} INFO - Started process (PID=2607) to work on /opt/airflow/dags/ingestion_postgres_dag.py
[2026-03-27T11:50:36.659+0000] {processor.py:914} INFO - Processing file /opt/airflow/dags/ingestion_postgres_dag.py for tasks to queue
[2026-03-27T11:50:36.661+0000] {logging_mixin.py:190} INFO - [2026-03-27T11:50:36.661+0000] {dagbag.py:588} INFO - Filling up the DagBag from /opt/airflow/dags/ingestion_postgres_dag.py
[2026-03-27T11:50:36.681+0000] {processor.py:925} INFO - DAG(s) 'ingestion_postgres_tmdb' retrieved from /opt/airflow/dags/ingestion_postgres_dag.py
[2026-03-27T11:50:36.707+0000] {logging_mixin.py:190} INFO - [2026-03-27T11:50:36.707+0000] {dag.py:3239} INFO - Sync 1 DAGs
[2026-03-27T11:50:36.728+0000] {logging_mixin.py:190} INFO - [2026-03-27T11:50:36.728+0000] {dag.py:4180} INFO - Setting next_dagrun for ingestion_postgres_tmdb to 2026-03-02 10:00:00+00:00, run_after=2026-04-06 10:00:00+00:00
[2026-03-27T11:50:36.748+0000] {processor.py:208} INFO - Processing /opt/airflow/dags/ingestion_postgres_dag.py took 0.095 seconds
[2026-03-27T11:51:06.846+0000] {processor.py:186} INFO - Started process (PID=2617) to work on /opt/airflow/dags/ingestion_postgres_dag.py
[2026-03-27T11:51:06.847+0000] {processor.py:914} INFO - Processing file /opt/airflow/dags/ingestion_postgres_dag.py for tasks to queue
[2026-03-27T11:51:06.849+0000] {logging_mixin.py:190} INFO - [2026-03-27T11:51:06.849+0000] {dagbag.py:588} INFO - Filling up the DagBag from /opt/airflow/dags/ingestion_postgres_dag.py
[2026-03-27T11:51:06.876+0000] {processor.py:925} INFO - DAG(s) 'ingestion_postgres_tmdb' retrieved from /opt/airflow/dags/ingestion_postgres_dag.py
[2026-03-27T11:51:06.905+0000] {logging_mixin.py:190} INFO - [2026-03-27T11:51:06.905+0000] {dag.py:3239} INFO - Sync 1 DAGs
[2026-03-27T11:51:06.926+0000] {logging_mixin.py:190} INFO - [2026-03-27T11:51:06.926+0000] {dag.py:4180} INFO - Setting next_dagrun for ingestion_postgres_tmdb to 2026-03-02 10:00:00+00:00, run_after=2026-04-06 10:00:00+00:00
[2026-03-27T11:51:06.947+0000] {processor.py:208} INFO - Processing /opt/airflow/dags/ingestion_postgres_dag.py took 0.108 seconds
[2026-03-27T11:51:37.040+0000] {processor.py:186} INFO - Started process (PID=2627) to work on /opt/airflow/dags/ingestion_postgres_dag.py
[2026-03-27T11:51:37.041+0000] {processor.py:914} INFO - Processing file /opt/airflow/dags/ingestion_postgres_dag.py for tasks to queue
[2026-03-27T11:51:37.043+0000] {logging_mixin.py:190} INFO - [2026-03-27T11:51:37.043+0000] {dagbag.py:588} INFO - Filling up the DagBag from /opt/airflow/dags/ingestion_postgres_dag.py
[2026-03-27T11:51:37.062+0000] {processor.py:925} INFO - DAG(s) 'ingestion_postgres_tmdb' retrieved from /opt/airflow/dags/ingestion_postgres_dag.py
[2026-03-27T11:51:37.088+0000] {logging_mixin.py:190} INFO - [2026-03-27T11:51:37.088+0000] {dag.py:3239} INFO - Sync 1 DAGs
[2026-03-27T11:51:37.113+0000] {logging_mixin.py:190} INFO - [2026-03-27T11:51:37.113+0000] {dag.py:4180} INFO - Setting next_dagrun for ingestion_postgres_tmdb to 2026-03-02 10:00:00+00:00, run_after=2026-04-06 10:00:00+00:00
[2026-03-27T11:51:37.136+0000] {processor.py:208} INFO - Processing /opt/airflow/dags/ingestion_postgres_dag.py took 0.102 seconds
[2026-03-27T11:52:07.232+0000] {processor.py:186} INFO - Started process (PID=2637) to work on /opt/airflow/dags/ingestion_postgres_dag.py
[2026-03-27T11:52:07.233+0000] {processor.py:914} INFO - Processing file /opt/airflow/dags/ingestion_postgres_dag.py for tasks to queue
[2026-03-27T11:52:07.235+0000] {logging_mixin.py:190} INFO - [2026-03-27T11:52:07.235+0000] {dagbag.py:588} INFO - Filling up the DagBag from /opt/airflow/dags/ingestion_postgres_dag.py
[2026-03-27T11:52:07.254+0000] {processor.py:925} INFO - DAG(s) 'ingestion_postgres_tmdb' retrieved from /opt/airflow/dags/ingestion_postgres_dag.py
[2026-03-27T11:52:07.281+0000] {logging_mixin.py:190} INFO - [2026-03-27T11:52:07.281+0000] {dag.py:3239} INFO - Sync 1 DAGs
[2026-03-27T11:52:07.303+0000] {logging_mixin.py:190} INFO - [2026-03-27T11:52:07.302+0000] {dag.py:4180} INFO - Setting next_dagrun for ingestion_postgres_tmdb to 2026-03-02 10:00:00+00:00, run_after=2026-04-06 10:00:00+00:00
[2026-03-27T11:52:07.320+0000] {processor.py:208} INFO - Processing /opt/airflow/dags/ingestion_postgres_dag.py took 0.094 seconds
[2026-03-27T11:52:37.457+0000] {processor.py:186} INFO - Started process (PID=2647) to work on /opt/airflow/dags/ingestion_postgres_dag.py
[2026-03-27T11:52:37.457+0000] {processor.py:914} INFO - Processing file /opt/airflow/dags/ingestion_postgres_dag.py for tasks to queue
[2026-03-27T11:52:37.460+0000] {logging_mixin.py:190} INFO - [2026-03-27T11:52:37.459+0000] {dagbag.py:588} INFO - Filling up the DagBag from /opt/airflow/dags/ingestion_postgres_dag.py
[2026-03-27T11:52:37.487+0000] {processor.py:925} INFO - DAG(s) 'ingestion_postgres_tmdb' retrieved from /opt/airflow/dags/ingestion_postgres_dag.py
[2026-03-27T11:52:37.517+0000] {logging_mixin.py:190} INFO - [2026-03-27T11:52:37.517+0000] {dag.py:3239} INFO - Sync 1 DAGs
[2026-03-27T11:52:37.541+0000] {logging_mixin.py:190} INFO - [2026-03-27T11:52:37.541+0000] {dag.py:4180} INFO - Setting next_dagrun for ingestion_postgres_tmdb to 2026-03-02 10:00:00+00:00, run_after=2026-04-06 10:00:00+00:00
[2026-03-27T11:52:37.559+0000] {processor.py:208} INFO - Processing /opt/airflow/dags/ingestion_postgres_dag.py took 0.109 seconds
[2026-03-27T11:53:07.710+0000] {processor.py:186} INFO - Started process (PID=2657) to work on /opt/airflow/dags/ingestion_postgres_dag.py
[2026-03-27T11:53:07.711+0000] {processor.py:914} INFO - Processing file /opt/airflow/dags/ingestion_postgres_dag.py for tasks to queue
[2026-03-27T11:53:07.714+0000] {logging_mixin.py:190} INFO - [2026-03-27T11:53:07.713+0000] {dagbag.py:588} INFO - Filling up the DagBag from /opt/airflow/dags/ingestion_postgres_dag.py
[2026-03-27T11:53:07.739+0000] {processor.py:925} INFO - DAG(s) 'ingestion_postgres_tmdb' retrieved from /opt/airflow/dags/ingestion_postgres_dag.py
[2026-03-27T11:53:07.769+0000] {logging_mixin.py:190} INFO - [2026-03-27T11:53:07.769+0000] {dag.py:3239} INFO - Sync 1 DAGs
[2026-03-27T11:53:07.797+0000] {logging_mixin.py:190} INFO - [2026-03-27T11:53:07.797+0000] {dag.py:4180} INFO - Setting next_dagrun for ingestion_postgres_tmdb to 2026-03-02 10:00:00+00:00, run_after=2026-04-06 10:00:00+00:00
[2026-03-27T11:53:07.816+0000] {processor.py:208} INFO - Processing /opt/airflow/dags/ingestion_postgres_dag.py took 0.115 seconds
[2026-03-27T11:53:37.928+0000] {processor.py:186} INFO - Started process (PID=2667) to work on /opt/airflow/dags/ingestion_postgres_dag.py
[2026-03-27T11:53:37.929+0000] {processor.py:914} INFO - Processing file /opt/airflow/dags/ingestion_postgres_dag.py for tasks to queue
[2026-03-27T11:53:37.931+0000] {logging_mixin.py:190} INFO - [2026-03-27T11:53:37.931+0000] {dagbag.py:588} INFO - Filling up the DagBag from /opt/airflow/dags/ingestion_postgres_dag.py
[2026-03-27T11:53:37.947+0000] {processor.py:925} INFO - DAG(s) 'ingestion_postgres_tmdb' retrieved from /opt/airflow/dags/ingestion_postgres_dag.py
[2026-03-27T11:53:37.971+0000] {logging_mixin.py:190} INFO - [2026-03-27T11:53:37.971+0000] {dag.py:3239} INFO - Sync 1 DAGs
[2026-03-27T11:53:37.991+0000] {logging_mixin.py:190} INFO - [2026-03-27T11:53:37.991+0000] {dag.py:4180} INFO - Setting next_dagrun for ingestion_postgres_tmdb to 2026-03-02 10:00:00+00:00, run_after=2026-04-06 10:00:00+00:00
[2026-03-27T11:53:38.061+0000] {processor.py:208} INFO - Processing /opt/airflow/dags/ingestion_postgres_dag.py took 0.138 seconds
[2026-03-27T11:54:08.154+0000] {processor.py:186} INFO - Started process (PID=2677) to work on /opt/airflow/dags/ingestion_postgres_dag.py
[2026-03-27T11:54:08.155+0000] {processor.py:914} INFO - Processing file /opt/airflow/dags/ingestion_postgres_dag.py for tasks to queue
[2026-03-27T11:54:08.158+0000] {logging_mixin.py:190} INFO - [2026-03-27T11:54:08.158+0000] {dagbag.py:588} INFO - Filling up the DagBag from /opt/airflow/dags/ingestion_postgres_dag.py
[2026-03-27T11:54:08.177+0000] {processor.py:925} INFO - DAG(s) 'ingestion_postgres_tmdb' retrieved from /opt/airflow/dags/ingestion_postgres_dag.py
[2026-03-27T11:54:08.207+0000] {logging_mixin.py:190} INFO - [2026-03-27T11:54:08.206+0000] {dag.py:3239} INFO - Sync 1 DAGs
[2026-03-27T11:54:08.229+0000] {logging_mixin.py:190} INFO - [2026-03-27T11:54:08.229+0000] {dag.py:4180} INFO - Setting next_dagrun for ingestion_postgres_tmdb to 2026-03-02 10:00:00+00:00, run_after=2026-04-06 10:00:00+00:00
[2026-03-27T11:54:08.250+0000] {processor.py:208} INFO - Processing /opt/airflow/dags/ingestion_postgres_dag.py took 0.103 seconds
[2026-03-27T11:54:38.348+0000] {processor.py:186} INFO - Started process (PID=2687) to work on /opt/airflow/dags/ingestion_postgres_dag.py
[2026-03-27T11:54:38.349+0000] {processor.py:914} INFO - Processing file /opt/airflow/dags/ingestion_postgres_dag.py for tasks to queue
[2026-03-27T11:54:38.351+0000] {logging_mixin.py:190} INFO - [2026-03-27T11:54:38.351+0000] {dagbag.py:588} INFO - Filling up the DagBag from /opt/airflow/dags/ingestion_postgres_dag.py
[2026-03-27T11:54:38.371+0000] {processor.py:925} INFO - DAG(s) 'ingestion_postgres_tmdb' retrieved from /opt/airflow/dags/ingestion_postgres_dag.py
[2026-03-27T11:54:38.401+0000] {logging_mixin.py:190} INFO - [2026-03-27T11:54:38.401+0000] {dag.py:3239} INFO - Sync 1 DAGs
[2026-03-27T11:54:38.426+0000] {logging_mixin.py:190} INFO - [2026-03-27T11:54:38.425+0000] {dag.py:4180} INFO - Setting next_dagrun for ingestion_postgres_tmdb to 2026-03-02 10:00:00+00:00, run_after=2026-04-06 10:00:00+00:00
[2026-03-27T11:54:38.441+0000] {processor.py:208} INFO - Processing /opt/airflow/dags/ingestion_postgres_dag.py took 0.100 seconds
[2026-03-27T11:55:08.531+0000] {processor.py:186} INFO - Started process (PID=2697) to work on /opt/airflow/dags/ingestion_postgres_dag.py
[2026-03-27T11:55:08.532+0000] {processor.py:914} INFO - Processing file /opt/airflow/dags/ingestion_postgres_dag.py for tasks to queue
[2026-03-27T11:55:08.534+0000] {logging_mixin.py:190} INFO - [2026-03-27T11:55:08.534+0000] {dagbag.py:588} INFO - Filling up the DagBag from /opt/airflow/dags/ingestion_postgres_dag.py
[2026-03-27T11:55:08.550+0000] {processor.py:925} INFO - DAG(s) 'ingestion_postgres_tmdb' retrieved from /opt/airflow/dags/ingestion_postgres_dag.py
[2026-03-27T11:55:08.576+0000] {logging_mixin.py:190} INFO - [2026-03-27T11:55:08.576+0000] {dag.py:3239} INFO - Sync 1 DAGs
[2026-03-27T11:55:08.597+0000] {logging_mixin.py:190} INFO - [2026-03-27T11:55:08.597+0000] {dag.py:4180} INFO - Setting next_dagrun for ingestion_postgres_tmdb to 2026-03-02 10:00:00+00:00, run_after=2026-04-06 10:00:00+00:00
[2026-03-27T11:55:08.615+0000] {processor.py:208} INFO - Processing /opt/airflow/dags/ingestion_postgres_dag.py took 0.093 seconds
[2026-03-27T11:55:38.701+0000] {processor.py:186} INFO - Started process (PID=2707) to work on /opt/airflow/dags/ingestion_postgres_dag.py
[2026-03-27T11:55:38.702+0000] {processor.py:914} INFO - Processing file /opt/airflow/dags/ingestion_postgres_dag.py for tasks to queue
[2026-03-27T11:55:38.704+0000] {logging_mixin.py:190} INFO - [2026-03-27T11:55:38.704+0000] {dagbag.py:588} INFO - Filling up the DagBag from /opt/airflow/dags/ingestion_postgres_dag.py
[2026-03-27T11:55:38.727+0000] {processor.py:925} INFO - DAG(s) 'ingestion_postgres_tmdb' retrieved from /opt/airflow/dags/ingestion_postgres_dag.py
[2026-03-27T11:55:38.757+0000] {logging_mixin.py:190} INFO - [2026-03-27T11:55:38.756+0000] {dag.py:3239} INFO - Sync 1 DAGs
[2026-03-27T11:55:38.778+0000] {logging_mixin.py:190} INFO - [2026-03-27T11:55:38.778+0000] {dag.py:4180} INFO - Setting next_dagrun for ingestion_postgres_tmdb to 2026-03-02 10:00:00+00:00, run_after=2026-04-06 10:00:00+00:00
[2026-03-27T11:55:38.796+0000] {processor.py:208} INFO - Processing /opt/airflow/dags/ingestion_postgres_dag.py took 0.102 seconds
[2026-03-27T11:56:09.386+0000] {processor.py:186} INFO - Started process (PID=2717) to work on /opt/airflow/dags/ingestion_postgres_dag.py
[2026-03-27T11:56:09.387+0000] {processor.py:914} INFO - Processing file /opt/airflow/dags/ingestion_postgres_dag.py for tasks to queue
[2026-03-27T11:56:09.389+0000] {logging_mixin.py:190} INFO - [2026-03-27T11:56:09.389+0000] {dagbag.py:588} INFO - Filling up the DagBag from /opt/airflow/dags/ingestion_postgres_dag.py
[2026-03-27T11:56:09.410+0000] {processor.py:925} INFO - DAG(s) 'ingestion_postgres_tmdb' retrieved from /opt/airflow/dags/ingestion_postgres_dag.py
[2026-03-27T11:56:09.436+0000] {logging_mixin.py:190} INFO - [2026-03-27T11:56:09.436+0000] {dag.py:3239} INFO - Sync 1 DAGs
[2026-03-27T11:56:09.456+0000] {logging_mixin.py:190} INFO - [2026-03-27T11:56:09.456+0000] {dag.py:4180} INFO - Setting next_dagrun for ingestion_postgres_tmdb to 2026-03-02 10:00:00+00:00, run_after=2026-04-06 10:00:00+00:00
[2026-03-27T11:56:09.541+0000] {processor.py:208} INFO - Processing /opt/airflow/dags/ingestion_postgres_dag.py took 0.161 seconds
[2026-03-27T11:56:40.196+0000] {processor.py:186} INFO - Started process (PID=2727) to work on /opt/airflow/dags/ingestion_postgres_dag.py
[2026-03-27T11:56:40.198+0000] {processor.py:914} INFO - Processing file /opt/airflow/dags/ingestion_postgres_dag.py for tasks to queue
[2026-03-27T11:56:40.201+0000] {logging_mixin.py:190} INFO - [2026-03-27T11:56:40.201+0000] {dagbag.py:588} INFO - Filling up the DagBag from /opt/airflow/dags/ingestion_postgres_dag.py
[2026-03-27T11:56:40.229+0000] {processor.py:925} INFO - DAG(s) 'ingestion_postgres_tmdb' retrieved from /opt/airflow/dags/ingestion_postgres_dag.py
[2026-03-27T11:56:40.260+0000] {logging_mixin.py:190} INFO - [2026-03-27T11:56:40.260+0000] {dag.py:3239} INFO - Sync 1 DAGs
[2026-03-27T11:56:40.283+0000] {logging_mixin.py:190} INFO - [2026-03-27T11:56:40.283+0000] {dag.py:4180} INFO - Setting next_dagrun for ingestion_postgres_tmdb to 2026-03-02 10:00:00+00:00, run_after=2026-04-06 10:00:00+00:00
[2026-03-27T11:56:40.309+0000] {processor.py:208} INFO - Processing /opt/airflow/dags/ingestion_postgres_dag.py took 0.120 seconds
[2026-03-27T11:57:10.895+0000] {processor.py:186} INFO - Started process (PID=2737) to work on /opt/airflow/dags/ingestion_postgres_dag.py
[2026-03-27T11:57:10.896+0000] {processor.py:914} INFO - Processing file /opt/airflow/dags/ingestion_postgres_dag.py for tasks to queue
[2026-03-27T11:57:10.899+0000] {logging_mixin.py:190} INFO - [2026-03-27T11:57:10.899+0000] {dagbag.py:588} INFO - Filling up the DagBag from /opt/airflow/dags/ingestion_postgres_dag.py
[2026-03-27T11:57:10.917+0000] {processor.py:925} INFO - DAG(s) 'ingestion_postgres_tmdb' retrieved from /opt/airflow/dags/ingestion_postgres_dag.py
[2026-03-27T11:57:10.943+0000] {logging_mixin.py:190} INFO - [2026-03-27T11:57:10.943+0000] {dag.py:3239} INFO - Sync 1 DAGs
[2026-03-27T11:57:10.965+0000] {logging_mixin.py:190} INFO - [2026-03-27T11:57:10.965+0000] {dag.py:4180} INFO - Setting next_dagrun for ingestion_postgres_tmdb to 2026-03-02 10:00:00+00:00, run_after=2026-04-06 10:00:00+00:00
[2026-03-27T11:57:11.007+0000] {processor.py:208} INFO - Processing /opt/airflow/dags/ingestion_postgres_dag.py took 0.119 seconds
[2026-03-27T11:57:41.575+0000] {processor.py:186} INFO - Started process (PID=2747) to work on /opt/airflow/dags/ingestion_postgres_dag.py
[2026-03-27T11:57:41.576+0000] {processor.py:914} INFO - Processing file /opt/airflow/dags/ingestion_postgres_dag.py for tasks to queue
[2026-03-27T11:57:41.578+0000] {logging_mixin.py:190} INFO - [2026-03-27T11:57:41.578+0000] {dagbag.py:588} INFO - Filling up the DagBag from /opt/airflow/dags/ingestion_postgres_dag.py
[2026-03-27T11:57:41.596+0000] {processor.py:925} INFO - DAG(s) 'ingestion_postgres_tmdb' retrieved from /opt/airflow/dags/ingestion_postgres_dag.py
[2026-03-27T11:57:41.622+0000] {logging_mixin.py:190} INFO - [2026-03-27T11:57:41.622+0000] {dag.py:3239} INFO - Sync 1 DAGs
[2026-03-27T11:57:41.643+0000] {logging_mixin.py:190} INFO - [2026-03-27T11:57:41.643+0000] {dag.py:4180} INFO - Setting next_dagrun for ingestion_postgres_tmdb to 2026-03-02 10:00:00+00:00, run_after=2026-04-06 10:00:00+00:00
[2026-03-27T11:57:41.665+0000] {processor.py:208} INFO - Processing /opt/airflow/dags/ingestion_postgres_dag.py took 0.096 seconds
[2026-03-27T11:58:12.422+0000] {processor.py:186} INFO - Started process (PID=2757) to work on /opt/airflow/dags/ingestion_postgres_dag.py
[2026-03-27T11:58:12.424+0000] {processor.py:914} INFO - Processing file /opt/airflow/dags/ingestion_postgres_dag.py for tasks to queue
[2026-03-27T11:58:12.431+0000] {logging_mixin.py:190} INFO - [2026-03-27T11:58:12.430+0000] {dagbag.py:588} INFO - Filling up the DagBag from /opt/airflow/dags/ingestion_postgres_dag.py
[2026-03-27T11:58:12.462+0000] {processor.py:925} INFO - DAG(s) 'ingestion_postgres_tmdb' retrieved from /opt/airflow/dags/ingestion_postgres_dag.py
[2026-03-27T11:58:12.493+0000] {logging_mixin.py:190} INFO - [2026-03-27T11:58:12.493+0000] {dag.py:3239} INFO - Sync 1 DAGs
[2026-03-27T11:58:12.531+0000] {logging_mixin.py:190} INFO - [2026-03-27T11:58:12.530+0000] {dag.py:4180} INFO - Setting next_dagrun for ingestion_postgres_tmdb to 2026-03-02 10:00:00+00:00, run_after=2026-04-06 10:00:00+00:00
[2026-03-27T11:58:12.570+0000] {processor.py:208} INFO - Processing /opt/airflow/dags/ingestion_postgres_dag.py took 0.166 seconds
[2026-03-27T11:58:43.278+0000] {processor.py:186} INFO - Started process (PID=2767) to work on /opt/airflow/dags/ingestion_postgres_dag.py
[2026-03-27T11:58:43.279+0000] {processor.py:914} INFO - Processing file /opt/airflow/dags/ingestion_postgres_dag.py for tasks to queue
[2026-03-27T11:58:43.281+0000] {logging_mixin.py:190} INFO - [2026-03-27T11:58:43.281+0000] {dagbag.py:588} INFO - Filling up the DagBag from /opt/airflow/dags/ingestion_postgres_dag.py
[2026-03-27T11:58:43.299+0000] {processor.py:925} INFO - DAG(s) 'ingestion_postgres_tmdb' retrieved from /opt/airflow/dags/ingestion_postgres_dag.py
[2026-03-27T11:58:43.326+0000] {logging_mixin.py:190} INFO - [2026-03-27T11:58:43.326+0000] {dag.py:3239} INFO - Sync 1 DAGs
[2026-03-27T11:58:43.349+0000] {logging_mixin.py:190} INFO - [2026-03-27T11:58:43.348+0000] {dag.py:4180} INFO - Setting next_dagrun for ingestion_postgres_tmdb to 2026-03-02 10:00:00+00:00, run_after=2026-04-06 10:00:00+00:00
[2026-03-27T11:58:43.367+0000] {processor.py:208} INFO - Processing /opt/airflow/dags/ingestion_postgres_dag.py took 0.096 seconds
[2026-03-27T11:59:13.865+0000] {processor.py:186} INFO - Started process (PID=2777) to work on /opt/airflow/dags/ingestion_postgres_dag.py
[2026-03-27T11:59:13.866+0000] {processor.py:914} INFO - Processing file /opt/airflow/dags/ingestion_postgres_dag.py for tasks to queue
[2026-03-27T11:59:13.867+0000] {logging_mixin.py:190} INFO - [2026-03-27T11:59:13.867+0000] {dagbag.py:588} INFO - Filling up the DagBag from /opt/airflow/dags/ingestion_postgres_dag.py
[2026-03-27T11:59:13.885+0000] {processor.py:925} INFO - DAG(s) 'ingestion_postgres_tmdb' retrieved from /opt/airflow/dags/ingestion_postgres_dag.py
[2026-03-27T11:59:13.910+0000] {logging_mixin.py:190} INFO - [2026-03-27T11:59:13.910+0000] {dag.py:3239} INFO - Sync 1 DAGs
[2026-03-27T11:59:13.937+0000] {logging_mixin.py:190} INFO - [2026-03-27T11:59:13.936+0000] {dag.py:4180} INFO - Setting next_dagrun for ingestion_postgres_tmdb to 2026-03-02 10:00:00+00:00, run_after=2026-04-06 10:00:00+00:00
[2026-03-27T11:59:13.957+0000] {processor.py:208} INFO - Processing /opt/airflow/dags/ingestion_postgres_dag.py took 0.099 seconds
[2026-03-27T11:59:44.635+0000] {processor.py:186} INFO - Started process (PID=2787) to work on /opt/airflow/dags/ingestion_postgres_dag.py
[2026-03-27T11:59:44.636+0000] {processor.py:914} INFO - Processing file /opt/airflow/dags/ingestion_postgres_dag.py for tasks to queue
[2026-03-27T11:59:44.638+0000] {logging_mixin.py:190} INFO - [2026-03-27T11:59:44.638+0000] {dagbag.py:588} INFO - Filling up the DagBag from /opt/airflow/dags/ingestion_postgres_dag.py
[2026-03-27T11:59:44.658+0000] {processor.py:925} INFO - DAG(s) 'ingestion_postgres_tmdb' retrieved from /opt/airflow/dags/ingestion_postgres_dag.py
[2026-03-27T11:59:44.688+0000] {logging_mixin.py:190} INFO - [2026-03-27T11:59:44.687+0000] {dag.py:3239} INFO - Sync 1 DAGs
[2026-03-27T11:59:44.714+0000] {logging_mixin.py:190} INFO - [2026-03-27T11:59:44.714+0000] {dag.py:4180} INFO - Setting next_dagrun for ingestion_postgres_tmdb to 2026-03-02 10:00:00+00:00, run_after=2026-04-06 10:00:00+00:00
[2026-03-27T11:59:44.735+0000] {processor.py:208} INFO - Processing /opt/airflow/dags/ingestion_postgres_dag.py took 0.107 seconds
[2026-03-27T12:00:15.207+0000] {processor.py:186} INFO - Started process (PID=2797) to work on /opt/airflow/dags/ingestion_postgres_dag.py
[2026-03-27T12:00:15.208+0000] {processor.py:914} INFO - Processing file /opt/airflow/dags/ingestion_postgres_dag.py for tasks to queue
[2026-03-27T12:00:15.212+0000] {logging_mixin.py:190} INFO - [2026-03-27T12:00:15.211+0000] {dagbag.py:588} INFO - Filling up the DagBag from /opt/airflow/dags/ingestion_postgres_dag.py
[2026-03-27T12:00:15.233+0000] {processor.py:925} INFO - DAG(s) 'ingestion_postgres_tmdb' retrieved from /opt/airflow/dags/ingestion_postgres_dag.py
[2026-03-27T12:00:15.261+0000] {logging_mixin.py:190} INFO - [2026-03-27T12:00:15.260+0000] {dag.py:3239} INFO - Sync 1 DAGs
[2026-03-27T12:00:15.283+0000] {logging_mixin.py:190} INFO - [2026-03-27T12:00:15.283+0000] {dag.py:4180} INFO - Setting next_dagrun for ingestion_postgres_tmdb to 2026-03-02 10:00:00+00:00, run_after=2026-04-06 10:00:00+00:00
[2026-03-27T12:00:15.302+0000] {processor.py:208} INFO - Processing /opt/airflow/dags/ingestion_postgres_dag.py took 0.102 seconds
[2026-03-27T12:00:45.901+0000] {processor.py:186} INFO - Started process (PID=2807) to work on /opt/airflow/dags/ingestion_postgres_dag.py
[2026-03-27T12:00:45.902+0000] {processor.py:914} INFO - Processing file /opt/airflow/dags/ingestion_postgres_dag.py for tasks to queue
[2026-03-27T12:00:45.905+0000] {logging_mixin.py:190} INFO - [2026-03-27T12:00:45.905+0000] {dagbag.py:588} INFO - Filling up the DagBag from /opt/airflow/dags/ingestion_postgres_dag.py
[2026-03-27T12:00:45.937+0000] {processor.py:925} INFO - DAG(s) 'ingestion_postgres_tmdb' retrieved from /opt/airflow/dags/ingestion_postgres_dag.py
[2026-03-27T12:00:45.970+0000] {logging_mixin.py:190} INFO - [2026-03-27T12:00:45.970+0000] {dag.py:3239} INFO - Sync 1 DAGs
[2026-03-27T12:00:45.993+0000] {logging_mixin.py:190} INFO - [2026-03-27T12:00:45.993+0000] {dag.py:4180} INFO - Setting next_dagrun for ingestion_postgres_tmdb to 2026-03-02 10:00:00+00:00, run_after=2026-04-06 10:00:00+00:00
[2026-03-27T12:00:46.013+0000] {processor.py:208} INFO - Processing /opt/airflow/dags/ingestion_postgres_dag.py took 0.120 seconds
[2026-03-27T12:01:16.752+0000] {processor.py:186} INFO - Started process (PID=2817) to work on /opt/airflow/dags/ingestion_postgres_dag.py
[2026-03-27T12:01:16.754+0000] {processor.py:914} INFO - Processing file /opt/airflow/dags/ingestion_postgres_dag.py for tasks to queue
[2026-03-27T12:01:16.757+0000] {logging_mixin.py:190} INFO - [2026-03-27T12:01:16.757+0000] {dagbag.py:588} INFO - Filling up the DagBag from /opt/airflow/dags/ingestion_postgres_dag.py
[2026-03-27T12:01:16.779+0000] {processor.py:925} INFO - DAG(s) 'ingestion_postgres_tmdb' retrieved from /opt/airflow/dags/ingestion_postgres_dag.py
[2026-03-27T12:01:16.816+0000] {logging_mixin.py:190} INFO - [2026-03-27T12:01:16.815+0000] {dag.py:3239} INFO - Sync 1 DAGs
[2026-03-27T12:01:16.844+0000] {logging_mixin.py:190} INFO - [2026-03-27T12:01:16.844+0000] {dag.py:4180} INFO - Setting next_dagrun for ingestion_postgres_tmdb to 2026-03-02 10:00:00+00:00, run_after=2026-04-06 10:00:00+00:00
[2026-03-27T12:01:16.873+0000] {processor.py:208} INFO - Processing /opt/airflow/dags/ingestion_postgres_dag.py took 0.131 seconds
[2026-03-27T12:01:47.359+0000] {processor.py:186} INFO - Started process (PID=2827) to work on /opt/airflow/dags/ingestion_postgres_dag.py
[2026-03-27T12:01:47.362+0000] {processor.py:914} INFO - Processing file /opt/airflow/dags/ingestion_postgres_dag.py for tasks to queue
[2026-03-27T12:01:47.364+0000] {logging_mixin.py:190} INFO - [2026-03-27T12:01:47.364+0000] {dagbag.py:588} INFO - Filling up the DagBag from /opt/airflow/dags/ingestion_postgres_dag.py
[2026-03-27T12:01:47.395+0000] {processor.py:925} INFO - DAG(s) 'ingestion_postgres_tmdb' retrieved from /opt/airflow/dags/ingestion_postgres_dag.py
[2026-03-27T12:01:47.453+0000] {logging_mixin.py:190} INFO - [2026-03-27T12:01:47.453+0000] {dag.py:3239} INFO - Sync 1 DAGs
[2026-03-27T12:01:47.476+0000] {logging_mixin.py:190} INFO - [2026-03-27T12:01:47.475+0000] {dag.py:4180} INFO - Setting next_dagrun for ingestion_postgres_tmdb to 2026-03-02 10:00:00+00:00, run_after=2026-04-06 10:00:00+00:00
[2026-03-27T12:01:47.497+0000] {processor.py:208} INFO - Processing /opt/airflow/dags/ingestion_postgres_dag.py took 0.147 seconds
[2026-03-27T12:02:18.080+0000] {processor.py:186} INFO - Started process (PID=2837) to work on /opt/airflow/dags/ingestion_postgres_dag.py
[2026-03-27T12:02:18.081+0000] {processor.py:914} INFO - Processing file /opt/airflow/dags/ingestion_postgres_dag.py for tasks to queue
[2026-03-27T12:02:18.084+0000] {logging_mixin.py:190} INFO - [2026-03-27T12:02:18.083+0000] {dagbag.py:588} INFO - Filling up the DagBag from /opt/airflow/dags/ingestion_postgres_dag.py
[2026-03-27T12:02:18.102+0000] {processor.py:925} INFO - DAG(s) 'ingestion_postgres_tmdb' retrieved from /opt/airflow/dags/ingestion_postgres_dag.py
[2026-03-27T12:02:18.127+0000] {logging_mixin.py:190} INFO - [2026-03-27T12:02:18.127+0000] {dag.py:3239} INFO - Sync 1 DAGs
[2026-03-27T12:02:18.147+0000] {logging_mixin.py:190} INFO - [2026-03-27T12:02:18.147+0000] {dag.py:4180} INFO - Setting next_dagrun for ingestion_postgres_tmdb to 2026-03-02 10:00:00+00:00, run_after=2026-04-06 10:00:00+00:00
[2026-03-27T12:02:18.167+0000] {processor.py:208} INFO - Processing /opt/airflow/dags/ingestion_postgres_dag.py took 0.097 seconds
[2026-03-27T12:02:48.258+0000] {processor.py:186} INFO - Started process (PID=2847) to work on /opt/airflow/dags/ingestion_postgres_dag.py
[2026-03-27T12:02:48.262+0000] {processor.py:914} INFO - Processing file /opt/airflow/dags/ingestion_postgres_dag.py for tasks to queue
[2026-03-27T12:02:48.271+0000] {logging_mixin.py:190} INFO - [2026-03-27T12:02:48.271+0000] {dagbag.py:588} INFO - Filling up the DagBag from /opt/airflow/dags/ingestion_postgres_dag.py
[2026-03-27T12:02:48.306+0000] {processor.py:925} INFO - DAG(s) 'ingestion_postgres_tmdb' retrieved from /opt/airflow/dags/ingestion_postgres_dag.py
[2026-03-27T12:02:48.335+0000] {logging_mixin.py:190} INFO - [2026-03-27T12:02:48.335+0000] {dag.py:3239} INFO - Sync 1 DAGs
[2026-03-27T12:02:48.361+0000] {logging_mixin.py:190} INFO - [2026-03-27T12:02:48.361+0000] {dag.py:4180} INFO - Setting next_dagrun for ingestion_postgres_tmdb to 2026-03-02 10:00:00+00:00, run_after=2026-04-06 10:00:00+00:00
[2026-03-27T12:02:48.383+0000] {processor.py:208} INFO - Processing /opt/airflow/dags/ingestion_postgres_dag.py took 0.146 seconds
[2026-03-27T12:03:18.954+0000] {processor.py:186} INFO - Started process (PID=2857) to work on /opt/airflow/dags/ingestion_postgres_dag.py
[2026-03-27T12:03:18.955+0000] {processor.py:914} INFO - Processing file /opt/airflow/dags/ingestion_postgres_dag.py for tasks to queue
[2026-03-27T12:03:18.957+0000] {logging_mixin.py:190} INFO - [2026-03-27T12:03:18.957+0000] {dagbag.py:588} INFO - Filling up the DagBag from /opt/airflow/dags/ingestion_postgres_dag.py
[2026-03-27T12:03:18.978+0000] {processor.py:925} INFO - DAG(s) 'ingestion_postgres_tmdb' retrieved from /opt/airflow/dags/ingestion_postgres_dag.py
[2026-03-27T12:03:19.004+0000] {logging_mixin.py:190} INFO - [2026-03-27T12:03:19.004+0000] {dag.py:3239} INFO - Sync 1 DAGs
[2026-03-27T12:03:19.026+0000] {logging_mixin.py:190} INFO - [2026-03-27T12:03:19.025+0000] {dag.py:4180} INFO - Setting next_dagrun for ingestion_postgres_tmdb to 2026-03-02 10:00:00+00:00, run_after=2026-04-06 10:00:00+00:00
[2026-03-27T12:03:19.050+0000] {processor.py:208} INFO - Processing /opt/airflow/dags/ingestion_postgres_dag.py took 0.102 seconds
[2026-03-27T12:03:49.687+0000] {processor.py:186} INFO - Started process (PID=2867) to work on /opt/airflow/dags/ingestion_postgres_dag.py
[2026-03-27T12:03:49.688+0000] {processor.py:914} INFO - Processing file /opt/airflow/dags/ingestion_postgres_dag.py for tasks to queue
[2026-03-27T12:03:49.691+0000] {logging_mixin.py:190} INFO - [2026-03-27T12:03:49.690+0000] {dagbag.py:588} INFO - Filling up the DagBag from /opt/airflow/dags/ingestion_postgres_dag.py
[2026-03-27T12:03:49.709+0000] {processor.py:925} INFO - DAG(s) 'ingestion_postgres_tmdb' retrieved from /opt/airflow/dags/ingestion_postgres_dag.py
[2026-03-27T12:03:49.737+0000] {logging_mixin.py:190} INFO - [2026-03-27T12:03:49.737+0000] {dag.py:3239} INFO - Sync 1 DAGs
[2026-03-27T12:03:49.762+0000] {logging_mixin.py:190} INFO - [2026-03-27T12:03:49.762+0000] {dag.py:4180} INFO - Setting next_dagrun for ingestion_postgres_tmdb to 2026-03-02 10:00:00+00:00, run_after=2026-04-06 10:00:00+00:00
[2026-03-27T12:03:49.780+0000] {processor.py:208} INFO - Processing /opt/airflow/dags/ingestion_postgres_dag.py took 0.099 seconds
[2026-03-27T12:04:20.311+0000] {processor.py:186} INFO - Started process (PID=2877) to work on /opt/airflow/dags/ingestion_postgres_dag.py
[2026-03-27T12:04:20.315+0000] {processor.py:914} INFO - Processing file /opt/airflow/dags/ingestion_postgres_dag.py for tasks to queue
[2026-03-27T12:04:20.320+0000] {logging_mixin.py:190} INFO - [2026-03-27T12:04:20.320+0000] {dagbag.py:588} INFO - Filling up the DagBag from /opt/airflow/dags/ingestion_postgres_dag.py
[2026-03-27T12:04:20.351+0000] {processor.py:925} INFO - DAG(s) 'ingestion_postgres_tmdb' retrieved from /opt/airflow/dags/ingestion_postgres_dag.py
[2026-03-27T12:04:20.383+0000] {logging_mixin.py:190} INFO - [2026-03-27T12:04:20.383+0000] {dag.py:3239} INFO - Sync 1 DAGs
[2026-03-27T12:04:20.408+0000] {logging_mixin.py:190} INFO - [2026-03-27T12:04:20.407+0000] {dag.py:4180} INFO - Setting next_dagrun for ingestion_postgres_tmdb to 2026-03-02 10:00:00+00:00, run_after=2026-04-06 10:00:00+00:00
[2026-03-27T12:04:20.431+0000] {processor.py:208} INFO - Processing /opt/airflow/dags/ingestion_postgres_dag.py took 0.127 seconds
[2026-03-27T12:04:50.976+0000] {processor.py:186} INFO - Started process (PID=2887) to work on /opt/airflow/dags/ingestion_postgres_dag.py
[2026-03-27T12:04:50.977+0000] {processor.py:914} INFO - Processing file /opt/airflow/dags/ingestion_postgres_dag.py for tasks to queue
[2026-03-27T12:04:50.979+0000] {logging_mixin.py:190} INFO - [2026-03-27T12:04:50.979+0000] {dagbag.py:588} INFO - Filling up the DagBag from /opt/airflow/dags/ingestion_postgres_dag.py
[2026-03-27T12:04:51.003+0000] {processor.py:925} INFO - DAG(s) 'ingestion_postgres_tmdb' retrieved from /opt/airflow/dags/ingestion_postgres_dag.py
[2026-03-27T12:04:51.029+0000] {logging_mixin.py:190} INFO - [2026-03-27T12:04:51.029+0000] {dag.py:3239} INFO - Sync 1 DAGs
[2026-03-27T12:04:51.051+0000] {logging_mixin.py:190} INFO - [2026-03-27T12:04:51.051+0000] {dag.py:4180} INFO - Setting next_dagrun for ingestion_postgres_tmdb to 2026-03-02 10:00:00+00:00, run_after=2026-04-06 10:00:00+00:00
[2026-03-27T12:04:51.071+0000] {processor.py:208} INFO - Processing /opt/airflow/dags/ingestion_postgres_dag.py took 0.102 seconds
[2026-03-27T12:05:21.634+0000] {processor.py:186} INFO - Started process (PID=2897) to work on /opt/airflow/dags/ingestion_postgres_dag.py
[2026-03-27T12:05:21.634+0000] {processor.py:914} INFO - Processing file /opt/airflow/dags/ingestion_postgres_dag.py for tasks to queue
[2026-03-27T12:05:21.637+0000] {logging_mixin.py:190} INFO - [2026-03-27T12:05:21.636+0000] {dagbag.py:588} INFO - Filling up the DagBag from /opt/airflow/dags/ingestion_postgres_dag.py
[2026-03-27T12:05:21.656+0000] {processor.py:925} INFO - DAG(s) 'ingestion_postgres_tmdb' retrieved from /opt/airflow/dags/ingestion_postgres_dag.py
[2026-03-27T12:05:21.682+0000] {logging_mixin.py:190} INFO - [2026-03-27T12:05:21.682+0000] {dag.py:3239} INFO - Sync 1 DAGs
[2026-03-27T12:05:21.702+0000] {logging_mixin.py:190} INFO - [2026-03-27T12:05:21.702+0000] {dag.py:4180} INFO - Setting next_dagrun for ingestion_postgres_tmdb to 2026-03-02 10:00:00+00:00, run_after=2026-04-06 10:00:00+00:00
[2026-03-27T12:05:21.723+0000] {processor.py:208} INFO - Processing /opt/airflow/dags/ingestion_postgres_dag.py took 0.095 seconds
[2026-03-27T12:05:52.365+0000] {processor.py:186} INFO - Started process (PID=2907) to work on /opt/airflow/dags/ingestion_postgres_dag.py
[2026-03-27T12:05:52.367+0000] {processor.py:914} INFO - Processing file /opt/airflow/dags/ingestion_postgres_dag.py for tasks to queue
[2026-03-27T12:05:52.369+0000] {logging_mixin.py:190} INFO - [2026-03-27T12:05:52.369+0000] {dagbag.py:588} INFO - Filling up the DagBag from /opt/airflow/dags/ingestion_postgres_dag.py
[2026-03-27T12:05:52.387+0000] {processor.py:925} INFO - DAG(s) 'ingestion_postgres_tmdb' retrieved from /opt/airflow/dags/ingestion_postgres_dag.py
[2026-03-27T12:05:52.414+0000] {logging_mixin.py:190} INFO - [2026-03-27T12:05:52.414+0000] {dag.py:3239} INFO - Sync 1 DAGs
[2026-03-27T12:05:52.435+0000] {logging_mixin.py:190} INFO - [2026-03-27T12:05:52.435+0000] {dag.py:4180} INFO - Setting next_dagrun for ingestion_postgres_tmdb to 2026-03-02 10:00:00+00:00, run_after=2026-04-06 10:00:00+00:00
[2026-03-27T12:05:52.453+0000] {processor.py:208} INFO - Processing /opt/airflow/dags/ingestion_postgres_dag.py took 0.096 seconds
[2026-03-27T12:06:23.038+0000] {processor.py:186} INFO - Started process (PID=2917) to work on /opt/airflow/dags/ingestion_postgres_dag.py
[2026-03-27T12:06:23.039+0000] {processor.py:914} INFO - Processing file /opt/airflow/dags/ingestion_postgres_dag.py for tasks to queue
[2026-03-27T12:06:23.041+0000] {logging_mixin.py:190} INFO - [2026-03-27T12:06:23.041+0000] {dagbag.py:588} INFO - Filling up the DagBag from /opt/airflow/dags/ingestion_postgres_dag.py
[2026-03-27T12:06:23.062+0000] {processor.py:925} INFO - DAG(s) 'ingestion_postgres_tmdb' retrieved from /opt/airflow/dags/ingestion_postgres_dag.py
[2026-03-27T12:06:23.089+0000] {logging_mixin.py:190} INFO - [2026-03-27T12:06:23.088+0000] {dag.py:3239} INFO - Sync 1 DAGs
[2026-03-27T12:06:23.113+0000] {logging_mixin.py:190} INFO - [2026-03-27T12:06:23.113+0000] {dag.py:4180} INFO - Setting next_dagrun for ingestion_postgres_tmdb to 2026-03-02 10:00:00+00:00, run_after=2026-04-06 10:00:00+00:00
[2026-03-27T12:06:23.133+0000] {processor.py:208} INFO - Processing /opt/airflow/dags/ingestion_postgres_dag.py took 0.101 seconds
[2026-03-27T12:06:53.758+0000] {processor.py:186} INFO - Started process (PID=2927) to work on /opt/airflow/dags/ingestion_postgres_dag.py
[2026-03-27T12:06:53.759+0000] {processor.py:914} INFO - Processing file /opt/airflow/dags/ingestion_postgres_dag.py for tasks to queue
[2026-03-27T12:06:53.761+0000] {logging_mixin.py:190} INFO - [2026-03-27T12:06:53.761+0000] {dagbag.py:588} INFO - Filling up the DagBag from /opt/airflow/dags/ingestion_postgres_dag.py
[2026-03-27T12:06:53.777+0000] {processor.py:925} INFO - DAG(s) 'ingestion_postgres_tmdb' retrieved from /opt/airflow/dags/ingestion_postgres_dag.py
[2026-03-27T12:06:53.801+0000] {logging_mixin.py:190} INFO - [2026-03-27T12:06:53.801+0000] {dag.py:3239} INFO - Sync 1 DAGs
[2026-03-27T12:06:53.821+0000] {logging_mixin.py:190} INFO - [2026-03-27T12:06:53.820+0000] {dag.py:4180} INFO - Setting next_dagrun for ingestion_postgres_tmdb to 2026-03-02 10:00:00+00:00, run_after=2026-04-06 10:00:00+00:00
[2026-03-27T12:06:53.839+0000] {processor.py:208} INFO - Processing /opt/airflow/dags/ingestion_postgres_dag.py took 0.087 seconds
[2026-03-27T12:07:24.311+0000] {processor.py:186} INFO - Started process (PID=2937) to work on /opt/airflow/dags/ingestion_postgres_dag.py
[2026-03-27T12:07:24.312+0000] {processor.py:914} INFO - Processing file /opt/airflow/dags/ingestion_postgres_dag.py for tasks to queue
[2026-03-27T12:07:24.314+0000] {logging_mixin.py:190} INFO - [2026-03-27T12:07:24.314+0000] {dagbag.py:588} INFO - Filling up the DagBag from /opt/airflow/dags/ingestion_postgres_dag.py
[2026-03-27T12:07:24.332+0000] {processor.py:925} INFO - DAG(s) 'ingestion_postgres_tmdb' retrieved from /opt/airflow/dags/ingestion_postgres_dag.py
[2026-03-27T12:07:24.360+0000] {logging_mixin.py:190} INFO - [2026-03-27T12:07:24.359+0000] {dag.py:3239} INFO - Sync 1 DAGs
[2026-03-27T12:07:24.379+0000] {logging_mixin.py:190} INFO - [2026-03-27T12:07:24.379+0000] {dag.py:4180} INFO - Setting next_dagrun for ingestion_postgres_tmdb to 2026-03-02 10:00:00+00:00, run_after=2026-04-06 10:00:00+00:00
[2026-03-27T12:07:24.468+0000] {processor.py:208} INFO - Processing /opt/airflow/dags/ingestion_postgres_dag.py took 0.165 seconds
[2026-03-27T12:07:54.983+0000] {processor.py:186} INFO - Started process (PID=2947) to work on /opt/airflow/dags/ingestion_postgres_dag.py
[2026-03-27T12:07:54.985+0000] {processor.py:914} INFO - Processing file /opt/airflow/dags/ingestion_postgres_dag.py for tasks to queue
[2026-03-27T12:07:54.988+0000] {logging_mixin.py:190} INFO - [2026-03-27T12:07:54.988+0000] {dagbag.py:588} INFO - Filling up the DagBag from /opt/airflow/dags/ingestion_postgres_dag.py
[2026-03-27T12:07:55.006+0000] {processor.py:925} INFO - DAG(s) 'ingestion_postgres_tmdb' retrieved from /opt/airflow/dags/ingestion_postgres_dag.py
[2026-03-27T12:07:55.032+0000] {logging_mixin.py:190} INFO - [2026-03-27T12:07:55.032+0000] {dag.py:3239} INFO - Sync 1 DAGs
[2026-03-27T12:07:55.052+0000] {logging_mixin.py:190} INFO - [2026-03-27T12:07:55.052+0000] {dag.py:4180} INFO - Setting next_dagrun for ingestion_postgres_tmdb to 2026-03-02 10:00:00+00:00, run_after=2026-04-06 10:00:00+00:00
[2026-03-27T12:07:55.070+0000] {processor.py:208} INFO - Processing /opt/airflow/dags/ingestion_postgres_dag.py took 0.093 seconds
[2026-03-27T12:08:25.600+0000] {processor.py:186} INFO - Started process (PID=2957) to work on /opt/airflow/dags/ingestion_postgres_dag.py
[2026-03-27T12:08:25.601+0000] {processor.py:914} INFO - Processing file /opt/airflow/dags/ingestion_postgres_dag.py for tasks to queue
[2026-03-27T12:08:25.603+0000] {logging_mixin.py:190} INFO - [2026-03-27T12:08:25.603+0000] {dagbag.py:588} INFO - Filling up the DagBag from /opt/airflow/dags/ingestion_postgres_dag.py
[2026-03-27T12:08:25.624+0000] {processor.py:925} INFO - DAG(s) 'ingestion_postgres_tmdb' retrieved from /opt/airflow/dags/ingestion_postgres_dag.py
[2026-03-27T12:08:25.653+0000] {logging_mixin.py:190} INFO - [2026-03-27T12:08:25.652+0000] {dag.py:3239} INFO - Sync 1 DAGs
[2026-03-27T12:08:25.676+0000] {logging_mixin.py:190} INFO - [2026-03-27T12:08:25.676+0000] {dag.py:4180} INFO - Setting next_dagrun for ingestion_postgres_tmdb to 2026-03-02 10:00:00+00:00, run_after=2026-04-06 10:00:00+00:00
[2026-03-27T12:08:25.696+0000] {processor.py:208} INFO - Processing /opt/airflow/dags/ingestion_postgres_dag.py took 0.103 seconds
[2026-03-27T12:08:56.201+0000] {processor.py:186} INFO - Started process (PID=2967) to work on /opt/airflow/dags/ingestion_postgres_dag.py
[2026-03-27T12:08:56.202+0000] {processor.py:914} INFO - Processing file /opt/airflow/dags/ingestion_postgres_dag.py for tasks to queue
[2026-03-27T12:08:56.204+0000] {logging_mixin.py:190} INFO - [2026-03-27T12:08:56.204+0000] {dagbag.py:588} INFO - Filling up the DagBag from /opt/airflow/dags/ingestion_postgres_dag.py
[2026-03-27T12:08:56.223+0000] {processor.py:925} INFO - DAG(s) 'ingestion_postgres_tmdb' retrieved from /opt/airflow/dags/ingestion_postgres_dag.py
[2026-03-27T12:08:56.250+0000] {logging_mixin.py:190} INFO - [2026-03-27T12:08:56.250+0000] {dag.py:3239} INFO - Sync 1 DAGs
[2026-03-27T12:08:56.273+0000] {logging_mixin.py:190} INFO - [2026-03-27T12:08:56.273+0000] {dag.py:4180} INFO - Setting next_dagrun for ingestion_postgres_tmdb to 2026-03-02 10:00:00+00:00, run_after=2026-04-06 10:00:00+00:00
[2026-03-27T12:08:56.295+0000] {processor.py:208} INFO - Processing /opt/airflow/dags/ingestion_postgres_dag.py took 0.101 seconds
[2026-03-27T12:09:26.808+0000] {processor.py:186} INFO - Started process (PID=2977) to work on /opt/airflow/dags/ingestion_postgres_dag.py
[2026-03-27T12:09:26.809+0000] {processor.py:914} INFO - Processing file /opt/airflow/dags/ingestion_postgres_dag.py for tasks to queue
[2026-03-27T12:09:26.814+0000] {logging_mixin.py:190} INFO - [2026-03-27T12:09:26.813+0000] {dagbag.py:588} INFO - Filling up the DagBag from /opt/airflow/dags/ingestion_postgres_dag.py
[2026-03-27T12:09:26.834+0000] {processor.py:925} INFO - DAG(s) 'ingestion_postgres_tmdb' retrieved from /opt/airflow/dags/ingestion_postgres_dag.py
[2026-03-27T12:09:26.863+0000] {logging_mixin.py:190} INFO - [2026-03-27T12:09:26.862+0000] {dag.py:3239} INFO - Sync 1 DAGs
[2026-03-27T12:09:26.890+0000] {logging_mixin.py:190} INFO - [2026-03-27T12:09:26.889+0000] {dag.py:4180} INFO - Setting next_dagrun for ingestion_postgres_tmdb to 2026-03-02 10:00:00+00:00, run_after=2026-04-06 10:00:00+00:00
[2026-03-27T12:09:26.915+0000] {processor.py:208} INFO - Processing /opt/airflow/dags/ingestion_postgres_dag.py took 0.115 seconds
[2026-03-27T12:09:57.514+0000] {processor.py:186} INFO - Started process (PID=2987) to work on /opt/airflow/dags/ingestion_postgres_dag.py
[2026-03-27T12:09:57.515+0000] {processor.py:914} INFO - Processing file /opt/airflow/dags/ingestion_postgres_dag.py for tasks to queue
[2026-03-27T12:09:57.519+0000] {logging_mixin.py:190} INFO - [2026-03-27T12:09:57.518+0000] {dagbag.py:588} INFO - Filling up the DagBag from /opt/airflow/dags/ingestion_postgres_dag.py
[2026-03-27T12:09:57.549+0000] {processor.py:925} INFO - DAG(s) 'ingestion_postgres_tmdb' retrieved from /opt/airflow/dags/ingestion_postgres_dag.py
[2026-03-27T12:09:57.589+0000] {logging_mixin.py:190} INFO - [2026-03-27T12:09:57.589+0000] {dag.py:3239} INFO - Sync 1 DAGs
[2026-03-27T12:09:57.622+0000] {logging_mixin.py:190} INFO - [2026-03-27T12:09:57.622+0000] {dag.py:4180} INFO - Setting next_dagrun for ingestion_postgres_tmdb to 2026-03-02 10:00:00+00:00, run_after=2026-04-06 10:00:00+00:00
[2026-03-27T12:09:57.651+0000] {processor.py:208} INFO - Processing /opt/airflow/dags/ingestion_postgres_dag.py took 0.146 seconds
[2026-03-27T12:10:28.258+0000] {processor.py:186} INFO - Started process (PID=2997) to work on /opt/airflow/dags/ingestion_postgres_dag.py
[2026-03-27T12:10:28.259+0000] {processor.py:914} INFO - Processing file /opt/airflow/dags/ingestion_postgres_dag.py for tasks to queue
[2026-03-27T12:10:28.261+0000] {logging_mixin.py:190} INFO - [2026-03-27T12:10:28.261+0000] {dagbag.py:588} INFO - Filling up the DagBag from /opt/airflow/dags/ingestion_postgres_dag.py
[2026-03-27T12:10:28.282+0000] {processor.py:925} INFO - DAG(s) 'ingestion_postgres_tmdb' retrieved from /opt/airflow/dags/ingestion_postgres_dag.py
[2026-03-27T12:10:28.311+0000] {logging_mixin.py:190} INFO - [2026-03-27T12:10:28.311+0000] {dag.py:3239} INFO - Sync 1 DAGs
[2026-03-27T12:10:28.334+0000] {logging_mixin.py:190} INFO - [2026-03-27T12:10:28.334+0000] {dag.py:4180} INFO - Setting next_dagrun for ingestion_postgres_tmdb to 2026-03-02 10:00:00+00:00, run_after=2026-04-06 10:00:00+00:00
[2026-03-27T12:10:28.356+0000] {processor.py:208} INFO - Processing /opt/airflow/dags/ingestion_postgres_dag.py took 0.109 seconds
[2026-03-27T12:10:58.967+0000] {processor.py:186} INFO - Started process (PID=3007) to work on /opt/airflow/dags/ingestion_postgres_dag.py
[2026-03-27T12:10:58.968+0000] {processor.py:914} INFO - Processing file /opt/airflow/dags/ingestion_postgres_dag.py for tasks to queue
[2026-03-27T12:10:58.971+0000] {logging_mixin.py:190} INFO - [2026-03-27T12:10:58.970+0000] {dagbag.py:588} INFO - Filling up the DagBag from /opt/airflow/dags/ingestion_postgres_dag.py
[2026-03-27T12:10:58.987+0000] {processor.py:925} INFO - DAG(s) 'ingestion_postgres_tmdb' retrieved from /opt/airflow/dags/ingestion_postgres_dag.py
[2026-03-27T12:10:59.016+0000] {logging_mixin.py:190} INFO - [2026-03-27T12:10:59.016+0000] {dag.py:3239} INFO - Sync 1 DAGs
[2026-03-27T12:10:59.037+0000] {logging_mixin.py:190} INFO - [2026-03-27T12:10:59.036+0000] {dag.py:4180} INFO - Setting next_dagrun for ingestion_postgres_tmdb to 2026-03-02 10:00:00+00:00, run_after=2026-04-06 10:00:00+00:00
[2026-03-27T12:10:59.054+0000] {processor.py:208} INFO - Processing /opt/airflow/dags/ingestion_postgres_dag.py took 0.093 seconds
[2026-03-27T12:11:29.658+0000] {processor.py:186} INFO - Started process (PID=3017) to work on /opt/airflow/dags/ingestion_postgres_dag.py
[2026-03-27T12:11:29.659+0000] {processor.py:914} INFO - Processing file /opt/airflow/dags/ingestion_postgres_dag.py for tasks to queue
[2026-03-27T12:11:29.661+0000] {logging_mixin.py:190} INFO - [2026-03-27T12:11:29.661+0000] {dagbag.py:588} INFO - Filling up the DagBag from /opt/airflow/dags/ingestion_postgres_dag.py
[2026-03-27T12:11:29.683+0000] {processor.py:925} INFO - DAG(s) 'ingestion_postgres_tmdb' retrieved from /opt/airflow/dags/ingestion_postgres_dag.py
[2026-03-27T12:11:29.727+0000] {logging_mixin.py:190} INFO - [2026-03-27T12:11:29.727+0000] {dag.py:3239} INFO - Sync 1 DAGs
[2026-03-27T12:11:29.753+0000] {logging_mixin.py:190} INFO - [2026-03-27T12:11:29.752+0000] {dag.py:4180} INFO - Setting next_dagrun for ingestion_postgres_tmdb to 2026-03-02 10:00:00+00:00, run_after=2026-04-06 10:00:00+00:00
[2026-03-27T12:11:29.785+0000] {processor.py:208} INFO - Processing /opt/airflow/dags/ingestion_postgres_dag.py took 0.133 seconds
[2026-03-27T12:12:00.202+0000] {processor.py:186} INFO - Started process (PID=3027) to work on /opt/airflow/dags/ingestion_postgres_dag.py
[2026-03-27T12:12:00.203+0000] {processor.py:914} INFO - Processing file /opt/airflow/dags/ingestion_postgres_dag.py for tasks to queue
[2026-03-27T12:12:00.206+0000] {logging_mixin.py:190} INFO - [2026-03-27T12:12:00.206+0000] {dagbag.py:588} INFO - Filling up the DagBag from /opt/airflow/dags/ingestion_postgres_dag.py
[2026-03-27T12:12:00.226+0000] {processor.py:925} INFO - DAG(s) 'ingestion_postgres_tmdb' retrieved from /opt/airflow/dags/ingestion_postgres_dag.py
[2026-03-27T12:12:00.254+0000] {logging_mixin.py:190} INFO - [2026-03-27T12:12:00.253+0000] {dag.py:3239} INFO - Sync 1 DAGs
[2026-03-27T12:12:00.277+0000] {logging_mixin.py:190} INFO - [2026-03-27T12:12:00.276+0000] {dag.py:4180} INFO - Setting next_dagrun for ingestion_postgres_tmdb to 2026-03-02 10:00:00+00:00, run_after=2026-04-06 10:00:00+00:00
[2026-03-27T12:12:00.297+0000] {processor.py:208} INFO - Processing /opt/airflow/dags/ingestion_postgres_dag.py took 0.102 seconds
[2026-03-27T12:12:30.855+0000] {processor.py:186} INFO - Started process (PID=3037) to work on /opt/airflow/dags/ingestion_postgres_dag.py
[2026-03-27T12:12:30.856+0000] {processor.py:914} INFO - Processing file /opt/airflow/dags/ingestion_postgres_dag.py for tasks to queue
[2026-03-27T12:12:30.858+0000] {logging_mixin.py:190} INFO - [2026-03-27T12:12:30.858+0000] {dagbag.py:588} INFO - Filling up the DagBag from /opt/airflow/dags/ingestion_postgres_dag.py
[2026-03-27T12:12:30.875+0000] {processor.py:925} INFO - DAG(s) 'ingestion_postgres_tmdb' retrieved from /opt/airflow/dags/ingestion_postgres_dag.py
[2026-03-27T12:12:30.901+0000] {logging_mixin.py:190} INFO - [2026-03-27T12:12:30.901+0000] {dag.py:3239} INFO - Sync 1 DAGs
[2026-03-27T12:12:30.922+0000] {logging_mixin.py:190} INFO - [2026-03-27T12:12:30.922+0000] {dag.py:4180} INFO - Setting next_dagrun for ingestion_postgres_tmdb to 2026-03-02 10:00:00+00:00, run_after=2026-04-06 10:00:00+00:00
[2026-03-27T12:12:30.944+0000] {processor.py:208} INFO - Processing /opt/airflow/dags/ingestion_postgres_dag.py took 0.095 seconds
[2026-03-27T12:13:01.467+0000] {processor.py:186} INFO - Started process (PID=3047) to work on /opt/airflow/dags/ingestion_postgres_dag.py
[2026-03-27T12:13:01.468+0000] {processor.py:914} INFO - Processing file /opt/airflow/dags/ingestion_postgres_dag.py for tasks to queue
[2026-03-27T12:13:01.471+0000] {logging_mixin.py:190} INFO - [2026-03-27T12:13:01.471+0000] {dagbag.py:588} INFO - Filling up the DagBag from /opt/airflow/dags/ingestion_postgres_dag.py
[2026-03-27T12:13:01.499+0000] {processor.py:925} INFO - DAG(s) 'ingestion_postgres_tmdb' retrieved from /opt/airflow/dags/ingestion_postgres_dag.py
[2026-03-27T12:13:01.549+0000] {logging_mixin.py:190} INFO - [2026-03-27T12:13:01.548+0000] {dag.py:3239} INFO - Sync 1 DAGs
[2026-03-27T12:13:01.578+0000] {logging_mixin.py:190} INFO - [2026-03-27T12:13:01.578+0000] {dag.py:4180} INFO - Setting next_dagrun for ingestion_postgres_tmdb to 2026-03-02 10:00:00+00:00, run_after=2026-04-06 10:00:00+00:00
[2026-03-27T12:13:01.600+0000] {processor.py:208} INFO - Processing /opt/airflow/dags/ingestion_postgres_dag.py took 0.145 seconds
[2026-03-27T12:13:32.023+0000] {processor.py:186} INFO - Started process (PID=3057) to work on /opt/airflow/dags/ingestion_postgres_dag.py
[2026-03-27T12:13:32.024+0000] {processor.py:914} INFO - Processing file /opt/airflow/dags/ingestion_postgres_dag.py for tasks to queue
[2026-03-27T12:13:32.027+0000] {logging_mixin.py:190} INFO - [2026-03-27T12:13:32.026+0000] {dagbag.py:588} INFO - Filling up the DagBag from /opt/airflow/dags/ingestion_postgres_dag.py
[2026-03-27T12:13:32.065+0000] {processor.py:925} INFO - DAG(s) 'ingestion_postgres_tmdb' retrieved from /opt/airflow/dags/ingestion_postgres_dag.py
[2026-03-27T12:13:32.107+0000] {logging_mixin.py:190} INFO - [2026-03-27T12:13:32.107+0000] {dag.py:3239} INFO - Sync 1 DAGs
[2026-03-27T12:13:32.129+0000] {logging_mixin.py:190} INFO - [2026-03-27T12:13:32.129+0000] {dag.py:4180} INFO - Setting next_dagrun for ingestion_postgres_tmdb to 2026-03-02 10:00:00+00:00, run_after=2026-04-06 10:00:00+00:00
[2026-03-27T12:13:32.149+0000] {processor.py:208} INFO - Processing /opt/airflow/dags/ingestion_postgres_dag.py took 0.132 seconds
[2026-03-27T12:14:02.057+0000] {processor.py:186} INFO - Started process (PID=3067) to work on /opt/airflow/dags/ingestion_postgres_dag.py
[2026-03-27T12:14:02.058+0000] {processor.py:914} INFO - Processing file /opt/airflow/dags/ingestion_postgres_dag.py for tasks to queue
[2026-03-27T12:14:02.060+0000] {logging_mixin.py:190} INFO - [2026-03-27T12:14:02.059+0000] {dagbag.py:588} INFO - Filling up the DagBag from /opt/airflow/dags/ingestion_postgres_dag.py
[2026-03-27T12:14:02.082+0000] {processor.py:925} INFO - DAG(s) 'ingestion_postgres_tmdb' retrieved from /opt/airflow/dags/ingestion_postgres_dag.py
[2026-03-27T12:14:02.110+0000] {logging_mixin.py:190} INFO - [2026-03-27T12:14:02.110+0000] {dag.py:3239} INFO - Sync 1 DAGs
[2026-03-27T12:14:02.131+0000] {logging_mixin.py:190} INFO - [2026-03-27T12:14:02.131+0000] {dag.py:4180} INFO - Setting next_dagrun for ingestion_postgres_tmdb to 2026-03-02 10:00:00+00:00, run_after=2026-04-06 10:00:00+00:00
[2026-03-27T12:14:02.152+0000] {processor.py:208} INFO - Processing /opt/airflow/dags/ingestion_postgres_dag.py took 0.103 seconds
[2026-03-27T12:14:32.698+0000] {processor.py:186} INFO - Started process (PID=3077) to work on /opt/airflow/dags/ingestion_postgres_dag.py
[2026-03-27T12:14:32.699+0000] {processor.py:914} INFO - Processing file /opt/airflow/dags/ingestion_postgres_dag.py for tasks to queue
[2026-03-27T12:14:32.701+0000] {logging_mixin.py:190} INFO - [2026-03-27T12:14:32.701+0000] {dagbag.py:588} INFO - Filling up the DagBag from /opt/airflow/dags/ingestion_postgres_dag.py
[2026-03-27T12:14:32.722+0000] {processor.py:925} INFO - DAG(s) 'ingestion_postgres_tmdb' retrieved from /opt/airflow/dags/ingestion_postgres_dag.py
[2026-03-27T12:14:32.749+0000] {logging_mixin.py:190} INFO - [2026-03-27T12:14:32.748+0000] {dag.py:3239} INFO - Sync 1 DAGs
[2026-03-27T12:14:32.775+0000] {logging_mixin.py:190} INFO - [2026-03-27T12:14:32.774+0000] {dag.py:4180} INFO - Setting next_dagrun for ingestion_postgres_tmdb to 2026-03-02 10:00:00+00:00, run_after=2026-04-06 10:00:00+00:00
[2026-03-27T12:14:32.794+0000] {processor.py:208} INFO - Processing /opt/airflow/dags/ingestion_postgres_dag.py took 0.102 seconds
[2026-03-27T12:15:03.238+0000] {processor.py:186} INFO - Started process (PID=3087) to work on /opt/airflow/dags/ingestion_postgres_dag.py
[2026-03-27T12:15:03.239+0000] {processor.py:914} INFO - Processing file /opt/airflow/dags/ingestion_postgres_dag.py for tasks to queue
[2026-03-27T12:15:03.241+0000] {logging_mixin.py:190} INFO - [2026-03-27T12:15:03.241+0000] {dagbag.py:588} INFO - Filling up the DagBag from /opt/airflow/dags/ingestion_postgres_dag.py
[2026-03-27T12:15:03.266+0000] {processor.py:925} INFO - DAG(s) 'ingestion_postgres_tmdb' retrieved from /opt/airflow/dags/ingestion_postgres_dag.py
[2026-03-27T12:15:03.295+0000] {logging_mixin.py:190} INFO - [2026-03-27T12:15:03.295+0000] {dag.py:3239} INFO - Sync 1 DAGs
[2026-03-27T12:15:03.318+0000] {logging_mixin.py:190} INFO - [2026-03-27T12:15:03.318+0000] {dag.py:4180} INFO - Setting next_dagrun for ingestion_postgres_tmdb to 2026-03-02 10:00:00+00:00, run_after=2026-04-06 10:00:00+00:00
[2026-03-27T12:15:03.342+0000] {processor.py:208} INFO - Processing /opt/airflow/dags/ingestion_postgres_dag.py took 0.111 seconds
[2026-03-27T12:15:33.899+0000] {processor.py:186} INFO - Started process (PID=3097) to work on /opt/airflow/dags/ingestion_postgres_dag.py
[2026-03-27T12:15:33.900+0000] {processor.py:914} INFO - Processing file /opt/airflow/dags/ingestion_postgres_dag.py for tasks to queue
[2026-03-27T12:15:33.902+0000] {logging_mixin.py:190} INFO - [2026-03-27T12:15:33.902+0000] {dagbag.py:588} INFO - Filling up the DagBag from /opt/airflow/dags/ingestion_postgres_dag.py
[2026-03-27T12:15:33.920+0000] {processor.py:925} INFO - DAG(s) 'ingestion_postgres_tmdb' retrieved from /opt/airflow/dags/ingestion_postgres_dag.py
[2026-03-27T12:15:33.945+0000] {logging_mixin.py:190} INFO - [2026-03-27T12:15:33.944+0000] {dag.py:3239} INFO - Sync 1 DAGs
[2026-03-27T12:15:33.965+0000] {logging_mixin.py:190} INFO - [2026-03-27T12:15:33.965+0000] {dag.py:4180} INFO - Setting next_dagrun for ingestion_postgres_tmdb to 2026-03-02 10:00:00+00:00, run_after=2026-04-06 10:00:00+00:00
[2026-03-27T12:15:33.983+0000] {processor.py:208} INFO - Processing /opt/airflow/dags/ingestion_postgres_dag.py took 0.091 seconds
[2026-03-27T12:16:04.456+0000] {processor.py:186} INFO - Started process (PID=3107) to work on /opt/airflow/dags/ingestion_postgres_dag.py
[2026-03-27T12:16:04.457+0000] {processor.py:914} INFO - Processing file /opt/airflow/dags/ingestion_postgres_dag.py for tasks to queue
[2026-03-27T12:16:04.461+0000] {logging_mixin.py:190} INFO - [2026-03-27T12:16:04.461+0000] {dagbag.py:588} INFO - Filling up the DagBag from /opt/airflow/dags/ingestion_postgres_dag.py
[2026-03-27T12:16:04.482+0000] {processor.py:925} INFO - DAG(s) 'ingestion_postgres_tmdb' retrieved from /opt/airflow/dags/ingestion_postgres_dag.py
[2026-03-27T12:16:04.514+0000] {logging_mixin.py:190} INFO - [2026-03-27T12:16:04.514+0000] {dag.py:3239} INFO - Sync 1 DAGs
[2026-03-27T12:16:04.537+0000] {logging_mixin.py:190} INFO - [2026-03-27T12:16:04.537+0000] {dag.py:4180} INFO - Setting next_dagrun for ingestion_postgres_tmdb to 2026-03-02 10:00:00+00:00, run_after=2026-04-06 10:00:00+00:00
[2026-03-27T12:16:04.560+0000] {processor.py:208} INFO - Processing /opt/airflow/dags/ingestion_postgres_dag.py took 0.113 seconds
[2026-03-27T12:16:35.144+0000] {processor.py:186} INFO - Started process (PID=3117) to work on /opt/airflow/dags/ingestion_postgres_dag.py
[2026-03-27T12:16:35.145+0000] {processor.py:914} INFO - Processing file /opt/airflow/dags/ingestion_postgres_dag.py for tasks to queue
[2026-03-27T12:16:35.148+0000] {logging_mixin.py:190} INFO - [2026-03-27T12:16:35.148+0000] {dagbag.py:588} INFO - Filling up the DagBag from /opt/airflow/dags/ingestion_postgres_dag.py
[2026-03-27T12:16:35.174+0000] {processor.py:925} INFO - DAG(s) 'ingestion_postgres_tmdb' retrieved from /opt/airflow/dags/ingestion_postgres_dag.py
[2026-03-27T12:16:35.209+0000] {logging_mixin.py:190} INFO - [2026-03-27T12:16:35.209+0000] {dag.py:3239} INFO - Sync 1 DAGs
[2026-03-27T12:16:35.232+0000] {logging_mixin.py:190} INFO - [2026-03-27T12:16:35.232+0000] {dag.py:4180} INFO - Setting next_dagrun for ingestion_postgres_tmdb to 2026-03-02 10:00:00+00:00, run_after=2026-04-06 10:00:00+00:00
[2026-03-27T12:16:35.264+0000] {processor.py:208} INFO - Processing /opt/airflow/dags/ingestion_postgres_dag.py took 0.126 seconds
[2026-03-27T12:17:05.830+0000] {processor.py:186} INFO - Started process (PID=3127) to work on /opt/airflow/dags/ingestion_postgres_dag.py
[2026-03-27T12:17:05.831+0000] {processor.py:914} INFO - Processing file /opt/airflow/dags/ingestion_postgres_dag.py for tasks to queue
[2026-03-27T12:17:05.833+0000] {logging_mixin.py:190} INFO - [2026-03-27T12:17:05.833+0000] {dagbag.py:588} INFO - Filling up the DagBag from /opt/airflow/dags/ingestion_postgres_dag.py
[2026-03-27T12:17:05.859+0000] {processor.py:925} INFO - DAG(s) 'ingestion_postgres_tmdb' retrieved from /opt/airflow/dags/ingestion_postgres_dag.py
[2026-03-27T12:17:05.896+0000] {logging_mixin.py:190} INFO - [2026-03-27T12:17:05.896+0000] {dag.py:3239} INFO - Sync 1 DAGs
[2026-03-27T12:17:05.930+0000] {logging_mixin.py:190} INFO - [2026-03-27T12:17:05.929+0000] {dag.py:4180} INFO - Setting next_dagrun for ingestion_postgres_tmdb to 2026-03-02 10:00:00+00:00, run_after=2026-04-06 10:00:00+00:00
[2026-03-27T12:17:05.954+0000] {processor.py:208} INFO - Processing /opt/airflow/dags/ingestion_postgres_dag.py took 0.132 seconds
[2026-03-27T12:17:36.506+0000] {processor.py:186} INFO - Started process (PID=3137) to work on /opt/airflow/dags/ingestion_postgres_dag.py
[2026-03-27T12:17:36.507+0000] {processor.py:914} INFO - Processing file /opt/airflow/dags/ingestion_postgres_dag.py for tasks to queue
[2026-03-27T12:17:36.510+0000] {logging_mixin.py:190} INFO - [2026-03-27T12:17:36.509+0000] {dagbag.py:588} INFO - Filling up the DagBag from /opt/airflow/dags/ingestion_postgres_dag.py
[2026-03-27T12:17:36.532+0000] {processor.py:925} INFO - DAG(s) 'ingestion_postgres_tmdb' retrieved from /opt/airflow/dags/ingestion_postgres_dag.py
[2026-03-27T12:17:36.559+0000] {logging_mixin.py:190} INFO - [2026-03-27T12:17:36.559+0000] {dag.py:3239} INFO - Sync 1 DAGs
[2026-03-27T12:17:36.579+0000] {logging_mixin.py:190} INFO - [2026-03-27T12:17:36.579+0000] {dag.py:4180} INFO - Setting next_dagrun for ingestion_postgres_tmdb to 2026-03-02 10:00:00+00:00, run_after=2026-04-06 10:00:00+00:00
[2026-03-27T12:17:36.599+0000] {processor.py:208} INFO - Processing /opt/airflow/dags/ingestion_postgres_dag.py took 0.098 seconds
[2026-03-27T12:18:07.207+0000] {processor.py:186} INFO - Started process (PID=3147) to work on /opt/airflow/dags/ingestion_postgres_dag.py
[2026-03-27T12:18:07.209+0000] {processor.py:914} INFO - Processing file /opt/airflow/dags/ingestion_postgres_dag.py for tasks to queue
[2026-03-27T12:18:07.211+0000] {logging_mixin.py:190} INFO - [2026-03-27T12:18:07.211+0000] {dagbag.py:588} INFO - Filling up the DagBag from /opt/airflow/dags/ingestion_postgres_dag.py
[2026-03-27T12:18:07.230+0000] {processor.py:925} INFO - DAG(s) 'ingestion_postgres_tmdb' retrieved from /opt/airflow/dags/ingestion_postgres_dag.py
[2026-03-27T12:18:07.270+0000] {logging_mixin.py:190} INFO - [2026-03-27T12:18:07.270+0000] {dag.py:3239} INFO - Sync 1 DAGs
[2026-03-27T12:18:07.295+0000] {logging_mixin.py:190} INFO - [2026-03-27T12:18:07.295+0000] {dag.py:4180} INFO - Setting next_dagrun for ingestion_postgres_tmdb to 2026-03-02 10:00:00+00:00, run_after=2026-04-06 10:00:00+00:00
[2026-03-27T12:18:07.335+0000] {processor.py:208} INFO - Processing /opt/airflow/dags/ingestion_postgres_dag.py took 0.134 seconds
[2026-03-27T12:18:37.751+0000] {processor.py:186} INFO - Started process (PID=3157) to work on /opt/airflow/dags/ingestion_postgres_dag.py
[2026-03-27T12:18:37.752+0000] {processor.py:914} INFO - Processing file /opt/airflow/dags/ingestion_postgres_dag.py for tasks to queue
[2026-03-27T12:18:37.754+0000] {logging_mixin.py:190} INFO - [2026-03-27T12:18:37.754+0000] {dagbag.py:588} INFO - Filling up the DagBag from /opt/airflow/dags/ingestion_postgres_dag.py
[2026-03-27T12:18:37.774+0000] {processor.py:925} INFO - DAG(s) 'ingestion_postgres_tmdb' retrieved from /opt/airflow/dags/ingestion_postgres_dag.py
[2026-03-27T12:18:37.802+0000] {logging_mixin.py:190} INFO - [2026-03-27T12:18:37.802+0000] {dag.py:3239} INFO - Sync 1 DAGs
[2026-03-27T12:18:37.826+0000] {logging_mixin.py:190} INFO - [2026-03-27T12:18:37.825+0000] {dag.py:4180} INFO - Setting next_dagrun for ingestion_postgres_tmdb to 2026-03-02 10:00:00+00:00, run_after=2026-04-06 10:00:00+00:00
[2026-03-27T12:18:37.847+0000] {processor.py:208} INFO - Processing /opt/airflow/dags/ingestion_postgres_dag.py took 0.105 seconds
[2026-03-27T12:19:08.379+0000] {processor.py:186} INFO - Started process (PID=3167) to work on /opt/airflow/dags/ingestion_postgres_dag.py
[2026-03-27T12:19:08.380+0000] {processor.py:914} INFO - Processing file /opt/airflow/dags/ingestion_postgres_dag.py for tasks to queue
[2026-03-27T12:19:08.382+0000] {logging_mixin.py:190} INFO - [2026-03-27T12:19:08.381+0000] {dagbag.py:588} INFO - Filling up the DagBag from /opt/airflow/dags/ingestion_postgres_dag.py
[2026-03-27T12:19:08.401+0000] {processor.py:925} INFO - DAG(s) 'ingestion_postgres_tmdb' retrieved from /opt/airflow/dags/ingestion_postgres_dag.py
[2026-03-27T12:19:08.428+0000] {logging_mixin.py:190} INFO - [2026-03-27T12:19:08.428+0000] {dag.py:3239} INFO - Sync 1 DAGs
[2026-03-27T12:19:08.450+0000] {logging_mixin.py:190} INFO - [2026-03-27T12:19:08.450+0000] {dag.py:4180} INFO - Setting next_dagrun for ingestion_postgres_tmdb to 2026-03-02 10:00:00+00:00, run_after=2026-04-06 10:00:00+00:00
[2026-03-27T12:19:08.468+0000] {processor.py:208} INFO - Processing /opt/airflow/dags/ingestion_postgres_dag.py took 0.095 seconds
[2026-03-27T12:19:39.044+0000] {processor.py:186} INFO - Started process (PID=3177) to work on /opt/airflow/dags/ingestion_postgres_dag.py
[2026-03-27T12:19:39.045+0000] {processor.py:914} INFO - Processing file /opt/airflow/dags/ingestion_postgres_dag.py for tasks to queue
[2026-03-27T12:19:39.048+0000] {logging_mixin.py:190} INFO - [2026-03-27T12:19:39.048+0000] {dagbag.py:588} INFO - Filling up the DagBag from /opt/airflow/dags/ingestion_postgres_dag.py
[2026-03-27T12:19:39.072+0000] {processor.py:925} INFO - DAG(s) 'ingestion_postgres_tmdb' retrieved from /opt/airflow/dags/ingestion_postgres_dag.py
[2026-03-27T12:19:39.103+0000] {logging_mixin.py:190} INFO - [2026-03-27T12:19:39.102+0000] {dag.py:3239} INFO - Sync 1 DAGs
[2026-03-27T12:19:39.126+0000] {logging_mixin.py:190} INFO - [2026-03-27T12:19:39.126+0000] {dag.py:4180} INFO - Setting next_dagrun for ingestion_postgres_tmdb to 2026-03-02 10:00:00+00:00, run_after=2026-04-06 10:00:00+00:00
[2026-03-27T12:19:39.155+0000] {processor.py:208} INFO - Processing /opt/airflow/dags/ingestion_postgres_dag.py took 0.117 seconds
[2026-03-27T12:20:09.731+0000] {processor.py:186} INFO - Started process (PID=3187) to work on /opt/airflow/dags/ingestion_postgres_dag.py
[2026-03-27T12:20:09.732+0000] {processor.py:914} INFO - Processing file /opt/airflow/dags/ingestion_postgres_dag.py for tasks to queue
[2026-03-27T12:20:09.735+0000] {logging_mixin.py:190} INFO - [2026-03-27T12:20:09.734+0000] {dagbag.py:588} INFO - Filling up the DagBag from /opt/airflow/dags/ingestion_postgres_dag.py
[2026-03-27T12:20:09.760+0000] {processor.py:925} INFO - DAG(s) 'ingestion_postgres_tmdb' retrieved from /opt/airflow/dags/ingestion_postgres_dag.py
[2026-03-27T12:20:09.788+0000] {logging_mixin.py:190} INFO - [2026-03-27T12:20:09.788+0000] {dag.py:3239} INFO - Sync 1 DAGs
[2026-03-27T12:20:09.812+0000] {logging_mixin.py:190} INFO - [2026-03-27T12:20:09.812+0000] {dag.py:4180} INFO - Setting next_dagrun for ingestion_postgres_tmdb to 2026-03-02 10:00:00+00:00, run_after=2026-04-06 10:00:00+00:00
[2026-03-27T12:20:09.829+0000] {processor.py:208} INFO - Processing /opt/airflow/dags/ingestion_postgres_dag.py took 0.105 seconds
[2026-03-27T12:20:40.339+0000] {processor.py:186} INFO - Started process (PID=3197) to work on /opt/airflow/dags/ingestion_postgres_dag.py
[2026-03-27T12:20:40.340+0000] {processor.py:914} INFO - Processing file /opt/airflow/dags/ingestion_postgres_dag.py for tasks to queue
[2026-03-27T12:20:40.342+0000] {logging_mixin.py:190} INFO - [2026-03-27T12:20:40.342+0000] {dagbag.py:588} INFO - Filling up the DagBag from /opt/airflow/dags/ingestion_postgres_dag.py
[2026-03-27T12:20:40.365+0000] {processor.py:925} INFO - DAG(s) 'ingestion_postgres_tmdb' retrieved from /opt/airflow/dags/ingestion_postgres_dag.py
[2026-03-27T12:20:40.390+0000] {logging_mixin.py:190} INFO - [2026-03-27T12:20:40.389+0000] {dag.py:3239} INFO - Sync 1 DAGs
[2026-03-27T12:20:40.411+0000] {logging_mixin.py:190} INFO - [2026-03-27T12:20:40.410+0000] {dag.py:4180} INFO - Setting next_dagrun for ingestion_postgres_tmdb to 2026-03-02 10:00:00+00:00, run_after=2026-04-06 10:00:00+00:00
[2026-03-27T12:20:40.429+0000] {processor.py:208} INFO - Processing /opt/airflow/dags/ingestion_postgres_dag.py took 0.095 seconds
[2026-03-27T12:21:10.987+0000] {processor.py:186} INFO - Started process (PID=3207) to work on /opt/airflow/dags/ingestion_postgres_dag.py
[2026-03-27T12:21:10.989+0000] {processor.py:914} INFO - Processing file /opt/airflow/dags/ingestion_postgres_dag.py for tasks to queue
[2026-03-27T12:21:10.993+0000] {logging_mixin.py:190} INFO - [2026-03-27T12:21:10.992+0000] {dagbag.py:588} INFO - Filling up the DagBag from /opt/airflow/dags/ingestion_postgres_dag.py
[2026-03-27T12:21:11.012+0000] {processor.py:925} INFO - DAG(s) 'ingestion_postgres_tmdb' retrieved from /opt/airflow/dags/ingestion_postgres_dag.py
[2026-03-27T12:21:11.044+0000] {logging_mixin.py:190} INFO - [2026-03-27T12:21:11.044+0000] {dag.py:3239} INFO - Sync 1 DAGs
[2026-03-27T12:21:11.066+0000] {logging_mixin.py:190} INFO - [2026-03-27T12:21:11.066+0000] {dag.py:4180} INFO - Setting next_dagrun for ingestion_postgres_tmdb to 2026-03-02 10:00:00+00:00, run_after=2026-04-06 10:00:00+00:00
[2026-03-27T12:21:11.088+0000] {processor.py:208} INFO - Processing /opt/airflow/dags/ingestion_postgres_dag.py took 0.109 seconds
[2026-03-27T12:21:41.545+0000] {processor.py:186} INFO - Started process (PID=3217) to work on /opt/airflow/dags/ingestion_postgres_dag.py
[2026-03-27T12:21:41.546+0000] {processor.py:914} INFO - Processing file /opt/airflow/dags/ingestion_postgres_dag.py for tasks to queue
[2026-03-27T12:21:41.549+0000] {logging_mixin.py:190} INFO - [2026-03-27T12:21:41.548+0000] {dagbag.py:588} INFO - Filling up the DagBag from /opt/airflow/dags/ingestion_postgres_dag.py
[2026-03-27T12:21:41.566+0000] {processor.py:925} INFO - DAG(s) 'ingestion_postgres_tmdb' retrieved from /opt/airflow/dags/ingestion_postgres_dag.py
[2026-03-27T12:21:41.592+0000] {logging_mixin.py:190} INFO - [2026-03-27T12:21:41.592+0000] {dag.py:3239} INFO - Sync 1 DAGs
[2026-03-27T12:21:41.612+0000] {logging_mixin.py:190} INFO - [2026-03-27T12:21:41.611+0000] {dag.py:4180} INFO - Setting next_dagrun for ingestion_postgres_tmdb to 2026-03-02 10:00:00+00:00, run_after=2026-04-06 10:00:00+00:00
[2026-03-27T12:21:41.629+0000] {processor.py:208} INFO - Processing /opt/airflow/dags/ingestion_postgres_dag.py took 0.091 seconds
[2026-03-27T12:22:12.155+0000] {processor.py:186} INFO - Started process (PID=3227) to work on /opt/airflow/dags/ingestion_postgres_dag.py
[2026-03-27T12:22:12.156+0000] {processor.py:914} INFO - Processing file /opt/airflow/dags/ingestion_postgres_dag.py for tasks to queue
[2026-03-27T12:22:12.158+0000] {logging_mixin.py:190} INFO - [2026-03-27T12:22:12.158+0000] {dagbag.py:588} INFO - Filling up the DagBag from /opt/airflow/dags/ingestion_postgres_dag.py
[2026-03-27T12:22:12.183+0000] {processor.py:925} INFO - DAG(s) 'ingestion_postgres_tmdb' retrieved from /opt/airflow/dags/ingestion_postgres_dag.py
[2026-03-27T12:22:12.211+0000] {logging_mixin.py:190} INFO - [2026-03-27T12:22:12.210+0000] {dag.py:3239} INFO - Sync 1 DAGs
[2026-03-27T12:22:12.231+0000] {logging_mixin.py:190} INFO - [2026-03-27T12:22:12.230+0000] {dag.py:4180} INFO - Setting next_dagrun for ingestion_postgres_tmdb to 2026-03-02 10:00:00+00:00, run_after=2026-04-06 10:00:00+00:00
[2026-03-27T12:22:12.253+0000] {processor.py:208} INFO - Processing /opt/airflow/dags/ingestion_postgres_dag.py took 0.105 seconds
[2026-03-27T12:22:42.884+0000] {processor.py:186} INFO - Started process (PID=3237) to work on /opt/airflow/dags/ingestion_postgres_dag.py
[2026-03-27T12:22:42.886+0000] {processor.py:914} INFO - Processing file /opt/airflow/dags/ingestion_postgres_dag.py for tasks to queue
[2026-03-27T12:22:42.890+0000] {logging_mixin.py:190} INFO - [2026-03-27T12:22:42.890+0000] {dagbag.py:588} INFO - Filling up the DagBag from /opt/airflow/dags/ingestion_postgres_dag.py
[2026-03-27T12:22:42.921+0000] {processor.py:925} INFO - DAG(s) 'ingestion_postgres_tmdb' retrieved from /opt/airflow/dags/ingestion_postgres_dag.py
[2026-03-27T12:22:42.951+0000] {logging_mixin.py:190} INFO - [2026-03-27T12:22:42.950+0000] {dag.py:3239} INFO - Sync 1 DAGs
[2026-03-27T12:22:42.972+0000] {logging_mixin.py:190} INFO - [2026-03-27T12:22:42.972+0000] {dag.py:4180} INFO - Setting next_dagrun for ingestion_postgres_tmdb to 2026-03-02 10:00:00+00:00, run_after=2026-04-06 10:00:00+00:00
[2026-03-27T12:22:42.992+0000] {processor.py:208} INFO - Processing /opt/airflow/dags/ingestion_postgres_dag.py took 0.116 seconds
[2026-03-27T12:23:13.455+0000] {processor.py:186} INFO - Started process (PID=3247) to work on /opt/airflow/dags/ingestion_postgres_dag.py
[2026-03-27T12:23:13.456+0000] {processor.py:914} INFO - Processing file /opt/airflow/dags/ingestion_postgres_dag.py for tasks to queue
[2026-03-27T12:23:13.459+0000] {logging_mixin.py:190} INFO - [2026-03-27T12:23:13.458+0000] {dagbag.py:588} INFO - Filling up the DagBag from /opt/airflow/dags/ingestion_postgres_dag.py
[2026-03-27T12:23:13.479+0000] {processor.py:925} INFO - DAG(s) 'ingestion_postgres_tmdb' retrieved from /opt/airflow/dags/ingestion_postgres_dag.py
[2026-03-27T12:23:13.506+0000] {logging_mixin.py:190} INFO - [2026-03-27T12:23:13.506+0000] {dag.py:3239} INFO - Sync 1 DAGs
[2026-03-27T12:23:13.528+0000] {logging_mixin.py:190} INFO - [2026-03-27T12:23:13.528+0000] {dag.py:4180} INFO - Setting next_dagrun for ingestion_postgres_tmdb to 2026-03-02 10:00:00+00:00, run_after=2026-04-06 10:00:00+00:00
[2026-03-27T12:23:13.548+0000] {processor.py:208} INFO - Processing /opt/airflow/dags/ingestion_postgres_dag.py took 0.099 seconds
[2026-03-27T12:23:44.046+0000] {processor.py:186} INFO - Started process (PID=3257) to work on /opt/airflow/dags/ingestion_postgres_dag.py
[2026-03-27T12:23:44.047+0000] {processor.py:914} INFO - Processing file /opt/airflow/dags/ingestion_postgres_dag.py for tasks to queue
[2026-03-27T12:23:44.049+0000] {logging_mixin.py:190} INFO - [2026-03-27T12:23:44.049+0000] {dagbag.py:588} INFO - Filling up the DagBag from /opt/airflow/dags/ingestion_postgres_dag.py
[2026-03-27T12:23:44.065+0000] {processor.py:925} INFO - DAG(s) 'ingestion_postgres_tmdb' retrieved from /opt/airflow/dags/ingestion_postgres_dag.py
[2026-03-27T12:23:44.090+0000] {logging_mixin.py:190} INFO - [2026-03-27T12:23:44.090+0000] {dag.py:3239} INFO - Sync 1 DAGs
[2026-03-27T12:23:44.110+0000] {logging_mixin.py:190} INFO - [2026-03-27T12:23:44.109+0000] {dag.py:4180} INFO - Setting next_dagrun for ingestion_postgres_tmdb to 2026-03-02 10:00:00+00:00, run_after=2026-04-06 10:00:00+00:00
[2026-03-27T12:23:44.126+0000] {processor.py:208} INFO - Processing /opt/airflow/dags/ingestion_postgres_dag.py took 0.086 seconds
[2026-03-27T12:24:14.576+0000] {processor.py:186} INFO - Started process (PID=3267) to work on /opt/airflow/dags/ingestion_postgres_dag.py
[2026-03-27T12:24:14.577+0000] {processor.py:914} INFO - Processing file /opt/airflow/dags/ingestion_postgres_dag.py for tasks to queue
[2026-03-27T12:24:14.579+0000] {logging_mixin.py:190} INFO - [2026-03-27T12:24:14.579+0000] {dagbag.py:588} INFO - Filling up the DagBag from /opt/airflow/dags/ingestion_postgres_dag.py
[2026-03-27T12:24:14.598+0000] {processor.py:925} INFO - DAG(s) 'ingestion_postgres_tmdb' retrieved from /opt/airflow/dags/ingestion_postgres_dag.py
[2026-03-27T12:24:14.630+0000] {logging_mixin.py:190} INFO - [2026-03-27T12:24:14.630+0000] {dag.py:3239} INFO - Sync 1 DAGs
[2026-03-27T12:24:14.653+0000] {logging_mixin.py:190} INFO - [2026-03-27T12:24:14.653+0000] {dag.py:4180} INFO - Setting next_dagrun for ingestion_postgres_tmdb to 2026-03-02 10:00:00+00:00, run_after=2026-04-06 10:00:00+00:00
[2026-03-27T12:24:14.674+0000] {processor.py:208} INFO - Processing /opt/airflow/dags/ingestion_postgres_dag.py took 0.106 seconds
[2026-03-27T12:24:45.160+0000] {processor.py:186} INFO - Started process (PID=3277) to work on /opt/airflow/dags/ingestion_postgres_dag.py
[2026-03-27T12:24:45.162+0000] {processor.py:914} INFO - Processing file /opt/airflow/dags/ingestion_postgres_dag.py for tasks to queue
[2026-03-27T12:24:45.164+0000] {logging_mixin.py:190} INFO - [2026-03-27T12:24:45.164+0000] {dagbag.py:588} INFO - Filling up the DagBag from /opt/airflow/dags/ingestion_postgres_dag.py
[2026-03-27T12:24:45.185+0000] {processor.py:925} INFO - DAG(s) 'ingestion_postgres_tmdb' retrieved from /opt/airflow/dags/ingestion_postgres_dag.py
[2026-03-27T12:24:45.215+0000] {logging_mixin.py:190} INFO - [2026-03-27T12:24:45.215+0000] {dag.py:3239} INFO - Sync 1 DAGs
[2026-03-27T12:24:45.236+0000] {logging_mixin.py:190} INFO - [2026-03-27T12:24:45.235+0000] {dag.py:4180} INFO - Setting next_dagrun for ingestion_postgres_tmdb to 2026-03-02 10:00:00+00:00, run_after=2026-04-06 10:00:00+00:00
[2026-03-27T12:24:45.255+0000] {processor.py:208} INFO - Processing /opt/airflow/dags/ingestion_postgres_dag.py took 0.104 seconds
[2026-03-27T12:25:15.687+0000] {processor.py:186} INFO - Started process (PID=3287) to work on /opt/airflow/dags/ingestion_postgres_dag.py
[2026-03-27T12:25:15.688+0000] {processor.py:914} INFO - Processing file /opt/airflow/dags/ingestion_postgres_dag.py for tasks to queue
[2026-03-27T12:25:15.691+0000] {logging_mixin.py:190} INFO - [2026-03-27T12:25:15.691+0000] {dagbag.py:588} INFO - Filling up the DagBag from /opt/airflow/dags/ingestion_postgres_dag.py
[2026-03-27T12:25:15.711+0000] {processor.py:925} INFO - DAG(s) 'ingestion_postgres_tmdb' retrieved from /opt/airflow/dags/ingestion_postgres_dag.py
[2026-03-27T12:25:15.738+0000] {logging_mixin.py:190} INFO - [2026-03-27T12:25:15.737+0000] {dag.py:3239} INFO - Sync 1 DAGs
[2026-03-27T12:25:15.759+0000] {logging_mixin.py:190} INFO - [2026-03-27T12:25:15.759+0000] {dag.py:4180} INFO - Setting next_dagrun for ingestion_postgres_tmdb to 2026-03-02 10:00:00+00:00, run_after=2026-04-06 10:00:00+00:00
[2026-03-27T12:25:15.777+0000] {processor.py:208} INFO - Processing /opt/airflow/dags/ingestion_postgres_dag.py took 0.097 seconds
[2026-03-27T12:25:46.536+0000] {processor.py:186} INFO - Started process (PID=3297) to work on /opt/airflow/dags/ingestion_postgres_dag.py
[2026-03-27T12:25:46.537+0000] {processor.py:914} INFO - Processing file /opt/airflow/dags/ingestion_postgres_dag.py for tasks to queue
[2026-03-27T12:25:46.540+0000] {logging_mixin.py:190} INFO - [2026-03-27T12:25:46.539+0000] {dagbag.py:588} INFO - Filling up the DagBag from /opt/airflow/dags/ingestion_postgres_dag.py
[2026-03-27T12:25:46.558+0000] {processor.py:925} INFO - DAG(s) 'ingestion_postgres_tmdb' retrieved from /opt/airflow/dags/ingestion_postgres_dag.py
[2026-03-27T12:25:46.586+0000] {logging_mixin.py:190} INFO - [2026-03-27T12:25:46.585+0000] {dag.py:3239} INFO - Sync 1 DAGs
[2026-03-27T12:25:46.613+0000] {logging_mixin.py:190} INFO - [2026-03-27T12:25:46.613+0000] {dag.py:4180} INFO - Setting next_dagrun for ingestion_postgres_tmdb to 2026-03-02 10:00:00+00:00, run_after=2026-04-06 10:00:00+00:00
[2026-03-27T12:25:46.647+0000] {processor.py:208} INFO - Processing /opt/airflow/dags/ingestion_postgres_dag.py took 0.117 seconds
[2026-03-27T12:26:17.031+0000] {processor.py:186} INFO - Started process (PID=3307) to work on /opt/airflow/dags/ingestion_postgres_dag.py
[2026-03-27T12:26:17.032+0000] {processor.py:914} INFO - Processing file /opt/airflow/dags/ingestion_postgres_dag.py for tasks to queue
[2026-03-27T12:26:17.034+0000] {logging_mixin.py:190} INFO - [2026-03-27T12:26:17.034+0000] {dagbag.py:588} INFO - Filling up the DagBag from /opt/airflow/dags/ingestion_postgres_dag.py
[2026-03-27T12:26:17.056+0000] {processor.py:925} INFO - DAG(s) 'ingestion_postgres_tmdb' retrieved from /opt/airflow/dags/ingestion_postgres_dag.py
[2026-03-27T12:26:17.085+0000] {logging_mixin.py:190} INFO - [2026-03-27T12:26:17.085+0000] {dag.py:3239} INFO - Sync 1 DAGs
[2026-03-27T12:26:17.106+0000] {logging_mixin.py:190} INFO - [2026-03-27T12:26:17.106+0000] {dag.py:4180} INFO - Setting next_dagrun for ingestion_postgres_tmdb to 2026-03-02 10:00:00+00:00, run_after=2026-04-06 10:00:00+00:00
[2026-03-27T12:26:17.129+0000] {processor.py:208} INFO - Processing /opt/airflow/dags/ingestion_postgres_dag.py took 0.106 seconds
[2026-03-27T12:26:47.645+0000] {processor.py:186} INFO - Started process (PID=3317) to work on /opt/airflow/dags/ingestion_postgres_dag.py
[2026-03-27T12:26:47.646+0000] {processor.py:914} INFO - Processing file /opt/airflow/dags/ingestion_postgres_dag.py for tasks to queue
[2026-03-27T12:26:47.648+0000] {logging_mixin.py:190} INFO - [2026-03-27T12:26:47.647+0000] {dagbag.py:588} INFO - Filling up the DagBag from /opt/airflow/dags/ingestion_postgres_dag.py
[2026-03-27T12:26:47.665+0000] {processor.py:925} INFO - DAG(s) 'ingestion_postgres_tmdb' retrieved from /opt/airflow/dags/ingestion_postgres_dag.py
[2026-03-27T12:26:47.691+0000] {logging_mixin.py:190} INFO - [2026-03-27T12:26:47.691+0000] {dag.py:3239} INFO - Sync 1 DAGs
[2026-03-27T12:26:47.713+0000] {logging_mixin.py:190} INFO - [2026-03-27T12:26:47.713+0000] {dag.py:4180} INFO - Setting next_dagrun for ingestion_postgres_tmdb to 2026-03-02 10:00:00+00:00, run_after=2026-04-06 10:00:00+00:00
[2026-03-27T12:26:47.730+0000] {processor.py:208} INFO - Processing /opt/airflow/dags/ingestion_postgres_dag.py took 0.090 seconds
[2026-03-27T12:27:18.209+0000] {processor.py:186} INFO - Started process (PID=3327) to work on /opt/airflow/dags/ingestion_postgres_dag.py
[2026-03-27T12:27:18.213+0000] {processor.py:914} INFO - Processing file /opt/airflow/dags/ingestion_postgres_dag.py for tasks to queue
[2026-03-27T12:27:18.218+0000] {logging_mixin.py:190} INFO - [2026-03-27T12:27:18.218+0000] {dagbag.py:588} INFO - Filling up the DagBag from /opt/airflow/dags/ingestion_postgres_dag.py
[2026-03-27T12:27:18.258+0000] {processor.py:925} INFO - DAG(s) 'ingestion_postgres_tmdb' retrieved from /opt/airflow/dags/ingestion_postgres_dag.py
[2026-03-27T12:27:18.292+0000] {logging_mixin.py:190} INFO - [2026-03-27T12:27:18.291+0000] {dag.py:3239} INFO - Sync 1 DAGs
[2026-03-27T12:27:18.315+0000] {logging_mixin.py:190} INFO - [2026-03-27T12:27:18.315+0000] {dag.py:4180} INFO - Setting next_dagrun for ingestion_postgres_tmdb to 2026-03-02 10:00:00+00:00, run_after=2026-04-06 10:00:00+00:00
[2026-03-27T12:27:18.350+0000] {processor.py:208} INFO - Processing /opt/airflow/dags/ingestion_postgres_dag.py took 0.150 seconds
[2026-03-27T12:27:48.876+0000] {processor.py:186} INFO - Started process (PID=3337) to work on /opt/airflow/dags/ingestion_postgres_dag.py
[2026-03-27T12:27:48.877+0000] {processor.py:914} INFO - Processing file /opt/airflow/dags/ingestion_postgres_dag.py for tasks to queue
[2026-03-27T12:27:48.879+0000] {logging_mixin.py:190} INFO - [2026-03-27T12:27:48.879+0000] {dagbag.py:588} INFO - Filling up the DagBag from /opt/airflow/dags/ingestion_postgres_dag.py
[2026-03-27T12:27:48.899+0000] {processor.py:925} INFO - DAG(s) 'ingestion_postgres_tmdb' retrieved from /opt/airflow/dags/ingestion_postgres_dag.py
[2026-03-27T12:27:48.930+0000] {logging_mixin.py:190} INFO - [2026-03-27T12:27:48.930+0000] {dag.py:3239} INFO - Sync 1 DAGs
[2026-03-27T12:27:48.957+0000] {logging_mixin.py:190} INFO - [2026-03-27T12:27:48.956+0000] {dag.py:4180} INFO - Setting next_dagrun for ingestion_postgres_tmdb to 2026-03-02 10:00:00+00:00, run_after=2026-04-06 10:00:00+00:00
[2026-03-27T12:27:48.977+0000] {processor.py:208} INFO - Processing /opt/airflow/dags/ingestion_postgres_dag.py took 0.108 seconds
[2026-03-27T12:28:19.342+0000] {processor.py:186} INFO - Started process (PID=3347) to work on /opt/airflow/dags/ingestion_postgres_dag.py
[2026-03-27T12:28:19.343+0000] {processor.py:914} INFO - Processing file /opt/airflow/dags/ingestion_postgres_dag.py for tasks to queue
[2026-03-27T12:28:19.345+0000] {logging_mixin.py:190} INFO - [2026-03-27T12:28:19.344+0000] {dagbag.py:588} INFO - Filling up the DagBag from /opt/airflow/dags/ingestion_postgres_dag.py
[2026-03-27T12:28:19.362+0000] {processor.py:925} INFO - DAG(s) 'ingestion_postgres_tmdb' retrieved from /opt/airflow/dags/ingestion_postgres_dag.py
[2026-03-27T12:28:19.387+0000] {logging_mixin.py:190} INFO - [2026-03-27T12:28:19.387+0000] {dag.py:3239} INFO - Sync 1 DAGs
[2026-03-27T12:28:19.408+0000] {logging_mixin.py:190} INFO - [2026-03-27T12:28:19.408+0000] {dag.py:4180} INFO - Setting next_dagrun for ingestion_postgres_tmdb to 2026-03-02 10:00:00+00:00, run_after=2026-04-06 10:00:00+00:00
[2026-03-27T12:28:19.430+0000] {processor.py:208} INFO - Processing /opt/airflow/dags/ingestion_postgres_dag.py took 0.095 seconds
[2026-03-27T12:28:49.930+0000] {processor.py:186} INFO - Started process (PID=3357) to work on /opt/airflow/dags/ingestion_postgres_dag.py
[2026-03-27T12:28:49.931+0000] {processor.py:914} INFO - Processing file /opt/airflow/dags/ingestion_postgres_dag.py for tasks to queue
[2026-03-27T12:28:49.933+0000] {logging_mixin.py:190} INFO - [2026-03-27T12:28:49.933+0000] {dagbag.py:588} INFO - Filling up the DagBag from /opt/airflow/dags/ingestion_postgres_dag.py
[2026-03-27T12:28:49.955+0000] {processor.py:925} INFO - DAG(s) 'ingestion_postgres_tmdb' retrieved from /opt/airflow/dags/ingestion_postgres_dag.py
[2026-03-27T12:28:49.981+0000] {logging_mixin.py:190} INFO - [2026-03-27T12:28:49.980+0000] {dag.py:3239} INFO - Sync 1 DAGs
[2026-03-27T12:28:50.002+0000] {logging_mixin.py:190} INFO - [2026-03-27T12:28:50.002+0000] {dag.py:4180} INFO - Setting next_dagrun for ingestion_postgres_tmdb to 2026-03-02 10:00:00+00:00, run_after=2026-04-06 10:00:00+00:00
[2026-03-27T12:28:50.020+0000] {processor.py:208} INFO - Processing /opt/airflow/dags/ingestion_postgres_dag.py took 0.096 seconds
[2026-03-27T12:29:20.436+0000] {processor.py:186} INFO - Started process (PID=3367) to work on /opt/airflow/dags/ingestion_postgres_dag.py
[2026-03-27T12:29:20.438+0000] {processor.py:914} INFO - Processing file /opt/airflow/dags/ingestion_postgres_dag.py for tasks to queue
[2026-03-27T12:29:20.443+0000] {logging_mixin.py:190} INFO - [2026-03-27T12:29:20.442+0000] {dagbag.py:588} INFO - Filling up the DagBag from /opt/airflow/dags/ingestion_postgres_dag.py
[2026-03-27T12:29:20.461+0000] {processor.py:925} INFO - DAG(s) 'ingestion_postgres_tmdb' retrieved from /opt/airflow/dags/ingestion_postgres_dag.py
[2026-03-27T12:29:20.490+0000] {logging_mixin.py:190} INFO - [2026-03-27T12:29:20.489+0000] {dag.py:3239} INFO - Sync 1 DAGs
[2026-03-27T12:29:20.513+0000] {logging_mixin.py:190} INFO - [2026-03-27T12:29:20.512+0000] {dag.py:4180} INFO - Setting next_dagrun for ingestion_postgres_tmdb to 2026-03-02 10:00:00+00:00, run_after=2026-04-06 10:00:00+00:00
[2026-03-27T12:29:20.532+0000] {processor.py:208} INFO - Processing /opt/airflow/dags/ingestion_postgres_dag.py took 0.107 seconds
[2026-03-27T12:29:51.021+0000] {processor.py:186} INFO - Started process (PID=3377) to work on /opt/airflow/dags/ingestion_postgres_dag.py
[2026-03-27T12:29:51.022+0000] {processor.py:914} INFO - Processing file /opt/airflow/dags/ingestion_postgres_dag.py for tasks to queue
[2026-03-27T12:29:51.024+0000] {logging_mixin.py:190} INFO - [2026-03-27T12:29:51.024+0000] {dagbag.py:588} INFO - Filling up the DagBag from /opt/airflow/dags/ingestion_postgres_dag.py
[2026-03-27T12:29:51.041+0000] {processor.py:925} INFO - DAG(s) 'ingestion_postgres_tmdb' retrieved from /opt/airflow/dags/ingestion_postgres_dag.py
[2026-03-27T12:29:51.069+0000] {logging_mixin.py:190} INFO - [2026-03-27T12:29:51.069+0000] {dag.py:3239} INFO - Sync 1 DAGs
[2026-03-27T12:29:51.088+0000] {logging_mixin.py:190} INFO - [2026-03-27T12:29:51.088+0000] {dag.py:4180} INFO - Setting next_dagrun for ingestion_postgres_tmdb to 2026-03-02 10:00:00+00:00, run_after=2026-04-06 10:00:00+00:00
[2026-03-27T12:29:51.105+0000] {processor.py:208} INFO - Processing /opt/airflow/dags/ingestion_postgres_dag.py took 0.089 seconds
[2026-03-27T12:30:21.594+0000] {processor.py:186} INFO - Started process (PID=3387) to work on /opt/airflow/dags/ingestion_postgres_dag.py
[2026-03-27T12:30:21.595+0000] {processor.py:914} INFO - Processing file /opt/airflow/dags/ingestion_postgres_dag.py for tasks to queue
[2026-03-27T12:30:21.597+0000] {logging_mixin.py:190} INFO - [2026-03-27T12:30:21.597+0000] {dagbag.py:588} INFO - Filling up the DagBag from /opt/airflow/dags/ingestion_postgres_dag.py
[2026-03-27T12:30:21.621+0000] {processor.py:925} INFO - DAG(s) 'ingestion_postgres_tmdb' retrieved from /opt/airflow/dags/ingestion_postgres_dag.py
[2026-03-27T12:30:21.654+0000] {logging_mixin.py:190} INFO - [2026-03-27T12:30:21.654+0000] {dag.py:3239} INFO - Sync 1 DAGs
[2026-03-27T12:30:21.677+0000] {logging_mixin.py:190} INFO - [2026-03-27T12:30:21.677+0000] {dag.py:4180} INFO - Setting next_dagrun for ingestion_postgres_tmdb to 2026-03-02 10:00:00+00:00, run_after=2026-04-06 10:00:00+00:00
[2026-03-27T12:30:21.700+0000] {processor.py:208} INFO - Processing /opt/airflow/dags/ingestion_postgres_dag.py took 0.112 seconds
[2026-03-27T12:30:52.056+0000] {processor.py:186} INFO - Started process (PID=3397) to work on /opt/airflow/dags/ingestion_postgres_dag.py
[2026-03-27T12:30:52.057+0000] {processor.py:914} INFO - Processing file /opt/airflow/dags/ingestion_postgres_dag.py for tasks to queue
[2026-03-27T12:30:52.059+0000] {logging_mixin.py:190} INFO - [2026-03-27T12:30:52.059+0000] {dagbag.py:588} INFO - Filling up the DagBag from /opt/airflow/dags/ingestion_postgres_dag.py
[2026-03-27T12:30:52.077+0000] {processor.py:925} INFO - DAG(s) 'ingestion_postgres_tmdb' retrieved from /opt/airflow/dags/ingestion_postgres_dag.py
[2026-03-27T12:30:52.103+0000] {logging_mixin.py:190} INFO - [2026-03-27T12:30:52.103+0000] {dag.py:3239} INFO - Sync 1 DAGs
[2026-03-27T12:30:52.124+0000] {logging_mixin.py:190} INFO - [2026-03-27T12:30:52.124+0000] {dag.py:4180} INFO - Setting next_dagrun for ingestion_postgres_tmdb to 2026-03-02 10:00:00+00:00, run_after=2026-04-06 10:00:00+00:00
[2026-03-27T12:30:52.140+0000] {processor.py:208} INFO - Processing /opt/airflow/dags/ingestion_postgres_dag.py took 0.090 seconds
[2026-03-27T12:31:22.615+0000] {processor.py:186} INFO - Started process (PID=3407) to work on /opt/airflow/dags/ingestion_postgres_dag.py
[2026-03-27T12:31:22.616+0000] {processor.py:914} INFO - Processing file /opt/airflow/dags/ingestion_postgres_dag.py for tasks to queue
[2026-03-27T12:31:22.618+0000] {logging_mixin.py:190} INFO - [2026-03-27T12:31:22.618+0000] {dagbag.py:588} INFO - Filling up the DagBag from /opt/airflow/dags/ingestion_postgres_dag.py
[2026-03-27T12:31:22.642+0000] {processor.py:925} INFO - DAG(s) 'ingestion_postgres_tmdb' retrieved from /opt/airflow/dags/ingestion_postgres_dag.py
[2026-03-27T12:31:22.668+0000] {logging_mixin.py:190} INFO - [2026-03-27T12:31:22.668+0000] {dag.py:3239} INFO - Sync 1 DAGs
[2026-03-27T12:31:22.688+0000] {logging_mixin.py:190} INFO - [2026-03-27T12:31:22.688+0000] {dag.py:4180} INFO - Setting next_dagrun for ingestion_postgres_tmdb to 2026-03-02 10:00:00+00:00, run_after=2026-04-06 10:00:00+00:00
[2026-03-27T12:31:22.707+0000] {processor.py:208} INFO - Processing /opt/airflow/dags/ingestion_postgres_dag.py took 0.099 seconds
[2026-03-27T12:31:53.172+0000] {processor.py:186} INFO - Started process (PID=3417) to work on /opt/airflow/dags/ingestion_postgres_dag.py
[2026-03-27T12:31:53.174+0000] {processor.py:914} INFO - Processing file /opt/airflow/dags/ingestion_postgres_dag.py for tasks to queue
[2026-03-27T12:31:53.176+0000] {logging_mixin.py:190} INFO - [2026-03-27T12:31:53.176+0000] {dagbag.py:588} INFO - Filling up the DagBag from /opt/airflow/dags/ingestion_postgres_dag.py
[2026-03-27T12:31:53.197+0000] {processor.py:925} INFO - DAG(s) 'ingestion_postgres_tmdb' retrieved from /opt/airflow/dags/ingestion_postgres_dag.py
[2026-03-27T12:31:53.225+0000] {logging_mixin.py:190} INFO - [2026-03-27T12:31:53.225+0000] {dag.py:3239} INFO - Sync 1 DAGs
[2026-03-27T12:31:53.246+0000] {logging_mixin.py:190} INFO - [2026-03-27T12:31:53.246+0000] {dag.py:4180} INFO - Setting next_dagrun for ingestion_postgres_tmdb to 2026-03-02 10:00:00+00:00, run_after=2026-04-06 10:00:00+00:00
[2026-03-27T12:31:53.267+0000] {processor.py:208} INFO - Processing /opt/airflow/dags/ingestion_postgres_dag.py took 0.101 seconds
[2026-03-27T12:32:23.685+0000] {processor.py:186} INFO - Started process (PID=3427) to work on /opt/airflow/dags/ingestion_postgres_dag.py
[2026-03-27T12:32:23.686+0000] {processor.py:914} INFO - Processing file /opt/airflow/dags/ingestion_postgres_dag.py for tasks to queue
[2026-03-27T12:32:23.688+0000] {logging_mixin.py:190} INFO - [2026-03-27T12:32:23.688+0000] {dagbag.py:588} INFO - Filling up the DagBag from /opt/airflow/dags/ingestion_postgres_dag.py
[2026-03-27T12:32:23.707+0000] {processor.py:925} INFO - DAG(s) 'ingestion_postgres_tmdb' retrieved from /opt/airflow/dags/ingestion_postgres_dag.py
[2026-03-27T12:32:23.733+0000] {logging_mixin.py:190} INFO - [2026-03-27T12:32:23.732+0000] {dag.py:3239} INFO - Sync 1 DAGs
[2026-03-27T12:32:23.754+0000] {logging_mixin.py:190} INFO - [2026-03-27T12:32:23.754+0000] {dag.py:4180} INFO - Setting next_dagrun for ingestion_postgres_tmdb to 2026-03-02 10:00:00+00:00, run_after=2026-04-06 10:00:00+00:00
[2026-03-27T12:32:23.771+0000] {processor.py:208} INFO - Processing /opt/airflow/dags/ingestion_postgres_dag.py took 0.092 seconds
[2026-03-27T12:32:54.315+0000] {processor.py:186} INFO - Started process (PID=3437) to work on /opt/airflow/dags/ingestion_postgres_dag.py
[2026-03-27T12:32:54.316+0000] {processor.py:914} INFO - Processing file /opt/airflow/dags/ingestion_postgres_dag.py for tasks to queue
[2026-03-27T12:32:54.318+0000] {logging_mixin.py:190} INFO - [2026-03-27T12:32:54.318+0000] {dagbag.py:588} INFO - Filling up the DagBag from /opt/airflow/dags/ingestion_postgres_dag.py
[2026-03-27T12:32:54.333+0000] {processor.py:925} INFO - DAG(s) 'ingestion_postgres_tmdb' retrieved from /opt/airflow/dags/ingestion_postgres_dag.py
[2026-03-27T12:32:54.359+0000] {logging_mixin.py:190} INFO - [2026-03-27T12:32:54.359+0000] {dag.py:3239} INFO - Sync 1 DAGs
[2026-03-27T12:32:54.378+0000] {logging_mixin.py:190} INFO - [2026-03-27T12:32:54.378+0000] {dag.py:4180} INFO - Setting next_dagrun for ingestion_postgres_tmdb to 2026-03-02 10:00:00+00:00, run_after=2026-04-06 10:00:00+00:00
[2026-03-27T12:32:54.399+0000] {processor.py:208} INFO - Processing /opt/airflow/dags/ingestion_postgres_dag.py took 0.090 seconds
[2026-03-27T12:33:24.792+0000] {processor.py:186} INFO - Started process (PID=3447) to work on /opt/airflow/dags/ingestion_postgres_dag.py
[2026-03-27T12:33:24.793+0000] {processor.py:914} INFO - Processing file /opt/airflow/dags/ingestion_postgres_dag.py for tasks to queue
[2026-03-27T12:33:24.796+0000] {logging_mixin.py:190} INFO - [2026-03-27T12:33:24.796+0000] {dagbag.py:588} INFO - Filling up the DagBag from /opt/airflow/dags/ingestion_postgres_dag.py
[2026-03-27T12:33:24.818+0000] {processor.py:925} INFO - DAG(s) 'ingestion_postgres_tmdb' retrieved from /opt/airflow/dags/ingestion_postgres_dag.py
[2026-03-27T12:33:24.849+0000] {logging_mixin.py:190} INFO - [2026-03-27T12:33:24.848+0000] {dag.py:3239} INFO - Sync 1 DAGs
[2026-03-27T12:33:24.873+0000] {logging_mixin.py:190} INFO - [2026-03-27T12:33:24.872+0000] {dag.py:4180} INFO - Setting next_dagrun for ingestion_postgres_tmdb to 2026-03-02 10:00:00+00:00, run_after=2026-04-06 10:00:00+00:00
[2026-03-27T12:33:24.892+0000] {processor.py:208} INFO - Processing /opt/airflow/dags/ingestion_postgres_dag.py took 0.107 seconds
[2026-03-27T12:33:55.396+0000] {processor.py:186} INFO - Started process (PID=3457) to work on /opt/airflow/dags/ingestion_postgres_dag.py
[2026-03-27T12:33:55.397+0000] {processor.py:914} INFO - Processing file /opt/airflow/dags/ingestion_postgres_dag.py for tasks to queue
[2026-03-27T12:33:55.400+0000] {logging_mixin.py:190} INFO - [2026-03-27T12:33:55.399+0000] {dagbag.py:588} INFO - Filling up the DagBag from /opt/airflow/dags/ingestion_postgres_dag.py
[2026-03-27T12:33:55.424+0000] {processor.py:925} INFO - DAG(s) 'ingestion_postgres_tmdb' retrieved from /opt/airflow/dags/ingestion_postgres_dag.py
[2026-03-27T12:33:55.452+0000] {logging_mixin.py:190} INFO - [2026-03-27T12:33:55.452+0000] {dag.py:3239} INFO - Sync 1 DAGs
[2026-03-27T12:33:55.475+0000] {logging_mixin.py:190} INFO - [2026-03-27T12:33:55.475+0000] {dag.py:4180} INFO - Setting next_dagrun for ingestion_postgres_tmdb to 2026-03-02 10:00:00+00:00, run_after=2026-04-06 10:00:00+00:00
[2026-03-27T12:33:55.495+0000] {processor.py:208} INFO - Processing /opt/airflow/dags/ingestion_postgres_dag.py took 0.106 seconds
[2026-03-27T12:34:25.820+0000] {processor.py:186} INFO - Started process (PID=3467) to work on /opt/airflow/dags/ingestion_postgres_dag.py
[2026-03-27T12:34:25.821+0000] {processor.py:914} INFO - Processing file /opt/airflow/dags/ingestion_postgres_dag.py for tasks to queue
[2026-03-27T12:34:25.823+0000] {logging_mixin.py:190} INFO - [2026-03-27T12:34:25.823+0000] {dagbag.py:588} INFO - Filling up the DagBag from /opt/airflow/dags/ingestion_postgres_dag.py
[2026-03-27T12:34:25.842+0000] {processor.py:925} INFO - DAG(s) 'ingestion_postgres_tmdb' retrieved from /opt/airflow/dags/ingestion_postgres_dag.py
[2026-03-27T12:34:25.869+0000] {logging_mixin.py:190} INFO - [2026-03-27T12:34:25.868+0000] {dag.py:3239} INFO - Sync 1 DAGs
[2026-03-27T12:34:25.889+0000] {logging_mixin.py:190} INFO - [2026-03-27T12:34:25.889+0000] {dag.py:4180} INFO - Setting next_dagrun for ingestion_postgres_tmdb to 2026-03-02 10:00:00+00:00, run_after=2026-04-06 10:00:00+00:00
[2026-03-27T12:34:25.909+0000] {processor.py:208} INFO - Processing /opt/airflow/dags/ingestion_postgres_dag.py took 0.096 seconds
[2026-03-27T12:34:56.389+0000] {processor.py:186} INFO - Started process (PID=3477) to work on /opt/airflow/dags/ingestion_postgres_dag.py
[2026-03-27T12:34:56.390+0000] {processor.py:914} INFO - Processing file /opt/airflow/dags/ingestion_postgres_dag.py for tasks to queue
[2026-03-27T12:34:56.393+0000] {logging_mixin.py:190} INFO - [2026-03-27T12:34:56.392+0000] {dagbag.py:588} INFO - Filling up the DagBag from /opt/airflow/dags/ingestion_postgres_dag.py
[2026-03-27T12:34:56.414+0000] {processor.py:925} INFO - DAG(s) 'ingestion_postgres_tmdb' retrieved from /opt/airflow/dags/ingestion_postgres_dag.py
[2026-03-27T12:34:56.443+0000] {logging_mixin.py:190} INFO - [2026-03-27T12:34:56.442+0000] {dag.py:3239} INFO - Sync 1 DAGs
[2026-03-27T12:34:56.466+0000] {logging_mixin.py:190} INFO - [2026-03-27T12:34:56.466+0000] {dag.py:4180} INFO - Setting next_dagrun for ingestion_postgres_tmdb to 2026-03-02 10:00:00+00:00, run_after=2026-04-06 10:00:00+00:00
[2026-03-27T12:34:56.489+0000] {processor.py:208} INFO - Processing /opt/airflow/dags/ingestion_postgres_dag.py took 0.106 seconds
[2026-03-27T12:35:26.963+0000] {processor.py:186} INFO - Started process (PID=3487) to work on /opt/airflow/dags/ingestion_postgres_dag.py
[2026-03-27T12:35:26.964+0000] {processor.py:914} INFO - Processing file /opt/airflow/dags/ingestion_postgres_dag.py for tasks to queue
[2026-03-27T12:35:26.967+0000] {logging_mixin.py:190} INFO - [2026-03-27T12:35:26.966+0000] {dagbag.py:588} INFO - Filling up the DagBag from /opt/airflow/dags/ingestion_postgres_dag.py
[2026-03-27T12:35:26.984+0000] {processor.py:925} INFO - DAG(s) 'ingestion_postgres_tmdb' retrieved from /opt/airflow/dags/ingestion_postgres_dag.py
[2026-03-27T12:35:27.010+0000] {logging_mixin.py:190} INFO - [2026-03-27T12:35:27.010+0000] {dag.py:3239} INFO - Sync 1 DAGs
[2026-03-27T12:35:27.029+0000] {logging_mixin.py:190} INFO - [2026-03-27T12:35:27.028+0000] {dag.py:4180} INFO - Setting next_dagrun for ingestion_postgres_tmdb to 2026-03-02 10:00:00+00:00, run_after=2026-04-06 10:00:00+00:00
[2026-03-27T12:35:27.045+0000] {processor.py:208} INFO - Processing /opt/airflow/dags/ingestion_postgres_dag.py took 0.088 seconds
[2026-03-27T12:35:57.395+0000] {processor.py:186} INFO - Started process (PID=3497) to work on /opt/airflow/dags/ingestion_postgres_dag.py
[2026-03-27T12:35:57.396+0000] {processor.py:914} INFO - Processing file /opt/airflow/dags/ingestion_postgres_dag.py for tasks to queue
[2026-03-27T12:35:57.399+0000] {logging_mixin.py:190} INFO - [2026-03-27T12:35:57.398+0000] {dagbag.py:588} INFO - Filling up the DagBag from /opt/airflow/dags/ingestion_postgres_dag.py
[2026-03-27T12:35:57.424+0000] {processor.py:925} INFO - DAG(s) 'ingestion_postgres_tmdb' retrieved from /opt/airflow/dags/ingestion_postgres_dag.py
[2026-03-27T12:35:57.451+0000] {logging_mixin.py:190} INFO - [2026-03-27T12:35:57.450+0000] {dag.py:3239} INFO - Sync 1 DAGs
[2026-03-27T12:35:57.471+0000] {logging_mixin.py:190} INFO - [2026-03-27T12:35:57.471+0000] {dag.py:4180} INFO - Setting next_dagrun for ingestion_postgres_tmdb to 2026-03-02 10:00:00+00:00, run_after=2026-04-06 10:00:00+00:00
[2026-03-27T12:35:57.488+0000] {processor.py:208} INFO - Processing /opt/airflow/dags/ingestion_postgres_dag.py took 0.100 seconds
[2026-03-27T12:36:27.928+0000] {processor.py:186} INFO - Started process (PID=3507) to work on /opt/airflow/dags/ingestion_postgres_dag.py
[2026-03-27T12:36:27.929+0000] {processor.py:914} INFO - Processing file /opt/airflow/dags/ingestion_postgres_dag.py for tasks to queue
[2026-03-27T12:36:27.931+0000] {logging_mixin.py:190} INFO - [2026-03-27T12:36:27.931+0000] {dagbag.py:588} INFO - Filling up the DagBag from /opt/airflow/dags/ingestion_postgres_dag.py
[2026-03-27T12:36:27.953+0000] {processor.py:925} INFO - DAG(s) 'ingestion_postgres_tmdb' retrieved from /opt/airflow/dags/ingestion_postgres_dag.py
[2026-03-27T12:36:27.988+0000] {logging_mixin.py:190} INFO - [2026-03-27T12:36:27.988+0000] {dag.py:3239} INFO - Sync 1 DAGs
[2026-03-27T12:36:28.013+0000] {logging_mixin.py:190} INFO - [2026-03-27T12:36:28.012+0000] {dag.py:4180} INFO - Setting next_dagrun for ingestion_postgres_tmdb to 2026-03-02 10:00:00+00:00, run_after=2026-04-06 10:00:00+00:00
[2026-03-27T12:36:28.033+0000] {processor.py:208} INFO - Processing /opt/airflow/dags/ingestion_postgres_dag.py took 0.112 seconds
[2026-03-27T12:36:58.598+0000] {processor.py:186} INFO - Started process (PID=3517) to work on /opt/airflow/dags/ingestion_postgres_dag.py
[2026-03-27T12:36:58.599+0000] {processor.py:914} INFO - Processing file /opt/airflow/dags/ingestion_postgres_dag.py for tasks to queue
[2026-03-27T12:36:58.601+0000] {logging_mixin.py:190} INFO - [2026-03-27T12:36:58.601+0000] {dagbag.py:588} INFO - Filling up the DagBag from /opt/airflow/dags/ingestion_postgres_dag.py
[2026-03-27T12:36:58.623+0000] {processor.py:925} INFO - DAG(s) 'ingestion_postgres_tmdb' retrieved from /opt/airflow/dags/ingestion_postgres_dag.py
[2026-03-27T12:36:58.654+0000] {logging_mixin.py:190} INFO - [2026-03-27T12:36:58.654+0000] {dag.py:3239} INFO - Sync 1 DAGs
[2026-03-27T12:36:58.679+0000] {logging_mixin.py:190} INFO - [2026-03-27T12:36:58.678+0000] {dag.py:4180} INFO - Setting next_dagrun for ingestion_postgres_tmdb to 2026-03-02 10:00:00+00:00, run_after=2026-04-06 10:00:00+00:00
[2026-03-27T12:36:58.699+0000] {processor.py:208} INFO - Processing /opt/airflow/dags/ingestion_postgres_dag.py took 0.109 seconds
[2026-03-27T12:37:29.178+0000] {processor.py:186} INFO - Started process (PID=3527) to work on /opt/airflow/dags/ingestion_postgres_dag.py
[2026-03-27T12:37:29.179+0000] {processor.py:914} INFO - Processing file /opt/airflow/dags/ingestion_postgres_dag.py for tasks to queue
[2026-03-27T12:37:29.182+0000] {logging_mixin.py:190} INFO - [2026-03-27T12:37:29.182+0000] {dagbag.py:588} INFO - Filling up the DagBag from /opt/airflow/dags/ingestion_postgres_dag.py
[2026-03-27T12:37:29.201+0000] {processor.py:925} INFO - DAG(s) 'ingestion_postgres_tmdb' retrieved from /opt/airflow/dags/ingestion_postgres_dag.py
[2026-03-27T12:37:29.230+0000] {logging_mixin.py:190} INFO - [2026-03-27T12:37:29.230+0000] {dag.py:3239} INFO - Sync 1 DAGs
[2026-03-27T12:37:29.253+0000] {logging_mixin.py:190} INFO - [2026-03-27T12:37:29.252+0000] {dag.py:4180} INFO - Setting next_dagrun for ingestion_postgres_tmdb to 2026-03-02 10:00:00+00:00, run_after=2026-04-06 10:00:00+00:00
[2026-03-27T12:37:29.271+0000] {processor.py:208} INFO - Processing /opt/airflow/dags/ingestion_postgres_dag.py took 0.100 seconds
[2026-03-27T12:37:59.698+0000] {processor.py:186} INFO - Started process (PID=3537) to work on /opt/airflow/dags/ingestion_postgres_dag.py
[2026-03-27T12:37:59.700+0000] {processor.py:914} INFO - Processing file /opt/airflow/dags/ingestion_postgres_dag.py for tasks to queue
[2026-03-27T12:37:59.704+0000] {logging_mixin.py:190} INFO - [2026-03-27T12:37:59.703+0000] {dagbag.py:588} INFO - Filling up the DagBag from /opt/airflow/dags/ingestion_postgres_dag.py
[2026-03-27T12:37:59.739+0000] {processor.py:925} INFO - DAG(s) 'ingestion_postgres_tmdb' retrieved from /opt/airflow/dags/ingestion_postgres_dag.py
[2026-03-27T12:37:59.781+0000] {logging_mixin.py:190} INFO - [2026-03-27T12:37:59.780+0000] {dag.py:3239} INFO - Sync 1 DAGs
[2026-03-27T12:37:59.802+0000] {logging_mixin.py:190} INFO - [2026-03-27T12:37:59.802+0000] {dag.py:4180} INFO - Setting next_dagrun for ingestion_postgres_tmdb to 2026-03-02 10:00:00+00:00, run_after=2026-04-06 10:00:00+00:00
[2026-03-27T12:37:59.826+0000] {processor.py:208} INFO - Processing /opt/airflow/dags/ingestion_postgres_dag.py took 0.134 seconds
[2026-03-27T12:38:30.272+0000] {processor.py:186} INFO - Started process (PID=3547) to work on /opt/airflow/dags/ingestion_postgres_dag.py
[2026-03-27T12:38:30.273+0000] {processor.py:914} INFO - Processing file /opt/airflow/dags/ingestion_postgres_dag.py for tasks to queue
[2026-03-27T12:38:30.276+0000] {logging_mixin.py:190} INFO - [2026-03-27T12:38:30.276+0000] {dagbag.py:588} INFO - Filling up the DagBag from /opt/airflow/dags/ingestion_postgres_dag.py
[2026-03-27T12:38:30.293+0000] {processor.py:925} INFO - DAG(s) 'ingestion_postgres_tmdb' retrieved from /opt/airflow/dags/ingestion_postgres_dag.py
[2026-03-27T12:38:30.322+0000] {logging_mixin.py:190} INFO - [2026-03-27T12:38:30.321+0000] {dag.py:3239} INFO - Sync 1 DAGs
[2026-03-27T12:38:30.343+0000] {logging_mixin.py:190} INFO - [2026-03-27T12:38:30.343+0000] {dag.py:4180} INFO - Setting next_dagrun for ingestion_postgres_tmdb to 2026-03-02 10:00:00+00:00, run_after=2026-04-06 10:00:00+00:00
[2026-03-27T12:38:30.362+0000] {processor.py:208} INFO - Processing /opt/airflow/dags/ingestion_postgres_dag.py took 0.096 seconds
[2026-03-27T12:39:00.721+0000] {processor.py:186} INFO - Started process (PID=3557) to work on /opt/airflow/dags/ingestion_postgres_dag.py
[2026-03-27T12:39:00.722+0000] {processor.py:914} INFO - Processing file /opt/airflow/dags/ingestion_postgres_dag.py for tasks to queue
[2026-03-27T12:39:00.726+0000] {logging_mixin.py:190} INFO - [2026-03-27T12:39:00.726+0000] {dagbag.py:588} INFO - Filling up the DagBag from /opt/airflow/dags/ingestion_postgres_dag.py
[2026-03-27T12:39:00.748+0000] {processor.py:925} INFO - DAG(s) 'ingestion_postgres_tmdb' retrieved from /opt/airflow/dags/ingestion_postgres_dag.py
[2026-03-27T12:39:00.789+0000] {logging_mixin.py:190} INFO - [2026-03-27T12:39:00.789+0000] {dag.py:3239} INFO - Sync 1 DAGs
[2026-03-27T12:39:00.819+0000] {logging_mixin.py:190} INFO - [2026-03-27T12:39:00.818+0000] {dag.py:4180} INFO - Setting next_dagrun for ingestion_postgres_tmdb to 2026-03-02 10:00:00+00:00, run_after=2026-04-06 10:00:00+00:00
[2026-03-27T12:39:00.842+0000] {processor.py:208} INFO - Processing /opt/airflow/dags/ingestion_postgres_dag.py took 0.129 seconds
[2026-03-27T12:39:31.284+0000] {processor.py:186} INFO - Started process (PID=3567) to work on /opt/airflow/dags/ingestion_postgres_dag.py
[2026-03-27T12:39:31.285+0000] {processor.py:914} INFO - Processing file /opt/airflow/dags/ingestion_postgres_dag.py for tasks to queue
[2026-03-27T12:39:31.288+0000] {logging_mixin.py:190} INFO - [2026-03-27T12:39:31.287+0000] {dagbag.py:588} INFO - Filling up the DagBag from /opt/airflow/dags/ingestion_postgres_dag.py
[2026-03-27T12:39:31.307+0000] {processor.py:925} INFO - DAG(s) 'ingestion_postgres_tmdb' retrieved from /opt/airflow/dags/ingestion_postgres_dag.py
[2026-03-27T12:39:31.335+0000] {logging_mixin.py:190} INFO - [2026-03-27T12:39:31.335+0000] {dag.py:3239} INFO - Sync 1 DAGs
[2026-03-27T12:39:31.356+0000] {logging_mixin.py:190} INFO - [2026-03-27T12:39:31.356+0000] {dag.py:4180} INFO - Setting next_dagrun for ingestion_postgres_tmdb to 2026-03-02 10:00:00+00:00, run_after=2026-04-06 10:00:00+00:00
[2026-03-27T12:39:31.374+0000] {processor.py:208} INFO - Processing /opt/airflow/dags/ingestion_postgres_dag.py took 0.096 seconds
[2026-03-27T12:40:01.839+0000] {processor.py:186} INFO - Started process (PID=3577) to work on /opt/airflow/dags/ingestion_postgres_dag.py
[2026-03-27T12:40:01.840+0000] {processor.py:914} INFO - Processing file /opt/airflow/dags/ingestion_postgres_dag.py for tasks to queue
[2026-03-27T12:40:01.843+0000] {logging_mixin.py:190} INFO - [2026-03-27T12:40:01.843+0000] {dagbag.py:588} INFO - Filling up the DagBag from /opt/airflow/dags/ingestion_postgres_dag.py
[2026-03-27T12:40:01.875+0000] {processor.py:925} INFO - DAG(s) 'ingestion_postgres_tmdb' retrieved from /opt/airflow/dags/ingestion_postgres_dag.py
[2026-03-27T12:40:01.906+0000] {logging_mixin.py:190} INFO - [2026-03-27T12:40:01.905+0000] {dag.py:3239} INFO - Sync 1 DAGs
[2026-03-27T12:40:01.928+0000] {logging_mixin.py:190} INFO - [2026-03-27T12:40:01.928+0000] {dag.py:4180} INFO - Setting next_dagrun for ingestion_postgres_tmdb to 2026-03-02 10:00:00+00:00, run_after=2026-04-06 10:00:00+00:00
[2026-03-27T12:40:01.948+0000] {processor.py:208} INFO - Processing /opt/airflow/dags/ingestion_postgres_dag.py took 0.115 seconds
[2026-03-27T12:40:32.430+0000] {processor.py:186} INFO - Started process (PID=3587) to work on /opt/airflow/dags/ingestion_postgres_dag.py
[2026-03-27T12:40:32.432+0000] {processor.py:914} INFO - Processing file /opt/airflow/dags/ingestion_postgres_dag.py for tasks to queue
[2026-03-27T12:40:32.434+0000] {logging_mixin.py:190} INFO - [2026-03-27T12:40:32.434+0000] {dagbag.py:588} INFO - Filling up the DagBag from /opt/airflow/dags/ingestion_postgres_dag.py
[2026-03-27T12:40:32.461+0000] {processor.py:925} INFO - DAG(s) 'ingestion_postgres_tmdb' retrieved from /opt/airflow/dags/ingestion_postgres_dag.py
[2026-03-27T12:40:32.489+0000] {logging_mixin.py:190} INFO - [2026-03-27T12:40:32.489+0000] {dag.py:3239} INFO - Sync 1 DAGs
[2026-03-27T12:40:32.512+0000] {logging_mixin.py:190} INFO - [2026-03-27T12:40:32.512+0000] {dag.py:4180} INFO - Setting next_dagrun for ingestion_postgres_tmdb to 2026-03-02 10:00:00+00:00, run_after=2026-04-06 10:00:00+00:00
[2026-03-27T12:40:32.533+0000] {processor.py:208} INFO - Processing /opt/airflow/dags/ingestion_postgres_dag.py took 0.109 seconds
[2026-03-27T12:41:02.893+0000] {processor.py:186} INFO - Started process (PID=3597) to work on /opt/airflow/dags/ingestion_postgres_dag.py
[2026-03-27T12:41:02.894+0000] {processor.py:914} INFO - Processing file /opt/airflow/dags/ingestion_postgres_dag.py for tasks to queue
[2026-03-27T12:41:02.896+0000] {logging_mixin.py:190} INFO - [2026-03-27T12:41:02.896+0000] {dagbag.py:588} INFO - Filling up the DagBag from /opt/airflow/dags/ingestion_postgres_dag.py
[2026-03-27T12:41:02.918+0000] {processor.py:925} INFO - DAG(s) 'ingestion_postgres_tmdb' retrieved from /opt/airflow/dags/ingestion_postgres_dag.py
[2026-03-27T12:41:02.948+0000] {logging_mixin.py:190} INFO - [2026-03-27T12:41:02.948+0000] {dag.py:3239} INFO - Sync 1 DAGs
[2026-03-27T12:41:02.995+0000] {logging_mixin.py:190} INFO - [2026-03-27T12:41:02.995+0000] {dag.py:4180} INFO - Setting next_dagrun for ingestion_postgres_tmdb to 2026-03-02 10:00:00+00:00, run_after=2026-04-06 10:00:00+00:00
[2026-03-27T12:41:03.018+0000] {processor.py:208} INFO - Processing /opt/airflow/dags/ingestion_postgres_dag.py took 0.132 seconds
[2026-03-27T12:41:33.447+0000] {processor.py:186} INFO - Started process (PID=3607) to work on /opt/airflow/dags/ingestion_postgres_dag.py
[2026-03-27T12:41:33.448+0000] {processor.py:914} INFO - Processing file /opt/airflow/dags/ingestion_postgres_dag.py for tasks to queue
[2026-03-27T12:41:33.450+0000] {logging_mixin.py:190} INFO - [2026-03-27T12:41:33.450+0000] {dagbag.py:588} INFO - Filling up the DagBag from /opt/airflow/dags/ingestion_postgres_dag.py
[2026-03-27T12:41:33.498+0000] {processor.py:925} INFO - DAG(s) 'ingestion_postgres_tmdb' retrieved from /opt/airflow/dags/ingestion_postgres_dag.py
[2026-03-27T12:41:33.530+0000] {logging_mixin.py:190} INFO - [2026-03-27T12:41:33.530+0000] {dag.py:3239} INFO - Sync 1 DAGs
[2026-03-27T12:41:33.556+0000] {logging_mixin.py:190} INFO - [2026-03-27T12:41:33.556+0000] {dag.py:4180} INFO - Setting next_dagrun for ingestion_postgres_tmdb to 2026-03-02 10:00:00+00:00, run_after=2026-04-06 10:00:00+00:00
[2026-03-27T12:41:33.577+0000] {processor.py:208} INFO - Processing /opt/airflow/dags/ingestion_postgres_dag.py took 0.143 seconds
[2026-03-27T12:42:04.045+0000] {processor.py:186} INFO - Started process (PID=3617) to work on /opt/airflow/dags/ingestion_postgres_dag.py
[2026-03-27T12:42:04.046+0000] {processor.py:914} INFO - Processing file /opt/airflow/dags/ingestion_postgres_dag.py for tasks to queue
[2026-03-27T12:42:04.049+0000] {logging_mixin.py:190} INFO - [2026-03-27T12:42:04.048+0000] {dagbag.py:588} INFO - Filling up the DagBag from /opt/airflow/dags/ingestion_postgres_dag.py
[2026-03-27T12:42:04.075+0000] {processor.py:925} INFO - DAG(s) 'ingestion_postgres_tmdb' retrieved from /opt/airflow/dags/ingestion_postgres_dag.py
[2026-03-27T12:42:04.102+0000] {logging_mixin.py:190} INFO - [2026-03-27T12:42:04.102+0000] {dag.py:3239} INFO - Sync 1 DAGs
[2026-03-27T12:42:04.127+0000] {logging_mixin.py:190} INFO - [2026-03-27T12:42:04.127+0000] {dag.py:4180} INFO - Setting next_dagrun for ingestion_postgres_tmdb to 2026-03-02 10:00:00+00:00, run_after=2026-04-06 10:00:00+00:00
[2026-03-27T12:42:04.147+0000] {processor.py:208} INFO - Processing /opt/airflow/dags/ingestion_postgres_dag.py took 0.110 seconds
[2026-03-27T12:42:34.404+0000] {processor.py:186} INFO - Started process (PID=3627) to work on /opt/airflow/dags/ingestion_postgres_dag.py
[2026-03-27T12:42:34.405+0000] {processor.py:914} INFO - Processing file /opt/airflow/dags/ingestion_postgres_dag.py for tasks to queue
[2026-03-27T12:42:34.408+0000] {logging_mixin.py:190} INFO - [2026-03-27T12:42:34.407+0000] {dagbag.py:588} INFO - Filling up the DagBag from /opt/airflow/dags/ingestion_postgres_dag.py
[2026-03-27T12:42:34.426+0000] {processor.py:925} INFO - DAG(s) 'ingestion_postgres_tmdb' retrieved from /opt/airflow/dags/ingestion_postgres_dag.py
[2026-03-27T12:42:34.458+0000] {logging_mixin.py:190} INFO - [2026-03-27T12:42:34.457+0000] {dag.py:3239} INFO - Sync 1 DAGs
[2026-03-27T12:42:34.480+0000] {logging_mixin.py:190} INFO - [2026-03-27T12:42:34.480+0000] {dag.py:4180} INFO - Setting next_dagrun for ingestion_postgres_tmdb to 2026-03-02 10:00:00+00:00, run_after=2026-04-06 10:00:00+00:00
[2026-03-27T12:42:34.497+0000] {processor.py:208} INFO - Processing /opt/airflow/dags/ingestion_postgres_dag.py took 0.100 seconds
[2026-03-27T12:43:05.010+0000] {processor.py:186} INFO - Started process (PID=3637) to work on /opt/airflow/dags/ingestion_postgres_dag.py
[2026-03-27T12:43:05.011+0000] {processor.py:914} INFO - Processing file /opt/airflow/dags/ingestion_postgres_dag.py for tasks to queue
[2026-03-27T12:43:05.014+0000] {logging_mixin.py:190} INFO - [2026-03-27T12:43:05.013+0000] {dagbag.py:588} INFO - Filling up the DagBag from /opt/airflow/dags/ingestion_postgres_dag.py
[2026-03-27T12:43:05.036+0000] {processor.py:925} INFO - DAG(s) 'ingestion_postgres_tmdb' retrieved from /opt/airflow/dags/ingestion_postgres_dag.py
[2026-03-27T12:43:05.069+0000] {logging_mixin.py:190} INFO - [2026-03-27T12:43:05.069+0000] {dag.py:3239} INFO - Sync 1 DAGs
[2026-03-27T12:43:05.094+0000] {logging_mixin.py:190} INFO - [2026-03-27T12:43:05.094+0000] {dag.py:4180} INFO - Setting next_dagrun for ingestion_postgres_tmdb to 2026-03-02 10:00:00+00:00, run_after=2026-04-06 10:00:00+00:00
[2026-03-27T12:43:05.129+0000] {processor.py:208} INFO - Processing /opt/airflow/dags/ingestion_postgres_dag.py took 0.126 seconds
[2026-03-27T12:43:35.437+0000] {processor.py:186} INFO - Started process (PID=3647) to work on /opt/airflow/dags/ingestion_postgres_dag.py
[2026-03-27T12:43:35.438+0000] {processor.py:914} INFO - Processing file /opt/airflow/dags/ingestion_postgres_dag.py for tasks to queue
[2026-03-27T12:43:35.440+0000] {logging_mixin.py:190} INFO - [2026-03-27T12:43:35.440+0000] {dagbag.py:588} INFO - Filling up the DagBag from /opt/airflow/dags/ingestion_postgres_dag.py
[2026-03-27T12:43:35.461+0000] {processor.py:925} INFO - DAG(s) 'ingestion_postgres_tmdb' retrieved from /opt/airflow/dags/ingestion_postgres_dag.py
[2026-03-27T12:43:35.489+0000] {logging_mixin.py:190} INFO - [2026-03-27T12:43:35.489+0000] {dag.py:3239} INFO - Sync 1 DAGs
[2026-03-27T12:43:35.510+0000] {logging_mixin.py:190} INFO - [2026-03-27T12:43:35.510+0000] {dag.py:4180} INFO - Setting next_dagrun for ingestion_postgres_tmdb to 2026-03-02 10:00:00+00:00, run_after=2026-04-06 10:00:00+00:00
[2026-03-27T12:43:35.533+0000] {processor.py:208} INFO - Processing /opt/airflow/dags/ingestion_postgres_dag.py took 0.104 seconds
[2026-03-27T12:44:05.940+0000] {processor.py:186} INFO - Started process (PID=3657) to work on /opt/airflow/dags/ingestion_postgres_dag.py
[2026-03-27T12:44:05.941+0000] {processor.py:914} INFO - Processing file /opt/airflow/dags/ingestion_postgres_dag.py for tasks to queue
[2026-03-27T12:44:05.943+0000] {logging_mixin.py:190} INFO - [2026-03-27T12:44:05.943+0000] {dagbag.py:588} INFO - Filling up the DagBag from /opt/airflow/dags/ingestion_postgres_dag.py
[2026-03-27T12:44:05.963+0000] {processor.py:925} INFO - DAG(s) 'ingestion_postgres_tmdb' retrieved from /opt/airflow/dags/ingestion_postgres_dag.py
[2026-03-27T12:44:05.992+0000] {logging_mixin.py:190} INFO - [2026-03-27T12:44:05.992+0000] {dag.py:3239} INFO - Sync 1 DAGs
[2026-03-27T12:44:06.016+0000] {logging_mixin.py:190} INFO - [2026-03-27T12:44:06.015+0000] {dag.py:4180} INFO - Setting next_dagrun for ingestion_postgres_tmdb to 2026-03-02 10:00:00+00:00, run_after=2026-04-06 10:00:00+00:00
[2026-03-27T12:44:06.033+0000] {processor.py:208} INFO - Processing /opt/airflow/dags/ingestion_postgres_dag.py took 0.100 seconds
[2026-03-27T12:44:36.360+0000] {processor.py:186} INFO - Started process (PID=3667) to work on /opt/airflow/dags/ingestion_postgres_dag.py
[2026-03-27T12:44:36.361+0000] {processor.py:914} INFO - Processing file /opt/airflow/dags/ingestion_postgres_dag.py for tasks to queue
[2026-03-27T12:44:36.364+0000] {logging_mixin.py:190} INFO - [2026-03-27T12:44:36.364+0000] {dagbag.py:588} INFO - Filling up the DagBag from /opt/airflow/dags/ingestion_postgres_dag.py
[2026-03-27T12:44:36.386+0000] {processor.py:925} INFO - DAG(s) 'ingestion_postgres_tmdb' retrieved from /opt/airflow/dags/ingestion_postgres_dag.py
[2026-03-27T12:44:36.415+0000] {logging_mixin.py:190} INFO - [2026-03-27T12:44:36.414+0000] {dag.py:3239} INFO - Sync 1 DAGs
[2026-03-27T12:44:36.437+0000] {logging_mixin.py:190} INFO - [2026-03-27T12:44:36.437+0000] {dag.py:4180} INFO - Setting next_dagrun for ingestion_postgres_tmdb to 2026-03-02 10:00:00+00:00, run_after=2026-04-06 10:00:00+00:00
[2026-03-27T12:44:36.456+0000] {processor.py:208} INFO - Processing /opt/airflow/dags/ingestion_postgres_dag.py took 0.106 seconds
[2026-03-27T12:45:06.849+0000] {processor.py:186} INFO - Started process (PID=3677) to work on /opt/airflow/dags/ingestion_postgres_dag.py
[2026-03-27T12:45:06.850+0000] {processor.py:914} INFO - Processing file /opt/airflow/dags/ingestion_postgres_dag.py for tasks to queue
[2026-03-27T12:45:06.852+0000] {logging_mixin.py:190} INFO - [2026-03-27T12:45:06.852+0000] {dagbag.py:588} INFO - Filling up the DagBag from /opt/airflow/dags/ingestion_postgres_dag.py
[2026-03-27T12:45:06.869+0000] {processor.py:925} INFO - DAG(s) 'ingestion_postgres_tmdb' retrieved from /opt/airflow/dags/ingestion_postgres_dag.py
[2026-03-27T12:45:06.895+0000] {logging_mixin.py:190} INFO - [2026-03-27T12:45:06.895+0000] {dag.py:3239} INFO - Sync 1 DAGs
[2026-03-27T12:45:06.914+0000] {logging_mixin.py:190} INFO - [2026-03-27T12:45:06.914+0000] {dag.py:4180} INFO - Setting next_dagrun for ingestion_postgres_tmdb to 2026-03-02 10:00:00+00:00, run_after=2026-04-06 10:00:00+00:00
[2026-03-27T12:45:06.932+0000] {processor.py:208} INFO - Processing /opt/airflow/dags/ingestion_postgres_dag.py took 0.089 seconds
[2026-03-27T12:45:37.347+0000] {processor.py:186} INFO - Started process (PID=3687) to work on /opt/airflow/dags/ingestion_postgres_dag.py
[2026-03-27T12:45:37.348+0000] {processor.py:914} INFO - Processing file /opt/airflow/dags/ingestion_postgres_dag.py for tasks to queue
[2026-03-27T12:45:37.351+0000] {logging_mixin.py:190} INFO - [2026-03-27T12:45:37.351+0000] {dagbag.py:588} INFO - Filling up the DagBag from /opt/airflow/dags/ingestion_postgres_dag.py
[2026-03-27T12:45:37.370+0000] {processor.py:925} INFO - DAG(s) 'ingestion_postgres_tmdb' retrieved from /opt/airflow/dags/ingestion_postgres_dag.py
[2026-03-27T12:45:37.402+0000] {logging_mixin.py:190} INFO - [2026-03-27T12:45:37.402+0000] {dag.py:3239} INFO - Sync 1 DAGs
[2026-03-27T12:45:37.425+0000] {logging_mixin.py:190} INFO - [2026-03-27T12:45:37.425+0000] {dag.py:4180} INFO - Setting next_dagrun for ingestion_postgres_tmdb to 2026-03-02 10:00:00+00:00, run_after=2026-04-06 10:00:00+00:00
[2026-03-27T12:45:37.443+0000] {processor.py:208} INFO - Processing /opt/airflow/dags/ingestion_postgres_dag.py took 0.104 seconds
[2026-03-27T12:46:07.784+0000] {processor.py:186} INFO - Started process (PID=3697) to work on /opt/airflow/dags/ingestion_postgres_dag.py
[2026-03-27T12:46:07.786+0000] {processor.py:914} INFO - Processing file /opt/airflow/dags/ingestion_postgres_dag.py for tasks to queue
[2026-03-27T12:46:07.788+0000] {logging_mixin.py:190} INFO - [2026-03-27T12:46:07.788+0000] {dagbag.py:588} INFO - Filling up the DagBag from /opt/airflow/dags/ingestion_postgres_dag.py
[2026-03-27T12:46:07.809+0000] {processor.py:925} INFO - DAG(s) 'ingestion_postgres_tmdb' retrieved from /opt/airflow/dags/ingestion_postgres_dag.py
[2026-03-27T12:46:07.836+0000] {logging_mixin.py:190} INFO - [2026-03-27T12:46:07.836+0000] {dag.py:3239} INFO - Sync 1 DAGs
[2026-03-27T12:46:07.858+0000] {logging_mixin.py:190} INFO - [2026-03-27T12:46:07.858+0000] {dag.py:4180} INFO - Setting next_dagrun for ingestion_postgres_tmdb to 2026-03-02 10:00:00+00:00, run_after=2026-04-06 10:00:00+00:00
[2026-03-27T12:46:07.877+0000] {processor.py:208} INFO - Processing /opt/airflow/dags/ingestion_postgres_dag.py took 0.103 seconds
[2026-03-27T12:46:38.266+0000] {processor.py:186} INFO - Started process (PID=3707) to work on /opt/airflow/dags/ingestion_postgres_dag.py
[2026-03-27T12:46:38.267+0000] {processor.py:914} INFO - Processing file /opt/airflow/dags/ingestion_postgres_dag.py for tasks to queue
[2026-03-27T12:46:38.270+0000] {logging_mixin.py:190} INFO - [2026-03-27T12:46:38.269+0000] {dagbag.py:588} INFO - Filling up the DagBag from /opt/airflow/dags/ingestion_postgres_dag.py
[2026-03-27T12:46:38.291+0000] {processor.py:925} INFO - DAG(s) 'ingestion_postgres_tmdb' retrieved from /opt/airflow/dags/ingestion_postgres_dag.py
[2026-03-27T12:46:38.324+0000] {logging_mixin.py:190} INFO - [2026-03-27T12:46:38.324+0000] {dag.py:3239} INFO - Sync 1 DAGs
[2026-03-27T12:46:38.347+0000] {logging_mixin.py:190} INFO - [2026-03-27T12:46:38.346+0000] {dag.py:4180} INFO - Setting next_dagrun for ingestion_postgres_tmdb to 2026-03-02 10:00:00+00:00, run_after=2026-04-06 10:00:00+00:00
[2026-03-27T12:46:38.365+0000] {processor.py:208} INFO - Processing /opt/airflow/dags/ingestion_postgres_dag.py took 0.105 seconds
[2026-03-27T12:47:08.700+0000] {processor.py:186} INFO - Started process (PID=3717) to work on /opt/airflow/dags/ingestion_postgres_dag.py
[2026-03-27T12:47:08.702+0000] {processor.py:914} INFO - Processing file /opt/airflow/dags/ingestion_postgres_dag.py for tasks to queue
[2026-03-27T12:47:08.705+0000] {logging_mixin.py:190} INFO - [2026-03-27T12:47:08.705+0000] {dagbag.py:588} INFO - Filling up the DagBag from /opt/airflow/dags/ingestion_postgres_dag.py
[2026-03-27T12:47:08.746+0000] {processor.py:925} INFO - DAG(s) 'ingestion_postgres_tmdb' retrieved from /opt/airflow/dags/ingestion_postgres_dag.py
[2026-03-27T12:47:08.784+0000] {logging_mixin.py:190} INFO - [2026-03-27T12:47:08.784+0000] {dag.py:3239} INFO - Sync 1 DAGs
[2026-03-27T12:47:08.815+0000] {logging_mixin.py:190} INFO - [2026-03-27T12:47:08.814+0000] {dag.py:4180} INFO - Setting next_dagrun for ingestion_postgres_tmdb to 2026-03-02 10:00:00+00:00, run_after=2026-04-06 10:00:00+00:00
[2026-03-27T12:47:08.842+0000] {processor.py:208} INFO - Processing /opt/airflow/dags/ingestion_postgres_dag.py took 0.149 seconds
[2026-03-27T12:47:39.353+0000] {processor.py:186} INFO - Started process (PID=3727) to work on /opt/airflow/dags/ingestion_postgres_dag.py
[2026-03-27T12:47:39.354+0000] {processor.py:914} INFO - Processing file /opt/airflow/dags/ingestion_postgres_dag.py for tasks to queue
[2026-03-27T12:47:39.356+0000] {logging_mixin.py:190} INFO - [2026-03-27T12:47:39.356+0000] {dagbag.py:588} INFO - Filling up the DagBag from /opt/airflow/dags/ingestion_postgres_dag.py
[2026-03-27T12:47:39.383+0000] {processor.py:925} INFO - DAG(s) 'ingestion_postgres_tmdb' retrieved from /opt/airflow/dags/ingestion_postgres_dag.py
[2026-03-27T12:47:39.410+0000] {logging_mixin.py:190} INFO - [2026-03-27T12:47:39.410+0000] {dag.py:3239} INFO - Sync 1 DAGs
[2026-03-27T12:47:39.432+0000] {logging_mixin.py:190} INFO - [2026-03-27T12:47:39.432+0000] {dag.py:4180} INFO - Setting next_dagrun for ingestion_postgres_tmdb to 2026-03-02 10:00:00+00:00, run_after=2026-04-06 10:00:00+00:00
[2026-03-27T12:47:39.450+0000] {processor.py:208} INFO - Processing /opt/airflow/dags/ingestion_postgres_dag.py took 0.104 seconds
[2026-03-27T12:48:09.922+0000] {processor.py:186} INFO - Started process (PID=3737) to work on /opt/airflow/dags/ingestion_postgres_dag.py
[2026-03-27T12:48:09.929+0000] {processor.py:914} INFO - Processing file /opt/airflow/dags/ingestion_postgres_dag.py for tasks to queue
[2026-03-27T12:48:09.932+0000] {logging_mixin.py:190} INFO - [2026-03-27T12:48:09.931+0000] {dagbag.py:588} INFO - Filling up the DagBag from /opt/airflow/dags/ingestion_postgres_dag.py
[2026-03-27T12:48:09.950+0000] {processor.py:925} INFO - DAG(s) 'ingestion_postgres_tmdb' retrieved from /opt/airflow/dags/ingestion_postgres_dag.py
[2026-03-27T12:48:09.977+0000] {logging_mixin.py:190} INFO - [2026-03-27T12:48:09.976+0000] {dag.py:3239} INFO - Sync 1 DAGs
[2026-03-27T12:48:09.999+0000] {logging_mixin.py:190} INFO - [2026-03-27T12:48:09.999+0000] {dag.py:4180} INFO - Setting next_dagrun for ingestion_postgres_tmdb to 2026-03-02 10:00:00+00:00, run_after=2026-04-06 10:00:00+00:00
[2026-03-27T12:48:10.018+0000] {processor.py:208} INFO - Processing /opt/airflow/dags/ingestion_postgres_dag.py took 0.101 seconds
[2026-03-27T12:48:40.320+0000] {processor.py:186} INFO - Started process (PID=3747) to work on /opt/airflow/dags/ingestion_postgres_dag.py
[2026-03-27T12:48:40.322+0000] {processor.py:914} INFO - Processing file /opt/airflow/dags/ingestion_postgres_dag.py for tasks to queue
[2026-03-27T12:48:40.329+0000] {logging_mixin.py:190} INFO - [2026-03-27T12:48:40.328+0000] {dagbag.py:588} INFO - Filling up the DagBag from /opt/airflow/dags/ingestion_postgres_dag.py
[2026-03-27T12:48:40.348+0000] {processor.py:925} INFO - DAG(s) 'ingestion_postgres_tmdb' retrieved from /opt/airflow/dags/ingestion_postgres_dag.py
[2026-03-27T12:48:40.382+0000] {logging_mixin.py:190} INFO - [2026-03-27T12:48:40.382+0000] {dag.py:3239} INFO - Sync 1 DAGs
[2026-03-27T12:48:40.405+0000] {logging_mixin.py:190} INFO - [2026-03-27T12:48:40.405+0000] {dag.py:4180} INFO - Setting next_dagrun for ingestion_postgres_tmdb to 2026-03-02 10:00:00+00:00, run_after=2026-04-06 10:00:00+00:00
[2026-03-27T12:48:40.442+0000] {processor.py:208} INFO - Processing /opt/airflow/dags/ingestion_postgres_dag.py took 0.129 seconds
[2026-03-27T12:49:10.757+0000] {processor.py:186} INFO - Started process (PID=3757) to work on /opt/airflow/dags/ingestion_postgres_dag.py
[2026-03-27T12:49:10.758+0000] {processor.py:914} INFO - Processing file /opt/airflow/dags/ingestion_postgres_dag.py for tasks to queue
[2026-03-27T12:49:10.760+0000] {logging_mixin.py:190} INFO - [2026-03-27T12:49:10.760+0000] {dagbag.py:588} INFO - Filling up the DagBag from /opt/airflow/dags/ingestion_postgres_dag.py
[2026-03-27T12:49:10.778+0000] {processor.py:925} INFO - DAG(s) 'ingestion_postgres_tmdb' retrieved from /opt/airflow/dags/ingestion_postgres_dag.py
[2026-03-27T12:49:10.805+0000] {logging_mixin.py:190} INFO - [2026-03-27T12:49:10.805+0000] {dag.py:3239} INFO - Sync 1 DAGs
[2026-03-27T12:49:10.827+0000] {logging_mixin.py:190} INFO - [2026-03-27T12:49:10.827+0000] {dag.py:4180} INFO - Setting next_dagrun for ingestion_postgres_tmdb to 2026-03-02 10:00:00+00:00, run_after=2026-04-06 10:00:00+00:00
[2026-03-27T12:49:10.847+0000] {processor.py:208} INFO - Processing /opt/airflow/dags/ingestion_postgres_dag.py took 0.096 seconds
[2026-03-27T12:49:41.256+0000] {processor.py:186} INFO - Started process (PID=3767) to work on /opt/airflow/dags/ingestion_postgres_dag.py
[2026-03-27T12:49:41.258+0000] {processor.py:914} INFO - Processing file /opt/airflow/dags/ingestion_postgres_dag.py for tasks to queue
[2026-03-27T12:49:41.261+0000] {logging_mixin.py:190} INFO - [2026-03-27T12:49:41.261+0000] {dagbag.py:588} INFO - Filling up the DagBag from /opt/airflow/dags/ingestion_postgres_dag.py
[2026-03-27T12:49:41.277+0000] {processor.py:925} INFO - DAG(s) 'ingestion_postgres_tmdb' retrieved from /opt/airflow/dags/ingestion_postgres_dag.py
[2026-03-27T12:49:41.305+0000] {logging_mixin.py:190} INFO - [2026-03-27T12:49:41.305+0000] {dag.py:3239} INFO - Sync 1 DAGs
[2026-03-27T12:49:41.331+0000] {logging_mixin.py:190} INFO - [2026-03-27T12:49:41.331+0000] {dag.py:4180} INFO - Setting next_dagrun for ingestion_postgres_tmdb to 2026-03-02 10:00:00+00:00, run_after=2026-04-06 10:00:00+00:00
[2026-03-27T12:49:41.352+0000] {processor.py:208} INFO - Processing /opt/airflow/dags/ingestion_postgres_dag.py took 0.102 seconds
[2026-03-27T12:50:11.600+0000] {processor.py:186} INFO - Started process (PID=3777) to work on /opt/airflow/dags/ingestion_postgres_dag.py
[2026-03-27T12:50:11.601+0000] {processor.py:914} INFO - Processing file /opt/airflow/dags/ingestion_postgres_dag.py for tasks to queue
[2026-03-27T12:50:11.604+0000] {logging_mixin.py:190} INFO - [2026-03-27T12:50:11.603+0000] {dagbag.py:588} INFO - Filling up the DagBag from /opt/airflow/dags/ingestion_postgres_dag.py
[2026-03-27T12:50:11.625+0000] {processor.py:925} INFO - DAG(s) 'ingestion_postgres_tmdb' retrieved from /opt/airflow/dags/ingestion_postgres_dag.py
[2026-03-27T12:50:11.658+0000] {logging_mixin.py:190} INFO - [2026-03-27T12:50:11.658+0000] {dag.py:3239} INFO - Sync 1 DAGs
[2026-03-27T12:50:11.682+0000] {logging_mixin.py:190} INFO - [2026-03-27T12:50:11.682+0000] {dag.py:4180} INFO - Setting next_dagrun for ingestion_postgres_tmdb to 2026-03-02 10:00:00+00:00, run_after=2026-04-06 10:00:00+00:00
[2026-03-27T12:50:11.702+0000] {processor.py:208} INFO - Processing /opt/airflow/dags/ingestion_postgres_dag.py took 0.109 seconds
[2026-03-27T12:50:42.104+0000] {processor.py:186} INFO - Started process (PID=3787) to work on /opt/airflow/dags/ingestion_postgres_dag.py
[2026-03-27T12:50:42.108+0000] {processor.py:914} INFO - Processing file /opt/airflow/dags/ingestion_postgres_dag.py for tasks to queue
[2026-03-27T12:50:42.111+0000] {logging_mixin.py:190} INFO - [2026-03-27T12:50:42.111+0000] {dagbag.py:588} INFO - Filling up the DagBag from /opt/airflow/dags/ingestion_postgres_dag.py
[2026-03-27T12:50:42.131+0000] {processor.py:925} INFO - DAG(s) 'ingestion_postgres_tmdb' retrieved from /opt/airflow/dags/ingestion_postgres_dag.py
[2026-03-27T12:50:42.161+0000] {logging_mixin.py:190} INFO - [2026-03-27T12:50:42.161+0000] {dag.py:3239} INFO - Sync 1 DAGs
[2026-03-27T12:50:42.182+0000] {logging_mixin.py:190} INFO - [2026-03-27T12:50:42.182+0000] {dag.py:4180} INFO - Setting next_dagrun for ingestion_postgres_tmdb to 2026-03-02 10:00:00+00:00, run_after=2026-04-06 10:00:00+00:00
[2026-03-27T12:50:42.203+0000] {processor.py:208} INFO - Processing /opt/airflow/dags/ingestion_postgres_dag.py took 0.107 seconds
[2026-03-27T12:51:12.643+0000] {processor.py:186} INFO - Started process (PID=3797) to work on /opt/airflow/dags/ingestion_postgres_dag.py
[2026-03-27T12:51:12.645+0000] {processor.py:914} INFO - Processing file /opt/airflow/dags/ingestion_postgres_dag.py for tasks to queue
[2026-03-27T12:51:12.649+0000] {logging_mixin.py:190} INFO - [2026-03-27T12:51:12.648+0000] {dagbag.py:588} INFO - Filling up the DagBag from /opt/airflow/dags/ingestion_postgres_dag.py
[2026-03-27T12:51:12.677+0000] {processor.py:925} INFO - DAG(s) 'ingestion_postgres_tmdb' retrieved from /opt/airflow/dags/ingestion_postgres_dag.py
[2026-03-27T12:51:12.705+0000] {logging_mixin.py:190} INFO - [2026-03-27T12:51:12.705+0000] {dag.py:3239} INFO - Sync 1 DAGs
[2026-03-27T12:51:12.729+0000] {logging_mixin.py:190} INFO - [2026-03-27T12:51:12.728+0000] {dag.py:4180} INFO - Setting next_dagrun for ingestion_postgres_tmdb to 2026-03-02 10:00:00+00:00, run_after=2026-04-06 10:00:00+00:00
[2026-03-27T12:51:12.749+0000] {processor.py:208} INFO - Processing /opt/airflow/dags/ingestion_postgres_dag.py took 0.114 seconds
[2026-03-27T12:51:43.010+0000] {processor.py:186} INFO - Started process (PID=3807) to work on /opt/airflow/dags/ingestion_postgres_dag.py
[2026-03-27T12:51:43.011+0000] {processor.py:914} INFO - Processing file /opt/airflow/dags/ingestion_postgres_dag.py for tasks to queue
[2026-03-27T12:51:43.014+0000] {logging_mixin.py:190} INFO - [2026-03-27T12:51:43.014+0000] {dagbag.py:588} INFO - Filling up the DagBag from /opt/airflow/dags/ingestion_postgres_dag.py
[2026-03-27T12:51:43.034+0000] {processor.py:925} INFO - DAG(s) 'ingestion_postgres_tmdb' retrieved from /opt/airflow/dags/ingestion_postgres_dag.py
[2026-03-27T12:51:43.061+0000] {logging_mixin.py:190} INFO - [2026-03-27T12:51:43.061+0000] {dag.py:3239} INFO - Sync 1 DAGs
[2026-03-27T12:51:43.084+0000] {logging_mixin.py:190} INFO - [2026-03-27T12:51:43.084+0000] {dag.py:4180} INFO - Setting next_dagrun for ingestion_postgres_tmdb to 2026-03-02 10:00:00+00:00, run_after=2026-04-06 10:00:00+00:00
[2026-03-27T12:51:43.107+0000] {processor.py:208} INFO - Processing /opt/airflow/dags/ingestion_postgres_dag.py took 0.106 seconds
[2026-03-27T12:52:13.499+0000] {processor.py:186} INFO - Started process (PID=3817) to work on /opt/airflow/dags/ingestion_postgres_dag.py
[2026-03-27T12:52:13.500+0000] {processor.py:914} INFO - Processing file /opt/airflow/dags/ingestion_postgres_dag.py for tasks to queue
[2026-03-27T12:52:13.502+0000] {logging_mixin.py:190} INFO - [2026-03-27T12:52:13.502+0000] {dagbag.py:588} INFO - Filling up the DagBag from /opt/airflow/dags/ingestion_postgres_dag.py
[2026-03-27T12:52:13.521+0000] {processor.py:925} INFO - DAG(s) 'ingestion_postgres_tmdb' retrieved from /opt/airflow/dags/ingestion_postgres_dag.py
[2026-03-27T12:52:13.551+0000] {logging_mixin.py:190} INFO - [2026-03-27T12:52:13.550+0000] {dag.py:3239} INFO - Sync 1 DAGs
[2026-03-27T12:52:13.574+0000] {logging_mixin.py:190} INFO - [2026-03-27T12:52:13.574+0000] {dag.py:4180} INFO - Setting next_dagrun for ingestion_postgres_tmdb to 2026-03-02 10:00:00+00:00, run_after=2026-04-06 10:00:00+00:00
[2026-03-27T12:52:13.592+0000] {processor.py:208} INFO - Processing /opt/airflow/dags/ingestion_postgres_dag.py took 0.099 seconds
[2026-03-27T12:52:44.007+0000] {processor.py:186} INFO - Started process (PID=3827) to work on /opt/airflow/dags/ingestion_postgres_dag.py
[2026-03-27T12:52:44.008+0000] {processor.py:914} INFO - Processing file /opt/airflow/dags/ingestion_postgres_dag.py for tasks to queue
[2026-03-27T12:52:44.011+0000] {logging_mixin.py:190} INFO - [2026-03-27T12:52:44.011+0000] {dagbag.py:588} INFO - Filling up the DagBag from /opt/airflow/dags/ingestion_postgres_dag.py
[2026-03-27T12:52:44.037+0000] {processor.py:925} INFO - DAG(s) 'ingestion_postgres_tmdb' retrieved from /opt/airflow/dags/ingestion_postgres_dag.py
[2026-03-27T12:52:44.066+0000] {logging_mixin.py:190} INFO - [2026-03-27T12:52:44.066+0000] {dag.py:3239} INFO - Sync 1 DAGs
[2026-03-27T12:52:44.090+0000] {logging_mixin.py:190} INFO - [2026-03-27T12:52:44.090+0000] {dag.py:4180} INFO - Setting next_dagrun for ingestion_postgres_tmdb to 2026-03-02 10:00:00+00:00, run_after=2026-04-06 10:00:00+00:00
[2026-03-27T12:52:44.110+0000] {processor.py:208} INFO - Processing /opt/airflow/dags/ingestion_postgres_dag.py took 0.109 seconds
[2026-03-27T12:53:14.541+0000] {processor.py:186} INFO - Started process (PID=3837) to work on /opt/airflow/dags/ingestion_postgres_dag.py
[2026-03-27T12:53:14.542+0000] {processor.py:914} INFO - Processing file /opt/airflow/dags/ingestion_postgres_dag.py for tasks to queue
[2026-03-27T12:53:14.545+0000] {logging_mixin.py:190} INFO - [2026-03-27T12:53:14.545+0000] {dagbag.py:588} INFO - Filling up the DagBag from /opt/airflow/dags/ingestion_postgres_dag.py
[2026-03-27T12:53:14.565+0000] {processor.py:925} INFO - DAG(s) 'ingestion_postgres_tmdb' retrieved from /opt/airflow/dags/ingestion_postgres_dag.py
[2026-03-27T12:53:14.593+0000] {logging_mixin.py:190} INFO - [2026-03-27T12:53:14.593+0000] {dag.py:3239} INFO - Sync 1 DAGs
[2026-03-27T12:53:14.617+0000] {logging_mixin.py:190} INFO - [2026-03-27T12:53:14.617+0000] {dag.py:4180} INFO - Setting next_dagrun for ingestion_postgres_tmdb to 2026-03-02 10:00:00+00:00, run_after=2026-04-06 10:00:00+00:00
[2026-03-27T12:53:14.635+0000] {processor.py:208} INFO - Processing /opt/airflow/dags/ingestion_postgres_dag.py took 0.101 seconds
[2026-03-27T12:53:44.931+0000] {processor.py:186} INFO - Started process (PID=3847) to work on /opt/airflow/dags/ingestion_postgres_dag.py
[2026-03-27T12:53:44.932+0000] {processor.py:914} INFO - Processing file /opt/airflow/dags/ingestion_postgres_dag.py for tasks to queue
[2026-03-27T12:53:44.934+0000] {logging_mixin.py:190} INFO - [2026-03-27T12:53:44.934+0000] {dagbag.py:588} INFO - Filling up the DagBag from /opt/airflow/dags/ingestion_postgres_dag.py
[2026-03-27T12:53:44.954+0000] {processor.py:925} INFO - DAG(s) 'ingestion_postgres_tmdb' retrieved from /opt/airflow/dags/ingestion_postgres_dag.py
[2026-03-27T12:53:44.985+0000] {logging_mixin.py:190} INFO - [2026-03-27T12:53:44.985+0000] {dag.py:3239} INFO - Sync 1 DAGs
[2026-03-27T12:53:45.008+0000] {logging_mixin.py:190} INFO - [2026-03-27T12:53:45.008+0000] {dag.py:4180} INFO - Setting next_dagrun for ingestion_postgres_tmdb to 2026-03-02 10:00:00+00:00, run_after=2026-04-06 10:00:00+00:00
[2026-03-27T12:53:45.024+0000] {processor.py:208} INFO - Processing /opt/airflow/dags/ingestion_postgres_dag.py took 0.099 seconds
[2026-03-27T12:54:15.425+0000] {processor.py:186} INFO - Started process (PID=3857) to work on /opt/airflow/dags/ingestion_postgres_dag.py
[2026-03-27T12:54:15.426+0000] {processor.py:914} INFO - Processing file /opt/airflow/dags/ingestion_postgres_dag.py for tasks to queue
[2026-03-27T12:54:15.428+0000] {logging_mixin.py:190} INFO - [2026-03-27T12:54:15.428+0000] {dagbag.py:588} INFO - Filling up the DagBag from /opt/airflow/dags/ingestion_postgres_dag.py
[2026-03-27T12:54:15.454+0000] {processor.py:925} INFO - DAG(s) 'ingestion_postgres_tmdb' retrieved from /opt/airflow/dags/ingestion_postgres_dag.py
[2026-03-27T12:54:15.484+0000] {logging_mixin.py:190} INFO - [2026-03-27T12:54:15.484+0000] {dag.py:3239} INFO - Sync 1 DAGs
[2026-03-27T12:54:15.510+0000] {logging_mixin.py:190} INFO - [2026-03-27T12:54:15.510+0000] {dag.py:4180} INFO - Setting next_dagrun for ingestion_postgres_tmdb to 2026-03-02 10:00:00+00:00, run_after=2026-04-06 10:00:00+00:00
[2026-03-27T12:54:15.534+0000] {processor.py:208} INFO - Processing /opt/airflow/dags/ingestion_postgres_dag.py took 0.116 seconds
[2026-03-27T12:54:45.787+0000] {processor.py:186} INFO - Started process (PID=3867) to work on /opt/airflow/dags/ingestion_postgres_dag.py
[2026-03-27T12:54:45.789+0000] {processor.py:914} INFO - Processing file /opt/airflow/dags/ingestion_postgres_dag.py for tasks to queue
[2026-03-27T12:54:45.791+0000] {logging_mixin.py:190} INFO - [2026-03-27T12:54:45.790+0000] {dagbag.py:588} INFO - Filling up the DagBag from /opt/airflow/dags/ingestion_postgres_dag.py
[2026-03-27T12:54:45.815+0000] {processor.py:925} INFO - DAG(s) 'ingestion_postgres_tmdb' retrieved from /opt/airflow/dags/ingestion_postgres_dag.py
[2026-03-27T12:54:45.847+0000] {logging_mixin.py:190} INFO - [2026-03-27T12:54:45.846+0000] {dag.py:3239} INFO - Sync 1 DAGs
[2026-03-27T12:54:45.870+0000] {logging_mixin.py:190} INFO - [2026-03-27T12:54:45.869+0000] {dag.py:4180} INFO - Setting next_dagrun for ingestion_postgres_tmdb to 2026-03-02 10:00:00+00:00, run_after=2026-04-06 10:00:00+00:00
[2026-03-27T12:54:45.891+0000] {processor.py:208} INFO - Processing /opt/airflow/dags/ingestion_postgres_dag.py took 0.111 seconds
[2026-03-27T12:55:16.252+0000] {processor.py:186} INFO - Started process (PID=3877) to work on /opt/airflow/dags/ingestion_postgres_dag.py
[2026-03-27T12:55:16.253+0000] {processor.py:914} INFO - Processing file /opt/airflow/dags/ingestion_postgres_dag.py for tasks to queue
[2026-03-27T12:55:16.256+0000] {logging_mixin.py:190} INFO - [2026-03-27T12:55:16.256+0000] {dagbag.py:588} INFO - Filling up the DagBag from /opt/airflow/dags/ingestion_postgres_dag.py
[2026-03-27T12:55:16.278+0000] {processor.py:925} INFO - DAG(s) 'ingestion_postgres_tmdb' retrieved from /opt/airflow/dags/ingestion_postgres_dag.py
[2026-03-27T12:55:16.340+0000] {logging_mixin.py:190} INFO - [2026-03-27T12:55:16.339+0000] {dag.py:3239} INFO - Sync 1 DAGs
[2026-03-27T12:55:16.373+0000] {logging_mixin.py:190} INFO - [2026-03-27T12:55:16.373+0000] {dag.py:4180} INFO - Setting next_dagrun for ingestion_postgres_tmdb to 2026-03-02 10:00:00+00:00, run_after=2026-04-06 10:00:00+00:00
[2026-03-27T12:55:16.401+0000] {processor.py:208} INFO - Processing /opt/airflow/dags/ingestion_postgres_dag.py took 0.155 seconds
[2026-03-27T12:55:46.769+0000] {processor.py:186} INFO - Started process (PID=3887) to work on /opt/airflow/dags/ingestion_postgres_dag.py
[2026-03-27T12:55:46.770+0000] {processor.py:914} INFO - Processing file /opt/airflow/dags/ingestion_postgres_dag.py for tasks to queue
[2026-03-27T12:55:46.773+0000] {logging_mixin.py:190} INFO - [2026-03-27T12:55:46.772+0000] {dagbag.py:588} INFO - Filling up the DagBag from /opt/airflow/dags/ingestion_postgres_dag.py
[2026-03-27T12:55:46.794+0000] {processor.py:925} INFO - DAG(s) 'ingestion_postgres_tmdb' retrieved from /opt/airflow/dags/ingestion_postgres_dag.py
[2026-03-27T12:55:46.832+0000] {logging_mixin.py:190} INFO - [2026-03-27T12:55:46.831+0000] {dag.py:3239} INFO - Sync 1 DAGs
[2026-03-27T12:55:46.858+0000] {logging_mixin.py:190} INFO - [2026-03-27T12:55:46.857+0000] {dag.py:4180} INFO - Setting next_dagrun for ingestion_postgres_tmdb to 2026-03-02 10:00:00+00:00, run_after=2026-04-06 10:00:00+00:00
[2026-03-27T12:55:46.878+0000] {processor.py:208} INFO - Processing /opt/airflow/dags/ingestion_postgres_dag.py took 0.118 seconds
[2026-03-27T12:56:17.249+0000] {processor.py:186} INFO - Started process (PID=3897) to work on /opt/airflow/dags/ingestion_postgres_dag.py
[2026-03-27T12:56:17.250+0000] {processor.py:914} INFO - Processing file /opt/airflow/dags/ingestion_postgres_dag.py for tasks to queue
[2026-03-27T12:56:17.252+0000] {logging_mixin.py:190} INFO - [2026-03-27T12:56:17.252+0000] {dagbag.py:588} INFO - Filling up the DagBag from /opt/airflow/dags/ingestion_postgres_dag.py
[2026-03-27T12:56:17.270+0000] {processor.py:925} INFO - DAG(s) 'ingestion_postgres_tmdb' retrieved from /opt/airflow/dags/ingestion_postgres_dag.py
[2026-03-27T12:56:17.297+0000] {logging_mixin.py:190} INFO - [2026-03-27T12:56:17.297+0000] {dag.py:3239} INFO - Sync 1 DAGs
[2026-03-27T12:56:17.321+0000] {logging_mixin.py:190} INFO - [2026-03-27T12:56:17.320+0000] {dag.py:4180} INFO - Setting next_dagrun for ingestion_postgres_tmdb to 2026-03-02 10:00:00+00:00, run_after=2026-04-06 10:00:00+00:00
[2026-03-27T12:56:17.340+0000] {processor.py:208} INFO - Processing /opt/airflow/dags/ingestion_postgres_dag.py took 0.096 seconds
[2026-03-27T12:56:47.639+0000] {processor.py:186} INFO - Started process (PID=3907) to work on /opt/airflow/dags/ingestion_postgres_dag.py
[2026-03-27T12:56:47.640+0000] {processor.py:914} INFO - Processing file /opt/airflow/dags/ingestion_postgres_dag.py for tasks to queue
[2026-03-27T12:56:47.642+0000] {logging_mixin.py:190} INFO - [2026-03-27T12:56:47.642+0000] {dagbag.py:588} INFO - Filling up the DagBag from /opt/airflow/dags/ingestion_postgres_dag.py
[2026-03-27T12:56:47.663+0000] {processor.py:925} INFO - DAG(s) 'ingestion_postgres_tmdb' retrieved from /opt/airflow/dags/ingestion_postgres_dag.py
[2026-03-27T12:56:47.692+0000] {logging_mixin.py:190} INFO - [2026-03-27T12:56:47.692+0000] {dag.py:3239} INFO - Sync 1 DAGs
[2026-03-27T12:56:47.715+0000] {logging_mixin.py:190} INFO - [2026-03-27T12:56:47.715+0000] {dag.py:4180} INFO - Setting next_dagrun for ingestion_postgres_tmdb to 2026-03-02 10:00:00+00:00, run_after=2026-04-06 10:00:00+00:00
[2026-03-27T12:56:47.735+0000] {processor.py:208} INFO - Processing /opt/airflow/dags/ingestion_postgres_dag.py took 0.103 seconds
[2026-03-27T12:57:18.066+0000] {processor.py:186} INFO - Started process (PID=3917) to work on /opt/airflow/dags/ingestion_postgres_dag.py
[2026-03-27T12:57:18.067+0000] {processor.py:914} INFO - Processing file /opt/airflow/dags/ingestion_postgres_dag.py for tasks to queue
[2026-03-27T12:57:18.069+0000] {logging_mixin.py:190} INFO - [2026-03-27T12:57:18.069+0000] {dagbag.py:588} INFO - Filling up the DagBag from /opt/airflow/dags/ingestion_postgres_dag.py
[2026-03-27T12:57:18.093+0000] {processor.py:925} INFO - DAG(s) 'ingestion_postgres_tmdb' retrieved from /opt/airflow/dags/ingestion_postgres_dag.py
[2026-03-27T12:57:18.123+0000] {logging_mixin.py:190} INFO - [2026-03-27T12:57:18.123+0000] {dag.py:3239} INFO - Sync 1 DAGs
[2026-03-27T12:57:18.148+0000] {logging_mixin.py:190} INFO - [2026-03-27T12:57:18.148+0000] {dag.py:4180} INFO - Setting next_dagrun for ingestion_postgres_tmdb to 2026-03-02 10:00:00+00:00, run_after=2026-04-06 10:00:00+00:00
[2026-03-27T12:57:18.168+0000] {processor.py:208} INFO - Processing /opt/airflow/dags/ingestion_postgres_dag.py took 0.108 seconds
[2026-03-27T12:57:48.495+0000] {processor.py:186} INFO - Started process (PID=3927) to work on /opt/airflow/dags/ingestion_postgres_dag.py
[2026-03-27T12:57:48.496+0000] {processor.py:914} INFO - Processing file /opt/airflow/dags/ingestion_postgres_dag.py for tasks to queue
[2026-03-27T12:57:48.499+0000] {logging_mixin.py:190} INFO - [2026-03-27T12:57:48.498+0000] {dagbag.py:588} INFO - Filling up the DagBag from /opt/airflow/dags/ingestion_postgres_dag.py
[2026-03-27T12:57:48.540+0000] {processor.py:925} INFO - DAG(s) 'ingestion_postgres_tmdb' retrieved from /opt/airflow/dags/ingestion_postgres_dag.py
[2026-03-27T12:57:48.580+0000] {logging_mixin.py:190} INFO - [2026-03-27T12:57:48.580+0000] {dag.py:3239} INFO - Sync 1 DAGs
[2026-03-27T12:57:48.607+0000] {logging_mixin.py:190} INFO - [2026-03-27T12:57:48.607+0000] {dag.py:4180} INFO - Setting next_dagrun for ingestion_postgres_tmdb to 2026-03-02 10:00:00+00:00, run_after=2026-04-06 10:00:00+00:00
[2026-03-27T12:57:48.635+0000] {processor.py:208} INFO - Processing /opt/airflow/dags/ingestion_postgres_dag.py took 0.148 seconds
[2026-03-27T12:58:19.045+0000] {processor.py:186} INFO - Started process (PID=3937) to work on /opt/airflow/dags/ingestion_postgres_dag.py
[2026-03-27T12:58:19.046+0000] {processor.py:914} INFO - Processing file /opt/airflow/dags/ingestion_postgres_dag.py for tasks to queue
[2026-03-27T12:58:19.049+0000] {logging_mixin.py:190} INFO - [2026-03-27T12:58:19.048+0000] {dagbag.py:588} INFO - Filling up the DagBag from /opt/airflow/dags/ingestion_postgres_dag.py
[2026-03-27T12:58:19.068+0000] {processor.py:925} INFO - DAG(s) 'ingestion_postgres_tmdb' retrieved from /opt/airflow/dags/ingestion_postgres_dag.py
[2026-03-27T12:58:19.096+0000] {logging_mixin.py:190} INFO - [2026-03-27T12:58:19.096+0000] {dag.py:3239} INFO - Sync 1 DAGs
[2026-03-27T12:58:19.117+0000] {logging_mixin.py:190} INFO - [2026-03-27T12:58:19.117+0000] {dag.py:4180} INFO - Setting next_dagrun for ingestion_postgres_tmdb to 2026-03-02 10:00:00+00:00, run_after=2026-04-06 10:00:00+00:00
[2026-03-27T12:58:19.136+0000] {processor.py:208} INFO - Processing /opt/airflow/dags/ingestion_postgres_dag.py took 0.099 seconds
[2026-03-27T12:58:49.534+0000] {processor.py:186} INFO - Started process (PID=3947) to work on /opt/airflow/dags/ingestion_postgres_dag.py
[2026-03-27T12:58:49.535+0000] {processor.py:914} INFO - Processing file /opt/airflow/dags/ingestion_postgres_dag.py for tasks to queue
[2026-03-27T12:58:49.537+0000] {logging_mixin.py:190} INFO - [2026-03-27T12:58:49.537+0000] {dagbag.py:588} INFO - Filling up the DagBag from /opt/airflow/dags/ingestion_postgres_dag.py
[2026-03-27T12:58:49.557+0000] {processor.py:925} INFO - DAG(s) 'ingestion_postgres_tmdb' retrieved from /opt/airflow/dags/ingestion_postgres_dag.py
[2026-03-27T12:58:49.588+0000] {logging_mixin.py:190} INFO - [2026-03-27T12:58:49.587+0000] {dag.py:3239} INFO - Sync 1 DAGs
[2026-03-27T12:58:49.612+0000] {logging_mixin.py:190} INFO - [2026-03-27T12:58:49.612+0000] {dag.py:4180} INFO - Setting next_dagrun for ingestion_postgres_tmdb to 2026-03-02 10:00:00+00:00, run_after=2026-04-06 10:00:00+00:00
[2026-03-27T12:58:49.632+0000] {processor.py:208} INFO - Processing /opt/airflow/dags/ingestion_postgres_dag.py took 0.104 seconds
[2026-03-27T12:59:19.966+0000] {processor.py:186} INFO - Started process (PID=3957) to work on /opt/airflow/dags/ingestion_postgres_dag.py
[2026-03-27T12:59:19.967+0000] {processor.py:914} INFO - Processing file /opt/airflow/dags/ingestion_postgres_dag.py for tasks to queue
[2026-03-27T12:59:19.970+0000] {logging_mixin.py:190} INFO - [2026-03-27T12:59:19.969+0000] {dagbag.py:588} INFO - Filling up the DagBag from /opt/airflow/dags/ingestion_postgres_dag.py
[2026-03-27T12:59:19.990+0000] {processor.py:925} INFO - DAG(s) 'ingestion_postgres_tmdb' retrieved from /opt/airflow/dags/ingestion_postgres_dag.py
[2026-03-27T12:59:20.022+0000] {logging_mixin.py:190} INFO - [2026-03-27T12:59:20.021+0000] {dag.py:3239} INFO - Sync 1 DAGs
[2026-03-27T12:59:20.049+0000] {logging_mixin.py:190} INFO - [2026-03-27T12:59:20.048+0000] {dag.py:4180} INFO - Setting next_dagrun for ingestion_postgres_tmdb to 2026-03-02 10:00:00+00:00, run_after=2026-04-06 10:00:00+00:00
[2026-03-27T12:59:20.068+0000] {processor.py:208} INFO - Processing /opt/airflow/dags/ingestion_postgres_dag.py took 0.109 seconds
[2026-03-27T12:59:50.333+0000] {processor.py:186} INFO - Started process (PID=3967) to work on /opt/airflow/dags/ingestion_postgres_dag.py
[2026-03-27T12:59:50.334+0000] {processor.py:914} INFO - Processing file /opt/airflow/dags/ingestion_postgres_dag.py for tasks to queue
[2026-03-27T12:59:50.339+0000] {logging_mixin.py:190} INFO - [2026-03-27T12:59:50.338+0000] {dagbag.py:588} INFO - Filling up the DagBag from /opt/airflow/dags/ingestion_postgres_dag.py
[2026-03-27T12:59:50.367+0000] {processor.py:925} INFO - DAG(s) 'ingestion_postgres_tmdb' retrieved from /opt/airflow/dags/ingestion_postgres_dag.py
[2026-03-27T12:59:50.396+0000] {logging_mixin.py:190} INFO - [2026-03-27T12:59:50.396+0000] {dag.py:3239} INFO - Sync 1 DAGs
[2026-03-27T12:59:50.423+0000] {logging_mixin.py:190} INFO - [2026-03-27T12:59:50.422+0000] {dag.py:4180} INFO - Setting next_dagrun for ingestion_postgres_tmdb to 2026-03-02 10:00:00+00:00, run_after=2026-04-06 10:00:00+00:00
[2026-03-27T12:59:50.449+0000] {processor.py:208} INFO - Processing /opt/airflow/dags/ingestion_postgres_dag.py took 0.124 seconds
[2026-03-27T13:00:20.827+0000] {processor.py:186} INFO - Started process (PID=3977) to work on /opt/airflow/dags/ingestion_postgres_dag.py
[2026-03-27T13:00:20.828+0000] {processor.py:914} INFO - Processing file /opt/airflow/dags/ingestion_postgres_dag.py for tasks to queue
[2026-03-27T13:00:20.830+0000] {logging_mixin.py:190} INFO - [2026-03-27T13:00:20.830+0000] {dagbag.py:588} INFO - Filling up the DagBag from /opt/airflow/dags/ingestion_postgres_dag.py
[2026-03-27T13:00:20.849+0000] {processor.py:925} INFO - DAG(s) 'ingestion_postgres_tmdb' retrieved from /opt/airflow/dags/ingestion_postgres_dag.py
[2026-03-27T13:00:20.878+0000] {logging_mixin.py:190} INFO - [2026-03-27T13:00:20.877+0000] {dag.py:3239} INFO - Sync 1 DAGs
[2026-03-27T13:00:20.907+0000] {logging_mixin.py:190} INFO - [2026-03-27T13:00:20.906+0000] {dag.py:4180} INFO - Setting next_dagrun for ingestion_postgres_tmdb to 2026-03-02 10:00:00+00:00, run_after=2026-04-06 10:00:00+00:00
[2026-03-27T13:00:20.933+0000] {processor.py:208} INFO - Processing /opt/airflow/dags/ingestion_postgres_dag.py took 0.112 seconds
[2026-03-27T13:00:51.133+0000] {processor.py:186} INFO - Started process (PID=3987) to work on /opt/airflow/dags/ingestion_postgres_dag.py
[2026-03-27T13:00:51.134+0000] {processor.py:914} INFO - Processing file /opt/airflow/dags/ingestion_postgres_dag.py for tasks to queue
[2026-03-27T13:00:51.136+0000] {logging_mixin.py:190} INFO - [2026-03-27T13:00:51.136+0000] {dagbag.py:588} INFO - Filling up the DagBag from /opt/airflow/dags/ingestion_postgres_dag.py
[2026-03-27T13:00:51.155+0000] {processor.py:925} INFO - DAG(s) 'ingestion_postgres_tmdb' retrieved from /opt/airflow/dags/ingestion_postgres_dag.py
[2026-03-27T13:00:51.185+0000] {logging_mixin.py:190} INFO - [2026-03-27T13:00:51.185+0000] {dag.py:3239} INFO - Sync 1 DAGs
[2026-03-27T13:00:51.209+0000] {logging_mixin.py:190} INFO - [2026-03-27T13:00:51.209+0000] {dag.py:4180} INFO - Setting next_dagrun for ingestion_postgres_tmdb to 2026-03-02 10:00:00+00:00, run_after=2026-04-06 10:00:00+00:00
[2026-03-27T13:00:51.228+0000] {processor.py:208} INFO - Processing /opt/airflow/dags/ingestion_postgres_dag.py took 0.102 seconds
[2026-03-27T13:01:21.567+0000] {processor.py:186} INFO - Started process (PID=3997) to work on /opt/airflow/dags/ingestion_postgres_dag.py
[2026-03-27T13:01:21.570+0000] {processor.py:914} INFO - Processing file /opt/airflow/dags/ingestion_postgres_dag.py for tasks to queue
[2026-03-27T13:01:21.576+0000] {logging_mixin.py:190} INFO - [2026-03-27T13:01:21.576+0000] {dagbag.py:588} INFO - Filling up the DagBag from /opt/airflow/dags/ingestion_postgres_dag.py
[2026-03-27T13:01:21.618+0000] {processor.py:925} INFO - DAG(s) 'ingestion_postgres_tmdb' retrieved from /opt/airflow/dags/ingestion_postgres_dag.py
[2026-03-27T13:01:21.652+0000] {logging_mixin.py:190} INFO - [2026-03-27T13:01:21.652+0000] {dag.py:3239} INFO - Sync 1 DAGs
[2026-03-27T13:01:21.674+0000] {logging_mixin.py:190} INFO - [2026-03-27T13:01:21.673+0000] {dag.py:4180} INFO - Setting next_dagrun for ingestion_postgres_tmdb to 2026-03-02 10:00:00+00:00, run_after=2026-04-06 10:00:00+00:00
[2026-03-27T13:01:21.695+0000] {processor.py:208} INFO - Processing /opt/airflow/dags/ingestion_postgres_dag.py took 0.136 seconds
[2026-03-27T13:01:52.067+0000] {processor.py:186} INFO - Started process (PID=4007) to work on /opt/airflow/dags/ingestion_postgres_dag.py
[2026-03-27T13:01:52.068+0000] {processor.py:914} INFO - Processing file /opt/airflow/dags/ingestion_postgres_dag.py for tasks to queue
[2026-03-27T13:01:52.070+0000] {logging_mixin.py:190} INFO - [2026-03-27T13:01:52.070+0000] {dagbag.py:588} INFO - Filling up the DagBag from /opt/airflow/dags/ingestion_postgres_dag.py
[2026-03-27T13:01:52.089+0000] {processor.py:925} INFO - DAG(s) 'ingestion_postgres_tmdb' retrieved from /opt/airflow/dags/ingestion_postgres_dag.py
[2026-03-27T13:01:52.119+0000] {logging_mixin.py:190} INFO - [2026-03-27T13:01:52.118+0000] {dag.py:3239} INFO - Sync 1 DAGs
[2026-03-27T13:01:52.142+0000] {logging_mixin.py:190} INFO - [2026-03-27T13:01:52.141+0000] {dag.py:4180} INFO - Setting next_dagrun for ingestion_postgres_tmdb to 2026-03-02 10:00:00+00:00, run_after=2026-04-06 10:00:00+00:00
[2026-03-27T13:01:52.160+0000] {processor.py:208} INFO - Processing /opt/airflow/dags/ingestion_postgres_dag.py took 0.100 seconds
[2026-03-27T13:02:22.448+0000] {processor.py:186} INFO - Started process (PID=4017) to work on /opt/airflow/dags/ingestion_postgres_dag.py
[2026-03-27T13:02:22.450+0000] {processor.py:914} INFO - Processing file /opt/airflow/dags/ingestion_postgres_dag.py for tasks to queue
[2026-03-27T13:02:22.452+0000] {logging_mixin.py:190} INFO - [2026-03-27T13:02:22.452+0000] {dagbag.py:588} INFO - Filling up the DagBag from /opt/airflow/dags/ingestion_postgres_dag.py
[2026-03-27T13:02:22.474+0000] {processor.py:925} INFO - DAG(s) 'ingestion_postgres_tmdb' retrieved from /opt/airflow/dags/ingestion_postgres_dag.py
[2026-03-27T13:02:22.504+0000] {logging_mixin.py:190} INFO - [2026-03-27T13:02:22.504+0000] {dag.py:3239} INFO - Sync 1 DAGs
[2026-03-27T13:02:22.525+0000] {logging_mixin.py:190} INFO - [2026-03-27T13:02:22.525+0000] {dag.py:4180} INFO - Setting next_dagrun for ingestion_postgres_tmdb to 2026-03-02 10:00:00+00:00, run_after=2026-04-06 10:00:00+00:00
[2026-03-27T13:02:22.548+0000] {processor.py:208} INFO - Processing /opt/airflow/dags/ingestion_postgres_dag.py took 0.107 seconds
[2026-03-27T13:02:52.946+0000] {processor.py:186} INFO - Started process (PID=4027) to work on /opt/airflow/dags/ingestion_postgres_dag.py
[2026-03-27T13:02:52.947+0000] {processor.py:914} INFO - Processing file /opt/airflow/dags/ingestion_postgres_dag.py for tasks to queue
[2026-03-27T13:02:52.950+0000] {logging_mixin.py:190} INFO - [2026-03-27T13:02:52.950+0000] {dagbag.py:588} INFO - Filling up the DagBag from /opt/airflow/dags/ingestion_postgres_dag.py
[2026-03-27T13:02:52.970+0000] {processor.py:925} INFO - DAG(s) 'ingestion_postgres_tmdb' retrieved from /opt/airflow/dags/ingestion_postgres_dag.py
[2026-03-27T13:02:53.002+0000] {logging_mixin.py:190} INFO - [2026-03-27T13:02:53.002+0000] {dag.py:3239} INFO - Sync 1 DAGs
[2026-03-27T13:02:53.027+0000] {logging_mixin.py:190} INFO - [2026-03-27T13:02:53.027+0000] {dag.py:4180} INFO - Setting next_dagrun for ingestion_postgres_tmdb to 2026-03-02 10:00:00+00:00, run_after=2026-04-06 10:00:00+00:00
[2026-03-27T13:02:53.045+0000] {processor.py:208} INFO - Processing /opt/airflow/dags/ingestion_postgres_dag.py took 0.105 seconds
[2026-03-27T13:03:23.431+0000] {processor.py:186} INFO - Started process (PID=4037) to work on /opt/airflow/dags/ingestion_postgres_dag.py
[2026-03-27T13:03:23.432+0000] {processor.py:914} INFO - Processing file /opt/airflow/dags/ingestion_postgres_dag.py for tasks to queue
[2026-03-27T13:03:23.434+0000] {logging_mixin.py:190} INFO - [2026-03-27T13:03:23.434+0000] {dagbag.py:588} INFO - Filling up the DagBag from /opt/airflow/dags/ingestion_postgres_dag.py
[2026-03-27T13:03:23.473+0000] {processor.py:925} INFO - DAG(s) 'ingestion_postgres_tmdb' retrieved from /opt/airflow/dags/ingestion_postgres_dag.py
[2026-03-27T13:03:23.508+0000] {logging_mixin.py:190} INFO - [2026-03-27T13:03:23.508+0000] {dag.py:3239} INFO - Sync 1 DAGs
[2026-03-27T13:03:23.536+0000] {logging_mixin.py:190} INFO - [2026-03-27T13:03:23.536+0000] {dag.py:4180} INFO - Setting next_dagrun for ingestion_postgres_tmdb to 2026-03-02 10:00:00+00:00, run_after=2026-04-06 10:00:00+00:00
[2026-03-27T13:03:23.576+0000] {processor.py:208} INFO - Processing /opt/airflow/dags/ingestion_postgres_dag.py took 0.152 seconds
[2026-03-27T13:03:53.966+0000] {processor.py:186} INFO - Started process (PID=4047) to work on /opt/airflow/dags/ingestion_postgres_dag.py
[2026-03-27T13:03:53.967+0000] {processor.py:914} INFO - Processing file /opt/airflow/dags/ingestion_postgres_dag.py for tasks to queue
[2026-03-27T13:03:53.969+0000] {logging_mixin.py:190} INFO - [2026-03-27T13:03:53.969+0000] {dagbag.py:588} INFO - Filling up the DagBag from /opt/airflow/dags/ingestion_postgres_dag.py
[2026-03-27T13:03:54.001+0000] {processor.py:925} INFO - DAG(s) 'ingestion_postgres_tmdb' retrieved from /opt/airflow/dags/ingestion_postgres_dag.py
[2026-03-27T13:03:54.054+0000] {logging_mixin.py:190} INFO - [2026-03-27T13:03:54.053+0000] {dag.py:3239} INFO - Sync 1 DAGs
[2026-03-27T13:03:54.080+0000] {logging_mixin.py:190} INFO - [2026-03-27T13:03:54.080+0000] {dag.py:4180} INFO - Setting next_dagrun for ingestion_postgres_tmdb to 2026-03-02 10:00:00+00:00, run_after=2026-04-06 10:00:00+00:00
[2026-03-27T13:03:54.106+0000] {processor.py:208} INFO - Processing /opt/airflow/dags/ingestion_postgres_dag.py took 0.148 seconds
[2026-03-27T13:04:24.448+0000] {processor.py:186} INFO - Started process (PID=4057) to work on /opt/airflow/dags/ingestion_postgres_dag.py
[2026-03-27T13:04:24.449+0000] {processor.py:914} INFO - Processing file /opt/airflow/dags/ingestion_postgres_dag.py for tasks to queue
[2026-03-27T13:04:24.451+0000] {logging_mixin.py:190} INFO - [2026-03-27T13:04:24.451+0000] {dagbag.py:588} INFO - Filling up the DagBag from /opt/airflow/dags/ingestion_postgres_dag.py
[2026-03-27T13:04:24.473+0000] {processor.py:925} INFO - DAG(s) 'ingestion_postgres_tmdb' retrieved from /opt/airflow/dags/ingestion_postgres_dag.py
[2026-03-27T13:04:24.502+0000] {logging_mixin.py:190} INFO - [2026-03-27T13:04:24.502+0000] {dag.py:3239} INFO - Sync 1 DAGs
[2026-03-27T13:04:24.524+0000] {logging_mixin.py:190} INFO - [2026-03-27T13:04:24.524+0000] {dag.py:4180} INFO - Setting next_dagrun for ingestion_postgres_tmdb to 2026-03-02 10:00:00+00:00, run_after=2026-04-06 10:00:00+00:00
[2026-03-27T13:04:24.544+0000] {processor.py:208} INFO - Processing /opt/airflow/dags/ingestion_postgres_dag.py took 0.102 seconds
[2026-03-27T13:04:54.801+0000] {processor.py:186} INFO - Started process (PID=4067) to work on /opt/airflow/dags/ingestion_postgres_dag.py
[2026-03-27T13:04:54.802+0000] {processor.py:914} INFO - Processing file /opt/airflow/dags/ingestion_postgres_dag.py for tasks to queue
[2026-03-27T13:04:54.804+0000] {logging_mixin.py:190} INFO - [2026-03-27T13:04:54.804+0000] {dagbag.py:588} INFO - Filling up the DagBag from /opt/airflow/dags/ingestion_postgres_dag.py
[2026-03-27T13:04:54.824+0000] {processor.py:925} INFO - DAG(s) 'ingestion_postgres_tmdb' retrieved from /opt/airflow/dags/ingestion_postgres_dag.py
[2026-03-27T13:04:54.850+0000] {logging_mixin.py:190} INFO - [2026-03-27T13:04:54.850+0000] {dag.py:3239} INFO - Sync 1 DAGs
[2026-03-27T13:04:54.873+0000] {logging_mixin.py:190} INFO - [2026-03-27T13:04:54.873+0000] {dag.py:4180} INFO - Setting next_dagrun for ingestion_postgres_tmdb to 2026-03-02 10:00:00+00:00, run_after=2026-04-06 10:00:00+00:00
[2026-03-27T13:04:54.894+0000] {processor.py:208} INFO - Processing /opt/airflow/dags/ingestion_postgres_dag.py took 0.100 seconds
[2026-03-27T13:05:25.265+0000] {processor.py:186} INFO - Started process (PID=4077) to work on /opt/airflow/dags/ingestion_postgres_dag.py
[2026-03-27T13:05:25.266+0000] {processor.py:914} INFO - Processing file /opt/airflow/dags/ingestion_postgres_dag.py for tasks to queue
[2026-03-27T13:05:25.268+0000] {logging_mixin.py:190} INFO - [2026-03-27T13:05:25.268+0000] {dagbag.py:588} INFO - Filling up the DagBag from /opt/airflow/dags/ingestion_postgres_dag.py
[2026-03-27T13:05:25.296+0000] {processor.py:925} INFO - DAG(s) 'ingestion_postgres_tmdb' retrieved from /opt/airflow/dags/ingestion_postgres_dag.py
[2026-03-27T13:05:25.326+0000] {logging_mixin.py:190} INFO - [2026-03-27T13:05:25.325+0000] {dag.py:3239} INFO - Sync 1 DAGs
[2026-03-27T13:05:25.350+0000] {logging_mixin.py:190} INFO - [2026-03-27T13:05:25.350+0000] {dag.py:4180} INFO - Setting next_dagrun for ingestion_postgres_tmdb to 2026-03-02 10:00:00+00:00, run_after=2026-04-06 10:00:00+00:00
[2026-03-27T13:05:25.372+0000] {processor.py:208} INFO - Processing /opt/airflow/dags/ingestion_postgres_dag.py took 0.114 seconds
[2026-03-27T13:05:55.736+0000] {processor.py:186} INFO - Started process (PID=4087) to work on /opt/airflow/dags/ingestion_postgres_dag.py
[2026-03-27T13:05:55.737+0000] {processor.py:914} INFO - Processing file /opt/airflow/dags/ingestion_postgres_dag.py for tasks to queue
[2026-03-27T13:05:55.739+0000] {logging_mixin.py:190} INFO - [2026-03-27T13:05:55.739+0000] {dagbag.py:588} INFO - Filling up the DagBag from /opt/airflow/dags/ingestion_postgres_dag.py
[2026-03-27T13:05:55.755+0000] {processor.py:925} INFO - DAG(s) 'ingestion_postgres_tmdb' retrieved from /opt/airflow/dags/ingestion_postgres_dag.py
[2026-03-27T13:05:55.778+0000] {logging_mixin.py:190} INFO - [2026-03-27T13:05:55.778+0000] {dag.py:3239} INFO - Sync 1 DAGs
[2026-03-27T13:05:55.803+0000] {logging_mixin.py:190} INFO - [2026-03-27T13:05:55.803+0000] {dag.py:4180} INFO - Setting next_dagrun for ingestion_postgres_tmdb to 2026-03-02 10:00:00+00:00, run_after=2026-04-06 10:00:00+00:00
[2026-03-27T13:05:55.849+0000] {processor.py:208} INFO - Processing /opt/airflow/dags/ingestion_postgres_dag.py took 0.119 seconds
[2026-03-27T13:06:26.070+0000] {processor.py:186} INFO - Started process (PID=4097) to work on /opt/airflow/dags/ingestion_postgres_dag.py
[2026-03-27T13:06:26.071+0000] {processor.py:914} INFO - Processing file /opt/airflow/dags/ingestion_postgres_dag.py for tasks to queue
[2026-03-27T13:06:26.074+0000] {logging_mixin.py:190} INFO - [2026-03-27T13:06:26.074+0000] {dagbag.py:588} INFO - Filling up the DagBag from /opt/airflow/dags/ingestion_postgres_dag.py
[2026-03-27T13:06:26.111+0000] {processor.py:925} INFO - DAG(s) 'ingestion_postgres_tmdb' retrieved from /opt/airflow/dags/ingestion_postgres_dag.py
[2026-03-27T13:06:26.145+0000] {logging_mixin.py:190} INFO - [2026-03-27T13:06:26.145+0000] {dag.py:3239} INFO - Sync 1 DAGs
[2026-03-27T13:06:26.171+0000] {logging_mixin.py:190} INFO - [2026-03-27T13:06:26.171+0000] {dag.py:4180} INFO - Setting next_dagrun for ingestion_postgres_tmdb to 2026-03-02 10:00:00+00:00, run_after=2026-04-06 10:00:00+00:00
[2026-03-27T13:06:26.190+0000] {processor.py:208} INFO - Processing /opt/airflow/dags/ingestion_postgres_dag.py took 0.126 seconds
[2026-03-27T13:06:56.536+0000] {processor.py:186} INFO - Started process (PID=4107) to work on /opt/airflow/dags/ingestion_postgres_dag.py
[2026-03-27T13:06:56.538+0000] {processor.py:914} INFO - Processing file /opt/airflow/dags/ingestion_postgres_dag.py for tasks to queue
[2026-03-27T13:06:56.540+0000] {logging_mixin.py:190} INFO - [2026-03-27T13:06:56.540+0000] {dagbag.py:588} INFO - Filling up the DagBag from /opt/airflow/dags/ingestion_postgres_dag.py
[2026-03-27T13:06:56.560+0000] {processor.py:925} INFO - DAG(s) 'ingestion_postgres_tmdb' retrieved from /opt/airflow/dags/ingestion_postgres_dag.py
[2026-03-27T13:06:56.585+0000] {logging_mixin.py:190} INFO - [2026-03-27T13:06:56.585+0000] {dag.py:3239} INFO - Sync 1 DAGs
[2026-03-27T13:06:56.606+0000] {logging_mixin.py:190} INFO - [2026-03-27T13:06:56.605+0000] {dag.py:4180} INFO - Setting next_dagrun for ingestion_postgres_tmdb to 2026-03-02 10:00:00+00:00, run_after=2026-04-06 10:00:00+00:00
[2026-03-27T13:06:56.625+0000] {processor.py:208} INFO - Processing /opt/airflow/dags/ingestion_postgres_dag.py took 0.096 seconds
[2026-03-27T13:07:26.999+0000] {processor.py:186} INFO - Started process (PID=4117) to work on /opt/airflow/dags/ingestion_postgres_dag.py
[2026-03-27T13:07:27.001+0000] {processor.py:914} INFO - Processing file /opt/airflow/dags/ingestion_postgres_dag.py for tasks to queue
[2026-03-27T13:07:27.004+0000] {logging_mixin.py:190} INFO - [2026-03-27T13:07:27.003+0000] {dagbag.py:588} INFO - Filling up the DagBag from /opt/airflow/dags/ingestion_postgres_dag.py
[2026-03-27T13:07:27.028+0000] {processor.py:925} INFO - DAG(s) 'ingestion_postgres_tmdb' retrieved from /opt/airflow/dags/ingestion_postgres_dag.py
[2026-03-27T13:07:27.059+0000] {logging_mixin.py:190} INFO - [2026-03-27T13:07:27.059+0000] {dag.py:3239} INFO - Sync 1 DAGs
[2026-03-27T13:07:27.079+0000] {logging_mixin.py:190} INFO - [2026-03-27T13:07:27.079+0000] {dag.py:4180} INFO - Setting next_dagrun for ingestion_postgres_tmdb to 2026-03-02 10:00:00+00:00, run_after=2026-04-06 10:00:00+00:00
[2026-03-27T13:07:27.100+0000] {processor.py:208} INFO - Processing /opt/airflow/dags/ingestion_postgres_dag.py took 0.112 seconds
[2026-03-27T13:07:57.388+0000] {processor.py:186} INFO - Started process (PID=4127) to work on /opt/airflow/dags/ingestion_postgres_dag.py
[2026-03-27T13:07:57.389+0000] {processor.py:914} INFO - Processing file /opt/airflow/dags/ingestion_postgres_dag.py for tasks to queue
[2026-03-27T13:07:57.392+0000] {logging_mixin.py:190} INFO - [2026-03-27T13:07:57.392+0000] {dagbag.py:588} INFO - Filling up the DagBag from /opt/airflow/dags/ingestion_postgres_dag.py
[2026-03-27T13:07:57.420+0000] {processor.py:925} INFO - DAG(s) 'ingestion_postgres_tmdb' retrieved from /opt/airflow/dags/ingestion_postgres_dag.py
[2026-03-27T13:07:57.447+0000] {logging_mixin.py:190} INFO - [2026-03-27T13:07:57.447+0000] {dag.py:3239} INFO - Sync 1 DAGs
[2026-03-27T13:07:57.470+0000] {logging_mixin.py:190} INFO - [2026-03-27T13:07:57.470+0000] {dag.py:4180} INFO - Setting next_dagrun for ingestion_postgres_tmdb to 2026-03-02 10:00:00+00:00, run_after=2026-04-06 10:00:00+00:00
[2026-03-27T13:07:57.490+0000] {processor.py:208} INFO - Processing /opt/airflow/dags/ingestion_postgres_dag.py took 0.113 seconds
[2026-03-27T13:08:27.863+0000] {processor.py:186} INFO - Started process (PID=4137) to work on /opt/airflow/dags/ingestion_postgres_dag.py
[2026-03-27T13:08:27.864+0000] {processor.py:914} INFO - Processing file /opt/airflow/dags/ingestion_postgres_dag.py for tasks to queue
[2026-03-27T13:08:27.866+0000] {logging_mixin.py:190} INFO - [2026-03-27T13:08:27.866+0000] {dagbag.py:588} INFO - Filling up the DagBag from /opt/airflow/dags/ingestion_postgres_dag.py
[2026-03-27T13:08:27.884+0000] {processor.py:925} INFO - DAG(s) 'ingestion_postgres_tmdb' retrieved from /opt/airflow/dags/ingestion_postgres_dag.py
[2026-03-27T13:08:27.908+0000] {logging_mixin.py:190} INFO - [2026-03-27T13:08:27.908+0000] {dag.py:3239} INFO - Sync 1 DAGs
[2026-03-27T13:08:27.931+0000] {logging_mixin.py:190} INFO - [2026-03-27T13:08:27.931+0000] {dag.py:4180} INFO - Setting next_dagrun for ingestion_postgres_tmdb to 2026-03-02 10:00:00+00:00, run_after=2026-04-06 10:00:00+00:00
[2026-03-27T13:08:27.950+0000] {processor.py:208} INFO - Processing /opt/airflow/dags/ingestion_postgres_dag.py took 0.094 seconds
[2026-03-27T13:08:58.341+0000] {processor.py:186} INFO - Started process (PID=4147) to work on /opt/airflow/dags/ingestion_postgres_dag.py
[2026-03-27T13:08:58.343+0000] {processor.py:914} INFO - Processing file /opt/airflow/dags/ingestion_postgres_dag.py for tasks to queue
[2026-03-27T13:08:58.345+0000] {logging_mixin.py:190} INFO - [2026-03-27T13:08:58.345+0000] {dagbag.py:588} INFO - Filling up the DagBag from /opt/airflow/dags/ingestion_postgres_dag.py
[2026-03-27T13:08:58.362+0000] {processor.py:925} INFO - DAG(s) 'ingestion_postgres_tmdb' retrieved from /opt/airflow/dags/ingestion_postgres_dag.py
[2026-03-27T13:08:58.405+0000] {logging_mixin.py:190} INFO - [2026-03-27T13:08:58.405+0000] {dag.py:3239} INFO - Sync 1 DAGs
[2026-03-27T13:08:58.434+0000] {logging_mixin.py:190} INFO - [2026-03-27T13:08:58.434+0000] {dag.py:4180} INFO - Setting next_dagrun for ingestion_postgres_tmdb to 2026-03-02 10:00:00+00:00, run_after=2026-04-06 10:00:00+00:00
[2026-03-27T13:08:58.458+0000] {processor.py:208} INFO - Processing /opt/airflow/dags/ingestion_postgres_dag.py took 0.126 seconds
[2026-03-27T13:09:28.906+0000] {processor.py:186} INFO - Started process (PID=4157) to work on /opt/airflow/dags/ingestion_postgres_dag.py
[2026-03-27T13:09:28.907+0000] {processor.py:914} INFO - Processing file /opt/airflow/dags/ingestion_postgres_dag.py for tasks to queue
[2026-03-27T13:09:28.909+0000] {logging_mixin.py:190} INFO - [2026-03-27T13:09:28.909+0000] {dagbag.py:588} INFO - Filling up the DagBag from /opt/airflow/dags/ingestion_postgres_dag.py
[2026-03-27T13:09:28.929+0000] {processor.py:925} INFO - DAG(s) 'ingestion_postgres_tmdb' retrieved from /opt/airflow/dags/ingestion_postgres_dag.py
[2026-03-27T13:09:28.968+0000] {logging_mixin.py:190} INFO - [2026-03-27T13:09:28.968+0000] {dag.py:3239} INFO - Sync 1 DAGs
[2026-03-27T13:09:28.992+0000] {logging_mixin.py:190} INFO - [2026-03-27T13:09:28.992+0000] {dag.py:4180} INFO - Setting next_dagrun for ingestion_postgres_tmdb to 2026-03-02 10:00:00+00:00, run_after=2026-04-06 10:00:00+00:00
[2026-03-27T13:09:29.022+0000] {processor.py:208} INFO - Processing /opt/airflow/dags/ingestion_postgres_dag.py took 0.122 seconds
[2026-03-27T13:09:59.159+0000] {processor.py:186} INFO - Started process (PID=4167) to work on /opt/airflow/dags/ingestion_postgres_dag.py
[2026-03-27T13:09:59.161+0000] {processor.py:914} INFO - Processing file /opt/airflow/dags/ingestion_postgres_dag.py for tasks to queue
[2026-03-27T13:09:59.163+0000] {logging_mixin.py:190} INFO - [2026-03-27T13:09:59.163+0000] {dagbag.py:588} INFO - Filling up the DagBag from /opt/airflow/dags/ingestion_postgres_dag.py
[2026-03-27T13:09:59.186+0000] {processor.py:925} INFO - DAG(s) 'ingestion_postgres_tmdb' retrieved from /opt/airflow/dags/ingestion_postgres_dag.py
[2026-03-27T13:09:59.213+0000] {logging_mixin.py:190} INFO - [2026-03-27T13:09:59.213+0000] {dag.py:3239} INFO - Sync 1 DAGs
[2026-03-27T13:09:59.234+0000] {logging_mixin.py:190} INFO - [2026-03-27T13:09:59.234+0000] {dag.py:4180} INFO - Setting next_dagrun for ingestion_postgres_tmdb to 2026-03-02 10:00:00+00:00, run_after=2026-04-06 10:00:00+00:00
[2026-03-27T13:09:59.253+0000] {processor.py:208} INFO - Processing /opt/airflow/dags/ingestion_postgres_dag.py took 0.102 seconds
[2026-03-27T13:10:29.470+0000] {processor.py:186} INFO - Started process (PID=4177) to work on /opt/airflow/dags/ingestion_postgres_dag.py
[2026-03-27T13:10:29.471+0000] {processor.py:914} INFO - Processing file /opt/airflow/dags/ingestion_postgres_dag.py for tasks to queue
[2026-03-27T13:10:29.473+0000] {logging_mixin.py:190} INFO - [2026-03-27T13:10:29.473+0000] {dagbag.py:588} INFO - Filling up the DagBag from /opt/airflow/dags/ingestion_postgres_dag.py
[2026-03-27T13:10:29.490+0000] {processor.py:925} INFO - DAG(s) 'ingestion_postgres_tmdb' retrieved from /opt/airflow/dags/ingestion_postgres_dag.py
[2026-03-27T13:10:29.514+0000] {logging_mixin.py:190} INFO - [2026-03-27T13:10:29.514+0000] {dag.py:3239} INFO - Sync 1 DAGs
[2026-03-27T13:10:29.533+0000] {logging_mixin.py:190} INFO - [2026-03-27T13:10:29.533+0000] {dag.py:4180} INFO - Setting next_dagrun for ingestion_postgres_tmdb to 2026-03-02 10:00:00+00:00, run_after=2026-04-06 10:00:00+00:00
[2026-03-27T13:10:29.553+0000] {processor.py:208} INFO - Processing /opt/airflow/dags/ingestion_postgres_dag.py took 0.089 seconds
[2026-03-27T13:10:59.894+0000] {processor.py:186} INFO - Started process (PID=4187) to work on /opt/airflow/dags/ingestion_postgres_dag.py
[2026-03-27T13:10:59.895+0000] {processor.py:914} INFO - Processing file /opt/airflow/dags/ingestion_postgres_dag.py for tasks to queue
[2026-03-27T13:10:59.899+0000] {logging_mixin.py:190} INFO - [2026-03-27T13:10:59.898+0000] {dagbag.py:588} INFO - Filling up the DagBag from /opt/airflow/dags/ingestion_postgres_dag.py
[2026-03-27T13:10:59.926+0000] {processor.py:925} INFO - DAG(s) 'ingestion_postgres_tmdb' retrieved from /opt/airflow/dags/ingestion_postgres_dag.py
[2026-03-27T13:10:59.967+0000] {logging_mixin.py:190} INFO - [2026-03-27T13:10:59.966+0000] {dag.py:3239} INFO - Sync 1 DAGs
[2026-03-27T13:10:59.997+0000] {logging_mixin.py:190} INFO - [2026-03-27T13:10:59.996+0000] {dag.py:4180} INFO - Setting next_dagrun for ingestion_postgres_tmdb to 2026-03-02 10:00:00+00:00, run_after=2026-04-06 10:00:00+00:00
[2026-03-27T13:11:00.017+0000] {processor.py:208} INFO - Processing /opt/airflow/dags/ingestion_postgres_dag.py took 0.133 seconds
[2026-03-27T13:11:30.214+0000] {processor.py:186} INFO - Started process (PID=4197) to work on /opt/airflow/dags/ingestion_postgres_dag.py
[2026-03-27T13:11:30.215+0000] {processor.py:914} INFO - Processing file /opt/airflow/dags/ingestion_postgres_dag.py for tasks to queue
[2026-03-27T13:11:30.218+0000] {logging_mixin.py:190} INFO - [2026-03-27T13:11:30.217+0000] {dagbag.py:588} INFO - Filling up the DagBag from /opt/airflow/dags/ingestion_postgres_dag.py
[2026-03-27T13:11:30.238+0000] {processor.py:925} INFO - DAG(s) 'ingestion_postgres_tmdb' retrieved from /opt/airflow/dags/ingestion_postgres_dag.py
[2026-03-27T13:11:30.266+0000] {logging_mixin.py:190} INFO - [2026-03-27T13:11:30.265+0000] {dag.py:3239} INFO - Sync 1 DAGs
[2026-03-27T13:11:30.287+0000] {logging_mixin.py:190} INFO - [2026-03-27T13:11:30.286+0000] {dag.py:4180} INFO - Setting next_dagrun for ingestion_postgres_tmdb to 2026-03-02 10:00:00+00:00, run_after=2026-04-06 10:00:00+00:00
[2026-03-27T13:11:30.306+0000] {processor.py:208} INFO - Processing /opt/airflow/dags/ingestion_postgres_dag.py took 0.100 seconds
[2026-03-27T13:12:00.625+0000] {processor.py:186} INFO - Started process (PID=4207) to work on /opt/airflow/dags/ingestion_postgres_dag.py
[2026-03-27T13:12:00.627+0000] {processor.py:914} INFO - Processing file /opt/airflow/dags/ingestion_postgres_dag.py for tasks to queue
[2026-03-27T13:12:00.634+0000] {logging_mixin.py:190} INFO - [2026-03-27T13:12:00.633+0000] {dagbag.py:588} INFO - Filling up the DagBag from /opt/airflow/dags/ingestion_postgres_dag.py
[2026-03-27T13:12:00.663+0000] {processor.py:925} INFO - DAG(s) 'ingestion_postgres_tmdb' retrieved from /opt/airflow/dags/ingestion_postgres_dag.py
[2026-03-27T13:12:00.693+0000] {logging_mixin.py:190} INFO - [2026-03-27T13:12:00.693+0000] {dag.py:3239} INFO - Sync 1 DAGs
[2026-03-27T13:12:00.732+0000] {logging_mixin.py:190} INFO - [2026-03-27T13:12:00.731+0000] {dag.py:4180} INFO - Setting next_dagrun for ingestion_postgres_tmdb to 2026-03-02 10:00:00+00:00, run_after=2026-04-06 10:00:00+00:00
[2026-03-27T13:12:00.760+0000] {processor.py:208} INFO - Processing /opt/airflow/dags/ingestion_postgres_dag.py took 0.141 seconds
[2026-03-27T13:12:30.959+0000] {processor.py:186} INFO - Started process (PID=4217) to work on /opt/airflow/dags/ingestion_postgres_dag.py
[2026-03-27T13:12:30.960+0000] {processor.py:914} INFO - Processing file /opt/airflow/dags/ingestion_postgres_dag.py for tasks to queue
[2026-03-27T13:12:30.963+0000] {logging_mixin.py:190} INFO - [2026-03-27T13:12:30.963+0000] {dagbag.py:588} INFO - Filling up the DagBag from /opt/airflow/dags/ingestion_postgres_dag.py
[2026-03-27T13:12:30.990+0000] {processor.py:925} INFO - DAG(s) 'ingestion_postgres_tmdb' retrieved from /opt/airflow/dags/ingestion_postgres_dag.py
[2026-03-27T13:12:31.023+0000] {logging_mixin.py:190} INFO - [2026-03-27T13:12:31.023+0000] {dag.py:3239} INFO - Sync 1 DAGs
[2026-03-27T13:12:31.044+0000] {logging_mixin.py:190} INFO - [2026-03-27T13:12:31.044+0000] {dag.py:4180} INFO - Setting next_dagrun for ingestion_postgres_tmdb to 2026-03-02 10:00:00+00:00, run_after=2026-04-06 10:00:00+00:00
[2026-03-27T13:12:31.067+0000] {processor.py:208} INFO - Processing /opt/airflow/dags/ingestion_postgres_dag.py took 0.115 seconds
[2026-03-27T13:13:01.420+0000] {processor.py:186} INFO - Started process (PID=4227) to work on /opt/airflow/dags/ingestion_postgres_dag.py
[2026-03-27T13:13:01.421+0000] {processor.py:914} INFO - Processing file /opt/airflow/dags/ingestion_postgres_dag.py for tasks to queue
[2026-03-27T13:13:01.424+0000] {logging_mixin.py:190} INFO - [2026-03-27T13:13:01.424+0000] {dagbag.py:588} INFO - Filling up the DagBag from /opt/airflow/dags/ingestion_postgres_dag.py
[2026-03-27T13:13:01.442+0000] {processor.py:925} INFO - DAG(s) 'ingestion_postgres_tmdb' retrieved from /opt/airflow/dags/ingestion_postgres_dag.py
[2026-03-27T13:13:01.471+0000] {logging_mixin.py:190} INFO - [2026-03-27T13:13:01.470+0000] {dag.py:3239} INFO - Sync 1 DAGs
[2026-03-27T13:13:01.493+0000] {logging_mixin.py:190} INFO - [2026-03-27T13:13:01.493+0000] {dag.py:4180} INFO - Setting next_dagrun for ingestion_postgres_tmdb to 2026-03-02 10:00:00+00:00, run_after=2026-04-06 10:00:00+00:00
[2026-03-27T13:13:01.511+0000] {processor.py:208} INFO - Processing /opt/airflow/dags/ingestion_postgres_dag.py took 0.097 seconds
[2026-03-27T13:13:31.857+0000] {processor.py:186} INFO - Started process (PID=4237) to work on /opt/airflow/dags/ingestion_postgres_dag.py
[2026-03-27T13:13:31.858+0000] {processor.py:914} INFO - Processing file /opt/airflow/dags/ingestion_postgres_dag.py for tasks to queue
[2026-03-27T13:13:31.862+0000] {logging_mixin.py:190} INFO - [2026-03-27T13:13:31.862+0000] {dagbag.py:588} INFO - Filling up the DagBag from /opt/airflow/dags/ingestion_postgres_dag.py
[2026-03-27T13:13:31.889+0000] {processor.py:925} INFO - DAG(s) 'ingestion_postgres_tmdb' retrieved from /opt/airflow/dags/ingestion_postgres_dag.py
[2026-03-27T13:13:31.926+0000] {logging_mixin.py:190} INFO - [2026-03-27T13:13:31.926+0000] {dag.py:3239} INFO - Sync 1 DAGs
[2026-03-27T13:13:31.951+0000] {logging_mixin.py:190} INFO - [2026-03-27T13:13:31.951+0000] {dag.py:4180} INFO - Setting next_dagrun for ingestion_postgres_tmdb to 2026-03-02 10:00:00+00:00, run_after=2026-04-06 10:00:00+00:00
[2026-03-27T13:13:31.979+0000] {processor.py:208} INFO - Processing /opt/airflow/dags/ingestion_postgres_dag.py took 0.130 seconds
[2026-03-27T13:14:02.295+0000] {processor.py:186} INFO - Started process (PID=4247) to work on /opt/airflow/dags/ingestion_postgres_dag.py
[2026-03-27T13:14:02.296+0000] {processor.py:914} INFO - Processing file /opt/airflow/dags/ingestion_postgres_dag.py for tasks to queue
[2026-03-27T13:14:02.299+0000] {logging_mixin.py:190} INFO - [2026-03-27T13:14:02.299+0000] {dagbag.py:588} INFO - Filling up the DagBag from /opt/airflow/dags/ingestion_postgres_dag.py
[2026-03-27T13:14:02.323+0000] {processor.py:925} INFO - DAG(s) 'ingestion_postgres_tmdb' retrieved from /opt/airflow/dags/ingestion_postgres_dag.py
[2026-03-27T13:14:02.352+0000] {logging_mixin.py:190} INFO - [2026-03-27T13:14:02.352+0000] {dag.py:3239} INFO - Sync 1 DAGs
[2026-03-27T13:14:02.375+0000] {logging_mixin.py:190} INFO - [2026-03-27T13:14:02.374+0000] {dag.py:4180} INFO - Setting next_dagrun for ingestion_postgres_tmdb to 2026-03-02 10:00:00+00:00, run_after=2026-04-06 10:00:00+00:00
[2026-03-27T13:14:02.393+0000] {processor.py:208} INFO - Processing /opt/airflow/dags/ingestion_postgres_dag.py took 0.105 seconds
[2026-03-27T13:14:32.718+0000] {processor.py:186} INFO - Started process (PID=4257) to work on /opt/airflow/dags/ingestion_postgres_dag.py
[2026-03-27T13:14:32.719+0000] {processor.py:914} INFO - Processing file /opt/airflow/dags/ingestion_postgres_dag.py for tasks to queue
[2026-03-27T13:14:32.721+0000] {logging_mixin.py:190} INFO - [2026-03-27T13:14:32.721+0000] {dagbag.py:588} INFO - Filling up the DagBag from /opt/airflow/dags/ingestion_postgres_dag.py
[2026-03-27T13:14:32.739+0000] {processor.py:925} INFO - DAG(s) 'ingestion_postgres_tmdb' retrieved from /opt/airflow/dags/ingestion_postgres_dag.py
[2026-03-27T13:14:32.770+0000] {logging_mixin.py:190} INFO - [2026-03-27T13:14:32.769+0000] {dag.py:3239} INFO - Sync 1 DAGs
[2026-03-27T13:14:32.793+0000] {logging_mixin.py:190} INFO - [2026-03-27T13:14:32.792+0000] {dag.py:4180} INFO - Setting next_dagrun for ingestion_postgres_tmdb to 2026-03-02 10:00:00+00:00, run_after=2026-04-06 10:00:00+00:00
[2026-03-27T13:14:32.811+0000] {processor.py:208} INFO - Processing /opt/airflow/dags/ingestion_postgres_dag.py took 0.098 seconds
[2026-03-27T13:15:03.043+0000] {processor.py:186} INFO - Started process (PID=4267) to work on /opt/airflow/dags/ingestion_postgres_dag.py
[2026-03-27T13:15:03.044+0000] {processor.py:914} INFO - Processing file /opt/airflow/dags/ingestion_postgres_dag.py for tasks to queue
[2026-03-27T13:15:03.047+0000] {logging_mixin.py:190} INFO - [2026-03-27T13:15:03.047+0000] {dagbag.py:588} INFO - Filling up the DagBag from /opt/airflow/dags/ingestion_postgres_dag.py
[2026-03-27T13:15:03.078+0000] {processor.py:925} INFO - DAG(s) 'ingestion_postgres_tmdb' retrieved from /opt/airflow/dags/ingestion_postgres_dag.py
[2026-03-27T13:15:03.109+0000] {logging_mixin.py:190} INFO - [2026-03-27T13:15:03.108+0000] {dag.py:3239} INFO - Sync 1 DAGs
[2026-03-27T13:15:03.132+0000] {logging_mixin.py:190} INFO - [2026-03-27T13:15:03.132+0000] {dag.py:4180} INFO - Setting next_dagrun for ingestion_postgres_tmdb to 2026-03-02 10:00:00+00:00, run_after=2026-04-06 10:00:00+00:00
[2026-03-27T13:15:03.153+0000] {processor.py:208} INFO - Processing /opt/airflow/dags/ingestion_postgres_dag.py took 0.122 seconds
[2026-03-27T13:15:33.346+0000] {processor.py:186} INFO - Started process (PID=4277) to work on /opt/airflow/dags/ingestion_postgres_dag.py
[2026-03-27T13:15:33.347+0000] {processor.py:914} INFO - Processing file /opt/airflow/dags/ingestion_postgres_dag.py for tasks to queue
[2026-03-27T13:15:33.350+0000] {logging_mixin.py:190} INFO - [2026-03-27T13:15:33.349+0000] {dagbag.py:588} INFO - Filling up the DagBag from /opt/airflow/dags/ingestion_postgres_dag.py
[2026-03-27T13:15:33.369+0000] {processor.py:925} INFO - DAG(s) 'ingestion_postgres_tmdb' retrieved from /opt/airflow/dags/ingestion_postgres_dag.py
[2026-03-27T13:15:33.398+0000] {logging_mixin.py:190} INFO - [2026-03-27T13:15:33.398+0000] {dag.py:3239} INFO - Sync 1 DAGs
[2026-03-27T13:15:33.419+0000] {logging_mixin.py:190} INFO - [2026-03-27T13:15:33.419+0000] {dag.py:4180} INFO - Setting next_dagrun for ingestion_postgres_tmdb to 2026-03-02 10:00:00+00:00, run_after=2026-04-06 10:00:00+00:00
[2026-03-27T13:15:33.438+0000] {processor.py:208} INFO - Processing /opt/airflow/dags/ingestion_postgres_dag.py took 0.098 seconds
[2026-03-27T13:16:03.779+0000] {processor.py:186} INFO - Started process (PID=4287) to work on /opt/airflow/dags/ingestion_postgres_dag.py
[2026-03-27T13:16:03.780+0000] {processor.py:914} INFO - Processing file /opt/airflow/dags/ingestion_postgres_dag.py for tasks to queue
[2026-03-27T13:16:03.783+0000] {logging_mixin.py:190} INFO - [2026-03-27T13:16:03.782+0000] {dagbag.py:588} INFO - Filling up the DagBag from /opt/airflow/dags/ingestion_postgres_dag.py
[2026-03-27T13:16:03.803+0000] {processor.py:925} INFO - DAG(s) 'ingestion_postgres_tmdb' retrieved from /opt/airflow/dags/ingestion_postgres_dag.py
[2026-03-27T13:16:03.834+0000] {logging_mixin.py:190} INFO - [2026-03-27T13:16:03.834+0000] {dag.py:3239} INFO - Sync 1 DAGs
[2026-03-27T13:16:03.857+0000] {logging_mixin.py:190} INFO - [2026-03-27T13:16:03.856+0000] {dag.py:4180} INFO - Setting next_dagrun for ingestion_postgres_tmdb to 2026-03-02 10:00:00+00:00, run_after=2026-04-06 10:00:00+00:00
[2026-03-27T13:16:03.877+0000] {processor.py:208} INFO - Processing /opt/airflow/dags/ingestion_postgres_dag.py took 0.103 seconds
[2026-03-27T13:16:34.230+0000] {processor.py:186} INFO - Started process (PID=4297) to work on /opt/airflow/dags/ingestion_postgres_dag.py
[2026-03-27T13:16:34.231+0000] {processor.py:914} INFO - Processing file /opt/airflow/dags/ingestion_postgres_dag.py for tasks to queue
[2026-03-27T13:16:34.233+0000] {logging_mixin.py:190} INFO - [2026-03-27T13:16:34.233+0000] {dagbag.py:588} INFO - Filling up the DagBag from /opt/airflow/dags/ingestion_postgres_dag.py
[2026-03-27T13:16:34.252+0000] {processor.py:925} INFO - DAG(s) 'ingestion_postgres_tmdb' retrieved from /opt/airflow/dags/ingestion_postgres_dag.py
[2026-03-27T13:16:34.282+0000] {logging_mixin.py:190} INFO - [2026-03-27T13:16:34.281+0000] {dag.py:3239} INFO - Sync 1 DAGs
[2026-03-27T13:16:34.304+0000] {logging_mixin.py:190} INFO - [2026-03-27T13:16:34.304+0000] {dag.py:4180} INFO - Setting next_dagrun for ingestion_postgres_tmdb to 2026-03-02 10:00:00+00:00, run_after=2026-04-06 10:00:00+00:00
[2026-03-27T13:16:34.322+0000] {processor.py:208} INFO - Processing /opt/airflow/dags/ingestion_postgres_dag.py took 0.098 seconds
[2026-03-27T13:17:04.555+0000] {processor.py:186} INFO - Started process (PID=4307) to work on /opt/airflow/dags/ingestion_postgres_dag.py
[2026-03-27T13:17:04.556+0000] {processor.py:914} INFO - Processing file /opt/airflow/dags/ingestion_postgres_dag.py for tasks to queue
[2026-03-27T13:17:04.559+0000] {logging_mixin.py:190} INFO - [2026-03-27T13:17:04.559+0000] {dagbag.py:588} INFO - Filling up the DagBag from /opt/airflow/dags/ingestion_postgres_dag.py
[2026-03-27T13:17:04.582+0000] {processor.py:925} INFO - DAG(s) 'ingestion_postgres_tmdb' retrieved from /opt/airflow/dags/ingestion_postgres_dag.py
[2026-03-27T13:17:04.614+0000] {logging_mixin.py:190} INFO - [2026-03-27T13:17:04.613+0000] {dag.py:3239} INFO - Sync 1 DAGs
[2026-03-27T13:17:04.637+0000] {logging_mixin.py:190} INFO - [2026-03-27T13:17:04.637+0000] {dag.py:4180} INFO - Setting next_dagrun for ingestion_postgres_tmdb to 2026-03-02 10:00:00+00:00, run_after=2026-04-06 10:00:00+00:00
[2026-03-27T13:17:04.656+0000] {processor.py:208} INFO - Processing /opt/airflow/dags/ingestion_postgres_dag.py took 0.114 seconds
[2026-03-27T13:17:34.986+0000] {processor.py:186} INFO - Started process (PID=4317) to work on /opt/airflow/dags/ingestion_postgres_dag.py
[2026-03-27T13:17:34.987+0000] {processor.py:914} INFO - Processing file /opt/airflow/dags/ingestion_postgres_dag.py for tasks to queue
[2026-03-27T13:17:34.990+0000] {logging_mixin.py:190} INFO - [2026-03-27T13:17:34.989+0000] {dagbag.py:588} INFO - Filling up the DagBag from /opt/airflow/dags/ingestion_postgres_dag.py
[2026-03-27T13:17:35.009+0000] {processor.py:925} INFO - DAG(s) 'ingestion_postgres_tmdb' retrieved from /opt/airflow/dags/ingestion_postgres_dag.py
[2026-03-27T13:17:35.042+0000] {logging_mixin.py:190} INFO - [2026-03-27T13:17:35.042+0000] {dag.py:3239} INFO - Sync 1 DAGs
[2026-03-27T13:17:35.064+0000] {logging_mixin.py:190} INFO - [2026-03-27T13:17:35.064+0000] {dag.py:4180} INFO - Setting next_dagrun for ingestion_postgres_tmdb to 2026-03-02 10:00:00+00:00, run_after=2026-04-06 10:00:00+00:00
[2026-03-27T13:17:35.085+0000] {processor.py:208} INFO - Processing /opt/airflow/dags/ingestion_postgres_dag.py took 0.108 seconds
[2026-03-27T13:18:05.261+0000] {processor.py:186} INFO - Started process (PID=4327) to work on /opt/airflow/dags/ingestion_postgres_dag.py
[2026-03-27T13:18:05.263+0000] {processor.py:914} INFO - Processing file /opt/airflow/dags/ingestion_postgres_dag.py for tasks to queue
[2026-03-27T13:18:05.267+0000] {logging_mixin.py:190} INFO - [2026-03-27T13:18:05.267+0000] {dagbag.py:588} INFO - Filling up the DagBag from /opt/airflow/dags/ingestion_postgres_dag.py
[2026-03-27T13:18:05.294+0000] {processor.py:925} INFO - DAG(s) 'ingestion_postgres_tmdb' retrieved from /opt/airflow/dags/ingestion_postgres_dag.py
[2026-03-27T13:18:05.321+0000] {logging_mixin.py:190} INFO - [2026-03-27T13:18:05.321+0000] {dag.py:3239} INFO - Sync 1 DAGs
[2026-03-27T13:18:05.342+0000] {logging_mixin.py:190} INFO - [2026-03-27T13:18:05.342+0000] {dag.py:4180} INFO - Setting next_dagrun for ingestion_postgres_tmdb to 2026-03-02 10:00:00+00:00, run_after=2026-04-06 10:00:00+00:00
[2026-03-27T13:18:05.361+0000] {processor.py:208} INFO - Processing /opt/airflow/dags/ingestion_postgres_dag.py took 0.107 seconds
[2026-03-27T13:18:35.677+0000] {processor.py:186} INFO - Started process (PID=4337) to work on /opt/airflow/dags/ingestion_postgres_dag.py
[2026-03-27T13:18:35.678+0000] {processor.py:914} INFO - Processing file /opt/airflow/dags/ingestion_postgres_dag.py for tasks to queue
[2026-03-27T13:18:35.681+0000] {logging_mixin.py:190} INFO - [2026-03-27T13:18:35.681+0000] {dagbag.py:588} INFO - Filling up the DagBag from /opt/airflow/dags/ingestion_postgres_dag.py
[2026-03-27T13:18:35.700+0000] {processor.py:925} INFO - DAG(s) 'ingestion_postgres_tmdb' retrieved from /opt/airflow/dags/ingestion_postgres_dag.py
[2026-03-27T13:18:35.745+0000] {logging_mixin.py:190} INFO - [2026-03-27T13:18:35.744+0000] {dag.py:3239} INFO - Sync 1 DAGs
[2026-03-27T13:18:35.768+0000] {logging_mixin.py:190} INFO - [2026-03-27T13:18:35.768+0000] {dag.py:4180} INFO - Setting next_dagrun for ingestion_postgres_tmdb to 2026-03-02 10:00:00+00:00, run_after=2026-04-06 10:00:00+00:00
[2026-03-27T13:18:35.789+0000] {processor.py:208} INFO - Processing /opt/airflow/dags/ingestion_postgres_dag.py took 0.120 seconds
[2026-03-27T13:19:06.103+0000] {processor.py:186} INFO - Started process (PID=4347) to work on /opt/airflow/dags/ingestion_postgres_dag.py
[2026-03-27T13:19:06.104+0000] {processor.py:914} INFO - Processing file /opt/airflow/dags/ingestion_postgres_dag.py for tasks to queue
[2026-03-27T13:19:06.106+0000] {logging_mixin.py:190} INFO - [2026-03-27T13:19:06.106+0000] {dagbag.py:588} INFO - Filling up the DagBag from /opt/airflow/dags/ingestion_postgres_dag.py
[2026-03-27T13:19:06.127+0000] {processor.py:925} INFO - DAG(s) 'ingestion_postgres_tmdb' retrieved from /opt/airflow/dags/ingestion_postgres_dag.py
[2026-03-27T13:19:06.153+0000] {logging_mixin.py:190} INFO - [2026-03-27T13:19:06.153+0000] {dag.py:3239} INFO - Sync 1 DAGs
[2026-03-27T13:19:06.175+0000] {logging_mixin.py:190} INFO - [2026-03-27T13:19:06.175+0000] {dag.py:4180} INFO - Setting next_dagrun for ingestion_postgres_tmdb to 2026-03-02 10:00:00+00:00, run_after=2026-04-06 10:00:00+00:00
[2026-03-27T13:19:06.192+0000] {processor.py:208} INFO - Processing /opt/airflow/dags/ingestion_postgres_dag.py took 0.097 seconds
[2026-03-27T13:19:36.403+0000] {processor.py:186} INFO - Started process (PID=4357) to work on /opt/airflow/dags/ingestion_postgres_dag.py
[2026-03-27T13:19:36.404+0000] {processor.py:914} INFO - Processing file /opt/airflow/dags/ingestion_postgres_dag.py for tasks to queue
[2026-03-27T13:19:36.407+0000] {logging_mixin.py:190} INFO - [2026-03-27T13:19:36.406+0000] {dagbag.py:588} INFO - Filling up the DagBag from /opt/airflow/dags/ingestion_postgres_dag.py
[2026-03-27T13:19:36.426+0000] {processor.py:925} INFO - DAG(s) 'ingestion_postgres_tmdb' retrieved from /opt/airflow/dags/ingestion_postgres_dag.py
[2026-03-27T13:19:36.457+0000] {logging_mixin.py:190} INFO - [2026-03-27T13:19:36.457+0000] {dag.py:3239} INFO - Sync 1 DAGs
[2026-03-27T13:19:36.479+0000] {logging_mixin.py:190} INFO - [2026-03-27T13:19:36.479+0000] {dag.py:4180} INFO - Setting next_dagrun for ingestion_postgres_tmdb to 2026-03-02 10:00:00+00:00, run_after=2026-04-06 10:00:00+00:00
[2026-03-27T13:19:36.496+0000] {processor.py:208} INFO - Processing /opt/airflow/dags/ingestion_postgres_dag.py took 0.100 seconds
[2026-03-27T13:20:06.757+0000] {processor.py:186} INFO - Started process (PID=4367) to work on /opt/airflow/dags/ingestion_postgres_dag.py
[2026-03-27T13:20:06.759+0000] {processor.py:914} INFO - Processing file /opt/airflow/dags/ingestion_postgres_dag.py for tasks to queue
[2026-03-27T13:20:06.762+0000] {logging_mixin.py:190} INFO - [2026-03-27T13:20:06.762+0000] {dagbag.py:588} INFO - Filling up the DagBag from /opt/airflow/dags/ingestion_postgres_dag.py
[2026-03-27T13:20:06.782+0000] {processor.py:925} INFO - DAG(s) 'ingestion_postgres_tmdb' retrieved from /opt/airflow/dags/ingestion_postgres_dag.py
[2026-03-27T13:20:06.819+0000] {logging_mixin.py:190} INFO - [2026-03-27T13:20:06.819+0000] {dag.py:3239} INFO - Sync 1 DAGs
[2026-03-27T13:20:06.847+0000] {logging_mixin.py:190} INFO - [2026-03-27T13:20:06.847+0000] {dag.py:4180} INFO - Setting next_dagrun for ingestion_postgres_tmdb to 2026-03-02 10:00:00+00:00, run_after=2026-04-06 10:00:00+00:00
[2026-03-27T13:20:06.870+0000] {processor.py:208} INFO - Processing /opt/airflow/dags/ingestion_postgres_dag.py took 0.120 seconds
[2026-03-27T13:20:37.243+0000] {processor.py:186} INFO - Started process (PID=4377) to work on /opt/airflow/dags/ingestion_postgres_dag.py
[2026-03-27T13:20:37.244+0000] {processor.py:914} INFO - Processing file /opt/airflow/dags/ingestion_postgres_dag.py for tasks to queue
[2026-03-27T13:20:37.246+0000] {logging_mixin.py:190} INFO - [2026-03-27T13:20:37.246+0000] {dagbag.py:588} INFO - Filling up the DagBag from /opt/airflow/dags/ingestion_postgres_dag.py
[2026-03-27T13:20:37.266+0000] {processor.py:925} INFO - DAG(s) 'ingestion_postgres_tmdb' retrieved from /opt/airflow/dags/ingestion_postgres_dag.py
[2026-03-27T13:20:37.293+0000] {logging_mixin.py:190} INFO - [2026-03-27T13:20:37.293+0000] {dag.py:3239} INFO - Sync 1 DAGs
[2026-03-27T13:20:37.318+0000] {logging_mixin.py:190} INFO - [2026-03-27T13:20:37.317+0000] {dag.py:4180} INFO - Setting next_dagrun for ingestion_postgres_tmdb to 2026-03-02 10:00:00+00:00, run_after=2026-04-06 10:00:00+00:00
[2026-03-27T13:20:37.335+0000] {processor.py:208} INFO - Processing /opt/airflow/dags/ingestion_postgres_dag.py took 0.099 seconds
[2026-03-27T13:21:07.667+0000] {processor.py:186} INFO - Started process (PID=4387) to work on /opt/airflow/dags/ingestion_postgres_dag.py
[2026-03-27T13:21:07.668+0000] {processor.py:914} INFO - Processing file /opt/airflow/dags/ingestion_postgres_dag.py for tasks to queue
[2026-03-27T13:21:07.672+0000] {logging_mixin.py:190} INFO - [2026-03-27T13:21:07.672+0000] {dagbag.py:588} INFO - Filling up the DagBag from /opt/airflow/dags/ingestion_postgres_dag.py
[2026-03-27T13:21:07.733+0000] {processor.py:925} INFO - DAG(s) 'ingestion_postgres_tmdb' retrieved from /opt/airflow/dags/ingestion_postgres_dag.py
[2026-03-27T13:21:07.768+0000] {logging_mixin.py:190} INFO - [2026-03-27T13:21:07.767+0000] {dag.py:3239} INFO - Sync 1 DAGs
[2026-03-27T13:21:07.789+0000] {logging_mixin.py:190} INFO - [2026-03-27T13:21:07.788+0000] {dag.py:4180} INFO - Setting next_dagrun for ingestion_postgres_tmdb to 2026-03-02 10:00:00+00:00, run_after=2026-04-06 10:00:00+00:00
[2026-03-27T13:21:07.809+0000] {processor.py:208} INFO - Processing /opt/airflow/dags/ingestion_postgres_dag.py took 0.150 seconds
[2026-03-27T13:21:38.070+0000] {processor.py:186} INFO - Started process (PID=4397) to work on /opt/airflow/dags/ingestion_postgres_dag.py
[2026-03-27T13:21:38.071+0000] {processor.py:914} INFO - Processing file /opt/airflow/dags/ingestion_postgres_dag.py for tasks to queue
[2026-03-27T13:21:38.073+0000] {logging_mixin.py:190} INFO - [2026-03-27T13:21:38.073+0000] {dagbag.py:588} INFO - Filling up the DagBag from /opt/airflow/dags/ingestion_postgres_dag.py
[2026-03-27T13:21:38.093+0000] {processor.py:925} INFO - DAG(s) 'ingestion_postgres_tmdb' retrieved from /opt/airflow/dags/ingestion_postgres_dag.py
[2026-03-27T13:21:38.123+0000] {logging_mixin.py:190} INFO - [2026-03-27T13:21:38.122+0000] {dag.py:3239} INFO - Sync 1 DAGs
[2026-03-27T13:21:38.147+0000] {logging_mixin.py:190} INFO - [2026-03-27T13:21:38.147+0000] {dag.py:4180} INFO - Setting next_dagrun for ingestion_postgres_tmdb to 2026-03-02 10:00:00+00:00, run_after=2026-04-06 10:00:00+00:00
[2026-03-27T13:21:38.167+0000] {processor.py:208} INFO - Processing /opt/airflow/dags/ingestion_postgres_dag.py took 0.103 seconds
[2026-03-27T13:22:08.352+0000] {processor.py:186} INFO - Started process (PID=4407) to work on /opt/airflow/dags/ingestion_postgres_dag.py
[2026-03-27T13:22:08.353+0000] {processor.py:914} INFO - Processing file /opt/airflow/dags/ingestion_postgres_dag.py for tasks to queue
[2026-03-27T13:22:08.356+0000] {logging_mixin.py:190} INFO - [2026-03-27T13:22:08.356+0000] {dagbag.py:588} INFO - Filling up the DagBag from /opt/airflow/dags/ingestion_postgres_dag.py
[2026-03-27T13:22:08.378+0000] {processor.py:925} INFO - DAG(s) 'ingestion_postgres_tmdb' retrieved from /opt/airflow/dags/ingestion_postgres_dag.py
[2026-03-27T13:22:08.407+0000] {logging_mixin.py:190} INFO - [2026-03-27T13:22:08.407+0000] {dag.py:3239} INFO - Sync 1 DAGs
[2026-03-27T13:22:08.429+0000] {logging_mixin.py:190} INFO - [2026-03-27T13:22:08.429+0000] {dag.py:4180} INFO - Setting next_dagrun for ingestion_postgres_tmdb to 2026-03-02 10:00:00+00:00, run_after=2026-04-06 10:00:00+00:00
[2026-03-27T13:22:08.449+0000] {processor.py:208} INFO - Processing /opt/airflow/dags/ingestion_postgres_dag.py took 0.104 seconds
[2026-03-27T13:22:38.724+0000] {processor.py:186} INFO - Started process (PID=4417) to work on /opt/airflow/dags/ingestion_postgres_dag.py
[2026-03-27T13:22:38.725+0000] {processor.py:914} INFO - Processing file /opt/airflow/dags/ingestion_postgres_dag.py for tasks to queue
[2026-03-27T13:22:38.727+0000] {logging_mixin.py:190} INFO - [2026-03-27T13:22:38.727+0000] {dagbag.py:588} INFO - Filling up the DagBag from /opt/airflow/dags/ingestion_postgres_dag.py
[2026-03-27T13:22:38.745+0000] {processor.py:925} INFO - DAG(s) 'ingestion_postgres_tmdb' retrieved from /opt/airflow/dags/ingestion_postgres_dag.py
[2026-03-27T13:22:38.775+0000] {logging_mixin.py:190} INFO - [2026-03-27T13:22:38.775+0000] {dag.py:3239} INFO - Sync 1 DAGs
[2026-03-27T13:22:38.799+0000] {logging_mixin.py:190} INFO - [2026-03-27T13:22:38.799+0000] {dag.py:4180} INFO - Setting next_dagrun for ingestion_postgres_tmdb to 2026-03-02 10:00:00+00:00, run_after=2026-04-06 10:00:00+00:00
[2026-03-27T13:22:38.818+0000] {processor.py:208} INFO - Processing /opt/airflow/dags/ingestion_postgres_dag.py took 0.100 seconds
[2026-03-27T13:23:09.141+0000] {processor.py:186} INFO - Started process (PID=4427) to work on /opt/airflow/dags/ingestion_postgres_dag.py
[2026-03-27T13:23:09.141+0000] {processor.py:914} INFO - Processing file /opt/airflow/dags/ingestion_postgres_dag.py for tasks to queue
[2026-03-27T13:23:09.144+0000] {logging_mixin.py:190} INFO - [2026-03-27T13:23:09.144+0000] {dagbag.py:588} INFO - Filling up the DagBag from /opt/airflow/dags/ingestion_postgres_dag.py
[2026-03-27T13:23:09.163+0000] {processor.py:925} INFO - DAG(s) 'ingestion_postgres_tmdb' retrieved from /opt/airflow/dags/ingestion_postgres_dag.py
[2026-03-27T13:23:09.200+0000] {logging_mixin.py:190} INFO - [2026-03-27T13:23:09.200+0000] {dag.py:3239} INFO - Sync 1 DAGs
[2026-03-27T13:23:09.226+0000] {logging_mixin.py:190} INFO - [2026-03-27T13:23:09.226+0000] {dag.py:4180} INFO - Setting next_dagrun for ingestion_postgres_tmdb to 2026-03-02 10:00:00+00:00, run_after=2026-04-06 10:00:00+00:00
[2026-03-27T13:23:09.248+0000] {processor.py:208} INFO - Processing /opt/airflow/dags/ingestion_postgres_dag.py took 0.112 seconds
[2026-03-27T13:23:39.456+0000] {processor.py:186} INFO - Started process (PID=4437) to work on /opt/airflow/dags/ingestion_postgres_dag.py
[2026-03-27T13:23:39.457+0000] {processor.py:914} INFO - Processing file /opt/airflow/dags/ingestion_postgres_dag.py for tasks to queue
[2026-03-27T13:23:39.461+0000] {logging_mixin.py:190} INFO - [2026-03-27T13:23:39.461+0000] {dagbag.py:588} INFO - Filling up the DagBag from /opt/airflow/dags/ingestion_postgres_dag.py
[2026-03-27T13:23:39.483+0000] {processor.py:925} INFO - DAG(s) 'ingestion_postgres_tmdb' retrieved from /opt/airflow/dags/ingestion_postgres_dag.py
[2026-03-27T13:23:39.527+0000] {logging_mixin.py:190} INFO - [2026-03-27T13:23:39.526+0000] {dag.py:3239} INFO - Sync 1 DAGs
[2026-03-27T13:23:39.549+0000] {logging_mixin.py:190} INFO - [2026-03-27T13:23:39.548+0000] {dag.py:4180} INFO - Setting next_dagrun for ingestion_postgres_tmdb to 2026-03-02 10:00:00+00:00, run_after=2026-04-06 10:00:00+00:00
[2026-03-27T13:23:39.570+0000] {processor.py:208} INFO - Processing /opt/airflow/dags/ingestion_postgres_dag.py took 0.123 seconds
[2026-03-27T13:24:09.788+0000] {processor.py:186} INFO - Started process (PID=4447) to work on /opt/airflow/dags/ingestion_postgres_dag.py
[2026-03-27T13:24:09.790+0000] {processor.py:914} INFO - Processing file /opt/airflow/dags/ingestion_postgres_dag.py for tasks to queue
[2026-03-27T13:24:09.792+0000] {logging_mixin.py:190} INFO - [2026-03-27T13:24:09.791+0000] {dagbag.py:588} INFO - Filling up the DagBag from /opt/airflow/dags/ingestion_postgres_dag.py
[2026-03-27T13:24:09.818+0000] {processor.py:925} INFO - DAG(s) 'ingestion_postgres_tmdb' retrieved from /opt/airflow/dags/ingestion_postgres_dag.py
[2026-03-27T13:24:09.846+0000] {logging_mixin.py:190} INFO - [2026-03-27T13:24:09.845+0000] {dag.py:3239} INFO - Sync 1 DAGs
[2026-03-27T13:24:09.867+0000] {logging_mixin.py:190} INFO - [2026-03-27T13:24:09.867+0000] {dag.py:4180} INFO - Setting next_dagrun for ingestion_postgres_tmdb to 2026-03-02 10:00:00+00:00, run_after=2026-04-06 10:00:00+00:00
[2026-03-27T13:24:09.886+0000] {processor.py:208} INFO - Processing /opt/airflow/dags/ingestion_postgres_dag.py took 0.105 seconds
[2026-03-27T13:24:40.172+0000] {processor.py:186} INFO - Started process (PID=4457) to work on /opt/airflow/dags/ingestion_postgres_dag.py
[2026-03-27T13:24:40.173+0000] {processor.py:914} INFO - Processing file /opt/airflow/dags/ingestion_postgres_dag.py for tasks to queue
[2026-03-27T13:24:40.176+0000] {logging_mixin.py:190} INFO - [2026-03-27T13:24:40.176+0000] {dagbag.py:588} INFO - Filling up the DagBag from /opt/airflow/dags/ingestion_postgres_dag.py
[2026-03-27T13:24:40.195+0000] {processor.py:925} INFO - DAG(s) 'ingestion_postgres_tmdb' retrieved from /opt/airflow/dags/ingestion_postgres_dag.py
[2026-03-27T13:24:40.222+0000] {logging_mixin.py:190} INFO - [2026-03-27T13:24:40.222+0000] {dag.py:3239} INFO - Sync 1 DAGs
[2026-03-27T13:24:40.246+0000] {logging_mixin.py:190} INFO - [2026-03-27T13:24:40.246+0000] {dag.py:4180} INFO - Setting next_dagrun for ingestion_postgres_tmdb to 2026-03-02 10:00:00+00:00, run_after=2026-04-06 10:00:00+00:00
[2026-03-27T13:24:40.269+0000] {processor.py:208} INFO - Processing /opt/airflow/dags/ingestion_postgres_dag.py took 0.104 seconds
[2026-03-27T13:25:10.476+0000] {processor.py:186} INFO - Started process (PID=4467) to work on /opt/airflow/dags/ingestion_postgres_dag.py
[2026-03-27T13:25:10.477+0000] {processor.py:914} INFO - Processing file /opt/airflow/dags/ingestion_postgres_dag.py for tasks to queue
[2026-03-27T13:25:10.480+0000] {logging_mixin.py:190} INFO - [2026-03-27T13:25:10.480+0000] {dagbag.py:588} INFO - Filling up the DagBag from /opt/airflow/dags/ingestion_postgres_dag.py
[2026-03-27T13:25:10.502+0000] {processor.py:925} INFO - DAG(s) 'ingestion_postgres_tmdb' retrieved from /opt/airflow/dags/ingestion_postgres_dag.py
[2026-03-27T13:25:10.549+0000] {logging_mixin.py:190} INFO - [2026-03-27T13:25:10.548+0000] {dag.py:3239} INFO - Sync 1 DAGs
[2026-03-27T13:25:10.570+0000] {logging_mixin.py:190} INFO - [2026-03-27T13:25:10.570+0000] {dag.py:4180} INFO - Setting next_dagrun for ingestion_postgres_tmdb to 2026-03-02 10:00:00+00:00, run_after=2026-04-06 10:00:00+00:00
[2026-03-27T13:25:10.589+0000] {processor.py:208} INFO - Processing /opt/airflow/dags/ingestion_postgres_dag.py took 0.121 seconds
[2026-03-27T13:25:40.877+0000] {processor.py:186} INFO - Started process (PID=4477) to work on /opt/airflow/dags/ingestion_postgres_dag.py
[2026-03-27T13:25:40.878+0000] {processor.py:914} INFO - Processing file /opt/airflow/dags/ingestion_postgres_dag.py for tasks to queue
[2026-03-27T13:25:40.883+0000] {logging_mixin.py:190} INFO - [2026-03-27T13:25:40.883+0000] {dagbag.py:588} INFO - Filling up the DagBag from /opt/airflow/dags/ingestion_postgres_dag.py
[2026-03-27T13:25:40.902+0000] {processor.py:925} INFO - DAG(s) 'ingestion_postgres_tmdb' retrieved from /opt/airflow/dags/ingestion_postgres_dag.py
[2026-03-27T13:25:40.930+0000] {logging_mixin.py:190} INFO - [2026-03-27T13:25:40.930+0000] {dag.py:3239} INFO - Sync 1 DAGs
[2026-03-27T13:25:40.954+0000] {logging_mixin.py:190} INFO - [2026-03-27T13:25:40.954+0000] {dag.py:4180} INFO - Setting next_dagrun for ingestion_postgres_tmdb to 2026-03-02 10:00:00+00:00, run_after=2026-04-06 10:00:00+00:00
[2026-03-27T13:25:40.974+0000] {processor.py:208} INFO - Processing /opt/airflow/dags/ingestion_postgres_dag.py took 0.108 seconds
[2026-03-27T13:26:11.249+0000] {processor.py:186} INFO - Started process (PID=4487) to work on /opt/airflow/dags/ingestion_postgres_dag.py
[2026-03-27T13:26:11.250+0000] {processor.py:914} INFO - Processing file /opt/airflow/dags/ingestion_postgres_dag.py for tasks to queue
[2026-03-27T13:26:11.252+0000] {logging_mixin.py:190} INFO - [2026-03-27T13:26:11.252+0000] {dagbag.py:588} INFO - Filling up the DagBag from /opt/airflow/dags/ingestion_postgres_dag.py
[2026-03-27T13:26:11.275+0000] {processor.py:925} INFO - DAG(s) 'ingestion_postgres_tmdb' retrieved from /opt/airflow/dags/ingestion_postgres_dag.py
[2026-03-27T13:26:11.304+0000] {logging_mixin.py:190} INFO - [2026-03-27T13:26:11.304+0000] {dag.py:3239} INFO - Sync 1 DAGs
[2026-03-27T13:26:11.327+0000] {logging_mixin.py:190} INFO - [2026-03-27T13:26:11.327+0000] {dag.py:4180} INFO - Setting next_dagrun for ingestion_postgres_tmdb to 2026-03-02 10:00:00+00:00, run_after=2026-04-06 10:00:00+00:00
[2026-03-27T13:26:11.345+0000] {processor.py:208} INFO - Processing /opt/airflow/dags/ingestion_postgres_dag.py took 0.103 seconds
[2026-03-27T13:26:41.468+0000] {processor.py:186} INFO - Started process (PID=4497) to work on /opt/airflow/dags/ingestion_postgres_dag.py
[2026-03-27T13:26:41.469+0000] {processor.py:914} INFO - Processing file /opt/airflow/dags/ingestion_postgres_dag.py for tasks to queue
[2026-03-27T13:26:41.471+0000] {logging_mixin.py:190} INFO - [2026-03-27T13:26:41.471+0000] {dagbag.py:588} INFO - Filling up the DagBag from /opt/airflow/dags/ingestion_postgres_dag.py
[2026-03-27T13:26:41.491+0000] {processor.py:925} INFO - DAG(s) 'ingestion_postgres_tmdb' retrieved from /opt/airflow/dags/ingestion_postgres_dag.py
[2026-03-27T13:26:41.526+0000] {logging_mixin.py:190} INFO - [2026-03-27T13:26:41.525+0000] {dag.py:3239} INFO - Sync 1 DAGs
[2026-03-27T13:26:41.550+0000] {logging_mixin.py:190} INFO - [2026-03-27T13:26:41.550+0000] {dag.py:4180} INFO - Setting next_dagrun for ingestion_postgres_tmdb to 2026-03-02 10:00:00+00:00, run_after=2026-04-06 10:00:00+00:00
[2026-03-27T13:26:41.570+0000] {processor.py:208} INFO - Processing /opt/airflow/dags/ingestion_postgres_dag.py took 0.109 seconds
[2026-03-27T13:27:11.787+0000] {processor.py:186} INFO - Started process (PID=4507) to work on /opt/airflow/dags/ingestion_postgres_dag.py
[2026-03-27T13:27:11.789+0000] {processor.py:914} INFO - Processing file /opt/airflow/dags/ingestion_postgres_dag.py for tasks to queue
[2026-03-27T13:27:11.792+0000] {logging_mixin.py:190} INFO - [2026-03-27T13:27:11.791+0000] {dagbag.py:588} INFO - Filling up the DagBag from /opt/airflow/dags/ingestion_postgres_dag.py
[2026-03-27T13:27:11.811+0000] {processor.py:925} INFO - DAG(s) 'ingestion_postgres_tmdb' retrieved from /opt/airflow/dags/ingestion_postgres_dag.py
[2026-03-27T13:27:11.841+0000] {logging_mixin.py:190} INFO - [2026-03-27T13:27:11.841+0000] {dag.py:3239} INFO - Sync 1 DAGs
[2026-03-27T13:27:11.865+0000] {logging_mixin.py:190} INFO - [2026-03-27T13:27:11.865+0000] {dag.py:4180} INFO - Setting next_dagrun for ingestion_postgres_tmdb to 2026-03-02 10:00:00+00:00, run_after=2026-04-06 10:00:00+00:00
[2026-03-27T13:27:11.880+0000] {processor.py:208} INFO - Processing /opt/airflow/dags/ingestion_postgres_dag.py took 0.098 seconds
[2026-03-27T13:27:42.075+0000] {processor.py:186} INFO - Started process (PID=4517) to work on /opt/airflow/dags/ingestion_postgres_dag.py
[2026-03-27T13:27:42.079+0000] {processor.py:914} INFO - Processing file /opt/airflow/dags/ingestion_postgres_dag.py for tasks to queue
[2026-03-27T13:27:42.084+0000] {logging_mixin.py:190} INFO - [2026-03-27T13:27:42.083+0000] {dagbag.py:588} INFO - Filling up the DagBag from /opt/airflow/dags/ingestion_postgres_dag.py
[2026-03-27T13:27:42.147+0000] {processor.py:925} INFO - DAG(s) 'ingestion_postgres_tmdb' retrieved from /opt/airflow/dags/ingestion_postgres_dag.py
[2026-03-27T13:27:42.195+0000] {logging_mixin.py:190} INFO - [2026-03-27T13:27:42.195+0000] {dag.py:3239} INFO - Sync 1 DAGs
[2026-03-27T13:27:42.223+0000] {logging_mixin.py:190} INFO - [2026-03-27T13:27:42.222+0000] {dag.py:4180} INFO - Setting next_dagrun for ingestion_postgres_tmdb to 2026-03-02 10:00:00+00:00, run_after=2026-04-06 10:00:00+00:00
[2026-03-27T13:27:42.243+0000] {processor.py:208} INFO - Processing /opt/airflow/dags/ingestion_postgres_dag.py took 0.182 seconds
[2026-03-27T13:28:12.543+0000] {processor.py:186} INFO - Started process (PID=4527) to work on /opt/airflow/dags/ingestion_postgres_dag.py
[2026-03-27T13:28:12.544+0000] {processor.py:914} INFO - Processing file /opt/airflow/dags/ingestion_postgres_dag.py for tasks to queue
[2026-03-27T13:28:12.546+0000] {logging_mixin.py:190} INFO - [2026-03-27T13:28:12.546+0000] {dagbag.py:588} INFO - Filling up the DagBag from /opt/airflow/dags/ingestion_postgres_dag.py
[2026-03-27T13:28:12.568+0000] {processor.py:925} INFO - DAG(s) 'ingestion_postgres_tmdb' retrieved from /opt/airflow/dags/ingestion_postgres_dag.py
[2026-03-27T13:28:12.597+0000] {logging_mixin.py:190} INFO - [2026-03-27T13:28:12.597+0000] {dag.py:3239} INFO - Sync 1 DAGs
[2026-03-27T13:28:12.619+0000] {logging_mixin.py:190} INFO - [2026-03-27T13:28:12.618+0000] {dag.py:4180} INFO - Setting next_dagrun for ingestion_postgres_tmdb to 2026-03-02 10:00:00+00:00, run_after=2026-04-06 10:00:00+00:00
[2026-03-27T13:28:12.638+0000] {processor.py:208} INFO - Processing /opt/airflow/dags/ingestion_postgres_dag.py took 0.102 seconds
[2026-03-27T13:28:42.915+0000] {processor.py:186} INFO - Started process (PID=4537) to work on /opt/airflow/dags/ingestion_postgres_dag.py
[2026-03-27T13:28:42.916+0000] {processor.py:914} INFO - Processing file /opt/airflow/dags/ingestion_postgres_dag.py for tasks to queue
[2026-03-27T13:28:42.919+0000] {logging_mixin.py:190} INFO - [2026-03-27T13:28:42.919+0000] {dagbag.py:588} INFO - Filling up the DagBag from /opt/airflow/dags/ingestion_postgres_dag.py
[2026-03-27T13:28:42.940+0000] {processor.py:925} INFO - DAG(s) 'ingestion_postgres_tmdb' retrieved from /opt/airflow/dags/ingestion_postgres_dag.py
[2026-03-27T13:28:42.977+0000] {logging_mixin.py:190} INFO - [2026-03-27T13:28:42.977+0000] {dag.py:3239} INFO - Sync 1 DAGs
[2026-03-27T13:28:43.004+0000] {logging_mixin.py:190} INFO - [2026-03-27T13:28:43.003+0000] {dag.py:4180} INFO - Setting next_dagrun for ingestion_postgres_tmdb to 2026-03-02 10:00:00+00:00, run_after=2026-04-06 10:00:00+00:00
[2026-03-27T13:28:43.023+0000] {processor.py:208} INFO - Processing /opt/airflow/dags/ingestion_postgres_dag.py took 0.115 seconds
[2026-03-27T13:29:13.170+0000] {processor.py:186} INFO - Started process (PID=4547) to work on /opt/airflow/dags/ingestion_postgres_dag.py
[2026-03-27T13:29:13.171+0000] {processor.py:914} INFO - Processing file /opt/airflow/dags/ingestion_postgres_dag.py for tasks to queue
[2026-03-27T13:29:13.173+0000] {logging_mixin.py:190} INFO - [2026-03-27T13:29:13.173+0000] {dagbag.py:588} INFO - Filling up the DagBag from /opt/airflow/dags/ingestion_postgres_dag.py
[2026-03-27T13:29:13.194+0000] {processor.py:925} INFO - DAG(s) 'ingestion_postgres_tmdb' retrieved from /opt/airflow/dags/ingestion_postgres_dag.py
[2026-03-27T13:29:13.222+0000] {logging_mixin.py:190} INFO - [2026-03-27T13:29:13.221+0000] {dag.py:3239} INFO - Sync 1 DAGs
[2026-03-27T13:29:13.242+0000] {logging_mixin.py:190} INFO - [2026-03-27T13:29:13.242+0000] {dag.py:4180} INFO - Setting next_dagrun for ingestion_postgres_tmdb to 2026-03-02 10:00:00+00:00, run_after=2026-04-06 10:00:00+00:00
[2026-03-27T13:29:13.262+0000] {processor.py:208} INFO - Processing /opt/airflow/dags/ingestion_postgres_dag.py took 0.098 seconds
[2026-03-27T13:29:43.424+0000] {processor.py:186} INFO - Started process (PID=4557) to work on /opt/airflow/dags/ingestion_postgres_dag.py
[2026-03-27T13:29:43.425+0000] {processor.py:914} INFO - Processing file /opt/airflow/dags/ingestion_postgres_dag.py for tasks to queue
[2026-03-27T13:29:43.427+0000] {logging_mixin.py:190} INFO - [2026-03-27T13:29:43.427+0000] {dagbag.py:588} INFO - Filling up the DagBag from /opt/airflow/dags/ingestion_postgres_dag.py
[2026-03-27T13:29:43.445+0000] {processor.py:925} INFO - DAG(s) 'ingestion_postgres_tmdb' retrieved from /opt/airflow/dags/ingestion_postgres_dag.py
[2026-03-27T13:29:43.474+0000] {logging_mixin.py:190} INFO - [2026-03-27T13:29:43.474+0000] {dag.py:3239} INFO - Sync 1 DAGs
[2026-03-27T13:29:43.497+0000] {logging_mixin.py:190} INFO - [2026-03-27T13:29:43.497+0000] {dag.py:4180} INFO - Setting next_dagrun for ingestion_postgres_tmdb to 2026-03-02 10:00:00+00:00, run_after=2026-04-06 10:00:00+00:00
[2026-03-27T13:29:43.518+0000] {processor.py:208} INFO - Processing /opt/airflow/dags/ingestion_postgres_dag.py took 0.099 seconds
[2026-03-27T13:30:13.678+0000] {processor.py:186} INFO - Started process (PID=4567) to work on /opt/airflow/dags/ingestion_postgres_dag.py
[2026-03-27T13:30:13.679+0000] {processor.py:914} INFO - Processing file /opt/airflow/dags/ingestion_postgres_dag.py for tasks to queue
[2026-03-27T13:30:13.681+0000] {logging_mixin.py:190} INFO - [2026-03-27T13:30:13.681+0000] {dagbag.py:588} INFO - Filling up the DagBag from /opt/airflow/dags/ingestion_postgres_dag.py
[2026-03-27T13:30:13.704+0000] {processor.py:925} INFO - DAG(s) 'ingestion_postgres_tmdb' retrieved from /opt/airflow/dags/ingestion_postgres_dag.py
[2026-03-27T13:30:13.733+0000] {logging_mixin.py:190} INFO - [2026-03-27T13:30:13.732+0000] {dag.py:3239} INFO - Sync 1 DAGs
[2026-03-27T13:30:13.756+0000] {logging_mixin.py:190} INFO - [2026-03-27T13:30:13.756+0000] {dag.py:4180} INFO - Setting next_dagrun for ingestion_postgres_tmdb to 2026-03-02 10:00:00+00:00, run_after=2026-04-06 10:00:00+00:00
[2026-03-27T13:30:13.779+0000] {processor.py:208} INFO - Processing /opt/airflow/dags/ingestion_postgres_dag.py took 0.108 seconds
[2026-03-27T13:30:44.006+0000] {processor.py:186} INFO - Started process (PID=4577) to work on /opt/airflow/dags/ingestion_postgres_dag.py
[2026-03-27T13:30:44.007+0000] {processor.py:914} INFO - Processing file /opt/airflow/dags/ingestion_postgres_dag.py for tasks to queue
[2026-03-27T13:30:44.011+0000] {logging_mixin.py:190} INFO - [2026-03-27T13:30:44.010+0000] {dagbag.py:588} INFO - Filling up the DagBag from /opt/airflow/dags/ingestion_postgres_dag.py
[2026-03-27T13:30:44.034+0000] {processor.py:925} INFO - DAG(s) 'ingestion_postgres_tmdb' retrieved from /opt/airflow/dags/ingestion_postgres_dag.py
[2026-03-27T13:30:44.068+0000] {logging_mixin.py:190} INFO - [2026-03-27T13:30:44.068+0000] {dag.py:3239} INFO - Sync 1 DAGs
[2026-03-27T13:30:44.092+0000] {logging_mixin.py:190} INFO - [2026-03-27T13:30:44.092+0000] {dag.py:4180} INFO - Setting next_dagrun for ingestion_postgres_tmdb to 2026-03-02 10:00:00+00:00, run_after=2026-04-06 10:00:00+00:00
[2026-03-27T13:30:44.112+0000] {processor.py:208} INFO - Processing /opt/airflow/dags/ingestion_postgres_dag.py took 0.115 seconds
[2026-03-27T13:31:14.236+0000] {processor.py:186} INFO - Started process (PID=4587) to work on /opt/airflow/dags/ingestion_postgres_dag.py
[2026-03-27T13:31:14.237+0000] {processor.py:914} INFO - Processing file /opt/airflow/dags/ingestion_postgres_dag.py for tasks to queue
[2026-03-27T13:31:14.239+0000] {logging_mixin.py:190} INFO - [2026-03-27T13:31:14.239+0000] {dagbag.py:588} INFO - Filling up the DagBag from /opt/airflow/dags/ingestion_postgres_dag.py
[2026-03-27T13:31:14.260+0000] {processor.py:925} INFO - DAG(s) 'ingestion_postgres_tmdb' retrieved from /opt/airflow/dags/ingestion_postgres_dag.py
[2026-03-27T13:31:14.292+0000] {logging_mixin.py:190} INFO - [2026-03-27T13:31:14.292+0000] {dag.py:3239} INFO - Sync 1 DAGs
[2026-03-27T13:31:14.333+0000] {logging_mixin.py:190} INFO - [2026-03-27T13:31:14.333+0000] {dag.py:4180} INFO - Setting next_dagrun for ingestion_postgres_tmdb to 2026-03-02 10:00:00+00:00, run_after=2026-04-06 10:00:00+00:00
[2026-03-27T13:31:14.367+0000] {processor.py:208} INFO - Processing /opt/airflow/dags/ingestion_postgres_dag.py took 0.137 seconds
[2026-03-27T13:31:44.587+0000] {processor.py:186} INFO - Started process (PID=4597) to work on /opt/airflow/dags/ingestion_postgres_dag.py
[2026-03-27T13:31:44.588+0000] {processor.py:914} INFO - Processing file /opt/airflow/dags/ingestion_postgres_dag.py for tasks to queue
[2026-03-27T13:31:44.591+0000] {logging_mixin.py:190} INFO - [2026-03-27T13:31:44.590+0000] {dagbag.py:588} INFO - Filling up the DagBag from /opt/airflow/dags/ingestion_postgres_dag.py
[2026-03-27T13:31:44.610+0000] {processor.py:925} INFO - DAG(s) 'ingestion_postgres_tmdb' retrieved from /opt/airflow/dags/ingestion_postgres_dag.py
[2026-03-27T13:31:44.640+0000] {logging_mixin.py:190} INFO - [2026-03-27T13:31:44.639+0000] {dag.py:3239} INFO - Sync 1 DAGs
[2026-03-27T13:31:44.663+0000] {logging_mixin.py:190} INFO - [2026-03-27T13:31:44.663+0000] {dag.py:4180} INFO - Setting next_dagrun for ingestion_postgres_tmdb to 2026-03-02 10:00:00+00:00, run_after=2026-04-06 10:00:00+00:00
[2026-03-27T13:31:44.689+0000] {processor.py:208} INFO - Processing /opt/airflow/dags/ingestion_postgres_dag.py took 0.108 seconds
[2026-03-27T13:32:14.841+0000] {processor.py:186} INFO - Started process (PID=4607) to work on /opt/airflow/dags/ingestion_postgres_dag.py
[2026-03-27T13:32:14.842+0000] {processor.py:914} INFO - Processing file /opt/airflow/dags/ingestion_postgres_dag.py for tasks to queue
[2026-03-27T13:32:14.845+0000] {logging_mixin.py:190} INFO - [2026-03-27T13:32:14.844+0000] {dagbag.py:588} INFO - Filling up the DagBag from /opt/airflow/dags/ingestion_postgres_dag.py
[2026-03-27T13:32:14.867+0000] {processor.py:925} INFO - DAG(s) 'ingestion_postgres_tmdb' retrieved from /opt/airflow/dags/ingestion_postgres_dag.py
[2026-03-27T13:32:14.901+0000] {logging_mixin.py:190} INFO - [2026-03-27T13:32:14.901+0000] {dag.py:3239} INFO - Sync 1 DAGs
[2026-03-27T13:32:14.925+0000] {logging_mixin.py:190} INFO - [2026-03-27T13:32:14.925+0000] {dag.py:4180} INFO - Setting next_dagrun for ingestion_postgres_tmdb to 2026-03-02 10:00:00+00:00, run_after=2026-04-06 10:00:00+00:00
[2026-03-27T13:32:14.943+0000] {processor.py:208} INFO - Processing /opt/airflow/dags/ingestion_postgres_dag.py took 0.113 seconds
[2026-03-27T13:32:45.206+0000] {processor.py:186} INFO - Started process (PID=4617) to work on /opt/airflow/dags/ingestion_postgres_dag.py
[2026-03-27T13:32:45.207+0000] {processor.py:914} INFO - Processing file /opt/airflow/dags/ingestion_postgres_dag.py for tasks to queue
[2026-03-27T13:32:45.209+0000] {logging_mixin.py:190} INFO - [2026-03-27T13:32:45.209+0000] {dagbag.py:588} INFO - Filling up the DagBag from /opt/airflow/dags/ingestion_postgres_dag.py
[2026-03-27T13:32:45.230+0000] {processor.py:925} INFO - DAG(s) 'ingestion_postgres_tmdb' retrieved from /opt/airflow/dags/ingestion_postgres_dag.py
[2026-03-27T13:32:45.261+0000] {logging_mixin.py:190} INFO - [2026-03-27T13:32:45.261+0000] {dag.py:3239} INFO - Sync 1 DAGs
[2026-03-27T13:32:45.286+0000] {logging_mixin.py:190} INFO - [2026-03-27T13:32:45.286+0000] {dag.py:4180} INFO - Setting next_dagrun for ingestion_postgres_tmdb to 2026-03-02 10:00:00+00:00, run_after=2026-04-06 10:00:00+00:00
[2026-03-27T13:32:45.309+0000] {processor.py:208} INFO - Processing /opt/airflow/dags/ingestion_postgres_dag.py took 0.110 seconds
[2026-03-27T13:33:15.404+0000] {processor.py:186} INFO - Started process (PID=4627) to work on /opt/airflow/dags/ingestion_postgres_dag.py
[2026-03-27T13:33:15.405+0000] {processor.py:914} INFO - Processing file /opt/airflow/dags/ingestion_postgres_dag.py for tasks to queue
[2026-03-27T13:33:15.408+0000] {logging_mixin.py:190} INFO - [2026-03-27T13:33:15.408+0000] {dagbag.py:588} INFO - Filling up the DagBag from /opt/airflow/dags/ingestion_postgres_dag.py
[2026-03-27T13:33:15.429+0000] {processor.py:925} INFO - DAG(s) 'ingestion_postgres_tmdb' retrieved from /opt/airflow/dags/ingestion_postgres_dag.py
[2026-03-27T13:33:15.458+0000] {logging_mixin.py:190} INFO - [2026-03-27T13:33:15.457+0000] {dag.py:3239} INFO - Sync 1 DAGs
[2026-03-27T13:33:15.484+0000] {logging_mixin.py:190} INFO - [2026-03-27T13:33:15.484+0000] {dag.py:4180} INFO - Setting next_dagrun for ingestion_postgres_tmdb to 2026-03-02 10:00:00+00:00, run_after=2026-04-06 10:00:00+00:00
[2026-03-27T13:33:15.510+0000] {processor.py:208} INFO - Processing /opt/airflow/dags/ingestion_postgres_dag.py took 0.119 seconds
[2026-03-27T13:33:45.749+0000] {processor.py:186} INFO - Started process (PID=4637) to work on /opt/airflow/dags/ingestion_postgres_dag.py
[2026-03-27T13:33:45.751+0000] {processor.py:914} INFO - Processing file /opt/airflow/dags/ingestion_postgres_dag.py for tasks to queue
[2026-03-27T13:33:45.753+0000] {logging_mixin.py:190} INFO - [2026-03-27T13:33:45.752+0000] {dagbag.py:588} INFO - Filling up the DagBag from /opt/airflow/dags/ingestion_postgres_dag.py
[2026-03-27T13:33:45.775+0000] {processor.py:925} INFO - DAG(s) 'ingestion_postgres_tmdb' retrieved from /opt/airflow/dags/ingestion_postgres_dag.py
[2026-03-27T13:33:45.812+0000] {logging_mixin.py:190} INFO - [2026-03-27T13:33:45.812+0000] {dag.py:3239} INFO - Sync 1 DAGs
[2026-03-27T13:33:45.836+0000] {logging_mixin.py:190} INFO - [2026-03-27T13:33:45.836+0000] {dag.py:4180} INFO - Setting next_dagrun for ingestion_postgres_tmdb to 2026-03-02 10:00:00+00:00, run_after=2026-04-06 10:00:00+00:00
[2026-03-27T13:33:45.858+0000] {processor.py:208} INFO - Processing /opt/airflow/dags/ingestion_postgres_dag.py took 0.114 seconds
[2026-03-27T13:34:16.026+0000] {processor.py:186} INFO - Started process (PID=4647) to work on /opt/airflow/dags/ingestion_postgres_dag.py
[2026-03-27T13:34:16.027+0000] {processor.py:914} INFO - Processing file /opt/airflow/dags/ingestion_postgres_dag.py for tasks to queue
[2026-03-27T13:34:16.030+0000] {logging_mixin.py:190} INFO - [2026-03-27T13:34:16.030+0000] {dagbag.py:588} INFO - Filling up the DagBag from /opt/airflow/dags/ingestion_postgres_dag.py
[2026-03-27T13:34:16.049+0000] {processor.py:925} INFO - DAG(s) 'ingestion_postgres_tmdb' retrieved from /opt/airflow/dags/ingestion_postgres_dag.py
[2026-03-27T13:34:16.076+0000] {logging_mixin.py:190} INFO - [2026-03-27T13:34:16.076+0000] {dag.py:3239} INFO - Sync 1 DAGs
[2026-03-27T13:34:16.099+0000] {logging_mixin.py:190} INFO - [2026-03-27T13:34:16.098+0000] {dag.py:4180} INFO - Setting next_dagrun for ingestion_postgres_tmdb to 2026-03-02 10:00:00+00:00, run_after=2026-04-06 10:00:00+00:00
[2026-03-27T13:34:16.121+0000] {processor.py:208} INFO - Processing /opt/airflow/dags/ingestion_postgres_dag.py took 0.103 seconds
[2026-03-27T13:34:46.245+0000] {processor.py:186} INFO - Started process (PID=4657) to work on /opt/airflow/dags/ingestion_postgres_dag.py
[2026-03-27T13:34:46.246+0000] {processor.py:914} INFO - Processing file /opt/airflow/dags/ingestion_postgres_dag.py for tasks to queue
[2026-03-27T13:34:46.248+0000] {logging_mixin.py:190} INFO - [2026-03-27T13:34:46.248+0000] {dagbag.py:588} INFO - Filling up the DagBag from /opt/airflow/dags/ingestion_postgres_dag.py
[2026-03-27T13:34:46.267+0000] {processor.py:925} INFO - DAG(s) 'ingestion_postgres_tmdb' retrieved from /opt/airflow/dags/ingestion_postgres_dag.py
[2026-03-27T13:34:46.293+0000] {logging_mixin.py:190} INFO - [2026-03-27T13:34:46.292+0000] {dag.py:3239} INFO - Sync 1 DAGs
[2026-03-27T13:34:46.314+0000] {logging_mixin.py:190} INFO - [2026-03-27T13:34:46.313+0000] {dag.py:4180} INFO - Setting next_dagrun for ingestion_postgres_tmdb to 2026-03-02 10:00:00+00:00, run_after=2026-04-06 10:00:00+00:00
[2026-03-27T13:34:46.334+0000] {processor.py:208} INFO - Processing /opt/airflow/dags/ingestion_postgres_dag.py took 0.095 seconds
[2026-03-27T13:35:16.586+0000] {processor.py:186} INFO - Started process (PID=4667) to work on /opt/airflow/dags/ingestion_postgres_dag.py
[2026-03-27T13:35:16.587+0000] {processor.py:914} INFO - Processing file /opt/airflow/dags/ingestion_postgres_dag.py for tasks to queue
[2026-03-27T13:35:16.593+0000] {logging_mixin.py:190} INFO - [2026-03-27T13:35:16.592+0000] {dagbag.py:588} INFO - Filling up the DagBag from /opt/airflow/dags/ingestion_postgres_dag.py
[2026-03-27T13:35:16.626+0000] {processor.py:925} INFO - DAG(s) 'ingestion_postgres_tmdb' retrieved from /opt/airflow/dags/ingestion_postgres_dag.py
[2026-03-27T13:35:16.660+0000] {logging_mixin.py:190} INFO - [2026-03-27T13:35:16.660+0000] {dag.py:3239} INFO - Sync 1 DAGs
[2026-03-27T13:35:16.688+0000] {logging_mixin.py:190} INFO - [2026-03-27T13:35:16.687+0000] {dag.py:4180} INFO - Setting next_dagrun for ingestion_postgres_tmdb to 2026-03-02 10:00:00+00:00, run_after=2026-04-06 10:00:00+00:00
[2026-03-27T13:35:16.719+0000] {processor.py:208} INFO - Processing /opt/airflow/dags/ingestion_postgres_dag.py took 0.139 seconds
[2026-03-27T13:35:46.970+0000] {processor.py:186} INFO - Started process (PID=4677) to work on /opt/airflow/dags/ingestion_postgres_dag.py
[2026-03-27T13:35:46.972+0000] {processor.py:914} INFO - Processing file /opt/airflow/dags/ingestion_postgres_dag.py for tasks to queue
[2026-03-27T13:35:46.974+0000] {logging_mixin.py:190} INFO - [2026-03-27T13:35:46.974+0000] {dagbag.py:588} INFO - Filling up the DagBag from /opt/airflow/dags/ingestion_postgres_dag.py
[2026-03-27T13:35:46.997+0000] {processor.py:925} INFO - DAG(s) 'ingestion_postgres_tmdb' retrieved from /opt/airflow/dags/ingestion_postgres_dag.py
[2026-03-27T13:35:47.026+0000] {logging_mixin.py:190} INFO - [2026-03-27T13:35:47.026+0000] {dag.py:3239} INFO - Sync 1 DAGs
[2026-03-27T13:35:47.048+0000] {logging_mixin.py:190} INFO - [2026-03-27T13:35:47.047+0000] {dag.py:4180} INFO - Setting next_dagrun for ingestion_postgres_tmdb to 2026-03-02 10:00:00+00:00, run_after=2026-04-06 10:00:00+00:00
[2026-03-27T13:35:47.066+0000] {processor.py:208} INFO - Processing /opt/airflow/dags/ingestion_postgres_dag.py took 0.112 seconds
[2026-03-27T13:36:17.278+0000] {processor.py:186} INFO - Started process (PID=4687) to work on /opt/airflow/dags/ingestion_postgres_dag.py
[2026-03-27T13:36:17.279+0000] {processor.py:914} INFO - Processing file /opt/airflow/dags/ingestion_postgres_dag.py for tasks to queue
[2026-03-27T13:36:17.281+0000] {logging_mixin.py:190} INFO - [2026-03-27T13:36:17.281+0000] {dagbag.py:588} INFO - Filling up the DagBag from /opt/airflow/dags/ingestion_postgres_dag.py
[2026-03-27T13:36:17.298+0000] {processor.py:925} INFO - DAG(s) 'ingestion_postgres_tmdb' retrieved from /opt/airflow/dags/ingestion_postgres_dag.py
[2026-03-27T13:36:17.323+0000] {logging_mixin.py:190} INFO - [2026-03-27T13:36:17.323+0000] {dag.py:3239} INFO - Sync 1 DAGs
[2026-03-27T13:36:17.345+0000] {logging_mixin.py:190} INFO - [2026-03-27T13:36:17.344+0000] {dag.py:4180} INFO - Setting next_dagrun for ingestion_postgres_tmdb to 2026-03-02 10:00:00+00:00, run_after=2026-04-06 10:00:00+00:00
[2026-03-27T13:36:17.367+0000] {processor.py:208} INFO - Processing /opt/airflow/dags/ingestion_postgres_dag.py took 0.095 seconds
[2026-03-27T13:36:47.536+0000] {processor.py:186} INFO - Started process (PID=4697) to work on /opt/airflow/dags/ingestion_postgres_dag.py
[2026-03-27T13:36:47.537+0000] {processor.py:914} INFO - Processing file /opt/airflow/dags/ingestion_postgres_dag.py for tasks to queue
[2026-03-27T13:36:47.539+0000] {logging_mixin.py:190} INFO - [2026-03-27T13:36:47.539+0000] {dagbag.py:588} INFO - Filling up the DagBag from /opt/airflow/dags/ingestion_postgres_dag.py
[2026-03-27T13:36:47.560+0000] {processor.py:925} INFO - DAG(s) 'ingestion_postgres_tmdb' retrieved from /opt/airflow/dags/ingestion_postgres_dag.py
[2026-03-27T13:36:47.587+0000] {logging_mixin.py:190} INFO - [2026-03-27T13:36:47.587+0000] {dag.py:3239} INFO - Sync 1 DAGs
[2026-03-27T13:36:47.607+0000] {logging_mixin.py:190} INFO - [2026-03-27T13:36:47.607+0000] {dag.py:4180} INFO - Setting next_dagrun for ingestion_postgres_tmdb to 2026-03-02 10:00:00+00:00, run_after=2026-04-06 10:00:00+00:00
[2026-03-27T13:36:47.624+0000] {processor.py:208} INFO - Processing /opt/airflow/dags/ingestion_postgres_dag.py took 0.095 seconds
[2026-03-27T13:37:17.814+0000] {processor.py:186} INFO - Started process (PID=4707) to work on /opt/airflow/dags/ingestion_postgres_dag.py
[2026-03-27T13:37:17.815+0000] {processor.py:914} INFO - Processing file /opt/airflow/dags/ingestion_postgres_dag.py for tasks to queue
[2026-03-27T13:37:17.817+0000] {logging_mixin.py:190} INFO - [2026-03-27T13:37:17.817+0000] {dagbag.py:588} INFO - Filling up the DagBag from /opt/airflow/dags/ingestion_postgres_dag.py
[2026-03-27T13:37:17.834+0000] {processor.py:925} INFO - DAG(s) 'ingestion_postgres_tmdb' retrieved from /opt/airflow/dags/ingestion_postgres_dag.py
[2026-03-27T13:37:17.863+0000] {logging_mixin.py:190} INFO - [2026-03-27T13:37:17.863+0000] {dag.py:3239} INFO - Sync 1 DAGs
[2026-03-27T13:37:17.886+0000] {logging_mixin.py:190} INFO - [2026-03-27T13:37:17.885+0000] {dag.py:4180} INFO - Setting next_dagrun for ingestion_postgres_tmdb to 2026-03-02 10:00:00+00:00, run_after=2026-04-06 10:00:00+00:00
[2026-03-27T13:37:17.906+0000] {processor.py:208} INFO - Processing /opt/airflow/dags/ingestion_postgres_dag.py took 0.098 seconds
[2026-03-27T13:37:48.175+0000] {processor.py:186} INFO - Started process (PID=4717) to work on /opt/airflow/dags/ingestion_postgres_dag.py
[2026-03-27T13:37:48.180+0000] {processor.py:914} INFO - Processing file /opt/airflow/dags/ingestion_postgres_dag.py for tasks to queue
[2026-03-27T13:37:48.187+0000] {logging_mixin.py:190} INFO - [2026-03-27T13:37:48.186+0000] {dagbag.py:588} INFO - Filling up the DagBag from /opt/airflow/dags/ingestion_postgres_dag.py
[2026-03-27T13:37:48.220+0000] {processor.py:925} INFO - DAG(s) 'ingestion_postgres_tmdb' retrieved from /opt/airflow/dags/ingestion_postgres_dag.py
[2026-03-27T13:37:48.253+0000] {logging_mixin.py:190} INFO - [2026-03-27T13:37:48.253+0000] {dag.py:3239} INFO - Sync 1 DAGs
[2026-03-27T13:37:48.283+0000] {logging_mixin.py:190} INFO - [2026-03-27T13:37:48.282+0000] {dag.py:4180} INFO - Setting next_dagrun for ingestion_postgres_tmdb to 2026-03-02 10:00:00+00:00, run_after=2026-04-06 10:00:00+00:00
[2026-03-27T13:37:48.315+0000] {processor.py:208} INFO - Processing /opt/airflow/dags/ingestion_postgres_dag.py took 0.166 seconds
[2026-03-27T13:38:18.522+0000] {processor.py:186} INFO - Started process (PID=4727) to work on /opt/airflow/dags/ingestion_postgres_dag.py
[2026-03-27T13:38:18.524+0000] {processor.py:914} INFO - Processing file /opt/airflow/dags/ingestion_postgres_dag.py for tasks to queue
[2026-03-27T13:38:18.526+0000] {logging_mixin.py:190} INFO - [2026-03-27T13:38:18.526+0000] {dagbag.py:588} INFO - Filling up the DagBag from /opt/airflow/dags/ingestion_postgres_dag.py
[2026-03-27T13:38:18.543+0000] {processor.py:925} INFO - DAG(s) 'ingestion_postgres_tmdb' retrieved from /opt/airflow/dags/ingestion_postgres_dag.py
[2026-03-27T13:38:18.570+0000] {logging_mixin.py:190} INFO - [2026-03-27T13:38:18.570+0000] {dag.py:3239} INFO - Sync 1 DAGs
[2026-03-27T13:38:18.593+0000] {logging_mixin.py:190} INFO - [2026-03-27T13:38:18.593+0000] {dag.py:4180} INFO - Setting next_dagrun for ingestion_postgres_tmdb to 2026-03-02 10:00:00+00:00, run_after=2026-04-06 10:00:00+00:00
[2026-03-27T13:38:18.612+0000] {processor.py:208} INFO - Processing /opt/airflow/dags/ingestion_postgres_dag.py took 0.097 seconds
[2026-03-27T13:38:48.870+0000] {processor.py:186} INFO - Started process (PID=4737) to work on /opt/airflow/dags/ingestion_postgres_dag.py
[2026-03-27T13:38:48.871+0000] {processor.py:914} INFO - Processing file /opt/airflow/dags/ingestion_postgres_dag.py for tasks to queue
[2026-03-27T13:38:48.876+0000] {logging_mixin.py:190} INFO - [2026-03-27T13:38:48.875+0000] {dagbag.py:588} INFO - Filling up the DagBag from /opt/airflow/dags/ingestion_postgres_dag.py
[2026-03-27T13:38:48.923+0000] {processor.py:925} INFO - DAG(s) 'ingestion_postgres_tmdb' retrieved from /opt/airflow/dags/ingestion_postgres_dag.py
[2026-03-27T13:38:48.956+0000] {logging_mixin.py:190} INFO - [2026-03-27T13:38:48.956+0000] {dag.py:3239} INFO - Sync 1 DAGs
[2026-03-27T13:38:48.977+0000] {logging_mixin.py:190} INFO - [2026-03-27T13:38:48.977+0000] {dag.py:4180} INFO - Setting next_dagrun for ingestion_postgres_tmdb to 2026-03-02 10:00:00+00:00, run_after=2026-04-06 10:00:00+00:00
[2026-03-27T13:38:49.032+0000] {processor.py:208} INFO - Processing /opt/airflow/dags/ingestion_postgres_dag.py took 0.169 seconds
[2026-03-27T13:39:19.279+0000] {processor.py:186} INFO - Started process (PID=4747) to work on /opt/airflow/dags/ingestion_postgres_dag.py
[2026-03-27T13:39:19.280+0000] {processor.py:914} INFO - Processing file /opt/airflow/dags/ingestion_postgres_dag.py for tasks to queue
[2026-03-27T13:39:19.282+0000] {logging_mixin.py:190} INFO - [2026-03-27T13:39:19.282+0000] {dagbag.py:588} INFO - Filling up the DagBag from /opt/airflow/dags/ingestion_postgres_dag.py
[2026-03-27T13:39:19.303+0000] {processor.py:925} INFO - DAG(s) 'ingestion_postgres_tmdb' retrieved from /opt/airflow/dags/ingestion_postgres_dag.py
[2026-03-27T13:39:19.329+0000] {logging_mixin.py:190} INFO - [2026-03-27T13:39:19.329+0000] {dag.py:3239} INFO - Sync 1 DAGs
[2026-03-27T13:39:19.352+0000] {logging_mixin.py:190} INFO - [2026-03-27T13:39:19.352+0000] {dag.py:4180} INFO - Setting next_dagrun for ingestion_postgres_tmdb to 2026-03-02 10:00:00+00:00, run_after=2026-04-06 10:00:00+00:00
[2026-03-27T13:39:19.374+0000] {processor.py:208} INFO - Processing /opt/airflow/dags/ingestion_postgres_dag.py took 0.101 seconds
[2026-03-27T13:39:49.479+0000] {processor.py:186} INFO - Started process (PID=4757) to work on /opt/airflow/dags/ingestion_postgres_dag.py
[2026-03-27T13:39:49.480+0000] {processor.py:914} INFO - Processing file /opt/airflow/dags/ingestion_postgres_dag.py for tasks to queue
[2026-03-27T13:39:49.482+0000] {logging_mixin.py:190} INFO - [2026-03-27T13:39:49.482+0000] {dagbag.py:588} INFO - Filling up the DagBag from /opt/airflow/dags/ingestion_postgres_dag.py
[2026-03-27T13:39:49.509+0000] {processor.py:925} INFO - DAG(s) 'ingestion_postgres_tmdb' retrieved from /opt/airflow/dags/ingestion_postgres_dag.py
[2026-03-27T13:39:49.541+0000] {logging_mixin.py:190} INFO - [2026-03-27T13:39:49.541+0000] {dag.py:3239} INFO - Sync 1 DAGs
[2026-03-27T13:39:49.564+0000] {logging_mixin.py:190} INFO - [2026-03-27T13:39:49.564+0000] {dag.py:4180} INFO - Setting next_dagrun for ingestion_postgres_tmdb to 2026-03-02 10:00:00+00:00, run_after=2026-04-06 10:00:00+00:00
[2026-03-27T13:39:49.581+0000] {processor.py:208} INFO - Processing /opt/airflow/dags/ingestion_postgres_dag.py took 0.107 seconds
[2026-03-27T13:40:19.821+0000] {processor.py:186} INFO - Started process (PID=4767) to work on /opt/airflow/dags/ingestion_postgres_dag.py
[2026-03-27T13:40:19.822+0000] {processor.py:914} INFO - Processing file /opt/airflow/dags/ingestion_postgres_dag.py for tasks to queue
[2026-03-27T13:40:19.825+0000] {logging_mixin.py:190} INFO - [2026-03-27T13:40:19.824+0000] {dagbag.py:588} INFO - Filling up the DagBag from /opt/airflow/dags/ingestion_postgres_dag.py
[2026-03-27T13:40:19.854+0000] {processor.py:925} INFO - DAG(s) 'ingestion_postgres_tmdb' retrieved from /opt/airflow/dags/ingestion_postgres_dag.py
[2026-03-27T13:40:19.887+0000] {logging_mixin.py:190} INFO - [2026-03-27T13:40:19.887+0000] {dag.py:3239} INFO - Sync 1 DAGs
[2026-03-27T13:40:19.913+0000] {logging_mixin.py:190} INFO - [2026-03-27T13:40:19.913+0000] {dag.py:4180} INFO - Setting next_dagrun for ingestion_postgres_tmdb to 2026-03-02 10:00:00+00:00, run_after=2026-04-06 10:00:00+00:00
[2026-03-27T13:40:19.936+0000] {processor.py:208} INFO - Processing /opt/airflow/dags/ingestion_postgres_dag.py took 0.124 seconds
[2026-03-27T13:40:50.124+0000] {processor.py:186} INFO - Started process (PID=4777) to work on /opt/airflow/dags/ingestion_postgres_dag.py
[2026-03-27T13:40:50.125+0000] {processor.py:914} INFO - Processing file /opt/airflow/dags/ingestion_postgres_dag.py for tasks to queue
[2026-03-27T13:40:50.128+0000] {logging_mixin.py:190} INFO - [2026-03-27T13:40:50.127+0000] {dagbag.py:588} INFO - Filling up the DagBag from /opt/airflow/dags/ingestion_postgres_dag.py
[2026-03-27T13:40:50.151+0000] {processor.py:925} INFO - DAG(s) 'ingestion_postgres_tmdb' retrieved from /opt/airflow/dags/ingestion_postgres_dag.py
[2026-03-27T13:40:50.179+0000] {logging_mixin.py:190} INFO - [2026-03-27T13:40:50.178+0000] {dag.py:3239} INFO - Sync 1 DAGs
[2026-03-27T13:40:50.201+0000] {logging_mixin.py:190} INFO - [2026-03-27T13:40:50.201+0000] {dag.py:4180} INFO - Setting next_dagrun for ingestion_postgres_tmdb to 2026-03-02 10:00:00+00:00, run_after=2026-04-06 10:00:00+00:00
[2026-03-27T13:40:50.222+0000] {processor.py:208} INFO - Processing /opt/airflow/dags/ingestion_postgres_dag.py took 0.107 seconds
[2026-03-27T13:41:20.331+0000] {processor.py:186} INFO - Started process (PID=4787) to work on /opt/airflow/dags/ingestion_postgres_dag.py
[2026-03-27T13:41:20.332+0000] {processor.py:914} INFO - Processing file /opt/airflow/dags/ingestion_postgres_dag.py for tasks to queue
[2026-03-27T13:41:20.334+0000] {logging_mixin.py:190} INFO - [2026-03-27T13:41:20.334+0000] {dagbag.py:588} INFO - Filling up the DagBag from /opt/airflow/dags/ingestion_postgres_dag.py
[2026-03-27T13:41:20.351+0000] {processor.py:925} INFO - DAG(s) 'ingestion_postgres_tmdb' retrieved from /opt/airflow/dags/ingestion_postgres_dag.py
[2026-03-27T13:41:20.396+0000] {logging_mixin.py:190} INFO - [2026-03-27T13:41:20.395+0000] {dag.py:3239} INFO - Sync 1 DAGs
[2026-03-27T13:41:20.427+0000] {logging_mixin.py:190} INFO - [2026-03-27T13:41:20.427+0000] {dag.py:4180} INFO - Setting next_dagrun for ingestion_postgres_tmdb to 2026-03-02 10:00:00+00:00, run_after=2026-04-06 10:00:00+00:00
[2026-03-27T13:41:20.447+0000] {processor.py:208} INFO - Processing /opt/airflow/dags/ingestion_postgres_dag.py took 0.121 seconds
[2026-03-27T13:41:50.641+0000] {processor.py:186} INFO - Started process (PID=4797) to work on /opt/airflow/dags/ingestion_postgres_dag.py
[2026-03-27T13:41:50.642+0000] {processor.py:914} INFO - Processing file /opt/airflow/dags/ingestion_postgres_dag.py for tasks to queue
[2026-03-27T13:41:50.644+0000] {logging_mixin.py:190} INFO - [2026-03-27T13:41:50.644+0000] {dagbag.py:588} INFO - Filling up the DagBag from /opt/airflow/dags/ingestion_postgres_dag.py
[2026-03-27T13:41:50.675+0000] {processor.py:925} INFO - DAG(s) 'ingestion_postgres_tmdb' retrieved from /opt/airflow/dags/ingestion_postgres_dag.py
[2026-03-27T13:41:50.709+0000] {logging_mixin.py:190} INFO - [2026-03-27T13:41:50.708+0000] {dag.py:3239} INFO - Sync 1 DAGs
[2026-03-27T13:41:50.736+0000] {logging_mixin.py:190} INFO - [2026-03-27T13:41:50.735+0000] {dag.py:4180} INFO - Setting next_dagrun for ingestion_postgres_tmdb to 2026-03-02 10:00:00+00:00, run_after=2026-04-06 10:00:00+00:00
[2026-03-27T13:41:50.760+0000] {processor.py:208} INFO - Processing /opt/airflow/dags/ingestion_postgres_dag.py took 0.124 seconds
[2026-03-27T13:42:20.949+0000] {processor.py:186} INFO - Started process (PID=4807) to work on /opt/airflow/dags/ingestion_postgres_dag.py
[2026-03-27T13:42:20.950+0000] {processor.py:914} INFO - Processing file /opt/airflow/dags/ingestion_postgres_dag.py for tasks to queue
[2026-03-27T13:42:20.953+0000] {logging_mixin.py:190} INFO - [2026-03-27T13:42:20.952+0000] {dagbag.py:588} INFO - Filling up the DagBag from /opt/airflow/dags/ingestion_postgres_dag.py
[2026-03-27T13:42:20.979+0000] {processor.py:925} INFO - DAG(s) 'ingestion_postgres_tmdb' retrieved from /opt/airflow/dags/ingestion_postgres_dag.py
[2026-03-27T13:42:20.595+0000] {logging_mixin.py:190} INFO - [2026-03-27T13:42:20.595+0000] {dag.py:3239} INFO - Sync 1 DAGs
[2026-03-27T13:42:19.983+0000] {logging_mixin.py:190} INFO - [2026-03-27T13:42:19.983+0000] {dag.py:4180} INFO - Setting next_dagrun for ingestion_postgres_tmdb to 2026-03-02 10:00:00+00:00, run_after=2026-04-06 10:00:00+00:00
[2026-03-27T13:42:20.008+0000] {processor.py:208} INFO - Processing /opt/airflow/dags/ingestion_postgres_dag.py took 0.119 seconds
[2026-03-27T13:42:50.215+0000] {processor.py:186} INFO - Started process (PID=4817) to work on /opt/airflow/dags/ingestion_postgres_dag.py
[2026-03-27T13:42:50.216+0000] {processor.py:914} INFO - Processing file /opt/airflow/dags/ingestion_postgres_dag.py for tasks to queue
[2026-03-27T13:42:50.219+0000] {logging_mixin.py:190} INFO - [2026-03-27T13:42:50.219+0000] {dagbag.py:588} INFO - Filling up the DagBag from /opt/airflow/dags/ingestion_postgres_dag.py
[2026-03-27T13:42:50.237+0000] {processor.py:925} INFO - DAG(s) 'ingestion_postgres_tmdb' retrieved from /opt/airflow/dags/ingestion_postgres_dag.py
[2026-03-27T13:42:50.273+0000] {logging_mixin.py:190} INFO - [2026-03-27T13:42:50.273+0000] {dag.py:3239} INFO - Sync 1 DAGs
[2026-03-27T13:42:50.295+0000] {logging_mixin.py:190} INFO - [2026-03-27T13:42:50.295+0000] {dag.py:4180} INFO - Setting next_dagrun for ingestion_postgres_tmdb to 2026-03-02 10:00:00+00:00, run_after=2026-04-06 10:00:00+00:00
[2026-03-27T13:42:50.315+0000] {processor.py:208} INFO - Processing /opt/airflow/dags/ingestion_postgres_dag.py took 0.106 seconds
[2026-03-27T13:43:20.568+0000] {processor.py:186} INFO - Started process (PID=4827) to work on /opt/airflow/dags/ingestion_postgres_dag.py
[2026-03-27T13:43:20.569+0000] {processor.py:914} INFO - Processing file /opt/airflow/dags/ingestion_postgres_dag.py for tasks to queue
[2026-03-27T13:43:20.572+0000] {logging_mixin.py:190} INFO - [2026-03-27T13:43:20.571+0000] {dagbag.py:588} INFO - Filling up the DagBag from /opt/airflow/dags/ingestion_postgres_dag.py
[2026-03-27T13:43:20.599+0000] {processor.py:925} INFO - DAG(s) 'ingestion_postgres_tmdb' retrieved from /opt/airflow/dags/ingestion_postgres_dag.py
[2026-03-27T13:43:20.628+0000] {logging_mixin.py:190} INFO - [2026-03-27T13:43:20.628+0000] {dag.py:3239} INFO - Sync 1 DAGs
[2026-03-27T13:43:20.651+0000] {logging_mixin.py:190} INFO - [2026-03-27T13:43:20.650+0000] {dag.py:4180} INFO - Setting next_dagrun for ingestion_postgres_tmdb to 2026-03-02 10:00:00+00:00, run_after=2026-04-06 10:00:00+00:00
[2026-03-27T13:43:20.676+0000] {processor.py:208} INFO - Processing /opt/airflow/dags/ingestion_postgres_dag.py took 0.114 seconds
[2026-03-27T13:43:50.878+0000] {processor.py:186} INFO - Started process (PID=4837) to work on /opt/airflow/dags/ingestion_postgres_dag.py
[2026-03-27T13:43:50.879+0000] {processor.py:914} INFO - Processing file /opt/airflow/dags/ingestion_postgres_dag.py for tasks to queue
[2026-03-27T13:43:50.881+0000] {logging_mixin.py:190} INFO - [2026-03-27T13:43:50.881+0000] {dagbag.py:588} INFO - Filling up the DagBag from /opt/airflow/dags/ingestion_postgres_dag.py
[2026-03-27T13:43:50.899+0000] {processor.py:925} INFO - DAG(s) 'ingestion_postgres_tmdb' retrieved from /opt/airflow/dags/ingestion_postgres_dag.py
[2026-03-27T13:43:50.927+0000] {logging_mixin.py:190} INFO - [2026-03-27T13:43:50.927+0000] {dag.py:3239} INFO - Sync 1 DAGs
[2026-03-27T13:43:50.950+0000] {logging_mixin.py:190} INFO - [2026-03-27T13:43:50.950+0000] {dag.py:4180} INFO - Setting next_dagrun for ingestion_postgres_tmdb to 2026-03-02 10:00:00+00:00, run_after=2026-04-06 10:00:00+00:00
[2026-03-27T13:43:50.986+0000] {processor.py:208} INFO - Processing /opt/airflow/dags/ingestion_postgres_dag.py took 0.113 seconds
[2026-03-27T13:44:21.154+0000] {processor.py:186} INFO - Started process (PID=4847) to work on /opt/airflow/dags/ingestion_postgres_dag.py
[2026-03-27T13:44:21.156+0000] {processor.py:914} INFO - Processing file /opt/airflow/dags/ingestion_postgres_dag.py for tasks to queue
[2026-03-27T13:44:21.158+0000] {logging_mixin.py:190} INFO - [2026-03-27T13:44:21.158+0000] {dagbag.py:588} INFO - Filling up the DagBag from /opt/airflow/dags/ingestion_postgres_dag.py
[2026-03-27T13:44:21.177+0000] {processor.py:925} INFO - DAG(s) 'ingestion_postgres_tmdb' retrieved from /opt/airflow/dags/ingestion_postgres_dag.py
[2026-03-27T13:44:21.207+0000] {logging_mixin.py:190} INFO - [2026-03-27T13:44:21.206+0000] {dag.py:3239} INFO - Sync 1 DAGs
[2026-03-27T13:44:21.231+0000] {logging_mixin.py:190} INFO - [2026-03-27T13:44:21.231+0000] {dag.py:4180} INFO - Setting next_dagrun for ingestion_postgres_tmdb to 2026-03-02 10:00:00+00:00, run_after=2026-04-06 10:00:00+00:00
[2026-03-27T13:44:21.252+0000] {processor.py:208} INFO - Processing /opt/airflow/dags/ingestion_postgres_dag.py took 0.105 seconds
[2026-03-27T13:44:51.340+0000] {processor.py:186} INFO - Started process (PID=4857) to work on /opt/airflow/dags/ingestion_postgres_dag.py
[2026-03-27T13:44:51.341+0000] {processor.py:914} INFO - Processing file /opt/airflow/dags/ingestion_postgres_dag.py for tasks to queue
[2026-03-27T13:44:51.344+0000] {logging_mixin.py:190} INFO - [2026-03-27T13:44:51.343+0000] {dagbag.py:588} INFO - Filling up the DagBag from /opt/airflow/dags/ingestion_postgres_dag.py
[2026-03-27T13:44:51.360+0000] {processor.py:925} INFO - DAG(s) 'ingestion_postgres_tmdb' retrieved from /opt/airflow/dags/ingestion_postgres_dag.py
[2026-03-27T13:44:51.392+0000] {logging_mixin.py:190} INFO - [2026-03-27T13:44:51.391+0000] {dag.py:3239} INFO - Sync 1 DAGs
[2026-03-27T13:44:51.417+0000] {logging_mixin.py:190} INFO - [2026-03-27T13:44:51.417+0000] {dag.py:4180} INFO - Setting next_dagrun for ingestion_postgres_tmdb to 2026-03-02 10:00:00+00:00, run_after=2026-04-06 10:00:00+00:00
[2026-03-27T13:44:51.436+0000] {processor.py:208} INFO - Processing /opt/airflow/dags/ingestion_postgres_dag.py took 0.102 seconds
[2026-03-27T13:45:21.639+0000] {processor.py:186} INFO - Started process (PID=4867) to work on /opt/airflow/dags/ingestion_postgres_dag.py
[2026-03-27T13:45:21.643+0000] {processor.py:914} INFO - Processing file /opt/airflow/dags/ingestion_postgres_dag.py for tasks to queue
[2026-03-27T13:45:21.650+0000] {logging_mixin.py:190} INFO - [2026-03-27T13:45:21.649+0000] {dagbag.py:588} INFO - Filling up the DagBag from /opt/airflow/dags/ingestion_postgres_dag.py
[2026-03-27T13:45:21.677+0000] {processor.py:925} INFO - DAG(s) 'ingestion_postgres_tmdb' retrieved from /opt/airflow/dags/ingestion_postgres_dag.py
[2026-03-27T13:45:21.703+0000] {logging_mixin.py:190} INFO - [2026-03-27T13:45:21.703+0000] {dag.py:3239} INFO - Sync 1 DAGs
[2026-03-27T13:45:21.724+0000] {logging_mixin.py:190} INFO - [2026-03-27T13:45:21.724+0000] {dag.py:4180} INFO - Setting next_dagrun for ingestion_postgres_tmdb to 2026-03-02 10:00:00+00:00, run_after=2026-04-06 10:00:00+00:00
[2026-03-27T13:45:21.748+0000] {processor.py:208} INFO - Processing /opt/airflow/dags/ingestion_postgres_dag.py took 0.119 seconds
[2026-03-27T13:45:51.971+0000] {processor.py:186} INFO - Started process (PID=4877) to work on /opt/airflow/dags/ingestion_postgres_dag.py
[2026-03-27T13:45:51.972+0000] {processor.py:914} INFO - Processing file /opt/airflow/dags/ingestion_postgres_dag.py for tasks to queue
[2026-03-27T13:45:51.975+0000] {logging_mixin.py:190} INFO - [2026-03-27T13:45:51.974+0000] {dagbag.py:588} INFO - Filling up the DagBag from /opt/airflow/dags/ingestion_postgres_dag.py
[2026-03-27T13:45:51.994+0000] {processor.py:925} INFO - DAG(s) 'ingestion_postgres_tmdb' retrieved from /opt/airflow/dags/ingestion_postgres_dag.py
[2026-03-27T13:45:52.023+0000] {logging_mixin.py:190} INFO - [2026-03-27T13:45:52.023+0000] {dag.py:3239} INFO - Sync 1 DAGs
[2026-03-27T13:45:52.046+0000] {logging_mixin.py:190} INFO - [2026-03-27T13:45:52.046+0000] {dag.py:4180} INFO - Setting next_dagrun for ingestion_postgres_tmdb to 2026-03-02 10:00:00+00:00, run_after=2026-04-06 10:00:00+00:00
[2026-03-27T13:45:52.063+0000] {processor.py:208} INFO - Processing /opt/airflow/dags/ingestion_postgres_dag.py took 0.098 seconds
[2026-03-27T13:46:22.260+0000] {processor.py:186} INFO - Started process (PID=4887) to work on /opt/airflow/dags/ingestion_postgres_dag.py
[2026-03-27T13:46:22.261+0000] {processor.py:914} INFO - Processing file /opt/airflow/dags/ingestion_postgres_dag.py for tasks to queue
[2026-03-27T13:46:22.263+0000] {logging_mixin.py:190} INFO - [2026-03-27T13:46:22.263+0000] {dagbag.py:588} INFO - Filling up the DagBag from /opt/airflow/dags/ingestion_postgres_dag.py
[2026-03-27T13:46:22.281+0000] {processor.py:925} INFO - DAG(s) 'ingestion_postgres_tmdb' retrieved from /opt/airflow/dags/ingestion_postgres_dag.py
[2026-03-27T13:46:22.313+0000] {logging_mixin.py:190} INFO - [2026-03-27T13:46:22.313+0000] {dag.py:3239} INFO - Sync 1 DAGs
[2026-03-27T13:46:22.337+0000] {logging_mixin.py:190} INFO - [2026-03-27T13:46:22.337+0000] {dag.py:4180} INFO - Setting next_dagrun for ingestion_postgres_tmdb to 2026-03-02 10:00:00+00:00, run_after=2026-04-06 10:00:00+00:00
[2026-03-27T13:46:22.364+0000] {processor.py:208} INFO - Processing /opt/airflow/dags/ingestion_postgres_dag.py took 0.109 seconds
[2026-03-27T13:46:52.520+0000] {processor.py:186} INFO - Started process (PID=4897) to work on /opt/airflow/dags/ingestion_postgres_dag.py
[2026-03-27T13:46:52.521+0000] {processor.py:914} INFO - Processing file /opt/airflow/dags/ingestion_postgres_dag.py for tasks to queue
[2026-03-27T13:46:52.523+0000] {logging_mixin.py:190} INFO - [2026-03-27T13:46:52.523+0000] {dagbag.py:588} INFO - Filling up the DagBag from /opt/airflow/dags/ingestion_postgres_dag.py
[2026-03-27T13:46:52.543+0000] {processor.py:925} INFO - DAG(s) 'ingestion_postgres_tmdb' retrieved from /opt/airflow/dags/ingestion_postgres_dag.py
[2026-03-27T13:46:52.578+0000] {logging_mixin.py:190} INFO - [2026-03-27T13:46:52.578+0000] {dag.py:3239} INFO - Sync 1 DAGs
[2026-03-27T13:46:52.614+0000] {logging_mixin.py:190} INFO - [2026-03-27T13:46:52.614+0000] {dag.py:4180} INFO - Setting next_dagrun for ingestion_postgres_tmdb to 2026-03-02 10:00:00+00:00, run_after=2026-04-06 10:00:00+00:00
[2026-03-27T13:46:52.639+0000] {processor.py:208} INFO - Processing /opt/airflow/dags/ingestion_postgres_dag.py took 0.126 seconds
[2026-03-27T13:47:22.835+0000] {processor.py:186} INFO - Started process (PID=4907) to work on /opt/airflow/dags/ingestion_postgres_dag.py
[2026-03-27T13:47:22.836+0000] {processor.py:914} INFO - Processing file /opt/airflow/dags/ingestion_postgres_dag.py for tasks to queue
[2026-03-27T13:47:22.839+0000] {logging_mixin.py:190} INFO - [2026-03-27T13:47:22.839+0000] {dagbag.py:588} INFO - Filling up the DagBag from /opt/airflow/dags/ingestion_postgres_dag.py
[2026-03-27T13:47:22.862+0000] {processor.py:925} INFO - DAG(s) 'ingestion_postgres_tmdb' retrieved from /opt/airflow/dags/ingestion_postgres_dag.py
[2026-03-27T13:47:22.894+0000] {logging_mixin.py:190} INFO - [2026-03-27T13:47:22.893+0000] {dag.py:3239} INFO - Sync 1 DAGs
[2026-03-27T13:47:22.916+0000] {logging_mixin.py:190} INFO - [2026-03-27T13:47:22.916+0000] {dag.py:4180} INFO - Setting next_dagrun for ingestion_postgres_tmdb to 2026-03-02 10:00:00+00:00, run_after=2026-04-06 10:00:00+00:00
[2026-03-27T13:47:22.934+0000] {processor.py:208} INFO - Processing /opt/airflow/dags/ingestion_postgres_dag.py took 0.106 seconds
[2026-03-27T13:47:53.189+0000] {processor.py:186} INFO - Started process (PID=4917) to work on /opt/airflow/dags/ingestion_postgres_dag.py
[2026-03-27T13:47:53.190+0000] {processor.py:914} INFO - Processing file /opt/airflow/dags/ingestion_postgres_dag.py for tasks to queue
[2026-03-27T13:47:53.192+0000] {logging_mixin.py:190} INFO - [2026-03-27T13:47:53.192+0000] {dagbag.py:588} INFO - Filling up the DagBag from /opt/airflow/dags/ingestion_postgres_dag.py
[2026-03-27T13:47:53.212+0000] {processor.py:925} INFO - DAG(s) 'ingestion_postgres_tmdb' retrieved from /opt/airflow/dags/ingestion_postgres_dag.py
[2026-03-27T13:47:53.247+0000] {logging_mixin.py:190} INFO - [2026-03-27T13:47:53.247+0000] {dag.py:3239} INFO - Sync 1 DAGs
[2026-03-27T13:47:53.272+0000] {logging_mixin.py:190} INFO - [2026-03-27T13:47:53.272+0000] {dag.py:4180} INFO - Setting next_dagrun for ingestion_postgres_tmdb to 2026-03-02 10:00:00+00:00, run_after=2026-04-06 10:00:00+00:00
[2026-03-27T13:47:53.294+0000] {processor.py:208} INFO - Processing /opt/airflow/dags/ingestion_postgres_dag.py took 0.110 seconds
[2026-03-27T13:48:23.485+0000] {processor.py:186} INFO - Started process (PID=4927) to work on /opt/airflow/dags/ingestion_postgres_dag.py
[2026-03-27T13:48:23.487+0000] {processor.py:914} INFO - Processing file /opt/airflow/dags/ingestion_postgres_dag.py for tasks to queue
[2026-03-27T13:48:23.490+0000] {logging_mixin.py:190} INFO - [2026-03-27T13:48:23.489+0000] {dagbag.py:588} INFO - Filling up the DagBag from /opt/airflow/dags/ingestion_postgres_dag.py
[2026-03-27T13:48:23.512+0000] {processor.py:925} INFO - DAG(s) 'ingestion_postgres_tmdb' retrieved from /opt/airflow/dags/ingestion_postgres_dag.py
[2026-03-27T13:48:23.544+0000] {logging_mixin.py:190} INFO - [2026-03-27T13:48:23.544+0000] {dag.py:3239} INFO - Sync 1 DAGs
[2026-03-27T13:48:23.584+0000] {logging_mixin.py:190} INFO - [2026-03-27T13:48:23.584+0000] {dag.py:4180} INFO - Setting next_dagrun for ingestion_postgres_tmdb to 2026-03-02 10:00:00+00:00, run_after=2026-04-06 10:00:00+00:00
[2026-03-27T13:48:23.615+0000] {processor.py:208} INFO - Processing /opt/airflow/dags/ingestion_postgres_dag.py took 0.138 seconds
[2026-03-27T13:48:53.806+0000] {processor.py:186} INFO - Started process (PID=4937) to work on /opt/airflow/dags/ingestion_postgres_dag.py
[2026-03-27T13:48:53.808+0000] {processor.py:914} INFO - Processing file /opt/airflow/dags/ingestion_postgres_dag.py for tasks to queue
[2026-03-27T13:48:53.813+0000] {logging_mixin.py:190} INFO - [2026-03-27T13:48:53.813+0000] {dagbag.py:588} INFO - Filling up the DagBag from /opt/airflow/dags/ingestion_postgres_dag.py
[2026-03-27T13:48:53.834+0000] {processor.py:925} INFO - DAG(s) 'ingestion_postgres_tmdb' retrieved from /opt/airflow/dags/ingestion_postgres_dag.py
[2026-03-27T13:48:53.867+0000] {logging_mixin.py:190} INFO - [2026-03-27T13:48:53.867+0000] {dag.py:3239} INFO - Sync 1 DAGs
[2026-03-27T13:48:53.891+0000] {logging_mixin.py:190} INFO - [2026-03-27T13:48:53.891+0000] {dag.py:4180} INFO - Setting next_dagrun for ingestion_postgres_tmdb to 2026-03-02 10:00:00+00:00, run_after=2026-04-06 10:00:00+00:00
[2026-03-27T13:48:53.910+0000] {processor.py:208} INFO - Processing /opt/airflow/dags/ingestion_postgres_dag.py took 0.112 seconds
[2026-03-27T13:49:24.044+0000] {processor.py:186} INFO - Started process (PID=4947) to work on /opt/airflow/dags/ingestion_postgres_dag.py
[2026-03-27T13:49:24.046+0000] {processor.py:914} INFO - Processing file /opt/airflow/dags/ingestion_postgres_dag.py for tasks to queue
[2026-03-27T13:49:24.049+0000] {logging_mixin.py:190} INFO - [2026-03-27T13:49:24.048+0000] {dagbag.py:588} INFO - Filling up the DagBag from /opt/airflow/dags/ingestion_postgres_dag.py
[2026-03-27T13:49:24.080+0000] {processor.py:925} INFO - DAG(s) 'ingestion_postgres_tmdb' retrieved from /opt/airflow/dags/ingestion_postgres_dag.py
[2026-03-27T13:49:24.119+0000] {logging_mixin.py:190} INFO - [2026-03-27T13:49:24.119+0000] {dag.py:3239} INFO - Sync 1 DAGs
[2026-03-27T13:49:24.141+0000] {logging_mixin.py:190} INFO - [2026-03-27T13:49:24.141+0000] {dag.py:4180} INFO - Setting next_dagrun for ingestion_postgres_tmdb to 2026-03-02 10:00:00+00:00, run_after=2026-04-06 10:00:00+00:00
[2026-03-27T13:49:24.160+0000] {processor.py:208} INFO - Processing /opt/airflow/dags/ingestion_postgres_dag.py took 0.126 seconds
[2026-03-27T13:49:54.352+0000] {processor.py:186} INFO - Started process (PID=4957) to work on /opt/airflow/dags/ingestion_postgres_dag.py
[2026-03-27T13:49:54.353+0000] {processor.py:914} INFO - Processing file /opt/airflow/dags/ingestion_postgres_dag.py for tasks to queue
[2026-03-27T13:49:54.355+0000] {logging_mixin.py:190} INFO - [2026-03-27T13:49:54.355+0000] {dagbag.py:588} INFO - Filling up the DagBag from /opt/airflow/dags/ingestion_postgres_dag.py
[2026-03-27T13:49:54.373+0000] {processor.py:925} INFO - DAG(s) 'ingestion_postgres_tmdb' retrieved from /opt/airflow/dags/ingestion_postgres_dag.py
[2026-03-27T13:49:54.400+0000] {logging_mixin.py:190} INFO - [2026-03-27T13:49:54.399+0000] {dag.py:3239} INFO - Sync 1 DAGs
[2026-03-27T13:49:54.425+0000] {logging_mixin.py:190} INFO - [2026-03-27T13:49:54.425+0000] {dag.py:4180} INFO - Setting next_dagrun for ingestion_postgres_tmdb to 2026-03-02 10:00:00+00:00, run_after=2026-04-06 10:00:00+00:00
[2026-03-27T13:49:54.457+0000] {processor.py:208} INFO - Processing /opt/airflow/dags/ingestion_postgres_dag.py took 0.111 seconds
[2026-03-27T13:50:24.522+0000] {processor.py:186} INFO - Started process (PID=4967) to work on /opt/airflow/dags/ingestion_postgres_dag.py
[2026-03-27T13:50:24.524+0000] {processor.py:914} INFO - Processing file /opt/airflow/dags/ingestion_postgres_dag.py for tasks to queue
[2026-03-27T13:50:24.526+0000] {logging_mixin.py:190} INFO - [2026-03-27T13:50:24.526+0000] {dagbag.py:588} INFO - Filling up the DagBag from /opt/airflow/dags/ingestion_postgres_dag.py
[2026-03-27T13:50:24.546+0000] {processor.py:925} INFO - DAG(s) 'ingestion_postgres_tmdb' retrieved from /opt/airflow/dags/ingestion_postgres_dag.py
[2026-03-27T13:50:24.577+0000] {logging_mixin.py:190} INFO - [2026-03-27T13:50:24.577+0000] {dag.py:3239} INFO - Sync 1 DAGs
[2026-03-27T13:50:24.603+0000] {logging_mixin.py:190} INFO - [2026-03-27T13:50:24.602+0000] {dag.py:4180} INFO - Setting next_dagrun for ingestion_postgres_tmdb to 2026-03-02 10:00:00+00:00, run_after=2026-04-06 10:00:00+00:00
[2026-03-27T13:50:24.627+0000] {processor.py:208} INFO - Processing /opt/airflow/dags/ingestion_postgres_dag.py took 0.110 seconds
[2026-03-27T13:50:54.774+0000] {processor.py:186} INFO - Started process (PID=4977) to work on /opt/airflow/dags/ingestion_postgres_dag.py
[2026-03-27T13:50:54.776+0000] {processor.py:914} INFO - Processing file /opt/airflow/dags/ingestion_postgres_dag.py for tasks to queue
[2026-03-27T13:50:54.778+0000] {logging_mixin.py:190} INFO - [2026-03-27T13:50:54.778+0000] {dagbag.py:588} INFO - Filling up the DagBag from /opt/airflow/dags/ingestion_postgres_dag.py
[2026-03-27T13:50:54.802+0000] {processor.py:925} INFO - DAG(s) 'ingestion_postgres_tmdb' retrieved from /opt/airflow/dags/ingestion_postgres_dag.py
[2026-03-27T13:50:54.832+0000] {logging_mixin.py:190} INFO - [2026-03-27T13:50:54.832+0000] {dag.py:3239} INFO - Sync 1 DAGs
[2026-03-27T13:50:54.856+0000] {logging_mixin.py:190} INFO - [2026-03-27T13:50:54.855+0000] {dag.py:4180} INFO - Setting next_dagrun for ingestion_postgres_tmdb to 2026-03-02 10:00:00+00:00, run_after=2026-04-06 10:00:00+00:00
[2026-03-27T13:50:54.875+0000] {processor.py:208} INFO - Processing /opt/airflow/dags/ingestion_postgres_dag.py took 0.107 seconds
[2026-03-27T13:51:24.951+0000] {processor.py:186} INFO - Started process (PID=4987) to work on /opt/airflow/dags/ingestion_postgres_dag.py
[2026-03-27T13:51:24.953+0000] {processor.py:914} INFO - Processing file /opt/airflow/dags/ingestion_postgres_dag.py for tasks to queue
[2026-03-27T13:51:24.956+0000] {logging_mixin.py:190} INFO - [2026-03-27T13:51:24.955+0000] {dagbag.py:588} INFO - Filling up the DagBag from /opt/airflow/dags/ingestion_postgres_dag.py
[2026-03-27T13:51:24.976+0000] {processor.py:925} INFO - DAG(s) 'ingestion_postgres_tmdb' retrieved from /opt/airflow/dags/ingestion_postgres_dag.py
[2026-03-27T13:51:25.008+0000] {logging_mixin.py:190} INFO - [2026-03-27T13:51:25.008+0000] {dag.py:3239} INFO - Sync 1 DAGs
[2026-03-27T13:51:25.032+0000] {logging_mixin.py:190} INFO - [2026-03-27T13:51:25.032+0000] {dag.py:4180} INFO - Setting next_dagrun for ingestion_postgres_tmdb to 2026-03-02 10:00:00+00:00, run_after=2026-04-06 10:00:00+00:00
[2026-03-27T13:51:25.052+0000] {processor.py:208} INFO - Processing /opt/airflow/dags/ingestion_postgres_dag.py took 0.108 seconds
[2026-03-27T13:51:55.188+0000] {processor.py:186} INFO - Started process (PID=4997) to work on /opt/airflow/dags/ingestion_postgres_dag.py
[2026-03-27T13:51:55.189+0000] {processor.py:914} INFO - Processing file /opt/airflow/dags/ingestion_postgres_dag.py for tasks to queue
[2026-03-27T13:51:55.191+0000] {logging_mixin.py:190} INFO - [2026-03-27T13:51:55.191+0000] {dagbag.py:588} INFO - Filling up the DagBag from /opt/airflow/dags/ingestion_postgres_dag.py
[2026-03-27T13:51:55.221+0000] {processor.py:925} INFO - DAG(s) 'ingestion_postgres_tmdb' retrieved from /opt/airflow/dags/ingestion_postgres_dag.py
[2026-03-27T13:51:55.264+0000] {logging_mixin.py:190} INFO - [2026-03-27T13:51:55.264+0000] {dag.py:3239} INFO - Sync 1 DAGs
[2026-03-27T13:51:55.291+0000] {logging_mixin.py:190} INFO - [2026-03-27T13:51:55.291+0000] {dag.py:4180} INFO - Setting next_dagrun for ingestion_postgres_tmdb to 2026-03-02 10:00:00+00:00, run_after=2026-04-06 10:00:00+00:00
[2026-03-27T13:51:55.310+0000] {processor.py:208} INFO - Processing /opt/airflow/dags/ingestion_postgres_dag.py took 0.128 seconds
[2026-03-27T13:52:25.380+0000] {processor.py:186} INFO - Started process (PID=5007) to work on /opt/airflow/dags/ingestion_postgres_dag.py
[2026-03-27T13:52:25.381+0000] {processor.py:914} INFO - Processing file /opt/airflow/dags/ingestion_postgres_dag.py for tasks to queue
[2026-03-27T13:52:25.383+0000] {logging_mixin.py:190} INFO - [2026-03-27T13:52:25.383+0000] {dagbag.py:588} INFO - Filling up the DagBag from /opt/airflow/dags/ingestion_postgres_dag.py
[2026-03-27T13:52:25.405+0000] {processor.py:925} INFO - DAG(s) 'ingestion_postgres_tmdb' retrieved from /opt/airflow/dags/ingestion_postgres_dag.py
[2026-03-27T13:52:25.434+0000] {logging_mixin.py:190} INFO - [2026-03-27T13:52:25.434+0000] {dag.py:3239} INFO - Sync 1 DAGs
[2026-03-27T13:52:25.456+0000] {logging_mixin.py:190} INFO - [2026-03-27T13:52:25.456+0000] {dag.py:4180} INFO - Setting next_dagrun for ingestion_postgres_tmdb to 2026-03-02 10:00:00+00:00, run_after=2026-04-06 10:00:00+00:00
[2026-03-27T13:52:25.476+0000] {processor.py:208} INFO - Processing /opt/airflow/dags/ingestion_postgres_dag.py took 0.103 seconds
[2026-03-27T13:52:55.712+0000] {processor.py:186} INFO - Started process (PID=5017) to work on /opt/airflow/dags/ingestion_postgres_dag.py
[2026-03-27T13:52:55.713+0000] {processor.py:914} INFO - Processing file /opt/airflow/dags/ingestion_postgres_dag.py for tasks to queue
[2026-03-27T13:52:55.715+0000] {logging_mixin.py:190} INFO - [2026-03-27T13:52:55.715+0000] {dagbag.py:588} INFO - Filling up the DagBag from /opt/airflow/dags/ingestion_postgres_dag.py
[2026-03-27T13:52:55.737+0000] {processor.py:925} INFO - DAG(s) 'ingestion_postgres_tmdb' retrieved from /opt/airflow/dags/ingestion_postgres_dag.py
[2026-03-27T13:52:55.763+0000] {logging_mixin.py:190} INFO - [2026-03-27T13:52:55.763+0000] {dag.py:3239} INFO - Sync 1 DAGs
[2026-03-27T13:52:55.782+0000] {logging_mixin.py:190} INFO - [2026-03-27T13:52:55.782+0000] {dag.py:4180} INFO - Setting next_dagrun for ingestion_postgres_tmdb to 2026-03-02 10:00:00+00:00, run_after=2026-04-06 10:00:00+00:00
[2026-03-27T13:52:55.799+0000] {processor.py:208} INFO - Processing /opt/airflow/dags/ingestion_postgres_dag.py took 0.093 seconds
[2026-03-27T13:53:25.959+0000] {processor.py:186} INFO - Started process (PID=5027) to work on /opt/airflow/dags/ingestion_postgres_dag.py
[2026-03-27T13:53:25.960+0000] {processor.py:914} INFO - Processing file /opt/airflow/dags/ingestion_postgres_dag.py for tasks to queue
[2026-03-27T13:53:25.962+0000] {logging_mixin.py:190} INFO - [2026-03-27T13:53:25.962+0000] {dagbag.py:588} INFO - Filling up the DagBag from /opt/airflow/dags/ingestion_postgres_dag.py
[2026-03-27T13:53:25.979+0000] {processor.py:925} INFO - DAG(s) 'ingestion_postgres_tmdb' retrieved from /opt/airflow/dags/ingestion_postgres_dag.py
[2026-03-27T13:53:26.009+0000] {logging_mixin.py:190} INFO - [2026-03-27T13:53:26.009+0000] {dag.py:3239} INFO - Sync 1 DAGs
[2026-03-27T13:53:26.034+0000] {logging_mixin.py:190} INFO - [2026-03-27T13:53:26.034+0000] {dag.py:4180} INFO - Setting next_dagrun for ingestion_postgres_tmdb to 2026-03-02 10:00:00+00:00, run_after=2026-04-06 10:00:00+00:00
[2026-03-27T13:53:26.072+0000] {processor.py:208} INFO - Processing /opt/airflow/dags/ingestion_postgres_dag.py took 0.119 seconds
[2026-03-27T13:53:56.142+0000] {processor.py:186} INFO - Started process (PID=5037) to work on /opt/airflow/dags/ingestion_postgres_dag.py
[2026-03-27T13:53:56.143+0000] {processor.py:914} INFO - Processing file /opt/airflow/dags/ingestion_postgres_dag.py for tasks to queue
[2026-03-27T13:53:56.145+0000] {logging_mixin.py:190} INFO - [2026-03-27T13:53:56.145+0000] {dagbag.py:588} INFO - Filling up the DagBag from /opt/airflow/dags/ingestion_postgres_dag.py
[2026-03-27T13:53:56.162+0000] {processor.py:925} INFO - DAG(s) 'ingestion_postgres_tmdb' retrieved from /opt/airflow/dags/ingestion_postgres_dag.py
[2026-03-27T13:53:56.197+0000] {logging_mixin.py:190} INFO - [2026-03-27T13:53:56.197+0000] {dag.py:3239} INFO - Sync 1 DAGs
[2026-03-27T13:53:56.222+0000] {logging_mixin.py:190} INFO - [2026-03-27T13:53:56.222+0000] {dag.py:4180} INFO - Setting next_dagrun for ingestion_postgres_tmdb to 2026-03-02 10:00:00+00:00, run_after=2026-04-06 10:00:00+00:00
[2026-03-27T13:53:56.388+0000] {processor.py:208} INFO - Processing /opt/airflow/dags/ingestion_postgres_dag.py took 0.253 seconds
[2026-03-27T13:54:26.538+0000] {processor.py:186} INFO - Started process (PID=5047) to work on /opt/airflow/dags/ingestion_postgres_dag.py
[2026-03-27T13:54:26.539+0000] {processor.py:914} INFO - Processing file /opt/airflow/dags/ingestion_postgres_dag.py for tasks to queue
[2026-03-27T13:54:26.542+0000] {logging_mixin.py:190} INFO - [2026-03-27T13:54:26.542+0000] {dagbag.py:588} INFO - Filling up the DagBag from /opt/airflow/dags/ingestion_postgres_dag.py
[2026-03-27T13:54:26.565+0000] {processor.py:925} INFO - DAG(s) 'ingestion_postgres_tmdb' retrieved from /opt/airflow/dags/ingestion_postgres_dag.py
[2026-03-27T13:54:26.594+0000] {logging_mixin.py:190} INFO - [2026-03-27T13:54:26.594+0000] {dag.py:3239} INFO - Sync 1 DAGs
[2026-03-27T13:54:26.617+0000] {logging_mixin.py:190} INFO - [2026-03-27T13:54:26.617+0000] {dag.py:4180} INFO - Setting next_dagrun for ingestion_postgres_tmdb to 2026-03-02 10:00:00+00:00, run_after=2026-04-06 10:00:00+00:00
[2026-03-27T13:54:26.635+0000] {processor.py:208} INFO - Processing /opt/airflow/dags/ingestion_postgres_dag.py took 0.104 seconds
[2026-03-27T13:54:56.790+0000] {processor.py:186} INFO - Started process (PID=5057) to work on /opt/airflow/dags/ingestion_postgres_dag.py
[2026-03-27T13:54:56.792+0000] {processor.py:914} INFO - Processing file /opt/airflow/dags/ingestion_postgres_dag.py for tasks to queue
[2026-03-27T13:54:56.795+0000] {logging_mixin.py:190} INFO - [2026-03-27T13:54:56.795+0000] {dagbag.py:588} INFO - Filling up the DagBag from /opt/airflow/dags/ingestion_postgres_dag.py
[2026-03-27T13:54:56.821+0000] {processor.py:925} INFO - DAG(s) 'ingestion_postgres_tmdb' retrieved from /opt/airflow/dags/ingestion_postgres_dag.py
[2026-03-27T13:54:56.856+0000] {logging_mixin.py:190} INFO - [2026-03-27T13:54:56.856+0000] {dag.py:3239} INFO - Sync 1 DAGs
[2026-03-27T13:54:56.882+0000] {logging_mixin.py:190} INFO - [2026-03-27T13:54:56.882+0000] {dag.py:4180} INFO - Setting next_dagrun for ingestion_postgres_tmdb to 2026-03-02 10:00:00+00:00, run_after=2026-04-06 10:00:00+00:00
[2026-03-27T13:54:56.902+0000] {processor.py:208} INFO - Processing /opt/airflow/dags/ingestion_postgres_dag.py took 0.122 seconds
[2026-03-27T13:55:27.050+0000] {processor.py:186} INFO - Started process (PID=5067) to work on /opt/airflow/dags/ingestion_postgres_dag.py
[2026-03-27T13:55:27.052+0000] {processor.py:914} INFO - Processing file /opt/airflow/dags/ingestion_postgres_dag.py for tasks to queue
[2026-03-27T13:55:27.055+0000] {logging_mixin.py:190} INFO - [2026-03-27T13:55:27.055+0000] {dagbag.py:588} INFO - Filling up the DagBag from /opt/airflow/dags/ingestion_postgres_dag.py
[2026-03-27T13:55:27.082+0000] {processor.py:925} INFO - DAG(s) 'ingestion_postgres_tmdb' retrieved from /opt/airflow/dags/ingestion_postgres_dag.py
[2026-03-27T13:55:27.128+0000] {logging_mixin.py:190} INFO - [2026-03-27T13:55:27.127+0000] {dag.py:3239} INFO - Sync 1 DAGs
[2026-03-27T13:55:27.152+0000] {logging_mixin.py:190} INFO - [2026-03-27T13:55:27.151+0000] {dag.py:4180} INFO - Setting next_dagrun for ingestion_postgres_tmdb to 2026-03-02 10:00:00+00:00, run_after=2026-04-06 10:00:00+00:00
[2026-03-27T13:55:27.179+0000] {processor.py:208} INFO - Processing /opt/airflow/dags/ingestion_postgres_dag.py took 0.136 seconds
[2026-03-27T13:55:57.351+0000] {processor.py:186} INFO - Started process (PID=5077) to work on /opt/airflow/dags/ingestion_postgres_dag.py
[2026-03-27T13:55:57.352+0000] {processor.py:914} INFO - Processing file /opt/airflow/dags/ingestion_postgres_dag.py for tasks to queue
[2026-03-27T13:55:57.354+0000] {logging_mixin.py:190} INFO - [2026-03-27T13:55:57.354+0000] {dagbag.py:588} INFO - Filling up the DagBag from /opt/airflow/dags/ingestion_postgres_dag.py
[2026-03-27T13:55:57.372+0000] {processor.py:925} INFO - DAG(s) 'ingestion_postgres_tmdb' retrieved from /opt/airflow/dags/ingestion_postgres_dag.py
[2026-03-27T13:55:57.397+0000] {logging_mixin.py:190} INFO - [2026-03-27T13:55:57.397+0000] {dag.py:3239} INFO - Sync 1 DAGs
[2026-03-27T13:55:57.420+0000] {logging_mixin.py:190} INFO - [2026-03-27T13:55:57.419+0000] {dag.py:4180} INFO - Setting next_dagrun for ingestion_postgres_tmdb to 2026-03-02 10:00:00+00:00, run_after=2026-04-06 10:00:00+00:00
[2026-03-27T13:55:57.442+0000] {processor.py:208} INFO - Processing /opt/airflow/dags/ingestion_postgres_dag.py took 0.098 seconds
[2026-03-27T13:56:27.613+0000] {processor.py:186} INFO - Started process (PID=5087) to work on /opt/airflow/dags/ingestion_postgres_dag.py
[2026-03-27T13:56:27.614+0000] {processor.py:914} INFO - Processing file /opt/airflow/dags/ingestion_postgres_dag.py for tasks to queue
[2026-03-27T13:56:27.616+0000] {logging_mixin.py:190} INFO - [2026-03-27T13:56:27.616+0000] {dagbag.py:588} INFO - Filling up the DagBag from /opt/airflow/dags/ingestion_postgres_dag.py
[2026-03-27T13:56:27.646+0000] {processor.py:925} INFO - DAG(s) 'ingestion_postgres_tmdb' retrieved from /opt/airflow/dags/ingestion_postgres_dag.py
[2026-03-27T13:56:27.680+0000] {logging_mixin.py:190} INFO - [2026-03-27T13:56:27.680+0000] {dag.py:3239} INFO - Sync 1 DAGs
[2026-03-27T13:56:27.706+0000] {logging_mixin.py:190} INFO - [2026-03-27T13:56:27.706+0000] {dag.py:4180} INFO - Setting next_dagrun for ingestion_postgres_tmdb to 2026-03-02 10:00:00+00:00, run_after=2026-04-06 10:00:00+00:00
[2026-03-27T13:56:27.727+0000] {processor.py:208} INFO - Processing /opt/airflow/dags/ingestion_postgres_dag.py took 0.121 seconds
[2026-03-27T13:56:57.893+0000] {processor.py:186} INFO - Started process (PID=5097) to work on /opt/airflow/dags/ingestion_postgres_dag.py
[2026-03-27T13:56:57.895+0000] {processor.py:914} INFO - Processing file /opt/airflow/dags/ingestion_postgres_dag.py for tasks to queue
[2026-03-27T13:56:57.897+0000] {logging_mixin.py:190} INFO - [2026-03-27T13:56:57.897+0000] {dagbag.py:588} INFO - Filling up the DagBag from /opt/airflow/dags/ingestion_postgres_dag.py
[2026-03-27T13:56:57.917+0000] {processor.py:925} INFO - DAG(s) 'ingestion_postgres_tmdb' retrieved from /opt/airflow/dags/ingestion_postgres_dag.py
[2026-03-27T13:56:57.946+0000] {logging_mixin.py:190} INFO - [2026-03-27T13:56:57.946+0000] {dag.py:3239} INFO - Sync 1 DAGs
[2026-03-27T13:56:57.969+0000] {logging_mixin.py:190} INFO - [2026-03-27T13:56:57.969+0000] {dag.py:4180} INFO - Setting next_dagrun for ingestion_postgres_tmdb to 2026-03-02 10:00:00+00:00, run_after=2026-04-06 10:00:00+00:00
[2026-03-27T13:56:57.991+0000] {processor.py:208} INFO - Processing /opt/airflow/dags/ingestion_postgres_dag.py took 0.105 seconds
[2026-03-27T13:57:28.191+0000] {processor.py:186} INFO - Started process (PID=5107) to work on /opt/airflow/dags/ingestion_postgres_dag.py
[2026-03-27T13:57:28.193+0000] {processor.py:914} INFO - Processing file /opt/airflow/dags/ingestion_postgres_dag.py for tasks to queue
[2026-03-27T13:57:28.196+0000] {logging_mixin.py:190} INFO - [2026-03-27T13:57:28.196+0000] {dagbag.py:588} INFO - Filling up the DagBag from /opt/airflow/dags/ingestion_postgres_dag.py
[2026-03-27T13:57:28.228+0000] {processor.py:925} INFO - DAG(s) 'ingestion_postgres_tmdb' retrieved from /opt/airflow/dags/ingestion_postgres_dag.py
[2026-03-27T13:57:28.263+0000] {logging_mixin.py:190} INFO - [2026-03-27T13:57:28.262+0000] {dag.py:3239} INFO - Sync 1 DAGs
[2026-03-27T13:57:28.291+0000] {logging_mixin.py:190} INFO - [2026-03-27T13:57:28.290+0000] {dag.py:4180} INFO - Setting next_dagrun for ingestion_postgres_tmdb to 2026-03-02 10:00:00+00:00, run_after=2026-04-06 10:00:00+00:00
[2026-03-27T13:57:28.316+0000] {processor.py:208} INFO - Processing /opt/airflow/dags/ingestion_postgres_dag.py took 0.133 seconds
[2026-03-27T13:57:58.551+0000] {processor.py:186} INFO - Started process (PID=5117) to work on /opt/airflow/dags/ingestion_postgres_dag.py
[2026-03-27T13:57:58.552+0000] {processor.py:914} INFO - Processing file /opt/airflow/dags/ingestion_postgres_dag.py for tasks to queue
[2026-03-27T13:57:58.555+0000] {logging_mixin.py:190} INFO - [2026-03-27T13:57:58.555+0000] {dagbag.py:588} INFO - Filling up the DagBag from /opt/airflow/dags/ingestion_postgres_dag.py
[2026-03-27T13:57:58.572+0000] {processor.py:925} INFO - DAG(s) 'ingestion_postgres_tmdb' retrieved from /opt/airflow/dags/ingestion_postgres_dag.py
[2026-03-27T13:57:58.600+0000] {logging_mixin.py:190} INFO - [2026-03-27T13:57:58.599+0000] {dag.py:3239} INFO - Sync 1 DAGs
[2026-03-27T13:57:58.627+0000] {logging_mixin.py:190} INFO - [2026-03-27T13:57:58.627+0000] {dag.py:4180} INFO - Setting next_dagrun for ingestion_postgres_tmdb to 2026-03-02 10:00:00+00:00, run_after=2026-04-06 10:00:00+00:00
[2026-03-27T13:57:58.653+0000] {processor.py:208} INFO - Processing /opt/airflow/dags/ingestion_postgres_dag.py took 0.107 seconds
[2026-03-27T13:58:29.409+0000] {processor.py:186} INFO - Started process (PID=5127) to work on /opt/airflow/dags/ingestion_postgres_dag.py
[2026-03-27T13:58:29.410+0000] {processor.py:914} INFO - Processing file /opt/airflow/dags/ingestion_postgres_dag.py for tasks to queue
[2026-03-27T13:58:29.412+0000] {logging_mixin.py:190} INFO - [2026-03-27T13:58:29.412+0000] {dagbag.py:588} INFO - Filling up the DagBag from /opt/airflow/dags/ingestion_postgres_dag.py
[2026-03-27T13:58:29.433+0000] {processor.py:925} INFO - DAG(s) 'ingestion_postgres_tmdb' retrieved from /opt/airflow/dags/ingestion_postgres_dag.py
[2026-03-27T13:58:29.492+0000] {logging_mixin.py:190} INFO - [2026-03-27T13:58:29.492+0000] {dag.py:3239} INFO - Sync 1 DAGs
[2026-03-27T13:58:29.551+0000] {logging_mixin.py:190} INFO - [2026-03-27T13:58:29.550+0000] {dag.py:4180} INFO - Setting next_dagrun for ingestion_postgres_tmdb to 2026-03-02 10:00:00+00:00, run_after=2026-04-06 10:00:00+00:00
[2026-03-27T13:58:29.579+0000] {processor.py:208} INFO - Processing /opt/airflow/dags/ingestion_postgres_dag.py took 0.179 seconds
[2026-03-27T13:58:59.898+0000] {processor.py:186} INFO - Started process (PID=5137) to work on /opt/airflow/dags/ingestion_postgres_dag.py
[2026-03-27T13:58:59.900+0000] {processor.py:914} INFO - Processing file /opt/airflow/dags/ingestion_postgres_dag.py for tasks to queue
[2026-03-27T13:58:59.906+0000] {logging_mixin.py:190} INFO - [2026-03-27T13:58:59.905+0000] {dagbag.py:588} INFO - Filling up the DagBag from /opt/airflow/dags/ingestion_postgres_dag.py
[2026-03-27T13:58:59.933+0000] {processor.py:925} INFO - DAG(s) 'ingestion_postgres_tmdb' retrieved from /opt/airflow/dags/ingestion_postgres_dag.py
[2026-03-27T13:58:59.983+0000] {logging_mixin.py:190} INFO - [2026-03-27T13:58:59.983+0000] {dag.py:3239} INFO - Sync 1 DAGs
[2026-03-27T13:59:00.017+0000] {logging_mixin.py:190} INFO - [2026-03-27T13:59:00.017+0000] {dag.py:4180} INFO - Setting next_dagrun for ingestion_postgres_tmdb to 2026-03-02 10:00:00+00:00, run_after=2026-04-06 10:00:00+00:00
[2026-03-27T13:59:00.038+0000] {processor.py:208} INFO - Processing /opt/airflow/dags/ingestion_postgres_dag.py took 0.148 seconds
[2026-03-27T13:59:30.360+0000] {processor.py:186} INFO - Started process (PID=5147) to work on /opt/airflow/dags/ingestion_postgres_dag.py
[2026-03-27T13:59:30.362+0000] {processor.py:914} INFO - Processing file /opt/airflow/dags/ingestion_postgres_dag.py for tasks to queue
[2026-03-27T13:59:30.367+0000] {logging_mixin.py:190} INFO - [2026-03-27T13:59:30.366+0000] {dagbag.py:588} INFO - Filling up the DagBag from /opt/airflow/dags/ingestion_postgres_dag.py
[2026-03-27T13:59:30.387+0000] {processor.py:925} INFO - DAG(s) 'ingestion_postgres_tmdb' retrieved from /opt/airflow/dags/ingestion_postgres_dag.py
[2026-03-27T13:59:30.423+0000] {logging_mixin.py:190} INFO - [2026-03-27T13:59:30.423+0000] {dag.py:3239} INFO - Sync 1 DAGs
[2026-03-27T13:59:30.449+0000] {logging_mixin.py:190} INFO - [2026-03-27T13:59:30.449+0000] {dag.py:4180} INFO - Setting next_dagrun for ingestion_postgres_tmdb to 2026-03-02 10:00:00+00:00, run_after=2026-04-06 10:00:00+00:00
[2026-03-27T13:59:30.467+0000] {processor.py:208} INFO - Processing /opt/airflow/dags/ingestion_postgres_dag.py took 0.118 seconds
[2026-03-27T14:00:01.275+0000] {processor.py:186} INFO - Started process (PID=5157) to work on /opt/airflow/dags/ingestion_postgres_dag.py
[2026-03-27T14:00:01.276+0000] {processor.py:914} INFO - Processing file /opt/airflow/dags/ingestion_postgres_dag.py for tasks to queue
[2026-03-27T14:00:01.278+0000] {logging_mixin.py:190} INFO - [2026-03-27T14:00:01.277+0000] {dagbag.py:588} INFO - Filling up the DagBag from /opt/airflow/dags/ingestion_postgres_dag.py
[2026-03-27T14:00:01.297+0000] {processor.py:925} INFO - DAG(s) 'ingestion_postgres_tmdb' retrieved from /opt/airflow/dags/ingestion_postgres_dag.py
[2026-03-27T14:00:01.330+0000] {logging_mixin.py:190} INFO - [2026-03-27T14:00:01.330+0000] {dag.py:3239} INFO - Sync 1 DAGs
[2026-03-27T14:00:01.355+0000] {logging_mixin.py:190} INFO - [2026-03-27T14:00:01.354+0000] {dag.py:4180} INFO - Setting next_dagrun for ingestion_postgres_tmdb to 2026-03-02 10:00:00+00:00, run_after=2026-04-06 10:00:00+00:00
[2026-03-27T14:00:01.378+0000] {processor.py:208} INFO - Processing /opt/airflow/dags/ingestion_postgres_dag.py took 0.109 seconds
[2026-03-27T14:00:32.083+0000] {processor.py:186} INFO - Started process (PID=5167) to work on /opt/airflow/dags/ingestion_postgres_dag.py
[2026-03-27T14:00:32.085+0000] {processor.py:914} INFO - Processing file /opt/airflow/dags/ingestion_postgres_dag.py for tasks to queue
[2026-03-27T14:00:32.087+0000] {logging_mixin.py:190} INFO - [2026-03-27T14:00:32.086+0000] {dagbag.py:588} INFO - Filling up the DagBag from /opt/airflow/dags/ingestion_postgres_dag.py
[2026-03-27T14:00:32.111+0000] {processor.py:925} INFO - DAG(s) 'ingestion_postgres_tmdb' retrieved from /opt/airflow/dags/ingestion_postgres_dag.py
[2026-03-27T14:00:32.157+0000] {logging_mixin.py:190} INFO - [2026-03-27T14:00:32.157+0000] {dag.py:3239} INFO - Sync 1 DAGs
[2026-03-27T14:00:32.189+0000] {logging_mixin.py:190} INFO - [2026-03-27T14:00:32.189+0000] {dag.py:4180} INFO - Setting next_dagrun for ingestion_postgres_tmdb to 2026-03-02 10:00:00+00:00, run_after=2026-04-06 10:00:00+00:00
[2026-03-27T14:00:32.206+0000] {processor.py:208} INFO - Processing /opt/airflow/dags/ingestion_postgres_dag.py took 0.130 seconds
[2026-03-27T14:01:02.878+0000] {processor.py:186} INFO - Started process (PID=5185) to work on /opt/airflow/dags/ingestion_postgres_dag.py
[2026-03-27T14:01:02.879+0000] {processor.py:914} INFO - Processing file /opt/airflow/dags/ingestion_postgres_dag.py for tasks to queue
[2026-03-27T14:01:02.881+0000] {logging_mixin.py:190} INFO - [2026-03-27T14:01:02.881+0000] {dagbag.py:588} INFO - Filling up the DagBag from /opt/airflow/dags/ingestion_postgres_dag.py
[2026-03-27T14:01:02.898+0000] {processor.py:925} INFO - DAG(s) 'ingestion_postgres_tmdb' retrieved from /opt/airflow/dags/ingestion_postgres_dag.py
[2026-03-27T14:01:02.924+0000] {logging_mixin.py:190} INFO - [2026-03-27T14:01:02.924+0000] {dag.py:3239} INFO - Sync 1 DAGs
[2026-03-27T14:01:02.947+0000] {logging_mixin.py:190} INFO - [2026-03-27T14:01:02.947+0000] {dag.py:4180} INFO - Setting next_dagrun for ingestion_postgres_tmdb to 2026-03-02 10:00:00+00:00, run_after=2026-04-06 10:00:00+00:00
[2026-03-27T14:01:02.964+0000] {processor.py:208} INFO - Processing /opt/airflow/dags/ingestion_postgres_dag.py took 0.092 seconds
[2026-03-27T14:01:33.718+0000] {processor.py:186} INFO - Started process (PID=5195) to work on /opt/airflow/dags/ingestion_postgres_dag.py
[2026-03-27T14:01:33.719+0000] {processor.py:914} INFO - Processing file /opt/airflow/dags/ingestion_postgres_dag.py for tasks to queue
[2026-03-27T14:01:33.722+0000] {logging_mixin.py:190} INFO - [2026-03-27T14:01:33.721+0000] {dagbag.py:588} INFO - Filling up the DagBag from /opt/airflow/dags/ingestion_postgres_dag.py
[2026-03-27T14:01:33.741+0000] {processor.py:925} INFO - DAG(s) 'ingestion_postgres_tmdb' retrieved from /opt/airflow/dags/ingestion_postgres_dag.py
[2026-03-27T14:01:33.778+0000] {logging_mixin.py:190} INFO - [2026-03-27T14:01:33.777+0000] {dag.py:3239} INFO - Sync 1 DAGs
[2026-03-27T14:01:33.803+0000] {logging_mixin.py:190} INFO - [2026-03-27T14:01:33.803+0000] {dag.py:4180} INFO - Setting next_dagrun for ingestion_postgres_tmdb to 2026-03-02 10:00:00+00:00, run_after=2026-04-06 10:00:00+00:00
[2026-03-27T14:01:33.832+0000] {processor.py:208} INFO - Processing /opt/airflow/dags/ingestion_postgres_dag.py took 0.129 seconds
[2026-03-27T14:02:04.581+0000] {processor.py:186} INFO - Started process (PID=5205) to work on /opt/airflow/dags/ingestion_postgres_dag.py
[2026-03-27T14:02:04.582+0000] {processor.py:914} INFO - Processing file /opt/airflow/dags/ingestion_postgres_dag.py for tasks to queue
[2026-03-27T14:02:04.585+0000] {logging_mixin.py:190} INFO - [2026-03-27T14:02:04.584+0000] {dagbag.py:588} INFO - Filling up the DagBag from /opt/airflow/dags/ingestion_postgres_dag.py
[2026-03-27T14:02:04.605+0000] {processor.py:925} INFO - DAG(s) 'ingestion_postgres_tmdb' retrieved from /opt/airflow/dags/ingestion_postgres_dag.py
[2026-03-27T14:02:04.632+0000] {logging_mixin.py:190} INFO - [2026-03-27T14:02:04.631+0000] {dag.py:3239} INFO - Sync 1 DAGs
[2026-03-27T14:02:04.652+0000] {logging_mixin.py:190} INFO - [2026-03-27T14:02:04.652+0000] {dag.py:4180} INFO - Setting next_dagrun for ingestion_postgres_tmdb to 2026-03-02 10:00:00+00:00, run_after=2026-04-06 10:00:00+00:00
[2026-03-27T14:02:04.669+0000] {processor.py:208} INFO - Processing /opt/airflow/dags/ingestion_postgres_dag.py took 0.095 seconds
[2026-03-27T14:02:35.460+0000] {processor.py:186} INFO - Started process (PID=5215) to work on /opt/airflow/dags/ingestion_postgres_dag.py
[2026-03-27T14:02:35.461+0000] {processor.py:914} INFO - Processing file /opt/airflow/dags/ingestion_postgres_dag.py for tasks to queue
[2026-03-27T14:02:35.463+0000] {logging_mixin.py:190} INFO - [2026-03-27T14:02:35.463+0000] {dagbag.py:588} INFO - Filling up the DagBag from /opt/airflow/dags/ingestion_postgres_dag.py
[2026-03-27T14:02:35.480+0000] {processor.py:925} INFO - DAG(s) 'ingestion_postgres_tmdb' retrieved from /opt/airflow/dags/ingestion_postgres_dag.py
[2026-03-27T14:02:35.507+0000] {logging_mixin.py:190} INFO - [2026-03-27T14:02:35.507+0000] {dag.py:3239} INFO - Sync 1 DAGs
[2026-03-27T14:02:35.530+0000] {logging_mixin.py:190} INFO - [2026-03-27T14:02:35.530+0000] {dag.py:4180} INFO - Setting next_dagrun for ingestion_postgres_tmdb to 2026-03-02 10:00:00+00:00, run_after=2026-04-06 10:00:00+00:00
[2026-03-27T14:02:35.547+0000] {processor.py:208} INFO - Processing /opt/airflow/dags/ingestion_postgres_dag.py took 0.092 seconds
[2026-03-27T14:03:06.436+0000] {processor.py:186} INFO - Started process (PID=5225) to work on /opt/airflow/dags/ingestion_postgres_dag.py
[2026-03-27T14:03:06.437+0000] {processor.py:914} INFO - Processing file /opt/airflow/dags/ingestion_postgres_dag.py for tasks to queue
[2026-03-27T14:03:06.439+0000] {logging_mixin.py:190} INFO - [2026-03-27T14:03:06.439+0000] {dagbag.py:588} INFO - Filling up the DagBag from /opt/airflow/dags/ingestion_postgres_dag.py
[2026-03-27T14:03:06.457+0000] {processor.py:925} INFO - DAG(s) 'ingestion_postgres_tmdb' retrieved from /opt/airflow/dags/ingestion_postgres_dag.py
[2026-03-27T14:03:06.480+0000] {logging_mixin.py:190} INFO - [2026-03-27T14:03:06.480+0000] {dag.py:3239} INFO - Sync 1 DAGs
[2026-03-27T14:03:06.502+0000] {logging_mixin.py:190} INFO - [2026-03-27T14:03:06.501+0000] {dag.py:4180} INFO - Setting next_dagrun for ingestion_postgres_tmdb to 2026-03-02 10:00:00+00:00, run_after=2026-04-06 10:00:00+00:00
[2026-03-27T14:03:06.527+0000] {processor.py:208} INFO - Processing /opt/airflow/dags/ingestion_postgres_dag.py took 0.097 seconds
[2026-03-27T14:03:37.256+0000] {processor.py:186} INFO - Started process (PID=5235) to work on /opt/airflow/dags/ingestion_postgres_dag.py
[2026-03-27T14:03:37.257+0000] {processor.py:914} INFO - Processing file /opt/airflow/dags/ingestion_postgres_dag.py for tasks to queue
[2026-03-27T14:03:37.260+0000] {logging_mixin.py:190} INFO - [2026-03-27T14:03:37.260+0000] {dagbag.py:588} INFO - Filling up the DagBag from /opt/airflow/dags/ingestion_postgres_dag.py
[2026-03-27T14:03:37.280+0000] {processor.py:925} INFO - DAG(s) 'ingestion_postgres_tmdb' retrieved from /opt/airflow/dags/ingestion_postgres_dag.py
[2026-03-27T14:03:37.311+0000] {logging_mixin.py:190} INFO - [2026-03-27T14:03:37.311+0000] {dag.py:3239} INFO - Sync 1 DAGs
[2026-03-27T14:03:37.334+0000] {logging_mixin.py:190} INFO - [2026-03-27T14:03:37.333+0000] {dag.py:4180} INFO - Setting next_dagrun for ingestion_postgres_tmdb to 2026-03-02 10:00:00+00:00, run_after=2026-04-06 10:00:00+00:00
[2026-03-27T14:03:37.354+0000] {processor.py:208} INFO - Processing /opt/airflow/dags/ingestion_postgres_dag.py took 0.106 seconds
[2026-03-27T14:04:08.383+0000] {processor.py:186} INFO - Started process (PID=5245) to work on /opt/airflow/dags/ingestion_postgres_dag.py
[2026-03-27T14:04:08.384+0000] {processor.py:914} INFO - Processing file /opt/airflow/dags/ingestion_postgres_dag.py for tasks to queue
[2026-03-27T14:04:08.386+0000] {logging_mixin.py:190} INFO - [2026-03-27T14:04:08.386+0000] {dagbag.py:588} INFO - Filling up the DagBag from /opt/airflow/dags/ingestion_postgres_dag.py
[2026-03-27T14:04:08.403+0000] {processor.py:925} INFO - DAG(s) 'ingestion_postgres_tmdb' retrieved from /opt/airflow/dags/ingestion_postgres_dag.py
[2026-03-27T14:04:08.429+0000] {logging_mixin.py:190} INFO - [2026-03-27T14:04:08.429+0000] {dag.py:3239} INFO - Sync 1 DAGs
[2026-03-27T14:04:08.450+0000] {logging_mixin.py:190} INFO - [2026-03-27T14:04:08.449+0000] {dag.py:4180} INFO - Setting next_dagrun for ingestion_postgres_tmdb to 2026-03-02 10:00:00+00:00, run_after=2026-04-06 10:00:00+00:00
[2026-03-27T14:04:08.471+0000] {processor.py:208} INFO - Processing /opt/airflow/dags/ingestion_postgres_dag.py took 0.094 seconds
[2026-03-27T14:04:39.102+0000] {processor.py:186} INFO - Started process (PID=5255) to work on /opt/airflow/dags/ingestion_postgres_dag.py
[2026-03-27T14:04:39.103+0000] {processor.py:914} INFO - Processing file /opt/airflow/dags/ingestion_postgres_dag.py for tasks to queue
[2026-03-27T14:04:39.105+0000] {logging_mixin.py:190} INFO - [2026-03-27T14:04:39.105+0000] {dagbag.py:588} INFO - Filling up the DagBag from /opt/airflow/dags/ingestion_postgres_dag.py
[2026-03-27T14:04:39.123+0000] {processor.py:925} INFO - DAG(s) 'ingestion_postgres_tmdb' retrieved from /opt/airflow/dags/ingestion_postgres_dag.py
[2026-03-27T14:04:39.148+0000] {logging_mixin.py:190} INFO - [2026-03-27T14:04:39.148+0000] {dag.py:3239} INFO - Sync 1 DAGs
[2026-03-27T14:04:39.169+0000] {logging_mixin.py:190} INFO - [2026-03-27T14:04:39.168+0000] {dag.py:4180} INFO - Setting next_dagrun for ingestion_postgres_tmdb to 2026-03-02 10:00:00+00:00, run_after=2026-04-06 10:00:00+00:00
[2026-03-27T14:04:39.189+0000] {processor.py:208} INFO - Processing /opt/airflow/dags/ingestion_postgres_dag.py took 0.093 seconds
[2026-03-27T14:05:10.240+0000] {processor.py:186} INFO - Started process (PID=5265) to work on /opt/airflow/dags/ingestion_postgres_dag.py
[2026-03-27T14:05:10.241+0000] {processor.py:914} INFO - Processing file /opt/airflow/dags/ingestion_postgres_dag.py for tasks to queue
[2026-03-27T14:05:10.244+0000] {logging_mixin.py:190} INFO - [2026-03-27T14:05:10.243+0000] {dagbag.py:588} INFO - Filling up the DagBag from /opt/airflow/dags/ingestion_postgres_dag.py
[2026-03-27T14:05:10.261+0000] {processor.py:925} INFO - DAG(s) 'ingestion_postgres_tmdb' retrieved from /opt/airflow/dags/ingestion_postgres_dag.py
[2026-03-27T14:05:10.285+0000] {logging_mixin.py:190} INFO - [2026-03-27T14:05:10.284+0000] {dag.py:3239} INFO - Sync 1 DAGs
[2026-03-27T14:05:10.304+0000] {logging_mixin.py:190} INFO - [2026-03-27T14:05:10.304+0000] {dag.py:4180} INFO - Setting next_dagrun for ingestion_postgres_tmdb to 2026-03-02 10:00:00+00:00, run_after=2026-04-06 10:00:00+00:00
[2026-03-27T14:05:10.324+0000] {processor.py:208} INFO - Processing /opt/airflow/dags/ingestion_postgres_dag.py took 0.090 seconds
[2026-03-27T14:05:40.461+0000] {processor.py:186} INFO - Started process (PID=5275) to work on /opt/airflow/dags/ingestion_postgres_dag.py
[2026-03-27T14:05:40.462+0000] {processor.py:914} INFO - Processing file /opt/airflow/dags/ingestion_postgres_dag.py for tasks to queue
[2026-03-27T14:05:40.464+0000] {logging_mixin.py:190} INFO - [2026-03-27T14:05:40.464+0000] {dagbag.py:588} INFO - Filling up the DagBag from /opt/airflow/dags/ingestion_postgres_dag.py
[2026-03-27T14:05:40.485+0000] {processor.py:925} INFO - DAG(s) 'ingestion_postgres_tmdb' retrieved from /opt/airflow/dags/ingestion_postgres_dag.py
[2026-03-27T14:05:40.512+0000] {logging_mixin.py:190} INFO - [2026-03-27T14:05:40.512+0000] {dag.py:3239} INFO - Sync 1 DAGs
[2026-03-27T14:05:40.532+0000] {logging_mixin.py:190} INFO - [2026-03-27T14:05:40.532+0000] {dag.py:4180} INFO - Setting next_dagrun for ingestion_postgres_tmdb to 2026-03-02 10:00:00+00:00, run_after=2026-04-06 10:00:00+00:00
[2026-03-27T14:05:40.553+0000] {processor.py:208} INFO - Processing /opt/airflow/dags/ingestion_postgres_dag.py took 0.099 seconds
[2026-03-27T14:06:10.679+0000] {processor.py:186} INFO - Started process (PID=5285) to work on /opt/airflow/dags/ingestion_postgres_dag.py
[2026-03-27T14:06:10.680+0000] {processor.py:914} INFO - Processing file /opt/airflow/dags/ingestion_postgres_dag.py for tasks to queue
[2026-03-27T14:06:10.682+0000] {logging_mixin.py:190} INFO - [2026-03-27T14:06:10.682+0000] {dagbag.py:588} INFO - Filling up the DagBag from /opt/airflow/dags/ingestion_postgres_dag.py
[2026-03-27T14:06:10.699+0000] {processor.py:925} INFO - DAG(s) 'ingestion_postgres_tmdb' retrieved from /opt/airflow/dags/ingestion_postgres_dag.py
[2026-03-27T14:06:10.728+0000] {logging_mixin.py:190} INFO - [2026-03-27T14:06:10.728+0000] {dag.py:3239} INFO - Sync 1 DAGs
[2026-03-27T14:06:10.748+0000] {logging_mixin.py:190} INFO - [2026-03-27T14:06:10.748+0000] {dag.py:4180} INFO - Setting next_dagrun for ingestion_postgres_tmdb to 2026-03-02 10:00:00+00:00, run_after=2026-04-06 10:00:00+00:00
[2026-03-27T14:06:10.765+0000] {processor.py:208} INFO - Processing /opt/airflow/dags/ingestion_postgres_dag.py took 0.093 seconds
[2026-03-27T14:06:40.882+0000] {processor.py:186} INFO - Started process (PID=5295) to work on /opt/airflow/dags/ingestion_postgres_dag.py
[2026-03-27T14:06:40.883+0000] {processor.py:914} INFO - Processing file /opt/airflow/dags/ingestion_postgres_dag.py for tasks to queue
[2026-03-27T14:06:40.886+0000] {logging_mixin.py:190} INFO - [2026-03-27T14:06:40.885+0000] {dagbag.py:588} INFO - Filling up the DagBag from /opt/airflow/dags/ingestion_postgres_dag.py
[2026-03-27T14:06:40.909+0000] {processor.py:925} INFO - DAG(s) 'ingestion_postgres_tmdb' retrieved from /opt/airflow/dags/ingestion_postgres_dag.py
[2026-03-27T14:06:40.936+0000] {logging_mixin.py:190} INFO - [2026-03-27T14:06:40.936+0000] {dag.py:3239} INFO - Sync 1 DAGs
[2026-03-27T14:06:40.956+0000] {logging_mixin.py:190} INFO - [2026-03-27T14:06:40.956+0000] {dag.py:4180} INFO - Setting next_dagrun for ingestion_postgres_tmdb to 2026-03-02 10:00:00+00:00, run_after=2026-04-06 10:00:00+00:00
[2026-03-27T14:06:40.974+0000] {processor.py:208} INFO - Processing /opt/airflow/dags/ingestion_postgres_dag.py took 0.098 seconds
[2026-03-27T14:07:11.769+0000] {processor.py:186} INFO - Started process (PID=5305) to work on /opt/airflow/dags/ingestion_postgres_dag.py
[2026-03-27T14:07:11.770+0000] {processor.py:914} INFO - Processing file /opt/airflow/dags/ingestion_postgres_dag.py for tasks to queue
[2026-03-27T14:07:11.773+0000] {logging_mixin.py:190} INFO - [2026-03-27T14:07:11.773+0000] {dagbag.py:588} INFO - Filling up the DagBag from /opt/airflow/dags/ingestion_postgres_dag.py
[2026-03-27T14:07:11.796+0000] {processor.py:925} INFO - DAG(s) 'ingestion_postgres_tmdb' retrieved from /opt/airflow/dags/ingestion_postgres_dag.py
[2026-03-27T14:07:11.833+0000] {logging_mixin.py:190} INFO - [2026-03-27T14:07:11.833+0000] {dag.py:3239} INFO - Sync 1 DAGs
[2026-03-27T14:07:11.869+0000] {logging_mixin.py:190} INFO - [2026-03-27T14:07:11.869+0000] {dag.py:4180} INFO - Setting next_dagrun for ingestion_postgres_tmdb to 2026-03-02 10:00:00+00:00, run_after=2026-04-06 10:00:00+00:00
[2026-03-27T14:07:11.890+0000] {processor.py:208} INFO - Processing /opt/airflow/dags/ingestion_postgres_dag.py took 0.129 seconds
[2026-03-27T14:07:42.010+0000] {processor.py:186} INFO - Started process (PID=5315) to work on /opt/airflow/dags/ingestion_postgres_dag.py
[2026-03-27T14:07:42.011+0000] {processor.py:914} INFO - Processing file /opt/airflow/dags/ingestion_postgres_dag.py for tasks to queue
[2026-03-27T14:07:42.014+0000] {logging_mixin.py:190} INFO - [2026-03-27T14:07:42.013+0000] {dagbag.py:588} INFO - Filling up the DagBag from /opt/airflow/dags/ingestion_postgres_dag.py
[2026-03-27T14:07:42.032+0000] {processor.py:925} INFO - DAG(s) 'ingestion_postgres_tmdb' retrieved from /opt/airflow/dags/ingestion_postgres_dag.py
[2026-03-27T14:07:42.058+0000] {logging_mixin.py:190} INFO - [2026-03-27T14:07:42.057+0000] {dag.py:3239} INFO - Sync 1 DAGs
[2026-03-27T14:07:42.080+0000] {logging_mixin.py:190} INFO - [2026-03-27T14:07:42.079+0000] {dag.py:4180} INFO - Setting next_dagrun for ingestion_postgres_tmdb to 2026-03-02 10:00:00+00:00, run_after=2026-04-06 10:00:00+00:00
[2026-03-27T14:07:42.103+0000] {processor.py:208} INFO - Processing /opt/airflow/dags/ingestion_postgres_dag.py took 0.099 seconds
[2026-03-27T14:08:12.209+0000] {processor.py:186} INFO - Started process (PID=5325) to work on /opt/airflow/dags/ingestion_postgres_dag.py
[2026-03-27T14:08:12.210+0000] {processor.py:914} INFO - Processing file /opt/airflow/dags/ingestion_postgres_dag.py for tasks to queue
[2026-03-27T14:08:12.212+0000] {logging_mixin.py:190} INFO - [2026-03-27T14:08:12.212+0000] {dagbag.py:588} INFO - Filling up the DagBag from /opt/airflow/dags/ingestion_postgres_dag.py
[2026-03-27T14:08:12.231+0000] {processor.py:925} INFO - DAG(s) 'ingestion_postgres_tmdb' retrieved from /opt/airflow/dags/ingestion_postgres_dag.py
[2026-03-27T14:08:12.259+0000] {logging_mixin.py:190} INFO - [2026-03-27T14:08:12.259+0000] {dag.py:3239} INFO - Sync 1 DAGs
[2026-03-27T14:08:12.279+0000] {logging_mixin.py:190} INFO - [2026-03-27T14:08:12.279+0000] {dag.py:4180} INFO - Setting next_dagrun for ingestion_postgres_tmdb to 2026-03-02 10:00:00+00:00, run_after=2026-04-06 10:00:00+00:00
[2026-03-27T14:08:12.299+0000] {processor.py:208} INFO - Processing /opt/airflow/dags/ingestion_postgres_dag.py took 0.097 seconds
[2026-03-27T14:08:42.379+0000] {processor.py:186} INFO - Started process (PID=5335) to work on /opt/airflow/dags/ingestion_postgres_dag.py
[2026-03-27T14:08:42.380+0000] {processor.py:914} INFO - Processing file /opt/airflow/dags/ingestion_postgres_dag.py for tasks to queue
[2026-03-27T14:08:42.382+0000] {logging_mixin.py:190} INFO - [2026-03-27T14:08:42.382+0000] {dagbag.py:588} INFO - Filling up the DagBag from /opt/airflow/dags/ingestion_postgres_dag.py
[2026-03-27T14:08:42.400+0000] {processor.py:925} INFO - DAG(s) 'ingestion_postgres_tmdb' retrieved from /opt/airflow/dags/ingestion_postgres_dag.py
[2026-03-27T14:08:42.428+0000] {logging_mixin.py:190} INFO - [2026-03-27T14:08:42.427+0000] {dag.py:3239} INFO - Sync 1 DAGs
[2026-03-27T14:08:42.447+0000] {logging_mixin.py:190} INFO - [2026-03-27T14:08:42.447+0000] {dag.py:4180} INFO - Setting next_dagrun for ingestion_postgres_tmdb to 2026-03-02 10:00:00+00:00, run_after=2026-04-06 10:00:00+00:00
[2026-03-27T14:08:42.470+0000] {processor.py:208} INFO - Processing /opt/airflow/dags/ingestion_postgres_dag.py took 0.097 seconds
[2026-03-27T14:09:12.609+0000] {processor.py:186} INFO - Started process (PID=5345) to work on /opt/airflow/dags/ingestion_postgres_dag.py
[2026-03-27T14:09:12.610+0000] {processor.py:914} INFO - Processing file /opt/airflow/dags/ingestion_postgres_dag.py for tasks to queue
[2026-03-27T14:09:12.611+0000] {logging_mixin.py:190} INFO - [2026-03-27T14:09:12.611+0000] {dagbag.py:588} INFO - Filling up the DagBag from /opt/airflow/dags/ingestion_postgres_dag.py
[2026-03-27T14:09:12.631+0000] {processor.py:925} INFO - DAG(s) 'ingestion_postgres_tmdb' retrieved from /opt/airflow/dags/ingestion_postgres_dag.py
[2026-03-27T14:09:12.653+0000] {logging_mixin.py:190} INFO - [2026-03-27T14:09:12.653+0000] {dag.py:3239} INFO - Sync 1 DAGs
[2026-03-27T14:09:12.675+0000] {logging_mixin.py:190} INFO - [2026-03-27T14:09:12.675+0000] {dag.py:4180} INFO - Setting next_dagrun for ingestion_postgres_tmdb to 2026-03-02 10:00:00+00:00, run_after=2026-04-06 10:00:00+00:00
[2026-03-27T14:09:12.693+0000] {processor.py:208} INFO - Processing /opt/airflow/dags/ingestion_postgres_dag.py took 0.090 seconds
[2026-03-27T14:09:42.810+0000] {processor.py:186} INFO - Started process (PID=5355) to work on /opt/airflow/dags/ingestion_postgres_dag.py
[2026-03-27T14:09:42.811+0000] {processor.py:914} INFO - Processing file /opt/airflow/dags/ingestion_postgres_dag.py for tasks to queue
[2026-03-27T14:09:42.813+0000] {logging_mixin.py:190} INFO - [2026-03-27T14:09:42.813+0000] {dagbag.py:588} INFO - Filling up the DagBag from /opt/airflow/dags/ingestion_postgres_dag.py
[2026-03-27T14:09:42.831+0000] {processor.py:925} INFO - DAG(s) 'ingestion_postgres_tmdb' retrieved from /opt/airflow/dags/ingestion_postgres_dag.py
[2026-03-27T14:09:42.857+0000] {logging_mixin.py:190} INFO - [2026-03-27T14:09:42.856+0000] {dag.py:3239} INFO - Sync 1 DAGs
[2026-03-27T14:09:42.875+0000] {logging_mixin.py:190} INFO - [2026-03-27T14:09:42.875+0000] {dag.py:4180} INFO - Setting next_dagrun for ingestion_postgres_tmdb to 2026-03-02 10:00:00+00:00, run_after=2026-04-06 10:00:00+00:00
[2026-03-27T14:09:42.897+0000] {processor.py:208} INFO - Processing /opt/airflow/dags/ingestion_postgres_dag.py took 0.093 seconds
[2026-03-27T14:10:13.042+0000] {processor.py:186} INFO - Started process (PID=5365) to work on /opt/airflow/dags/ingestion_postgres_dag.py
[2026-03-27T14:10:13.043+0000] {processor.py:914} INFO - Processing file /opt/airflow/dags/ingestion_postgres_dag.py for tasks to queue
[2026-03-27T14:10:13.045+0000] {logging_mixin.py:190} INFO - [2026-03-27T14:10:13.045+0000] {dagbag.py:588} INFO - Filling up the DagBag from /opt/airflow/dags/ingestion_postgres_dag.py
[2026-03-27T14:10:13.062+0000] {processor.py:925} INFO - DAG(s) 'ingestion_postgres_tmdb' retrieved from /opt/airflow/dags/ingestion_postgres_dag.py
[2026-03-27T14:10:13.087+0000] {logging_mixin.py:190} INFO - [2026-03-27T14:10:13.087+0000] {dag.py:3239} INFO - Sync 1 DAGs
[2026-03-27T14:10:13.106+0000] {logging_mixin.py:190} INFO - [2026-03-27T14:10:13.106+0000] {dag.py:4180} INFO - Setting next_dagrun for ingestion_postgres_tmdb to 2026-03-02 10:00:00+00:00, run_after=2026-04-06 10:00:00+00:00
[2026-03-27T14:10:13.125+0000] {processor.py:208} INFO - Processing /opt/airflow/dags/ingestion_postgres_dag.py took 0.088 seconds
[2026-03-27T14:10:43.252+0000] {processor.py:186} INFO - Started process (PID=5375) to work on /opt/airflow/dags/ingestion_postgres_dag.py
[2026-03-27T14:10:43.253+0000] {processor.py:914} INFO - Processing file /opt/airflow/dags/ingestion_postgres_dag.py for tasks to queue
[2026-03-27T14:10:43.255+0000] {logging_mixin.py:190} INFO - [2026-03-27T14:10:43.255+0000] {dagbag.py:588} INFO - Filling up the DagBag from /opt/airflow/dags/ingestion_postgres_dag.py
[2026-03-27T14:10:43.272+0000] {processor.py:925} INFO - DAG(s) 'ingestion_postgres_tmdb' retrieved from /opt/airflow/dags/ingestion_postgres_dag.py
[2026-03-27T14:10:43.298+0000] {logging_mixin.py:190} INFO - [2026-03-27T14:10:43.298+0000] {dag.py:3239} INFO - Sync 1 DAGs
[2026-03-27T14:10:43.318+0000] {logging_mixin.py:190} INFO - [2026-03-27T14:10:43.318+0000] {dag.py:4180} INFO - Setting next_dagrun for ingestion_postgres_tmdb to 2026-03-02 10:00:00+00:00, run_after=2026-04-06 10:00:00+00:00
[2026-03-27T14:10:43.339+0000] {processor.py:208} INFO - Processing /opt/airflow/dags/ingestion_postgres_dag.py took 0.094 seconds
[2026-03-27T14:11:13.524+0000] {processor.py:186} INFO - Started process (PID=5385) to work on /opt/airflow/dags/ingestion_postgres_dag.py
[2026-03-27T14:11:13.525+0000] {processor.py:914} INFO - Processing file /opt/airflow/dags/ingestion_postgres_dag.py for tasks to queue
[2026-03-27T14:11:13.528+0000] {logging_mixin.py:190} INFO - [2026-03-27T14:11:13.528+0000] {dagbag.py:588} INFO - Filling up the DagBag from /opt/airflow/dags/ingestion_postgres_dag.py
[2026-03-27T14:11:13.545+0000] {processor.py:925} INFO - DAG(s) 'ingestion_postgres_tmdb' retrieved from /opt/airflow/dags/ingestion_postgres_dag.py
[2026-03-27T14:11:13.571+0000] {logging_mixin.py:190} INFO - [2026-03-27T14:11:13.570+0000] {dag.py:3239} INFO - Sync 1 DAGs
[2026-03-27T14:11:13.591+0000] {logging_mixin.py:190} INFO - [2026-03-27T14:11:13.590+0000] {dag.py:4180} INFO - Setting next_dagrun for ingestion_postgres_tmdb to 2026-03-02 10:00:00+00:00, run_after=2026-04-06 10:00:00+00:00
[2026-03-27T14:11:13.608+0000] {processor.py:208} INFO - Processing /opt/airflow/dags/ingestion_postgres_dag.py took 0.090 seconds
[2026-03-27T14:11:43.729+0000] {processor.py:186} INFO - Started process (PID=5395) to work on /opt/airflow/dags/ingestion_postgres_dag.py
[2026-03-27T14:11:43.730+0000] {processor.py:914} INFO - Processing file /opt/airflow/dags/ingestion_postgres_dag.py for tasks to queue
[2026-03-27T14:11:43.732+0000] {logging_mixin.py:190} INFO - [2026-03-27T14:11:43.732+0000] {dagbag.py:588} INFO - Filling up the DagBag from /opt/airflow/dags/ingestion_postgres_dag.py
[2026-03-27T14:11:43.749+0000] {processor.py:925} INFO - DAG(s) 'ingestion_postgres_tmdb' retrieved from /opt/airflow/dags/ingestion_postgres_dag.py
[2026-03-27T14:11:43.776+0000] {logging_mixin.py:190} INFO - [2026-03-27T14:11:43.775+0000] {dag.py:3239} INFO - Sync 1 DAGs
[2026-03-27T14:11:43.796+0000] {logging_mixin.py:190} INFO - [2026-03-27T14:11:43.795+0000] {dag.py:4180} INFO - Setting next_dagrun for ingestion_postgres_tmdb to 2026-03-02 10:00:00+00:00, run_after=2026-04-06 10:00:00+00:00
[2026-03-27T14:11:43.813+0000] {processor.py:208} INFO - Processing /opt/airflow/dags/ingestion_postgres_dag.py took 0.089 seconds
[2026-03-27T14:12:14.055+0000] {processor.py:186} INFO - Started process (PID=5405) to work on /opt/airflow/dags/ingestion_postgres_dag.py
[2026-03-27T14:12:14.056+0000] {processor.py:914} INFO - Processing file /opt/airflow/dags/ingestion_postgres_dag.py for tasks to queue
[2026-03-27T14:12:14.058+0000] {logging_mixin.py:190} INFO - [2026-03-27T14:12:14.057+0000] {dagbag.py:588} INFO - Filling up the DagBag from /opt/airflow/dags/ingestion_postgres_dag.py
[2026-03-27T14:12:14.074+0000] {processor.py:925} INFO - DAG(s) 'ingestion_postgres_tmdb' retrieved from /opt/airflow/dags/ingestion_postgres_dag.py
[2026-03-27T14:12:14.096+0000] {logging_mixin.py:190} INFO - [2026-03-27T14:12:14.096+0000] {dag.py:3239} INFO - Sync 1 DAGs
[2026-03-27T14:12:14.115+0000] {logging_mixin.py:190} INFO - [2026-03-27T14:12:14.115+0000] {dag.py:4180} INFO - Setting next_dagrun for ingestion_postgres_tmdb to 2026-03-02 10:00:00+00:00, run_after=2026-04-06 10:00:00+00:00
[2026-03-27T14:12:14.133+0000] {processor.py:208} INFO - Processing /opt/airflow/dags/ingestion_postgres_dag.py took 0.083 seconds
[2026-03-27T14:12:44.301+0000] {processor.py:186} INFO - Started process (PID=5415) to work on /opt/airflow/dags/ingestion_postgres_dag.py
[2026-03-27T14:12:44.302+0000] {processor.py:914} INFO - Processing file /opt/airflow/dags/ingestion_postgres_dag.py for tasks to queue
[2026-03-27T14:12:44.304+0000] {logging_mixin.py:190} INFO - [2026-03-27T14:12:44.304+0000] {dagbag.py:588} INFO - Filling up the DagBag from /opt/airflow/dags/ingestion_postgres_dag.py
[2026-03-27T14:12:44.319+0000] {processor.py:925} INFO - DAG(s) 'ingestion_postgres_tmdb' retrieved from /opt/airflow/dags/ingestion_postgres_dag.py
[2026-03-27T14:12:44.343+0000] {logging_mixin.py:190} INFO - [2026-03-27T14:12:44.343+0000] {dag.py:3239} INFO - Sync 1 DAGs
[2026-03-27T14:12:44.361+0000] {logging_mixin.py:190} INFO - [2026-03-27T14:12:44.361+0000] {dag.py:4180} INFO - Setting next_dagrun for ingestion_postgres_tmdb to 2026-03-02 10:00:00+00:00, run_after=2026-04-06 10:00:00+00:00
[2026-03-27T14:12:44.378+0000] {processor.py:208} INFO - Processing /opt/airflow/dags/ingestion_postgres_dag.py took 0.084 seconds
[2026-03-27T14:13:14.631+0000] {processor.py:186} INFO - Started process (PID=5425) to work on /opt/airflow/dags/ingestion_postgres_dag.py
[2026-03-27T14:13:14.632+0000] {processor.py:914} INFO - Processing file /opt/airflow/dags/ingestion_postgres_dag.py for tasks to queue
[2026-03-27T14:13:14.634+0000] {logging_mixin.py:190} INFO - [2026-03-27T14:13:14.634+0000] {dagbag.py:588} INFO - Filling up the DagBag from /opt/airflow/dags/ingestion_postgres_dag.py
[2026-03-27T14:13:14.650+0000] {processor.py:925} INFO - DAG(s) 'ingestion_postgres_tmdb' retrieved from /opt/airflow/dags/ingestion_postgres_dag.py
[2026-03-27T14:13:14.672+0000] {logging_mixin.py:190} INFO - [2026-03-27T14:13:14.672+0000] {dag.py:3239} INFO - Sync 1 DAGs
[2026-03-27T14:13:14.692+0000] {logging_mixin.py:190} INFO - [2026-03-27T14:13:14.691+0000] {dag.py:4180} INFO - Setting next_dagrun for ingestion_postgres_tmdb to 2026-03-02 10:00:00+00:00, run_after=2026-04-06 10:00:00+00:00
[2026-03-27T14:13:14.711+0000] {processor.py:208} INFO - Processing /opt/airflow/dags/ingestion_postgres_dag.py took 0.085 seconds
[2026-03-27T14:13:44.873+0000] {processor.py:186} INFO - Started process (PID=5435) to work on /opt/airflow/dags/ingestion_postgres_dag.py
[2026-03-27T14:13:44.874+0000] {processor.py:914} INFO - Processing file /opt/airflow/dags/ingestion_postgres_dag.py for tasks to queue
[2026-03-27T14:13:44.876+0000] {logging_mixin.py:190} INFO - [2026-03-27T14:13:44.876+0000] {dagbag.py:588} INFO - Filling up the DagBag from /opt/airflow/dags/ingestion_postgres_dag.py
[2026-03-27T14:13:44.892+0000] {processor.py:925} INFO - DAG(s) 'ingestion_postgres_tmdb' retrieved from /opt/airflow/dags/ingestion_postgres_dag.py
[2026-03-27T14:13:44.917+0000] {logging_mixin.py:190} INFO - [2026-03-27T14:13:44.917+0000] {dag.py:3239} INFO - Sync 1 DAGs
[2026-03-27T14:13:44.934+0000] {logging_mixin.py:190} INFO - [2026-03-27T14:13:44.934+0000] {dag.py:4180} INFO - Setting next_dagrun for ingestion_postgres_tmdb to 2026-03-02 10:00:00+00:00, run_after=2026-04-06 10:00:00+00:00
[2026-03-27T14:13:44.950+0000] {processor.py:208} INFO - Processing /opt/airflow/dags/ingestion_postgres_dag.py took 0.083 seconds
[2026-03-27T14:14:15.176+0000] {processor.py:186} INFO - Started process (PID=5445) to work on /opt/airflow/dags/ingestion_postgres_dag.py
[2026-03-27T14:14:15.177+0000] {processor.py:914} INFO - Processing file /opt/airflow/dags/ingestion_postgres_dag.py for tasks to queue
[2026-03-27T14:14:15.178+0000] {logging_mixin.py:190} INFO - [2026-03-27T14:14:15.178+0000] {dagbag.py:588} INFO - Filling up the DagBag from /opt/airflow/dags/ingestion_postgres_dag.py
[2026-03-27T14:14:15.201+0000] {processor.py:925} INFO - DAG(s) 'ingestion_postgres_tmdb' retrieved from /opt/airflow/dags/ingestion_postgres_dag.py
[2026-03-27T14:14:15.225+0000] {logging_mixin.py:190} INFO - [2026-03-27T14:14:15.225+0000] {dag.py:3239} INFO - Sync 1 DAGs
[2026-03-27T14:14:15.244+0000] {logging_mixin.py:190} INFO - [2026-03-27T14:14:15.243+0000] {dag.py:4180} INFO - Setting next_dagrun for ingestion_postgres_tmdb to 2026-03-02 10:00:00+00:00, run_after=2026-04-06 10:00:00+00:00
[2026-03-27T14:14:15.259+0000] {processor.py:208} INFO - Processing /opt/airflow/dags/ingestion_postgres_dag.py took 0.089 seconds
