[2026-03-23T13:16:03.104+0000] {processor.py:186} INFO - Started process (PID=58) to work on /opt/airflow/dags/db_and_model_update_dag.py
[2026-03-23T13:16:03.105+0000] {processor.py:914} INFO - Processing file /opt/airflow/dags/db_and_model_update_dag.py for tasks to queue
[2026-03-23T13:16:03.109+0000] {logging_mixin.py:190} INFO - [2026-03-23T13:16:03.108+0000] {dagbag.py:588} INFO - Filling up the DagBag from /opt/airflow/dags/db_and_model_update_dag.py
[2026-03-23T13:16:03.134+0000] {processor.py:925} INFO - DAG(s) 'db_and_model_update' retrieved from /opt/airflow/dags/db_and_model_update_dag.py
[2026-03-23T13:16:03.188+0000] {logging_mixin.py:190} INFO - [2026-03-23T13:16:03.188+0000] {dag.py:3239} INFO - Sync 1 DAGs
[2026-03-23T13:16:03.243+0000] {processor.py:208} INFO - Processing /opt/airflow/dags/db_and_model_update_dag.py took 0.147 seconds
[2026-03-23T13:16:33.375+0000] {processor.py:186} INFO - Started process (PID=75) to work on /opt/airflow/dags/db_and_model_update_dag.py
[2026-03-23T13:16:33.377+0000] {processor.py:914} INFO - Processing file /opt/airflow/dags/db_and_model_update_dag.py for tasks to queue
[2026-03-23T13:16:33.379+0000] {logging_mixin.py:190} INFO - [2026-03-23T13:16:33.379+0000] {dagbag.py:588} INFO - Filling up the DagBag from /opt/airflow/dags/db_and_model_update_dag.py
[2026-03-23T13:16:33.399+0000] {processor.py:925} INFO - DAG(s) 'db_and_model_update' retrieved from /opt/airflow/dags/db_and_model_update_dag.py
[2026-03-23T13:16:33.428+0000] {logging_mixin.py:190} INFO - [2026-03-23T13:16:33.428+0000] {dag.py:3239} INFO - Sync 1 DAGs
[2026-03-23T13:16:33.466+0000] {processor.py:208} INFO - Processing /opt/airflow/dags/db_and_model_update_dag.py took 0.098 seconds
[2026-03-23T13:17:03.715+0000] {processor.py:186} INFO - Started process (PID=85) to work on /opt/airflow/dags/db_and_model_update_dag.py
[2026-03-23T13:17:03.716+0000] {processor.py:914} INFO - Processing file /opt/airflow/dags/db_and_model_update_dag.py for tasks to queue
[2026-03-23T13:17:03.719+0000] {logging_mixin.py:190} INFO - [2026-03-23T13:17:03.719+0000] {dagbag.py:588} INFO - Filling up the DagBag from /opt/airflow/dags/db_and_model_update_dag.py
[2026-03-23T13:17:03.739+0000] {processor.py:925} INFO - DAG(s) 'db_and_model_update' retrieved from /opt/airflow/dags/db_and_model_update_dag.py
[2026-03-23T13:17:03.770+0000] {logging_mixin.py:190} INFO - [2026-03-23T13:17:03.770+0000] {dag.py:3239} INFO - Sync 1 DAGs
[2026-03-23T13:17:03.808+0000] {processor.py:208} INFO - Processing /opt/airflow/dags/db_and_model_update_dag.py took 0.099 seconds
[2026-03-23T13:17:33.943+0000] {processor.py:186} INFO - Started process (PID=95) to work on /opt/airflow/dags/db_and_model_update_dag.py
[2026-03-23T13:17:33.944+0000] {processor.py:914} INFO - Processing file /opt/airflow/dags/db_and_model_update_dag.py for tasks to queue
[2026-03-23T13:17:33.946+0000] {logging_mixin.py:190} INFO - [2026-03-23T13:17:33.945+0000] {dagbag.py:588} INFO - Filling up the DagBag from /opt/airflow/dags/db_and_model_update_dag.py
[2026-03-23T13:17:33.962+0000] {processor.py:925} INFO - DAG(s) 'db_and_model_update' retrieved from /opt/airflow/dags/db_and_model_update_dag.py
[2026-03-23T13:17:33.990+0000] {logging_mixin.py:190} INFO - [2026-03-23T13:17:33.990+0000] {dag.py:3239} INFO - Sync 1 DAGs
[2026-03-23T13:17:34.025+0000] {processor.py:208} INFO - Processing /opt/airflow/dags/db_and_model_update_dag.py took 0.087 seconds
[2026-03-23T13:18:04.286+0000] {processor.py:186} INFO - Started process (PID=105) to work on /opt/airflow/dags/db_and_model_update_dag.py
[2026-03-23T13:18:04.287+0000] {processor.py:914} INFO - Processing file /opt/airflow/dags/db_and_model_update_dag.py for tasks to queue
[2026-03-23T13:18:04.288+0000] {logging_mixin.py:190} INFO - [2026-03-23T13:18:04.288+0000] {dagbag.py:588} INFO - Filling up the DagBag from /opt/airflow/dags/db_and_model_update_dag.py
[2026-03-23T13:18:04.308+0000] {processor.py:925} INFO - DAG(s) 'db_and_model_update' retrieved from /opt/airflow/dags/db_and_model_update_dag.py
[2026-03-23T13:18:04.338+0000] {logging_mixin.py:190} INFO - [2026-03-23T13:18:04.338+0000] {dag.py:3239} INFO - Sync 1 DAGs
[2026-03-23T13:18:04.376+0000] {processor.py:208} INFO - Processing /opt/airflow/dags/db_and_model_update_dag.py took 0.096 seconds
[2026-03-23T13:18:34.513+0000] {processor.py:186} INFO - Started process (PID=123) to work on /opt/airflow/dags/db_and_model_update_dag.py
[2026-03-23T13:18:34.514+0000] {processor.py:914} INFO - Processing file /opt/airflow/dags/db_and_model_update_dag.py for tasks to queue
[2026-03-23T13:18:34.516+0000] {logging_mixin.py:190} INFO - [2026-03-23T13:18:34.515+0000] {dagbag.py:588} INFO - Filling up the DagBag from /opt/airflow/dags/db_and_model_update_dag.py
[2026-03-23T13:18:34.533+0000] {processor.py:925} INFO - DAG(s) 'db_and_model_update' retrieved from /opt/airflow/dags/db_and_model_update_dag.py
[2026-03-23T13:18:34.559+0000] {logging_mixin.py:190} INFO - [2026-03-23T13:18:34.559+0000] {dag.py:3239} INFO - Sync 1 DAGs
[2026-03-23T13:18:34.597+0000] {processor.py:208} INFO - Processing /opt/airflow/dags/db_and_model_update_dag.py took 0.090 seconds
[2026-03-23T13:19:04.799+0000] {processor.py:186} INFO - Started process (PID=133) to work on /opt/airflow/dags/db_and_model_update_dag.py
[2026-03-23T13:19:04.800+0000] {processor.py:914} INFO - Processing file /opt/airflow/dags/db_and_model_update_dag.py for tasks to queue
[2026-03-23T13:19:04.802+0000] {logging_mixin.py:190} INFO - [2026-03-23T13:19:04.802+0000] {dagbag.py:588} INFO - Filling up the DagBag from /opt/airflow/dags/db_and_model_update_dag.py
[2026-03-23T13:19:04.818+0000] {processor.py:925} INFO - DAG(s) 'db_and_model_update' retrieved from /opt/airflow/dags/db_and_model_update_dag.py
[2026-03-23T13:19:04.844+0000] {logging_mixin.py:190} INFO - [2026-03-23T13:19:04.844+0000] {dag.py:3239} INFO - Sync 1 DAGs
[2026-03-23T13:19:04.880+0000] {processor.py:208} INFO - Processing /opt/airflow/dags/db_and_model_update_dag.py took 0.087 seconds
[2026-03-23T13:19:35.025+0000] {processor.py:186} INFO - Started process (PID=143) to work on /opt/airflow/dags/db_and_model_update_dag.py
[2026-03-23T13:19:35.026+0000] {processor.py:914} INFO - Processing file /opt/airflow/dags/db_and_model_update_dag.py for tasks to queue
[2026-03-23T13:19:35.028+0000] {logging_mixin.py:190} INFO - [2026-03-23T13:19:35.028+0000] {dagbag.py:588} INFO - Filling up the DagBag from /opt/airflow/dags/db_and_model_update_dag.py
[2026-03-23T13:19:35.044+0000] {processor.py:925} INFO - DAG(s) 'db_and_model_update' retrieved from /opt/airflow/dags/db_and_model_update_dag.py
[2026-03-23T13:19:35.070+0000] {logging_mixin.py:190} INFO - [2026-03-23T13:19:35.070+0000] {dag.py:3239} INFO - Sync 1 DAGs
[2026-03-23T13:19:35.108+0000] {processor.py:208} INFO - Processing /opt/airflow/dags/db_and_model_update_dag.py took 0.088 seconds
[2026-03-23T13:20:05.328+0000] {processor.py:186} INFO - Started process (PID=153) to work on /opt/airflow/dags/db_and_model_update_dag.py
[2026-03-23T13:20:05.329+0000] {processor.py:914} INFO - Processing file /opt/airflow/dags/db_and_model_update_dag.py for tasks to queue
[2026-03-23T13:20:05.331+0000] {logging_mixin.py:190} INFO - [2026-03-23T13:20:05.331+0000] {dagbag.py:588} INFO - Filling up the DagBag from /opt/airflow/dags/db_and_model_update_dag.py
[2026-03-23T13:20:05.348+0000] {processor.py:925} INFO - DAG(s) 'db_and_model_update' retrieved from /opt/airflow/dags/db_and_model_update_dag.py
[2026-03-23T13:20:05.377+0000] {logging_mixin.py:190} INFO - [2026-03-23T13:20:05.377+0000] {dag.py:3239} INFO - Sync 1 DAGs
[2026-03-23T13:20:05.407+0000] {processor.py:208} INFO - Processing /opt/airflow/dags/db_and_model_update_dag.py took 0.084 seconds
[2026-03-23T13:20:35.569+0000] {processor.py:186} INFO - Started process (PID=171) to work on /opt/airflow/dags/db_and_model_update_dag.py
[2026-03-23T13:20:35.570+0000] {processor.py:914} INFO - Processing file /opt/airflow/dags/db_and_model_update_dag.py for tasks to queue
[2026-03-23T13:20:35.572+0000] {logging_mixin.py:190} INFO - [2026-03-23T13:20:35.571+0000] {dagbag.py:588} INFO - Filling up the DagBag from /opt/airflow/dags/db_and_model_update_dag.py
[2026-03-23T13:20:35.588+0000] {processor.py:925} INFO - DAG(s) 'db_and_model_update' retrieved from /opt/airflow/dags/db_and_model_update_dag.py
[2026-03-23T13:20:35.614+0000] {logging_mixin.py:190} INFO - [2026-03-23T13:20:35.614+0000] {dag.py:3239} INFO - Sync 1 DAGs
[2026-03-23T13:20:35.632+0000] {logging_mixin.py:190} INFO - [2026-03-23T13:20:35.632+0000] {dag.py:4180} INFO - Setting next_dagrun for db_and_model_update to 2026-03-16 14:00:00+00:00, run_after=2026-03-23 14:00:00+00:00
[2026-03-23T13:20:35.649+0000] {processor.py:208} INFO - Processing /opt/airflow/dags/db_and_model_update_dag.py took 0.085 seconds
[2026-03-23T13:21:05.885+0000] {processor.py:186} INFO - Started process (PID=181) to work on /opt/airflow/dags/db_and_model_update_dag.py
[2026-03-23T13:21:05.886+0000] {processor.py:914} INFO - Processing file /opt/airflow/dags/db_and_model_update_dag.py for tasks to queue
[2026-03-23T13:21:05.889+0000] {logging_mixin.py:190} INFO - [2026-03-23T13:21:05.888+0000] {dagbag.py:588} INFO - Filling up the DagBag from /opt/airflow/dags/db_and_model_update_dag.py
[2026-03-23T13:21:05.905+0000] {processor.py:925} INFO - DAG(s) 'db_and_model_update' retrieved from /opt/airflow/dags/db_and_model_update_dag.py
[2026-03-23T13:21:05.928+0000] {logging_mixin.py:190} INFO - [2026-03-23T13:21:05.928+0000] {dag.py:3239} INFO - Sync 1 DAGs
[2026-03-23T13:21:05.946+0000] {logging_mixin.py:190} INFO - [2026-03-23T13:21:05.946+0000] {dag.py:4180} INFO - Setting next_dagrun for db_and_model_update to 2026-03-16 14:00:00+00:00, run_after=2026-03-23 14:00:00+00:00
[2026-03-23T13:21:05.968+0000] {processor.py:208} INFO - Processing /opt/airflow/dags/db_and_model_update_dag.py took 0.088 seconds
[2026-03-23T13:21:36.124+0000] {processor.py:186} INFO - Started process (PID=191) to work on /opt/airflow/dags/db_and_model_update_dag.py
[2026-03-23T13:21:36.125+0000] {processor.py:914} INFO - Processing file /opt/airflow/dags/db_and_model_update_dag.py for tasks to queue
[2026-03-23T13:21:36.127+0000] {logging_mixin.py:190} INFO - [2026-03-23T13:21:36.127+0000] {dagbag.py:588} INFO - Filling up the DagBag from /opt/airflow/dags/db_and_model_update_dag.py
[2026-03-23T13:21:36.143+0000] {processor.py:925} INFO - DAG(s) 'db_and_model_update' retrieved from /opt/airflow/dags/db_and_model_update_dag.py
[2026-03-23T13:21:36.167+0000] {logging_mixin.py:190} INFO - [2026-03-23T13:21:36.167+0000] {dag.py:3239} INFO - Sync 1 DAGs
[2026-03-23T13:21:36.185+0000] {logging_mixin.py:190} INFO - [2026-03-23T13:21:36.185+0000] {dag.py:4180} INFO - Setting next_dagrun for db_and_model_update to 2026-03-16 14:00:00+00:00, run_after=2026-03-23 14:00:00+00:00
[2026-03-23T13:21:36.204+0000] {processor.py:208} INFO - Processing /opt/airflow/dags/db_and_model_update_dag.py took 0.087 seconds
[2026-03-23T13:22:06.436+0000] {processor.py:186} INFO - Started process (PID=201) to work on /opt/airflow/dags/db_and_model_update_dag.py
[2026-03-23T13:22:06.437+0000] {processor.py:914} INFO - Processing file /opt/airflow/dags/db_and_model_update_dag.py for tasks to queue
[2026-03-23T13:22:06.440+0000] {logging_mixin.py:190} INFO - [2026-03-23T13:22:06.439+0000] {dagbag.py:588} INFO - Filling up the DagBag from /opt/airflow/dags/db_and_model_update_dag.py
[2026-03-23T13:22:06.455+0000] {processor.py:925} INFO - DAG(s) 'db_and_model_update' retrieved from /opt/airflow/dags/db_and_model_update_dag.py
[2026-03-23T13:22:06.480+0000] {logging_mixin.py:190} INFO - [2026-03-23T13:22:06.480+0000] {dag.py:3239} INFO - Sync 1 DAGs
[2026-03-23T13:22:06.498+0000] {logging_mixin.py:190} INFO - [2026-03-23T13:22:06.498+0000] {dag.py:4180} INFO - Setting next_dagrun for db_and_model_update to 2026-03-16 14:00:00+00:00, run_after=2026-03-23 14:00:00+00:00
[2026-03-23T13:22:06.516+0000] {processor.py:208} INFO - Processing /opt/airflow/dags/db_and_model_update_dag.py took 0.087 seconds
[2026-03-23T13:22:36.666+0000] {processor.py:186} INFO - Started process (PID=211) to work on /opt/airflow/dags/db_and_model_update_dag.py
[2026-03-23T13:22:36.667+0000] {processor.py:914} INFO - Processing file /opt/airflow/dags/db_and_model_update_dag.py for tasks to queue
[2026-03-23T13:22:36.669+0000] {logging_mixin.py:190} INFO - [2026-03-23T13:22:36.668+0000] {dagbag.py:588} INFO - Filling up the DagBag from /opt/airflow/dags/db_and_model_update_dag.py
[2026-03-23T13:22:36.685+0000] {processor.py:925} INFO - DAG(s) 'db_and_model_update' retrieved from /opt/airflow/dags/db_and_model_update_dag.py
[2026-03-23T13:22:36.709+0000] {logging_mixin.py:190} INFO - [2026-03-23T13:22:36.709+0000] {dag.py:3239} INFO - Sync 1 DAGs
[2026-03-23T13:22:36.730+0000] {logging_mixin.py:190} INFO - [2026-03-23T13:22:36.729+0000] {dag.py:4180} INFO - Setting next_dagrun for db_and_model_update to 2026-03-16 14:00:00+00:00, run_after=2026-03-23 14:00:00+00:00
[2026-03-23T13:22:36.748+0000] {processor.py:208} INFO - Processing /opt/airflow/dags/db_and_model_update_dag.py took 0.087 seconds
[2026-03-23T13:23:07.009+0000] {processor.py:186} INFO - Started process (PID=221) to work on /opt/airflow/dags/db_and_model_update_dag.py
[2026-03-23T13:23:07.010+0000] {processor.py:914} INFO - Processing file /opt/airflow/dags/db_and_model_update_dag.py for tasks to queue
[2026-03-23T13:23:07.012+0000] {logging_mixin.py:190} INFO - [2026-03-23T13:23:07.011+0000] {dagbag.py:588} INFO - Filling up the DagBag from /opt/airflow/dags/db_and_model_update_dag.py
[2026-03-23T13:23:07.028+0000] {processor.py:925} INFO - DAG(s) 'db_and_model_update' retrieved from /opt/airflow/dags/db_and_model_update_dag.py
[2026-03-23T13:23:07.055+0000] {logging_mixin.py:190} INFO - [2026-03-23T13:23:07.055+0000] {dag.py:3239} INFO - Sync 1 DAGs
[2026-03-23T13:23:07.076+0000] {logging_mixin.py:190} INFO - [2026-03-23T13:23:07.076+0000] {dag.py:4180} INFO - Setting next_dagrun for db_and_model_update to 2026-03-16 14:00:00+00:00, run_after=2026-03-23 14:00:00+00:00
[2026-03-23T13:23:07.097+0000] {processor.py:208} INFO - Processing /opt/airflow/dags/db_and_model_update_dag.py took 0.094 seconds
[2026-03-23T13:23:37.256+0000] {processor.py:186} INFO - Started process (PID=231) to work on /opt/airflow/dags/db_and_model_update_dag.py
[2026-03-23T13:23:37.257+0000] {processor.py:914} INFO - Processing file /opt/airflow/dags/db_and_model_update_dag.py for tasks to queue
[2026-03-23T13:23:37.259+0000] {logging_mixin.py:190} INFO - [2026-03-23T13:23:37.259+0000] {dagbag.py:588} INFO - Filling up the DagBag from /opt/airflow/dags/db_and_model_update_dag.py
[2026-03-23T13:23:37.275+0000] {processor.py:925} INFO - DAG(s) 'db_and_model_update' retrieved from /opt/airflow/dags/db_and_model_update_dag.py
[2026-03-23T13:23:37.299+0000] {logging_mixin.py:190} INFO - [2026-03-23T13:23:37.299+0000] {dag.py:3239} INFO - Sync 1 DAGs
[2026-03-23T13:23:37.317+0000] {logging_mixin.py:190} INFO - [2026-03-23T13:23:37.317+0000] {dag.py:4180} INFO - Setting next_dagrun for db_and_model_update to 2026-03-16 14:00:00+00:00, run_after=2026-03-23 14:00:00+00:00
[2026-03-23T13:23:37.335+0000] {processor.py:208} INFO - Processing /opt/airflow/dags/db_and_model_update_dag.py took 0.084 seconds
[2026-03-23T13:24:07.586+0000] {processor.py:186} INFO - Started process (PID=241) to work on /opt/airflow/dags/db_and_model_update_dag.py
[2026-03-23T13:24:07.587+0000] {processor.py:914} INFO - Processing file /opt/airflow/dags/db_and_model_update_dag.py for tasks to queue
[2026-03-23T13:24:07.590+0000] {logging_mixin.py:190} INFO - [2026-03-23T13:24:07.589+0000] {dagbag.py:588} INFO - Filling up the DagBag from /opt/airflow/dags/db_and_model_update_dag.py
[2026-03-23T13:24:07.607+0000] {processor.py:925} INFO - DAG(s) 'db_and_model_update' retrieved from /opt/airflow/dags/db_and_model_update_dag.py
[2026-03-23T13:24:07.636+0000] {logging_mixin.py:190} INFO - [2026-03-23T13:24:07.636+0000] {dag.py:3239} INFO - Sync 1 DAGs
[2026-03-23T13:24:07.656+0000] {logging_mixin.py:190} INFO - [2026-03-23T13:24:07.656+0000] {dag.py:4180} INFO - Setting next_dagrun for db_and_model_update to 2026-03-16 14:00:00+00:00, run_after=2026-03-23 14:00:00+00:00
[2026-03-23T13:24:07.676+0000] {processor.py:208} INFO - Processing /opt/airflow/dags/db_and_model_update_dag.py took 0.096 seconds
[2026-03-23T13:24:37.820+0000] {processor.py:186} INFO - Started process (PID=251) to work on /opt/airflow/dags/db_and_model_update_dag.py
[2026-03-23T13:24:37.821+0000] {processor.py:914} INFO - Processing file /opt/airflow/dags/db_and_model_update_dag.py for tasks to queue
[2026-03-23T13:24:37.823+0000] {logging_mixin.py:190} INFO - [2026-03-23T13:24:37.823+0000] {dagbag.py:588} INFO - Filling up the DagBag from /opt/airflow/dags/db_and_model_update_dag.py
[2026-03-23T13:24:37.839+0000] {processor.py:925} INFO - DAG(s) 'db_and_model_update' retrieved from /opt/airflow/dags/db_and_model_update_dag.py
[2026-03-23T13:24:37.867+0000] {logging_mixin.py:190} INFO - [2026-03-23T13:24:37.866+0000] {dag.py:3239} INFO - Sync 1 DAGs
[2026-03-23T13:24:37.888+0000] {logging_mixin.py:190} INFO - [2026-03-23T13:24:37.888+0000] {dag.py:4180} INFO - Setting next_dagrun for db_and_model_update to 2026-03-16 14:00:00+00:00, run_after=2026-03-23 14:00:00+00:00
[2026-03-23T13:24:37.909+0000] {processor.py:208} INFO - Processing /opt/airflow/dags/db_and_model_update_dag.py took 0.094 seconds
[2026-03-23T13:25:08.111+0000] {processor.py:186} INFO - Started process (PID=261) to work on /opt/airflow/dags/db_and_model_update_dag.py
[2026-03-23T13:25:08.113+0000] {processor.py:914} INFO - Processing file /opt/airflow/dags/db_and_model_update_dag.py for tasks to queue
[2026-03-23T13:25:08.115+0000] {logging_mixin.py:190} INFO - [2026-03-23T13:25:08.115+0000] {dagbag.py:588} INFO - Filling up the DagBag from /opt/airflow/dags/db_and_model_update_dag.py
[2026-03-23T13:25:08.132+0000] {processor.py:925} INFO - DAG(s) 'db_and_model_update' retrieved from /opt/airflow/dags/db_and_model_update_dag.py
[2026-03-23T13:25:08.159+0000] {logging_mixin.py:190} INFO - [2026-03-23T13:25:08.159+0000] {dag.py:3239} INFO - Sync 1 DAGs
[2026-03-23T13:25:08.180+0000] {logging_mixin.py:190} INFO - [2026-03-23T13:25:08.180+0000] {dag.py:4180} INFO - Setting next_dagrun for db_and_model_update to 2026-03-16 14:00:00+00:00, run_after=2026-03-23 14:00:00+00:00
[2026-03-23T13:25:08.198+0000] {processor.py:208} INFO - Processing /opt/airflow/dags/db_and_model_update_dag.py took 0.092 seconds
[2026-03-23T13:25:38.329+0000] {processor.py:186} INFO - Started process (PID=271) to work on /opt/airflow/dags/db_and_model_update_dag.py
[2026-03-23T13:25:38.331+0000] {processor.py:914} INFO - Processing file /opt/airflow/dags/db_and_model_update_dag.py for tasks to queue
[2026-03-23T13:25:38.333+0000] {logging_mixin.py:190} INFO - [2026-03-23T13:25:38.333+0000] {dagbag.py:588} INFO - Filling up the DagBag from /opt/airflow/dags/db_and_model_update_dag.py
[2026-03-23T13:25:38.352+0000] {processor.py:925} INFO - DAG(s) 'db_and_model_update' retrieved from /opt/airflow/dags/db_and_model_update_dag.py
[2026-03-23T13:25:38.384+0000] {logging_mixin.py:190} INFO - [2026-03-23T13:25:38.384+0000] {dag.py:3239} INFO - Sync 1 DAGs
[2026-03-23T13:25:38.408+0000] {logging_mixin.py:190} INFO - [2026-03-23T13:25:38.408+0000] {dag.py:4180} INFO - Setting next_dagrun for db_and_model_update to 2026-03-16 14:00:00+00:00, run_after=2026-03-23 14:00:00+00:00
[2026-03-23T13:25:38.427+0000] {processor.py:208} INFO - Processing /opt/airflow/dags/db_and_model_update_dag.py took 0.105 seconds
[2026-03-23T13:26:08.710+0000] {processor.py:186} INFO - Started process (PID=281) to work on /opt/airflow/dags/db_and_model_update_dag.py
[2026-03-23T13:26:08.711+0000] {processor.py:914} INFO - Processing file /opt/airflow/dags/db_and_model_update_dag.py for tasks to queue
[2026-03-23T13:26:08.713+0000] {logging_mixin.py:190} INFO - [2026-03-23T13:26:08.713+0000] {dagbag.py:588} INFO - Filling up the DagBag from /opt/airflow/dags/db_and_model_update_dag.py
[2026-03-23T13:26:08.733+0000] {processor.py:925} INFO - DAG(s) 'db_and_model_update' retrieved from /opt/airflow/dags/db_and_model_update_dag.py
[2026-03-23T13:26:08.763+0000] {logging_mixin.py:190} INFO - [2026-03-23T13:26:08.763+0000] {dag.py:3239} INFO - Sync 1 DAGs
[2026-03-23T13:26:08.787+0000] {logging_mixin.py:190} INFO - [2026-03-23T13:26:08.787+0000] {dag.py:4180} INFO - Setting next_dagrun for db_and_model_update to 2026-03-16 14:00:00+00:00, run_after=2026-03-23 14:00:00+00:00
[2026-03-23T13:26:08.809+0000] {processor.py:208} INFO - Processing /opt/airflow/dags/db_and_model_update_dag.py took 0.106 seconds
[2026-03-23T13:26:38.934+0000] {processor.py:186} INFO - Started process (PID=291) to work on /opt/airflow/dags/db_and_model_update_dag.py
[2026-03-23T13:26:38.935+0000] {processor.py:914} INFO - Processing file /opt/airflow/dags/db_and_model_update_dag.py for tasks to queue
[2026-03-23T13:26:38.937+0000] {logging_mixin.py:190} INFO - [2026-03-23T13:26:38.937+0000] {dagbag.py:588} INFO - Filling up the DagBag from /opt/airflow/dags/db_and_model_update_dag.py
[2026-03-23T13:26:38.957+0000] {processor.py:925} INFO - DAG(s) 'db_and_model_update' retrieved from /opt/airflow/dags/db_and_model_update_dag.py
[2026-03-23T13:26:38.987+0000] {logging_mixin.py:190} INFO - [2026-03-23T13:26:38.987+0000] {dag.py:3239} INFO - Sync 1 DAGs
[2026-03-23T13:26:39.013+0000] {logging_mixin.py:190} INFO - [2026-03-23T13:26:39.013+0000] {dag.py:4180} INFO - Setting next_dagrun for db_and_model_update to 2026-03-16 14:00:00+00:00, run_after=2026-03-23 14:00:00+00:00
[2026-03-23T13:26:39.033+0000] {processor.py:208} INFO - Processing /opt/airflow/dags/db_and_model_update_dag.py took 0.105 seconds
[2026-03-23T13:27:09.249+0000] {processor.py:186} INFO - Started process (PID=301) to work on /opt/airflow/dags/db_and_model_update_dag.py
[2026-03-23T13:27:09.249+0000] {processor.py:914} INFO - Processing file /opt/airflow/dags/db_and_model_update_dag.py for tasks to queue
[2026-03-23T13:27:09.252+0000] {logging_mixin.py:190} INFO - [2026-03-23T13:27:09.252+0000] {dagbag.py:588} INFO - Filling up the DagBag from /opt/airflow/dags/db_and_model_update_dag.py
[2026-03-23T13:27:09.269+0000] {processor.py:925} INFO - DAG(s) 'db_and_model_update' retrieved from /opt/airflow/dags/db_and_model_update_dag.py
[2026-03-23T13:27:09.301+0000] {logging_mixin.py:190} INFO - [2026-03-23T13:27:09.301+0000] {dag.py:3239} INFO - Sync 1 DAGs
[2026-03-23T13:27:09.322+0000] {logging_mixin.py:190} INFO - [2026-03-23T13:27:09.321+0000] {dag.py:4180} INFO - Setting next_dagrun for db_and_model_update to 2026-03-16 14:00:00+00:00, run_after=2026-03-23 14:00:00+00:00
[2026-03-23T13:27:09.339+0000] {processor.py:208} INFO - Processing /opt/airflow/dags/db_and_model_update_dag.py took 0.097 seconds
[2026-03-23T13:27:39.494+0000] {processor.py:186} INFO - Started process (PID=311) to work on /opt/airflow/dags/db_and_model_update_dag.py
[2026-03-23T13:27:39.495+0000] {processor.py:914} INFO - Processing file /opt/airflow/dags/db_and_model_update_dag.py for tasks to queue
[2026-03-23T13:27:39.497+0000] {logging_mixin.py:190} INFO - [2026-03-23T13:27:39.496+0000] {dagbag.py:588} INFO - Filling up the DagBag from /opt/airflow/dags/db_and_model_update_dag.py
[2026-03-23T13:27:39.513+0000] {processor.py:925} INFO - DAG(s) 'db_and_model_update' retrieved from /opt/airflow/dags/db_and_model_update_dag.py
[2026-03-23T13:27:39.542+0000] {logging_mixin.py:190} INFO - [2026-03-23T13:27:39.542+0000] {dag.py:3239} INFO - Sync 1 DAGs
[2026-03-23T13:27:39.563+0000] {logging_mixin.py:190} INFO - [2026-03-23T13:27:39.563+0000] {dag.py:4180} INFO - Setting next_dagrun for db_and_model_update to 2026-03-16 14:00:00+00:00, run_after=2026-03-23 14:00:00+00:00
[2026-03-23T13:27:39.587+0000] {processor.py:208} INFO - Processing /opt/airflow/dags/db_and_model_update_dag.py took 0.099 seconds
[2026-03-23T13:28:09.785+0000] {processor.py:186} INFO - Started process (PID=321) to work on /opt/airflow/dags/db_and_model_update_dag.py
[2026-03-23T13:28:09.786+0000] {processor.py:914} INFO - Processing file /opt/airflow/dags/db_and_model_update_dag.py for tasks to queue
[2026-03-23T13:28:09.787+0000] {logging_mixin.py:190} INFO - [2026-03-23T13:28:09.787+0000] {dagbag.py:588} INFO - Filling up the DagBag from /opt/airflow/dags/db_and_model_update_dag.py
[2026-03-23T13:28:09.804+0000] {processor.py:925} INFO - DAG(s) 'db_and_model_update' retrieved from /opt/airflow/dags/db_and_model_update_dag.py
[2026-03-23T13:28:09.831+0000] {logging_mixin.py:190} INFO - [2026-03-23T13:28:09.831+0000] {dag.py:3239} INFO - Sync 1 DAGs
[2026-03-23T13:28:09.857+0000] {logging_mixin.py:190} INFO - [2026-03-23T13:28:09.857+0000] {dag.py:4180} INFO - Setting next_dagrun for db_and_model_update to 2026-03-16 14:00:00+00:00, run_after=2026-03-23 14:00:00+00:00
[2026-03-23T13:28:09.876+0000] {processor.py:208} INFO - Processing /opt/airflow/dags/db_and_model_update_dag.py took 0.097 seconds
[2026-03-23T13:28:40.028+0000] {processor.py:186} INFO - Started process (PID=331) to work on /opt/airflow/dags/db_and_model_update_dag.py
[2026-03-23T13:28:40.029+0000] {processor.py:914} INFO - Processing file /opt/airflow/dags/db_and_model_update_dag.py for tasks to queue
[2026-03-23T13:28:40.031+0000] {logging_mixin.py:190} INFO - [2026-03-23T13:28:40.031+0000] {dagbag.py:588} INFO - Filling up the DagBag from /opt/airflow/dags/db_and_model_update_dag.py
[2026-03-23T13:28:40.048+0000] {processor.py:925} INFO - DAG(s) 'db_and_model_update' retrieved from /opt/airflow/dags/db_and_model_update_dag.py
[2026-03-23T13:28:40.073+0000] {logging_mixin.py:190} INFO - [2026-03-23T13:28:40.073+0000] {dag.py:3239} INFO - Sync 1 DAGs
[2026-03-23T13:28:40.097+0000] {logging_mixin.py:190} INFO - [2026-03-23T13:28:40.097+0000] {dag.py:4180} INFO - Setting next_dagrun for db_and_model_update to 2026-03-16 14:00:00+00:00, run_after=2026-03-23 14:00:00+00:00
[2026-03-23T13:28:40.113+0000] {processor.py:208} INFO - Processing /opt/airflow/dags/db_and_model_update_dag.py took 0.090 seconds
[2026-03-23T13:29:10.345+0000] {processor.py:186} INFO - Started process (PID=341) to work on /opt/airflow/dags/db_and_model_update_dag.py
[2026-03-23T13:29:10.346+0000] {processor.py:914} INFO - Processing file /opt/airflow/dags/db_and_model_update_dag.py for tasks to queue
[2026-03-23T13:29:10.348+0000] {logging_mixin.py:190} INFO - [2026-03-23T13:29:10.348+0000] {dagbag.py:588} INFO - Filling up the DagBag from /opt/airflow/dags/db_and_model_update_dag.py
[2026-03-23T13:29:10.364+0000] {processor.py:925} INFO - DAG(s) 'db_and_model_update' retrieved from /opt/airflow/dags/db_and_model_update_dag.py
[2026-03-23T13:29:10.391+0000] {logging_mixin.py:190} INFO - [2026-03-23T13:29:10.390+0000] {dag.py:3239} INFO - Sync 1 DAGs
[2026-03-23T13:29:10.411+0000] {logging_mixin.py:190} INFO - [2026-03-23T13:29:10.411+0000] {dag.py:4180} INFO - Setting next_dagrun for db_and_model_update to 2026-03-16 14:00:00+00:00, run_after=2026-03-23 14:00:00+00:00
[2026-03-23T13:29:10.428+0000] {processor.py:208} INFO - Processing /opt/airflow/dags/db_and_model_update_dag.py took 0.089 seconds
[2026-03-23T13:29:40.587+0000] {processor.py:186} INFO - Started process (PID=351) to work on /opt/airflow/dags/db_and_model_update_dag.py
[2026-03-23T13:29:40.588+0000] {processor.py:914} INFO - Processing file /opt/airflow/dags/db_and_model_update_dag.py for tasks to queue
[2026-03-23T13:29:40.591+0000] {logging_mixin.py:190} INFO - [2026-03-23T13:29:40.590+0000] {dagbag.py:588} INFO - Filling up the DagBag from /opt/airflow/dags/db_and_model_update_dag.py
[2026-03-23T13:29:40.607+0000] {processor.py:925} INFO - DAG(s) 'db_and_model_update' retrieved from /opt/airflow/dags/db_and_model_update_dag.py
[2026-03-23T13:29:40.632+0000] {logging_mixin.py:190} INFO - [2026-03-23T13:29:40.632+0000] {dag.py:3239} INFO - Sync 1 DAGs
[2026-03-23T13:29:40.653+0000] {logging_mixin.py:190} INFO - [2026-03-23T13:29:40.653+0000] {dag.py:4180} INFO - Setting next_dagrun for db_and_model_update to 2026-03-16 14:00:00+00:00, run_after=2026-03-23 14:00:00+00:00
[2026-03-23T13:29:40.673+0000] {processor.py:208} INFO - Processing /opt/airflow/dags/db_and_model_update_dag.py took 0.091 seconds
[2026-03-23T13:30:10.883+0000] {processor.py:186} INFO - Started process (PID=361) to work on /opt/airflow/dags/db_and_model_update_dag.py
[2026-03-23T13:30:10.885+0000] {processor.py:914} INFO - Processing file /opt/airflow/dags/db_and_model_update_dag.py for tasks to queue
[2026-03-23T13:30:10.887+0000] {logging_mixin.py:190} INFO - [2026-03-23T13:30:10.887+0000] {dagbag.py:588} INFO - Filling up the DagBag from /opt/airflow/dags/db_and_model_update_dag.py
[2026-03-23T13:30:10.908+0000] {processor.py:925} INFO - DAG(s) 'db_and_model_update' retrieved from /opt/airflow/dags/db_and_model_update_dag.py
[2026-03-23T13:30:10.941+0000] {logging_mixin.py:190} INFO - [2026-03-23T13:30:10.941+0000] {dag.py:3239} INFO - Sync 1 DAGs
[2026-03-23T13:30:10.967+0000] {logging_mixin.py:190} INFO - [2026-03-23T13:30:10.966+0000] {dag.py:4180} INFO - Setting next_dagrun for db_and_model_update to 2026-03-16 14:00:00+00:00, run_after=2026-03-23 14:00:00+00:00
[2026-03-23T13:30:10.985+0000] {processor.py:208} INFO - Processing /opt/airflow/dags/db_and_model_update_dag.py took 0.113 seconds
[2026-03-23T13:30:41.229+0000] {processor.py:186} INFO - Started process (PID=371) to work on /opt/airflow/dags/db_and_model_update_dag.py
[2026-03-23T13:30:41.230+0000] {processor.py:914} INFO - Processing file /opt/airflow/dags/db_and_model_update_dag.py for tasks to queue
[2026-03-23T13:30:41.233+0000] {logging_mixin.py:190} INFO - [2026-03-23T13:30:41.233+0000] {dagbag.py:588} INFO - Filling up the DagBag from /opt/airflow/dags/db_and_model_update_dag.py
[2026-03-23T13:30:41.250+0000] {processor.py:925} INFO - DAG(s) 'db_and_model_update' retrieved from /opt/airflow/dags/db_and_model_update_dag.py
[2026-03-23T13:30:41.279+0000] {logging_mixin.py:190} INFO - [2026-03-23T13:30:41.279+0000] {dag.py:3239} INFO - Sync 1 DAGs
[2026-03-23T13:30:41.302+0000] {logging_mixin.py:190} INFO - [2026-03-23T13:30:41.302+0000] {dag.py:4180} INFO - Setting next_dagrun for db_and_model_update to 2026-03-16 14:00:00+00:00, run_after=2026-03-23 14:00:00+00:00
[2026-03-23T13:30:41.325+0000] {processor.py:208} INFO - Processing /opt/airflow/dags/db_and_model_update_dag.py took 0.103 seconds
[2026-03-23T13:31:11.502+0000] {processor.py:186} INFO - Started process (PID=381) to work on /opt/airflow/dags/db_and_model_update_dag.py
[2026-03-23T13:31:11.504+0000] {processor.py:914} INFO - Processing file /opt/airflow/dags/db_and_model_update_dag.py for tasks to queue
[2026-03-23T13:31:11.508+0000] {logging_mixin.py:190} INFO - [2026-03-23T13:31:11.507+0000] {dagbag.py:588} INFO - Filling up the DagBag from /opt/airflow/dags/db_and_model_update_dag.py
[2026-03-23T13:31:11.533+0000] {processor.py:925} INFO - DAG(s) 'db_and_model_update' retrieved from /opt/airflow/dags/db_and_model_update_dag.py
[2026-03-23T13:31:11.569+0000] {logging_mixin.py:190} INFO - [2026-03-23T13:31:11.568+0000] {dag.py:3239} INFO - Sync 1 DAGs
[2026-03-23T13:31:11.602+0000] {logging_mixin.py:190} INFO - [2026-03-23T13:31:11.601+0000] {dag.py:4180} INFO - Setting next_dagrun for db_and_model_update to 2026-03-16 14:00:00+00:00, run_after=2026-03-23 14:00:00+00:00
[2026-03-23T13:31:11.629+0000] {processor.py:208} INFO - Processing /opt/airflow/dags/db_and_model_update_dag.py took 0.137 seconds
[2026-03-23T13:31:41.829+0000] {processor.py:186} INFO - Started process (PID=399) to work on /opt/airflow/dags/db_and_model_update_dag.py
[2026-03-23T13:31:41.831+0000] {processor.py:914} INFO - Processing file /opt/airflow/dags/db_and_model_update_dag.py for tasks to queue
[2026-03-23T13:31:41.836+0000] {logging_mixin.py:190} INFO - [2026-03-23T13:31:41.836+0000] {dagbag.py:588} INFO - Filling up the DagBag from /opt/airflow/dags/db_and_model_update_dag.py
[2026-03-23T13:31:41.873+0000] {processor.py:925} INFO - DAG(s) 'db_and_model_update' retrieved from /opt/airflow/dags/db_and_model_update_dag.py
[2026-03-23T13:31:41.929+0000] {logging_mixin.py:190} INFO - [2026-03-23T13:31:41.929+0000] {dag.py:3239} INFO - Sync 1 DAGs
[2026-03-23T13:31:41.960+0000] {logging_mixin.py:190} INFO - [2026-03-23T13:31:41.960+0000] {dag.py:4180} INFO - Setting next_dagrun for db_and_model_update to 2026-03-16 14:00:00+00:00, run_after=2026-03-23 14:00:00+00:00
[2026-03-23T13:31:41.994+0000] {processor.py:208} INFO - Processing /opt/airflow/dags/db_and_model_update_dag.py took 0.182 seconds
[2026-03-23T13:32:12.079+0000] {processor.py:186} INFO - Started process (PID=409) to work on /opt/airflow/dags/db_and_model_update_dag.py
[2026-03-23T13:32:12.080+0000] {processor.py:914} INFO - Processing file /opt/airflow/dags/db_and_model_update_dag.py for tasks to queue
[2026-03-23T13:32:12.082+0000] {logging_mixin.py:190} INFO - [2026-03-23T13:32:12.082+0000] {dagbag.py:588} INFO - Filling up the DagBag from /opt/airflow/dags/db_and_model_update_dag.py
[2026-03-23T13:32:12.101+0000] {processor.py:925} INFO - DAG(s) 'db_and_model_update' retrieved from /opt/airflow/dags/db_and_model_update_dag.py
[2026-03-23T13:32:12.132+0000] {logging_mixin.py:190} INFO - [2026-03-23T13:32:12.131+0000] {dag.py:3239} INFO - Sync 1 DAGs
[2026-03-23T13:32:12.152+0000] {logging_mixin.py:190} INFO - [2026-03-23T13:32:12.152+0000] {dag.py:4180} INFO - Setting next_dagrun for db_and_model_update to 2026-03-16 14:00:00+00:00, run_after=2026-03-23 14:00:00+00:00
[2026-03-23T13:32:12.173+0000] {processor.py:208} INFO - Processing /opt/airflow/dags/db_and_model_update_dag.py took 0.099 seconds
[2026-03-23T13:32:42.323+0000] {processor.py:186} INFO - Started process (PID=419) to work on /opt/airflow/dags/db_and_model_update_dag.py
[2026-03-23T13:32:42.324+0000] {processor.py:914} INFO - Processing file /opt/airflow/dags/db_and_model_update_dag.py for tasks to queue
[2026-03-23T13:32:42.326+0000] {logging_mixin.py:190} INFO - [2026-03-23T13:32:42.326+0000] {dagbag.py:588} INFO - Filling up the DagBag from /opt/airflow/dags/db_and_model_update_dag.py
[2026-03-23T13:32:42.345+0000] {processor.py:925} INFO - DAG(s) 'db_and_model_update' retrieved from /opt/airflow/dags/db_and_model_update_dag.py
[2026-03-23T13:32:42.374+0000] {logging_mixin.py:190} INFO - [2026-03-23T13:32:42.374+0000] {dag.py:3239} INFO - Sync 1 DAGs
[2026-03-23T13:32:42.394+0000] {logging_mixin.py:190} INFO - [2026-03-23T13:32:42.394+0000] {dag.py:4180} INFO - Setting next_dagrun for db_and_model_update to 2026-03-16 14:00:00+00:00, run_after=2026-03-23 14:00:00+00:00
[2026-03-23T13:32:42.896+0000] {processor.py:208} INFO - Processing /opt/airflow/dags/db_and_model_update_dag.py took 0.582 seconds
[2026-03-23T13:33:13.144+0000] {processor.py:186} INFO - Started process (PID=429) to work on /opt/airflow/dags/db_and_model_update_dag.py
[2026-03-23T13:33:13.145+0000] {processor.py:914} INFO - Processing file /opt/airflow/dags/db_and_model_update_dag.py for tasks to queue
[2026-03-23T13:33:13.147+0000] {logging_mixin.py:190} INFO - [2026-03-23T13:33:13.147+0000] {dagbag.py:588} INFO - Filling up the DagBag from /opt/airflow/dags/db_and_model_update_dag.py
[2026-03-23T13:33:13.165+0000] {processor.py:925} INFO - DAG(s) 'db_and_model_update' retrieved from /opt/airflow/dags/db_and_model_update_dag.py
[2026-03-23T13:33:13.191+0000] {logging_mixin.py:190} INFO - [2026-03-23T13:33:13.191+0000] {dag.py:3239} INFO - Sync 1 DAGs
[2026-03-23T13:33:13.213+0000] {logging_mixin.py:190} INFO - [2026-03-23T13:33:13.213+0000] {dag.py:4180} INFO - Setting next_dagrun for db_and_model_update to 2026-03-16 14:00:00+00:00, run_after=2026-03-23 14:00:00+00:00
[2026-03-23T13:33:13.238+0000] {processor.py:208} INFO - Processing /opt/airflow/dags/db_and_model_update_dag.py took 0.099 seconds
[2026-03-23T13:33:43.376+0000] {processor.py:186} INFO - Started process (PID=447) to work on /opt/airflow/dags/db_and_model_update_dag.py
[2026-03-23T13:33:43.376+0000] {processor.py:914} INFO - Processing file /opt/airflow/dags/db_and_model_update_dag.py for tasks to queue
[2026-03-23T13:33:43.379+0000] {logging_mixin.py:190} INFO - [2026-03-23T13:33:43.378+0000] {dagbag.py:588} INFO - Filling up the DagBag from /opt/airflow/dags/db_and_model_update_dag.py
[2026-03-23T13:33:43.395+0000] {processor.py:925} INFO - DAG(s) 'db_and_model_update' retrieved from /opt/airflow/dags/db_and_model_update_dag.py
[2026-03-23T13:33:43.423+0000] {logging_mixin.py:190} INFO - [2026-03-23T13:33:43.423+0000] {dag.py:3239} INFO - Sync 1 DAGs
[2026-03-23T13:33:43.466+0000] {processor.py:208} INFO - Processing /opt/airflow/dags/db_and_model_update_dag.py took 0.096 seconds
[2026-03-23T13:34:13.719+0000] {processor.py:186} INFO - Started process (PID=457) to work on /opt/airflow/dags/db_and_model_update_dag.py
[2026-03-23T13:34:13.720+0000] {processor.py:914} INFO - Processing file /opt/airflow/dags/db_and_model_update_dag.py for tasks to queue
[2026-03-23T13:34:13.722+0000] {logging_mixin.py:190} INFO - [2026-03-23T13:34:13.722+0000] {dagbag.py:588} INFO - Filling up the DagBag from /opt/airflow/dags/db_and_model_update_dag.py
[2026-03-23T13:34:13.742+0000] {processor.py:925} INFO - DAG(s) 'db_and_model_update' retrieved from /opt/airflow/dags/db_and_model_update_dag.py
[2026-03-23T13:34:13.771+0000] {logging_mixin.py:190} INFO - [2026-03-23T13:34:13.771+0000] {dag.py:3239} INFO - Sync 1 DAGs
[2026-03-23T13:34:13.816+0000] {processor.py:208} INFO - Processing /opt/airflow/dags/db_and_model_update_dag.py took 0.103 seconds
[2026-03-23T13:34:43.950+0000] {processor.py:186} INFO - Started process (PID=467) to work on /opt/airflow/dags/db_and_model_update_dag.py
[2026-03-23T13:34:43.951+0000] {processor.py:914} INFO - Processing file /opt/airflow/dags/db_and_model_update_dag.py for tasks to queue
[2026-03-23T13:34:43.953+0000] {logging_mixin.py:190} INFO - [2026-03-23T13:34:43.953+0000] {dagbag.py:588} INFO - Filling up the DagBag from /opt/airflow/dags/db_and_model_update_dag.py
[2026-03-23T13:34:43.971+0000] {processor.py:925} INFO - DAG(s) 'db_and_model_update' retrieved from /opt/airflow/dags/db_and_model_update_dag.py
[2026-03-23T13:34:43.999+0000] {logging_mixin.py:190} INFO - [2026-03-23T13:34:43.999+0000] {dag.py:3239} INFO - Sync 1 DAGs
[2026-03-23T13:34:44.042+0000] {processor.py:208} INFO - Processing /opt/airflow/dags/db_and_model_update_dag.py took 0.097 seconds
[2026-03-23T13:35:14.294+0000] {processor.py:186} INFO - Started process (PID=477) to work on /opt/airflow/dags/db_and_model_update_dag.py
[2026-03-23T13:35:14.295+0000] {processor.py:914} INFO - Processing file /opt/airflow/dags/db_and_model_update_dag.py for tasks to queue
[2026-03-23T13:35:14.297+0000] {logging_mixin.py:190} INFO - [2026-03-23T13:35:14.297+0000] {dagbag.py:588} INFO - Filling up the DagBag from /opt/airflow/dags/db_and_model_update_dag.py
[2026-03-23T13:35:14.313+0000] {processor.py:925} INFO - DAG(s) 'db_and_model_update' retrieved from /opt/airflow/dags/db_and_model_update_dag.py
[2026-03-23T13:35:14.339+0000] {logging_mixin.py:190} INFO - [2026-03-23T13:35:14.339+0000] {dag.py:3239} INFO - Sync 1 DAGs
[2026-03-23T13:35:14.381+0000] {processor.py:208} INFO - Processing /opt/airflow/dags/db_and_model_update_dag.py took 0.093 seconds
[2026-03-23T13:35:44.520+0000] {processor.py:186} INFO - Started process (PID=495) to work on /opt/airflow/dags/db_and_model_update_dag.py
[2026-03-23T13:35:44.521+0000] {processor.py:914} INFO - Processing file /opt/airflow/dags/db_and_model_update_dag.py for tasks to queue
[2026-03-23T13:35:44.523+0000] {logging_mixin.py:190} INFO - [2026-03-23T13:35:44.523+0000] {dagbag.py:588} INFO - Filling up the DagBag from /opt/airflow/dags/db_and_model_update_dag.py
[2026-03-23T13:35:44.542+0000] {processor.py:925} INFO - DAG(s) 'db_and_model_update' retrieved from /opt/airflow/dags/db_and_model_update_dag.py
[2026-03-23T13:35:44.566+0000] {logging_mixin.py:190} INFO - [2026-03-23T13:35:44.566+0000] {dag.py:3239} INFO - Sync 1 DAGs
[2026-03-23T13:35:44.603+0000] {processor.py:208} INFO - Processing /opt/airflow/dags/db_and_model_update_dag.py took 0.088 seconds
[2026-03-23T13:36:14.844+0000] {processor.py:186} INFO - Started process (PID=505) to work on /opt/airflow/dags/db_and_model_update_dag.py
[2026-03-23T13:36:14.845+0000] {processor.py:914} INFO - Processing file /opt/airflow/dags/db_and_model_update_dag.py for tasks to queue
[2026-03-23T13:36:14.847+0000] {logging_mixin.py:190} INFO - [2026-03-23T13:36:14.846+0000] {dagbag.py:588} INFO - Filling up the DagBag from /opt/airflow/dags/db_and_model_update_dag.py
[2026-03-23T13:36:14.866+0000] {processor.py:925} INFO - DAG(s) 'db_and_model_update' retrieved from /opt/airflow/dags/db_and_model_update_dag.py
[2026-03-23T13:36:14.894+0000] {logging_mixin.py:190} INFO - [2026-03-23T13:36:14.894+0000] {dag.py:3239} INFO - Sync 1 DAGs
[2026-03-23T13:36:14.937+0000] {processor.py:208} INFO - Processing /opt/airflow/dags/db_and_model_update_dag.py took 0.099 seconds
[2026-03-23T13:36:45.066+0000] {processor.py:186} INFO - Started process (PID=515) to work on /opt/airflow/dags/db_and_model_update_dag.py
[2026-03-23T13:36:45.067+0000] {processor.py:914} INFO - Processing file /opt/airflow/dags/db_and_model_update_dag.py for tasks to queue
[2026-03-23T13:36:45.069+0000] {logging_mixin.py:190} INFO - [2026-03-23T13:36:45.069+0000] {dagbag.py:588} INFO - Filling up the DagBag from /opt/airflow/dags/db_and_model_update_dag.py
[2026-03-23T13:36:45.086+0000] {processor.py:925} INFO - DAG(s) 'db_and_model_update' retrieved from /opt/airflow/dags/db_and_model_update_dag.py
[2026-03-23T13:36:45.111+0000] {logging_mixin.py:190} INFO - [2026-03-23T13:36:45.110+0000] {dag.py:3239} INFO - Sync 1 DAGs
[2026-03-23T13:36:45.149+0000] {processor.py:208} INFO - Processing /opt/airflow/dags/db_and_model_update_dag.py took 0.088 seconds
[2026-03-23T13:37:15.396+0000] {processor.py:186} INFO - Started process (PID=525) to work on /opt/airflow/dags/db_and_model_update_dag.py
[2026-03-23T13:37:15.397+0000] {processor.py:914} INFO - Processing file /opt/airflow/dags/db_and_model_update_dag.py for tasks to queue
[2026-03-23T13:37:15.400+0000] {logging_mixin.py:190} INFO - [2026-03-23T13:37:15.400+0000] {dagbag.py:588} INFO - Filling up the DagBag from /opt/airflow/dags/db_and_model_update_dag.py
[2026-03-23T13:37:15.420+0000] {processor.py:925} INFO - DAG(s) 'db_and_model_update' retrieved from /opt/airflow/dags/db_and_model_update_dag.py
[2026-03-23T13:37:15.453+0000] {logging_mixin.py:190} INFO - [2026-03-23T13:37:15.453+0000] {dag.py:3239} INFO - Sync 1 DAGs
[2026-03-23T13:37:15.491+0000] {processor.py:208} INFO - Processing /opt/airflow/dags/db_and_model_update_dag.py took 0.102 seconds
[2026-03-23T13:37:45.633+0000] {processor.py:186} INFO - Started process (PID=543) to work on /opt/airflow/dags/db_and_model_update_dag.py
[2026-03-23T13:37:45.634+0000] {processor.py:914} INFO - Processing file /opt/airflow/dags/db_and_model_update_dag.py for tasks to queue
[2026-03-23T13:37:45.636+0000] {logging_mixin.py:190} INFO - [2026-03-23T13:37:45.636+0000] {dagbag.py:588} INFO - Filling up the DagBag from /opt/airflow/dags/db_and_model_update_dag.py
[2026-03-23T13:37:45.652+0000] {processor.py:925} INFO - DAG(s) 'db_and_model_update' retrieved from /opt/airflow/dags/db_and_model_update_dag.py
[2026-03-23T13:37:45.679+0000] {logging_mixin.py:190} INFO - [2026-03-23T13:37:45.679+0000] {dag.py:3239} INFO - Sync 1 DAGs
[2026-03-23T13:37:45.699+0000] {logging_mixin.py:190} INFO - [2026-03-23T13:37:45.699+0000] {dag.py:4180} INFO - Setting next_dagrun for db_and_model_update to 2026-03-16 14:00:00+00:00, run_after=2026-03-23 14:00:00+00:00
[2026-03-23T13:37:45.716+0000] {processor.py:208} INFO - Processing /opt/airflow/dags/db_and_model_update_dag.py took 0.089 seconds
[2026-03-23T13:38:15.978+0000] {processor.py:186} INFO - Started process (PID=553) to work on /opt/airflow/dags/db_and_model_update_dag.py
[2026-03-23T13:38:15.979+0000] {processor.py:914} INFO - Processing file /opt/airflow/dags/db_and_model_update_dag.py for tasks to queue
[2026-03-23T13:38:15.981+0000] {logging_mixin.py:190} INFO - [2026-03-23T13:38:15.981+0000] {dagbag.py:588} INFO - Filling up the DagBag from /opt/airflow/dags/db_and_model_update_dag.py
[2026-03-23T13:38:15.999+0000] {processor.py:925} INFO - DAG(s) 'db_and_model_update' retrieved from /opt/airflow/dags/db_and_model_update_dag.py
[2026-03-23T13:38:16.029+0000] {logging_mixin.py:190} INFO - [2026-03-23T13:38:16.029+0000] {dag.py:3239} INFO - Sync 1 DAGs
[2026-03-23T13:38:16.050+0000] {logging_mixin.py:190} INFO - [2026-03-23T13:38:16.050+0000] {dag.py:4180} INFO - Setting next_dagrun for db_and_model_update to 2026-03-16 14:00:00+00:00, run_after=2026-03-23 14:00:00+00:00
[2026-03-23T13:38:16.072+0000] {processor.py:208} INFO - Processing /opt/airflow/dags/db_and_model_update_dag.py took 0.100 seconds
[2026-03-23T13:38:46.223+0000] {processor.py:186} INFO - Started process (PID=563) to work on /opt/airflow/dags/db_and_model_update_dag.py
[2026-03-23T13:38:46.224+0000] {processor.py:914} INFO - Processing file /opt/airflow/dags/db_and_model_update_dag.py for tasks to queue
[2026-03-23T13:38:46.225+0000] {logging_mixin.py:190} INFO - [2026-03-23T13:38:46.225+0000] {dagbag.py:588} INFO - Filling up the DagBag from /opt/airflow/dags/db_and_model_update_dag.py
[2026-03-23T13:38:46.243+0000] {processor.py:925} INFO - DAG(s) 'db_and_model_update' retrieved from /opt/airflow/dags/db_and_model_update_dag.py
[2026-03-23T13:38:46.271+0000] {logging_mixin.py:190} INFO - [2026-03-23T13:38:46.270+0000] {dag.py:3239} INFO - Sync 1 DAGs
[2026-03-23T13:38:46.293+0000] {logging_mixin.py:190} INFO - [2026-03-23T13:38:46.293+0000] {dag.py:4180} INFO - Setting next_dagrun for db_and_model_update to 2026-03-16 14:00:00+00:00, run_after=2026-03-23 14:00:00+00:00
[2026-03-23T13:38:46.314+0000] {processor.py:208} INFO - Processing /opt/airflow/dags/db_and_model_update_dag.py took 0.096 seconds
[2026-03-23T13:39:16.519+0000] {processor.py:186} INFO - Started process (PID=573) to work on /opt/airflow/dags/db_and_model_update_dag.py
[2026-03-23T13:39:16.520+0000] {processor.py:914} INFO - Processing file /opt/airflow/dags/db_and_model_update_dag.py for tasks to queue
[2026-03-23T13:39:16.522+0000] {logging_mixin.py:190} INFO - [2026-03-23T13:39:16.522+0000] {dagbag.py:588} INFO - Filling up the DagBag from /opt/airflow/dags/db_and_model_update_dag.py
[2026-03-23T13:39:16.540+0000] {processor.py:925} INFO - DAG(s) 'db_and_model_update' retrieved from /opt/airflow/dags/db_and_model_update_dag.py
[2026-03-23T13:39:16.566+0000] {logging_mixin.py:190} INFO - [2026-03-23T13:39:16.566+0000] {dag.py:3239} INFO - Sync 1 DAGs
[2026-03-23T13:39:16.592+0000] {logging_mixin.py:190} INFO - [2026-03-23T13:39:16.592+0000] {dag.py:4180} INFO - Setting next_dagrun for db_and_model_update to 2026-03-16 14:00:00+00:00, run_after=2026-03-23 14:00:00+00:00
[2026-03-23T13:39:16.614+0000] {processor.py:208} INFO - Processing /opt/airflow/dags/db_and_model_update_dag.py took 0.101 seconds
[2026-03-23T13:39:46.770+0000] {processor.py:186} INFO - Started process (PID=583) to work on /opt/airflow/dags/db_and_model_update_dag.py
[2026-03-23T13:39:46.770+0000] {processor.py:914} INFO - Processing file /opt/airflow/dags/db_and_model_update_dag.py for tasks to queue
[2026-03-23T13:39:46.772+0000] {logging_mixin.py:190} INFO - [2026-03-23T13:39:46.772+0000] {dagbag.py:588} INFO - Filling up the DagBag from /opt/airflow/dags/db_and_model_update_dag.py
[2026-03-23T13:39:46.789+0000] {processor.py:925} INFO - DAG(s) 'db_and_model_update' retrieved from /opt/airflow/dags/db_and_model_update_dag.py
[2026-03-23T13:39:46.818+0000] {logging_mixin.py:190} INFO - [2026-03-23T13:39:46.818+0000] {dag.py:3239} INFO - Sync 1 DAGs
[2026-03-23T13:39:46.840+0000] {logging_mixin.py:190} INFO - [2026-03-23T13:39:46.840+0000] {dag.py:4180} INFO - Setting next_dagrun for db_and_model_update to 2026-03-16 14:00:00+00:00, run_after=2026-03-23 14:00:00+00:00
[2026-03-23T13:39:46.867+0000] {processor.py:208} INFO - Processing /opt/airflow/dags/db_and_model_update_dag.py took 0.103 seconds
[2026-03-23T13:40:17.075+0000] {processor.py:186} INFO - Started process (PID=593) to work on /opt/airflow/dags/db_and_model_update_dag.py
[2026-03-23T13:40:17.076+0000] {processor.py:914} INFO - Processing file /opt/airflow/dags/db_and_model_update_dag.py for tasks to queue
[2026-03-23T13:40:17.078+0000] {logging_mixin.py:190} INFO - [2026-03-23T13:40:17.077+0000] {dagbag.py:588} INFO - Filling up the DagBag from /opt/airflow/dags/db_and_model_update_dag.py
[2026-03-23T13:40:17.094+0000] {processor.py:925} INFO - DAG(s) 'db_and_model_update' retrieved from /opt/airflow/dags/db_and_model_update_dag.py
[2026-03-23T13:40:17.121+0000] {logging_mixin.py:190} INFO - [2026-03-23T13:40:17.121+0000] {dag.py:3239} INFO - Sync 1 DAGs
[2026-03-23T13:40:17.144+0000] {logging_mixin.py:190} INFO - [2026-03-23T13:40:17.143+0000] {dag.py:4180} INFO - Setting next_dagrun for db_and_model_update to 2026-03-16 14:00:00+00:00, run_after=2026-03-23 14:00:00+00:00
[2026-03-23T13:40:17.161+0000] {processor.py:208} INFO - Processing /opt/airflow/dags/db_and_model_update_dag.py took 0.092 seconds
[2026-03-23T13:40:47.317+0000] {processor.py:186} INFO - Started process (PID=603) to work on /opt/airflow/dags/db_and_model_update_dag.py
[2026-03-23T13:40:47.318+0000] {processor.py:914} INFO - Processing file /opt/airflow/dags/db_and_model_update_dag.py for tasks to queue
[2026-03-23T13:40:47.320+0000] {logging_mixin.py:190} INFO - [2026-03-23T13:40:47.320+0000] {dagbag.py:588} INFO - Filling up the DagBag from /opt/airflow/dags/db_and_model_update_dag.py
[2026-03-23T13:40:47.338+0000] {processor.py:925} INFO - DAG(s) 'db_and_model_update' retrieved from /opt/airflow/dags/db_and_model_update_dag.py
[2026-03-23T13:40:47.366+0000] {logging_mixin.py:190} INFO - [2026-03-23T13:40:47.366+0000] {dag.py:3239} INFO - Sync 1 DAGs
[2026-03-23T13:40:47.389+0000] {logging_mixin.py:190} INFO - [2026-03-23T13:40:47.389+0000] {dag.py:4180} INFO - Setting next_dagrun for db_and_model_update to 2026-03-16 14:00:00+00:00, run_after=2026-03-23 14:00:00+00:00
[2026-03-23T13:40:47.410+0000] {processor.py:208} INFO - Processing /opt/airflow/dags/db_and_model_update_dag.py took 0.100 seconds
[2026-03-23T13:41:17.648+0000] {processor.py:186} INFO - Started process (PID=613) to work on /opt/airflow/dags/db_and_model_update_dag.py
[2026-03-23T13:41:17.649+0000] {processor.py:914} INFO - Processing file /opt/airflow/dags/db_and_model_update_dag.py for tasks to queue
[2026-03-23T13:41:17.651+0000] {logging_mixin.py:190} INFO - [2026-03-23T13:41:17.651+0000] {dagbag.py:588} INFO - Filling up the DagBag from /opt/airflow/dags/db_and_model_update_dag.py
[2026-03-23T13:41:17.667+0000] {processor.py:925} INFO - DAG(s) 'db_and_model_update' retrieved from /opt/airflow/dags/db_and_model_update_dag.py
[2026-03-23T13:41:17.696+0000] {logging_mixin.py:190} INFO - [2026-03-23T13:41:17.696+0000] {dag.py:3239} INFO - Sync 1 DAGs
[2026-03-23T13:41:17.717+0000] {logging_mixin.py:190} INFO - [2026-03-23T13:41:17.717+0000] {dag.py:4180} INFO - Setting next_dagrun for db_and_model_update to 2026-03-16 14:00:00+00:00, run_after=2026-03-23 14:00:00+00:00
[2026-03-23T13:41:17.734+0000] {processor.py:208} INFO - Processing /opt/airflow/dags/db_and_model_update_dag.py took 0.091 seconds
[2026-03-23T13:41:47.897+0000] {processor.py:186} INFO - Started process (PID=623) to work on /opt/airflow/dags/db_and_model_update_dag.py
[2026-03-23T13:41:47.898+0000] {processor.py:914} INFO - Processing file /opt/airflow/dags/db_and_model_update_dag.py for tasks to queue
[2026-03-23T13:41:47.900+0000] {logging_mixin.py:190} INFO - [2026-03-23T13:41:47.900+0000] {dagbag.py:588} INFO - Filling up the DagBag from /opt/airflow/dags/db_and_model_update_dag.py
[2026-03-23T13:41:47.916+0000] {processor.py:925} INFO - DAG(s) 'db_and_model_update' retrieved from /opt/airflow/dags/db_and_model_update_dag.py
[2026-03-23T13:41:47.942+0000] {logging_mixin.py:190} INFO - [2026-03-23T13:41:47.942+0000] {dag.py:3239} INFO - Sync 1 DAGs
[2026-03-23T13:41:47.963+0000] {logging_mixin.py:190} INFO - [2026-03-23T13:41:47.963+0000] {dag.py:4180} INFO - Setting next_dagrun for db_and_model_update to 2026-03-16 14:00:00+00:00, run_after=2026-03-23 14:00:00+00:00
[2026-03-23T13:41:47.986+0000] {processor.py:208} INFO - Processing /opt/airflow/dags/db_and_model_update_dag.py took 0.095 seconds
[2026-03-23T13:42:18.252+0000] {processor.py:186} INFO - Started process (PID=633) to work on /opt/airflow/dags/db_and_model_update_dag.py
[2026-03-23T13:42:18.253+0000] {processor.py:914} INFO - Processing file /opt/airflow/dags/db_and_model_update_dag.py for tasks to queue
[2026-03-23T13:42:18.255+0000] {logging_mixin.py:190} INFO - [2026-03-23T13:42:18.255+0000] {dagbag.py:588} INFO - Filling up the DagBag from /opt/airflow/dags/db_and_model_update_dag.py
[2026-03-23T13:42:18.271+0000] {processor.py:925} INFO - DAG(s) 'db_and_model_update' retrieved from /opt/airflow/dags/db_and_model_update_dag.py
[2026-03-23T13:42:18.299+0000] {logging_mixin.py:190} INFO - [2026-03-23T13:42:18.299+0000] {dag.py:3239} INFO - Sync 1 DAGs
[2026-03-23T13:42:18.322+0000] {logging_mixin.py:190} INFO - [2026-03-23T13:42:18.322+0000] {dag.py:4180} INFO - Setting next_dagrun for db_and_model_update to 2026-03-16 14:00:00+00:00, run_after=2026-03-23 14:00:00+00:00
[2026-03-23T13:42:18.340+0000] {processor.py:208} INFO - Processing /opt/airflow/dags/db_and_model_update_dag.py took 0.093 seconds
[2026-03-23T13:42:48.495+0000] {processor.py:186} INFO - Started process (PID=643) to work on /opt/airflow/dags/db_and_model_update_dag.py
[2026-03-23T13:42:48.496+0000] {processor.py:914} INFO - Processing file /opt/airflow/dags/db_and_model_update_dag.py for tasks to queue
[2026-03-23T13:42:48.497+0000] {logging_mixin.py:190} INFO - [2026-03-23T13:42:48.497+0000] {dagbag.py:588} INFO - Filling up the DagBag from /opt/airflow/dags/db_and_model_update_dag.py
[2026-03-23T13:42:48.514+0000] {processor.py:925} INFO - DAG(s) 'db_and_model_update' retrieved from /opt/airflow/dags/db_and_model_update_dag.py
[2026-03-23T13:42:48.541+0000] {logging_mixin.py:190} INFO - [2026-03-23T13:42:48.540+0000] {dag.py:3239} INFO - Sync 1 DAGs
[2026-03-23T13:42:48.559+0000] {logging_mixin.py:190} INFO - [2026-03-23T13:42:48.559+0000] {dag.py:4180} INFO - Setting next_dagrun for db_and_model_update to 2026-03-16 14:00:00+00:00, run_after=2026-03-23 14:00:00+00:00
[2026-03-23T13:42:48.575+0000] {processor.py:208} INFO - Processing /opt/airflow/dags/db_and_model_update_dag.py took 0.086 seconds
[2026-03-23T13:43:18.844+0000] {processor.py:186} INFO - Started process (PID=653) to work on /opt/airflow/dags/db_and_model_update_dag.py
[2026-03-23T13:43:18.846+0000] {processor.py:914} INFO - Processing file /opt/airflow/dags/db_and_model_update_dag.py for tasks to queue
[2026-03-23T13:43:18.847+0000] {logging_mixin.py:190} INFO - [2026-03-23T13:43:18.847+0000] {dagbag.py:588} INFO - Filling up the DagBag from /opt/airflow/dags/db_and_model_update_dag.py
[2026-03-23T13:43:18.864+0000] {processor.py:925} INFO - DAG(s) 'db_and_model_update' retrieved from /opt/airflow/dags/db_and_model_update_dag.py
[2026-03-23T13:43:18.893+0000] {logging_mixin.py:190} INFO - [2026-03-23T13:43:18.892+0000] {dag.py:3239} INFO - Sync 1 DAGs
[2026-03-23T13:43:18.912+0000] {logging_mixin.py:190} INFO - [2026-03-23T13:43:18.912+0000] {dag.py:4180} INFO - Setting next_dagrun for db_and_model_update to 2026-03-16 14:00:00+00:00, run_after=2026-03-23 14:00:00+00:00
[2026-03-23T13:43:18.929+0000] {processor.py:208} INFO - Processing /opt/airflow/dags/db_and_model_update_dag.py took 0.090 seconds
[2026-03-23T13:43:49.092+0000] {processor.py:186} INFO - Started process (PID=663) to work on /opt/airflow/dags/db_and_model_update_dag.py
[2026-03-23T13:43:49.093+0000] {processor.py:914} INFO - Processing file /opt/airflow/dags/db_and_model_update_dag.py for tasks to queue
[2026-03-23T13:43:49.094+0000] {logging_mixin.py:190} INFO - [2026-03-23T13:43:49.094+0000] {dagbag.py:588} INFO - Filling up the DagBag from /opt/airflow/dags/db_and_model_update_dag.py
[2026-03-23T13:43:49.111+0000] {processor.py:925} INFO - DAG(s) 'db_and_model_update' retrieved from /opt/airflow/dags/db_and_model_update_dag.py
[2026-03-23T13:43:49.136+0000] {logging_mixin.py:190} INFO - [2026-03-23T13:43:49.136+0000] {dag.py:3239} INFO - Sync 1 DAGs
[2026-03-23T13:43:49.161+0000] {logging_mixin.py:190} INFO - [2026-03-23T13:43:49.160+0000] {dag.py:4180} INFO - Setting next_dagrun for db_and_model_update to 2026-03-16 14:00:00+00:00, run_after=2026-03-23 14:00:00+00:00
[2026-03-23T13:43:49.179+0000] {processor.py:208} INFO - Processing /opt/airflow/dags/db_and_model_update_dag.py took 0.093 seconds
[2026-03-23T13:44:19.388+0000] {processor.py:186} INFO - Started process (PID=673) to work on /opt/airflow/dags/db_and_model_update_dag.py
[2026-03-23T13:44:19.390+0000] {processor.py:914} INFO - Processing file /opt/airflow/dags/db_and_model_update_dag.py for tasks to queue
[2026-03-23T13:44:19.393+0000] {logging_mixin.py:190} INFO - [2026-03-23T13:44:19.392+0000] {dagbag.py:588} INFO - Filling up the DagBag from /opt/airflow/dags/db_and_model_update_dag.py
[2026-03-23T13:44:19.418+0000] {processor.py:925} INFO - DAG(s) 'db_and_model_update' retrieved from /opt/airflow/dags/db_and_model_update_dag.py
[2026-03-23T13:44:19.454+0000] {logging_mixin.py:190} INFO - [2026-03-23T13:44:19.453+0000] {dag.py:3239} INFO - Sync 1 DAGs
[2026-03-23T13:44:19.479+0000] {logging_mixin.py:190} INFO - [2026-03-23T13:44:19.479+0000] {dag.py:4180} INFO - Setting next_dagrun for db_and_model_update to 2026-03-16 14:00:00+00:00, run_after=2026-03-23 14:00:00+00:00
[2026-03-23T13:44:19.503+0000] {processor.py:208} INFO - Processing /opt/airflow/dags/db_and_model_update_dag.py took 0.123 seconds
[2026-03-23T13:44:49.784+0000] {processor.py:186} INFO - Started process (PID=683) to work on /opt/airflow/dags/db_and_model_update_dag.py
[2026-03-23T13:44:49.786+0000] {processor.py:914} INFO - Processing file /opt/airflow/dags/db_and_model_update_dag.py for tasks to queue
[2026-03-23T13:44:49.788+0000] {logging_mixin.py:190} INFO - [2026-03-23T13:44:49.788+0000] {dagbag.py:588} INFO - Filling up the DagBag from /opt/airflow/dags/db_and_model_update_dag.py
[2026-03-23T13:44:49.804+0000] {processor.py:925} INFO - DAG(s) 'db_and_model_update' retrieved from /opt/airflow/dags/db_and_model_update_dag.py
[2026-03-23T13:44:49.829+0000] {logging_mixin.py:190} INFO - [2026-03-23T13:44:49.829+0000] {dag.py:3239} INFO - Sync 1 DAGs
[2026-03-23T13:44:49.851+0000] {logging_mixin.py:190} INFO - [2026-03-23T13:44:49.850+0000] {dag.py:4180} INFO - Setting next_dagrun for db_and_model_update to 2026-03-16 14:00:00+00:00, run_after=2026-03-23 14:00:00+00:00
[2026-03-23T13:44:49.872+0000] {processor.py:208} INFO - Processing /opt/airflow/dags/db_and_model_update_dag.py took 0.094 seconds
[2026-03-23T13:45:20.038+0000] {processor.py:186} INFO - Started process (PID=693) to work on /opt/airflow/dags/db_and_model_update_dag.py
[2026-03-23T13:45:20.039+0000] {processor.py:914} INFO - Processing file /opt/airflow/dags/db_and_model_update_dag.py for tasks to queue
[2026-03-23T13:45:20.043+0000] {logging_mixin.py:190} INFO - [2026-03-23T13:45:20.042+0000] {dagbag.py:588} INFO - Filling up the DagBag from /opt/airflow/dags/db_and_model_update_dag.py
[2026-03-23T13:45:20.072+0000] {processor.py:925} INFO - DAG(s) 'db_and_model_update' retrieved from /opt/airflow/dags/db_and_model_update_dag.py
[2026-03-23T13:45:20.147+0000] {logging_mixin.py:190} INFO - [2026-03-23T13:45:20.147+0000] {dag.py:3239} INFO - Sync 1 DAGs
[2026-03-23T13:45:20.213+0000] {logging_mixin.py:190} INFO - [2026-03-23T13:45:20.213+0000] {dag.py:4180} INFO - Setting next_dagrun for db_and_model_update to 2026-03-16 14:00:00+00:00, run_after=2026-03-23 14:00:00+00:00
[2026-03-23T13:45:20.253+0000] {processor.py:208} INFO - Processing /opt/airflow/dags/db_and_model_update_dag.py took 0.224 seconds
[2026-03-23T13:45:50.523+0000] {processor.py:186} INFO - Started process (PID=703) to work on /opt/airflow/dags/db_and_model_update_dag.py
[2026-03-23T13:45:50.524+0000] {processor.py:914} INFO - Processing file /opt/airflow/dags/db_and_model_update_dag.py for tasks to queue
[2026-03-23T13:45:50.526+0000] {logging_mixin.py:190} INFO - [2026-03-23T13:45:50.526+0000] {dagbag.py:588} INFO - Filling up the DagBag from /opt/airflow/dags/db_and_model_update_dag.py
[2026-03-23T13:45:50.556+0000] {processor.py:925} INFO - DAG(s) 'db_and_model_update' retrieved from /opt/airflow/dags/db_and_model_update_dag.py
[2026-03-23T13:45:50.590+0000] {logging_mixin.py:190} INFO - [2026-03-23T13:45:50.589+0000] {dag.py:3239} INFO - Sync 1 DAGs
[2026-03-23T13:45:50.610+0000] {logging_mixin.py:190} INFO - [2026-03-23T13:45:50.610+0000] {dag.py:4180} INFO - Setting next_dagrun for db_and_model_update to 2026-03-16 14:00:00+00:00, run_after=2026-03-23 14:00:00+00:00
[2026-03-23T13:45:50.627+0000] {processor.py:208} INFO - Processing /opt/airflow/dags/db_and_model_update_dag.py took 0.110 seconds
[2026-03-23T13:46:20.792+0000] {processor.py:186} INFO - Started process (PID=713) to work on /opt/airflow/dags/db_and_model_update_dag.py
[2026-03-23T13:46:20.793+0000] {processor.py:914} INFO - Processing file /opt/airflow/dags/db_and_model_update_dag.py for tasks to queue
[2026-03-23T13:46:20.795+0000] {logging_mixin.py:190} INFO - [2026-03-23T13:46:20.795+0000] {dagbag.py:588} INFO - Filling up the DagBag from /opt/airflow/dags/db_and_model_update_dag.py
[2026-03-23T13:46:20.814+0000] {processor.py:925} INFO - DAG(s) 'db_and_model_update' retrieved from /opt/airflow/dags/db_and_model_update_dag.py
[2026-03-23T13:46:20.840+0000] {logging_mixin.py:190} INFO - [2026-03-23T13:46:20.840+0000] {dag.py:3239} INFO - Sync 1 DAGs
[2026-03-23T13:46:20.861+0000] {logging_mixin.py:190} INFO - [2026-03-23T13:46:20.861+0000] {dag.py:4180} INFO - Setting next_dagrun for db_and_model_update to 2026-03-16 14:00:00+00:00, run_after=2026-03-23 14:00:00+00:00
[2026-03-23T13:46:20.877+0000] {processor.py:208} INFO - Processing /opt/airflow/dags/db_and_model_update_dag.py took 0.092 seconds
[2026-03-23T13:46:51.140+0000] {processor.py:186} INFO - Started process (PID=723) to work on /opt/airflow/dags/db_and_model_update_dag.py
[2026-03-23T13:46:51.141+0000] {processor.py:914} INFO - Processing file /opt/airflow/dags/db_and_model_update_dag.py for tasks to queue
[2026-03-23T13:46:51.143+0000] {logging_mixin.py:190} INFO - [2026-03-23T13:46:51.143+0000] {dagbag.py:588} INFO - Filling up the DagBag from /opt/airflow/dags/db_and_model_update_dag.py
[2026-03-23T13:46:51.159+0000] {processor.py:925} INFO - DAG(s) 'db_and_model_update' retrieved from /opt/airflow/dags/db_and_model_update_dag.py
[2026-03-23T13:46:51.189+0000] {logging_mixin.py:190} INFO - [2026-03-23T13:46:51.189+0000] {dag.py:3239} INFO - Sync 1 DAGs
[2026-03-23T13:46:51.211+0000] {logging_mixin.py:190} INFO - [2026-03-23T13:46:51.211+0000] {dag.py:4180} INFO - Setting next_dagrun for db_and_model_update to 2026-03-16 14:00:00+00:00, run_after=2026-03-23 14:00:00+00:00
[2026-03-23T13:46:51.234+0000] {processor.py:208} INFO - Processing /opt/airflow/dags/db_and_model_update_dag.py took 0.100 seconds
[2026-03-23T13:47:21.385+0000] {processor.py:186} INFO - Started process (PID=733) to work on /opt/airflow/dags/db_and_model_update_dag.py
[2026-03-23T13:47:21.386+0000] {processor.py:914} INFO - Processing file /opt/airflow/dags/db_and_model_update_dag.py for tasks to queue
[2026-03-23T13:47:21.388+0000] {logging_mixin.py:190} INFO - [2026-03-23T13:47:21.387+0000] {dagbag.py:588} INFO - Filling up the DagBag from /opt/airflow/dags/db_and_model_update_dag.py
[2026-03-23T13:47:21.403+0000] {processor.py:925} INFO - DAG(s) 'db_and_model_update' retrieved from /opt/airflow/dags/db_and_model_update_dag.py
[2026-03-23T13:47:21.428+0000] {logging_mixin.py:190} INFO - [2026-03-23T13:47:21.428+0000] {dag.py:3239} INFO - Sync 1 DAGs
[2026-03-23T13:47:21.452+0000] {logging_mixin.py:190} INFO - [2026-03-23T13:47:21.452+0000] {dag.py:4180} INFO - Setting next_dagrun for db_and_model_update to 2026-03-16 14:00:00+00:00, run_after=2026-03-23 14:00:00+00:00
[2026-03-23T13:47:21.474+0000] {processor.py:208} INFO - Processing /opt/airflow/dags/db_and_model_update_dag.py took 0.094 seconds
[2026-03-23T13:47:51.739+0000] {processor.py:186} INFO - Started process (PID=743) to work on /opt/airflow/dags/db_and_model_update_dag.py
[2026-03-23T13:47:51.740+0000] {processor.py:914} INFO - Processing file /opt/airflow/dags/db_and_model_update_dag.py for tasks to queue
[2026-03-23T13:47:51.742+0000] {logging_mixin.py:190} INFO - [2026-03-23T13:47:51.742+0000] {dagbag.py:588} INFO - Filling up the DagBag from /opt/airflow/dags/db_and_model_update_dag.py
[2026-03-23T13:47:51.758+0000] {processor.py:925} INFO - DAG(s) 'db_and_model_update' retrieved from /opt/airflow/dags/db_and_model_update_dag.py
[2026-03-23T13:47:51.785+0000] {logging_mixin.py:190} INFO - [2026-03-23T13:47:51.785+0000] {dag.py:3239} INFO - Sync 1 DAGs
[2026-03-23T13:47:51.807+0000] {logging_mixin.py:190} INFO - [2026-03-23T13:47:51.806+0000] {dag.py:4180} INFO - Setting next_dagrun for db_and_model_update to 2026-03-16 14:00:00+00:00, run_after=2026-03-23 14:00:00+00:00
[2026-03-23T13:47:51.827+0000] {processor.py:208} INFO - Processing /opt/airflow/dags/db_and_model_update_dag.py took 0.094 seconds
[2026-03-23T13:48:21.976+0000] {processor.py:186} INFO - Started process (PID=753) to work on /opt/airflow/dags/db_and_model_update_dag.py
[2026-03-23T13:48:21.977+0000] {processor.py:914} INFO - Processing file /opt/airflow/dags/db_and_model_update_dag.py for tasks to queue
[2026-03-23T13:48:21.979+0000] {logging_mixin.py:190} INFO - [2026-03-23T13:48:21.978+0000] {dagbag.py:588} INFO - Filling up the DagBag from /opt/airflow/dags/db_and_model_update_dag.py
[2026-03-23T13:48:21.995+0000] {processor.py:925} INFO - DAG(s) 'db_and_model_update' retrieved from /opt/airflow/dags/db_and_model_update_dag.py
[2026-03-23T13:48:22.022+0000] {logging_mixin.py:190} INFO - [2026-03-23T13:48:22.022+0000] {dag.py:3239} INFO - Sync 1 DAGs
[2026-03-23T13:48:22.043+0000] {logging_mixin.py:190} INFO - [2026-03-23T13:48:22.043+0000] {dag.py:4180} INFO - Setting next_dagrun for db_and_model_update to 2026-03-16 14:00:00+00:00, run_after=2026-03-23 14:00:00+00:00
[2026-03-23T13:48:22.064+0000] {processor.py:208} INFO - Processing /opt/airflow/dags/db_and_model_update_dag.py took 0.093 seconds
[2026-03-23T13:48:52.266+0000] {processor.py:186} INFO - Started process (PID=763) to work on /opt/airflow/dags/db_and_model_update_dag.py
[2026-03-23T13:48:52.267+0000] {processor.py:914} INFO - Processing file /opt/airflow/dags/db_and_model_update_dag.py for tasks to queue
[2026-03-23T13:48:52.269+0000] {logging_mixin.py:190} INFO - [2026-03-23T13:48:52.269+0000] {dagbag.py:588} INFO - Filling up the DagBag from /opt/airflow/dags/db_and_model_update_dag.py
[2026-03-23T13:48:52.290+0000] {processor.py:925} INFO - DAG(s) 'db_and_model_update' retrieved from /opt/airflow/dags/db_and_model_update_dag.py
[2026-03-23T13:48:52.316+0000] {logging_mixin.py:190} INFO - [2026-03-23T13:48:52.316+0000] {dag.py:3239} INFO - Sync 1 DAGs
[2026-03-23T13:48:52.336+0000] {logging_mixin.py:190} INFO - [2026-03-23T13:48:52.336+0000] {dag.py:4180} INFO - Setting next_dagrun for db_and_model_update to 2026-03-16 14:00:00+00:00, run_after=2026-03-23 14:00:00+00:00
[2026-03-23T13:48:52.353+0000] {processor.py:208} INFO - Processing /opt/airflow/dags/db_and_model_update_dag.py took 0.093 seconds
[2026-03-23T13:49:22.502+0000] {processor.py:186} INFO - Started process (PID=773) to work on /opt/airflow/dags/db_and_model_update_dag.py
[2026-03-23T13:49:22.503+0000] {processor.py:914} INFO - Processing file /opt/airflow/dags/db_and_model_update_dag.py for tasks to queue
[2026-03-23T13:49:22.505+0000] {logging_mixin.py:190} INFO - [2026-03-23T13:49:22.504+0000] {dagbag.py:588} INFO - Filling up the DagBag from /opt/airflow/dags/db_and_model_update_dag.py
[2026-03-23T13:49:22.521+0000] {processor.py:925} INFO - DAG(s) 'db_and_model_update' retrieved from /opt/airflow/dags/db_and_model_update_dag.py
[2026-03-23T13:49:22.546+0000] {logging_mixin.py:190} INFO - [2026-03-23T13:49:22.546+0000] {dag.py:3239} INFO - Sync 1 DAGs
[2026-03-23T13:49:22.569+0000] {logging_mixin.py:190} INFO - [2026-03-23T13:49:22.568+0000] {dag.py:4180} INFO - Setting next_dagrun for db_and_model_update to 2026-03-16 14:00:00+00:00, run_after=2026-03-23 14:00:00+00:00
[2026-03-23T13:49:22.588+0000] {processor.py:208} INFO - Processing /opt/airflow/dags/db_and_model_update_dag.py took 0.092 seconds
[2026-03-23T13:49:52.805+0000] {processor.py:186} INFO - Started process (PID=783) to work on /opt/airflow/dags/db_and_model_update_dag.py
[2026-03-23T13:49:52.806+0000] {processor.py:914} INFO - Processing file /opt/airflow/dags/db_and_model_update_dag.py for tasks to queue
[2026-03-23T13:49:52.808+0000] {logging_mixin.py:190} INFO - [2026-03-23T13:49:52.808+0000] {dagbag.py:588} INFO - Filling up the DagBag from /opt/airflow/dags/db_and_model_update_dag.py
[2026-03-23T13:49:52.824+0000] {processor.py:925} INFO - DAG(s) 'db_and_model_update' retrieved from /opt/airflow/dags/db_and_model_update_dag.py
[2026-03-23T13:49:52.852+0000] {logging_mixin.py:190} INFO - [2026-03-23T13:49:52.852+0000] {dag.py:3239} INFO - Sync 1 DAGs
[2026-03-23T13:49:52.873+0000] {logging_mixin.py:190} INFO - [2026-03-23T13:49:52.873+0000] {dag.py:4180} INFO - Setting next_dagrun for db_and_model_update to 2026-03-16 14:00:00+00:00, run_after=2026-03-23 14:00:00+00:00
[2026-03-23T13:49:52.890+0000] {processor.py:208} INFO - Processing /opt/airflow/dags/db_and_model_update_dag.py took 0.090 seconds
[2026-03-23T13:50:23.051+0000] {processor.py:186} INFO - Started process (PID=793) to work on /opt/airflow/dags/db_and_model_update_dag.py
[2026-03-23T13:50:23.052+0000] {processor.py:914} INFO - Processing file /opt/airflow/dags/db_and_model_update_dag.py for tasks to queue
[2026-03-23T13:50:23.054+0000] {logging_mixin.py:190} INFO - [2026-03-23T13:50:23.054+0000] {dagbag.py:588} INFO - Filling up the DagBag from /opt/airflow/dags/db_and_model_update_dag.py
[2026-03-23T13:50:23.071+0000] {processor.py:925} INFO - DAG(s) 'db_and_model_update' retrieved from /opt/airflow/dags/db_and_model_update_dag.py
[2026-03-23T13:50:23.096+0000] {logging_mixin.py:190} INFO - [2026-03-23T13:50:23.096+0000] {dag.py:3239} INFO - Sync 1 DAGs
[2026-03-23T13:50:23.117+0000] {logging_mixin.py:190} INFO - [2026-03-23T13:50:23.117+0000] {dag.py:4180} INFO - Setting next_dagrun for db_and_model_update to 2026-03-16 14:00:00+00:00, run_after=2026-03-23 14:00:00+00:00
[2026-03-23T13:50:23.139+0000] {processor.py:208} INFO - Processing /opt/airflow/dags/db_and_model_update_dag.py took 0.093 seconds
[2026-03-23T13:50:53.359+0000] {processor.py:186} INFO - Started process (PID=803) to work on /opt/airflow/dags/db_and_model_update_dag.py
[2026-03-23T13:50:53.360+0000] {processor.py:914} INFO - Processing file /opt/airflow/dags/db_and_model_update_dag.py for tasks to queue
[2026-03-23T13:50:53.363+0000] {logging_mixin.py:190} INFO - [2026-03-23T13:50:53.362+0000] {dagbag.py:588} INFO - Filling up the DagBag from /opt/airflow/dags/db_and_model_update_dag.py
[2026-03-23T13:50:53.377+0000] {processor.py:925} INFO - DAG(s) 'db_and_model_update' retrieved from /opt/airflow/dags/db_and_model_update_dag.py
[2026-03-23T13:50:53.402+0000] {logging_mixin.py:190} INFO - [2026-03-23T13:50:53.402+0000] {dag.py:3239} INFO - Sync 1 DAGs
[2026-03-23T13:50:53.424+0000] {logging_mixin.py:190} INFO - [2026-03-23T13:50:53.424+0000] {dag.py:4180} INFO - Setting next_dagrun for db_and_model_update to 2026-03-16 14:00:00+00:00, run_after=2026-03-23 14:00:00+00:00
[2026-03-23T13:50:53.445+0000] {processor.py:208} INFO - Processing /opt/airflow/dags/db_and_model_update_dag.py took 0.092 seconds
[2026-03-23T13:51:23.638+0000] {processor.py:186} INFO - Started process (PID=813) to work on /opt/airflow/dags/db_and_model_update_dag.py
[2026-03-23T13:51:23.639+0000] {processor.py:914} INFO - Processing file /opt/airflow/dags/db_and_model_update_dag.py for tasks to queue
[2026-03-23T13:51:23.641+0000] {logging_mixin.py:190} INFO - [2026-03-23T13:51:23.641+0000] {dagbag.py:588} INFO - Filling up the DagBag from /opt/airflow/dags/db_and_model_update_dag.py
[2026-03-23T13:51:23.657+0000] {processor.py:925} INFO - DAG(s) 'db_and_model_update' retrieved from /opt/airflow/dags/db_and_model_update_dag.py
[2026-03-23T13:51:23.684+0000] {logging_mixin.py:190} INFO - [2026-03-23T13:51:23.684+0000] {dag.py:3239} INFO - Sync 1 DAGs
[2026-03-23T13:51:23.705+0000] {logging_mixin.py:190} INFO - [2026-03-23T13:51:23.705+0000] {dag.py:4180} INFO - Setting next_dagrun for db_and_model_update to 2026-03-16 14:00:00+00:00, run_after=2026-03-23 14:00:00+00:00
[2026-03-23T13:51:23.724+0000] {processor.py:208} INFO - Processing /opt/airflow/dags/db_and_model_update_dag.py took 0.092 seconds
[2026-03-23T13:51:53.898+0000] {processor.py:186} INFO - Started process (PID=823) to work on /opt/airflow/dags/db_and_model_update_dag.py
[2026-03-23T13:51:53.899+0000] {processor.py:914} INFO - Processing file /opt/airflow/dags/db_and_model_update_dag.py for tasks to queue
[2026-03-23T13:51:53.901+0000] {logging_mixin.py:190} INFO - [2026-03-23T13:51:53.901+0000] {dagbag.py:588} INFO - Filling up the DagBag from /opt/airflow/dags/db_and_model_update_dag.py
[2026-03-23T13:51:53.917+0000] {processor.py:925} INFO - DAG(s) 'db_and_model_update' retrieved from /opt/airflow/dags/db_and_model_update_dag.py
[2026-03-23T13:51:53.945+0000] {logging_mixin.py:190} INFO - [2026-03-23T13:51:53.945+0000] {dag.py:3239} INFO - Sync 1 DAGs
[2026-03-23T13:51:53.965+0000] {logging_mixin.py:190} INFO - [2026-03-23T13:51:53.965+0000] {dag.py:4180} INFO - Setting next_dagrun for db_and_model_update to 2026-03-16 14:00:00+00:00, run_after=2026-03-23 14:00:00+00:00
[2026-03-23T13:51:53.982+0000] {processor.py:208} INFO - Processing /opt/airflow/dags/db_and_model_update_dag.py took 0.090 seconds
[2026-03-23T13:52:24.172+0000] {processor.py:186} INFO - Started process (PID=833) to work on /opt/airflow/dags/db_and_model_update_dag.py
[2026-03-23T13:52:24.173+0000] {processor.py:914} INFO - Processing file /opt/airflow/dags/db_and_model_update_dag.py for tasks to queue
[2026-03-23T13:52:24.175+0000] {logging_mixin.py:190} INFO - [2026-03-23T13:52:24.175+0000] {dagbag.py:588} INFO - Filling up the DagBag from /opt/airflow/dags/db_and_model_update_dag.py
[2026-03-23T13:52:24.193+0000] {processor.py:925} INFO - DAG(s) 'db_and_model_update' retrieved from /opt/airflow/dags/db_and_model_update_dag.py
[2026-03-23T13:52:24.219+0000] {logging_mixin.py:190} INFO - [2026-03-23T13:52:24.218+0000] {dag.py:3239} INFO - Sync 1 DAGs
[2026-03-23T13:52:24.241+0000] {logging_mixin.py:190} INFO - [2026-03-23T13:52:24.240+0000] {dag.py:4180} INFO - Setting next_dagrun for db_and_model_update to 2026-03-16 14:00:00+00:00, run_after=2026-03-23 14:00:00+00:00
[2026-03-23T13:52:24.258+0000] {processor.py:208} INFO - Processing /opt/airflow/dags/db_and_model_update_dag.py took 0.092 seconds
[2026-03-23T13:52:54.448+0000] {processor.py:186} INFO - Started process (PID=843) to work on /opt/airflow/dags/db_and_model_update_dag.py
[2026-03-23T13:52:54.450+0000] {processor.py:914} INFO - Processing file /opt/airflow/dags/db_and_model_update_dag.py for tasks to queue
[2026-03-23T13:52:54.452+0000] {logging_mixin.py:190} INFO - [2026-03-23T13:52:54.452+0000] {dagbag.py:588} INFO - Filling up the DagBag from /opt/airflow/dags/db_and_model_update_dag.py
[2026-03-23T13:52:54.468+0000] {processor.py:925} INFO - DAG(s) 'db_and_model_update' retrieved from /opt/airflow/dags/db_and_model_update_dag.py
[2026-03-23T13:52:54.495+0000] {logging_mixin.py:190} INFO - [2026-03-23T13:52:54.495+0000] {dag.py:3239} INFO - Sync 1 DAGs
[2026-03-23T13:52:54.513+0000] {logging_mixin.py:190} INFO - [2026-03-23T13:52:54.513+0000] {dag.py:4180} INFO - Setting next_dagrun for db_and_model_update to 2026-03-16 14:00:00+00:00, run_after=2026-03-23 14:00:00+00:00
[2026-03-23T13:52:54.533+0000] {processor.py:208} INFO - Processing /opt/airflow/dags/db_and_model_update_dag.py took 0.091 seconds
[2026-03-23T13:53:24.803+0000] {processor.py:186} INFO - Started process (PID=853) to work on /opt/airflow/dags/db_and_model_update_dag.py
[2026-03-23T13:53:24.804+0000] {processor.py:914} INFO - Processing file /opt/airflow/dags/db_and_model_update_dag.py for tasks to queue
[2026-03-23T13:53:24.806+0000] {logging_mixin.py:190} INFO - [2026-03-23T13:53:24.806+0000] {dagbag.py:588} INFO - Filling up the DagBag from /opt/airflow/dags/db_and_model_update_dag.py
[2026-03-23T13:53:24.822+0000] {processor.py:925} INFO - DAG(s) 'db_and_model_update' retrieved from /opt/airflow/dags/db_and_model_update_dag.py
[2026-03-23T13:53:24.850+0000] {logging_mixin.py:190} INFO - [2026-03-23T13:53:24.850+0000] {dag.py:3239} INFO - Sync 1 DAGs
[2026-03-23T13:53:24.868+0000] {logging_mixin.py:190} INFO - [2026-03-23T13:53:24.868+0000] {dag.py:4180} INFO - Setting next_dagrun for db_and_model_update to 2026-03-16 14:00:00+00:00, run_after=2026-03-23 14:00:00+00:00
[2026-03-23T13:53:24.884+0000] {processor.py:208} INFO - Processing /opt/airflow/dags/db_and_model_update_dag.py took 0.087 seconds
[2026-03-23T13:53:55.046+0000] {processor.py:186} INFO - Started process (PID=863) to work on /opt/airflow/dags/db_and_model_update_dag.py
[2026-03-23T13:53:55.047+0000] {processor.py:914} INFO - Processing file /opt/airflow/dags/db_and_model_update_dag.py for tasks to queue
[2026-03-23T13:53:55.048+0000] {logging_mixin.py:190} INFO - [2026-03-23T13:53:55.048+0000] {dagbag.py:588} INFO - Filling up the DagBag from /opt/airflow/dags/db_and_model_update_dag.py
[2026-03-23T13:53:55.066+0000] {processor.py:925} INFO - DAG(s) 'db_and_model_update' retrieved from /opt/airflow/dags/db_and_model_update_dag.py
[2026-03-23T13:53:55.091+0000] {logging_mixin.py:190} INFO - [2026-03-23T13:53:55.091+0000] {dag.py:3239} INFO - Sync 1 DAGs
[2026-03-23T13:53:55.111+0000] {logging_mixin.py:190} INFO - [2026-03-23T13:53:55.111+0000] {dag.py:4180} INFO - Setting next_dagrun for db_and_model_update to 2026-03-16 14:00:00+00:00, run_after=2026-03-23 14:00:00+00:00
[2026-03-23T13:53:55.131+0000] {processor.py:208} INFO - Processing /opt/airflow/dags/db_and_model_update_dag.py took 0.091 seconds
[2026-03-23T13:54:25.326+0000] {processor.py:186} INFO - Started process (PID=873) to work on /opt/airflow/dags/db_and_model_update_dag.py
[2026-03-23T13:54:25.327+0000] {processor.py:914} INFO - Processing file /opt/airflow/dags/db_and_model_update_dag.py for tasks to queue
[2026-03-23T13:54:25.329+0000] {logging_mixin.py:190} INFO - [2026-03-23T13:54:25.329+0000] {dagbag.py:588} INFO - Filling up the DagBag from /opt/airflow/dags/db_and_model_update_dag.py
[2026-03-23T13:54:25.345+0000] {processor.py:925} INFO - DAG(s) 'db_and_model_update' retrieved from /opt/airflow/dags/db_and_model_update_dag.py
[2026-03-23T13:54:25.371+0000] {logging_mixin.py:190} INFO - [2026-03-23T13:54:25.371+0000] {dag.py:3239} INFO - Sync 1 DAGs
[2026-03-23T13:54:25.391+0000] {logging_mixin.py:190} INFO - [2026-03-23T13:54:25.391+0000] {dag.py:4180} INFO - Setting next_dagrun for db_and_model_update to 2026-03-16 14:00:00+00:00, run_after=2026-03-23 14:00:00+00:00
[2026-03-23T13:54:25.408+0000] {processor.py:208} INFO - Processing /opt/airflow/dags/db_and_model_update_dag.py took 0.088 seconds
[2026-03-23T13:54:55.573+0000] {processor.py:186} INFO - Started process (PID=883) to work on /opt/airflow/dags/db_and_model_update_dag.py
[2026-03-23T13:54:55.574+0000] {processor.py:914} INFO - Processing file /opt/airflow/dags/db_and_model_update_dag.py for tasks to queue
[2026-03-23T13:54:55.575+0000] {logging_mixin.py:190} INFO - [2026-03-23T13:54:55.575+0000] {dagbag.py:588} INFO - Filling up the DagBag from /opt/airflow/dags/db_and_model_update_dag.py
[2026-03-23T13:54:55.592+0000] {processor.py:925} INFO - DAG(s) 'db_and_model_update' retrieved from /opt/airflow/dags/db_and_model_update_dag.py
[2026-03-23T13:54:55.617+0000] {logging_mixin.py:190} INFO - [2026-03-23T13:54:55.616+0000] {dag.py:3239} INFO - Sync 1 DAGs
[2026-03-23T13:54:55.636+0000] {logging_mixin.py:190} INFO - [2026-03-23T13:54:55.636+0000] {dag.py:4180} INFO - Setting next_dagrun for db_and_model_update to 2026-03-16 14:00:00+00:00, run_after=2026-03-23 14:00:00+00:00
[2026-03-23T13:54:55.659+0000] {processor.py:208} INFO - Processing /opt/airflow/dags/db_and_model_update_dag.py took 0.092 seconds
[2026-03-23T13:55:25.928+0000] {processor.py:186} INFO - Started process (PID=893) to work on /opt/airflow/dags/db_and_model_update_dag.py
[2026-03-23T13:55:25.929+0000] {processor.py:914} INFO - Processing file /opt/airflow/dags/db_and_model_update_dag.py for tasks to queue
[2026-03-23T13:55:25.931+0000] {logging_mixin.py:190} INFO - [2026-03-23T13:55:25.931+0000] {dagbag.py:588} INFO - Filling up the DagBag from /opt/airflow/dags/db_and_model_update_dag.py
[2026-03-23T13:55:25.949+0000] {processor.py:925} INFO - DAG(s) 'db_and_model_update' retrieved from /opt/airflow/dags/db_and_model_update_dag.py
[2026-03-23T13:55:25.973+0000] {logging_mixin.py:190} INFO - [2026-03-23T13:55:25.973+0000] {dag.py:3239} INFO - Sync 1 DAGs
[2026-03-23T13:55:25.993+0000] {logging_mixin.py:190} INFO - [2026-03-23T13:55:25.993+0000] {dag.py:4180} INFO - Setting next_dagrun for db_and_model_update to 2026-03-16 14:00:00+00:00, run_after=2026-03-23 14:00:00+00:00
[2026-03-23T13:55:26.016+0000] {processor.py:208} INFO - Processing /opt/airflow/dags/db_and_model_update_dag.py took 0.094 seconds
[2026-03-23T13:55:56.287+0000] {processor.py:186} INFO - Started process (PID=903) to work on /opt/airflow/dags/db_and_model_update_dag.py
[2026-03-23T13:55:56.288+0000] {processor.py:914} INFO - Processing file /opt/airflow/dags/db_and_model_update_dag.py for tasks to queue
[2026-03-23T13:55:56.291+0000] {logging_mixin.py:190} INFO - [2026-03-23T13:55:56.291+0000] {dagbag.py:588} INFO - Filling up the DagBag from /opt/airflow/dags/db_and_model_update_dag.py
[2026-03-23T13:55:56.308+0000] {processor.py:925} INFO - DAG(s) 'db_and_model_update' retrieved from /opt/airflow/dags/db_and_model_update_dag.py
[2026-03-23T13:55:56.334+0000] {logging_mixin.py:190} INFO - [2026-03-23T13:55:56.334+0000] {dag.py:3239} INFO - Sync 1 DAGs
[2026-03-23T13:55:56.356+0000] {logging_mixin.py:190} INFO - [2026-03-23T13:55:56.356+0000] {dag.py:4180} INFO - Setting next_dagrun for db_and_model_update to 2026-03-16 14:00:00+00:00, run_after=2026-03-23 14:00:00+00:00
[2026-03-23T13:55:56.373+0000] {processor.py:208} INFO - Processing /opt/airflow/dags/db_and_model_update_dag.py took 0.092 seconds
[2026-03-23T13:56:26.667+0000] {processor.py:186} INFO - Started process (PID=913) to work on /opt/airflow/dags/db_and_model_update_dag.py
[2026-03-23T13:56:26.668+0000] {processor.py:914} INFO - Processing file /opt/airflow/dags/db_and_model_update_dag.py for tasks to queue
[2026-03-23T13:56:26.670+0000] {logging_mixin.py:190} INFO - [2026-03-23T13:56:26.670+0000] {dagbag.py:588} INFO - Filling up the DagBag from /opt/airflow/dags/db_and_model_update_dag.py
[2026-03-23T13:56:26.689+0000] {processor.py:925} INFO - DAG(s) 'db_and_model_update' retrieved from /opt/airflow/dags/db_and_model_update_dag.py
[2026-03-23T13:56:26.717+0000] {logging_mixin.py:190} INFO - [2026-03-23T13:56:26.717+0000] {dag.py:3239} INFO - Sync 1 DAGs
[2026-03-23T13:56:26.738+0000] {logging_mixin.py:190} INFO - [2026-03-23T13:56:26.738+0000] {dag.py:4180} INFO - Setting next_dagrun for db_and_model_update to 2026-03-16 14:00:00+00:00, run_after=2026-03-23 14:00:00+00:00
[2026-03-23T13:56:26.755+0000] {processor.py:208} INFO - Processing /opt/airflow/dags/db_and_model_update_dag.py took 0.093 seconds
[2026-03-23T13:56:56.915+0000] {processor.py:186} INFO - Started process (PID=923) to work on /opt/airflow/dags/db_and_model_update_dag.py
[2026-03-23T13:56:56.916+0000] {processor.py:914} INFO - Processing file /opt/airflow/dags/db_and_model_update_dag.py for tasks to queue
[2026-03-23T13:56:56.918+0000] {logging_mixin.py:190} INFO - [2026-03-23T13:56:56.917+0000] {dagbag.py:588} INFO - Filling up the DagBag from /opt/airflow/dags/db_and_model_update_dag.py
[2026-03-23T13:56:56.934+0000] {processor.py:925} INFO - DAG(s) 'db_and_model_update' retrieved from /opt/airflow/dags/db_and_model_update_dag.py
[2026-03-23T13:56:56.958+0000] {logging_mixin.py:190} INFO - [2026-03-23T13:56:56.958+0000] {dag.py:3239} INFO - Sync 1 DAGs
[2026-03-23T13:56:56.977+0000] {logging_mixin.py:190} INFO - [2026-03-23T13:56:56.977+0000] {dag.py:4180} INFO - Setting next_dagrun for db_and_model_update to 2026-03-16 14:00:00+00:00, run_after=2026-03-23 14:00:00+00:00
[2026-03-23T13:56:56.995+0000] {processor.py:208} INFO - Processing /opt/airflow/dags/db_and_model_update_dag.py took 0.086 seconds
[2026-03-23T13:57:27.258+0000] {processor.py:186} INFO - Started process (PID=933) to work on /opt/airflow/dags/db_and_model_update_dag.py
[2026-03-23T13:57:27.259+0000] {processor.py:914} INFO - Processing file /opt/airflow/dags/db_and_model_update_dag.py for tasks to queue
[2026-03-23T13:57:27.262+0000] {logging_mixin.py:190} INFO - [2026-03-23T13:57:27.262+0000] {dagbag.py:588} INFO - Filling up the DagBag from /opt/airflow/dags/db_and_model_update_dag.py
[2026-03-23T13:57:27.279+0000] {processor.py:925} INFO - DAG(s) 'db_and_model_update' retrieved from /opt/airflow/dags/db_and_model_update_dag.py
[2026-03-23T13:57:27.305+0000] {logging_mixin.py:190} INFO - [2026-03-23T13:57:27.305+0000] {dag.py:3239} INFO - Sync 1 DAGs
[2026-03-23T13:57:27.327+0000] {logging_mixin.py:190} INFO - [2026-03-23T13:57:27.327+0000] {dag.py:4180} INFO - Setting next_dagrun for db_and_model_update to 2026-03-16 14:00:00+00:00, run_after=2026-03-23 14:00:00+00:00
[2026-03-23T13:57:27.348+0000] {processor.py:208} INFO - Processing /opt/airflow/dags/db_and_model_update_dag.py took 0.097 seconds
[2026-03-23T13:57:57.509+0000] {processor.py:186} INFO - Started process (PID=943) to work on /opt/airflow/dags/db_and_model_update_dag.py
[2026-03-23T13:57:57.510+0000] {processor.py:914} INFO - Processing file /opt/airflow/dags/db_and_model_update_dag.py for tasks to queue
[2026-03-23T13:57:57.512+0000] {logging_mixin.py:190} INFO - [2026-03-23T13:57:57.512+0000] {dagbag.py:588} INFO - Filling up the DagBag from /opt/airflow/dags/db_and_model_update_dag.py
[2026-03-23T13:57:57.528+0000] {processor.py:925} INFO - DAG(s) 'db_and_model_update' retrieved from /opt/airflow/dags/db_and_model_update_dag.py
[2026-03-23T13:57:57.553+0000] {logging_mixin.py:190} INFO - [2026-03-23T13:57:57.553+0000] {dag.py:3239} INFO - Sync 1 DAGs
[2026-03-23T13:57:57.574+0000] {logging_mixin.py:190} INFO - [2026-03-23T13:57:57.574+0000] {dag.py:4180} INFO - Setting next_dagrun for db_and_model_update to 2026-03-16 14:00:00+00:00, run_after=2026-03-23 14:00:00+00:00
[2026-03-23T13:57:57.592+0000] {processor.py:208} INFO - Processing /opt/airflow/dags/db_and_model_update_dag.py took 0.089 seconds
[2026-03-23T13:58:27.821+0000] {processor.py:186} INFO - Started process (PID=953) to work on /opt/airflow/dags/db_and_model_update_dag.py
[2026-03-23T13:58:27.822+0000] {processor.py:914} INFO - Processing file /opt/airflow/dags/db_and_model_update_dag.py for tasks to queue
[2026-03-23T13:58:27.824+0000] {logging_mixin.py:190} INFO - [2026-03-23T13:58:27.824+0000] {dagbag.py:588} INFO - Filling up the DagBag from /opt/airflow/dags/db_and_model_update_dag.py
[2026-03-23T13:58:27.840+0000] {processor.py:925} INFO - DAG(s) 'db_and_model_update' retrieved from /opt/airflow/dags/db_and_model_update_dag.py
[2026-03-23T13:58:27.868+0000] {logging_mixin.py:190} INFO - [2026-03-23T13:58:27.868+0000] {dag.py:3239} INFO - Sync 1 DAGs
[2026-03-23T13:58:27.889+0000] {logging_mixin.py:190} INFO - [2026-03-23T13:58:27.889+0000] {dag.py:4180} INFO - Setting next_dagrun for db_and_model_update to 2026-03-16 14:00:00+00:00, run_after=2026-03-23 14:00:00+00:00
[2026-03-23T13:58:27.911+0000] {processor.py:208} INFO - Processing /opt/airflow/dags/db_and_model_update_dag.py took 0.095 seconds
[2026-03-23T13:58:58.071+0000] {processor.py:186} INFO - Started process (PID=963) to work on /opt/airflow/dags/db_and_model_update_dag.py
[2026-03-23T13:58:58.075+0000] {processor.py:914} INFO - Processing file /opt/airflow/dags/db_and_model_update_dag.py for tasks to queue
[2026-03-23T13:58:58.078+0000] {logging_mixin.py:190} INFO - [2026-03-23T13:58:58.077+0000] {dagbag.py:588} INFO - Filling up the DagBag from /opt/airflow/dags/db_and_model_update_dag.py
[2026-03-23T13:58:58.094+0000] {processor.py:925} INFO - DAG(s) 'db_and_model_update' retrieved from /opt/airflow/dags/db_and_model_update_dag.py
[2026-03-23T13:58:58.119+0000] {logging_mixin.py:190} INFO - [2026-03-23T13:58:58.119+0000] {dag.py:3239} INFO - Sync 1 DAGs
[2026-03-23T13:58:58.141+0000] {logging_mixin.py:190} INFO - [2026-03-23T13:58:58.140+0000] {dag.py:4180} INFO - Setting next_dagrun for db_and_model_update to 2026-03-16 14:00:00+00:00, run_after=2026-03-23 14:00:00+00:00
[2026-03-23T13:58:58.160+0000] {processor.py:208} INFO - Processing /opt/airflow/dags/db_and_model_update_dag.py took 0.095 seconds
[2026-03-23T13:59:28.366+0000] {processor.py:186} INFO - Started process (PID=973) to work on /opt/airflow/dags/db_and_model_update_dag.py
[2026-03-23T13:59:28.367+0000] {processor.py:914} INFO - Processing file /opt/airflow/dags/db_and_model_update_dag.py for tasks to queue
[2026-03-23T13:59:28.369+0000] {logging_mixin.py:190} INFO - [2026-03-23T13:59:28.369+0000] {dagbag.py:588} INFO - Filling up the DagBag from /opt/airflow/dags/db_and_model_update_dag.py
[2026-03-23T13:59:28.387+0000] {processor.py:925} INFO - DAG(s) 'db_and_model_update' retrieved from /opt/airflow/dags/db_and_model_update_dag.py
[2026-03-23T13:59:28.416+0000] {logging_mixin.py:190} INFO - [2026-03-23T13:59:28.416+0000] {dag.py:3239} INFO - Sync 1 DAGs
[2026-03-23T13:59:28.438+0000] {logging_mixin.py:190} INFO - [2026-03-23T13:59:28.438+0000] {dag.py:4180} INFO - Setting next_dagrun for db_and_model_update to 2026-03-16 14:00:00+00:00, run_after=2026-03-23 14:00:00+00:00
[2026-03-23T13:59:28.459+0000] {processor.py:208} INFO - Processing /opt/airflow/dags/db_and_model_update_dag.py took 0.101 seconds
[2026-03-23T13:59:58.614+0000] {processor.py:186} INFO - Started process (PID=983) to work on /opt/airflow/dags/db_and_model_update_dag.py
[2026-03-23T13:59:58.614+0000] {processor.py:914} INFO - Processing file /opt/airflow/dags/db_and_model_update_dag.py for tasks to queue
[2026-03-23T13:59:58.616+0000] {logging_mixin.py:190} INFO - [2026-03-23T13:59:58.616+0000] {dagbag.py:588} INFO - Filling up the DagBag from /opt/airflow/dags/db_and_model_update_dag.py
[2026-03-23T13:59:58.637+0000] {processor.py:925} INFO - DAG(s) 'db_and_model_update' retrieved from /opt/airflow/dags/db_and_model_update_dag.py
[2026-03-23T13:59:58.664+0000] {logging_mixin.py:190} INFO - [2026-03-23T13:59:58.664+0000] {dag.py:3239} INFO - Sync 1 DAGs
[2026-03-23T13:59:58.686+0000] {logging_mixin.py:190} INFO - [2026-03-23T13:59:58.685+0000] {dag.py:4180} INFO - Setting next_dagrun for db_and_model_update to 2026-03-16 14:00:00+00:00, run_after=2026-03-23 14:00:00+00:00
[2026-03-23T13:59:58.707+0000] {processor.py:208} INFO - Processing /opt/airflow/dags/db_and_model_update_dag.py took 0.099 seconds
[2026-03-23T14:00:28.924+0000] {processor.py:186} INFO - Started process (PID=1001) to work on /opt/airflow/dags/db_and_model_update_dag.py
[2026-03-23T14:00:28.925+0000] {processor.py:914} INFO - Processing file /opt/airflow/dags/db_and_model_update_dag.py for tasks to queue
[2026-03-23T14:00:28.927+0000] {logging_mixin.py:190} INFO - [2026-03-23T14:00:28.926+0000] {dagbag.py:588} INFO - Filling up the DagBag from /opt/airflow/dags/db_and_model_update_dag.py
[2026-03-23T14:00:28.943+0000] {processor.py:925} INFO - DAG(s) 'db_and_model_update' retrieved from /opt/airflow/dags/db_and_model_update_dag.py
[2026-03-23T14:00:28.967+0000] {logging_mixin.py:190} INFO - [2026-03-23T14:00:28.966+0000] {dag.py:3239} INFO - Sync 1 DAGs
[2026-03-23T14:00:29.001+0000] {processor.py:208} INFO - Processing /opt/airflow/dags/db_and_model_update_dag.py took 0.083 seconds
[2026-03-23T14:00:59.259+0000] {processor.py:186} INFO - Started process (PID=1011) to work on /opt/airflow/dags/db_and_model_update_dag.py
[2026-03-23T14:00:59.260+0000] {processor.py:914} INFO - Processing file /opt/airflow/dags/db_and_model_update_dag.py for tasks to queue
[2026-03-23T14:00:59.263+0000] {logging_mixin.py:190} INFO - [2026-03-23T14:00:59.263+0000] {dagbag.py:588} INFO - Filling up the DagBag from /opt/airflow/dags/db_and_model_update_dag.py
[2026-03-23T14:00:59.279+0000] {processor.py:925} INFO - DAG(s) 'db_and_model_update' retrieved from /opt/airflow/dags/db_and_model_update_dag.py
[2026-03-23T14:00:59.304+0000] {logging_mixin.py:190} INFO - [2026-03-23T14:00:59.304+0000] {dag.py:3239} INFO - Sync 1 DAGs
[2026-03-23T14:00:59.345+0000] {processor.py:208} INFO - Processing /opt/airflow/dags/db_and_model_update_dag.py took 0.092 seconds
[2026-03-23T14:01:29.527+0000] {processor.py:186} INFO - Started process (PID=1021) to work on /opt/airflow/dags/db_and_model_update_dag.py
[2026-03-23T14:01:29.528+0000] {processor.py:914} INFO - Processing file /opt/airflow/dags/db_and_model_update_dag.py for tasks to queue
[2026-03-23T14:01:29.530+0000] {logging_mixin.py:190} INFO - [2026-03-23T14:01:29.529+0000] {dagbag.py:588} INFO - Filling up the DagBag from /opt/airflow/dags/db_and_model_update_dag.py
[2026-03-23T14:01:29.550+0000] {processor.py:925} INFO - DAG(s) 'db_and_model_update' retrieved from /opt/airflow/dags/db_and_model_update_dag.py
[2026-03-23T14:01:29.579+0000] {logging_mixin.py:190} INFO - [2026-03-23T14:01:29.579+0000] {dag.py:3239} INFO - Sync 1 DAGs
[2026-03-23T14:01:29.623+0000] {processor.py:208} INFO - Processing /opt/airflow/dags/db_and_model_update_dag.py took 0.102 seconds
[2026-03-23T14:01:59.783+0000] {processor.py:186} INFO - Started process (PID=1031) to work on /opt/airflow/dags/db_and_model_update_dag.py
[2026-03-23T14:01:59.784+0000] {processor.py:914} INFO - Processing file /opt/airflow/dags/db_and_model_update_dag.py for tasks to queue
[2026-03-23T14:01:59.786+0000] {logging_mixin.py:190} INFO - [2026-03-23T14:01:59.785+0000] {dagbag.py:588} INFO - Filling up the DagBag from /opt/airflow/dags/db_and_model_update_dag.py
[2026-03-23T14:01:59.804+0000] {processor.py:925} INFO - DAG(s) 'db_and_model_update' retrieved from /opt/airflow/dags/db_and_model_update_dag.py
[2026-03-23T14:01:59.834+0000] {logging_mixin.py:190} INFO - [2026-03-23T14:01:59.834+0000] {dag.py:3239} INFO - Sync 1 DAGs
[2026-03-23T14:01:59.872+0000] {processor.py:208} INFO - Processing /opt/airflow/dags/db_and_model_update_dag.py took 0.095 seconds
[2026-03-23T14:02:30.155+0000] {processor.py:186} INFO - Started process (PID=1049) to work on /opt/airflow/dags/db_and_model_update_dag.py
[2026-03-23T14:02:30.156+0000] {processor.py:914} INFO - Processing file /opt/airflow/dags/db_and_model_update_dag.py for tasks to queue
[2026-03-23T14:02:30.158+0000] {logging_mixin.py:190} INFO - [2026-03-23T14:02:30.158+0000] {dagbag.py:588} INFO - Filling up the DagBag from /opt/airflow/dags/db_and_model_update_dag.py
[2026-03-23T14:02:30.174+0000] {processor.py:925} INFO - DAG(s) 'db_and_model_update' retrieved from /opt/airflow/dags/db_and_model_update_dag.py
[2026-03-23T14:02:30.199+0000] {logging_mixin.py:190} INFO - [2026-03-23T14:02:30.199+0000] {dag.py:3239} INFO - Sync 1 DAGs
[2026-03-23T14:02:30.238+0000] {processor.py:208} INFO - Processing /opt/airflow/dags/db_and_model_update_dag.py took 0.089 seconds
[2026-03-23T14:03:00.506+0000] {processor.py:186} INFO - Started process (PID=1059) to work on /opt/airflow/dags/db_and_model_update_dag.py
[2026-03-23T14:03:00.507+0000] {processor.py:914} INFO - Processing file /opt/airflow/dags/db_and_model_update_dag.py for tasks to queue
[2026-03-23T14:03:00.509+0000] {logging_mixin.py:190} INFO - [2026-03-23T14:03:00.509+0000] {dagbag.py:588} INFO - Filling up the DagBag from /opt/airflow/dags/db_and_model_update_dag.py
[2026-03-23T14:03:00.526+0000] {processor.py:925} INFO - DAG(s) 'db_and_model_update' retrieved from /opt/airflow/dags/db_and_model_update_dag.py
[2026-03-23T14:03:00.554+0000] {logging_mixin.py:190} INFO - [2026-03-23T14:03:00.554+0000] {dag.py:3239} INFO - Sync 1 DAGs
[2026-03-23T14:03:00.593+0000] {processor.py:208} INFO - Processing /opt/airflow/dags/db_and_model_update_dag.py took 0.092 seconds
[2026-03-23T14:03:30.864+0000] {processor.py:186} INFO - Started process (PID=1069) to work on /opt/airflow/dags/db_and_model_update_dag.py
[2026-03-23T14:03:30.865+0000] {processor.py:914} INFO - Processing file /opt/airflow/dags/db_and_model_update_dag.py for tasks to queue
[2026-03-23T14:03:30.867+0000] {logging_mixin.py:190} INFO - [2026-03-23T14:03:30.866+0000] {dagbag.py:588} INFO - Filling up the DagBag from /opt/airflow/dags/db_and_model_update_dag.py
[2026-03-23T14:03:30.884+0000] {processor.py:925} INFO - DAG(s) 'db_and_model_update' retrieved from /opt/airflow/dags/db_and_model_update_dag.py
[2026-03-23T14:03:30.912+0000] {logging_mixin.py:190} INFO - [2026-03-23T14:03:30.912+0000] {dag.py:3239} INFO - Sync 1 DAGs
[2026-03-23T14:03:30.953+0000] {processor.py:208} INFO - Processing /opt/airflow/dags/db_and_model_update_dag.py took 0.094 seconds
[2026-03-23T14:04:01.112+0000] {processor.py:186} INFO - Started process (PID=1079) to work on /opt/airflow/dags/db_and_model_update_dag.py
[2026-03-23T14:04:01.113+0000] {processor.py:914} INFO - Processing file /opt/airflow/dags/db_and_model_update_dag.py for tasks to queue
[2026-03-23T14:04:01.115+0000] {logging_mixin.py:190} INFO - [2026-03-23T14:04:01.115+0000] {dagbag.py:588} INFO - Filling up the DagBag from /opt/airflow/dags/db_and_model_update_dag.py
[2026-03-23T14:04:01.131+0000] {processor.py:925} INFO - DAG(s) 'db_and_model_update' retrieved from /opt/airflow/dags/db_and_model_update_dag.py
[2026-03-23T14:04:01.155+0000] {logging_mixin.py:190} INFO - [2026-03-23T14:04:01.155+0000] {dag.py:3239} INFO - Sync 1 DAGs
[2026-03-23T14:04:01.191+0000] {processor.py:208} INFO - Processing /opt/airflow/dags/db_and_model_update_dag.py took 0.084 seconds
[2026-03-23T14:04:31.456+0000] {processor.py:186} INFO - Started process (PID=1097) to work on /opt/airflow/dags/db_and_model_update_dag.py
[2026-03-23T14:04:31.457+0000] {processor.py:914} INFO - Processing file /opt/airflow/dags/db_and_model_update_dag.py for tasks to queue
[2026-03-23T14:04:31.459+0000] {logging_mixin.py:190} INFO - [2026-03-23T14:04:31.459+0000] {dagbag.py:588} INFO - Filling up the DagBag from /opt/airflow/dags/db_and_model_update_dag.py
[2026-03-23T14:04:31.475+0000] {processor.py:925} INFO - DAG(s) 'db_and_model_update' retrieved from /opt/airflow/dags/db_and_model_update_dag.py
[2026-03-23T14:04:31.501+0000] {logging_mixin.py:190} INFO - [2026-03-23T14:04:31.501+0000] {dag.py:3239} INFO - Sync 1 DAGs
[2026-03-23T14:04:31.523+0000] {logging_mixin.py:190} INFO - [2026-03-23T14:04:31.523+0000] {dag.py:4180} INFO - Setting next_dagrun for db_and_model_update to 2026-03-23 14:00:00+00:00, run_after=2026-03-30 14:00:00+00:00
[2026-03-23T14:04:31.540+0000] {processor.py:208} INFO - Processing /opt/airflow/dags/db_and_model_update_dag.py took 0.089 seconds
[2026-03-23T14:05:01.702+0000] {processor.py:186} INFO - Started process (PID=1107) to work on /opt/airflow/dags/db_and_model_update_dag.py
[2026-03-23T14:05:01.703+0000] {processor.py:914} INFO - Processing file /opt/airflow/dags/db_and_model_update_dag.py for tasks to queue
[2026-03-23T14:05:01.705+0000] {logging_mixin.py:190} INFO - [2026-03-23T14:05:01.704+0000] {dagbag.py:588} INFO - Filling up the DagBag from /opt/airflow/dags/db_and_model_update_dag.py
[2026-03-23T14:05:01.720+0000] {processor.py:925} INFO - DAG(s) 'db_and_model_update' retrieved from /opt/airflow/dags/db_and_model_update_dag.py
[2026-03-23T14:05:01.745+0000] {logging_mixin.py:190} INFO - [2026-03-23T14:05:01.745+0000] {dag.py:3239} INFO - Sync 1 DAGs
[2026-03-23T14:05:01.765+0000] {logging_mixin.py:190} INFO - [2026-03-23T14:05:01.765+0000] {dag.py:4180} INFO - Setting next_dagrun for db_and_model_update to 2026-03-23 14:00:00+00:00, run_after=2026-03-30 14:00:00+00:00
[2026-03-23T14:05:01.787+0000] {processor.py:208} INFO - Processing /opt/airflow/dags/db_and_model_update_dag.py took 0.091 seconds
[2026-03-23T14:05:31.986+0000] {processor.py:186} INFO - Started process (PID=1117) to work on /opt/airflow/dags/db_and_model_update_dag.py
[2026-03-23T14:05:31.987+0000] {processor.py:914} INFO - Processing file /opt/airflow/dags/db_and_model_update_dag.py for tasks to queue
[2026-03-23T14:05:31.989+0000] {logging_mixin.py:190} INFO - [2026-03-23T14:05:31.989+0000] {dagbag.py:588} INFO - Filling up the DagBag from /opt/airflow/dags/db_and_model_update_dag.py
[2026-03-23T14:05:32.005+0000] {processor.py:925} INFO - DAG(s) 'db_and_model_update' retrieved from /opt/airflow/dags/db_and_model_update_dag.py
[2026-03-23T14:05:32.034+0000] {logging_mixin.py:190} INFO - [2026-03-23T14:05:32.034+0000] {dag.py:3239} INFO - Sync 1 DAGs
[2026-03-23T14:05:32.054+0000] {logging_mixin.py:190} INFO - [2026-03-23T14:05:32.053+0000] {dag.py:4180} INFO - Setting next_dagrun for db_and_model_update to 2026-03-23 14:00:00+00:00, run_after=2026-03-30 14:00:00+00:00
[2026-03-23T14:05:32.069+0000] {processor.py:208} INFO - Processing /opt/airflow/dags/db_and_model_update_dag.py took 0.088 seconds
[2026-03-23T14:06:02.221+0000] {processor.py:186} INFO - Started process (PID=1127) to work on /opt/airflow/dags/db_and_model_update_dag.py
[2026-03-23T14:06:02.222+0000] {processor.py:914} INFO - Processing file /opt/airflow/dags/db_and_model_update_dag.py for tasks to queue
[2026-03-23T14:06:02.223+0000] {logging_mixin.py:190} INFO - [2026-03-23T14:06:02.223+0000] {dagbag.py:588} INFO - Filling up the DagBag from /opt/airflow/dags/db_and_model_update_dag.py
[2026-03-23T14:06:02.239+0000] {processor.py:925} INFO - DAG(s) 'db_and_model_update' retrieved from /opt/airflow/dags/db_and_model_update_dag.py
[2026-03-23T14:06:02.268+0000] {logging_mixin.py:190} INFO - [2026-03-23T14:06:02.268+0000] {dag.py:3239} INFO - Sync 1 DAGs
[2026-03-23T14:06:02.288+0000] {logging_mixin.py:190} INFO - [2026-03-23T14:06:02.288+0000] {dag.py:4180} INFO - Setting next_dagrun for db_and_model_update to 2026-03-23 14:00:00+00:00, run_after=2026-03-30 14:00:00+00:00
[2026-03-23T14:06:02.304+0000] {processor.py:208} INFO - Processing /opt/airflow/dags/db_and_model_update_dag.py took 0.089 seconds
[2026-03-23T14:06:32.583+0000] {processor.py:186} INFO - Started process (PID=1137) to work on /opt/airflow/dags/db_and_model_update_dag.py
[2026-03-23T14:06:32.585+0000] {processor.py:914} INFO - Processing file /opt/airflow/dags/db_and_model_update_dag.py for tasks to queue
[2026-03-23T14:06:32.587+0000] {logging_mixin.py:190} INFO - [2026-03-23T14:06:32.587+0000] {dagbag.py:588} INFO - Filling up the DagBag from /opt/airflow/dags/db_and_model_update_dag.py
[2026-03-23T14:06:32.606+0000] {processor.py:925} INFO - DAG(s) 'db_and_model_update' retrieved from /opt/airflow/dags/db_and_model_update_dag.py
[2026-03-23T14:06:32.641+0000] {logging_mixin.py:190} INFO - [2026-03-23T14:06:32.641+0000] {dag.py:3239} INFO - Sync 1 DAGs
[2026-03-23T14:06:32.665+0000] {logging_mixin.py:190} INFO - [2026-03-23T14:06:32.664+0000] {dag.py:4180} INFO - Setting next_dagrun for db_and_model_update to 2026-03-23 14:00:00+00:00, run_after=2026-03-30 14:00:00+00:00
[2026-03-23T14:06:32.688+0000] {processor.py:208} INFO - Processing /opt/airflow/dags/db_and_model_update_dag.py took 0.112 seconds
[2026-03-23T14:07:02.820+0000] {processor.py:186} INFO - Started process (PID=1147) to work on /opt/airflow/dags/db_and_model_update_dag.py
[2026-03-23T14:07:02.821+0000] {processor.py:914} INFO - Processing file /opt/airflow/dags/db_and_model_update_dag.py for tasks to queue
[2026-03-23T14:07:02.823+0000] {logging_mixin.py:190} INFO - [2026-03-23T14:07:02.823+0000] {dagbag.py:588} INFO - Filling up the DagBag from /opt/airflow/dags/db_and_model_update_dag.py
[2026-03-23T14:07:02.838+0000] {processor.py:925} INFO - DAG(s) 'db_and_model_update' retrieved from /opt/airflow/dags/db_and_model_update_dag.py
[2026-03-23T14:07:02.868+0000] {logging_mixin.py:190} INFO - [2026-03-23T14:07:02.868+0000] {dag.py:3239} INFO - Sync 1 DAGs
[2026-03-23T14:07:02.891+0000] {logging_mixin.py:190} INFO - [2026-03-23T14:07:02.890+0000] {dag.py:4180} INFO - Setting next_dagrun for db_and_model_update to 2026-03-23 14:00:00+00:00, run_after=2026-03-30 14:00:00+00:00
[2026-03-23T14:07:02.909+0000] {processor.py:208} INFO - Processing /opt/airflow/dags/db_and_model_update_dag.py took 0.094 seconds
[2026-03-23T14:07:33.177+0000] {processor.py:186} INFO - Started process (PID=1157) to work on /opt/airflow/dags/db_and_model_update_dag.py
[2026-03-23T14:07:33.178+0000] {processor.py:914} INFO - Processing file /opt/airflow/dags/db_and_model_update_dag.py for tasks to queue
[2026-03-23T14:07:33.180+0000] {logging_mixin.py:190} INFO - [2026-03-23T14:07:33.180+0000] {dagbag.py:588} INFO - Filling up the DagBag from /opt/airflow/dags/db_and_model_update_dag.py
[2026-03-23T14:07:33.197+0000] {processor.py:925} INFO - DAG(s) 'db_and_model_update' retrieved from /opt/airflow/dags/db_and_model_update_dag.py
[2026-03-23T14:07:33.223+0000] {logging_mixin.py:190} INFO - [2026-03-23T14:07:33.223+0000] {dag.py:3239} INFO - Sync 1 DAGs
[2026-03-23T14:07:33.245+0000] {logging_mixin.py:190} INFO - [2026-03-23T14:07:33.245+0000] {dag.py:4180} INFO - Setting next_dagrun for db_and_model_update to 2026-03-23 14:00:00+00:00, run_after=2026-03-30 14:00:00+00:00
[2026-03-23T14:07:33.265+0000] {processor.py:208} INFO - Processing /opt/airflow/dags/db_and_model_update_dag.py took 0.093 seconds
[2026-03-23T14:08:03.533+0000] {processor.py:186} INFO - Started process (PID=1167) to work on /opt/airflow/dags/db_and_model_update_dag.py
[2026-03-23T14:08:03.534+0000] {processor.py:914} INFO - Processing file /opt/airflow/dags/db_and_model_update_dag.py for tasks to queue
[2026-03-23T14:08:03.536+0000] {logging_mixin.py:190} INFO - [2026-03-23T14:08:03.536+0000] {dagbag.py:588} INFO - Filling up the DagBag from /opt/airflow/dags/db_and_model_update_dag.py
[2026-03-23T14:08:03.552+0000] {processor.py:925} INFO - DAG(s) 'db_and_model_update' retrieved from /opt/airflow/dags/db_and_model_update_dag.py
[2026-03-23T14:08:03.580+0000] {logging_mixin.py:190} INFO - [2026-03-23T14:08:03.580+0000] {dag.py:3239} INFO - Sync 1 DAGs
[2026-03-23T14:08:03.601+0000] {logging_mixin.py:190} INFO - [2026-03-23T14:08:03.601+0000] {dag.py:4180} INFO - Setting next_dagrun for db_and_model_update to 2026-03-23 14:00:00+00:00, run_after=2026-03-30 14:00:00+00:00
[2026-03-23T14:08:03.620+0000] {processor.py:208} INFO - Processing /opt/airflow/dags/db_and_model_update_dag.py took 0.092 seconds
[2026-03-23T14:08:33.776+0000] {processor.py:186} INFO - Started process (PID=1177) to work on /opt/airflow/dags/db_and_model_update_dag.py
[2026-03-23T14:08:33.777+0000] {processor.py:914} INFO - Processing file /opt/airflow/dags/db_and_model_update_dag.py for tasks to queue
[2026-03-23T14:08:33.779+0000] {logging_mixin.py:190} INFO - [2026-03-23T14:08:33.779+0000] {dagbag.py:588} INFO - Filling up the DagBag from /opt/airflow/dags/db_and_model_update_dag.py
[2026-03-23T14:08:33.795+0000] {processor.py:925} INFO - DAG(s) 'db_and_model_update' retrieved from /opt/airflow/dags/db_and_model_update_dag.py
[2026-03-23T14:08:33.821+0000] {logging_mixin.py:190} INFO - [2026-03-23T14:08:33.821+0000] {dag.py:3239} INFO - Sync 1 DAGs
[2026-03-23T14:08:33.841+0000] {logging_mixin.py:190} INFO - [2026-03-23T14:08:33.840+0000] {dag.py:4180} INFO - Setting next_dagrun for db_and_model_update to 2026-03-23 14:00:00+00:00, run_after=2026-03-30 14:00:00+00:00
[2026-03-23T14:08:33.859+0000] {processor.py:208} INFO - Processing /opt/airflow/dags/db_and_model_update_dag.py took 0.088 seconds
[2026-03-23T14:09:04.122+0000] {processor.py:186} INFO - Started process (PID=1187) to work on /opt/airflow/dags/db_and_model_update_dag.py
[2026-03-23T14:09:04.123+0000] {processor.py:914} INFO - Processing file /opt/airflow/dags/db_and_model_update_dag.py for tasks to queue
[2026-03-23T14:09:04.125+0000] {logging_mixin.py:190} INFO - [2026-03-23T14:09:04.125+0000] {dagbag.py:588} INFO - Filling up the DagBag from /opt/airflow/dags/db_and_model_update_dag.py
[2026-03-23T14:09:04.142+0000] {processor.py:925} INFO - DAG(s) 'db_and_model_update' retrieved from /opt/airflow/dags/db_and_model_update_dag.py
[2026-03-23T14:09:04.169+0000] {logging_mixin.py:190} INFO - [2026-03-23T14:09:04.169+0000] {dag.py:3239} INFO - Sync 1 DAGs
[2026-03-23T14:09:04.191+0000] {logging_mixin.py:190} INFO - [2026-03-23T14:09:04.191+0000] {dag.py:4180} INFO - Setting next_dagrun for db_and_model_update to 2026-03-23 14:00:00+00:00, run_after=2026-03-30 14:00:00+00:00
[2026-03-23T14:09:04.211+0000] {processor.py:208} INFO - Processing /opt/airflow/dags/db_and_model_update_dag.py took 0.095 seconds
[2026-03-23T14:09:34.357+0000] {processor.py:186} INFO - Started process (PID=1197) to work on /opt/airflow/dags/db_and_model_update_dag.py
[2026-03-23T14:09:34.358+0000] {processor.py:914} INFO - Processing file /opt/airflow/dags/db_and_model_update_dag.py for tasks to queue
[2026-03-23T14:09:34.360+0000] {logging_mixin.py:190} INFO - [2026-03-23T14:09:34.359+0000] {dagbag.py:588} INFO - Filling up the DagBag from /opt/airflow/dags/db_and_model_update_dag.py
[2026-03-23T14:09:34.376+0000] {processor.py:925} INFO - DAG(s) 'db_and_model_update' retrieved from /opt/airflow/dags/db_and_model_update_dag.py
[2026-03-23T14:09:34.406+0000] {logging_mixin.py:190} INFO - [2026-03-23T14:09:34.406+0000] {dag.py:3239} INFO - Sync 1 DAGs
[2026-03-23T14:09:34.425+0000] {logging_mixin.py:190} INFO - [2026-03-23T14:09:34.425+0000] {dag.py:4180} INFO - Setting next_dagrun for db_and_model_update to 2026-03-23 14:00:00+00:00, run_after=2026-03-30 14:00:00+00:00
[2026-03-23T14:09:34.443+0000] {processor.py:208} INFO - Processing /opt/airflow/dags/db_and_model_update_dag.py took 0.091 seconds
[2026-03-23T14:10:04.672+0000] {processor.py:186} INFO - Started process (PID=1207) to work on /opt/airflow/dags/db_and_model_update_dag.py
[2026-03-23T14:10:04.673+0000] {processor.py:914} INFO - Processing file /opt/airflow/dags/db_and_model_update_dag.py for tasks to queue
[2026-03-23T14:10:04.675+0000] {logging_mixin.py:190} INFO - [2026-03-23T14:10:04.675+0000] {dagbag.py:588} INFO - Filling up the DagBag from /opt/airflow/dags/db_and_model_update_dag.py
[2026-03-23T14:10:04.691+0000] {processor.py:925} INFO - DAG(s) 'db_and_model_update' retrieved from /opt/airflow/dags/db_and_model_update_dag.py
[2026-03-23T14:10:04.718+0000] {logging_mixin.py:190} INFO - [2026-03-23T14:10:04.718+0000] {dag.py:3239} INFO - Sync 1 DAGs
[2026-03-23T14:10:04.739+0000] {logging_mixin.py:190} INFO - [2026-03-23T14:10:04.738+0000] {dag.py:4180} INFO - Setting next_dagrun for db_and_model_update to 2026-03-23 14:00:00+00:00, run_after=2026-03-30 14:00:00+00:00
[2026-03-23T14:10:04.761+0000] {processor.py:208} INFO - Processing /opt/airflow/dags/db_and_model_update_dag.py took 0.095 seconds
[2026-03-23T14:10:34.911+0000] {processor.py:186} INFO - Started process (PID=1217) to work on /opt/airflow/dags/db_and_model_update_dag.py
[2026-03-23T14:10:34.912+0000] {processor.py:914} INFO - Processing file /opt/airflow/dags/db_and_model_update_dag.py for tasks to queue
[2026-03-23T14:10:34.914+0000] {logging_mixin.py:190} INFO - [2026-03-23T14:10:34.914+0000] {dagbag.py:588} INFO - Filling up the DagBag from /opt/airflow/dags/db_and_model_update_dag.py
[2026-03-23T14:10:34.931+0000] {processor.py:925} INFO - DAG(s) 'db_and_model_update' retrieved from /opt/airflow/dags/db_and_model_update_dag.py
[2026-03-23T14:10:34.956+0000] {logging_mixin.py:190} INFO - [2026-03-23T14:10:34.956+0000] {dag.py:3239} INFO - Sync 1 DAGs
[2026-03-23T14:10:34.977+0000] {logging_mixin.py:190} INFO - [2026-03-23T14:10:34.977+0000] {dag.py:4180} INFO - Setting next_dagrun for db_and_model_update to 2026-03-23 14:00:00+00:00, run_after=2026-03-30 14:00:00+00:00
[2026-03-23T14:10:34.998+0000] {processor.py:208} INFO - Processing /opt/airflow/dags/db_and_model_update_dag.py took 0.093 seconds
[2026-03-23T14:11:05.233+0000] {processor.py:186} INFO - Started process (PID=1227) to work on /opt/airflow/dags/db_and_model_update_dag.py
[2026-03-23T14:11:05.234+0000] {processor.py:914} INFO - Processing file /opt/airflow/dags/db_and_model_update_dag.py for tasks to queue
[2026-03-23T14:11:05.236+0000] {logging_mixin.py:190} INFO - [2026-03-23T14:11:05.236+0000] {dagbag.py:588} INFO - Filling up the DagBag from /opt/airflow/dags/db_and_model_update_dag.py
[2026-03-23T14:11:05.254+0000] {processor.py:925} INFO - DAG(s) 'db_and_model_update' retrieved from /opt/airflow/dags/db_and_model_update_dag.py
[2026-03-23T14:11:05.278+0000] {logging_mixin.py:190} INFO - [2026-03-23T14:11:05.278+0000] {dag.py:3239} INFO - Sync 1 DAGs
[2026-03-23T14:11:05.299+0000] {logging_mixin.py:190} INFO - [2026-03-23T14:11:05.299+0000] {dag.py:4180} INFO - Setting next_dagrun for db_and_model_update to 2026-03-23 14:00:00+00:00, run_after=2026-03-30 14:00:00+00:00
[2026-03-23T14:11:05.318+0000] {processor.py:208} INFO - Processing /opt/airflow/dags/db_and_model_update_dag.py took 0.091 seconds
[2026-03-23T14:11:35.484+0000] {processor.py:186} INFO - Started process (PID=1237) to work on /opt/airflow/dags/db_and_model_update_dag.py
[2026-03-23T14:11:35.485+0000] {processor.py:914} INFO - Processing file /opt/airflow/dags/db_and_model_update_dag.py for tasks to queue
[2026-03-23T14:11:35.487+0000] {logging_mixin.py:190} INFO - [2026-03-23T14:11:35.487+0000] {dagbag.py:588} INFO - Filling up the DagBag from /opt/airflow/dags/db_and_model_update_dag.py
[2026-03-23T14:11:35.503+0000] {processor.py:925} INFO - DAG(s) 'db_and_model_update' retrieved from /opt/airflow/dags/db_and_model_update_dag.py
[2026-03-23T14:11:35.530+0000] {logging_mixin.py:190} INFO - [2026-03-23T14:11:35.530+0000] {dag.py:3239} INFO - Sync 1 DAGs
[2026-03-23T14:11:35.552+0000] {logging_mixin.py:190} INFO - [2026-03-23T14:11:35.551+0000] {dag.py:4180} INFO - Setting next_dagrun for db_and_model_update to 2026-03-23 14:00:00+00:00, run_after=2026-03-30 14:00:00+00:00
[2026-03-23T14:11:35.569+0000] {processor.py:208} INFO - Processing /opt/airflow/dags/db_and_model_update_dag.py took 0.090 seconds
[2026-03-23T14:12:05.839+0000] {processor.py:186} INFO - Started process (PID=1247) to work on /opt/airflow/dags/db_and_model_update_dag.py
[2026-03-23T14:12:05.842+0000] {processor.py:914} INFO - Processing file /opt/airflow/dags/db_and_model_update_dag.py for tasks to queue
[2026-03-23T14:12:05.845+0000] {logging_mixin.py:190} INFO - [2026-03-23T14:12:05.845+0000] {dagbag.py:588} INFO - Filling up the DagBag from /opt/airflow/dags/db_and_model_update_dag.py
[2026-03-23T14:12:05.868+0000] {processor.py:925} INFO - DAG(s) 'db_and_model_update' retrieved from /opt/airflow/dags/db_and_model_update_dag.py
[2026-03-23T14:12:05.892+0000] {logging_mixin.py:190} INFO - [2026-03-23T14:12:05.892+0000] {dag.py:3239} INFO - Sync 1 DAGs
[2026-03-23T14:12:05.913+0000] {logging_mixin.py:190} INFO - [2026-03-23T14:12:05.913+0000] {dag.py:4180} INFO - Setting next_dagrun for db_and_model_update to 2026-03-23 14:00:00+00:00, run_after=2026-03-30 14:00:00+00:00
[2026-03-23T14:12:05.931+0000] {processor.py:208} INFO - Processing /opt/airflow/dags/db_and_model_update_dag.py took 0.098 seconds
[2026-03-23T14:12:36.224+0000] {processor.py:186} INFO - Started process (PID=1257) to work on /opt/airflow/dags/db_and_model_update_dag.py
[2026-03-23T14:12:36.227+0000] {processor.py:914} INFO - Processing file /opt/airflow/dags/db_and_model_update_dag.py for tasks to queue
[2026-03-23T14:12:36.231+0000] {logging_mixin.py:190} INFO - [2026-03-23T14:12:36.231+0000] {dagbag.py:588} INFO - Filling up the DagBag from /opt/airflow/dags/db_and_model_update_dag.py
[2026-03-23T14:12:36.262+0000] {processor.py:925} INFO - DAG(s) 'db_and_model_update' retrieved from /opt/airflow/dags/db_and_model_update_dag.py
[2026-03-23T14:12:36.303+0000] {logging_mixin.py:190} INFO - [2026-03-23T14:12:36.303+0000] {dag.py:3239} INFO - Sync 1 DAGs
[2026-03-23T14:12:36.342+0000] {logging_mixin.py:190} INFO - [2026-03-23T14:12:36.342+0000] {dag.py:4180} INFO - Setting next_dagrun for db_and_model_update to 2026-03-23 14:00:00+00:00, run_after=2026-03-30 14:00:00+00:00
[2026-03-23T14:12:36.368+0000] {processor.py:208} INFO - Processing /opt/airflow/dags/db_and_model_update_dag.py took 0.159 seconds
[2026-03-23T14:13:06.472+0000] {processor.py:186} INFO - Started process (PID=1267) to work on /opt/airflow/dags/db_and_model_update_dag.py
[2026-03-23T14:13:06.473+0000] {processor.py:914} INFO - Processing file /opt/airflow/dags/db_and_model_update_dag.py for tasks to queue
[2026-03-23T14:13:06.475+0000] {logging_mixin.py:190} INFO - [2026-03-23T14:13:06.474+0000] {dagbag.py:588} INFO - Filling up the DagBag from /opt/airflow/dags/db_and_model_update_dag.py
[2026-03-23T14:13:06.490+0000] {processor.py:925} INFO - DAG(s) 'db_and_model_update' retrieved from /opt/airflow/dags/db_and_model_update_dag.py
[2026-03-23T14:13:06.515+0000] {logging_mixin.py:190} INFO - [2026-03-23T14:13:06.515+0000] {dag.py:3239} INFO - Sync 1 DAGs
[2026-03-23T14:13:06.538+0000] {logging_mixin.py:190} INFO - [2026-03-23T14:13:06.538+0000] {dag.py:4180} INFO - Setting next_dagrun for db_and_model_update to 2026-03-23 14:00:00+00:00, run_after=2026-03-30 14:00:00+00:00
[2026-03-23T14:13:06.557+0000] {processor.py:208} INFO - Processing /opt/airflow/dags/db_and_model_update_dag.py took 0.091 seconds
[2026-03-23T14:13:36.719+0000] {processor.py:186} INFO - Started process (PID=1277) to work on /opt/airflow/dags/db_and_model_update_dag.py
[2026-03-23T14:13:36.721+0000] {processor.py:914} INFO - Processing file /opt/airflow/dags/db_and_model_update_dag.py for tasks to queue
[2026-03-23T14:13:36.723+0000] {logging_mixin.py:190} INFO - [2026-03-23T14:13:36.723+0000] {dagbag.py:588} INFO - Filling up the DagBag from /opt/airflow/dags/db_and_model_update_dag.py
[2026-03-23T14:13:36.742+0000] {processor.py:925} INFO - DAG(s) 'db_and_model_update' retrieved from /opt/airflow/dags/db_and_model_update_dag.py
[2026-03-23T14:13:36.773+0000] {logging_mixin.py:190} INFO - [2026-03-23T14:13:36.773+0000] {dag.py:3239} INFO - Sync 1 DAGs
[2026-03-23T14:13:36.800+0000] {logging_mixin.py:190} INFO - [2026-03-23T14:13:36.800+0000] {dag.py:4180} INFO - Setting next_dagrun for db_and_model_update to 2026-03-23 14:00:00+00:00, run_after=2026-03-30 14:00:00+00:00
[2026-03-23T14:13:36.819+0000] {processor.py:208} INFO - Processing /opt/airflow/dags/db_and_model_update_dag.py took 0.106 seconds
[2026-03-23T14:14:07.024+0000] {processor.py:186} INFO - Started process (PID=1287) to work on /opt/airflow/dags/db_and_model_update_dag.py
[2026-03-23T14:14:07.024+0000] {processor.py:914} INFO - Processing file /opt/airflow/dags/db_and_model_update_dag.py for tasks to queue
[2026-03-23T14:14:07.026+0000] {logging_mixin.py:190} INFO - [2026-03-23T14:14:07.026+0000] {dagbag.py:588} INFO - Filling up the DagBag from /opt/airflow/dags/db_and_model_update_dag.py
[2026-03-23T14:14:07.042+0000] {processor.py:925} INFO - DAG(s) 'db_and_model_update' retrieved from /opt/airflow/dags/db_and_model_update_dag.py
[2026-03-23T14:14:07.071+0000] {logging_mixin.py:190} INFO - [2026-03-23T14:14:07.071+0000] {dag.py:3239} INFO - Sync 1 DAGs
[2026-03-23T14:14:07.091+0000] {logging_mixin.py:190} INFO - [2026-03-23T14:14:07.091+0000] {dag.py:4180} INFO - Setting next_dagrun for db_and_model_update to 2026-03-23 14:00:00+00:00, run_after=2026-03-30 14:00:00+00:00
[2026-03-23T14:14:07.111+0000] {processor.py:208} INFO - Processing /opt/airflow/dags/db_and_model_update_dag.py took 0.093 seconds
[2026-03-23T14:14:37.274+0000] {processor.py:186} INFO - Started process (PID=1297) to work on /opt/airflow/dags/db_and_model_update_dag.py
[2026-03-23T14:14:37.275+0000] {processor.py:914} INFO - Processing file /opt/airflow/dags/db_and_model_update_dag.py for tasks to queue
[2026-03-23T14:14:37.277+0000] {logging_mixin.py:190} INFO - [2026-03-23T14:14:37.276+0000] {dagbag.py:588} INFO - Filling up the DagBag from /opt/airflow/dags/db_and_model_update_dag.py
[2026-03-23T14:14:37.293+0000] {processor.py:925} INFO - DAG(s) 'db_and_model_update' retrieved from /opt/airflow/dags/db_and_model_update_dag.py
[2026-03-23T14:14:37.320+0000] {logging_mixin.py:190} INFO - [2026-03-23T14:14:37.320+0000] {dag.py:3239} INFO - Sync 1 DAGs
[2026-03-23T14:14:37.342+0000] {logging_mixin.py:190} INFO - [2026-03-23T14:14:37.341+0000] {dag.py:4180} INFO - Setting next_dagrun for db_and_model_update to 2026-03-23 14:00:00+00:00, run_after=2026-03-30 14:00:00+00:00
[2026-03-23T14:14:37.361+0000] {processor.py:208} INFO - Processing /opt/airflow/dags/db_and_model_update_dag.py took 0.092 seconds
[2026-03-23T14:15:07.561+0000] {processor.py:186} INFO - Started process (PID=1307) to work on /opt/airflow/dags/db_and_model_update_dag.py
[2026-03-23T14:15:07.563+0000] {processor.py:914} INFO - Processing file /opt/airflow/dags/db_and_model_update_dag.py for tasks to queue
[2026-03-23T14:15:07.565+0000] {logging_mixin.py:190} INFO - [2026-03-23T14:15:07.565+0000] {dagbag.py:588} INFO - Filling up the DagBag from /opt/airflow/dags/db_and_model_update_dag.py
[2026-03-23T14:15:07.581+0000] {processor.py:925} INFO - DAG(s) 'db_and_model_update' retrieved from /opt/airflow/dags/db_and_model_update_dag.py
[2026-03-23T14:15:07.612+0000] {logging_mixin.py:190} INFO - [2026-03-23T14:15:07.611+0000] {dag.py:3239} INFO - Sync 1 DAGs
[2026-03-23T14:15:07.633+0000] {logging_mixin.py:190} INFO - [2026-03-23T14:15:07.633+0000] {dag.py:4180} INFO - Setting next_dagrun for db_and_model_update to 2026-03-23 14:00:00+00:00, run_after=2026-03-30 14:00:00+00:00
[2026-03-23T14:15:07.654+0000] {processor.py:208} INFO - Processing /opt/airflow/dags/db_and_model_update_dag.py took 0.099 seconds
[2026-03-23T14:15:37.814+0000] {processor.py:186} INFO - Started process (PID=1317) to work on /opt/airflow/dags/db_and_model_update_dag.py
[2026-03-23T14:15:37.815+0000] {processor.py:914} INFO - Processing file /opt/airflow/dags/db_and_model_update_dag.py for tasks to queue
[2026-03-23T14:15:37.817+0000] {logging_mixin.py:190} INFO - [2026-03-23T14:15:37.817+0000] {dagbag.py:588} INFO - Filling up the DagBag from /opt/airflow/dags/db_and_model_update_dag.py
[2026-03-23T14:15:37.833+0000] {processor.py:925} INFO - DAG(s) 'db_and_model_update' retrieved from /opt/airflow/dags/db_and_model_update_dag.py
[2026-03-23T14:15:37.862+0000] {logging_mixin.py:190} INFO - [2026-03-23T14:15:37.862+0000] {dag.py:3239} INFO - Sync 1 DAGs
[2026-03-23T14:15:37.884+0000] {logging_mixin.py:190} INFO - [2026-03-23T14:15:37.883+0000] {dag.py:4180} INFO - Setting next_dagrun for db_and_model_update to 2026-03-23 14:00:00+00:00, run_after=2026-03-30 14:00:00+00:00
[2026-03-23T14:15:37.906+0000] {processor.py:208} INFO - Processing /opt/airflow/dags/db_and_model_update_dag.py took 0.098 seconds
[2026-03-23T14:16:08.123+0000] {processor.py:186} INFO - Started process (PID=1327) to work on /opt/airflow/dags/db_and_model_update_dag.py
[2026-03-23T14:16:08.125+0000] {processor.py:914} INFO - Processing file /opt/airflow/dags/db_and_model_update_dag.py for tasks to queue
[2026-03-23T14:16:08.127+0000] {logging_mixin.py:190} INFO - [2026-03-23T14:16:08.127+0000] {dagbag.py:588} INFO - Filling up the DagBag from /opt/airflow/dags/db_and_model_update_dag.py
[2026-03-23T14:16:08.148+0000] {processor.py:925} INFO - DAG(s) 'db_and_model_update' retrieved from /opt/airflow/dags/db_and_model_update_dag.py
[2026-03-23T14:16:08.175+0000] {logging_mixin.py:190} INFO - [2026-03-23T14:16:08.175+0000] {dag.py:3239} INFO - Sync 1 DAGs
[2026-03-23T14:16:08.195+0000] {logging_mixin.py:190} INFO - [2026-03-23T14:16:08.195+0000] {dag.py:4180} INFO - Setting next_dagrun for db_and_model_update to 2026-03-23 14:00:00+00:00, run_after=2026-03-30 14:00:00+00:00
[2026-03-23T14:16:08.213+0000] {processor.py:208} INFO - Processing /opt/airflow/dags/db_and_model_update_dag.py took 0.097 seconds
[2026-03-23T14:16:38.401+0000] {processor.py:186} INFO - Started process (PID=1337) to work on /opt/airflow/dags/db_and_model_update_dag.py
[2026-03-23T14:16:38.402+0000] {processor.py:914} INFO - Processing file /opt/airflow/dags/db_and_model_update_dag.py for tasks to queue
[2026-03-23T14:16:38.404+0000] {logging_mixin.py:190} INFO - [2026-03-23T14:16:38.404+0000] {dagbag.py:588} INFO - Filling up the DagBag from /opt/airflow/dags/db_and_model_update_dag.py
[2026-03-23T14:16:38.420+0000] {processor.py:925} INFO - DAG(s) 'db_and_model_update' retrieved from /opt/airflow/dags/db_and_model_update_dag.py
[2026-03-23T14:16:38.445+0000] {logging_mixin.py:190} INFO - [2026-03-23T14:16:38.445+0000] {dag.py:3239} INFO - Sync 1 DAGs
[2026-03-23T14:16:38.466+0000] {logging_mixin.py:190} INFO - [2026-03-23T14:16:38.466+0000] {dag.py:4180} INFO - Setting next_dagrun for db_and_model_update to 2026-03-23 14:00:00+00:00, run_after=2026-03-30 14:00:00+00:00
[2026-03-23T14:16:38.488+0000] {processor.py:208} INFO - Processing /opt/airflow/dags/db_and_model_update_dag.py took 0.093 seconds
[2026-03-23T14:17:08.669+0000] {processor.py:186} INFO - Started process (PID=1347) to work on /opt/airflow/dags/db_and_model_update_dag.py
[2026-03-23T14:17:08.670+0000] {processor.py:914} INFO - Processing file /opt/airflow/dags/db_and_model_update_dag.py for tasks to queue
[2026-03-23T14:17:08.672+0000] {logging_mixin.py:190} INFO - [2026-03-23T14:17:08.671+0000] {dagbag.py:588} INFO - Filling up the DagBag from /opt/airflow/dags/db_and_model_update_dag.py
[2026-03-23T14:17:08.688+0000] {processor.py:925} INFO - DAG(s) 'db_and_model_update' retrieved from /opt/airflow/dags/db_and_model_update_dag.py
[2026-03-23T14:17:08.716+0000] {logging_mixin.py:190} INFO - [2026-03-23T14:17:08.716+0000] {dag.py:3239} INFO - Sync 1 DAGs
[2026-03-23T14:17:08.736+0000] {logging_mixin.py:190} INFO - [2026-03-23T14:17:08.736+0000] {dag.py:4180} INFO - Setting next_dagrun for db_and_model_update to 2026-03-23 14:00:00+00:00, run_after=2026-03-30 14:00:00+00:00
[2026-03-23T14:17:08.756+0000] {processor.py:208} INFO - Processing /opt/airflow/dags/db_and_model_update_dag.py took 0.092 seconds
[2026-03-23T14:17:38.941+0000] {processor.py:186} INFO - Started process (PID=1357) to work on /opt/airflow/dags/db_and_model_update_dag.py
[2026-03-23T14:17:38.942+0000] {processor.py:914} INFO - Processing file /opt/airflow/dags/db_and_model_update_dag.py for tasks to queue
[2026-03-23T14:17:38.944+0000] {logging_mixin.py:190} INFO - [2026-03-23T14:17:38.944+0000] {dagbag.py:588} INFO - Filling up the DagBag from /opt/airflow/dags/db_and_model_update_dag.py
[2026-03-23T14:17:38.964+0000] {processor.py:925} INFO - DAG(s) 'db_and_model_update' retrieved from /opt/airflow/dags/db_and_model_update_dag.py
[2026-03-23T14:17:38.993+0000] {logging_mixin.py:190} INFO - [2026-03-23T14:17:38.993+0000] {dag.py:3239} INFO - Sync 1 DAGs
[2026-03-23T14:17:39.014+0000] {logging_mixin.py:190} INFO - [2026-03-23T14:17:39.014+0000] {dag.py:4180} INFO - Setting next_dagrun for db_and_model_update to 2026-03-23 14:00:00+00:00, run_after=2026-03-30 14:00:00+00:00
[2026-03-23T14:17:39.035+0000] {processor.py:208} INFO - Processing /opt/airflow/dags/db_and_model_update_dag.py took 0.100 seconds
[2026-03-23T14:18:09.207+0000] {processor.py:186} INFO - Started process (PID=1367) to work on /opt/airflow/dags/db_and_model_update_dag.py
[2026-03-23T14:18:09.208+0000] {processor.py:914} INFO - Processing file /opt/airflow/dags/db_and_model_update_dag.py for tasks to queue
[2026-03-23T14:18:09.211+0000] {logging_mixin.py:190} INFO - [2026-03-23T14:18:09.210+0000] {dagbag.py:588} INFO - Filling up the DagBag from /opt/airflow/dags/db_and_model_update_dag.py
[2026-03-23T14:18:09.227+0000] {processor.py:925} INFO - DAG(s) 'db_and_model_update' retrieved from /opt/airflow/dags/db_and_model_update_dag.py
[2026-03-23T14:18:09.257+0000] {logging_mixin.py:190} INFO - [2026-03-23T14:18:09.256+0000] {dag.py:3239} INFO - Sync 1 DAGs
[2026-03-23T14:18:09.277+0000] {logging_mixin.py:190} INFO - [2026-03-23T14:18:09.277+0000] {dag.py:4180} INFO - Setting next_dagrun for db_and_model_update to 2026-03-23 14:00:00+00:00, run_after=2026-03-30 14:00:00+00:00
[2026-03-23T14:18:09.300+0000] {processor.py:208} INFO - Processing /opt/airflow/dags/db_and_model_update_dag.py took 0.099 seconds
[2026-03-23T14:18:39.571+0000] {processor.py:186} INFO - Started process (PID=1377) to work on /opt/airflow/dags/db_and_model_update_dag.py
[2026-03-23T14:18:39.572+0000] {processor.py:914} INFO - Processing file /opt/airflow/dags/db_and_model_update_dag.py for tasks to queue
[2026-03-23T14:18:39.574+0000] {logging_mixin.py:190} INFO - [2026-03-23T14:18:39.574+0000] {dagbag.py:588} INFO - Filling up the DagBag from /opt/airflow/dags/db_and_model_update_dag.py
[2026-03-23T14:18:39.591+0000] {processor.py:925} INFO - DAG(s) 'db_and_model_update' retrieved from /opt/airflow/dags/db_and_model_update_dag.py
[2026-03-23T14:18:39.618+0000] {logging_mixin.py:190} INFO - [2026-03-23T14:18:39.618+0000] {dag.py:3239} INFO - Sync 1 DAGs
[2026-03-23T14:18:39.639+0000] {logging_mixin.py:190} INFO - [2026-03-23T14:18:39.639+0000] {dag.py:4180} INFO - Setting next_dagrun for db_and_model_update to 2026-03-23 14:00:00+00:00, run_after=2026-03-30 14:00:00+00:00
[2026-03-23T14:18:39.659+0000] {processor.py:208} INFO - Processing /opt/airflow/dags/db_and_model_update_dag.py took 0.094 seconds
[2026-03-23T14:19:09.823+0000] {processor.py:186} INFO - Started process (PID=1387) to work on /opt/airflow/dags/db_and_model_update_dag.py
[2026-03-23T14:19:09.824+0000] {processor.py:914} INFO - Processing file /opt/airflow/dags/db_and_model_update_dag.py for tasks to queue
[2026-03-23T14:19:09.826+0000] {logging_mixin.py:190} INFO - [2026-03-23T14:19:09.825+0000] {dagbag.py:588} INFO - Filling up the DagBag from /opt/airflow/dags/db_and_model_update_dag.py
[2026-03-23T14:19:09.842+0000] {processor.py:925} INFO - DAG(s) 'db_and_model_update' retrieved from /opt/airflow/dags/db_and_model_update_dag.py
[2026-03-23T14:19:09.869+0000] {logging_mixin.py:190} INFO - [2026-03-23T14:19:09.869+0000] {dag.py:3239} INFO - Sync 1 DAGs
[2026-03-23T14:19:09.890+0000] {logging_mixin.py:190} INFO - [2026-03-23T14:19:09.889+0000] {dag.py:4180} INFO - Setting next_dagrun for db_and_model_update to 2026-03-23 14:00:00+00:00, run_after=2026-03-30 14:00:00+00:00
[2026-03-23T14:19:09.910+0000] {processor.py:208} INFO - Processing /opt/airflow/dags/db_and_model_update_dag.py took 0.093 seconds
[2026-03-23T14:19:40.101+0000] {processor.py:186} INFO - Started process (PID=1397) to work on /opt/airflow/dags/db_and_model_update_dag.py
[2026-03-23T14:19:40.102+0000] {processor.py:914} INFO - Processing file /opt/airflow/dags/db_and_model_update_dag.py for tasks to queue
[2026-03-23T14:19:40.104+0000] {logging_mixin.py:190} INFO - [2026-03-23T14:19:40.104+0000] {dagbag.py:588} INFO - Filling up the DagBag from /opt/airflow/dags/db_and_model_update_dag.py
[2026-03-23T14:19:40.120+0000] {processor.py:925} INFO - DAG(s) 'db_and_model_update' retrieved from /opt/airflow/dags/db_and_model_update_dag.py
[2026-03-23T14:19:40.150+0000] {logging_mixin.py:190} INFO - [2026-03-23T14:19:40.149+0000] {dag.py:3239} INFO - Sync 1 DAGs
[2026-03-23T14:19:40.173+0000] {logging_mixin.py:190} INFO - [2026-03-23T14:19:40.173+0000] {dag.py:4180} INFO - Setting next_dagrun for db_and_model_update to 2026-03-23 14:00:00+00:00, run_after=2026-03-30 14:00:00+00:00
[2026-03-23T14:19:40.196+0000] {processor.py:208} INFO - Processing /opt/airflow/dags/db_and_model_update_dag.py took 0.100 seconds
[2026-03-23T14:20:10.347+0000] {processor.py:186} INFO - Started process (PID=1407) to work on /opt/airflow/dags/db_and_model_update_dag.py
[2026-03-23T14:20:10.348+0000] {processor.py:914} INFO - Processing file /opt/airflow/dags/db_and_model_update_dag.py for tasks to queue
[2026-03-23T14:20:10.350+0000] {logging_mixin.py:190} INFO - [2026-03-23T14:20:10.350+0000] {dagbag.py:588} INFO - Filling up the DagBag from /opt/airflow/dags/db_and_model_update_dag.py
[2026-03-23T14:20:10.368+0000] {processor.py:925} INFO - DAG(s) 'db_and_model_update' retrieved from /opt/airflow/dags/db_and_model_update_dag.py
[2026-03-23T14:20:10.396+0000] {logging_mixin.py:190} INFO - [2026-03-23T14:20:10.396+0000] {dag.py:3239} INFO - Sync 1 DAGs
[2026-03-23T14:20:10.417+0000] {logging_mixin.py:190} INFO - [2026-03-23T14:20:10.417+0000] {dag.py:4180} INFO - Setting next_dagrun for db_and_model_update to 2026-03-23 14:00:00+00:00, run_after=2026-03-30 14:00:00+00:00
[2026-03-23T14:20:10.438+0000] {processor.py:208} INFO - Processing /opt/airflow/dags/db_and_model_update_dag.py took 0.098 seconds
[2026-03-23T14:20:40.637+0000] {processor.py:186} INFO - Started process (PID=1417) to work on /opt/airflow/dags/db_and_model_update_dag.py
[2026-03-23T14:20:40.638+0000] {processor.py:914} INFO - Processing file /opt/airflow/dags/db_and_model_update_dag.py for tasks to queue
[2026-03-23T14:20:40.640+0000] {logging_mixin.py:190} INFO - [2026-03-23T14:20:40.640+0000] {dagbag.py:588} INFO - Filling up the DagBag from /opt/airflow/dags/db_and_model_update_dag.py
[2026-03-23T14:20:40.657+0000] {processor.py:925} INFO - DAG(s) 'db_and_model_update' retrieved from /opt/airflow/dags/db_and_model_update_dag.py
[2026-03-23T14:20:40.684+0000] {logging_mixin.py:190} INFO - [2026-03-23T14:20:40.684+0000] {dag.py:3239} INFO - Sync 1 DAGs
[2026-03-23T14:20:40.706+0000] {logging_mixin.py:190} INFO - [2026-03-23T14:20:40.706+0000] {dag.py:4180} INFO - Setting next_dagrun for db_and_model_update to 2026-03-23 14:00:00+00:00, run_after=2026-03-30 14:00:00+00:00
[2026-03-23T14:20:40.724+0000] {processor.py:208} INFO - Processing /opt/airflow/dags/db_and_model_update_dag.py took 0.093 seconds
[2026-03-23T14:21:10.909+0000] {processor.py:186} INFO - Started process (PID=1427) to work on /opt/airflow/dags/db_and_model_update_dag.py
[2026-03-23T14:21:10.910+0000] {processor.py:914} INFO - Processing file /opt/airflow/dags/db_and_model_update_dag.py for tasks to queue
[2026-03-23T14:21:10.912+0000] {logging_mixin.py:190} INFO - [2026-03-23T14:21:10.912+0000] {dagbag.py:588} INFO - Filling up the DagBag from /opt/airflow/dags/db_and_model_update_dag.py
[2026-03-23T14:21:10.929+0000] {processor.py:925} INFO - DAG(s) 'db_and_model_update' retrieved from /opt/airflow/dags/db_and_model_update_dag.py
[2026-03-23T14:21:10.957+0000] {logging_mixin.py:190} INFO - [2026-03-23T14:21:10.956+0000] {dag.py:3239} INFO - Sync 1 DAGs
[2026-03-23T14:21:10.980+0000] {logging_mixin.py:190} INFO - [2026-03-23T14:21:10.980+0000] {dag.py:4180} INFO - Setting next_dagrun for db_and_model_update to 2026-03-23 14:00:00+00:00, run_after=2026-03-30 14:00:00+00:00
[2026-03-23T14:21:10.998+0000] {processor.py:208} INFO - Processing /opt/airflow/dags/db_and_model_update_dag.py took 0.094 seconds
[2026-03-23T14:21:41.183+0000] {processor.py:186} INFO - Started process (PID=1437) to work on /opt/airflow/dags/db_and_model_update_dag.py
[2026-03-23T14:21:41.184+0000] {processor.py:914} INFO - Processing file /opt/airflow/dags/db_and_model_update_dag.py for tasks to queue
[2026-03-23T14:21:41.186+0000] {logging_mixin.py:190} INFO - [2026-03-23T14:21:41.186+0000] {dagbag.py:588} INFO - Filling up the DagBag from /opt/airflow/dags/db_and_model_update_dag.py
[2026-03-23T14:21:41.206+0000] {processor.py:925} INFO - DAG(s) 'db_and_model_update' retrieved from /opt/airflow/dags/db_and_model_update_dag.py
[2026-03-23T14:21:41.240+0000] {logging_mixin.py:190} INFO - [2026-03-23T14:21:41.240+0000] {dag.py:3239} INFO - Sync 1 DAGs
[2026-03-23T14:21:41.265+0000] {logging_mixin.py:190} INFO - [2026-03-23T14:21:41.265+0000] {dag.py:4180} INFO - Setting next_dagrun for db_and_model_update to 2026-03-23 14:00:00+00:00, run_after=2026-03-30 14:00:00+00:00
[2026-03-23T14:21:41.288+0000] {processor.py:208} INFO - Processing /opt/airflow/dags/db_and_model_update_dag.py took 0.111 seconds
[2026-03-23T14:22:11.547+0000] {processor.py:186} INFO - Started process (PID=1447) to work on /opt/airflow/dags/db_and_model_update_dag.py
[2026-03-23T14:22:11.548+0000] {processor.py:914} INFO - Processing file /opt/airflow/dags/db_and_model_update_dag.py for tasks to queue
[2026-03-23T14:22:11.550+0000] {logging_mixin.py:190} INFO - [2026-03-23T14:22:11.550+0000] {dagbag.py:588} INFO - Filling up the DagBag from /opt/airflow/dags/db_and_model_update_dag.py
[2026-03-23T14:22:11.567+0000] {processor.py:925} INFO - DAG(s) 'db_and_model_update' retrieved from /opt/airflow/dags/db_and_model_update_dag.py
[2026-03-23T14:22:11.592+0000] {logging_mixin.py:190} INFO - [2026-03-23T14:22:11.592+0000] {dag.py:3239} INFO - Sync 1 DAGs
[2026-03-23T14:22:11.613+0000] {logging_mixin.py:190} INFO - [2026-03-23T14:22:11.613+0000] {dag.py:4180} INFO - Setting next_dagrun for db_and_model_update to 2026-03-23 14:00:00+00:00, run_after=2026-03-30 14:00:00+00:00
[2026-03-23T14:22:11.629+0000] {processor.py:208} INFO - Processing /opt/airflow/dags/db_and_model_update_dag.py took 0.088 seconds
[2026-03-23T14:22:41.797+0000] {processor.py:186} INFO - Started process (PID=1457) to work on /opt/airflow/dags/db_and_model_update_dag.py
[2026-03-23T14:22:41.797+0000] {processor.py:914} INFO - Processing file /opt/airflow/dags/db_and_model_update_dag.py for tasks to queue
[2026-03-23T14:22:41.799+0000] {logging_mixin.py:190} INFO - [2026-03-23T14:22:41.799+0000] {dagbag.py:588} INFO - Filling up the DagBag from /opt/airflow/dags/db_and_model_update_dag.py
[2026-03-23T14:22:41.816+0000] {processor.py:925} INFO - DAG(s) 'db_and_model_update' retrieved from /opt/airflow/dags/db_and_model_update_dag.py
[2026-03-23T14:22:41.843+0000] {logging_mixin.py:190} INFO - [2026-03-23T14:22:41.842+0000] {dag.py:3239} INFO - Sync 1 DAGs
[2026-03-23T14:22:41.863+0000] {logging_mixin.py:190} INFO - [2026-03-23T14:22:41.862+0000] {dag.py:4180} INFO - Setting next_dagrun for db_and_model_update to 2026-03-23 14:00:00+00:00, run_after=2026-03-30 14:00:00+00:00
[2026-03-23T14:22:41.884+0000] {processor.py:208} INFO - Processing /opt/airflow/dags/db_and_model_update_dag.py took 0.093 seconds
[2026-03-23T14:23:12.090+0000] {processor.py:186} INFO - Started process (PID=1467) to work on /opt/airflow/dags/db_and_model_update_dag.py
[2026-03-23T14:23:12.091+0000] {processor.py:914} INFO - Processing file /opt/airflow/dags/db_and_model_update_dag.py for tasks to queue
[2026-03-23T14:23:12.093+0000] {logging_mixin.py:190} INFO - [2026-03-23T14:23:12.093+0000] {dagbag.py:588} INFO - Filling up the DagBag from /opt/airflow/dags/db_and_model_update_dag.py
[2026-03-23T14:23:12.110+0000] {processor.py:925} INFO - DAG(s) 'db_and_model_update' retrieved from /opt/airflow/dags/db_and_model_update_dag.py
[2026-03-23T14:23:12.144+0000] {logging_mixin.py:190} INFO - [2026-03-23T14:23:12.144+0000] {dag.py:3239} INFO - Sync 1 DAGs
[2026-03-23T14:23:12.164+0000] {logging_mixin.py:190} INFO - [2026-03-23T14:23:12.163+0000] {dag.py:4180} INFO - Setting next_dagrun for db_and_model_update to 2026-03-23 14:00:00+00:00, run_after=2026-03-30 14:00:00+00:00
[2026-03-23T14:23:12.179+0000] {processor.py:208} INFO - Processing /opt/airflow/dags/db_and_model_update_dag.py took 0.097 seconds
[2026-03-23T14:23:42.346+0000] {processor.py:186} INFO - Started process (PID=1477) to work on /opt/airflow/dags/db_and_model_update_dag.py
[2026-03-23T14:23:42.346+0000] {processor.py:914} INFO - Processing file /opt/airflow/dags/db_and_model_update_dag.py for tasks to queue
[2026-03-23T14:23:42.349+0000] {logging_mixin.py:190} INFO - [2026-03-23T14:23:42.349+0000] {dagbag.py:588} INFO - Filling up the DagBag from /opt/airflow/dags/db_and_model_update_dag.py
[2026-03-23T14:23:42.366+0000] {processor.py:925} INFO - DAG(s) 'db_and_model_update' retrieved from /opt/airflow/dags/db_and_model_update_dag.py
[2026-03-23T14:23:42.395+0000] {logging_mixin.py:190} INFO - [2026-03-23T14:23:42.395+0000] {dag.py:3239} INFO - Sync 1 DAGs
[2026-03-23T14:23:42.419+0000] {logging_mixin.py:190} INFO - [2026-03-23T14:23:42.419+0000] {dag.py:4180} INFO - Setting next_dagrun for db_and_model_update to 2026-03-23 14:00:00+00:00, run_after=2026-03-30 14:00:00+00:00
[2026-03-23T14:23:42.436+0000] {processor.py:208} INFO - Processing /opt/airflow/dags/db_and_model_update_dag.py took 0.097 seconds
[2026-03-23T14:24:12.613+0000] {processor.py:186} INFO - Started process (PID=1487) to work on /opt/airflow/dags/db_and_model_update_dag.py
[2026-03-23T14:24:12.614+0000] {processor.py:914} INFO - Processing file /opt/airflow/dags/db_and_model_update_dag.py for tasks to queue
[2026-03-23T14:24:12.616+0000] {logging_mixin.py:190} INFO - [2026-03-23T14:24:12.616+0000] {dagbag.py:588} INFO - Filling up the DagBag from /opt/airflow/dags/db_and_model_update_dag.py
[2026-03-23T14:24:12.632+0000] {processor.py:925} INFO - DAG(s) 'db_and_model_update' retrieved from /opt/airflow/dags/db_and_model_update_dag.py
[2026-03-23T14:24:12.658+0000] {logging_mixin.py:190} INFO - [2026-03-23T14:24:12.658+0000] {dag.py:3239} INFO - Sync 1 DAGs
[2026-03-23T14:24:12.680+0000] {logging_mixin.py:190} INFO - [2026-03-23T14:24:12.680+0000] {dag.py:4180} INFO - Setting next_dagrun for db_and_model_update to 2026-03-23 14:00:00+00:00, run_after=2026-03-30 14:00:00+00:00
[2026-03-23T14:24:12.699+0000] {processor.py:208} INFO - Processing /opt/airflow/dags/db_and_model_update_dag.py took 0.092 seconds
[2026-03-23T14:24:42.960+0000] {processor.py:186} INFO - Started process (PID=1497) to work on /opt/airflow/dags/db_and_model_update_dag.py
[2026-03-23T14:24:42.961+0000] {processor.py:914} INFO - Processing file /opt/airflow/dags/db_and_model_update_dag.py for tasks to queue
[2026-03-23T14:24:42.964+0000] {logging_mixin.py:190} INFO - [2026-03-23T14:24:42.964+0000] {dagbag.py:588} INFO - Filling up the DagBag from /opt/airflow/dags/db_and_model_update_dag.py
[2026-03-23T14:24:42.980+0000] {processor.py:925} INFO - DAG(s) 'db_and_model_update' retrieved from /opt/airflow/dags/db_and_model_update_dag.py
[2026-03-23T14:24:43.005+0000] {logging_mixin.py:190} INFO - [2026-03-23T14:24:43.004+0000] {dag.py:3239} INFO - Sync 1 DAGs
[2026-03-23T14:24:43.025+0000] {logging_mixin.py:190} INFO - [2026-03-23T14:24:43.025+0000] {dag.py:4180} INFO - Setting next_dagrun for db_and_model_update to 2026-03-23 14:00:00+00:00, run_after=2026-03-30 14:00:00+00:00
[2026-03-23T14:24:43.042+0000] {processor.py:208} INFO - Processing /opt/airflow/dags/db_and_model_update_dag.py took 0.089 seconds
[2026-03-23T14:25:13.305+0000] {processor.py:186} INFO - Started process (PID=1507) to work on /opt/airflow/dags/db_and_model_update_dag.py
[2026-03-23T14:25:13.306+0000] {processor.py:914} INFO - Processing file /opt/airflow/dags/db_and_model_update_dag.py for tasks to queue
[2026-03-23T14:25:13.308+0000] {logging_mixin.py:190} INFO - [2026-03-23T14:25:13.308+0000] {dagbag.py:588} INFO - Filling up the DagBag from /opt/airflow/dags/db_and_model_update_dag.py
[2026-03-23T14:25:13.326+0000] {processor.py:925} INFO - DAG(s) 'db_and_model_update' retrieved from /opt/airflow/dags/db_and_model_update_dag.py
[2026-03-23T14:25:13.355+0000] {logging_mixin.py:190} INFO - [2026-03-23T14:25:13.355+0000] {dag.py:3239} INFO - Sync 1 DAGs
[2026-03-23T14:25:13.378+0000] {logging_mixin.py:190} INFO - [2026-03-23T14:25:13.377+0000] {dag.py:4180} INFO - Setting next_dagrun for db_and_model_update to 2026-03-23 14:00:00+00:00, run_after=2026-03-30 14:00:00+00:00
[2026-03-23T14:25:13.397+0000] {processor.py:208} INFO - Processing /opt/airflow/dags/db_and_model_update_dag.py took 0.100 seconds
[2026-03-23T14:25:43.557+0000] {processor.py:186} INFO - Started process (PID=1517) to work on /opt/airflow/dags/db_and_model_update_dag.py
[2026-03-23T14:25:43.558+0000] {processor.py:914} INFO - Processing file /opt/airflow/dags/db_and_model_update_dag.py for tasks to queue
[2026-03-23T14:25:43.561+0000] {logging_mixin.py:190} INFO - [2026-03-23T14:25:43.561+0000] {dagbag.py:588} INFO - Filling up the DagBag from /opt/airflow/dags/db_and_model_update_dag.py
[2026-03-23T14:25:43.580+0000] {processor.py:925} INFO - DAG(s) 'db_and_model_update' retrieved from /opt/airflow/dags/db_and_model_update_dag.py
[2026-03-23T14:25:43.610+0000] {logging_mixin.py:190} INFO - [2026-03-23T14:25:43.610+0000] {dag.py:3239} INFO - Sync 1 DAGs
[2026-03-23T14:25:43.635+0000] {logging_mixin.py:190} INFO - [2026-03-23T14:25:43.635+0000] {dag.py:4180} INFO - Setting next_dagrun for db_and_model_update to 2026-03-23 14:00:00+00:00, run_after=2026-03-30 14:00:00+00:00
[2026-03-23T14:25:43.657+0000] {processor.py:208} INFO - Processing /opt/airflow/dags/db_and_model_update_dag.py took 0.106 seconds
[2026-03-23T14:26:13.868+0000] {processor.py:186} INFO - Started process (PID=1527) to work on /opt/airflow/dags/db_and_model_update_dag.py
[2026-03-23T14:26:13.869+0000] {processor.py:914} INFO - Processing file /opt/airflow/dags/db_and_model_update_dag.py for tasks to queue
[2026-03-23T14:26:13.872+0000] {logging_mixin.py:190} INFO - [2026-03-23T14:26:13.872+0000] {dagbag.py:588} INFO - Filling up the DagBag from /opt/airflow/dags/db_and_model_update_dag.py
[2026-03-23T14:26:13.888+0000] {processor.py:925} INFO - DAG(s) 'db_and_model_update' retrieved from /opt/airflow/dags/db_and_model_update_dag.py
[2026-03-23T14:26:13.913+0000] {logging_mixin.py:190} INFO - [2026-03-23T14:26:13.913+0000] {dag.py:3239} INFO - Sync 1 DAGs
[2026-03-23T14:26:13.935+0000] {logging_mixin.py:190} INFO - [2026-03-23T14:26:13.935+0000] {dag.py:4180} INFO - Setting next_dagrun for db_and_model_update to 2026-03-23 14:00:00+00:00, run_after=2026-03-30 14:00:00+00:00
[2026-03-23T14:26:13.954+0000] {processor.py:208} INFO - Processing /opt/airflow/dags/db_and_model_update_dag.py took 0.092 seconds
[2026-03-23T14:26:44.229+0000] {processor.py:186} INFO - Started process (PID=1537) to work on /opt/airflow/dags/db_and_model_update_dag.py
[2026-03-23T14:26:44.230+0000] {processor.py:914} INFO - Processing file /opt/airflow/dags/db_and_model_update_dag.py for tasks to queue
[2026-03-23T14:26:44.232+0000] {logging_mixin.py:190} INFO - [2026-03-23T14:26:44.232+0000] {dagbag.py:588} INFO - Filling up the DagBag from /opt/airflow/dags/db_and_model_update_dag.py
[2026-03-23T14:26:44.248+0000] {processor.py:925} INFO - DAG(s) 'db_and_model_update' retrieved from /opt/airflow/dags/db_and_model_update_dag.py
[2026-03-23T14:26:44.277+0000] {logging_mixin.py:190} INFO - [2026-03-23T14:26:44.277+0000] {dag.py:3239} INFO - Sync 1 DAGs
[2026-03-23T14:26:44.298+0000] {logging_mixin.py:190} INFO - [2026-03-23T14:26:44.297+0000] {dag.py:4180} INFO - Setting next_dagrun for db_and_model_update to 2026-03-23 14:00:00+00:00, run_after=2026-03-30 14:00:00+00:00
[2026-03-23T14:26:44.315+0000] {processor.py:208} INFO - Processing /opt/airflow/dags/db_and_model_update_dag.py took 0.092 seconds
[2026-03-23T14:27:14.473+0000] {processor.py:186} INFO - Started process (PID=1547) to work on /opt/airflow/dags/db_and_model_update_dag.py
[2026-03-23T14:27:14.474+0000] {processor.py:914} INFO - Processing file /opt/airflow/dags/db_and_model_update_dag.py for tasks to queue
[2026-03-23T14:27:14.477+0000] {logging_mixin.py:190} INFO - [2026-03-23T14:27:14.476+0000] {dagbag.py:588} INFO - Filling up the DagBag from /opt/airflow/dags/db_and_model_update_dag.py
[2026-03-23T14:27:14.494+0000] {processor.py:925} INFO - DAG(s) 'db_and_model_update' retrieved from /opt/airflow/dags/db_and_model_update_dag.py
[2026-03-23T14:27:14.522+0000] {logging_mixin.py:190} INFO - [2026-03-23T14:27:14.522+0000] {dag.py:3239} INFO - Sync 1 DAGs
[2026-03-23T14:27:14.542+0000] {logging_mixin.py:190} INFO - [2026-03-23T14:27:14.542+0000] {dag.py:4180} INFO - Setting next_dagrun for db_and_model_update to 2026-03-23 14:00:00+00:00, run_after=2026-03-30 14:00:00+00:00
[2026-03-23T14:27:14.559+0000] {processor.py:208} INFO - Processing /opt/airflow/dags/db_and_model_update_dag.py took 0.091 seconds
[2026-03-23T14:27:44.786+0000] {processor.py:186} INFO - Started process (PID=1557) to work on /opt/airflow/dags/db_and_model_update_dag.py
[2026-03-23T14:27:44.787+0000] {processor.py:914} INFO - Processing file /opt/airflow/dags/db_and_model_update_dag.py for tasks to queue
[2026-03-23T14:27:44.793+0000] {logging_mixin.py:190} INFO - [2026-03-23T14:27:44.792+0000] {dagbag.py:588} INFO - Filling up the DagBag from /opt/airflow/dags/db_and_model_update_dag.py
[2026-03-23T14:27:44.809+0000] {processor.py:925} INFO - DAG(s) 'db_and_model_update' retrieved from /opt/airflow/dags/db_and_model_update_dag.py
[2026-03-23T14:27:44.837+0000] {logging_mixin.py:190} INFO - [2026-03-23T14:27:44.837+0000] {dag.py:3239} INFO - Sync 1 DAGs
[2026-03-23T14:27:44.857+0000] {logging_mixin.py:190} INFO - [2026-03-23T14:27:44.857+0000] {dag.py:4180} INFO - Setting next_dagrun for db_and_model_update to 2026-03-23 14:00:00+00:00, run_after=2026-03-30 14:00:00+00:00
[2026-03-23T14:27:44.879+0000] {processor.py:208} INFO - Processing /opt/airflow/dags/db_and_model_update_dag.py took 0.098 seconds
[2026-03-23T14:28:15.022+0000] {processor.py:186} INFO - Started process (PID=1567) to work on /opt/airflow/dags/db_and_model_update_dag.py
[2026-03-23T14:28:15.023+0000] {processor.py:914} INFO - Processing file /opt/airflow/dags/db_and_model_update_dag.py for tasks to queue
[2026-03-23T14:28:15.025+0000] {logging_mixin.py:190} INFO - [2026-03-23T14:28:15.025+0000] {dagbag.py:588} INFO - Filling up the DagBag from /opt/airflow/dags/db_and_model_update_dag.py
[2026-03-23T14:28:15.041+0000] {processor.py:925} INFO - DAG(s) 'db_and_model_update' retrieved from /opt/airflow/dags/db_and_model_update_dag.py
[2026-03-23T14:28:15.069+0000] {logging_mixin.py:190} INFO - [2026-03-23T14:28:15.068+0000] {dag.py:3239} INFO - Sync 1 DAGs
[2026-03-23T14:28:15.090+0000] {logging_mixin.py:190} INFO - [2026-03-23T14:28:15.089+0000] {dag.py:4180} INFO - Setting next_dagrun for db_and_model_update to 2026-03-23 14:00:00+00:00, run_after=2026-03-30 14:00:00+00:00
[2026-03-23T14:28:15.111+0000] {processor.py:208} INFO - Processing /opt/airflow/dags/db_and_model_update_dag.py took 0.094 seconds
[2026-03-23T14:28:45.332+0000] {processor.py:186} INFO - Started process (PID=1577) to work on /opt/airflow/dags/db_and_model_update_dag.py
[2026-03-23T14:28:45.333+0000] {processor.py:914} INFO - Processing file /opt/airflow/dags/db_and_model_update_dag.py for tasks to queue
[2026-03-23T14:28:45.335+0000] {logging_mixin.py:190} INFO - [2026-03-23T14:28:45.335+0000] {dagbag.py:588} INFO - Filling up the DagBag from /opt/airflow/dags/db_and_model_update_dag.py
[2026-03-23T14:28:45.352+0000] {processor.py:925} INFO - DAG(s) 'db_and_model_update' retrieved from /opt/airflow/dags/db_and_model_update_dag.py
[2026-03-23T14:28:45.378+0000] {logging_mixin.py:190} INFO - [2026-03-23T14:28:45.378+0000] {dag.py:3239} INFO - Sync 1 DAGs
[2026-03-23T14:28:45.401+0000] {logging_mixin.py:190} INFO - [2026-03-23T14:28:45.400+0000] {dag.py:4180} INFO - Setting next_dagrun for db_and_model_update to 2026-03-23 14:00:00+00:00, run_after=2026-03-30 14:00:00+00:00
[2026-03-23T14:28:45.422+0000] {processor.py:208} INFO - Processing /opt/airflow/dags/db_and_model_update_dag.py took 0.096 seconds
[2026-03-23T14:29:15.579+0000] {processor.py:186} INFO - Started process (PID=1587) to work on /opt/airflow/dags/db_and_model_update_dag.py
[2026-03-23T14:29:15.582+0000] {processor.py:914} INFO - Processing file /opt/airflow/dags/db_and_model_update_dag.py for tasks to queue
[2026-03-23T14:29:15.585+0000] {logging_mixin.py:190} INFO - [2026-03-23T14:29:15.584+0000] {dagbag.py:588} INFO - Filling up the DagBag from /opt/airflow/dags/db_and_model_update_dag.py
[2026-03-23T14:29:15.602+0000] {processor.py:925} INFO - DAG(s) 'db_and_model_update' retrieved from /opt/airflow/dags/db_and_model_update_dag.py
[2026-03-23T14:29:15.628+0000] {logging_mixin.py:190} INFO - [2026-03-23T14:29:15.628+0000] {dag.py:3239} INFO - Sync 1 DAGs
[2026-03-23T14:29:15.651+0000] {logging_mixin.py:190} INFO - [2026-03-23T14:29:15.650+0000] {dag.py:4180} INFO - Setting next_dagrun for db_and_model_update to 2026-03-23 14:00:00+00:00, run_after=2026-03-30 14:00:00+00:00
[2026-03-23T14:29:15.673+0000] {processor.py:208} INFO - Processing /opt/airflow/dags/db_and_model_update_dag.py took 0.099 seconds
[2026-03-23T14:29:45.887+0000] {processor.py:186} INFO - Started process (PID=1597) to work on /opt/airflow/dags/db_and_model_update_dag.py
[2026-03-23T14:29:45.888+0000] {processor.py:914} INFO - Processing file /opt/airflow/dags/db_and_model_update_dag.py for tasks to queue
[2026-03-23T14:29:45.890+0000] {logging_mixin.py:190} INFO - [2026-03-23T14:29:45.890+0000] {dagbag.py:588} INFO - Filling up the DagBag from /opt/airflow/dags/db_and_model_update_dag.py
[2026-03-23T14:29:45.907+0000] {processor.py:925} INFO - DAG(s) 'db_and_model_update' retrieved from /opt/airflow/dags/db_and_model_update_dag.py
[2026-03-23T14:29:45.939+0000] {logging_mixin.py:190} INFO - [2026-03-23T14:29:45.939+0000] {dag.py:3239} INFO - Sync 1 DAGs
[2026-03-23T14:29:45.960+0000] {logging_mixin.py:190} INFO - [2026-03-23T14:29:45.960+0000] {dag.py:4180} INFO - Setting next_dagrun for db_and_model_update to 2026-03-23 14:00:00+00:00, run_after=2026-03-30 14:00:00+00:00
[2026-03-23T14:29:45.979+0000] {processor.py:208} INFO - Processing /opt/airflow/dags/db_and_model_update_dag.py took 0.097 seconds
[2026-03-23T14:30:16.127+0000] {processor.py:186} INFO - Started process (PID=1607) to work on /opt/airflow/dags/db_and_model_update_dag.py
[2026-03-23T14:30:16.128+0000] {processor.py:914} INFO - Processing file /opt/airflow/dags/db_and_model_update_dag.py for tasks to queue
[2026-03-23T14:30:16.129+0000] {logging_mixin.py:190} INFO - [2026-03-23T14:30:16.129+0000] {dagbag.py:588} INFO - Filling up the DagBag from /opt/airflow/dags/db_and_model_update_dag.py
[2026-03-23T14:30:16.146+0000] {processor.py:925} INFO - DAG(s) 'db_and_model_update' retrieved from /opt/airflow/dags/db_and_model_update_dag.py
[2026-03-23T14:30:16.180+0000] {logging_mixin.py:190} INFO - [2026-03-23T14:30:16.180+0000] {dag.py:3239} INFO - Sync 1 DAGs
[2026-03-23T14:30:16.200+0000] {logging_mixin.py:190} INFO - [2026-03-23T14:30:16.200+0000] {dag.py:4180} INFO - Setting next_dagrun for db_and_model_update to 2026-03-23 14:00:00+00:00, run_after=2026-03-30 14:00:00+00:00
[2026-03-23T14:30:16.221+0000] {processor.py:208} INFO - Processing /opt/airflow/dags/db_and_model_update_dag.py took 0.100 seconds
[2026-03-23T14:30:46.449+0000] {processor.py:186} INFO - Started process (PID=1617) to work on /opt/airflow/dags/db_and_model_update_dag.py
[2026-03-23T14:30:46.450+0000] {processor.py:914} INFO - Processing file /opt/airflow/dags/db_and_model_update_dag.py for tasks to queue
[2026-03-23T14:30:46.452+0000] {logging_mixin.py:190} INFO - [2026-03-23T14:30:46.452+0000] {dagbag.py:588} INFO - Filling up the DagBag from /opt/airflow/dags/db_and_model_update_dag.py
[2026-03-23T14:30:46.469+0000] {processor.py:925} INFO - DAG(s) 'db_and_model_update' retrieved from /opt/airflow/dags/db_and_model_update_dag.py
[2026-03-23T14:30:46.505+0000] {logging_mixin.py:190} INFO - [2026-03-23T14:30:46.505+0000] {dag.py:3239} INFO - Sync 1 DAGs
[2026-03-23T14:30:46.526+0000] {logging_mixin.py:190} INFO - [2026-03-23T14:30:46.526+0000] {dag.py:4180} INFO - Setting next_dagrun for db_and_model_update to 2026-03-23 14:00:00+00:00, run_after=2026-03-30 14:00:00+00:00
[2026-03-23T14:30:46.543+0000] {processor.py:208} INFO - Processing /opt/airflow/dags/db_and_model_update_dag.py took 0.099 seconds
[2026-03-23T14:31:16.867+0000] {processor.py:186} INFO - Started process (PID=1627) to work on /opt/airflow/dags/db_and_model_update_dag.py
[2026-03-23T14:31:16.868+0000] {processor.py:914} INFO - Processing file /opt/airflow/dags/db_and_model_update_dag.py for tasks to queue
[2026-03-23T14:31:16.870+0000] {logging_mixin.py:190} INFO - [2026-03-23T14:31:16.869+0000] {dagbag.py:588} INFO - Filling up the DagBag from /opt/airflow/dags/db_and_model_update_dag.py
[2026-03-23T14:31:16.887+0000] {processor.py:925} INFO - DAG(s) 'db_and_model_update' retrieved from /opt/airflow/dags/db_and_model_update_dag.py
[2026-03-23T14:31:16.918+0000] {logging_mixin.py:190} INFO - [2026-03-23T14:31:16.918+0000] {dag.py:3239} INFO - Sync 1 DAGs
[2026-03-23T14:31:16.940+0000] {logging_mixin.py:190} INFO - [2026-03-23T14:31:16.940+0000] {dag.py:4180} INFO - Setting next_dagrun for db_and_model_update to 2026-03-23 14:00:00+00:00, run_after=2026-03-30 14:00:00+00:00
[2026-03-23T14:31:16.960+0000] {processor.py:208} INFO - Processing /opt/airflow/dags/db_and_model_update_dag.py took 0.099 seconds
[2026-03-23T14:31:47.231+0000] {processor.py:186} INFO - Started process (PID=1637) to work on /opt/airflow/dags/db_and_model_update_dag.py
[2026-03-23T14:31:47.232+0000] {processor.py:914} INFO - Processing file /opt/airflow/dags/db_and_model_update_dag.py for tasks to queue
[2026-03-23T14:31:47.234+0000] {logging_mixin.py:190} INFO - [2026-03-23T14:31:47.234+0000] {dagbag.py:588} INFO - Filling up the DagBag from /opt/airflow/dags/db_and_model_update_dag.py
[2026-03-23T14:31:47.250+0000] {processor.py:925} INFO - DAG(s) 'db_and_model_update' retrieved from /opt/airflow/dags/db_and_model_update_dag.py
[2026-03-23T14:31:47.282+0000] {logging_mixin.py:190} INFO - [2026-03-23T14:31:47.282+0000] {dag.py:3239} INFO - Sync 1 DAGs
[2026-03-23T14:31:47.304+0000] {logging_mixin.py:190} INFO - [2026-03-23T14:31:47.303+0000] {dag.py:4180} INFO - Setting next_dagrun for db_and_model_update to 2026-03-23 14:00:00+00:00, run_after=2026-03-30 14:00:00+00:00
[2026-03-23T14:31:47.322+0000] {processor.py:208} INFO - Processing /opt/airflow/dags/db_and_model_update_dag.py took 0.097 seconds
[2026-03-23T14:32:17.587+0000] {processor.py:186} INFO - Started process (PID=1647) to work on /opt/airflow/dags/db_and_model_update_dag.py
[2026-03-23T14:32:17.589+0000] {processor.py:914} INFO - Processing file /opt/airflow/dags/db_and_model_update_dag.py for tasks to queue
[2026-03-23T14:32:17.591+0000] {logging_mixin.py:190} INFO - [2026-03-23T14:32:17.591+0000] {dagbag.py:588} INFO - Filling up the DagBag from /opt/airflow/dags/db_and_model_update_dag.py
[2026-03-23T14:32:17.609+0000] {processor.py:925} INFO - DAG(s) 'db_and_model_update' retrieved from /opt/airflow/dags/db_and_model_update_dag.py
[2026-03-23T14:32:17.639+0000] {logging_mixin.py:190} INFO - [2026-03-23T14:32:17.639+0000] {dag.py:3239} INFO - Sync 1 DAGs
[2026-03-23T14:32:17.663+0000] {logging_mixin.py:190} INFO - [2026-03-23T14:32:17.663+0000] {dag.py:4180} INFO - Setting next_dagrun for db_and_model_update to 2026-03-23 14:00:00+00:00, run_after=2026-03-30 14:00:00+00:00
[2026-03-23T14:32:17.684+0000] {processor.py:208} INFO - Processing /opt/airflow/dags/db_and_model_update_dag.py took 0.104 seconds
[2026-03-23T14:32:47.853+0000] {processor.py:186} INFO - Started process (PID=1657) to work on /opt/airflow/dags/db_and_model_update_dag.py
[2026-03-23T14:32:47.854+0000] {processor.py:914} INFO - Processing file /opt/airflow/dags/db_and_model_update_dag.py for tasks to queue
[2026-03-23T14:32:47.857+0000] {logging_mixin.py:190} INFO - [2026-03-23T14:32:47.856+0000] {dagbag.py:588} INFO - Filling up the DagBag from /opt/airflow/dags/db_and_model_update_dag.py
[2026-03-23T14:32:47.880+0000] {processor.py:925} INFO - DAG(s) 'db_and_model_update' retrieved from /opt/airflow/dags/db_and_model_update_dag.py
[2026-03-23T14:32:47.910+0000] {logging_mixin.py:190} INFO - [2026-03-23T14:32:47.910+0000] {dag.py:3239} INFO - Sync 1 DAGs
[2026-03-23T14:32:47.935+0000] {logging_mixin.py:190} INFO - [2026-03-23T14:32:47.935+0000] {dag.py:4180} INFO - Setting next_dagrun for db_and_model_update to 2026-03-23 14:00:00+00:00, run_after=2026-03-30 14:00:00+00:00
[2026-03-23T14:32:47.963+0000] {processor.py:208} INFO - Processing /opt/airflow/dags/db_and_model_update_dag.py took 0.116 seconds
[2026-03-23T14:33:18.124+0000] {processor.py:186} INFO - Started process (PID=1667) to work on /opt/airflow/dags/db_and_model_update_dag.py
[2026-03-23T14:33:18.124+0000] {processor.py:914} INFO - Processing file /opt/airflow/dags/db_and_model_update_dag.py for tasks to queue
[2026-03-23T14:33:18.126+0000] {logging_mixin.py:190} INFO - [2026-03-23T14:33:18.126+0000] {dagbag.py:588} INFO - Filling up the DagBag from /opt/airflow/dags/db_and_model_update_dag.py
[2026-03-23T14:33:18.152+0000] {processor.py:925} INFO - DAG(s) 'db_and_model_update' retrieved from /opt/airflow/dags/db_and_model_update_dag.py
[2026-03-23T14:33:18.177+0000] {logging_mixin.py:190} INFO - [2026-03-23T14:33:18.176+0000] {dag.py:3239} INFO - Sync 1 DAGs
[2026-03-23T14:33:18.196+0000] {logging_mixin.py:190} INFO - [2026-03-23T14:33:18.196+0000] {dag.py:4180} INFO - Setting next_dagrun for db_and_model_update to 2026-03-23 14:00:00+00:00, run_after=2026-03-30 14:00:00+00:00
[2026-03-23T14:33:18.217+0000] {processor.py:208} INFO - Processing /opt/airflow/dags/db_and_model_update_dag.py took 0.099 seconds
[2026-03-23T14:33:48.438+0000] {processor.py:186} INFO - Started process (PID=1677) to work on /opt/airflow/dags/db_and_model_update_dag.py
[2026-03-23T14:33:48.439+0000] {processor.py:914} INFO - Processing file /opt/airflow/dags/db_and_model_update_dag.py for tasks to queue
[2026-03-23T14:33:48.442+0000] {logging_mixin.py:190} INFO - [2026-03-23T14:33:48.441+0000] {dagbag.py:588} INFO - Filling up the DagBag from /opt/airflow/dags/db_and_model_update_dag.py
[2026-03-23T14:33:48.462+0000] {processor.py:925} INFO - DAG(s) 'db_and_model_update' retrieved from /opt/airflow/dags/db_and_model_update_dag.py
[2026-03-23T14:33:48.498+0000] {logging_mixin.py:190} INFO - [2026-03-23T14:33:48.498+0000] {dag.py:3239} INFO - Sync 1 DAGs
[2026-03-23T14:33:48.523+0000] {logging_mixin.py:190} INFO - [2026-03-23T14:33:48.523+0000] {dag.py:4180} INFO - Setting next_dagrun for db_and_model_update to 2026-03-23 14:00:00+00:00, run_after=2026-03-30 14:00:00+00:00
[2026-03-23T14:33:48.542+0000] {processor.py:208} INFO - Processing /opt/airflow/dags/db_and_model_update_dag.py took 0.110 seconds
[2026-03-23T14:34:18.695+0000] {processor.py:186} INFO - Started process (PID=1687) to work on /opt/airflow/dags/db_and_model_update_dag.py
[2026-03-23T14:34:18.696+0000] {processor.py:914} INFO - Processing file /opt/airflow/dags/db_and_model_update_dag.py for tasks to queue
[2026-03-23T14:34:18.698+0000] {logging_mixin.py:190} INFO - [2026-03-23T14:34:18.698+0000] {dagbag.py:588} INFO - Filling up the DagBag from /opt/airflow/dags/db_and_model_update_dag.py
[2026-03-23T14:34:18.716+0000] {processor.py:925} INFO - DAG(s) 'db_and_model_update' retrieved from /opt/airflow/dags/db_and_model_update_dag.py
[2026-03-23T14:34:18.747+0000] {logging_mixin.py:190} INFO - [2026-03-23T14:34:18.747+0000] {dag.py:3239} INFO - Sync 1 DAGs
[2026-03-23T14:34:18.774+0000] {logging_mixin.py:190} INFO - [2026-03-23T14:34:18.774+0000] {dag.py:4180} INFO - Setting next_dagrun for db_and_model_update to 2026-03-23 14:00:00+00:00, run_after=2026-03-30 14:00:00+00:00
[2026-03-23T14:34:18.799+0000] {processor.py:208} INFO - Processing /opt/airflow/dags/db_and_model_update_dag.py took 0.110 seconds
[2026-03-23T14:34:49.004+0000] {processor.py:186} INFO - Started process (PID=1697) to work on /opt/airflow/dags/db_and_model_update_dag.py
[2026-03-23T14:34:49.005+0000] {processor.py:914} INFO - Processing file /opt/airflow/dags/db_and_model_update_dag.py for tasks to queue
[2026-03-23T14:34:49.007+0000] {logging_mixin.py:190} INFO - [2026-03-23T14:34:49.006+0000] {dagbag.py:588} INFO - Filling up the DagBag from /opt/airflow/dags/db_and_model_update_dag.py
[2026-03-23T14:34:49.024+0000] {processor.py:925} INFO - DAG(s) 'db_and_model_update' retrieved from /opt/airflow/dags/db_and_model_update_dag.py
[2026-03-23T14:34:49.051+0000] {logging_mixin.py:190} INFO - [2026-03-23T14:34:49.050+0000] {dag.py:3239} INFO - Sync 1 DAGs
[2026-03-23T14:34:49.071+0000] {logging_mixin.py:190} INFO - [2026-03-23T14:34:49.071+0000] {dag.py:4180} INFO - Setting next_dagrun for db_and_model_update to 2026-03-23 14:00:00+00:00, run_after=2026-03-30 14:00:00+00:00
[2026-03-23T14:34:49.088+0000] {processor.py:208} INFO - Processing /opt/airflow/dags/db_and_model_update_dag.py took 0.089 seconds
[2026-03-23T14:35:19.355+0000] {processor.py:186} INFO - Started process (PID=1707) to work on /opt/airflow/dags/db_and_model_update_dag.py
[2026-03-23T14:35:19.357+0000] {processor.py:914} INFO - Processing file /opt/airflow/dags/db_and_model_update_dag.py for tasks to queue
[2026-03-23T14:35:19.359+0000] {logging_mixin.py:190} INFO - [2026-03-23T14:35:19.358+0000] {dagbag.py:588} INFO - Filling up the DagBag from /opt/airflow/dags/db_and_model_update_dag.py
[2026-03-23T14:35:19.375+0000] {processor.py:925} INFO - DAG(s) 'db_and_model_update' retrieved from /opt/airflow/dags/db_and_model_update_dag.py
[2026-03-23T14:35:19.399+0000] {logging_mixin.py:190} INFO - [2026-03-23T14:35:19.399+0000] {dag.py:3239} INFO - Sync 1 DAGs
[2026-03-23T14:35:19.421+0000] {logging_mixin.py:190} INFO - [2026-03-23T14:35:19.421+0000] {dag.py:4180} INFO - Setting next_dagrun for db_and_model_update to 2026-03-23 14:00:00+00:00, run_after=2026-03-30 14:00:00+00:00
[2026-03-23T14:35:19.441+0000] {processor.py:208} INFO - Processing /opt/airflow/dags/db_and_model_update_dag.py took 0.091 seconds
[2026-03-23T14:35:49.591+0000] {processor.py:186} INFO - Started process (PID=1717) to work on /opt/airflow/dags/db_and_model_update_dag.py
[2026-03-23T14:35:49.592+0000] {processor.py:914} INFO - Processing file /opt/airflow/dags/db_and_model_update_dag.py for tasks to queue
[2026-03-23T14:35:49.593+0000] {logging_mixin.py:190} INFO - [2026-03-23T14:35:49.593+0000] {dagbag.py:588} INFO - Filling up the DagBag from /opt/airflow/dags/db_and_model_update_dag.py
[2026-03-23T14:35:49.610+0000] {processor.py:925} INFO - DAG(s) 'db_and_model_update' retrieved from /opt/airflow/dags/db_and_model_update_dag.py
[2026-03-23T14:35:49.635+0000] {logging_mixin.py:190} INFO - [2026-03-23T14:35:49.635+0000] {dag.py:3239} INFO - Sync 1 DAGs
[2026-03-23T14:35:49.654+0000] {logging_mixin.py:190} INFO - [2026-03-23T14:35:49.654+0000] {dag.py:4180} INFO - Setting next_dagrun for db_and_model_update to 2026-03-23 14:00:00+00:00, run_after=2026-03-30 14:00:00+00:00
[2026-03-23T14:35:49.675+0000] {processor.py:208} INFO - Processing /opt/airflow/dags/db_and_model_update_dag.py took 0.090 seconds
[2026-03-23T14:36:19.935+0000] {processor.py:186} INFO - Started process (PID=1727) to work on /opt/airflow/dags/db_and_model_update_dag.py
[2026-03-23T14:36:19.936+0000] {processor.py:914} INFO - Processing file /opt/airflow/dags/db_and_model_update_dag.py for tasks to queue
[2026-03-23T14:36:19.938+0000] {logging_mixin.py:190} INFO - [2026-03-23T14:36:19.938+0000] {dagbag.py:588} INFO - Filling up the DagBag from /opt/airflow/dags/db_and_model_update_dag.py
[2026-03-23T14:36:19.954+0000] {processor.py:925} INFO - DAG(s) 'db_and_model_update' retrieved from /opt/airflow/dags/db_and_model_update_dag.py
[2026-03-23T14:36:19.978+0000] {logging_mixin.py:190} INFO - [2026-03-23T14:36:19.978+0000] {dag.py:3239} INFO - Sync 1 DAGs
[2026-03-23T14:36:19.997+0000] {logging_mixin.py:190} INFO - [2026-03-23T14:36:19.997+0000] {dag.py:4180} INFO - Setting next_dagrun for db_and_model_update to 2026-03-23 14:00:00+00:00, run_after=2026-03-30 14:00:00+00:00
[2026-03-23T14:36:20.014+0000] {processor.py:208} INFO - Processing /opt/airflow/dags/db_and_model_update_dag.py took 0.085 seconds
[2026-03-23T14:36:50.269+0000] {processor.py:186} INFO - Started process (PID=1737) to work on /opt/airflow/dags/db_and_model_update_dag.py
[2026-03-23T14:36:50.270+0000] {processor.py:914} INFO - Processing file /opt/airflow/dags/db_and_model_update_dag.py for tasks to queue
[2026-03-23T14:36:50.272+0000] {logging_mixin.py:190} INFO - [2026-03-23T14:36:50.272+0000] {dagbag.py:588} INFO - Filling up the DagBag from /opt/airflow/dags/db_and_model_update_dag.py
[2026-03-23T14:36:50.288+0000] {processor.py:925} INFO - DAG(s) 'db_and_model_update' retrieved from /opt/airflow/dags/db_and_model_update_dag.py
[2026-03-23T14:36:50.314+0000] {logging_mixin.py:190} INFO - [2026-03-23T14:36:50.313+0000] {dag.py:3239} INFO - Sync 1 DAGs
[2026-03-23T14:36:50.334+0000] {logging_mixin.py:190} INFO - [2026-03-23T14:36:50.333+0000] {dag.py:4180} INFO - Setting next_dagrun for db_and_model_update to 2026-03-23 14:00:00+00:00, run_after=2026-03-30 14:00:00+00:00
[2026-03-23T14:36:50.352+0000] {processor.py:208} INFO - Processing /opt/airflow/dags/db_and_model_update_dag.py took 0.090 seconds
[2026-03-23T14:37:20.514+0000] {processor.py:186} INFO - Started process (PID=1747) to work on /opt/airflow/dags/db_and_model_update_dag.py
[2026-03-23T14:37:20.515+0000] {processor.py:914} INFO - Processing file /opt/airflow/dags/db_and_model_update_dag.py for tasks to queue
[2026-03-23T14:37:20.517+0000] {logging_mixin.py:190} INFO - [2026-03-23T14:37:20.517+0000] {dagbag.py:588} INFO - Filling up the DagBag from /opt/airflow/dags/db_and_model_update_dag.py
[2026-03-23T14:37:20.532+0000] {processor.py:925} INFO - DAG(s) 'db_and_model_update' retrieved from /opt/airflow/dags/db_and_model_update_dag.py
[2026-03-23T14:37:20.557+0000] {logging_mixin.py:190} INFO - [2026-03-23T14:37:20.557+0000] {dag.py:3239} INFO - Sync 1 DAGs
[2026-03-23T14:37:20.579+0000] {logging_mixin.py:190} INFO - [2026-03-23T14:37:20.579+0000] {dag.py:4180} INFO - Setting next_dagrun for db_and_model_update to 2026-03-23 14:00:00+00:00, run_after=2026-03-30 14:00:00+00:00
[2026-03-23T14:37:20.607+0000] {processor.py:208} INFO - Processing /opt/airflow/dags/db_and_model_update_dag.py took 0.099 seconds
[2026-03-23T14:37:50.802+0000] {processor.py:186} INFO - Started process (PID=1757) to work on /opt/airflow/dags/db_and_model_update_dag.py
[2026-03-23T14:37:50.803+0000] {processor.py:914} INFO - Processing file /opt/airflow/dags/db_and_model_update_dag.py for tasks to queue
[2026-03-23T14:37:50.805+0000] {logging_mixin.py:190} INFO - [2026-03-23T14:37:50.804+0000] {dagbag.py:588} INFO - Filling up the DagBag from /opt/airflow/dags/db_and_model_update_dag.py
[2026-03-23T14:37:50.824+0000] {processor.py:925} INFO - DAG(s) 'db_and_model_update' retrieved from /opt/airflow/dags/db_and_model_update_dag.py
[2026-03-23T14:37:50.849+0000] {logging_mixin.py:190} INFO - [2026-03-23T14:37:50.849+0000] {dag.py:3239} INFO - Sync 1 DAGs
[2026-03-23T14:37:50.873+0000] {logging_mixin.py:190} INFO - [2026-03-23T14:37:50.872+0000] {dag.py:4180} INFO - Setting next_dagrun for db_and_model_update to 2026-03-23 14:00:00+00:00, run_after=2026-03-30 14:00:00+00:00
[2026-03-23T14:37:50.890+0000] {processor.py:208} INFO - Processing /opt/airflow/dags/db_and_model_update_dag.py took 0.095 seconds
[2026-03-23T14:38:21.053+0000] {processor.py:186} INFO - Started process (PID=1767) to work on /opt/airflow/dags/db_and_model_update_dag.py
[2026-03-23T14:38:21.054+0000] {processor.py:914} INFO - Processing file /opt/airflow/dags/db_and_model_update_dag.py for tasks to queue
[2026-03-23T14:38:21.056+0000] {logging_mixin.py:190} INFO - [2026-03-23T14:38:21.056+0000] {dagbag.py:588} INFO - Filling up the DagBag from /opt/airflow/dags/db_and_model_update_dag.py
[2026-03-23T14:38:21.075+0000] {processor.py:925} INFO - DAG(s) 'db_and_model_update' retrieved from /opt/airflow/dags/db_and_model_update_dag.py
[2026-03-23T14:38:21.103+0000] {logging_mixin.py:190} INFO - [2026-03-23T14:38:21.103+0000] {dag.py:3239} INFO - Sync 1 DAGs
[2026-03-23T14:38:21.123+0000] {logging_mixin.py:190} INFO - [2026-03-23T14:38:21.123+0000] {dag.py:4180} INFO - Setting next_dagrun for db_and_model_update to 2026-03-23 14:00:00+00:00, run_after=2026-03-30 14:00:00+00:00
[2026-03-23T14:38:21.143+0000] {processor.py:208} INFO - Processing /opt/airflow/dags/db_and_model_update_dag.py took 0.095 seconds
[2026-03-23T14:38:51.359+0000] {processor.py:186} INFO - Started process (PID=1777) to work on /opt/airflow/dags/db_and_model_update_dag.py
[2026-03-23T14:38:51.360+0000] {processor.py:914} INFO - Processing file /opt/airflow/dags/db_and_model_update_dag.py for tasks to queue
[2026-03-23T14:38:51.362+0000] {logging_mixin.py:190} INFO - [2026-03-23T14:38:51.361+0000] {dagbag.py:588} INFO - Filling up the DagBag from /opt/airflow/dags/db_and_model_update_dag.py
[2026-03-23T14:38:51.378+0000] {processor.py:925} INFO - DAG(s) 'db_and_model_update' retrieved from /opt/airflow/dags/db_and_model_update_dag.py
[2026-03-23T14:38:51.407+0000] {logging_mixin.py:190} INFO - [2026-03-23T14:38:51.406+0000] {dag.py:3239} INFO - Sync 1 DAGs
[2026-03-23T14:38:51.427+0000] {logging_mixin.py:190} INFO - [2026-03-23T14:38:51.426+0000] {dag.py:4180} INFO - Setting next_dagrun for db_and_model_update to 2026-03-23 14:00:00+00:00, run_after=2026-03-30 14:00:00+00:00
[2026-03-23T14:38:51.443+0000] {processor.py:208} INFO - Processing /opt/airflow/dags/db_and_model_update_dag.py took 0.090 seconds
[2026-03-23T14:39:21.604+0000] {processor.py:186} INFO - Started process (PID=1787) to work on /opt/airflow/dags/db_and_model_update_dag.py
[2026-03-23T14:39:21.605+0000] {processor.py:914} INFO - Processing file /opt/airflow/dags/db_and_model_update_dag.py for tasks to queue
[2026-03-23T14:39:21.607+0000] {logging_mixin.py:190} INFO - [2026-03-23T14:39:21.607+0000] {dagbag.py:588} INFO - Filling up the DagBag from /opt/airflow/dags/db_and_model_update_dag.py
[2026-03-23T14:39:21.624+0000] {processor.py:925} INFO - DAG(s) 'db_and_model_update' retrieved from /opt/airflow/dags/db_and_model_update_dag.py
[2026-03-23T14:39:21.651+0000] {logging_mixin.py:190} INFO - [2026-03-23T14:39:21.651+0000] {dag.py:3239} INFO - Sync 1 DAGs
[2026-03-23T14:39:21.673+0000] {logging_mixin.py:190} INFO - [2026-03-23T14:39:21.672+0000] {dag.py:4180} INFO - Setting next_dagrun for db_and_model_update to 2026-03-23 14:00:00+00:00, run_after=2026-03-30 14:00:00+00:00
[2026-03-23T14:39:21.694+0000] {processor.py:208} INFO - Processing /opt/airflow/dags/db_and_model_update_dag.py took 0.095 seconds
[2026-03-23T14:57:00.361+0000] {processor.py:186} INFO - Started process (PID=56) to work on /opt/airflow/dags/db_and_model_update_dag.py
[2026-03-23T14:57:00.362+0000] {processor.py:914} INFO - Processing file /opt/airflow/dags/db_and_model_update_dag.py for tasks to queue
[2026-03-23T14:57:00.365+0000] {logging_mixin.py:190} INFO - [2026-03-23T14:57:00.364+0000] {dagbag.py:588} INFO - Filling up the DagBag from /opt/airflow/dags/db_and_model_update_dag.py
[2026-03-23T14:57:00.413+0000] {processor.py:925} INFO - DAG(s) 'db_and_model_update' retrieved from /opt/airflow/dags/db_and_model_update_dag.py
[2026-03-23T14:57:00.494+0000] {logging_mixin.py:190} INFO - [2026-03-23T14:57:00.494+0000] {dag.py:3239} INFO - Sync 1 DAGs
[2026-03-23T14:57:00.551+0000] {logging_mixin.py:190} INFO - [2026-03-23T14:57:00.551+0000] {dag.py:4180} INFO - Setting next_dagrun for db_and_model_update to 2026-03-23 14:00:00+00:00, run_after=2026-03-30 14:00:00+00:00
[2026-03-23T14:57:00.595+0000] {processor.py:208} INFO - Processing /opt/airflow/dags/db_and_model_update_dag.py took 0.242 seconds
[2026-03-23T14:57:30.831+0000] {processor.py:186} INFO - Started process (PID=66) to work on /opt/airflow/dags/db_and_model_update_dag.py
[2026-03-23T14:57:30.833+0000] {processor.py:914} INFO - Processing file /opt/airflow/dags/db_and_model_update_dag.py for tasks to queue
[2026-03-23T14:57:30.837+0000] {logging_mixin.py:190} INFO - [2026-03-23T14:57:30.836+0000] {dagbag.py:588} INFO - Filling up the DagBag from /opt/airflow/dags/db_and_model_update_dag.py
[2026-03-23T14:57:30.858+0000] {processor.py:925} INFO - DAG(s) 'db_and_model_update' retrieved from /opt/airflow/dags/db_and_model_update_dag.py
[2026-03-23T14:57:30.890+0000] {logging_mixin.py:190} INFO - [2026-03-23T14:57:30.890+0000] {dag.py:3239} INFO - Sync 1 DAGs
[2026-03-23T14:57:30.915+0000] {logging_mixin.py:190} INFO - [2026-03-23T14:57:30.915+0000] {dag.py:4180} INFO - Setting next_dagrun for db_and_model_update to 2026-03-23 14:00:00+00:00, run_after=2026-03-30 14:00:00+00:00
[2026-03-23T14:57:30.938+0000] {processor.py:208} INFO - Processing /opt/airflow/dags/db_and_model_update_dag.py took 0.114 seconds
[2026-03-23T14:58:01.058+0000] {processor.py:186} INFO - Started process (PID=76) to work on /opt/airflow/dags/db_and_model_update_dag.py
[2026-03-23T14:58:01.060+0000] {processor.py:914} INFO - Processing file /opt/airflow/dags/db_and_model_update_dag.py for tasks to queue
[2026-03-23T14:58:01.062+0000] {logging_mixin.py:190} INFO - [2026-03-23T14:58:01.062+0000] {dagbag.py:588} INFO - Filling up the DagBag from /opt/airflow/dags/db_and_model_update_dag.py
[2026-03-23T14:58:01.082+0000] {processor.py:925} INFO - DAG(s) 'db_and_model_update' retrieved from /opt/airflow/dags/db_and_model_update_dag.py
[2026-03-23T14:58:01.113+0000] {logging_mixin.py:190} INFO - [2026-03-23T14:58:01.112+0000] {dag.py:3239} INFO - Sync 1 DAGs
[2026-03-23T14:58:01.134+0000] {logging_mixin.py:190} INFO - [2026-03-23T14:58:01.134+0000] {dag.py:4180} INFO - Setting next_dagrun for db_and_model_update to 2026-03-23 14:00:00+00:00, run_after=2026-03-30 14:00:00+00:00
[2026-03-23T14:58:01.152+0000] {processor.py:208} INFO - Processing /opt/airflow/dags/db_and_model_update_dag.py took 0.101 seconds
[2026-03-23T14:58:31.395+0000] {processor.py:186} INFO - Started process (PID=86) to work on /opt/airflow/dags/db_and_model_update_dag.py
[2026-03-23T14:58:31.397+0000] {processor.py:914} INFO - Processing file /opt/airflow/dags/db_and_model_update_dag.py for tasks to queue
[2026-03-23T14:58:31.400+0000] {logging_mixin.py:190} INFO - [2026-03-23T14:58:31.399+0000] {dagbag.py:588} INFO - Filling up the DagBag from /opt/airflow/dags/db_and_model_update_dag.py
[2026-03-23T14:58:31.421+0000] {processor.py:925} INFO - DAG(s) 'db_and_model_update' retrieved from /opt/airflow/dags/db_and_model_update_dag.py
[2026-03-23T14:58:31.453+0000] {logging_mixin.py:190} INFO - [2026-03-23T14:58:31.453+0000] {dag.py:3239} INFO - Sync 1 DAGs
[2026-03-23T14:58:31.478+0000] {logging_mixin.py:190} INFO - [2026-03-23T14:58:31.478+0000] {dag.py:4180} INFO - Setting next_dagrun for db_and_model_update to 2026-03-23 14:00:00+00:00, run_after=2026-03-30 14:00:00+00:00
[2026-03-23T14:58:31.496+0000] {processor.py:208} INFO - Processing /opt/airflow/dags/db_and_model_update_dag.py took 0.111 seconds
[2026-03-23T14:59:01.641+0000] {processor.py:186} INFO - Started process (PID=96) to work on /opt/airflow/dags/db_and_model_update_dag.py
[2026-03-23T14:59:01.642+0000] {processor.py:914} INFO - Processing file /opt/airflow/dags/db_and_model_update_dag.py for tasks to queue
[2026-03-23T14:59:01.647+0000] {logging_mixin.py:190} INFO - [2026-03-23T14:59:01.647+0000] {dagbag.py:588} INFO - Filling up the DagBag from /opt/airflow/dags/db_and_model_update_dag.py
[2026-03-23T14:59:01.668+0000] {processor.py:925} INFO - DAG(s) 'db_and_model_update' retrieved from /opt/airflow/dags/db_and_model_update_dag.py
[2026-03-23T14:59:01.703+0000] {logging_mixin.py:190} INFO - [2026-03-23T14:59:01.703+0000] {dag.py:3239} INFO - Sync 1 DAGs
[2026-03-23T14:59:01.729+0000] {logging_mixin.py:190} INFO - [2026-03-23T14:59:01.729+0000] {dag.py:4180} INFO - Setting next_dagrun for db_and_model_update to 2026-03-23 14:00:00+00:00, run_after=2026-03-30 14:00:00+00:00
[2026-03-23T14:59:01.750+0000] {processor.py:208} INFO - Processing /opt/airflow/dags/db_and_model_update_dag.py took 0.116 seconds
[2026-03-23T14:59:31.985+0000] {processor.py:186} INFO - Started process (PID=106) to work on /opt/airflow/dags/db_and_model_update_dag.py
[2026-03-23T14:59:31.990+0000] {processor.py:914} INFO - Processing file /opt/airflow/dags/db_and_model_update_dag.py for tasks to queue
[2026-03-23T14:59:31.993+0000] {logging_mixin.py:190} INFO - [2026-03-23T14:59:31.992+0000] {dagbag.py:588} INFO - Filling up the DagBag from /opt/airflow/dags/db_and_model_update_dag.py
[2026-03-23T14:59:32.018+0000] {processor.py:925} INFO - DAG(s) 'db_and_model_update' retrieved from /opt/airflow/dags/db_and_model_update_dag.py
[2026-03-23T14:59:32.052+0000] {logging_mixin.py:190} INFO - [2026-03-23T14:59:32.052+0000] {dag.py:3239} INFO - Sync 1 DAGs
[2026-03-23T14:59:32.079+0000] {logging_mixin.py:190} INFO - [2026-03-23T14:59:32.078+0000] {dag.py:4180} INFO - Setting next_dagrun for db_and_model_update to 2026-03-23 14:00:00+00:00, run_after=2026-03-30 14:00:00+00:00
[2026-03-23T14:59:32.102+0000] {processor.py:208} INFO - Processing /opt/airflow/dags/db_and_model_update_dag.py took 0.124 seconds
[2026-03-23T15:00:03.367+0000] {processor.py:186} INFO - Started process (PID=124) to work on /opt/airflow/dags/db_and_model_update_dag.py
[2026-03-23T15:00:03.369+0000] {processor.py:914} INFO - Processing file /opt/airflow/dags/db_and_model_update_dag.py for tasks to queue
[2026-03-23T15:00:03.372+0000] {logging_mixin.py:190} INFO - [2026-03-23T15:00:03.371+0000] {dagbag.py:588} INFO - Filling up the DagBag from /opt/airflow/dags/db_and_model_update_dag.py
[2026-03-23T15:00:03.397+0000] {processor.py:925} INFO - DAG(s) 'db_and_model_update' retrieved from /opt/airflow/dags/db_and_model_update_dag.py
[2026-03-23T15:00:03.429+0000] {logging_mixin.py:190} INFO - [2026-03-23T15:00:03.429+0000] {dag.py:3239} INFO - Sync 1 DAGs
[2026-03-23T15:00:03.469+0000] {processor.py:208} INFO - Processing /opt/airflow/dags/db_and_model_update_dag.py took 0.110 seconds
[2026-03-23T15:00:34.052+0000] {processor.py:186} INFO - Started process (PID=134) to work on /opt/airflow/dags/db_and_model_update_dag.py
[2026-03-23T15:00:34.054+0000] {processor.py:914} INFO - Processing file /opt/airflow/dags/db_and_model_update_dag.py for tasks to queue
[2026-03-23T15:00:34.057+0000] {logging_mixin.py:190} INFO - [2026-03-23T15:00:34.057+0000] {dagbag.py:588} INFO - Filling up the DagBag from /opt/airflow/dags/db_and_model_update_dag.py
[2026-03-23T15:00:34.079+0000] {processor.py:925} INFO - DAG(s) 'db_and_model_update' retrieved from /opt/airflow/dags/db_and_model_update_dag.py
[2026-03-23T15:00:34.110+0000] {logging_mixin.py:190} INFO - [2026-03-23T15:00:34.110+0000] {dag.py:3239} INFO - Sync 1 DAGs
[2026-03-23T15:00:34.157+0000] {processor.py:208} INFO - Processing /opt/airflow/dags/db_and_model_update_dag.py took 0.116 seconds
[2026-03-23T15:01:08.092+0000] {processor.py:186} INFO - Started process (PID=144) to work on /opt/airflow/dags/db_and_model_update_dag.py
[2026-03-23T15:01:08.093+0000] {processor.py:914} INFO - Processing file /opt/airflow/dags/db_and_model_update_dag.py for tasks to queue
[2026-03-23T15:01:08.095+0000] {logging_mixin.py:190} INFO - [2026-03-23T15:01:08.095+0000] {dagbag.py:588} INFO - Filling up the DagBag from /opt/airflow/dags/db_and_model_update_dag.py
[2026-03-23T15:01:08.122+0000] {processor.py:925} INFO - DAG(s) 'db_and_model_update' retrieved from /opt/airflow/dags/db_and_model_update_dag.py
[2026-03-23T15:01:01.001+0000] {logging_mixin.py:190} INFO - [2026-03-23T15:01:01.001+0000] {dag.py:3239} INFO - Sync 1 DAGs
[2026-03-23T15:01:01.042+0000] {processor.py:208} INFO - Processing /opt/airflow/dags/db_and_model_update_dag.py took 0.115 seconds
[2026-03-23T15:01:31.321+0000] {processor.py:186} INFO - Started process (PID=154) to work on /opt/airflow/dags/db_and_model_update_dag.py
[2026-03-23T15:01:31.322+0000] {processor.py:914} INFO - Processing file /opt/airflow/dags/db_and_model_update_dag.py for tasks to queue
[2026-03-23T15:01:31.326+0000] {logging_mixin.py:190} INFO - [2026-03-23T15:01:31.325+0000] {dagbag.py:588} INFO - Filling up the DagBag from /opt/airflow/dags/db_and_model_update_dag.py
[2026-03-23T15:01:31.349+0000] {processor.py:925} INFO - DAG(s) 'db_and_model_update' retrieved from /opt/airflow/dags/db_and_model_update_dag.py
[2026-03-23T15:01:38.123+0000] {logging_mixin.py:190} INFO - [2026-03-23T15:01:38.123+0000] {dag.py:3239} INFO - Sync 1 DAGs
[2026-03-23T15:01:38.166+0000] {processor.py:208} INFO - Processing /opt/airflow/dags/db_and_model_update_dag.py took 0.111 seconds
[2026-03-23T15:02:08.477+0000] {processor.py:186} INFO - Started process (PID=169) to work on /opt/airflow/dags/db_and_model_update_dag.py
[2026-03-23T15:02:08.478+0000] {processor.py:914} INFO - Processing file /opt/airflow/dags/db_and_model_update_dag.py for tasks to queue
[2026-03-23T15:02:08.481+0000] {logging_mixin.py:190} INFO - [2026-03-23T15:02:08.480+0000] {dagbag.py:588} INFO - Filling up the DagBag from /opt/airflow/dags/db_and_model_update_dag.py
[2026-03-23T15:02:08.504+0000] {processor.py:925} INFO - DAG(s) 'db_and_model_update' retrieved from /opt/airflow/dags/db_and_model_update_dag.py
[2026-03-23T15:02:08.534+0000] {logging_mixin.py:190} INFO - [2026-03-23T15:02:08.533+0000] {dag.py:3239} INFO - Sync 1 DAGs
[2026-03-23T15:02:08.575+0000] {processor.py:208} INFO - Processing /opt/airflow/dags/db_and_model_update_dag.py took 0.106 seconds
[2026-03-23T15:02:39.465+0000] {processor.py:186} INFO - Started process (PID=179) to work on /opt/airflow/dags/db_and_model_update_dag.py
[2026-03-23T15:02:39.467+0000] {processor.py:914} INFO - Processing file /opt/airflow/dags/db_and_model_update_dag.py for tasks to queue
[2026-03-23T15:02:39.470+0000] {logging_mixin.py:190} INFO - [2026-03-23T15:02:39.469+0000] {dagbag.py:588} INFO - Filling up the DagBag from /opt/airflow/dags/db_and_model_update_dag.py
[2026-03-23T15:02:39.492+0000] {processor.py:925} INFO - DAG(s) 'db_and_model_update' retrieved from /opt/airflow/dags/db_and_model_update_dag.py
[2026-03-23T15:02:39.525+0000] {logging_mixin.py:190} INFO - [2026-03-23T15:02:39.525+0000] {dag.py:3239} INFO - Sync 1 DAGs
[2026-03-23T15:02:39.569+0000] {processor.py:208} INFO - Processing /opt/airflow/dags/db_and_model_update_dag.py took 0.112 seconds
[2026-03-23T15:03:10.352+0000] {processor.py:186} INFO - Started process (PID=189) to work on /opt/airflow/dags/db_and_model_update_dag.py
[2026-03-23T15:03:10.354+0000] {processor.py:914} INFO - Processing file /opt/airflow/dags/db_and_model_update_dag.py for tasks to queue
[2026-03-23T15:03:10.357+0000] {logging_mixin.py:190} INFO - [2026-03-23T15:03:10.357+0000] {dagbag.py:588} INFO - Filling up the DagBag from /opt/airflow/dags/db_and_model_update_dag.py
[2026-03-23T15:03:10.378+0000] {processor.py:925} INFO - DAG(s) 'db_and_model_update' retrieved from /opt/airflow/dags/db_and_model_update_dag.py
[2026-03-23T15:03:10.407+0000] {logging_mixin.py:190} INFO - [2026-03-23T15:03:10.407+0000] {dag.py:3239} INFO - Sync 1 DAGs
[2026-03-23T15:03:10.447+0000] {processor.py:208} INFO - Processing /opt/airflow/dags/db_and_model_update_dag.py took 0.103 seconds
[2026-03-23T15:03:40.640+0000] {processor.py:186} INFO - Started process (PID=199) to work on /opt/airflow/dags/db_and_model_update_dag.py
[2026-03-23T15:03:40.641+0000] {processor.py:914} INFO - Processing file /opt/airflow/dags/db_and_model_update_dag.py for tasks to queue
[2026-03-23T15:03:40.644+0000] {logging_mixin.py:190} INFO - [2026-03-23T15:03:40.644+0000] {dagbag.py:588} INFO - Filling up the DagBag from /opt/airflow/dags/db_and_model_update_dag.py
[2026-03-23T15:03:40.664+0000] {processor.py:925} INFO - DAG(s) 'db_and_model_update' retrieved from /opt/airflow/dags/db_and_model_update_dag.py
[2026-03-23T15:03:40.695+0000] {logging_mixin.py:190} INFO - [2026-03-23T15:03:40.695+0000] {dag.py:3239} INFO - Sync 1 DAGs
[2026-03-23T15:03:40.737+0000] {processor.py:208} INFO - Processing /opt/airflow/dags/db_and_model_update_dag.py took 0.104 seconds
[2026-03-23T15:04:11.161+0000] {processor.py:186} INFO - Started process (PID=209) to work on /opt/airflow/dags/db_and_model_update_dag.py
[2026-03-23T15:04:11.162+0000] {processor.py:914} INFO - Processing file /opt/airflow/dags/db_and_model_update_dag.py for tasks to queue
[2026-03-23T15:04:11.164+0000] {logging_mixin.py:190} INFO - [2026-03-23T15:04:11.164+0000] {dagbag.py:588} INFO - Filling up the DagBag from /opt/airflow/dags/db_and_model_update_dag.py
[2026-03-23T15:04:11.186+0000] {processor.py:925} INFO - DAG(s) 'db_and_model_update' retrieved from /opt/airflow/dags/db_and_model_update_dag.py
[2026-03-23T15:04:11.230+0000] {logging_mixin.py:190} INFO - [2026-03-23T15:04:11.230+0000] {dag.py:3239} INFO - Sync 1 DAGs
[2026-03-23T15:04:11.286+0000] {processor.py:208} INFO - Processing /opt/airflow/dags/db_and_model_update_dag.py took 0.132 seconds
[2026-03-23T15:04:41.527+0000] {processor.py:186} INFO - Started process (PID=219) to work on /opt/airflow/dags/db_and_model_update_dag.py
[2026-03-23T15:04:41.528+0000] {processor.py:914} INFO - Processing file /opt/airflow/dags/db_and_model_update_dag.py for tasks to queue
[2026-03-23T15:04:41.531+0000] {logging_mixin.py:190} INFO - [2026-03-23T15:04:41.531+0000] {dagbag.py:588} INFO - Filling up the DagBag from /opt/airflow/dags/db_and_model_update_dag.py
[2026-03-23T15:04:48.311+0000] {processor.py:925} INFO - DAG(s) 'db_and_model_update' retrieved from /opt/airflow/dags/db_and_model_update_dag.py
[2026-03-23T15:04:48.343+0000] {logging_mixin.py:190} INFO - [2026-03-23T15:04:48.343+0000] {dag.py:3239} INFO - Sync 1 DAGs
[2026-03-23T15:04:48.383+0000] {processor.py:208} INFO - Processing /opt/airflow/dags/db_and_model_update_dag.py took 0.113 seconds
[2026-03-23T15:05:12.001+0000] {processor.py:186} INFO - Started process (PID=229) to work on /opt/airflow/dags/db_and_model_update_dag.py
[2026-03-23T15:05:12.002+0000] {processor.py:914} INFO - Processing file /opt/airflow/dags/db_and_model_update_dag.py for tasks to queue
[2026-03-23T15:05:12.005+0000] {logging_mixin.py:190} INFO - [2026-03-23T15:05:12.005+0000] {dagbag.py:588} INFO - Filling up the DagBag from /opt/airflow/dags/db_and_model_update_dag.py
[2026-03-23T15:05:12.029+0000] {processor.py:925} INFO - DAG(s) 'db_and_model_update' retrieved from /opt/airflow/dags/db_and_model_update_dag.py
[2026-03-23T15:05:12.059+0000] {logging_mixin.py:190} INFO - [2026-03-23T15:05:12.058+0000] {dag.py:3239} INFO - Sync 1 DAGs
[2026-03-23T15:05:12.102+0000] {processor.py:208} INFO - Processing /opt/airflow/dags/db_and_model_update_dag.py took 0.108 seconds
[2026-03-23T15:05:43.406+0000] {processor.py:186} INFO - Started process (PID=234) to work on /opt/airflow/dags/db_and_model_update_dag.py
[2026-03-23T15:05:43.408+0000] {processor.py:914} INFO - Processing file /opt/airflow/dags/db_and_model_update_dag.py for tasks to queue
[2026-03-23T15:05:43.411+0000] {logging_mixin.py:190} INFO - [2026-03-23T15:05:43.410+0000] {dagbag.py:588} INFO - Filling up the DagBag from /opt/airflow/dags/db_and_model_update_dag.py
[2026-03-23T15:05:43.434+0000] {processor.py:925} INFO - DAG(s) 'db_and_model_update' retrieved from /opt/airflow/dags/db_and_model_update_dag.py
[2026-03-23T15:05:36.301+0000] {logging_mixin.py:190} INFO - [2026-03-23T15:05:36.300+0000] {dag.py:3239} INFO - Sync 1 DAGs
[2026-03-23T15:05:36.346+0000] {processor.py:208} INFO - Processing /opt/airflow/dags/db_and_model_update_dag.py took 0.118 seconds
[2026-03-23T15:06:06.697+0000] {processor.py:186} INFO - Started process (PID=244) to work on /opt/airflow/dags/db_and_model_update_dag.py
[2026-03-23T15:06:06.699+0000] {processor.py:914} INFO - Processing file /opt/airflow/dags/db_and_model_update_dag.py for tasks to queue
[2026-03-23T15:06:06.702+0000] {logging_mixin.py:190} INFO - [2026-03-23T15:06:06.702+0000] {dagbag.py:588} INFO - Filling up the DagBag from /opt/airflow/dags/db_and_model_update_dag.py
[2026-03-23T15:06:06.734+0000] {processor.py:925} INFO - DAG(s) 'db_and_model_update' retrieved from /opt/airflow/dags/db_and_model_update_dag.py
[2026-03-23T15:06:06.769+0000] {logging_mixin.py:190} INFO - [2026-03-23T15:06:06.769+0000] {dag.py:3239} INFO - Sync 1 DAGs
[2026-03-23T15:06:06.810+0000] {processor.py:208} INFO - Processing /opt/airflow/dags/db_and_model_update_dag.py took 0.121 seconds
[2026-03-23T15:06:37.093+0000] {processor.py:186} INFO - Started process (PID=254) to work on /opt/airflow/dags/db_and_model_update_dag.py
[2026-03-23T15:06:37.095+0000] {processor.py:914} INFO - Processing file /opt/airflow/dags/db_and_model_update_dag.py for tasks to queue
[2026-03-23T15:06:37.097+0000] {logging_mixin.py:190} INFO - [2026-03-23T15:06:37.097+0000] {dagbag.py:588} INFO - Filling up the DagBag from /opt/airflow/dags/db_and_model_update_dag.py
[2026-03-23T15:06:37.118+0000] {processor.py:925} INFO - DAG(s) 'db_and_model_update' retrieved from /opt/airflow/dags/db_and_model_update_dag.py
[2026-03-23T15:06:37.150+0000] {logging_mixin.py:190} INFO - [2026-03-23T15:06:37.150+0000] {dag.py:3239} INFO - Sync 1 DAGs
[2026-03-23T15:06:37.189+0000] {processor.py:208} INFO - Processing /opt/airflow/dags/db_and_model_update_dag.py took 0.105 seconds
[2026-03-23T15:07:07.508+0000] {processor.py:186} INFO - Started process (PID=264) to work on /opt/airflow/dags/db_and_model_update_dag.py
[2026-03-23T15:07:07.510+0000] {processor.py:914} INFO - Processing file /opt/airflow/dags/db_and_model_update_dag.py for tasks to queue
[2026-03-23T15:07:07.513+0000] {logging_mixin.py:190} INFO - [2026-03-23T15:07:07.513+0000] {dagbag.py:588} INFO - Filling up the DagBag from /opt/airflow/dags/db_and_model_update_dag.py
[2026-03-23T15:07:07.538+0000] {processor.py:925} INFO - DAG(s) 'db_and_model_update' retrieved from /opt/airflow/dags/db_and_model_update_dag.py
[2026-03-23T15:07:07.574+0000] {logging_mixin.py:190} INFO - [2026-03-23T15:07:07.574+0000] {dag.py:3239} INFO - Sync 1 DAGs
[2026-03-23T15:07:07.622+0000] {processor.py:208} INFO - Processing /opt/airflow/dags/db_and_model_update_dag.py took 0.122 seconds
[2026-03-23T15:07:38.158+0000] {processor.py:186} INFO - Started process (PID=274) to work on /opt/airflow/dags/db_and_model_update_dag.py
[2026-03-23T15:07:38.159+0000] {processor.py:914} INFO - Processing file /opt/airflow/dags/db_and_model_update_dag.py for tasks to queue
[2026-03-23T15:07:38.162+0000] {logging_mixin.py:190} INFO - [2026-03-23T15:07:38.162+0000] {dagbag.py:588} INFO - Filling up the DagBag from /opt/airflow/dags/db_and_model_update_dag.py
[2026-03-23T15:07:38.184+0000] {processor.py:925} INFO - DAG(s) 'db_and_model_update' retrieved from /opt/airflow/dags/db_and_model_update_dag.py
[2026-03-23T15:07:38.217+0000] {logging_mixin.py:190} INFO - [2026-03-23T15:07:38.217+0000] {dag.py:3239} INFO - Sync 1 DAGs
[2026-03-23T15:07:38.260+0000] {processor.py:208} INFO - Processing /opt/airflow/dags/db_and_model_update_dag.py took 0.110 seconds
[2026-03-23T15:08:09.069+0000] {processor.py:186} INFO - Started process (PID=284) to work on /opt/airflow/dags/db_and_model_update_dag.py
[2026-03-23T15:08:09.070+0000] {processor.py:914} INFO - Processing file /opt/airflow/dags/db_and_model_update_dag.py for tasks to queue
[2026-03-23T15:08:09.073+0000] {logging_mixin.py:190} INFO - [2026-03-23T15:08:09.072+0000] {dagbag.py:588} INFO - Filling up the DagBag from /opt/airflow/dags/db_and_model_update_dag.py
[2026-03-23T15:08:09.099+0000] {processor.py:925} INFO - DAG(s) 'db_and_model_update' retrieved from /opt/airflow/dags/db_and_model_update_dag.py
[2026-03-23T15:08:09.140+0000] {logging_mixin.py:190} INFO - [2026-03-23T15:08:09.140+0000] {dag.py:3239} INFO - Sync 1 DAGs
[2026-03-23T15:08:09.194+0000] {processor.py:208} INFO - Processing /opt/airflow/dags/db_and_model_update_dag.py took 0.133 seconds
[2026-03-23T15:08:39.865+0000] {processor.py:186} INFO - Started process (PID=294) to work on /opt/airflow/dags/db_and_model_update_dag.py
[2026-03-23T15:08:39.866+0000] {processor.py:914} INFO - Processing file /opt/airflow/dags/db_and_model_update_dag.py for tasks to queue
[2026-03-23T15:08:39.869+0000] {logging_mixin.py:190} INFO - [2026-03-23T15:08:39.868+0000] {dagbag.py:588} INFO - Filling up the DagBag from /opt/airflow/dags/db_and_model_update_dag.py
[2026-03-23T15:08:39.905+0000] {processor.py:925} INFO - DAG(s) 'db_and_model_update' retrieved from /opt/airflow/dags/db_and_model_update_dag.py
[2026-03-23T15:08:39.944+0000] {logging_mixin.py:190} INFO - [2026-03-23T15:08:39.944+0000] {dag.py:3239} INFO - Sync 1 DAGs
[2026-03-23T15:08:39.997+0000] {processor.py:208} INFO - Processing /opt/airflow/dags/db_and_model_update_dag.py took 0.141 seconds
[2026-03-23T15:09:10.802+0000] {processor.py:186} INFO - Started process (PID=304) to work on /opt/airflow/dags/db_and_model_update_dag.py
[2026-03-23T15:09:10.804+0000] {processor.py:914} INFO - Processing file /opt/airflow/dags/db_and_model_update_dag.py for tasks to queue
[2026-03-23T15:09:10.807+0000] {logging_mixin.py:190} INFO - [2026-03-23T15:09:10.806+0000] {dagbag.py:588} INFO - Filling up the DagBag from /opt/airflow/dags/db_and_model_update_dag.py
[2026-03-23T15:09:10.831+0000] {processor.py:925} INFO - DAG(s) 'db_and_model_update' retrieved from /opt/airflow/dags/db_and_model_update_dag.py
[2026-03-23T15:09:10.869+0000] {logging_mixin.py:190} INFO - [2026-03-23T15:09:10.869+0000] {dag.py:3239} INFO - Sync 1 DAGs
[2026-03-23T15:09:10.913+0000] {processor.py:208} INFO - Processing /opt/airflow/dags/db_and_model_update_dag.py took 0.121 seconds
[2026-03-23T15:09:41.716+0000] {processor.py:186} INFO - Started process (PID=314) to work on /opt/airflow/dags/db_and_model_update_dag.py
[2026-03-23T15:09:41.717+0000] {processor.py:914} INFO - Processing file /opt/airflow/dags/db_and_model_update_dag.py for tasks to queue
[2026-03-23T15:09:41.720+0000] {logging_mixin.py:190} INFO - [2026-03-23T15:09:41.720+0000] {dagbag.py:588} INFO - Filling up the DagBag from /opt/airflow/dags/db_and_model_update_dag.py
[2026-03-23T15:09:41.743+0000] {processor.py:925} INFO - DAG(s) 'db_and_model_update' retrieved from /opt/airflow/dags/db_and_model_update_dag.py
[2026-03-23T15:09:41.777+0000] {logging_mixin.py:190} INFO - [2026-03-23T15:09:41.777+0000] {dag.py:3239} INFO - Sync 1 DAGs
[2026-03-23T15:09:41.827+0000] {processor.py:208} INFO - Processing /opt/airflow/dags/db_and_model_update_dag.py took 0.120 seconds
[2026-03-23T15:10:12.068+0000] {processor.py:186} INFO - Started process (PID=324) to work on /opt/airflow/dags/db_and_model_update_dag.py
[2026-03-23T15:10:12.072+0000] {processor.py:914} INFO - Processing file /opt/airflow/dags/db_and_model_update_dag.py for tasks to queue
[2026-03-23T15:10:12.074+0000] {logging_mixin.py:190} INFO - [2026-03-23T15:10:12.074+0000] {dagbag.py:588} INFO - Filling up the DagBag from /opt/airflow/dags/db_and_model_update_dag.py
[2026-03-23T15:10:12.101+0000] {processor.py:925} INFO - DAG(s) 'db_and_model_update' retrieved from /opt/airflow/dags/db_and_model_update_dag.py
[2026-03-23T15:10:12.132+0000] {logging_mixin.py:190} INFO - [2026-03-23T15:10:12.132+0000] {dag.py:3239} INFO - Sync 1 DAGs
[2026-03-23T15:10:12.184+0000] {processor.py:208} INFO - Processing /opt/airflow/dags/db_and_model_update_dag.py took 0.129 seconds
[2026-03-23T15:10:42.923+0000] {processor.py:186} INFO - Started process (PID=334) to work on /opt/airflow/dags/db_and_model_update_dag.py
[2026-03-23T15:10:42.924+0000] {processor.py:914} INFO - Processing file /opt/airflow/dags/db_and_model_update_dag.py for tasks to queue
[2026-03-23T15:10:42.927+0000] {logging_mixin.py:190} INFO - [2026-03-23T15:10:42.927+0000] {dagbag.py:588} INFO - Filling up the DagBag from /opt/airflow/dags/db_and_model_update_dag.py
[2026-03-23T15:10:42.948+0000] {processor.py:925} INFO - DAG(s) 'db_and_model_update' retrieved from /opt/airflow/dags/db_and_model_update_dag.py
[2026-03-23T15:10:42.977+0000] {logging_mixin.py:190} INFO - [2026-03-23T15:10:42.977+0000] {dag.py:3239} INFO - Sync 1 DAGs
[2026-03-23T15:10:43.027+0000] {processor.py:208} INFO - Processing /opt/airflow/dags/db_and_model_update_dag.py took 0.113 seconds
[2026-03-23T15:11:18.871+0000] {processor.py:186} INFO - Started process (PID=344) to work on /opt/airflow/dags/db_and_model_update_dag.py
[2026-03-23T15:11:18.872+0000] {processor.py:914} INFO - Processing file /opt/airflow/dags/db_and_model_update_dag.py for tasks to queue
[2026-03-23T15:11:18.876+0000] {logging_mixin.py:190} INFO - [2026-03-23T15:11:18.876+0000] {dagbag.py:588} INFO - Filling up the DagBag from /opt/airflow/dags/db_and_model_update_dag.py
[2026-03-23T15:11:11.722+0000] {processor.py:925} INFO - DAG(s) 'db_and_model_update' retrieved from /opt/airflow/dags/db_and_model_update_dag.py
[2026-03-23T15:11:11.758+0000] {logging_mixin.py:190} INFO - [2026-03-23T15:11:11.757+0000] {dag.py:3239} INFO - Sync 1 DAGs
[2026-03-23T15:11:11.809+0000] {processor.py:208} INFO - Processing /opt/airflow/dags/db_and_model_update_dag.py took 0.131 seconds
[2026-03-23T15:11:42.036+0000] {processor.py:186} INFO - Started process (PID=354) to work on /opt/airflow/dags/db_and_model_update_dag.py
[2026-03-23T15:11:42.037+0000] {processor.py:914} INFO - Processing file /opt/airflow/dags/db_and_model_update_dag.py for tasks to queue
[2026-03-23T15:11:42.040+0000] {logging_mixin.py:190} INFO - [2026-03-23T15:11:42.039+0000] {dagbag.py:588} INFO - Filling up the DagBag from /opt/airflow/dags/db_and_model_update_dag.py
[2026-03-23T15:11:48.827+0000] {processor.py:925} INFO - DAG(s) 'db_and_model_update' retrieved from /opt/airflow/dags/db_and_model_update_dag.py
[2026-03-23T15:11:48.866+0000] {logging_mixin.py:190} INFO - [2026-03-23T15:11:48.866+0000] {dag.py:3239} INFO - Sync 1 DAGs
[2026-03-23T15:11:41.730+0000] {processor.py:208} INFO - Processing /opt/airflow/dags/db_and_model_update_dag.py took 0.116 seconds
[2026-03-23T15:12:12.592+0000] {processor.py:186} INFO - Started process (PID=364) to work on /opt/airflow/dags/db_and_model_update_dag.py
[2026-03-23T15:12:12.593+0000] {processor.py:914} INFO - Processing file /opt/airflow/dags/db_and_model_update_dag.py for tasks to queue
[2026-03-23T15:12:12.595+0000] {logging_mixin.py:190} INFO - [2026-03-23T15:12:12.595+0000] {dagbag.py:588} INFO - Filling up the DagBag from /opt/airflow/dags/db_and_model_update_dag.py
[2026-03-23T15:12:12.620+0000] {processor.py:925} INFO - DAG(s) 'db_and_model_update' retrieved from /opt/airflow/dags/db_and_model_update_dag.py
[2026-03-23T15:12:12.650+0000] {logging_mixin.py:190} INFO - [2026-03-23T15:12:12.650+0000] {dag.py:3239} INFO - Sync 1 DAGs
[2026-03-23T15:12:12.698+0000] {processor.py:208} INFO - Processing /opt/airflow/dags/db_and_model_update_dag.py took 0.114 seconds
[2026-03-23T15:12:43.934+0000] {processor.py:186} INFO - Started process (PID=374) to work on /opt/airflow/dags/db_and_model_update_dag.py
[2026-03-23T15:12:43.936+0000] {processor.py:914} INFO - Processing file /opt/airflow/dags/db_and_model_update_dag.py for tasks to queue
[2026-03-23T15:12:43.938+0000] {logging_mixin.py:190} INFO - [2026-03-23T15:12:43.938+0000] {dagbag.py:588} INFO - Filling up the DagBag from /opt/airflow/dags/db_and_model_update_dag.py
[2026-03-23T15:12:43.962+0000] {processor.py:925} INFO - DAG(s) 'db_and_model_update' retrieved from /opt/airflow/dags/db_and_model_update_dag.py
[2026-03-23T15:12:36.809+0000] {logging_mixin.py:190} INFO - [2026-03-23T15:12:36.809+0000] {dag.py:3239} INFO - Sync 1 DAGs
[2026-03-23T15:12:36.855+0000] {processor.py:208} INFO - Processing /opt/airflow/dags/db_and_model_update_dag.py took 0.114 seconds
[2026-03-23T15:13:07.687+0000] {processor.py:186} INFO - Started process (PID=384) to work on /opt/airflow/dags/db_and_model_update_dag.py
[2026-03-23T15:13:07.689+0000] {processor.py:914} INFO - Processing file /opt/airflow/dags/db_and_model_update_dag.py for tasks to queue
[2026-03-23T15:13:07.692+0000] {logging_mixin.py:190} INFO - [2026-03-23T15:13:07.692+0000] {dagbag.py:588} INFO - Filling up the DagBag from /opt/airflow/dags/db_and_model_update_dag.py
[2026-03-23T15:13:07.714+0000] {processor.py:925} INFO - DAG(s) 'db_and_model_update' retrieved from /opt/airflow/dags/db_and_model_update_dag.py
[2026-03-23T15:13:07.749+0000] {logging_mixin.py:190} INFO - [2026-03-23T15:13:07.749+0000] {dag.py:3239} INFO - Sync 1 DAGs
[2026-03-23T15:13:07.791+0000] {processor.py:208} INFO - Processing /opt/airflow/dags/db_and_model_update_dag.py took 0.117 seconds
[2026-03-23T15:13:38.586+0000] {processor.py:186} INFO - Started process (PID=394) to work on /opt/airflow/dags/db_and_model_update_dag.py
[2026-03-23T15:13:38.587+0000] {processor.py:914} INFO - Processing file /opt/airflow/dags/db_and_model_update_dag.py for tasks to queue
[2026-03-23T15:13:38.590+0000] {logging_mixin.py:190} INFO - [2026-03-23T15:13:38.589+0000] {dagbag.py:588} INFO - Filling up the DagBag from /opt/airflow/dags/db_and_model_update_dag.py
[2026-03-23T15:13:38.611+0000] {processor.py:925} INFO - DAG(s) 'db_and_model_update' retrieved from /opt/airflow/dags/db_and_model_update_dag.py
[2026-03-23T15:13:38.644+0000] {logging_mixin.py:190} INFO - [2026-03-23T15:13:38.644+0000] {dag.py:3239} INFO - Sync 1 DAGs
[2026-03-23T15:13:38.691+0000] {processor.py:208} INFO - Processing /opt/airflow/dags/db_and_model_update_dag.py took 0.114 seconds
[2026-03-23T15:14:00.932+0000] {processor.py:186} INFO - Started process (PID=404) to work on /opt/airflow/dags/db_and_model_update_dag.py
[2026-03-23T15:14:00.933+0000] {processor.py:914} INFO - Processing file /opt/airflow/dags/db_and_model_update_dag.py for tasks to queue
[2026-03-23T15:14:00.935+0000] {logging_mixin.py:190} INFO - [2026-03-23T15:14:00.935+0000] {dagbag.py:588} INFO - Filling up the DagBag from /opt/airflow/dags/db_and_model_update_dag.py
[2026-03-23T15:14:00.970+0000] {processor.py:925} INFO - DAG(s) 'db_and_model_update' retrieved from /opt/airflow/dags/db_and_model_update_dag.py
[2026-03-23T15:14:01.008+0000] {logging_mixin.py:190} INFO - [2026-03-23T15:14:01.007+0000] {dag.py:3239} INFO - Sync 1 DAGs
[2026-03-23T15:14:01.060+0000] {processor.py:208} INFO - Processing /opt/airflow/dags/db_and_model_update_dag.py took 0.136 seconds
[2026-03-23T15:14:32.008+0000] {processor.py:186} INFO - Started process (PID=414) to work on /opt/airflow/dags/db_and_model_update_dag.py
[2026-03-23T15:14:32.010+0000] {processor.py:914} INFO - Processing file /opt/airflow/dags/db_and_model_update_dag.py for tasks to queue
[2026-03-23T15:14:32.012+0000] {logging_mixin.py:190} INFO - [2026-03-23T15:14:32.012+0000] {dagbag.py:588} INFO - Filling up the DagBag from /opt/airflow/dags/db_and_model_update_dag.py
[2026-03-23T15:14:39.022+0000] {processor.py:925} INFO - DAG(s) 'db_and_model_update' retrieved from /opt/airflow/dags/db_and_model_update_dag.py
[2026-03-23T15:14:39.054+0000] {logging_mixin.py:190} INFO - [2026-03-23T15:14:39.053+0000] {dag.py:3239} INFO - Sync 1 DAGs
[2026-03-23T15:14:39.103+0000] {processor.py:208} INFO - Processing /opt/airflow/dags/db_and_model_update_dag.py took 0.111 seconds
[2026-03-23T15:14:56.974+0000] {processor.py:186} INFO - Started process (PID=424) to work on /opt/airflow/dags/db_and_model_update_dag.py
[2026-03-23T15:14:56.975+0000] {processor.py:914} INFO - Processing file /opt/airflow/dags/db_and_model_update_dag.py for tasks to queue
[2026-03-23T15:14:56.978+0000] {logging_mixin.py:190} INFO - [2026-03-23T15:14:56.977+0000] {dagbag.py:588} INFO - Filling up the DagBag from /opt/airflow/dags/db_and_model_update_dag.py
[2026-03-23T15:14:57.007+0000] {processor.py:925} INFO - DAG(s) 'db_and_model_update' retrieved from /opt/airflow/dags/db_and_model_update_dag.py
[2026-03-23T15:14:57.042+0000] {logging_mixin.py:190} INFO - [2026-03-23T15:14:57.042+0000] {dag.py:3239} INFO - Sync 1 DAGs
[2026-03-23T15:14:57.087+0000] {processor.py:208} INFO - Processing /opt/airflow/dags/db_and_model_update_dag.py took 0.123 seconds
[2026-03-23T15:15:35.060+0000] {processor.py:186} INFO - Started process (PID=434) to work on /opt/airflow/dags/db_and_model_update_dag.py
[2026-03-23T15:15:35.061+0000] {processor.py:914} INFO - Processing file /opt/airflow/dags/db_and_model_update_dag.py for tasks to queue
[2026-03-23T15:15:35.065+0000] {logging_mixin.py:190} INFO - [2026-03-23T15:15:35.065+0000] {dagbag.py:588} INFO - Filling up the DagBag from /opt/airflow/dags/db_and_model_update_dag.py
[2026-03-23T15:15:35.090+0000] {processor.py:925} INFO - DAG(s) 'db_and_model_update' retrieved from /opt/airflow/dags/db_and_model_update_dag.py
[2026-03-23T15:15:35.135+0000] {logging_mixin.py:190} INFO - [2026-03-23T15:15:35.135+0000] {dag.py:3239} INFO - Sync 1 DAGs
[2026-03-23T15:15:35.184+0000] {processor.py:208} INFO - Processing /opt/airflow/dags/db_and_model_update_dag.py took 0.131 seconds
[2026-03-23T15:16:05.300+0000] {processor.py:186} INFO - Started process (PID=444) to work on /opt/airflow/dags/db_and_model_update_dag.py
[2026-03-23T15:16:05.301+0000] {processor.py:914} INFO - Processing file /opt/airflow/dags/db_and_model_update_dag.py for tasks to queue
[2026-03-23T15:16:05.304+0000] {logging_mixin.py:190} INFO - [2026-03-23T15:16:05.303+0000] {dagbag.py:588} INFO - Filling up the DagBag from /opt/airflow/dags/db_and_model_update_dag.py
[2026-03-23T15:16:05.325+0000] {processor.py:925} INFO - DAG(s) 'db_and_model_update' retrieved from /opt/airflow/dags/db_and_model_update_dag.py
[2026-03-23T15:16:05.367+0000] {logging_mixin.py:190} INFO - [2026-03-23T15:16:05.367+0000] {dag.py:3239} INFO - Sync 1 DAGs
[2026-03-23T15:16:05.444+0000] {processor.py:208} INFO - Processing /opt/airflow/dags/db_and_model_update_dag.py took 0.152 seconds
[2026-03-23T15:16:36.201+0000] {processor.py:186} INFO - Started process (PID=454) to work on /opt/airflow/dags/db_and_model_update_dag.py
[2026-03-23T15:16:36.202+0000] {processor.py:914} INFO - Processing file /opt/airflow/dags/db_and_model_update_dag.py for tasks to queue
[2026-03-23T15:16:36.206+0000] {logging_mixin.py:190} INFO - [2026-03-23T15:16:36.206+0000] {dagbag.py:588} INFO - Filling up the DagBag from /opt/airflow/dags/db_and_model_update_dag.py
[2026-03-23T15:16:36.249+0000] {processor.py:925} INFO - DAG(s) 'db_and_model_update' retrieved from /opt/airflow/dags/db_and_model_update_dag.py
[2026-03-23T15:16:36.294+0000] {logging_mixin.py:190} INFO - [2026-03-23T15:16:36.294+0000] {dag.py:3239} INFO - Sync 1 DAGs
[2026-03-23T15:16:36.338+0000] {processor.py:208} INFO - Processing /opt/airflow/dags/db_and_model_update_dag.py took 0.149 seconds
[2026-03-23T15:17:06.465+0000] {processor.py:186} INFO - Started process (PID=464) to work on /opt/airflow/dags/db_and_model_update_dag.py
[2026-03-23T15:17:06.466+0000] {processor.py:914} INFO - Processing file /opt/airflow/dags/db_and_model_update_dag.py for tasks to queue
[2026-03-23T15:17:06.468+0000] {logging_mixin.py:190} INFO - [2026-03-23T15:17:06.468+0000] {dagbag.py:588} INFO - Filling up the DagBag from /opt/airflow/dags/db_and_model_update_dag.py
[2026-03-23T15:17:06.488+0000] {processor.py:925} INFO - DAG(s) 'db_and_model_update' retrieved from /opt/airflow/dags/db_and_model_update_dag.py
[2026-03-23T15:17:06.516+0000] {logging_mixin.py:190} INFO - [2026-03-23T15:17:06.516+0000] {dag.py:3239} INFO - Sync 1 DAGs
[2026-03-23T15:17:06.558+0000] {processor.py:208} INFO - Processing /opt/airflow/dags/db_and_model_update_dag.py took 0.101 seconds
[2026-03-23T15:17:37.099+0000] {processor.py:186} INFO - Started process (PID=474) to work on /opt/airflow/dags/db_and_model_update_dag.py
[2026-03-23T15:17:37.100+0000] {processor.py:914} INFO - Processing file /opt/airflow/dags/db_and_model_update_dag.py for tasks to queue
[2026-03-23T15:17:37.103+0000] {logging_mixin.py:190} INFO - [2026-03-23T15:17:37.103+0000] {dagbag.py:588} INFO - Filling up the DagBag from /opt/airflow/dags/db_and_model_update_dag.py
[2026-03-23T15:17:37.126+0000] {processor.py:925} INFO - DAG(s) 'db_and_model_update' retrieved from /opt/airflow/dags/db_and_model_update_dag.py
[2026-03-23T15:17:37.160+0000] {logging_mixin.py:190} INFO - [2026-03-23T15:17:37.160+0000] {dag.py:3239} INFO - Sync 1 DAGs
[2026-03-23T15:17:37.206+0000] {processor.py:208} INFO - Processing /opt/airflow/dags/db_and_model_update_dag.py took 0.116 seconds
[2026-03-23T15:18:10.156+0000] {processor.py:186} INFO - Started process (PID=484) to work on /opt/airflow/dags/db_and_model_update_dag.py
[2026-03-23T15:18:10.157+0000] {processor.py:914} INFO - Processing file /opt/airflow/dags/db_and_model_update_dag.py for tasks to queue
[2026-03-23T15:18:10.160+0000] {logging_mixin.py:190} INFO - [2026-03-23T15:18:10.159+0000] {dagbag.py:588} INFO - Filling up the DagBag from /opt/airflow/dags/db_and_model_update_dag.py
[2026-03-23T15:18:10.188+0000] {processor.py:925} INFO - DAG(s) 'db_and_model_update' retrieved from /opt/airflow/dags/db_and_model_update_dag.py
[2026-03-23T15:18:10.221+0000] {logging_mixin.py:190} INFO - [2026-03-23T15:18:10.220+0000] {dag.py:3239} INFO - Sync 1 DAGs
[2026-03-23T15:18:10.268+0000] {processor.py:208} INFO - Processing /opt/airflow/dags/db_and_model_update_dag.py took 0.120 seconds
[2026-03-23T15:18:40.369+0000] {processor.py:186} INFO - Started process (PID=494) to work on /opt/airflow/dags/db_and_model_update_dag.py
[2026-03-23T15:18:40.371+0000] {processor.py:914} INFO - Processing file /opt/airflow/dags/db_and_model_update_dag.py for tasks to queue
[2026-03-23T15:18:40.373+0000] {logging_mixin.py:190} INFO - [2026-03-23T15:18:40.373+0000] {dagbag.py:588} INFO - Filling up the DagBag from /opt/airflow/dags/db_and_model_update_dag.py
[2026-03-23T15:18:40.394+0000] {processor.py:925} INFO - DAG(s) 'db_and_model_update' retrieved from /opt/airflow/dags/db_and_model_update_dag.py
[2026-03-23T15:18:40.429+0000] {logging_mixin.py:190} INFO - [2026-03-23T15:18:40.429+0000] {dag.py:3239} INFO - Sync 1 DAGs
[2026-03-23T15:18:40.491+0000] {processor.py:208} INFO - Processing /opt/airflow/dags/db_and_model_update_dag.py took 0.128 seconds
[2026-03-23T15:19:11.149+0000] {processor.py:186} INFO - Started process (PID=504) to work on /opt/airflow/dags/db_and_model_update_dag.py
[2026-03-23T15:19:11.153+0000] {processor.py:914} INFO - Processing file /opt/airflow/dags/db_and_model_update_dag.py for tasks to queue
[2026-03-23T15:19:11.155+0000] {logging_mixin.py:190} INFO - [2026-03-23T15:19:11.155+0000] {dagbag.py:588} INFO - Filling up the DagBag from /opt/airflow/dags/db_and_model_update_dag.py
[2026-03-23T15:19:11.181+0000] {processor.py:925} INFO - DAG(s) 'db_and_model_update' retrieved from /opt/airflow/dags/db_and_model_update_dag.py
[2026-03-23T15:19:11.218+0000] {logging_mixin.py:190} INFO - [2026-03-23T15:19:11.218+0000] {dag.py:3239} INFO - Sync 1 DAGs
[2026-03-23T15:19:11.262+0000] {processor.py:208} INFO - Processing /opt/airflow/dags/db_and_model_update_dag.py took 0.120 seconds
[2026-03-23T15:19:42.154+0000] {processor.py:186} INFO - Started process (PID=514) to work on /opt/airflow/dags/db_and_model_update_dag.py
[2026-03-23T15:19:42.155+0000] {processor.py:914} INFO - Processing file /opt/airflow/dags/db_and_model_update_dag.py for tasks to queue
[2026-03-23T15:19:42.158+0000] {logging_mixin.py:190} INFO - [2026-03-23T15:19:42.157+0000] {dagbag.py:588} INFO - Filling up the DagBag from /opt/airflow/dags/db_and_model_update_dag.py
[2026-03-23T15:19:42.179+0000] {processor.py:925} INFO - DAG(s) 'db_and_model_update' retrieved from /opt/airflow/dags/db_and_model_update_dag.py
[2026-03-23T15:19:42.210+0000] {logging_mixin.py:190} INFO - [2026-03-23T15:19:42.210+0000] {dag.py:3239} INFO - Sync 1 DAGs
[2026-03-23T15:19:42.251+0000] {processor.py:208} INFO - Processing /opt/airflow/dags/db_and_model_update_dag.py took 0.106 seconds
[2026-03-23T15:20:12.657+0000] {processor.py:186} INFO - Started process (PID=524) to work on /opt/airflow/dags/db_and_model_update_dag.py
[2026-03-23T15:20:12.658+0000] {processor.py:914} INFO - Processing file /opt/airflow/dags/db_and_model_update_dag.py for tasks to queue
[2026-03-23T15:20:12.661+0000] {logging_mixin.py:190} INFO - [2026-03-23T15:20:12.660+0000] {dagbag.py:588} INFO - Filling up the DagBag from /opt/airflow/dags/db_and_model_update_dag.py
[2026-03-23T15:20:12.689+0000] {processor.py:925} INFO - DAG(s) 'db_and_model_update' retrieved from /opt/airflow/dags/db_and_model_update_dag.py
[2026-03-23T15:20:12.739+0000] {logging_mixin.py:190} INFO - [2026-03-23T15:20:12.738+0000] {dag.py:3239} INFO - Sync 1 DAGs
[2026-03-23T15:20:12.801+0000] {processor.py:208} INFO - Processing /opt/airflow/dags/db_and_model_update_dag.py took 0.152 seconds
[2026-03-23T15:20:43.609+0000] {processor.py:186} INFO - Started process (PID=534) to work on /opt/airflow/dags/db_and_model_update_dag.py
[2026-03-23T15:20:43.610+0000] {processor.py:914} INFO - Processing file /opt/airflow/dags/db_and_model_update_dag.py for tasks to queue
[2026-03-23T15:20:43.614+0000] {logging_mixin.py:190} INFO - [2026-03-23T15:20:43.613+0000] {dagbag.py:588} INFO - Filling up the DagBag from /opt/airflow/dags/db_and_model_update_dag.py
[2026-03-23T15:20:43.639+0000] {processor.py:925} INFO - DAG(s) 'db_and_model_update' retrieved from /opt/airflow/dags/db_and_model_update_dag.py
[2026-03-23T15:20:43.688+0000] {logging_mixin.py:190} INFO - [2026-03-23T15:20:43.688+0000] {dag.py:3239} INFO - Sync 1 DAGs
[2026-03-23T15:20:43.741+0000] {processor.py:208} INFO - Processing /opt/airflow/dags/db_and_model_update_dag.py took 0.140 seconds
[2026-03-23T15:21:12.555+0000] {processor.py:186} INFO - Started process (PID=544) to work on /opt/airflow/dags/db_and_model_update_dag.py
[2026-03-23T15:21:12.556+0000] {processor.py:914} INFO - Processing file /opt/airflow/dags/db_and_model_update_dag.py for tasks to queue
[2026-03-23T15:21:12.559+0000] {logging_mixin.py:190} INFO - [2026-03-23T15:21:12.558+0000] {dagbag.py:588} INFO - Filling up the DagBag from /opt/airflow/dags/db_and_model_update_dag.py
[2026-03-23T15:21:12.580+0000] {processor.py:925} INFO - DAG(s) 'db_and_model_update' retrieved from /opt/airflow/dags/db_and_model_update_dag.py
[2026-03-23T15:21:12.612+0000] {logging_mixin.py:190} INFO - [2026-03-23T15:21:12.612+0000] {dag.py:3239} INFO - Sync 1 DAGs
[2026-03-23T15:21:12.659+0000] {processor.py:208} INFO - Processing /opt/airflow/dags/db_and_model_update_dag.py took 0.116 seconds
[2026-03-23T15:21:42.833+0000] {processor.py:186} INFO - Started process (PID=557) to work on /opt/airflow/dags/db_and_model_update_dag.py
[2026-03-23T15:21:42.834+0000] {processor.py:914} INFO - Processing file /opt/airflow/dags/db_and_model_update_dag.py for tasks to queue
[2026-03-23T15:21:42.837+0000] {logging_mixin.py:190} INFO - [2026-03-23T15:21:42.837+0000] {dagbag.py:588} INFO - Filling up the DagBag from /opt/airflow/dags/db_and_model_update_dag.py
[2026-03-23T15:21:42.859+0000] {processor.py:925} INFO - DAG(s) 'db_and_model_update' retrieved from /opt/airflow/dags/db_and_model_update_dag.py
[2026-03-23T15:21:42.890+0000] {logging_mixin.py:190} INFO - [2026-03-23T15:21:42.890+0000] {dag.py:3239} INFO - Sync 1 DAGs
[2026-03-23T15:21:49.723+0000] {processor.py:208} INFO - Processing /opt/airflow/dags/db_and_model_update_dag.py took 0.109 seconds
[2026-03-23T15:22:19.925+0000] {processor.py:186} INFO - Started process (PID=569) to work on /opt/airflow/dags/db_and_model_update_dag.py
[2026-03-23T15:22:19.927+0000] {processor.py:914} INFO - Processing file /opt/airflow/dags/db_and_model_update_dag.py for tasks to queue
[2026-03-23T15:22:19.929+0000] {logging_mixin.py:190} INFO - [2026-03-23T15:22:19.928+0000] {dagbag.py:588} INFO - Filling up the DagBag from /opt/airflow/dags/db_and_model_update_dag.py
[2026-03-23T15:22:19.948+0000] {processor.py:925} INFO - DAG(s) 'db_and_model_update' retrieved from /opt/airflow/dags/db_and_model_update_dag.py
[2026-03-23T15:22:19.976+0000] {logging_mixin.py:190} INFO - [2026-03-23T15:22:19.976+0000] {dag.py:3239} INFO - Sync 1 DAGs
[2026-03-23T15:22:20.033+0000] {processor.py:208} INFO - Processing /opt/airflow/dags/db_and_model_update_dag.py took 0.113 seconds
[2026-03-23T15:22:50.648+0000] {processor.py:186} INFO - Started process (PID=579) to work on /opt/airflow/dags/db_and_model_update_dag.py
[2026-03-23T15:22:50.650+0000] {processor.py:914} INFO - Processing file /opt/airflow/dags/db_and_model_update_dag.py for tasks to queue
[2026-03-23T15:22:50.652+0000] {logging_mixin.py:190} INFO - [2026-03-23T15:22:50.652+0000] {dagbag.py:588} INFO - Filling up the DagBag from /opt/airflow/dags/db_and_model_update_dag.py
[2026-03-23T15:22:50.675+0000] {processor.py:925} INFO - DAG(s) 'db_and_model_update' retrieved from /opt/airflow/dags/db_and_model_update_dag.py
[2026-03-23T15:22:50.707+0000] {logging_mixin.py:190} INFO - [2026-03-23T15:22:50.706+0000] {dag.py:3239} INFO - Sync 1 DAGs
[2026-03-23T15:22:50.746+0000] {processor.py:208} INFO - Processing /opt/airflow/dags/db_and_model_update_dag.py took 0.106 seconds
[2026-03-23T15:23:21.670+0000] {processor.py:186} INFO - Started process (PID=589) to work on /opt/airflow/dags/db_and_model_update_dag.py
[2026-03-23T15:23:21.672+0000] {processor.py:914} INFO - Processing file /opt/airflow/dags/db_and_model_update_dag.py for tasks to queue
[2026-03-23T15:23:21.674+0000] {logging_mixin.py:190} INFO - [2026-03-23T15:23:21.674+0000] {dagbag.py:588} INFO - Filling up the DagBag from /opt/airflow/dags/db_and_model_update_dag.py
[2026-03-23T15:23:21.697+0000] {processor.py:925} INFO - DAG(s) 'db_and_model_update' retrieved from /opt/airflow/dags/db_and_model_update_dag.py
[2026-03-23T15:23:21.730+0000] {logging_mixin.py:190} INFO - [2026-03-23T15:23:21.729+0000] {dag.py:3239} INFO - Sync 1 DAGs
[2026-03-23T15:23:21.780+0000] {processor.py:208} INFO - Processing /opt/airflow/dags/db_and_model_update_dag.py took 0.117 seconds
[2026-03-23T15:23:52.072+0000] {processor.py:186} INFO - Started process (PID=599) to work on /opt/airflow/dags/db_and_model_update_dag.py
[2026-03-23T15:23:52.074+0000] {processor.py:914} INFO - Processing file /opt/airflow/dags/db_and_model_update_dag.py for tasks to queue
[2026-03-23T15:23:52.077+0000] {logging_mixin.py:190} INFO - [2026-03-23T15:23:52.076+0000] {dagbag.py:588} INFO - Filling up the DagBag from /opt/airflow/dags/db_and_model_update_dag.py
[2026-03-23T15:23:52.102+0000] {processor.py:925} INFO - DAG(s) 'db_and_model_update' retrieved from /opt/airflow/dags/db_and_model_update_dag.py
[2026-03-23T15:23:52.135+0000] {logging_mixin.py:190} INFO - [2026-03-23T15:23:52.135+0000] {dag.py:3239} INFO - Sync 1 DAGs
[2026-03-23T15:23:52.206+0000] {processor.py:208} INFO - Processing /opt/airflow/dags/db_and_model_update_dag.py took 0.144 seconds
[2026-03-23T15:24:22.505+0000] {processor.py:186} INFO - Started process (PID=609) to work on /opt/airflow/dags/db_and_model_update_dag.py
[2026-03-23T15:24:22.509+0000] {processor.py:914} INFO - Processing file /opt/airflow/dags/db_and_model_update_dag.py for tasks to queue
[2026-03-23T15:24:22.512+0000] {logging_mixin.py:190} INFO - [2026-03-23T15:24:22.512+0000] {dagbag.py:588} INFO - Filling up the DagBag from /opt/airflow/dags/db_and_model_update_dag.py
[2026-03-23T15:24:22.544+0000] {processor.py:925} INFO - DAG(s) 'db_and_model_update' retrieved from /opt/airflow/dags/db_and_model_update_dag.py
[2026-03-23T15:24:22.586+0000] {logging_mixin.py:190} INFO - [2026-03-23T15:24:22.586+0000] {dag.py:3239} INFO - Sync 1 DAGs
[2026-03-23T15:24:22.632+0000] {processor.py:208} INFO - Processing /opt/airflow/dags/db_and_model_update_dag.py took 0.138 seconds
[2026-03-23T15:24:52.945+0000] {processor.py:186} INFO - Started process (PID=619) to work on /opt/airflow/dags/db_and_model_update_dag.py
[2026-03-23T15:24:52.946+0000] {processor.py:914} INFO - Processing file /opt/airflow/dags/db_and_model_update_dag.py for tasks to queue
[2026-03-23T15:24:52.949+0000] {logging_mixin.py:190} INFO - [2026-03-23T15:24:52.949+0000] {dagbag.py:588} INFO - Filling up the DagBag from /opt/airflow/dags/db_and_model_update_dag.py
[2026-03-23T15:24:52.976+0000] {processor.py:925} INFO - DAG(s) 'db_and_model_update' retrieved from /opt/airflow/dags/db_and_model_update_dag.py
[2026-03-23T15:24:53.010+0000] {logging_mixin.py:190} INFO - [2026-03-23T15:24:53.010+0000] {dag.py:3239} INFO - Sync 1 DAGs
[2026-03-23T15:24:53.057+0000] {processor.py:208} INFO - Processing /opt/airflow/dags/db_and_model_update_dag.py took 0.121 seconds
[2026-03-23T15:25:30.063+0000] {processor.py:186} INFO - Started process (PID=629) to work on /opt/airflow/dags/db_and_model_update_dag.py
[2026-03-23T15:25:30.064+0000] {processor.py:914} INFO - Processing file /opt/airflow/dags/db_and_model_update_dag.py for tasks to queue
[2026-03-23T15:25:30.067+0000] {logging_mixin.py:190} INFO - [2026-03-23T15:25:30.066+0000] {dagbag.py:588} INFO - Filling up the DagBag from /opt/airflow/dags/db_and_model_update_dag.py
[2026-03-23T15:25:22.876+0000] {processor.py:925} INFO - DAG(s) 'db_and_model_update' retrieved from /opt/airflow/dags/db_and_model_update_dag.py
[2026-03-23T15:25:22.908+0000] {logging_mixin.py:190} INFO - [2026-03-23T15:25:22.908+0000] {dag.py:3239} INFO - Sync 1 DAGs
[2026-03-23T15:25:22.960+0000] {processor.py:208} INFO - Processing /opt/airflow/dags/db_and_model_update_dag.py took 0.119 seconds
[2026-03-23T15:25:55.054+0000] {processor.py:186} INFO - Started process (PID=639) to work on /opt/airflow/dags/db_and_model_update_dag.py
[2026-03-23T15:25:55.055+0000] {processor.py:914} INFO - Processing file /opt/airflow/dags/db_and_model_update_dag.py for tasks to queue
[2026-03-23T15:25:55.058+0000] {logging_mixin.py:190} INFO - [2026-03-23T15:25:55.057+0000] {dagbag.py:588} INFO - Filling up the DagBag from /opt/airflow/dags/db_and_model_update_dag.py
[2026-03-23T15:25:55.079+0000] {processor.py:925} INFO - DAG(s) 'db_and_model_update' retrieved from /opt/airflow/dags/db_and_model_update_dag.py
[2026-03-23T15:25:55.109+0000] {logging_mixin.py:190} INFO - [2026-03-23T15:25:55.109+0000] {dag.py:3239} INFO - Sync 1 DAGs
[2026-03-23T15:25:47.941+0000] {processor.py:208} INFO - Processing /opt/airflow/dags/db_and_model_update_dag.py took 0.109 seconds
[2026-03-23T15:26:18.232+0000] {processor.py:186} INFO - Started process (PID=649) to work on /opt/airflow/dags/db_and_model_update_dag.py
[2026-03-23T15:26:18.234+0000] {processor.py:914} INFO - Processing file /opt/airflow/dags/db_and_model_update_dag.py for tasks to queue
[2026-03-23T15:26:18.237+0000] {logging_mixin.py:190} INFO - [2026-03-23T15:26:18.236+0000] {dagbag.py:588} INFO - Filling up the DagBag from /opt/airflow/dags/db_and_model_update_dag.py
[2026-03-23T15:26:18.258+0000] {processor.py:925} INFO - DAG(s) 'db_and_model_update' retrieved from /opt/airflow/dags/db_and_model_update_dag.py
[2026-03-23T15:26:18.290+0000] {logging_mixin.py:190} INFO - [2026-03-23T15:26:18.290+0000] {dag.py:3239} INFO - Sync 1 DAGs
[2026-03-23T15:26:18.328+0000] {processor.py:208} INFO - Processing /opt/airflow/dags/db_and_model_update_dag.py took 0.103 seconds
[2026-03-23T15:26:48.631+0000] {processor.py:186} INFO - Started process (PID=659) to work on /opt/airflow/dags/db_and_model_update_dag.py
[2026-03-23T15:26:48.632+0000] {processor.py:914} INFO - Processing file /opt/airflow/dags/db_and_model_update_dag.py for tasks to queue
[2026-03-23T15:26:48.635+0000] {logging_mixin.py:190} INFO - [2026-03-23T15:26:48.634+0000] {dagbag.py:588} INFO - Filling up the DagBag from /opt/airflow/dags/db_and_model_update_dag.py
[2026-03-23T15:26:48.658+0000] {processor.py:925} INFO - DAG(s) 'db_and_model_update' retrieved from /opt/airflow/dags/db_and_model_update_dag.py
[2026-03-23T15:26:48.690+0000] {logging_mixin.py:190} INFO - [2026-03-23T15:26:48.690+0000] {dag.py:3239} INFO - Sync 1 DAGs
[2026-03-23T15:26:48.728+0000] {processor.py:208} INFO - Processing /opt/airflow/dags/db_and_model_update_dag.py took 0.105 seconds
[2026-03-23T15:27:19.100+0000] {processor.py:186} INFO - Started process (PID=669) to work on /opt/airflow/dags/db_and_model_update_dag.py
[2026-03-23T15:27:19.101+0000] {processor.py:914} INFO - Processing file /opt/airflow/dags/db_and_model_update_dag.py for tasks to queue
[2026-03-23T15:27:19.105+0000] {logging_mixin.py:190} INFO - [2026-03-23T15:27:19.104+0000] {dagbag.py:588} INFO - Filling up the DagBag from /opt/airflow/dags/db_and_model_update_dag.py
[2026-03-23T15:27:19.131+0000] {processor.py:925} INFO - DAG(s) 'db_and_model_update' retrieved from /opt/airflow/dags/db_and_model_update_dag.py
[2026-03-23T15:27:19.178+0000] {logging_mixin.py:190} INFO - [2026-03-23T15:27:19.178+0000] {dag.py:3239} INFO - Sync 1 DAGs
[2026-03-23T15:27:19.234+0000] {processor.py:208} INFO - Processing /opt/airflow/dags/db_and_model_update_dag.py took 0.143 seconds
[2026-03-23T15:27:55.595+0000] {processor.py:186} INFO - Started process (PID=679) to work on /opt/airflow/dags/db_and_model_update_dag.py
[2026-03-23T15:27:55.596+0000] {processor.py:914} INFO - Processing file /opt/airflow/dags/db_and_model_update_dag.py for tasks to queue
[2026-03-23T15:27:55.599+0000] {logging_mixin.py:190} INFO - [2026-03-23T15:27:55.599+0000] {dagbag.py:588} INFO - Filling up the DagBag from /opt/airflow/dags/db_and_model_update_dag.py
[2026-03-23T15:27:55.621+0000] {processor.py:925} INFO - DAG(s) 'db_and_model_update' retrieved from /opt/airflow/dags/db_and_model_update_dag.py
[2026-03-23T15:27:55.659+0000] {logging_mixin.py:190} INFO - [2026-03-23T15:27:55.659+0000] {dag.py:3239} INFO - Sync 1 DAGs
[2026-03-23T15:27:55.705+0000] {processor.py:208} INFO - Processing /opt/airflow/dags/db_and_model_update_dag.py took 0.117 seconds
[2026-03-23T15:28:26.337+0000] {processor.py:186} INFO - Started process (PID=689) to work on /opt/airflow/dags/db_and_model_update_dag.py
[2026-03-23T15:28:26.338+0000] {processor.py:914} INFO - Processing file /opt/airflow/dags/db_and_model_update_dag.py for tasks to queue
[2026-03-23T15:28:26.342+0000] {logging_mixin.py:190} INFO - [2026-03-23T15:28:26.341+0000] {dagbag.py:588} INFO - Filling up the DagBag from /opt/airflow/dags/db_and_model_update_dag.py
[2026-03-23T15:28:26.365+0000] {processor.py:925} INFO - DAG(s) 'db_and_model_update' retrieved from /opt/airflow/dags/db_and_model_update_dag.py
[2026-03-23T15:28:26.396+0000] {logging_mixin.py:190} INFO - [2026-03-23T15:28:26.396+0000] {dag.py:3239} INFO - Sync 1 DAGs
[2026-03-23T15:28:26.443+0000] {processor.py:208} INFO - Processing /opt/airflow/dags/db_and_model_update_dag.py took 0.115 seconds
[2026-03-23T15:28:56.611+0000] {processor.py:186} INFO - Started process (PID=699) to work on /opt/airflow/dags/db_and_model_update_dag.py
[2026-03-23T15:28:56.612+0000] {processor.py:914} INFO - Processing file /opt/airflow/dags/db_and_model_update_dag.py for tasks to queue
[2026-03-23T15:28:56.615+0000] {logging_mixin.py:190} INFO - [2026-03-23T15:28:56.614+0000] {dagbag.py:588} INFO - Filling up the DagBag from /opt/airflow/dags/db_and_model_update_dag.py
[2026-03-23T15:28:56.644+0000] {processor.py:925} INFO - DAG(s) 'db_and_model_update' retrieved from /opt/airflow/dags/db_and_model_update_dag.py
[2026-03-23T15:28:56.676+0000] {logging_mixin.py:190} INFO - [2026-03-23T15:28:56.676+0000] {dag.py:3239} INFO - Sync 1 DAGs
[2026-03-23T15:28:56.735+0000] {processor.py:208} INFO - Processing /opt/airflow/dags/db_and_model_update_dag.py took 0.131 seconds
[2026-03-23T15:29:27.006+0000] {processor.py:186} INFO - Started process (PID=709) to work on /opt/airflow/dags/db_and_model_update_dag.py
[2026-03-23T15:29:27.007+0000] {processor.py:914} INFO - Processing file /opt/airflow/dags/db_and_model_update_dag.py for tasks to queue
[2026-03-23T15:29:27.010+0000] {logging_mixin.py:190} INFO - [2026-03-23T15:29:27.010+0000] {dagbag.py:588} INFO - Filling up the DagBag from /opt/airflow/dags/db_and_model_update_dag.py
[2026-03-23T15:29:27.040+0000] {processor.py:925} INFO - DAG(s) 'db_and_model_update' retrieved from /opt/airflow/dags/db_and_model_update_dag.py
[2026-03-23T15:29:27.081+0000] {logging_mixin.py:190} INFO - [2026-03-23T15:29:27.080+0000] {dag.py:3239} INFO - Sync 1 DAGs
[2026-03-23T15:29:27.131+0000] {processor.py:208} INFO - Processing /opt/airflow/dags/db_and_model_update_dag.py took 0.135 seconds
[2026-03-23T15:29:57.457+0000] {processor.py:186} INFO - Started process (PID=719) to work on /opt/airflow/dags/db_and_model_update_dag.py
[2026-03-23T15:29:57.459+0000] {processor.py:914} INFO - Processing file /opt/airflow/dags/db_and_model_update_dag.py for tasks to queue
[2026-03-23T15:29:57.461+0000] {logging_mixin.py:190} INFO - [2026-03-23T15:29:57.461+0000] {dagbag.py:588} INFO - Filling up the DagBag from /opt/airflow/dags/db_and_model_update_dag.py
[2026-03-23T15:29:57.483+0000] {processor.py:925} INFO - DAG(s) 'db_and_model_update' retrieved from /opt/airflow/dags/db_and_model_update_dag.py
[2026-03-23T15:29:57.526+0000] {logging_mixin.py:190} INFO - [2026-03-23T15:29:57.525+0000] {dag.py:3239} INFO - Sync 1 DAGs
[2026-03-23T15:29:57.577+0000] {processor.py:208} INFO - Processing /opt/airflow/dags/db_and_model_update_dag.py took 0.127 seconds
[2026-03-23T15:30:27.871+0000] {processor.py:186} INFO - Started process (PID=729) to work on /opt/airflow/dags/db_and_model_update_dag.py
[2026-03-23T15:30:27.872+0000] {processor.py:914} INFO - Processing file /opt/airflow/dags/db_and_model_update_dag.py for tasks to queue
[2026-03-23T15:30:27.876+0000] {logging_mixin.py:190} INFO - [2026-03-23T15:30:27.875+0000] {dagbag.py:588} INFO - Filling up the DagBag from /opt/airflow/dags/db_and_model_update_dag.py
[2026-03-23T15:30:27.899+0000] {processor.py:925} INFO - DAG(s) 'db_and_model_update' retrieved from /opt/airflow/dags/db_and_model_update_dag.py
[2026-03-23T15:30:27.935+0000] {logging_mixin.py:190} INFO - [2026-03-23T15:30:27.935+0000] {dag.py:3239} INFO - Sync 1 DAGs
[2026-03-23T15:30:27.982+0000] {processor.py:208} INFO - Processing /opt/airflow/dags/db_and_model_update_dag.py took 0.117 seconds
[2026-03-23T15:31:00.474+0000] {processor.py:186} INFO - Started process (PID=739) to work on /opt/airflow/dags/db_and_model_update_dag.py
[2026-03-23T15:31:00.476+0000] {processor.py:914} INFO - Processing file /opt/airflow/dags/db_and_model_update_dag.py for tasks to queue
[2026-03-23T15:31:00.478+0000] {logging_mixin.py:190} INFO - [2026-03-23T15:31:00.478+0000] {dagbag.py:588} INFO - Filling up the DagBag from /opt/airflow/dags/db_and_model_update_dag.py
[2026-03-23T15:30:53.277+0000] {processor.py:925} INFO - DAG(s) 'db_and_model_update' retrieved from /opt/airflow/dags/db_and_model_update_dag.py
[2026-03-23T15:30:53.309+0000] {logging_mixin.py:190} INFO - [2026-03-23T15:30:53.309+0000] {dag.py:3239} INFO - Sync 1 DAGs
[2026-03-23T15:30:53.352+0000] {processor.py:208} INFO - Processing /opt/airflow/dags/db_and_model_update_dag.py took 0.111 seconds
[2026-03-23T15:31:23.679+0000] {processor.py:186} INFO - Started process (PID=749) to work on /opt/airflow/dags/db_and_model_update_dag.py
[2026-03-23T15:31:23.681+0000] {processor.py:914} INFO - Processing file /opt/airflow/dags/db_and_model_update_dag.py for tasks to queue
[2026-03-23T15:31:23.683+0000] {logging_mixin.py:190} INFO - [2026-03-23T15:31:23.683+0000] {dagbag.py:588} INFO - Filling up the DagBag from /opt/airflow/dags/db_and_model_update_dag.py
[2026-03-23T15:31:23.705+0000] {processor.py:925} INFO - DAG(s) 'db_and_model_update' retrieved from /opt/airflow/dags/db_and_model_update_dag.py
[2026-03-23T15:31:23.742+0000] {logging_mixin.py:190} INFO - [2026-03-23T15:31:23.742+0000] {dag.py:3239} INFO - Sync 1 DAGs
[2026-03-23T15:31:23.792+0000] {processor.py:208} INFO - Processing /opt/airflow/dags/db_and_model_update_dag.py took 0.123 seconds
[2026-03-23T15:31:54.135+0000] {processor.py:186} INFO - Started process (PID=759) to work on /opt/airflow/dags/db_and_model_update_dag.py
[2026-03-23T15:31:54.136+0000] {processor.py:914} INFO - Processing file /opt/airflow/dags/db_and_model_update_dag.py for tasks to queue
[2026-03-23T15:31:54.144+0000] {logging_mixin.py:190} INFO - [2026-03-23T15:31:54.143+0000] {dagbag.py:588} INFO - Filling up the DagBag from /opt/airflow/dags/db_and_model_update_dag.py
[2026-03-23T15:31:54.178+0000] {processor.py:925} INFO - DAG(s) 'db_and_model_update' retrieved from /opt/airflow/dags/db_and_model_update_dag.py
[2026-03-23T15:31:54.207+0000] {logging_mixin.py:190} INFO - [2026-03-23T15:31:54.207+0000] {dag.py:3239} INFO - Sync 1 DAGs
[2026-03-23T15:31:54.249+0000] {processor.py:208} INFO - Processing /opt/airflow/dags/db_and_model_update_dag.py took 0.126 seconds
[2026-03-23T15:32:24.465+0000] {processor.py:186} INFO - Started process (PID=769) to work on /opt/airflow/dags/db_and_model_update_dag.py
[2026-03-23T15:32:24.466+0000] {processor.py:914} INFO - Processing file /opt/airflow/dags/db_and_model_update_dag.py for tasks to queue
[2026-03-23T15:32:24.469+0000] {logging_mixin.py:190} INFO - [2026-03-23T15:32:24.469+0000] {dagbag.py:588} INFO - Filling up the DagBag from /opt/airflow/dags/db_and_model_update_dag.py
[2026-03-23T15:32:24.492+0000] {processor.py:925} INFO - DAG(s) 'db_and_model_update' retrieved from /opt/airflow/dags/db_and_model_update_dag.py
[2026-03-23T15:32:24.529+0000] {logging_mixin.py:190} INFO - [2026-03-23T15:32:24.529+0000] {dag.py:3239} INFO - Sync 1 DAGs
[2026-03-23T15:32:24.575+0000] {processor.py:208} INFO - Processing /opt/airflow/dags/db_and_model_update_dag.py took 0.118 seconds
[2026-03-23T15:32:54.869+0000] {processor.py:186} INFO - Started process (PID=779) to work on /opt/airflow/dags/db_and_model_update_dag.py
[2026-03-23T15:32:54.870+0000] {processor.py:914} INFO - Processing file /opt/airflow/dags/db_and_model_update_dag.py for tasks to queue
[2026-03-23T15:32:54.877+0000] {logging_mixin.py:190} INFO - [2026-03-23T15:32:54.876+0000] {dagbag.py:588} INFO - Filling up the DagBag from /opt/airflow/dags/db_and_model_update_dag.py
[2026-03-23T15:32:54.901+0000] {processor.py:925} INFO - DAG(s) 'db_and_model_update' retrieved from /opt/airflow/dags/db_and_model_update_dag.py
[2026-03-23T15:32:54.935+0000] {logging_mixin.py:190} INFO - [2026-03-23T15:32:54.935+0000] {dag.py:3239} INFO - Sync 1 DAGs
[2026-03-23T15:32:54.992+0000] {processor.py:208} INFO - Processing /opt/airflow/dags/db_and_model_update_dag.py took 0.137 seconds
[2026-03-23T15:33:25.305+0000] {processor.py:186} INFO - Started process (PID=789) to work on /opt/airflow/dags/db_and_model_update_dag.py
[2026-03-23T15:33:25.309+0000] {processor.py:914} INFO - Processing file /opt/airflow/dags/db_and_model_update_dag.py for tasks to queue
[2026-03-23T15:33:25.314+0000] {logging_mixin.py:190} INFO - [2026-03-23T15:33:25.313+0000] {dagbag.py:588} INFO - Filling up the DagBag from /opt/airflow/dags/db_and_model_update_dag.py
[2026-03-23T15:33:25.344+0000] {processor.py:925} INFO - DAG(s) 'db_and_model_update' retrieved from /opt/airflow/dags/db_and_model_update_dag.py
[2026-03-23T15:33:25.382+0000] {logging_mixin.py:190} INFO - [2026-03-23T15:33:25.382+0000] {dag.py:3239} INFO - Sync 1 DAGs
[2026-03-23T15:33:25.426+0000] {processor.py:208} INFO - Processing /opt/airflow/dags/db_and_model_update_dag.py took 0.132 seconds
[2026-03-23T15:33:55.734+0000] {processor.py:186} INFO - Started process (PID=799) to work on /opt/airflow/dags/db_and_model_update_dag.py
[2026-03-23T15:33:55.735+0000] {processor.py:914} INFO - Processing file /opt/airflow/dags/db_and_model_update_dag.py for tasks to queue
[2026-03-23T15:33:55.737+0000] {logging_mixin.py:190} INFO - [2026-03-23T15:33:55.737+0000] {dagbag.py:588} INFO - Filling up the DagBag from /opt/airflow/dags/db_and_model_update_dag.py
[2026-03-23T15:33:55.757+0000] {processor.py:925} INFO - DAG(s) 'db_and_model_update' retrieved from /opt/airflow/dags/db_and_model_update_dag.py
[2026-03-23T15:33:55.788+0000] {logging_mixin.py:190} INFO - [2026-03-23T15:33:55.788+0000] {dag.py:3239} INFO - Sync 1 DAGs
[2026-03-23T15:33:55.831+0000] {processor.py:208} INFO - Processing /opt/airflow/dags/db_and_model_update_dag.py took 0.105 seconds
[2026-03-23T15:34:26.019+0000] {processor.py:186} INFO - Started process (PID=809) to work on /opt/airflow/dags/db_and_model_update_dag.py
[2026-03-23T15:34:26.020+0000] {processor.py:914} INFO - Processing file /opt/airflow/dags/db_and_model_update_dag.py for tasks to queue
[2026-03-23T15:34:26.023+0000] {logging_mixin.py:190} INFO - [2026-03-23T15:34:26.023+0000] {dagbag.py:588} INFO - Filling up the DagBag from /opt/airflow/dags/db_and_model_update_dag.py
[2026-03-23T15:34:26.062+0000] {processor.py:925} INFO - DAG(s) 'db_and_model_update' retrieved from /opt/airflow/dags/db_and_model_update_dag.py
[2026-03-23T15:34:26.100+0000] {logging_mixin.py:190} INFO - [2026-03-23T15:34:26.100+0000] {dag.py:3239} INFO - Sync 1 DAGs
[2026-03-23T15:34:26.183+0000] {processor.py:208} INFO - Processing /opt/airflow/dags/db_and_model_update_dag.py took 0.173 seconds
[2026-03-23T15:34:56.361+0000] {processor.py:186} INFO - Started process (PID=819) to work on /opt/airflow/dags/db_and_model_update_dag.py
[2026-03-23T15:34:56.362+0000] {processor.py:914} INFO - Processing file /opt/airflow/dags/db_and_model_update_dag.py for tasks to queue
[2026-03-23T15:34:56.365+0000] {logging_mixin.py:190} INFO - [2026-03-23T15:34:56.365+0000] {dagbag.py:588} INFO - Filling up the DagBag from /opt/airflow/dags/db_and_model_update_dag.py
[2026-03-23T15:34:56.385+0000] {processor.py:925} INFO - DAG(s) 'db_and_model_update' retrieved from /opt/airflow/dags/db_and_model_update_dag.py
[2026-03-23T15:34:56.415+0000] {logging_mixin.py:190} INFO - [2026-03-23T15:34:56.415+0000] {dag.py:3239} INFO - Sync 1 DAGs
[2026-03-23T15:34:56.454+0000] {processor.py:208} INFO - Processing /opt/airflow/dags/db_and_model_update_dag.py took 0.102 seconds
[2026-03-23T15:35:26.775+0000] {processor.py:186} INFO - Started process (PID=829) to work on /opt/airflow/dags/db_and_model_update_dag.py
[2026-03-23T15:35:26.776+0000] {processor.py:914} INFO - Processing file /opt/airflow/dags/db_and_model_update_dag.py for tasks to queue
[2026-03-23T15:35:26.779+0000] {logging_mixin.py:190} INFO - [2026-03-23T15:35:26.778+0000] {dagbag.py:588} INFO - Filling up the DagBag from /opt/airflow/dags/db_and_model_update_dag.py
[2026-03-23T15:35:26.803+0000] {processor.py:925} INFO - DAG(s) 'db_and_model_update' retrieved from /opt/airflow/dags/db_and_model_update_dag.py
[2026-03-23T15:35:26.842+0000] {logging_mixin.py:190} INFO - [2026-03-23T15:35:26.841+0000] {dag.py:3239} INFO - Sync 1 DAGs
[2026-03-23T15:35:26.888+0000] {processor.py:208} INFO - Processing /opt/airflow/dags/db_and_model_update_dag.py took 0.122 seconds
[2026-03-23T15:35:57.072+0000] {processor.py:186} INFO - Started process (PID=839) to work on /opt/airflow/dags/db_and_model_update_dag.py
[2026-03-23T15:35:57.073+0000] {processor.py:914} INFO - Processing file /opt/airflow/dags/db_and_model_update_dag.py for tasks to queue
[2026-03-23T15:35:57.077+0000] {logging_mixin.py:190} INFO - [2026-03-23T15:35:57.077+0000] {dagbag.py:588} INFO - Filling up the DagBag from /opt/airflow/dags/db_and_model_update_dag.py
[2026-03-23T15:35:57.099+0000] {processor.py:925} INFO - DAG(s) 'db_and_model_update' retrieved from /opt/airflow/dags/db_and_model_update_dag.py
[2026-03-23T15:35:57.134+0000] {logging_mixin.py:190} INFO - [2026-03-23T15:35:57.134+0000] {dag.py:3239} INFO - Sync 1 DAGs
[2026-03-23T15:35:57.178+0000] {processor.py:208} INFO - Processing /opt/airflow/dags/db_and_model_update_dag.py took 0.114 seconds
[2026-03-23T15:36:27.483+0000] {processor.py:186} INFO - Started process (PID=849) to work on /opt/airflow/dags/db_and_model_update_dag.py
[2026-03-23T15:36:27.484+0000] {processor.py:914} INFO - Processing file /opt/airflow/dags/db_and_model_update_dag.py for tasks to queue
[2026-03-23T15:36:27.487+0000] {logging_mixin.py:190} INFO - [2026-03-23T15:36:27.486+0000] {dagbag.py:588} INFO - Filling up the DagBag from /opt/airflow/dags/db_and_model_update_dag.py
[2026-03-23T15:36:27.530+0000] {processor.py:925} INFO - DAG(s) 'db_and_model_update' retrieved from /opt/airflow/dags/db_and_model_update_dag.py
[2026-03-23T15:36:27.578+0000] {logging_mixin.py:190} INFO - [2026-03-23T15:36:27.576+0000] {dag.py:3239} INFO - Sync 1 DAGs
[2026-03-23T15:36:27.639+0000] {processor.py:208} INFO - Processing /opt/airflow/dags/db_and_model_update_dag.py took 0.168 seconds
[2026-03-23T15:37:02.999+0000] {processor.py:186} INFO - Started process (PID=859) to work on /opt/airflow/dags/db_and_model_update_dag.py
[2026-03-23T15:37:03.000+0000] {processor.py:914} INFO - Processing file /opt/airflow/dags/db_and_model_update_dag.py for tasks to queue
[2026-03-23T15:37:03.003+0000] {logging_mixin.py:190} INFO - [2026-03-23T15:37:03.003+0000] {dagbag.py:588} INFO - Filling up the DagBag from /opt/airflow/dags/db_and_model_update_dag.py
[2026-03-23T15:37:03.026+0000] {processor.py:925} INFO - DAG(s) 'db_and_model_update' retrieved from /opt/airflow/dags/db_and_model_update_dag.py
[2026-03-23T15:36:55.834+0000] {logging_mixin.py:190} INFO - [2026-03-23T15:36:55.834+0000] {dag.py:3239} INFO - Sync 1 DAGs
[2026-03-23T15:36:55.888+0000] {processor.py:208} INFO - Processing /opt/airflow/dags/db_and_model_update_dag.py took 0.133 seconds
[2026-03-23T15:37:26.443+0000] {processor.py:186} INFO - Started process (PID=869) to work on /opt/airflow/dags/db_and_model_update_dag.py
[2026-03-23T15:37:26.445+0000] {processor.py:914} INFO - Processing file /opt/airflow/dags/db_and_model_update_dag.py for tasks to queue
[2026-03-23T15:37:26.448+0000] {logging_mixin.py:190} INFO - [2026-03-23T15:37:26.448+0000] {dagbag.py:588} INFO - Filling up the DagBag from /opt/airflow/dags/db_and_model_update_dag.py
[2026-03-23T15:37:26.473+0000] {processor.py:925} INFO - DAG(s) 'db_and_model_update' retrieved from /opt/airflow/dags/db_and_model_update_dag.py
[2026-03-23T15:37:26.510+0000] {logging_mixin.py:190} INFO - [2026-03-23T15:37:26.510+0000] {dag.py:3239} INFO - Sync 1 DAGs
[2026-03-23T15:37:26.564+0000] {processor.py:208} INFO - Processing /opt/airflow/dags/db_and_model_update_dag.py took 0.129 seconds
[2026-03-23T15:37:53.832+0000] {processor.py:186} INFO - Started process (PID=879) to work on /opt/airflow/dags/db_and_model_update_dag.py
[2026-03-23T15:37:53.833+0000] {processor.py:914} INFO - Processing file /opt/airflow/dags/db_and_model_update_dag.py for tasks to queue
[2026-03-23T15:37:53.836+0000] {logging_mixin.py:190} INFO - [2026-03-23T15:37:53.835+0000] {dagbag.py:588} INFO - Filling up the DagBag from /opt/airflow/dags/db_and_model_update_dag.py
[2026-03-23T15:37:53.857+0000] {processor.py:925} INFO - DAG(s) 'db_and_model_update' retrieved from /opt/airflow/dags/db_and_model_update_dag.py
[2026-03-23T15:37:53.887+0000] {logging_mixin.py:190} INFO - [2026-03-23T15:37:53.887+0000] {dag.py:3239} INFO - Sync 1 DAGs
[2026-03-23T15:37:53.930+0000] {processor.py:208} INFO - Processing /opt/airflow/dags/db_and_model_update_dag.py took 0.106 seconds
[2026-03-23T15:38:24.235+0000] {processor.py:186} INFO - Started process (PID=889) to work on /opt/airflow/dags/db_and_model_update_dag.py
[2026-03-23T15:38:24.237+0000] {processor.py:914} INFO - Processing file /opt/airflow/dags/db_and_model_update_dag.py for tasks to queue
[2026-03-23T15:38:24.240+0000] {logging_mixin.py:190} INFO - [2026-03-23T15:38:24.240+0000] {dagbag.py:588} INFO - Filling up the DagBag from /opt/airflow/dags/db_and_model_update_dag.py
[2026-03-23T15:38:24.262+0000] {processor.py:925} INFO - DAG(s) 'db_and_model_update' retrieved from /opt/airflow/dags/db_and_model_update_dag.py
[2026-03-23T15:38:24.297+0000] {logging_mixin.py:190} INFO - [2026-03-23T15:38:24.296+0000] {dag.py:3239} INFO - Sync 1 DAGs
[2026-03-23T15:38:24.340+0000] {processor.py:208} INFO - Processing /opt/airflow/dags/db_and_model_update_dag.py took 0.115 seconds
[2026-03-23T15:38:54.652+0000] {processor.py:186} INFO - Started process (PID=899) to work on /opt/airflow/dags/db_and_model_update_dag.py
[2026-03-23T15:38:54.654+0000] {processor.py:914} INFO - Processing file /opt/airflow/dags/db_and_model_update_dag.py for tasks to queue
[2026-03-23T15:38:54.658+0000] {logging_mixin.py:190} INFO - [2026-03-23T15:38:54.657+0000] {dagbag.py:588} INFO - Filling up the DagBag from /opt/airflow/dags/db_and_model_update_dag.py
[2026-03-23T15:38:54.689+0000] {processor.py:925} INFO - DAG(s) 'db_and_model_update' retrieved from /opt/airflow/dags/db_and_model_update_dag.py
[2026-03-23T15:38:54.735+0000] {logging_mixin.py:190} INFO - [2026-03-23T15:38:54.734+0000] {dag.py:3239} INFO - Sync 1 DAGs
[2026-03-23T15:38:54.801+0000] {processor.py:208} INFO - Processing /opt/airflow/dags/db_and_model_update_dag.py took 0.160 seconds
[2026-03-23T15:39:24.976+0000] {processor.py:186} INFO - Started process (PID=909) to work on /opt/airflow/dags/db_and_model_update_dag.py
[2026-03-23T15:39:24.979+0000] {processor.py:914} INFO - Processing file /opt/airflow/dags/db_and_model_update_dag.py for tasks to queue
[2026-03-23T15:39:24.982+0000] {logging_mixin.py:190} INFO - [2026-03-23T15:39:24.982+0000] {dagbag.py:588} INFO - Filling up the DagBag from /opt/airflow/dags/db_and_model_update_dag.py
[2026-03-23T15:39:25.006+0000] {processor.py:925} INFO - DAG(s) 'db_and_model_update' retrieved from /opt/airflow/dags/db_and_model_update_dag.py
[2026-03-23T15:39:25.041+0000] {logging_mixin.py:190} INFO - [2026-03-23T15:39:25.041+0000] {dag.py:3239} INFO - Sync 1 DAGs
[2026-03-23T15:39:25.088+0000] {processor.py:208} INFO - Processing /opt/airflow/dags/db_and_model_update_dag.py took 0.128 seconds
[2026-03-23T15:39:56.113+0000] {processor.py:186} INFO - Started process (PID=919) to work on /opt/airflow/dags/db_and_model_update_dag.py
[2026-03-23T15:39:56.115+0000] {processor.py:914} INFO - Processing file /opt/airflow/dags/db_and_model_update_dag.py for tasks to queue
[2026-03-23T15:39:56.117+0000] {logging_mixin.py:190} INFO - [2026-03-23T15:39:56.117+0000] {dagbag.py:588} INFO - Filling up the DagBag from /opt/airflow/dags/db_and_model_update_dag.py
[2026-03-23T15:39:56.139+0000] {processor.py:925} INFO - DAG(s) 'db_and_model_update' retrieved from /opt/airflow/dags/db_and_model_update_dag.py
[2026-03-23T15:39:48.931+0000] {logging_mixin.py:190} INFO - [2026-03-23T15:39:48.931+0000] {dag.py:3239} INFO - Sync 1 DAGs
[2026-03-23T15:39:48.981+0000] {processor.py:208} INFO - Processing /opt/airflow/dags/db_and_model_update_dag.py took 0.122 seconds
[2026-03-23T15:40:19.150+0000] {processor.py:186} INFO - Started process (PID=929) to work on /opt/airflow/dags/db_and_model_update_dag.py
[2026-03-23T15:40:19.152+0000] {processor.py:914} INFO - Processing file /opt/airflow/dags/db_and_model_update_dag.py for tasks to queue
[2026-03-23T15:40:19.156+0000] {logging_mixin.py:190} INFO - [2026-03-23T15:40:19.155+0000] {dagbag.py:588} INFO - Filling up the DagBag from /opt/airflow/dags/db_and_model_update_dag.py
[2026-03-23T15:40:19.186+0000] {processor.py:925} INFO - DAG(s) 'db_and_model_update' retrieved from /opt/airflow/dags/db_and_model_update_dag.py
[2026-03-23T15:40:19.220+0000] {logging_mixin.py:190} INFO - [2026-03-23T15:40:19.220+0000] {dag.py:3239} INFO - Sync 1 DAGs
[2026-03-23T15:40:19.266+0000] {processor.py:208} INFO - Processing /opt/airflow/dags/db_and_model_update_dag.py took 0.125 seconds
[2026-03-23T15:40:44.063+0000] {processor.py:186} INFO - Started process (PID=939) to work on /opt/airflow/dags/db_and_model_update_dag.py
[2026-03-23T15:40:44.064+0000] {processor.py:914} INFO - Processing file /opt/airflow/dags/db_and_model_update_dag.py for tasks to queue
[2026-03-23T15:40:44.067+0000] {logging_mixin.py:190} INFO - [2026-03-23T15:40:44.067+0000] {dagbag.py:588} INFO - Filling up the DagBag from /opt/airflow/dags/db_and_model_update_dag.py
[2026-03-23T15:40:44.097+0000] {processor.py:925} INFO - DAG(s) 'db_and_model_update' retrieved from /opt/airflow/dags/db_and_model_update_dag.py
[2026-03-23T15:40:44.131+0000] {logging_mixin.py:190} INFO - [2026-03-23T15:40:44.131+0000] {dag.py:3239} INFO - Sync 1 DAGs
[2026-03-23T15:40:44.176+0000] {processor.py:208} INFO - Processing /opt/airflow/dags/db_and_model_update_dag.py took 0.126 seconds
[2026-03-23T15:41:14.496+0000] {processor.py:186} INFO - Started process (PID=949) to work on /opt/airflow/dags/db_and_model_update_dag.py
[2026-03-23T15:41:14.498+0000] {processor.py:914} INFO - Processing file /opt/airflow/dags/db_and_model_update_dag.py for tasks to queue
[2026-03-23T15:41:14.500+0000] {logging_mixin.py:190} INFO - [2026-03-23T15:41:14.500+0000] {dagbag.py:588} INFO - Filling up the DagBag from /opt/airflow/dags/db_and_model_update_dag.py
[2026-03-23T15:41:14.522+0000] {processor.py:925} INFO - DAG(s) 'db_and_model_update' retrieved from /opt/airflow/dags/db_and_model_update_dag.py
[2026-03-23T15:41:14.555+0000] {logging_mixin.py:190} INFO - [2026-03-23T15:41:14.554+0000] {dag.py:3239} INFO - Sync 1 DAGs
[2026-03-23T15:41:14.594+0000] {processor.py:208} INFO - Processing /opt/airflow/dags/db_and_model_update_dag.py took 0.107 seconds
[2026-03-23T15:41:44.897+0000] {processor.py:186} INFO - Started process (PID=959) to work on /opt/airflow/dags/db_and_model_update_dag.py
[2026-03-23T15:41:44.898+0000] {processor.py:914} INFO - Processing file /opt/airflow/dags/db_and_model_update_dag.py for tasks to queue
[2026-03-23T15:41:44.901+0000] {logging_mixin.py:190} INFO - [2026-03-23T15:41:44.900+0000] {dagbag.py:588} INFO - Filling up the DagBag from /opt/airflow/dags/db_and_model_update_dag.py
[2026-03-23T15:41:44.927+0000] {processor.py:925} INFO - DAG(s) 'db_and_model_update' retrieved from /opt/airflow/dags/db_and_model_update_dag.py
[2026-03-23T15:41:44.967+0000] {logging_mixin.py:190} INFO - [2026-03-23T15:41:44.967+0000] {dag.py:3239} INFO - Sync 1 DAGs
[2026-03-23T15:41:45.015+0000] {processor.py:208} INFO - Processing /opt/airflow/dags/db_and_model_update_dag.py took 0.126 seconds
[2026-03-23T15:42:15.892+0000] {processor.py:186} INFO - Started process (PID=969) to work on /opt/airflow/dags/db_and_model_update_dag.py
[2026-03-23T15:42:15.894+0000] {processor.py:914} INFO - Processing file /opt/airflow/dags/db_and_model_update_dag.py for tasks to queue
[2026-03-23T15:42:15.896+0000] {logging_mixin.py:190} INFO - [2026-03-23T15:42:15.895+0000] {dagbag.py:588} INFO - Filling up the DagBag from /opt/airflow/dags/db_and_model_update_dag.py
[2026-03-23T15:42:15.915+0000] {processor.py:925} INFO - DAG(s) 'db_and_model_update' retrieved from /opt/airflow/dags/db_and_model_update_dag.py
[2026-03-23T15:42:15.949+0000] {logging_mixin.py:190} INFO - [2026-03-23T15:42:15.948+0000] {dag.py:3239} INFO - Sync 1 DAGs
[2026-03-23T15:42:15.993+0000] {processor.py:208} INFO - Processing /opt/airflow/dags/db_and_model_update_dag.py took 0.107 seconds
[2026-03-23T15:42:46.651+0000] {processor.py:186} INFO - Started process (PID=979) to work on /opt/airflow/dags/db_and_model_update_dag.py
[2026-03-23T15:42:46.652+0000] {processor.py:914} INFO - Processing file /opt/airflow/dags/db_and_model_update_dag.py for tasks to queue
[2026-03-23T15:42:46.654+0000] {logging_mixin.py:190} INFO - [2026-03-23T15:42:46.654+0000] {dagbag.py:588} INFO - Filling up the DagBag from /opt/airflow/dags/db_and_model_update_dag.py
[2026-03-23T15:42:46.676+0000] {processor.py:925} INFO - DAG(s) 'db_and_model_update' retrieved from /opt/airflow/dags/db_and_model_update_dag.py
[2026-03-23T15:42:46.712+0000] {logging_mixin.py:190} INFO - [2026-03-23T15:42:46.711+0000] {dag.py:3239} INFO - Sync 1 DAGs
[2026-03-23T15:42:46.782+0000] {processor.py:208} INFO - Processing /opt/airflow/dags/db_and_model_update_dag.py took 0.143 seconds
[2026-03-23T15:43:17.111+0000] {processor.py:186} INFO - Started process (PID=989) to work on /opt/airflow/dags/db_and_model_update_dag.py
[2026-03-23T15:43:17.114+0000] {processor.py:914} INFO - Processing file /opt/airflow/dags/db_and_model_update_dag.py for tasks to queue
[2026-03-23T15:43:17.119+0000] {logging_mixin.py:190} INFO - [2026-03-23T15:43:17.117+0000] {dagbag.py:588} INFO - Filling up the DagBag from /opt/airflow/dags/db_and_model_update_dag.py
[2026-03-23T15:43:17.142+0000] {processor.py:925} INFO - DAG(s) 'db_and_model_update' retrieved from /opt/airflow/dags/db_and_model_update_dag.py
[2026-03-23T15:43:17.178+0000] {logging_mixin.py:190} INFO - [2026-03-23T15:43:17.177+0000] {dag.py:3239} INFO - Sync 1 DAGs
[2026-03-23T15:43:17.228+0000] {processor.py:208} INFO - Processing /opt/airflow/dags/db_and_model_update_dag.py took 0.132 seconds
[2026-03-23T15:43:47.498+0000] {processor.py:186} INFO - Started process (PID=999) to work on /opt/airflow/dags/db_and_model_update_dag.py
[2026-03-23T15:43:47.503+0000] {processor.py:914} INFO - Processing file /opt/airflow/dags/db_and_model_update_dag.py for tasks to queue
[2026-03-23T15:43:47.506+0000] {logging_mixin.py:190} INFO - [2026-03-23T15:43:47.506+0000] {dagbag.py:588} INFO - Filling up the DagBag from /opt/airflow/dags/db_and_model_update_dag.py
[2026-03-23T15:43:47.531+0000] {processor.py:925} INFO - DAG(s) 'db_and_model_update' retrieved from /opt/airflow/dags/db_and_model_update_dag.py
[2026-03-23T15:43:47.579+0000] {logging_mixin.py:190} INFO - [2026-03-23T15:43:47.578+0000] {dag.py:3239} INFO - Sync 1 DAGs
[2026-03-23T15:43:47.633+0000] {processor.py:208} INFO - Processing /opt/airflow/dags/db_and_model_update_dag.py took 0.143 seconds
[2026-03-23T15:44:17.705+0000] {processor.py:186} INFO - Started process (PID=1009) to work on /opt/airflow/dags/db_and_model_update_dag.py
[2026-03-23T15:44:17.706+0000] {processor.py:914} INFO - Processing file /opt/airflow/dags/db_and_model_update_dag.py for tasks to queue
[2026-03-23T15:44:17.709+0000] {logging_mixin.py:190} INFO - [2026-03-23T15:44:17.708+0000] {dagbag.py:588} INFO - Filling up the DagBag from /opt/airflow/dags/db_and_model_update_dag.py
[2026-03-23T15:44:17.727+0000] {processor.py:925} INFO - DAG(s) 'db_and_model_update' retrieved from /opt/airflow/dags/db_and_model_update_dag.py
[2026-03-23T15:44:17.759+0000] {logging_mixin.py:190} INFO - [2026-03-23T15:44:17.759+0000] {dag.py:3239} INFO - Sync 1 DAGs
[2026-03-23T15:44:17.802+0000] {processor.py:208} INFO - Processing /opt/airflow/dags/db_and_model_update_dag.py took 0.105 seconds
[2026-03-23T15:44:48.420+0000] {processor.py:186} INFO - Started process (PID=1019) to work on /opt/airflow/dags/db_and_model_update_dag.py
[2026-03-23T15:44:48.421+0000] {processor.py:914} INFO - Processing file /opt/airflow/dags/db_and_model_update_dag.py for tasks to queue
[2026-03-23T15:44:48.423+0000] {logging_mixin.py:190} INFO - [2026-03-23T15:44:48.423+0000] {dagbag.py:588} INFO - Filling up the DagBag from /opt/airflow/dags/db_and_model_update_dag.py
[2026-03-23T15:44:48.448+0000] {processor.py:925} INFO - DAG(s) 'db_and_model_update' retrieved from /opt/airflow/dags/db_and_model_update_dag.py
[2026-03-23T15:44:48.482+0000] {logging_mixin.py:190} INFO - [2026-03-23T15:44:48.482+0000] {dag.py:3239} INFO - Sync 1 DAGs
[2026-03-23T15:44:48.529+0000] {processor.py:208} INFO - Processing /opt/airflow/dags/db_and_model_update_dag.py took 0.115 seconds
[2026-03-23T15:45:18.788+0000] {processor.py:186} INFO - Started process (PID=1029) to work on /opt/airflow/dags/db_and_model_update_dag.py
[2026-03-23T15:45:18.789+0000] {processor.py:914} INFO - Processing file /opt/airflow/dags/db_and_model_update_dag.py for tasks to queue
[2026-03-23T15:45:18.793+0000] {logging_mixin.py:190} INFO - [2026-03-23T15:45:18.792+0000] {dagbag.py:588} INFO - Filling up the DagBag from /opt/airflow/dags/db_and_model_update_dag.py
[2026-03-23T15:45:18.819+0000] {processor.py:925} INFO - DAG(s) 'db_and_model_update' retrieved from /opt/airflow/dags/db_and_model_update_dag.py
[2026-03-23T15:45:18.855+0000] {logging_mixin.py:190} INFO - [2026-03-23T15:45:18.854+0000] {dag.py:3239} INFO - Sync 1 DAGs
[2026-03-23T15:45:18.897+0000] {processor.py:208} INFO - Processing /opt/airflow/dags/db_and_model_update_dag.py took 0.118 seconds
[2026-03-23T15:45:49.200+0000] {processor.py:186} INFO - Started process (PID=1039) to work on /opt/airflow/dags/db_and_model_update_dag.py
[2026-03-23T15:45:49.202+0000] {processor.py:914} INFO - Processing file /opt/airflow/dags/db_and_model_update_dag.py for tasks to queue
[2026-03-23T15:45:49.206+0000] {logging_mixin.py:190} INFO - [2026-03-23T15:45:49.205+0000] {dagbag.py:588} INFO - Filling up the DagBag from /opt/airflow/dags/db_and_model_update_dag.py
[2026-03-23T15:45:49.224+0000] {processor.py:925} INFO - DAG(s) 'db_and_model_update' retrieved from /opt/airflow/dags/db_and_model_update_dag.py
[2026-03-23T15:45:49.258+0000] {logging_mixin.py:190} INFO - [2026-03-23T15:45:49.258+0000] {dag.py:3239} INFO - Sync 1 DAGs
[2026-03-23T15:45:49.307+0000] {processor.py:208} INFO - Processing /opt/airflow/dags/db_and_model_update_dag.py took 0.122 seconds
[2026-03-23T15:46:19.639+0000] {processor.py:186} INFO - Started process (PID=1049) to work on /opt/airflow/dags/db_and_model_update_dag.py
[2026-03-23T15:46:19.641+0000] {processor.py:914} INFO - Processing file /opt/airflow/dags/db_and_model_update_dag.py for tasks to queue
[2026-03-23T15:46:19.643+0000] {logging_mixin.py:190} INFO - [2026-03-23T15:46:19.643+0000] {dagbag.py:588} INFO - Filling up the DagBag from /opt/airflow/dags/db_and_model_update_dag.py
[2026-03-23T15:46:19.669+0000] {processor.py:925} INFO - DAG(s) 'db_and_model_update' retrieved from /opt/airflow/dags/db_and_model_update_dag.py
[2026-03-23T15:46:19.707+0000] {logging_mixin.py:190} INFO - [2026-03-23T15:46:19.707+0000] {dag.py:3239} INFO - Sync 1 DAGs
[2026-03-23T15:46:19.756+0000] {processor.py:208} INFO - Processing /opt/airflow/dags/db_and_model_update_dag.py took 0.124 seconds
[2026-03-23T15:46:49.557+0000] {processor.py:186} INFO - Started process (PID=1059) to work on /opt/airflow/dags/db_and_model_update_dag.py
[2026-03-23T15:46:49.558+0000] {processor.py:914} INFO - Processing file /opt/airflow/dags/db_and_model_update_dag.py for tasks to queue
[2026-03-23T15:46:49.561+0000] {logging_mixin.py:190} INFO - [2026-03-23T15:46:49.560+0000] {dagbag.py:588} INFO - Filling up the DagBag from /opt/airflow/dags/db_and_model_update_dag.py
[2026-03-23T15:46:49.585+0000] {processor.py:925} INFO - DAG(s) 'db_and_model_update' retrieved from /opt/airflow/dags/db_and_model_update_dag.py
[2026-03-23T15:46:49.621+0000] {logging_mixin.py:190} INFO - [2026-03-23T15:46:49.621+0000] {dag.py:3239} INFO - Sync 1 DAGs
[2026-03-23T15:46:49.663+0000] {processor.py:208} INFO - Processing /opt/airflow/dags/db_and_model_update_dag.py took 0.112 seconds
[2026-03-23T15:47:19.864+0000] {processor.py:186} INFO - Started process (PID=1069) to work on /opt/airflow/dags/db_and_model_update_dag.py
[2026-03-23T15:47:19.865+0000] {processor.py:914} INFO - Processing file /opt/airflow/dags/db_and_model_update_dag.py for tasks to queue
[2026-03-23T15:47:19.867+0000] {logging_mixin.py:190} INFO - [2026-03-23T15:47:19.867+0000] {dagbag.py:588} INFO - Filling up the DagBag from /opt/airflow/dags/db_and_model_update_dag.py
[2026-03-23T15:47:19.892+0000] {processor.py:925} INFO - DAG(s) 'db_and_model_update' retrieved from /opt/airflow/dags/db_and_model_update_dag.py
[2026-03-23T15:47:19.929+0000] {logging_mixin.py:190} INFO - [2026-03-23T15:47:19.929+0000] {dag.py:3239} INFO - Sync 1 DAGs
[2026-03-23T15:47:19.974+0000] {processor.py:208} INFO - Processing /opt/airflow/dags/db_and_model_update_dag.py took 0.117 seconds
[2026-03-23T15:47:50.166+0000] {processor.py:186} INFO - Started process (PID=1079) to work on /opt/airflow/dags/db_and_model_update_dag.py
[2026-03-23T15:47:50.167+0000] {processor.py:914} INFO - Processing file /opt/airflow/dags/db_and_model_update_dag.py for tasks to queue
[2026-03-23T15:47:50.170+0000] {logging_mixin.py:190} INFO - [2026-03-23T15:47:50.169+0000] {dagbag.py:588} INFO - Filling up the DagBag from /opt/airflow/dags/db_and_model_update_dag.py
[2026-03-23T15:47:50.194+0000] {processor.py:925} INFO - DAG(s) 'db_and_model_update' retrieved from /opt/airflow/dags/db_and_model_update_dag.py
[2026-03-23T15:47:50.233+0000] {logging_mixin.py:190} INFO - [2026-03-23T15:47:50.232+0000] {dag.py:3239} INFO - Sync 1 DAGs
[2026-03-23T15:47:50.321+0000] {processor.py:208} INFO - Processing /opt/airflow/dags/db_and_model_update_dag.py took 0.163 seconds
[2026-03-23T15:48:17.658+0000] {processor.py:186} INFO - Started process (PID=1089) to work on /opt/airflow/dags/db_and_model_update_dag.py
[2026-03-23T15:48:17.659+0000] {processor.py:914} INFO - Processing file /opt/airflow/dags/db_and_model_update_dag.py for tasks to queue
[2026-03-23T15:48:17.661+0000] {logging_mixin.py:190} INFO - [2026-03-23T15:48:17.661+0000] {dagbag.py:588} INFO - Filling up the DagBag from /opt/airflow/dags/db_and_model_update_dag.py
[2026-03-23T15:48:17.680+0000] {processor.py:925} INFO - DAG(s) 'db_and_model_update' retrieved from /opt/airflow/dags/db_and_model_update_dag.py
[2026-03-23T15:48:17.716+0000] {logging_mixin.py:190} INFO - [2026-03-23T15:48:17.716+0000] {dag.py:3239} INFO - Sync 1 DAGs
[2026-03-23T15:48:17.775+0000] {processor.py:208} INFO - Processing /opt/airflow/dags/db_and_model_update_dag.py took 0.124 seconds
[2026-03-23T15:48:48.366+0000] {processor.py:186} INFO - Started process (PID=1099) to work on /opt/airflow/dags/db_and_model_update_dag.py
[2026-03-23T15:48:48.367+0000] {processor.py:914} INFO - Processing file /opt/airflow/dags/db_and_model_update_dag.py for tasks to queue
[2026-03-23T15:48:48.370+0000] {logging_mixin.py:190} INFO - [2026-03-23T15:48:48.370+0000] {dagbag.py:588} INFO - Filling up the DagBag from /opt/airflow/dags/db_and_model_update_dag.py
[2026-03-23T15:48:48.394+0000] {processor.py:925} INFO - DAG(s) 'db_and_model_update' retrieved from /opt/airflow/dags/db_and_model_update_dag.py
[2026-03-23T15:48:48.429+0000] {logging_mixin.py:190} INFO - [2026-03-23T15:48:48.429+0000] {dag.py:3239} INFO - Sync 1 DAGs
[2026-03-23T15:48:48.473+0000] {processor.py:208} INFO - Processing /opt/airflow/dags/db_and_model_update_dag.py took 0.114 seconds
[2026-03-23T15:49:18.810+0000] {processor.py:186} INFO - Started process (PID=1109) to work on /opt/airflow/dags/db_and_model_update_dag.py
[2026-03-23T15:49:18.811+0000] {processor.py:914} INFO - Processing file /opt/airflow/dags/db_and_model_update_dag.py for tasks to queue
[2026-03-23T15:49:18.816+0000] {logging_mixin.py:190} INFO - [2026-03-23T15:49:18.815+0000] {dagbag.py:588} INFO - Filling up the DagBag from /opt/airflow/dags/db_and_model_update_dag.py
[2026-03-23T15:49:18.836+0000] {processor.py:925} INFO - DAG(s) 'db_and_model_update' retrieved from /opt/airflow/dags/db_and_model_update_dag.py
[2026-03-23T15:49:18.869+0000] {logging_mixin.py:190} INFO - [2026-03-23T15:49:18.868+0000] {dag.py:3239} INFO - Sync 1 DAGs
[2026-03-23T15:49:18.915+0000] {processor.py:208} INFO - Processing /opt/airflow/dags/db_and_model_update_dag.py took 0.113 seconds
[2026-03-23T15:49:49.244+0000] {processor.py:186} INFO - Started process (PID=1119) to work on /opt/airflow/dags/db_and_model_update_dag.py
[2026-03-23T15:49:49.245+0000] {processor.py:914} INFO - Processing file /opt/airflow/dags/db_and_model_update_dag.py for tasks to queue
[2026-03-23T15:49:49.248+0000] {logging_mixin.py:190} INFO - [2026-03-23T15:49:49.248+0000] {dagbag.py:588} INFO - Filling up the DagBag from /opt/airflow/dags/db_and_model_update_dag.py
[2026-03-23T15:49:49.269+0000] {processor.py:925} INFO - DAG(s) 'db_and_model_update' retrieved from /opt/airflow/dags/db_and_model_update_dag.py
[2026-03-23T15:49:49.303+0000] {logging_mixin.py:190} INFO - [2026-03-23T15:49:49.303+0000] {dag.py:3239} INFO - Sync 1 DAGs
[2026-03-23T15:49:49.365+0000] {processor.py:208} INFO - Processing /opt/airflow/dags/db_and_model_update_dag.py took 0.130 seconds
[2026-03-23T15:50:19.676+0000] {processor.py:186} INFO - Started process (PID=1129) to work on /opt/airflow/dags/db_and_model_update_dag.py
[2026-03-23T15:50:19.677+0000] {processor.py:914} INFO - Processing file /opt/airflow/dags/db_and_model_update_dag.py for tasks to queue
[2026-03-23T15:50:19.680+0000] {logging_mixin.py:190} INFO - [2026-03-23T15:50:19.680+0000] {dagbag.py:588} INFO - Filling up the DagBag from /opt/airflow/dags/db_and_model_update_dag.py
[2026-03-23T15:50:19.698+0000] {processor.py:925} INFO - DAG(s) 'db_and_model_update' retrieved from /opt/airflow/dags/db_and_model_update_dag.py
[2026-03-23T15:50:19.728+0000] {logging_mixin.py:190} INFO - [2026-03-23T15:50:19.728+0000] {dag.py:3239} INFO - Sync 1 DAGs
[2026-03-23T15:50:19.768+0000] {processor.py:208} INFO - Processing /opt/airflow/dags/db_and_model_update_dag.py took 0.098 seconds
[2026-03-23T15:50:49.965+0000] {processor.py:186} INFO - Started process (PID=1139) to work on /opt/airflow/dags/db_and_model_update_dag.py
[2026-03-23T15:50:49.967+0000] {processor.py:914} INFO - Processing file /opt/airflow/dags/db_and_model_update_dag.py for tasks to queue
[2026-03-23T15:50:49.970+0000] {logging_mixin.py:190} INFO - [2026-03-23T15:50:49.970+0000] {dagbag.py:588} INFO - Filling up the DagBag from /opt/airflow/dags/db_and_model_update_dag.py
[2026-03-23T15:50:50.003+0000] {processor.py:925} INFO - DAG(s) 'db_and_model_update' retrieved from /opt/airflow/dags/db_and_model_update_dag.py
[2026-03-23T15:50:50.044+0000] {logging_mixin.py:190} INFO - [2026-03-23T15:50:50.044+0000] {dag.py:3239} INFO - Sync 1 DAGs
[2026-03-23T15:50:50.102+0000] {processor.py:208} INFO - Processing /opt/airflow/dags/db_and_model_update_dag.py took 0.147 seconds
[2026-03-23T15:51:20.491+0000] {processor.py:186} INFO - Started process (PID=1149) to work on /opt/airflow/dags/db_and_model_update_dag.py
[2026-03-23T15:51:20.492+0000] {processor.py:914} INFO - Processing file /opt/airflow/dags/db_and_model_update_dag.py for tasks to queue
[2026-03-23T15:51:20.495+0000] {logging_mixin.py:190} INFO - [2026-03-23T15:51:20.494+0000] {dagbag.py:588} INFO - Filling up the DagBag from /opt/airflow/dags/db_and_model_update_dag.py
[2026-03-23T15:51:20.515+0000] {processor.py:925} INFO - DAG(s) 'db_and_model_update' retrieved from /opt/airflow/dags/db_and_model_update_dag.py
[2026-03-23T15:51:20.544+0000] {logging_mixin.py:190} INFO - [2026-03-23T15:51:20.544+0000] {dag.py:3239} INFO - Sync 1 DAGs
[2026-03-23T15:51:20.588+0000] {processor.py:208} INFO - Processing /opt/airflow/dags/db_and_model_update_dag.py took 0.105 seconds
[2026-03-23T15:51:51.199+0000] {processor.py:186} INFO - Started process (PID=1159) to work on /opt/airflow/dags/db_and_model_update_dag.py
[2026-03-23T15:51:51.200+0000] {processor.py:914} INFO - Processing file /opt/airflow/dags/db_and_model_update_dag.py for tasks to queue
[2026-03-23T15:51:51.203+0000] {logging_mixin.py:190} INFO - [2026-03-23T15:51:51.203+0000] {dagbag.py:588} INFO - Filling up the DagBag from /opt/airflow/dags/db_and_model_update_dag.py
[2026-03-23T15:51:51.224+0000] {processor.py:925} INFO - DAG(s) 'db_and_model_update' retrieved from /opt/airflow/dags/db_and_model_update_dag.py
[2026-03-23T15:51:51.255+0000] {logging_mixin.py:190} INFO - [2026-03-23T15:51:51.255+0000] {dag.py:3239} INFO - Sync 1 DAGs
[2026-03-23T15:51:51.311+0000] {processor.py:208} INFO - Processing /opt/airflow/dags/db_and_model_update_dag.py took 0.119 seconds
[2026-03-23T15:52:14.951+0000] {processor.py:186} INFO - Started process (PID=1169) to work on /opt/airflow/dags/db_and_model_update_dag.py
[2026-03-23T15:52:14.953+0000] {processor.py:914} INFO - Processing file /opt/airflow/dags/db_and_model_update_dag.py for tasks to queue
[2026-03-23T15:52:14.955+0000] {logging_mixin.py:190} INFO - [2026-03-23T15:52:14.955+0000] {dagbag.py:588} INFO - Filling up the DagBag from /opt/airflow/dags/db_and_model_update_dag.py
[2026-03-23T15:52:14.980+0000] {processor.py:925} INFO - DAG(s) 'db_and_model_update' retrieved from /opt/airflow/dags/db_and_model_update_dag.py
[2026-03-23T15:52:15.014+0000] {logging_mixin.py:190} INFO - [2026-03-23T15:52:15.014+0000] {dag.py:3239} INFO - Sync 1 DAGs
[2026-03-23T15:52:15.056+0000] {processor.py:208} INFO - Processing /opt/airflow/dags/db_and_model_update_dag.py took 0.113 seconds
[2026-03-23T15:52:45.389+0000] {processor.py:186} INFO - Started process (PID=1179) to work on /opt/airflow/dags/db_and_model_update_dag.py
[2026-03-23T15:52:45.390+0000] {processor.py:914} INFO - Processing file /opt/airflow/dags/db_and_model_update_dag.py for tasks to queue
[2026-03-23T15:52:45.394+0000] {logging_mixin.py:190} INFO - [2026-03-23T15:52:45.393+0000] {dagbag.py:588} INFO - Filling up the DagBag from /opt/airflow/dags/db_and_model_update_dag.py
[2026-03-23T15:52:45.414+0000] {processor.py:925} INFO - DAG(s) 'db_and_model_update' retrieved from /opt/airflow/dags/db_and_model_update_dag.py
[2026-03-23T15:52:45.446+0000] {logging_mixin.py:190} INFO - [2026-03-23T15:52:45.446+0000] {dag.py:3239} INFO - Sync 1 DAGs
[2026-03-23T15:52:45.492+0000] {processor.py:208} INFO - Processing /opt/airflow/dags/db_and_model_update_dag.py took 0.110 seconds
[2026-03-23T15:53:15.802+0000] {processor.py:186} INFO - Started process (PID=1189) to work on /opt/airflow/dags/db_and_model_update_dag.py
[2026-03-23T15:53:15.804+0000] {processor.py:914} INFO - Processing file /opt/airflow/dags/db_and_model_update_dag.py for tasks to queue
[2026-03-23T15:53:15.807+0000] {logging_mixin.py:190} INFO - [2026-03-23T15:53:15.806+0000] {dagbag.py:588} INFO - Filling up the DagBag from /opt/airflow/dags/db_and_model_update_dag.py
[2026-03-23T15:53:15.831+0000] {processor.py:925} INFO - DAG(s) 'db_and_model_update' retrieved from /opt/airflow/dags/db_and_model_update_dag.py
[2026-03-23T15:53:15.862+0000] {logging_mixin.py:190} INFO - [2026-03-23T15:53:15.862+0000] {dag.py:3239} INFO - Sync 1 DAGs
[2026-03-23T15:53:15.906+0000] {processor.py:208} INFO - Processing /opt/airflow/dags/db_and_model_update_dag.py took 0.111 seconds
[2026-03-23T15:53:46.225+0000] {processor.py:186} INFO - Started process (PID=1199) to work on /opt/airflow/dags/db_and_model_update_dag.py
[2026-03-23T15:53:46.226+0000] {processor.py:914} INFO - Processing file /opt/airflow/dags/db_and_model_update_dag.py for tasks to queue
[2026-03-23T15:53:46.229+0000] {logging_mixin.py:190} INFO - [2026-03-23T15:53:46.229+0000] {dagbag.py:588} INFO - Filling up the DagBag from /opt/airflow/dags/db_and_model_update_dag.py
[2026-03-23T15:53:46.250+0000] {processor.py:925} INFO - DAG(s) 'db_and_model_update' retrieved from /opt/airflow/dags/db_and_model_update_dag.py
[2026-03-23T15:53:46.282+0000] {logging_mixin.py:190} INFO - [2026-03-23T15:53:46.281+0000] {dag.py:3239} INFO - Sync 1 DAGs
[2026-03-23T15:53:46.318+0000] {processor.py:208} INFO - Processing /opt/airflow/dags/db_and_model_update_dag.py took 0.100 seconds
[2026-03-23T15:54:17.302+0000] {processor.py:186} INFO - Started process (PID=1209) to work on /opt/airflow/dags/db_and_model_update_dag.py
[2026-03-23T15:54:17.303+0000] {processor.py:914} INFO - Processing file /opt/airflow/dags/db_and_model_update_dag.py for tasks to queue
[2026-03-23T15:54:17.305+0000] {logging_mixin.py:190} INFO - [2026-03-23T15:54:17.305+0000] {dagbag.py:588} INFO - Filling up the DagBag from /opt/airflow/dags/db_and_model_update_dag.py
[2026-03-23T15:54:17.325+0000] {processor.py:925} INFO - DAG(s) 'db_and_model_update' retrieved from /opt/airflow/dags/db_and_model_update_dag.py
[2026-03-23T15:54:10.082+0000] {logging_mixin.py:190} INFO - [2026-03-23T15:54:10.082+0000] {dag.py:3239} INFO - Sync 1 DAGs
[2026-03-23T15:54:10.128+0000] {processor.py:208} INFO - Processing /opt/airflow/dags/db_and_model_update_dag.py took 0.110 seconds
[2026-03-23T15:54:46.758+0000] {processor.py:186} INFO - Started process (PID=1219) to work on /opt/airflow/dags/db_and_model_update_dag.py
[2026-03-23T15:54:46.760+0000] {processor.py:914} INFO - Processing file /opt/airflow/dags/db_and_model_update_dag.py for tasks to queue
[2026-03-23T15:54:46.763+0000] {logging_mixin.py:190} INFO - [2026-03-23T15:54:46.762+0000] {dagbag.py:588} INFO - Filling up the DagBag from /opt/airflow/dags/db_and_model_update_dag.py
[2026-03-23T15:54:39.509+0000] {processor.py:925} INFO - DAG(s) 'db_and_model_update' retrieved from /opt/airflow/dags/db_and_model_update_dag.py
[2026-03-23T15:54:39.542+0000] {logging_mixin.py:190} INFO - [2026-03-23T15:54:39.542+0000] {dag.py:3239} INFO - Sync 1 DAGs
[2026-03-23T15:54:39.596+0000] {processor.py:208} INFO - Processing /opt/airflow/dags/db_and_model_update_dag.py took 0.123 seconds
[2026-03-23T15:55:05.168+0000] {processor.py:186} INFO - Started process (PID=1229) to work on /opt/airflow/dags/db_and_model_update_dag.py
[2026-03-23T15:55:05.169+0000] {processor.py:914} INFO - Processing file /opt/airflow/dags/db_and_model_update_dag.py for tasks to queue
[2026-03-23T15:55:05.172+0000] {logging_mixin.py:190} INFO - [2026-03-23T15:55:05.172+0000] {dagbag.py:588} INFO - Filling up the DagBag from /opt/airflow/dags/db_and_model_update_dag.py
[2026-03-23T15:55:05.213+0000] {processor.py:925} INFO - DAG(s) 'db_and_model_update' retrieved from /opt/airflow/dags/db_and_model_update_dag.py
[2026-03-23T15:55:05.246+0000] {logging_mixin.py:190} INFO - [2026-03-23T15:55:05.246+0000] {dag.py:3239} INFO - Sync 1 DAGs
[2026-03-23T15:55:05.325+0000] {processor.py:208} INFO - Processing /opt/airflow/dags/db_and_model_update_dag.py took 0.164 seconds
[2026-03-23T15:55:35.552+0000] {processor.py:186} INFO - Started process (PID=1239) to work on /opt/airflow/dags/db_and_model_update_dag.py
[2026-03-23T15:55:35.553+0000] {processor.py:914} INFO - Processing file /opt/airflow/dags/db_and_model_update_dag.py for tasks to queue
[2026-03-23T15:55:35.559+0000] {logging_mixin.py:190} INFO - [2026-03-23T15:55:35.559+0000] {dagbag.py:588} INFO - Filling up the DagBag from /opt/airflow/dags/db_and_model_update_dag.py
[2026-03-23T15:55:35.584+0000] {processor.py:925} INFO - DAG(s) 'db_and_model_update' retrieved from /opt/airflow/dags/db_and_model_update_dag.py
[2026-03-23T15:55:35.618+0000] {logging_mixin.py:190} INFO - [2026-03-23T15:55:35.618+0000] {dag.py:3239} INFO - Sync 1 DAGs
[2026-03-23T15:55:35.662+0000] {processor.py:208} INFO - Processing /opt/airflow/dags/db_and_model_update_dag.py took 0.119 seconds
[2026-03-23T15:56:08.594+0000] {processor.py:186} INFO - Started process (PID=1249) to work on /opt/airflow/dags/db_and_model_update_dag.py
[2026-03-23T15:56:08.595+0000] {processor.py:914} INFO - Processing file /opt/airflow/dags/db_and_model_update_dag.py for tasks to queue
[2026-03-23T15:56:01.318+0000] {logging_mixin.py:190} INFO - [2026-03-23T15:56:01.318+0000] {dagbag.py:588} INFO - Filling up the DagBag from /opt/airflow/dags/db_and_model_update_dag.py
[2026-03-23T15:56:01.348+0000] {processor.py:925} INFO - DAG(s) 'db_and_model_update' retrieved from /opt/airflow/dags/db_and_model_update_dag.py
[2026-03-23T15:56:01.382+0000] {logging_mixin.py:190} INFO - [2026-03-23T15:56:01.382+0000] {dag.py:3239} INFO - Sync 1 DAGs
[2026-03-23T15:56:01.426+0000] {processor.py:208} INFO - Processing /opt/airflow/dags/db_and_model_update_dag.py took 0.119 seconds
[2026-03-23T15:56:32.537+0000] {processor.py:186} INFO - Started process (PID=1259) to work on /opt/airflow/dags/db_and_model_update_dag.py
[2026-03-23T15:56:32.541+0000] {processor.py:914} INFO - Processing file /opt/airflow/dags/db_and_model_update_dag.py for tasks to queue
[2026-03-23T15:56:32.544+0000] {logging_mixin.py:190} INFO - [2026-03-23T15:56:32.544+0000] {dagbag.py:588} INFO - Filling up the DagBag from /opt/airflow/dags/db_and_model_update_dag.py
[2026-03-23T15:56:25.287+0000] {processor.py:925} INFO - DAG(s) 'db_and_model_update' retrieved from /opt/airflow/dags/db_and_model_update_dag.py
[2026-03-23T15:56:25.327+0000] {logging_mixin.py:190} INFO - [2026-03-23T15:56:25.327+0000] {dag.py:3239} INFO - Sync 1 DAGs
[2026-03-23T15:56:25.372+0000] {processor.py:208} INFO - Processing /opt/airflow/dags/db_and_model_update_dag.py took 0.124 seconds
[2026-03-23T15:56:55.505+0000] {processor.py:186} INFO - Started process (PID=1269) to work on /opt/airflow/dags/db_and_model_update_dag.py
[2026-03-23T15:56:55.506+0000] {processor.py:914} INFO - Processing file /opt/airflow/dags/db_and_model_update_dag.py for tasks to queue
[2026-03-23T15:56:55.508+0000] {logging_mixin.py:190} INFO - [2026-03-23T15:56:55.508+0000] {dagbag.py:588} INFO - Filling up the DagBag from /opt/airflow/dags/db_and_model_update_dag.py
[2026-03-23T15:56:55.528+0000] {processor.py:925} INFO - DAG(s) 'db_and_model_update' retrieved from /opt/airflow/dags/db_and_model_update_dag.py
[2026-03-23T15:56:55.559+0000] {logging_mixin.py:190} INFO - [2026-03-23T15:56:55.558+0000] {dag.py:3239} INFO - Sync 1 DAGs
[2026-03-23T15:56:55.600+0000] {processor.py:208} INFO - Processing /opt/airflow/dags/db_and_model_update_dag.py took 0.102 seconds
[2026-03-23T15:57:20.415+0000] {processor.py:186} INFO - Started process (PID=1279) to work on /opt/airflow/dags/db_and_model_update_dag.py
[2026-03-23T15:57:20.417+0000] {processor.py:914} INFO - Processing file /opt/airflow/dags/db_and_model_update_dag.py for tasks to queue
[2026-03-23T15:57:20.419+0000] {logging_mixin.py:190} INFO - [2026-03-23T15:57:20.419+0000] {dagbag.py:588} INFO - Filling up the DagBag from /opt/airflow/dags/db_and_model_update_dag.py
[2026-03-23T15:57:20.446+0000] {processor.py:925} INFO - DAG(s) 'db_and_model_update' retrieved from /opt/airflow/dags/db_and_model_update_dag.py
[2026-03-23T15:57:20.479+0000] {logging_mixin.py:190} INFO - [2026-03-23T15:57:20.479+0000] {dag.py:3239} INFO - Sync 1 DAGs
[2026-03-23T15:57:20.522+0000] {processor.py:208} INFO - Processing /opt/airflow/dags/db_and_model_update_dag.py took 0.114 seconds
[2026-03-23T15:57:50.685+0000] {processor.py:186} INFO - Started process (PID=1289) to work on /opt/airflow/dags/db_and_model_update_dag.py
[2026-03-23T15:57:50.687+0000] {processor.py:914} INFO - Processing file /opt/airflow/dags/db_and_model_update_dag.py for tasks to queue
[2026-03-23T15:57:50.689+0000] {logging_mixin.py:190} INFO - [2026-03-23T15:57:50.689+0000] {dagbag.py:588} INFO - Filling up the DagBag from /opt/airflow/dags/db_and_model_update_dag.py
[2026-03-23T15:57:50.713+0000] {processor.py:925} INFO - DAG(s) 'db_and_model_update' retrieved from /opt/airflow/dags/db_and_model_update_dag.py
[2026-03-23T15:57:50.744+0000] {logging_mixin.py:190} INFO - [2026-03-23T15:57:50.744+0000] {dag.py:3239} INFO - Sync 1 DAGs
[2026-03-23T15:57:50.786+0000] {processor.py:208} INFO - Processing /opt/airflow/dags/db_and_model_update_dag.py took 0.108 seconds
[2026-03-23T15:58:21.126+0000] {processor.py:186} INFO - Started process (PID=1299) to work on /opt/airflow/dags/db_and_model_update_dag.py
[2026-03-23T15:58:21.127+0000] {processor.py:914} INFO - Processing file /opt/airflow/dags/db_and_model_update_dag.py for tasks to queue
[2026-03-23T15:58:21.129+0000] {logging_mixin.py:190} INFO - [2026-03-23T15:58:21.129+0000] {dagbag.py:588} INFO - Filling up the DagBag from /opt/airflow/dags/db_and_model_update_dag.py
[2026-03-23T15:58:21.150+0000] {processor.py:925} INFO - DAG(s) 'db_and_model_update' retrieved from /opt/airflow/dags/db_and_model_update_dag.py
[2026-03-23T15:58:21.179+0000] {logging_mixin.py:190} INFO - [2026-03-23T15:58:21.179+0000] {dag.py:3239} INFO - Sync 1 DAGs
[2026-03-23T15:58:21.220+0000] {processor.py:208} INFO - Processing /opt/airflow/dags/db_and_model_update_dag.py took 0.101 seconds
[2026-03-23T15:58:52.200+0000] {processor.py:186} INFO - Started process (PID=1309) to work on /opt/airflow/dags/db_and_model_update_dag.py
[2026-03-23T15:58:52.202+0000] {processor.py:914} INFO - Processing file /opt/airflow/dags/db_and_model_update_dag.py for tasks to queue
[2026-03-23T15:58:52.204+0000] {logging_mixin.py:190} INFO - [2026-03-23T15:58:52.204+0000] {dagbag.py:588} INFO - Filling up the DagBag from /opt/airflow/dags/db_and_model_update_dag.py
[2026-03-23T15:58:52.227+0000] {processor.py:925} INFO - DAG(s) 'db_and_model_update' retrieved from /opt/airflow/dags/db_and_model_update_dag.py
[2026-03-23T15:58:44.987+0000] {logging_mixin.py:190} INFO - [2026-03-23T15:58:44.987+0000] {dag.py:3239} INFO - Sync 1 DAGs
[2026-03-23T15:58:45.044+0000] {processor.py:208} INFO - Processing /opt/airflow/dags/db_and_model_update_dag.py took 0.139 seconds
[2026-03-23T15:59:15.608+0000] {processor.py:186} INFO - Started process (PID=1319) to work on /opt/airflow/dags/db_and_model_update_dag.py
[2026-03-23T15:59:15.609+0000] {processor.py:914} INFO - Processing file /opt/airflow/dags/db_and_model_update_dag.py for tasks to queue
[2026-03-23T15:59:15.617+0000] {logging_mixin.py:190} INFO - [2026-03-23T15:59:15.615+0000] {dagbag.py:588} INFO - Filling up the DagBag from /opt/airflow/dags/db_and_model_update_dag.py
[2026-03-23T15:59:15.639+0000] {processor.py:925} INFO - DAG(s) 'db_and_model_update' retrieved from /opt/airflow/dags/db_and_model_update_dag.py
[2026-03-23T15:59:15.669+0000] {logging_mixin.py:190} INFO - [2026-03-23T15:59:15.669+0000] {dag.py:3239} INFO - Sync 1 DAGs
[2026-03-23T15:59:15.716+0000] {processor.py:208} INFO - Processing /opt/airflow/dags/db_and_model_update_dag.py took 0.116 seconds
[2026-03-23T15:59:52.857+0000] {processor.py:186} INFO - Started process (PID=1329) to work on /opt/airflow/dags/db_and_model_update_dag.py
[2026-03-23T15:59:52.858+0000] {processor.py:914} INFO - Processing file /opt/airflow/dags/db_and_model_update_dag.py for tasks to queue
[2026-03-23T15:59:52.861+0000] {logging_mixin.py:190} INFO - [2026-03-23T15:59:52.861+0000] {dagbag.py:588} INFO - Filling up the DagBag from /opt/airflow/dags/db_and_model_update_dag.py
[2026-03-23T15:59:45.598+0000] {processor.py:925} INFO - DAG(s) 'db_and_model_update' retrieved from /opt/airflow/dags/db_and_model_update_dag.py
[2026-03-23T15:59:45.634+0000] {logging_mixin.py:190} INFO - [2026-03-23T15:59:45.633+0000] {dag.py:3239} INFO - Sync 1 DAGs
[2026-03-23T15:59:45.682+0000] {processor.py:208} INFO - Processing /opt/airflow/dags/db_and_model_update_dag.py took 0.121 seconds
[2026-03-23T16:00:15.933+0000] {processor.py:186} INFO - Started process (PID=1339) to work on /opt/airflow/dags/db_and_model_update_dag.py
[2026-03-23T16:00:15.935+0000] {processor.py:914} INFO - Processing file /opt/airflow/dags/db_and_model_update_dag.py for tasks to queue
[2026-03-23T16:00:15.938+0000] {logging_mixin.py:190} INFO - [2026-03-23T16:00:15.938+0000] {dagbag.py:588} INFO - Filling up the DagBag from /opt/airflow/dags/db_and_model_update_dag.py
[2026-03-23T16:00:15.958+0000] {processor.py:925} INFO - DAG(s) 'db_and_model_update' retrieved from /opt/airflow/dags/db_and_model_update_dag.py
[2026-03-23T16:00:16.003+0000] {logging_mixin.py:190} INFO - [2026-03-23T16:00:16.002+0000] {dag.py:3239} INFO - Sync 1 DAGs
[2026-03-23T16:00:16.068+0000] {processor.py:208} INFO - Processing /opt/airflow/dags/db_and_model_update_dag.py took 0.143 seconds
[2026-03-23T16:00:46.415+0000] {processor.py:186} INFO - Started process (PID=1349) to work on /opt/airflow/dags/db_and_model_update_dag.py
[2026-03-23T16:00:46.417+0000] {processor.py:914} INFO - Processing file /opt/airflow/dags/db_and_model_update_dag.py for tasks to queue
[2026-03-23T16:00:46.420+0000] {logging_mixin.py:190} INFO - [2026-03-23T16:00:46.420+0000] {dagbag.py:588} INFO - Filling up the DagBag from /opt/airflow/dags/db_and_model_update_dag.py
[2026-03-23T16:00:46.445+0000] {processor.py:925} INFO - DAG(s) 'db_and_model_update' retrieved from /opt/airflow/dags/db_and_model_update_dag.py
[2026-03-23T16:00:46.503+0000] {logging_mixin.py:190} INFO - [2026-03-23T16:00:46.500+0000] {dag.py:3239} INFO - Sync 1 DAGs
[2026-03-23T16:00:46.567+0000] {processor.py:208} INFO - Processing /opt/airflow/dags/db_and_model_update_dag.py took 0.162 seconds
[2026-03-23T16:01:16.863+0000] {processor.py:186} INFO - Started process (PID=1359) to work on /opt/airflow/dags/db_and_model_update_dag.py
[2026-03-23T16:01:16.864+0000] {processor.py:914} INFO - Processing file /opt/airflow/dags/db_and_model_update_dag.py for tasks to queue
[2026-03-23T16:01:16.866+0000] {logging_mixin.py:190} INFO - [2026-03-23T16:01:16.866+0000] {dagbag.py:588} INFO - Filling up the DagBag from /opt/airflow/dags/db_and_model_update_dag.py
[2026-03-23T16:01:16.886+0000] {processor.py:925} INFO - DAG(s) 'db_and_model_update' retrieved from /opt/airflow/dags/db_and_model_update_dag.py
[2026-03-23T16:01:16.919+0000] {logging_mixin.py:190} INFO - [2026-03-23T16:01:16.919+0000] {dag.py:3239} INFO - Sync 1 DAGs
[2026-03-23T16:01:16.960+0000] {processor.py:208} INFO - Processing /opt/airflow/dags/db_and_model_update_dag.py took 0.105 seconds
[2026-03-23T16:01:47.995+0000] {processor.py:186} INFO - Started process (PID=1369) to work on /opt/airflow/dags/db_and_model_update_dag.py
[2026-03-23T16:01:47.996+0000] {processor.py:914} INFO - Processing file /opt/airflow/dags/db_and_model_update_dag.py for tasks to queue
[2026-03-23T16:01:47.999+0000] {logging_mixin.py:190} INFO - [2026-03-23T16:01:47.998+0000] {dagbag.py:588} INFO - Filling up the DagBag from /opt/airflow/dags/db_and_model_update_dag.py
[2026-03-23T16:01:40.730+0000] {processor.py:925} INFO - DAG(s) 'db_and_model_update' retrieved from /opt/airflow/dags/db_and_model_update_dag.py
[2026-03-23T16:01:40.763+0000] {logging_mixin.py:190} INFO - [2026-03-23T16:01:40.763+0000] {dag.py:3239} INFO - Sync 1 DAGs
[2026-03-23T16:01:40.807+0000] {processor.py:208} INFO - Processing /opt/airflow/dags/db_and_model_update_dag.py took 0.116 seconds
[2026-03-23T16:02:11.182+0000] {processor.py:186} INFO - Started process (PID=1379) to work on /opt/airflow/dags/db_and_model_update_dag.py
[2026-03-23T16:02:11.184+0000] {processor.py:914} INFO - Processing file /opt/airflow/dags/db_and_model_update_dag.py for tasks to queue
[2026-03-23T16:02:11.186+0000] {logging_mixin.py:190} INFO - [2026-03-23T16:02:11.186+0000] {dagbag.py:588} INFO - Filling up the DagBag from /opt/airflow/dags/db_and_model_update_dag.py
[2026-03-23T16:02:11.209+0000] {processor.py:925} INFO - DAG(s) 'db_and_model_update' retrieved from /opt/airflow/dags/db_and_model_update_dag.py
[2026-03-23T16:02:11.239+0000] {logging_mixin.py:190} INFO - [2026-03-23T16:02:11.239+0000] {dag.py:3239} INFO - Sync 1 DAGs
[2026-03-23T16:02:11.283+0000] {processor.py:208} INFO - Processing /opt/airflow/dags/db_and_model_update_dag.py took 0.109 seconds
[2026-03-23T16:02:41.610+0000] {processor.py:186} INFO - Started process (PID=1389) to work on /opt/airflow/dags/db_and_model_update_dag.py
[2026-03-23T16:02:41.612+0000] {processor.py:914} INFO - Processing file /opt/airflow/dags/db_and_model_update_dag.py for tasks to queue
[2026-03-23T16:02:41.616+0000] {logging_mixin.py:190} INFO - [2026-03-23T16:02:41.615+0000] {dagbag.py:588} INFO - Filling up the DagBag from /opt/airflow/dags/db_and_model_update_dag.py
[2026-03-23T16:02:41.637+0000] {processor.py:925} INFO - DAG(s) 'db_and_model_update' retrieved from /opt/airflow/dags/db_and_model_update_dag.py
[2026-03-23T16:02:41.668+0000] {logging_mixin.py:190} INFO - [2026-03-23T16:02:41.668+0000] {dag.py:3239} INFO - Sync 1 DAGs
[2026-03-23T16:02:41.714+0000] {processor.py:208} INFO - Processing /opt/airflow/dags/db_and_model_update_dag.py took 0.111 seconds
[2026-03-23T16:03:12.073+0000] {processor.py:186} INFO - Started process (PID=1399) to work on /opt/airflow/dags/db_and_model_update_dag.py
[2026-03-23T16:03:12.074+0000] {processor.py:914} INFO - Processing file /opt/airflow/dags/db_and_model_update_dag.py for tasks to queue
[2026-03-23T16:03:12.077+0000] {logging_mixin.py:190} INFO - [2026-03-23T16:03:12.077+0000] {dagbag.py:588} INFO - Filling up the DagBag from /opt/airflow/dags/db_and_model_update_dag.py
[2026-03-23T16:03:12.115+0000] {processor.py:925} INFO - DAG(s) 'db_and_model_update' retrieved from /opt/airflow/dags/db_and_model_update_dag.py
[2026-03-23T16:03:12.167+0000] {logging_mixin.py:190} INFO - [2026-03-23T16:03:12.167+0000] {dag.py:3239} INFO - Sync 1 DAGs
[2026-03-23T16:03:12.207+0000] {processor.py:208} INFO - Processing /opt/airflow/dags/db_and_model_update_dag.py took 0.146 seconds
[2026-03-23T16:03:42.531+0000] {processor.py:186} INFO - Started process (PID=1409) to work on /opt/airflow/dags/db_and_model_update_dag.py
[2026-03-23T16:03:42.533+0000] {processor.py:914} INFO - Processing file /opt/airflow/dags/db_and_model_update_dag.py for tasks to queue
[2026-03-23T16:03:42.535+0000] {logging_mixin.py:190} INFO - [2026-03-23T16:03:42.535+0000] {dagbag.py:588} INFO - Filling up the DagBag from /opt/airflow/dags/db_and_model_update_dag.py
[2026-03-23T16:03:42.566+0000] {processor.py:925} INFO - DAG(s) 'db_and_model_update' retrieved from /opt/airflow/dags/db_and_model_update_dag.py
[2026-03-23T16:03:42.598+0000] {logging_mixin.py:190} INFO - [2026-03-23T16:03:42.597+0000] {dag.py:3239} INFO - Sync 1 DAGs
[2026-03-23T16:03:42.640+0000] {processor.py:208} INFO - Processing /opt/airflow/dags/db_and_model_update_dag.py took 0.116 seconds
[2026-03-23T16:04:13.553+0000] {processor.py:186} INFO - Started process (PID=1419) to work on /opt/airflow/dags/db_and_model_update_dag.py
[2026-03-23T16:04:13.555+0000] {processor.py:914} INFO - Processing file /opt/airflow/dags/db_and_model_update_dag.py for tasks to queue
[2026-03-23T16:04:13.558+0000] {logging_mixin.py:190} INFO - [2026-03-23T16:04:13.557+0000] {dagbag.py:588} INFO - Filling up the DagBag from /opt/airflow/dags/db_and_model_update_dag.py
[2026-03-23T16:04:13.577+0000] {processor.py:925} INFO - DAG(s) 'db_and_model_update' retrieved from /opt/airflow/dags/db_and_model_update_dag.py
[2026-03-23T16:04:13.613+0000] {logging_mixin.py:190} INFO - [2026-03-23T16:04:13.612+0000] {dag.py:3239} INFO - Sync 1 DAGs
[2026-03-23T16:04:13.662+0000] {processor.py:208} INFO - Processing /opt/airflow/dags/db_and_model_update_dag.py took 0.117 seconds
[2026-03-23T16:04:44.193+0000] {processor.py:186} INFO - Started process (PID=1429) to work on /opt/airflow/dags/db_and_model_update_dag.py
[2026-03-23T16:04:44.195+0000] {processor.py:914} INFO - Processing file /opt/airflow/dags/db_and_model_update_dag.py for tasks to queue
[2026-03-23T16:04:44.198+0000] {logging_mixin.py:190} INFO - [2026-03-23T16:04:44.198+0000] {dagbag.py:588} INFO - Filling up the DagBag from /opt/airflow/dags/db_and_model_update_dag.py
[2026-03-23T16:04:44.225+0000] {processor.py:925} INFO - DAG(s) 'db_and_model_update' retrieved from /opt/airflow/dags/db_and_model_update_dag.py
[2026-03-23T16:04:44.258+0000] {logging_mixin.py:190} INFO - [2026-03-23T16:04:44.258+0000] {dag.py:3239} INFO - Sync 1 DAGs
[2026-03-23T16:04:44.307+0000] {processor.py:208} INFO - Processing /opt/airflow/dags/db_and_model_update_dag.py took 0.124 seconds
[2026-03-23T16:05:14.617+0000] {processor.py:186} INFO - Started process (PID=1439) to work on /opt/airflow/dags/db_and_model_update_dag.py
[2026-03-23T16:05:14.618+0000] {processor.py:914} INFO - Processing file /opt/airflow/dags/db_and_model_update_dag.py for tasks to queue
[2026-03-23T16:05:14.621+0000] {logging_mixin.py:190} INFO - [2026-03-23T16:05:14.620+0000] {dagbag.py:588} INFO - Filling up the DagBag from /opt/airflow/dags/db_and_model_update_dag.py
[2026-03-23T16:05:14.643+0000] {processor.py:925} INFO - DAG(s) 'db_and_model_update' retrieved from /opt/airflow/dags/db_and_model_update_dag.py
[2026-03-23T16:05:14.680+0000] {logging_mixin.py:190} INFO - [2026-03-23T16:05:14.679+0000] {dag.py:3239} INFO - Sync 1 DAGs
[2026-03-23T16:05:14.736+0000] {processor.py:208} INFO - Processing /opt/airflow/dags/db_and_model_update_dag.py took 0.129 seconds
[2026-03-23T16:05:41.026+0000] {processor.py:186} INFO - Started process (PID=1449) to work on /opt/airflow/dags/db_and_model_update_dag.py
[2026-03-23T16:05:41.028+0000] {processor.py:914} INFO - Processing file /opt/airflow/dags/db_and_model_update_dag.py for tasks to queue
[2026-03-23T16:05:41.031+0000] {logging_mixin.py:190} INFO - [2026-03-23T16:05:41.031+0000] {dagbag.py:588} INFO - Filling up the DagBag from /opt/airflow/dags/db_and_model_update_dag.py
[2026-03-23T16:05:41.057+0000] {processor.py:925} INFO - DAG(s) 'db_and_model_update' retrieved from /opt/airflow/dags/db_and_model_update_dag.py
[2026-03-23T16:05:41.087+0000] {logging_mixin.py:190} INFO - [2026-03-23T16:05:41.087+0000] {dag.py:3239} INFO - Sync 1 DAGs
[2026-03-23T16:05:41.137+0000] {processor.py:208} INFO - Processing /opt/airflow/dags/db_and_model_update_dag.py took 0.122 seconds
[2026-03-23T16:06:11.445+0000] {processor.py:186} INFO - Started process (PID=1459) to work on /opt/airflow/dags/db_and_model_update_dag.py
[2026-03-23T16:06:11.446+0000] {processor.py:914} INFO - Processing file /opt/airflow/dags/db_and_model_update_dag.py for tasks to queue
[2026-03-23T16:06:11.448+0000] {logging_mixin.py:190} INFO - [2026-03-23T16:06:11.448+0000] {dagbag.py:588} INFO - Filling up the DagBag from /opt/airflow/dags/db_and_model_update_dag.py
[2026-03-23T16:06:11.473+0000] {processor.py:925} INFO - DAG(s) 'db_and_model_update' retrieved from /opt/airflow/dags/db_and_model_update_dag.py
[2026-03-23T16:06:11.513+0000] {logging_mixin.py:190} INFO - [2026-03-23T16:06:11.512+0000] {dag.py:3239} INFO - Sync 1 DAGs
[2026-03-23T16:06:11.558+0000] {processor.py:208} INFO - Processing /opt/airflow/dags/db_and_model_update_dag.py took 0.121 seconds
[2026-03-23T16:06:41.860+0000] {processor.py:186} INFO - Started process (PID=1469) to work on /opt/airflow/dags/db_and_model_update_dag.py
[2026-03-23T16:06:41.861+0000] {processor.py:914} INFO - Processing file /opt/airflow/dags/db_and_model_update_dag.py for tasks to queue
[2026-03-23T16:06:41.864+0000] {logging_mixin.py:190} INFO - [2026-03-23T16:06:41.863+0000] {dagbag.py:588} INFO - Filling up the DagBag from /opt/airflow/dags/db_and_model_update_dag.py
[2026-03-23T16:06:41.883+0000] {processor.py:925} INFO - DAG(s) 'db_and_model_update' retrieved from /opt/airflow/dags/db_and_model_update_dag.py
[2026-03-23T16:06:41.915+0000] {logging_mixin.py:190} INFO - [2026-03-23T16:06:41.914+0000] {dag.py:3239} INFO - Sync 1 DAGs
[2026-03-23T16:06:41.953+0000] {processor.py:208} INFO - Processing /opt/airflow/dags/db_and_model_update_dag.py took 0.101 seconds
[2026-03-23T16:07:12.288+0000] {processor.py:186} INFO - Started process (PID=1479) to work on /opt/airflow/dags/db_and_model_update_dag.py
[2026-03-23T16:07:12.289+0000] {processor.py:914} INFO - Processing file /opt/airflow/dags/db_and_model_update_dag.py for tasks to queue
[2026-03-23T16:07:12.291+0000] {logging_mixin.py:190} INFO - [2026-03-23T16:07:12.291+0000] {dagbag.py:588} INFO - Filling up the DagBag from /opt/airflow/dags/db_and_model_update_dag.py
[2026-03-23T16:07:12.312+0000] {processor.py:925} INFO - DAG(s) 'db_and_model_update' retrieved from /opt/airflow/dags/db_and_model_update_dag.py
[2026-03-23T16:07:12.357+0000] {logging_mixin.py:190} INFO - [2026-03-23T16:07:12.357+0000] {dag.py:3239} INFO - Sync 1 DAGs
[2026-03-23T16:07:12.418+0000] {processor.py:208} INFO - Processing /opt/airflow/dags/db_and_model_update_dag.py took 0.138 seconds
[2026-03-23T16:07:43.455+0000] {processor.py:186} INFO - Started process (PID=1489) to work on /opt/airflow/dags/db_and_model_update_dag.py
[2026-03-23T16:07:43.456+0000] {processor.py:914} INFO - Processing file /opt/airflow/dags/db_and_model_update_dag.py for tasks to queue
[2026-03-23T16:07:43.458+0000] {logging_mixin.py:190} INFO - [2026-03-23T16:07:43.458+0000] {dagbag.py:588} INFO - Filling up the DagBag from /opt/airflow/dags/db_and_model_update_dag.py
[2026-03-23T16:07:43.479+0000] {processor.py:925} INFO - DAG(s) 'db_and_model_update' retrieved from /opt/airflow/dags/db_and_model_update_dag.py
[2026-03-23T16:07:36.206+0000] {logging_mixin.py:190} INFO - [2026-03-23T16:07:36.206+0000] {dag.py:3239} INFO - Sync 1 DAGs
[2026-03-23T16:07:36.250+0000] {processor.py:208} INFO - Processing /opt/airflow/dags/db_and_model_update_dag.py took 0.108 seconds
[2026-03-23T16:08:06.546+0000] {processor.py:186} INFO - Started process (PID=1499) to work on /opt/airflow/dags/db_and_model_update_dag.py
[2026-03-23T16:08:06.547+0000] {processor.py:914} INFO - Processing file /opt/airflow/dags/db_and_model_update_dag.py for tasks to queue
[2026-03-23T16:08:06.549+0000] {logging_mixin.py:190} INFO - [2026-03-23T16:08:06.549+0000] {dagbag.py:588} INFO - Filling up the DagBag from /opt/airflow/dags/db_and_model_update_dag.py
[2026-03-23T16:08:06.568+0000] {processor.py:925} INFO - DAG(s) 'db_and_model_update' retrieved from /opt/airflow/dags/db_and_model_update_dag.py
[2026-03-23T16:08:06.599+0000] {logging_mixin.py:190} INFO - [2026-03-23T16:08:06.598+0000] {dag.py:3239} INFO - Sync 1 DAGs
[2026-03-23T16:08:06.643+0000] {processor.py:208} INFO - Processing /opt/airflow/dags/db_and_model_update_dag.py took 0.105 seconds
[2026-03-23T16:08:36.942+0000] {processor.py:186} INFO - Started process (PID=1509) to work on /opt/airflow/dags/db_and_model_update_dag.py
[2026-03-23T16:08:36.943+0000] {processor.py:914} INFO - Processing file /opt/airflow/dags/db_and_model_update_dag.py for tasks to queue
[2026-03-23T16:08:36.946+0000] {logging_mixin.py:190} INFO - [2026-03-23T16:08:36.946+0000] {dagbag.py:588} INFO - Filling up the DagBag from /opt/airflow/dags/db_and_model_update_dag.py
[2026-03-23T16:08:36.965+0000] {processor.py:925} INFO - DAG(s) 'db_and_model_update' retrieved from /opt/airflow/dags/db_and_model_update_dag.py
[2026-03-23T16:08:37.061+0000] {logging_mixin.py:190} INFO - [2026-03-23T16:08:37.061+0000] {dag.py:3239} INFO - Sync 1 DAGs
[2026-03-23T16:08:37.099+0000] {processor.py:208} INFO - Processing /opt/airflow/dags/db_and_model_update_dag.py took 0.165 seconds
[2026-03-23T16:09:06.338+0000] {processor.py:186} INFO - Started process (PID=1519) to work on /opt/airflow/dags/db_and_model_update_dag.py
[2026-03-23T16:09:06.339+0000] {processor.py:914} INFO - Processing file /opt/airflow/dags/db_and_model_update_dag.py for tasks to queue
[2026-03-23T16:09:06.342+0000] {logging_mixin.py:190} INFO - [2026-03-23T16:09:06.341+0000] {dagbag.py:588} INFO - Filling up the DagBag from /opt/airflow/dags/db_and_model_update_dag.py
[2026-03-23T16:09:06.366+0000] {processor.py:925} INFO - DAG(s) 'db_and_model_update' retrieved from /opt/airflow/dags/db_and_model_update_dag.py
[2026-03-23T16:09:06.404+0000] {logging_mixin.py:190} INFO - [2026-03-23T16:09:06.404+0000] {dag.py:3239} INFO - Sync 1 DAGs
[2026-03-23T16:09:06.448+0000] {processor.py:208} INFO - Processing /opt/airflow/dags/db_and_model_update_dag.py took 0.119 seconds
[2026-03-23T16:09:36.779+0000] {processor.py:186} INFO - Started process (PID=1529) to work on /opt/airflow/dags/db_and_model_update_dag.py
[2026-03-23T16:09:36.781+0000] {processor.py:914} INFO - Processing file /opt/airflow/dags/db_and_model_update_dag.py for tasks to queue
[2026-03-23T16:09:36.785+0000] {logging_mixin.py:190} INFO - [2026-03-23T16:09:36.784+0000] {dagbag.py:588} INFO - Filling up the DagBag from /opt/airflow/dags/db_and_model_update_dag.py
[2026-03-23T16:09:36.804+0000] {processor.py:925} INFO - DAG(s) 'db_and_model_update' retrieved from /opt/airflow/dags/db_and_model_update_dag.py
[2026-03-23T16:09:36.842+0000] {logging_mixin.py:190} INFO - [2026-03-23T16:09:36.842+0000] {dag.py:3239} INFO - Sync 1 DAGs
[2026-03-23T16:09:36.885+0000] {processor.py:208} INFO - Processing /opt/airflow/dags/db_and_model_update_dag.py took 0.114 seconds
[2026-03-23T16:10:07.024+0000] {processor.py:186} INFO - Started process (PID=1539) to work on /opt/airflow/dags/db_and_model_update_dag.py
[2026-03-23T16:10:07.025+0000] {processor.py:914} INFO - Processing file /opt/airflow/dags/db_and_model_update_dag.py for tasks to queue
[2026-03-23T16:10:07.027+0000] {logging_mixin.py:190} INFO - [2026-03-23T16:10:07.026+0000] {dagbag.py:588} INFO - Filling up the DagBag from /opt/airflow/dags/db_and_model_update_dag.py
[2026-03-23T16:10:07.050+0000] {processor.py:925} INFO - DAG(s) 'db_and_model_update' retrieved from /opt/airflow/dags/db_and_model_update_dag.py
[2026-03-23T16:10:07.085+0000] {logging_mixin.py:190} INFO - [2026-03-23T16:10:07.085+0000] {dag.py:3239} INFO - Sync 1 DAGs
[2026-03-23T16:10:07.127+0000] {processor.py:208} INFO - Processing /opt/airflow/dags/db_and_model_update_dag.py took 0.109 seconds
[2026-03-23T16:10:43.751+0000] {processor.py:186} INFO - Started process (PID=1549) to work on /opt/airflow/dags/db_and_model_update_dag.py
[2026-03-23T16:10:43.753+0000] {processor.py:914} INFO - Processing file /opt/airflow/dags/db_and_model_update_dag.py for tasks to queue
[2026-03-23T16:10:43.756+0000] {logging_mixin.py:190} INFO - [2026-03-23T16:10:43.755+0000] {dagbag.py:588} INFO - Filling up the DagBag from /opt/airflow/dags/db_and_model_update_dag.py
[2026-03-23T16:10:43.780+0000] {processor.py:925} INFO - DAG(s) 'db_and_model_update' retrieved from /opt/airflow/dags/db_and_model_update_dag.py
[2026-03-23T16:10:36.492+0000] {logging_mixin.py:190} INFO - [2026-03-23T16:10:36.492+0000] {dag.py:3239} INFO - Sync 1 DAGs
[2026-03-23T16:10:36.543+0000] {processor.py:208} INFO - Processing /opt/airflow/dags/db_and_model_update_dag.py took 0.149 seconds
[2026-03-23T16:11:08.644+0000] {processor.py:186} INFO - Started process (PID=1559) to work on /opt/airflow/dags/db_and_model_update_dag.py
[2026-03-23T16:11:08.645+0000] {processor.py:914} INFO - Processing file /opt/airflow/dags/db_and_model_update_dag.py for tasks to queue
[2026-03-23T16:11:08.648+0000] {logging_mixin.py:190} INFO - [2026-03-23T16:11:08.647+0000] {dagbag.py:588} INFO - Filling up the DagBag from /opt/airflow/dags/db_and_model_update_dag.py
[2026-03-23T16:11:08.666+0000] {processor.py:925} INFO - DAG(s) 'db_and_model_update' retrieved from /opt/airflow/dags/db_and_model_update_dag.py
[2026-03-23T16:11:01.392+0000] {logging_mixin.py:190} INFO - [2026-03-23T16:11:01.392+0000] {dag.py:3239} INFO - Sync 1 DAGs
[2026-03-23T16:11:08.738+0000] {processor.py:208} INFO - Processing /opt/airflow/dags/db_and_model_update_dag.py took 0.112 seconds
[2026-03-23T16:11:39.281+0000] {processor.py:186} INFO - Started process (PID=1569) to work on /opt/airflow/dags/db_and_model_update_dag.py
[2026-03-23T16:11:39.282+0000] {processor.py:914} INFO - Processing file /opt/airflow/dags/db_and_model_update_dag.py for tasks to queue
[2026-03-23T16:11:39.284+0000] {logging_mixin.py:190} INFO - [2026-03-23T16:11:39.284+0000] {dagbag.py:588} INFO - Filling up the DagBag from /opt/airflow/dags/db_and_model_update_dag.py
[2026-03-23T16:11:39.309+0000] {processor.py:925} INFO - DAG(s) 'db_and_model_update' retrieved from /opt/airflow/dags/db_and_model_update_dag.py
[2026-03-23T16:11:39.344+0000] {logging_mixin.py:190} INFO - [2026-03-23T16:11:39.344+0000] {dag.py:3239} INFO - Sync 1 DAGs
[2026-03-23T16:11:39.430+0000] {processor.py:208} INFO - Processing /opt/airflow/dags/db_and_model_update_dag.py took 0.156 seconds
[2026-03-23T16:12:10.122+0000] {processor.py:186} INFO - Started process (PID=1579) to work on /opt/airflow/dags/db_and_model_update_dag.py
[2026-03-23T16:12:10.124+0000] {processor.py:914} INFO - Processing file /opt/airflow/dags/db_and_model_update_dag.py for tasks to queue
[2026-03-23T16:12:10.131+0000] {logging_mixin.py:190} INFO - [2026-03-23T16:12:10.131+0000] {dagbag.py:588} INFO - Filling up the DagBag from /opt/airflow/dags/db_and_model_update_dag.py
[2026-03-23T16:12:10.175+0000] {processor.py:925} INFO - DAG(s) 'db_and_model_update' retrieved from /opt/airflow/dags/db_and_model_update_dag.py
[2026-03-23T16:12:10.224+0000] {logging_mixin.py:190} INFO - [2026-03-23T16:12:10.224+0000] {dag.py:3239} INFO - Sync 1 DAGs
[2026-03-23T16:12:10.287+0000] {processor.py:208} INFO - Processing /opt/airflow/dags/db_and_model_update_dag.py took 0.181 seconds
[2026-03-23T16:12:41.155+0000] {processor.py:186} INFO - Started process (PID=1589) to work on /opt/airflow/dags/db_and_model_update_dag.py
[2026-03-23T16:12:41.157+0000] {processor.py:914} INFO - Processing file /opt/airflow/dags/db_and_model_update_dag.py for tasks to queue
[2026-03-23T16:12:41.159+0000] {logging_mixin.py:190} INFO - [2026-03-23T16:12:41.159+0000] {dagbag.py:588} INFO - Filling up the DagBag from /opt/airflow/dags/db_and_model_update_dag.py
[2026-03-23T16:12:41.178+0000] {processor.py:925} INFO - DAG(s) 'db_and_model_update' retrieved from /opt/airflow/dags/db_and_model_update_dag.py
[2026-03-23T16:12:41.206+0000] {logging_mixin.py:190} INFO - [2026-03-23T16:12:41.206+0000] {dag.py:3239} INFO - Sync 1 DAGs
[2026-03-23T16:12:41.247+0000] {processor.py:208} INFO - Processing /opt/airflow/dags/db_and_model_update_dag.py took 0.100 seconds
[2026-03-23T16:13:11.544+0000] {processor.py:186} INFO - Started process (PID=1599) to work on /opt/airflow/dags/db_and_model_update_dag.py
[2026-03-23T16:13:11.545+0000] {processor.py:914} INFO - Processing file /opt/airflow/dags/db_and_model_update_dag.py for tasks to queue
[2026-03-23T16:13:11.547+0000] {logging_mixin.py:190} INFO - [2026-03-23T16:13:11.547+0000] {dagbag.py:588} INFO - Filling up the DagBag from /opt/airflow/dags/db_and_model_update_dag.py
[2026-03-23T16:13:11.570+0000] {processor.py:925} INFO - DAG(s) 'db_and_model_update' retrieved from /opt/airflow/dags/db_and_model_update_dag.py
[2026-03-23T16:13:11.603+0000] {logging_mixin.py:190} INFO - [2026-03-23T16:13:11.603+0000] {dag.py:3239} INFO - Sync 1 DAGs
[2026-03-23T16:13:11.652+0000] {processor.py:208} INFO - Processing /opt/airflow/dags/db_and_model_update_dag.py took 0.117 seconds
[2026-03-23T16:13:41.839+0000] {processor.py:186} INFO - Started process (PID=1609) to work on /opt/airflow/dags/db_and_model_update_dag.py
[2026-03-23T16:13:41.840+0000] {processor.py:914} INFO - Processing file /opt/airflow/dags/db_and_model_update_dag.py for tasks to queue
[2026-03-23T16:13:41.843+0000] {logging_mixin.py:190} INFO - [2026-03-23T16:13:41.843+0000] {dagbag.py:588} INFO - Filling up the DagBag from /opt/airflow/dags/db_and_model_update_dag.py
[2026-03-23T16:13:41.871+0000] {processor.py:925} INFO - DAG(s) 'db_and_model_update' retrieved from /opt/airflow/dags/db_and_model_update_dag.py
[2026-03-23T16:13:41.905+0000] {logging_mixin.py:190} INFO - [2026-03-23T16:13:41.904+0000] {dag.py:3239} INFO - Sync 1 DAGs
[2026-03-23T16:13:41.952+0000] {processor.py:208} INFO - Processing /opt/airflow/dags/db_and_model_update_dag.py took 0.121 seconds
[2026-03-23T16:14:12.678+0000] {processor.py:186} INFO - Started process (PID=1619) to work on /opt/airflow/dags/db_and_model_update_dag.py
[2026-03-23T16:14:12.680+0000] {processor.py:914} INFO - Processing file /opt/airflow/dags/db_and_model_update_dag.py for tasks to queue
[2026-03-23T16:14:12.682+0000] {logging_mixin.py:190} INFO - [2026-03-23T16:14:12.682+0000] {dagbag.py:588} INFO - Filling up the DagBag from /opt/airflow/dags/db_and_model_update_dag.py
[2026-03-23T16:14:12.711+0000] {processor.py:925} INFO - DAG(s) 'db_and_model_update' retrieved from /opt/airflow/dags/db_and_model_update_dag.py
[2026-03-23T16:14:12.744+0000] {logging_mixin.py:190} INFO - [2026-03-23T16:14:12.743+0000] {dag.py:3239} INFO - Sync 1 DAGs
[2026-03-23T16:14:12.787+0000] {processor.py:208} INFO - Processing /opt/airflow/dags/db_and_model_update_dag.py took 0.118 seconds
[2026-03-23T16:14:43.161+0000] {processor.py:186} INFO - Started process (PID=1629) to work on /opt/airflow/dags/db_and_model_update_dag.py
[2026-03-23T16:14:43.163+0000] {processor.py:914} INFO - Processing file /opt/airflow/dags/db_and_model_update_dag.py for tasks to queue
[2026-03-23T16:14:43.166+0000] {logging_mixin.py:190} INFO - [2026-03-23T16:14:43.166+0000] {dagbag.py:588} INFO - Filling up the DagBag from /opt/airflow/dags/db_and_model_update_dag.py
[2026-03-23T16:14:43.188+0000] {processor.py:925} INFO - DAG(s) 'db_and_model_update' retrieved from /opt/airflow/dags/db_and_model_update_dag.py
[2026-03-23T16:14:43.220+0000] {logging_mixin.py:190} INFO - [2026-03-23T16:14:43.219+0000] {dag.py:3239} INFO - Sync 1 DAGs
[2026-03-23T16:14:43.262+0000] {processor.py:208} INFO - Processing /opt/airflow/dags/db_and_model_update_dag.py took 0.108 seconds
[2026-03-23T16:15:13.584+0000] {processor.py:186} INFO - Started process (PID=1639) to work on /opt/airflow/dags/db_and_model_update_dag.py
[2026-03-23T16:15:13.585+0000] {processor.py:914} INFO - Processing file /opt/airflow/dags/db_and_model_update_dag.py for tasks to queue
[2026-03-23T16:15:13.587+0000] {logging_mixin.py:190} INFO - [2026-03-23T16:15:13.587+0000] {dagbag.py:588} INFO - Filling up the DagBag from /opt/airflow/dags/db_and_model_update_dag.py
[2026-03-23T16:15:13.610+0000] {processor.py:925} INFO - DAG(s) 'db_and_model_update' retrieved from /opt/airflow/dags/db_and_model_update_dag.py
[2026-03-23T16:15:13.641+0000] {logging_mixin.py:190} INFO - [2026-03-23T16:15:13.641+0000] {dag.py:3239} INFO - Sync 1 DAGs
[2026-03-23T16:15:13.680+0000] {processor.py:208} INFO - Processing /opt/airflow/dags/db_and_model_update_dag.py took 0.105 seconds
[2026-03-23T16:15:44.006+0000] {processor.py:186} INFO - Started process (PID=1649) to work on /opt/airflow/dags/db_and_model_update_dag.py
[2026-03-23T16:15:44.007+0000] {processor.py:914} INFO - Processing file /opt/airflow/dags/db_and_model_update_dag.py for tasks to queue
[2026-03-23T16:15:44.010+0000] {logging_mixin.py:190} INFO - [2026-03-23T16:15:44.009+0000] {dagbag.py:588} INFO - Filling up the DagBag from /opt/airflow/dags/db_and_model_update_dag.py
[2026-03-23T16:15:44.041+0000] {processor.py:925} INFO - DAG(s) 'db_and_model_update' retrieved from /opt/airflow/dags/db_and_model_update_dag.py
[2026-03-23T16:15:44.089+0000] {logging_mixin.py:190} INFO - [2026-03-23T16:15:44.089+0000] {dag.py:3239} INFO - Sync 1 DAGs
[2026-03-23T16:15:44.139+0000] {processor.py:208} INFO - Processing /opt/airflow/dags/db_and_model_update_dag.py took 0.142 seconds
[2026-03-23T16:16:14.257+0000] {processor.py:186} INFO - Started process (PID=1659) to work on /opt/airflow/dags/db_and_model_update_dag.py
[2026-03-23T16:16:14.259+0000] {processor.py:914} INFO - Processing file /opt/airflow/dags/db_and_model_update_dag.py for tasks to queue
[2026-03-23T16:16:14.262+0000] {logging_mixin.py:190} INFO - [2026-03-23T16:16:14.261+0000] {dagbag.py:588} INFO - Filling up the DagBag from /opt/airflow/dags/db_and_model_update_dag.py
[2026-03-23T16:16:14.291+0000] {processor.py:925} INFO - DAG(s) 'db_and_model_update' retrieved from /opt/airflow/dags/db_and_model_update_dag.py
[2026-03-23T16:16:14.327+0000] {logging_mixin.py:190} INFO - [2026-03-23T16:16:14.326+0000] {dag.py:3239} INFO - Sync 1 DAGs
[2026-03-23T16:16:14.370+0000] {processor.py:208} INFO - Processing /opt/airflow/dags/db_and_model_update_dag.py took 0.122 seconds
[2026-03-23T16:16:44.661+0000] {processor.py:186} INFO - Started process (PID=1669) to work on /opt/airflow/dags/db_and_model_update_dag.py
[2026-03-23T16:16:44.662+0000] {processor.py:914} INFO - Processing file /opt/airflow/dags/db_and_model_update_dag.py for tasks to queue
[2026-03-23T16:16:44.664+0000] {logging_mixin.py:190} INFO - [2026-03-23T16:16:44.664+0000] {dagbag.py:588} INFO - Filling up the DagBag from /opt/airflow/dags/db_and_model_update_dag.py
[2026-03-23T16:16:44.686+0000] {processor.py:925} INFO - DAG(s) 'db_and_model_update' retrieved from /opt/airflow/dags/db_and_model_update_dag.py
[2026-03-23T16:16:44.735+0000] {logging_mixin.py:190} INFO - [2026-03-23T16:16:44.735+0000] {dag.py:3239} INFO - Sync 1 DAGs
[2026-03-23T16:16:44.812+0000] {processor.py:208} INFO - Processing /opt/airflow/dags/db_and_model_update_dag.py took 0.160 seconds
[2026-03-23T16:17:14.993+0000] {processor.py:186} INFO - Started process (PID=1679) to work on /opt/airflow/dags/db_and_model_update_dag.py
[2026-03-23T16:17:14.994+0000] {processor.py:914} INFO - Processing file /opt/airflow/dags/db_and_model_update_dag.py for tasks to queue
[2026-03-23T16:17:14.996+0000] {logging_mixin.py:190} INFO - [2026-03-23T16:17:14.996+0000] {dagbag.py:588} INFO - Filling up the DagBag from /opt/airflow/dags/db_and_model_update_dag.py
[2026-03-23T16:17:15.018+0000] {processor.py:925} INFO - DAG(s) 'db_and_model_update' retrieved from /opt/airflow/dags/db_and_model_update_dag.py
[2026-03-23T16:17:15.059+0000] {logging_mixin.py:190} INFO - [2026-03-23T16:17:15.059+0000] {dag.py:3239} INFO - Sync 1 DAGs
[2026-03-23T16:17:15.106+0000] {processor.py:208} INFO - Processing /opt/airflow/dags/db_and_model_update_dag.py took 0.120 seconds
[2026-03-23T16:17:45.357+0000] {processor.py:186} INFO - Started process (PID=1689) to work on /opt/airflow/dags/db_and_model_update_dag.py
[2026-03-23T16:17:45.360+0000] {processor.py:914} INFO - Processing file /opt/airflow/dags/db_and_model_update_dag.py for tasks to queue
[2026-03-23T16:17:45.363+0000] {logging_mixin.py:190} INFO - [2026-03-23T16:17:45.363+0000] {dagbag.py:588} INFO - Filling up the DagBag from /opt/airflow/dags/db_and_model_update_dag.py
[2026-03-23T16:17:45.388+0000] {processor.py:925} INFO - DAG(s) 'db_and_model_update' retrieved from /opt/airflow/dags/db_and_model_update_dag.py
[2026-03-23T16:17:45.420+0000] {logging_mixin.py:190} INFO - [2026-03-23T16:17:45.420+0000] {dag.py:3239} INFO - Sync 1 DAGs
[2026-03-23T16:17:45.469+0000] {processor.py:208} INFO - Processing /opt/airflow/dags/db_and_model_update_dag.py took 0.120 seconds
[2026-03-23T16:18:15.677+0000] {processor.py:186} INFO - Started process (PID=1699) to work on /opt/airflow/dags/db_and_model_update_dag.py
[2026-03-23T16:18:15.679+0000] {processor.py:914} INFO - Processing file /opt/airflow/dags/db_and_model_update_dag.py for tasks to queue
[2026-03-23T16:18:15.683+0000] {logging_mixin.py:190} INFO - [2026-03-23T16:18:15.683+0000] {dagbag.py:588} INFO - Filling up the DagBag from /opt/airflow/dags/db_and_model_update_dag.py
[2026-03-23T16:18:15.704+0000] {processor.py:925} INFO - DAG(s) 'db_and_model_update' retrieved from /opt/airflow/dags/db_and_model_update_dag.py
[2026-03-23T16:18:15.738+0000] {logging_mixin.py:190} INFO - [2026-03-23T16:18:15.738+0000] {dag.py:3239} INFO - Sync 1 DAGs
[2026-03-23T16:18:15.782+0000] {processor.py:208} INFO - Processing /opt/airflow/dags/db_and_model_update_dag.py took 0.114 seconds
[2026-03-23T16:18:46.779+0000] {processor.py:186} INFO - Started process (PID=1709) to work on /opt/airflow/dags/db_and_model_update_dag.py
[2026-03-23T16:18:46.780+0000] {processor.py:914} INFO - Processing file /opt/airflow/dags/db_and_model_update_dag.py for tasks to queue
[2026-03-23T16:18:46.782+0000] {logging_mixin.py:190} INFO - [2026-03-23T16:18:46.782+0000] {dagbag.py:588} INFO - Filling up the DagBag from /opt/airflow/dags/db_and_model_update_dag.py
[2026-03-23T16:18:46.845+0000] {processor.py:925} INFO - DAG(s) 'db_and_model_update' retrieved from /opt/airflow/dags/db_and_model_update_dag.py
[2026-03-23T16:18:46.888+0000] {logging_mixin.py:190} INFO - [2026-03-23T16:18:46.887+0000] {dag.py:3239} INFO - Sync 1 DAGs
[2026-03-23T16:18:46.940+0000] {processor.py:208} INFO - Processing /opt/airflow/dags/db_and_model_update_dag.py took 0.168 seconds
[2026-03-23T16:19:17.032+0000] {processor.py:186} INFO - Started process (PID=1719) to work on /opt/airflow/dags/db_and_model_update_dag.py
[2026-03-23T16:19:17.033+0000] {processor.py:914} INFO - Processing file /opt/airflow/dags/db_and_model_update_dag.py for tasks to queue
[2026-03-23T16:19:17.040+0000] {logging_mixin.py:190} INFO - [2026-03-23T16:19:17.039+0000] {dagbag.py:588} INFO - Filling up the DagBag from /opt/airflow/dags/db_and_model_update_dag.py
[2026-03-23T16:19:17.062+0000] {processor.py:925} INFO - DAG(s) 'db_and_model_update' retrieved from /opt/airflow/dags/db_and_model_update_dag.py
[2026-03-23T16:19:17.097+0000] {logging_mixin.py:190} INFO - [2026-03-23T16:19:17.097+0000] {dag.py:3239} INFO - Sync 1 DAGs
[2026-03-23T16:19:17.143+0000] {processor.py:208} INFO - Processing /opt/airflow/dags/db_and_model_update_dag.py took 0.118 seconds
[2026-03-23T16:19:47.467+0000] {processor.py:186} INFO - Started process (PID=1729) to work on /opt/airflow/dags/db_and_model_update_dag.py
[2026-03-23T16:19:47.469+0000] {processor.py:914} INFO - Processing file /opt/airflow/dags/db_and_model_update_dag.py for tasks to queue
[2026-03-23T16:19:47.473+0000] {logging_mixin.py:190} INFO - [2026-03-23T16:19:47.472+0000] {dagbag.py:588} INFO - Filling up the DagBag from /opt/airflow/dags/db_and_model_update_dag.py
[2026-03-23T16:19:47.505+0000] {processor.py:925} INFO - DAG(s) 'db_and_model_update' retrieved from /opt/airflow/dags/db_and_model_update_dag.py
[2026-03-23T16:19:47.550+0000] {logging_mixin.py:190} INFO - [2026-03-23T16:19:47.550+0000] {dag.py:3239} INFO - Sync 1 DAGs
[2026-03-23T16:19:47.598+0000] {processor.py:208} INFO - Processing /opt/airflow/dags/db_and_model_update_dag.py took 0.142 seconds
[2026-03-23T16:20:17.931+0000] {processor.py:186} INFO - Started process (PID=1739) to work on /opt/airflow/dags/db_and_model_update_dag.py
[2026-03-23T16:20:17.933+0000] {processor.py:914} INFO - Processing file /opt/airflow/dags/db_and_model_update_dag.py for tasks to queue
[2026-03-23T16:20:17.935+0000] {logging_mixin.py:190} INFO - [2026-03-23T16:20:17.935+0000] {dagbag.py:588} INFO - Filling up the DagBag from /opt/airflow/dags/db_and_model_update_dag.py
[2026-03-23T16:20:17.958+0000] {processor.py:925} INFO - DAG(s) 'db_and_model_update' retrieved from /opt/airflow/dags/db_and_model_update_dag.py
[2026-03-23T16:20:17.995+0000] {logging_mixin.py:190} INFO - [2026-03-23T16:20:17.994+0000] {dag.py:3239} INFO - Sync 1 DAGs
[2026-03-23T16:20:18.036+0000] {processor.py:208} INFO - Processing /opt/airflow/dags/db_and_model_update_dag.py took 0.113 seconds
[2026-03-23T16:20:48.217+0000] {processor.py:186} INFO - Started process (PID=1749) to work on /opt/airflow/dags/db_and_model_update_dag.py
[2026-03-23T16:20:48.218+0000] {processor.py:914} INFO - Processing file /opt/airflow/dags/db_and_model_update_dag.py for tasks to queue
[2026-03-23T16:20:48.221+0000] {logging_mixin.py:190} INFO - [2026-03-23T16:20:48.221+0000] {dagbag.py:588} INFO - Filling up the DagBag from /opt/airflow/dags/db_and_model_update_dag.py
[2026-03-23T16:20:48.239+0000] {processor.py:925} INFO - DAG(s) 'db_and_model_update' retrieved from /opt/airflow/dags/db_and_model_update_dag.py
[2026-03-23T16:20:48.271+0000] {logging_mixin.py:190} INFO - [2026-03-23T16:20:48.271+0000] {dag.py:3239} INFO - Sync 1 DAGs
[2026-03-23T16:20:48.318+0000] {processor.py:208} INFO - Processing /opt/airflow/dags/db_and_model_update_dag.py took 0.109 seconds
[2026-03-23T16:21:18.630+0000] {processor.py:186} INFO - Started process (PID=1759) to work on /opt/airflow/dags/db_and_model_update_dag.py
[2026-03-23T16:21:18.632+0000] {processor.py:914} INFO - Processing file /opt/airflow/dags/db_and_model_update_dag.py for tasks to queue
[2026-03-23T16:21:18.634+0000] {logging_mixin.py:190} INFO - [2026-03-23T16:21:18.634+0000] {dagbag.py:588} INFO - Filling up the DagBag from /opt/airflow/dags/db_and_model_update_dag.py
[2026-03-23T16:21:18.656+0000] {processor.py:925} INFO - DAG(s) 'db_and_model_update' retrieved from /opt/airflow/dags/db_and_model_update_dag.py
[2026-03-23T16:21:18.691+0000] {logging_mixin.py:190} INFO - [2026-03-23T16:21:18.691+0000] {dag.py:3239} INFO - Sync 1 DAGs
[2026-03-23T16:21:18.762+0000] {processor.py:208} INFO - Processing /opt/airflow/dags/db_and_model_update_dag.py took 0.139 seconds
[2026-03-23T16:21:48.907+0000] {processor.py:186} INFO - Started process (PID=1769) to work on /opt/airflow/dags/db_and_model_update_dag.py
[2026-03-23T16:21:48.909+0000] {processor.py:914} INFO - Processing file /opt/airflow/dags/db_and_model_update_dag.py for tasks to queue
[2026-03-23T16:21:48.912+0000] {logging_mixin.py:190} INFO - [2026-03-23T16:21:48.911+0000] {dagbag.py:588} INFO - Filling up the DagBag from /opt/airflow/dags/db_and_model_update_dag.py
[2026-03-23T16:21:48.944+0000] {processor.py:925} INFO - DAG(s) 'db_and_model_update' retrieved from /opt/airflow/dags/db_and_model_update_dag.py
[2026-03-23T16:21:48.980+0000] {logging_mixin.py:190} INFO - [2026-03-23T16:21:48.979+0000] {dag.py:3239} INFO - Sync 1 DAGs
[2026-03-23T16:21:49.029+0000] {processor.py:208} INFO - Processing /opt/airflow/dags/db_and_model_update_dag.py took 0.131 seconds
[2026-03-23T16:22:19.663+0000] {processor.py:186} INFO - Started process (PID=1779) to work on /opt/airflow/dags/db_and_model_update_dag.py
[2026-03-23T16:22:19.664+0000] {processor.py:914} INFO - Processing file /opt/airflow/dags/db_and_model_update_dag.py for tasks to queue
[2026-03-23T16:22:19.667+0000] {logging_mixin.py:190} INFO - [2026-03-23T16:22:19.666+0000] {dagbag.py:588} INFO - Filling up the DagBag from /opt/airflow/dags/db_and_model_update_dag.py
[2026-03-23T16:22:19.690+0000] {processor.py:925} INFO - DAG(s) 'db_and_model_update' retrieved from /opt/airflow/dags/db_and_model_update_dag.py
[2026-03-23T16:22:19.725+0000] {logging_mixin.py:190} INFO - [2026-03-23T16:22:19.724+0000] {dag.py:3239} INFO - Sync 1 DAGs
[2026-03-23T16:22:11.055+0000] {processor.py:208} INFO - Processing /opt/airflow/dags/db_and_model_update_dag.py took 0.123 seconds
[2026-03-23T16:22:41.773+0000] {processor.py:186} INFO - Started process (PID=1789) to work on /opt/airflow/dags/db_and_model_update_dag.py
[2026-03-23T16:22:41.774+0000] {processor.py:914} INFO - Processing file /opt/airflow/dags/db_and_model_update_dag.py for tasks to queue
[2026-03-23T16:22:41.777+0000] {logging_mixin.py:190} INFO - [2026-03-23T16:22:41.776+0000] {dagbag.py:588} INFO - Filling up the DagBag from /opt/airflow/dags/db_and_model_update_dag.py
[2026-03-23T16:22:41.798+0000] {processor.py:925} INFO - DAG(s) 'db_and_model_update' retrieved from /opt/airflow/dags/db_and_model_update_dag.py
[2026-03-23T16:22:41.831+0000] {logging_mixin.py:190} INFO - [2026-03-23T16:22:41.831+0000] {dag.py:3239} INFO - Sync 1 DAGs
[2026-03-23T16:22:41.873+0000] {processor.py:208} INFO - Processing /opt/airflow/dags/db_and_model_update_dag.py took 0.110 seconds
[2026-03-23T16:23:12.051+0000] {processor.py:186} INFO - Started process (PID=1799) to work on /opt/airflow/dags/db_and_model_update_dag.py
[2026-03-23T16:23:12.052+0000] {processor.py:914} INFO - Processing file /opt/airflow/dags/db_and_model_update_dag.py for tasks to queue
[2026-03-23T16:23:12.054+0000] {logging_mixin.py:190} INFO - [2026-03-23T16:23:12.054+0000] {dagbag.py:588} INFO - Filling up the DagBag from /opt/airflow/dags/db_and_model_update_dag.py
[2026-03-23T16:23:12.073+0000] {processor.py:925} INFO - DAG(s) 'db_and_model_update' retrieved from /opt/airflow/dags/db_and_model_update_dag.py
[2026-03-23T16:23:12.107+0000] {logging_mixin.py:190} INFO - [2026-03-23T16:23:12.107+0000] {dag.py:3239} INFO - Sync 1 DAGs
[2026-03-23T16:23:12.152+0000] {processor.py:208} INFO - Processing /opt/airflow/dags/db_and_model_update_dag.py took 0.107 seconds
[2026-03-23T16:23:42.484+0000] {processor.py:186} INFO - Started process (PID=1809) to work on /opt/airflow/dags/db_and_model_update_dag.py
[2026-03-23T16:23:42.485+0000] {processor.py:914} INFO - Processing file /opt/airflow/dags/db_and_model_update_dag.py for tasks to queue
[2026-03-23T16:23:42.487+0000] {logging_mixin.py:190} INFO - [2026-03-23T16:23:42.487+0000] {dagbag.py:588} INFO - Filling up the DagBag from /opt/airflow/dags/db_and_model_update_dag.py
[2026-03-23T16:23:42.509+0000] {processor.py:925} INFO - DAG(s) 'db_and_model_update' retrieved from /opt/airflow/dags/db_and_model_update_dag.py
[2026-03-23T16:23:42.546+0000] {logging_mixin.py:190} INFO - [2026-03-23T16:23:42.546+0000] {dag.py:3239} INFO - Sync 1 DAGs
[2026-03-23T16:23:42.588+0000] {processor.py:208} INFO - Processing /opt/airflow/dags/db_and_model_update_dag.py took 0.111 seconds
[2026-03-23T16:24:13.407+0000] {processor.py:186} INFO - Started process (PID=1819) to work on /opt/airflow/dags/db_and_model_update_dag.py
[2026-03-23T16:24:13.409+0000] {processor.py:914} INFO - Processing file /opt/airflow/dags/db_and_model_update_dag.py for tasks to queue
[2026-03-23T16:24:13.412+0000] {logging_mixin.py:190} INFO - [2026-03-23T16:24:13.411+0000] {dagbag.py:588} INFO - Filling up the DagBag from /opt/airflow/dags/db_and_model_update_dag.py
[2026-03-23T16:24:13.432+0000] {processor.py:925} INFO - DAG(s) 'db_and_model_update' retrieved from /opt/airflow/dags/db_and_model_update_dag.py
[2026-03-23T16:24:13.467+0000] {logging_mixin.py:190} INFO - [2026-03-23T16:24:13.467+0000] {dag.py:3239} INFO - Sync 1 DAGs
[2026-03-23T16:24:13.508+0000] {processor.py:208} INFO - Processing /opt/airflow/dags/db_and_model_update_dag.py took 0.107 seconds
[2026-03-23T16:24:43.675+0000] {processor.py:186} INFO - Started process (PID=1829) to work on /opt/airflow/dags/db_and_model_update_dag.py
[2026-03-23T16:24:43.677+0000] {processor.py:914} INFO - Processing file /opt/airflow/dags/db_and_model_update_dag.py for tasks to queue
[2026-03-23T16:24:43.681+0000] {logging_mixin.py:190} INFO - [2026-03-23T16:24:43.681+0000] {dagbag.py:588} INFO - Filling up the DagBag from /opt/airflow/dags/db_and_model_update_dag.py
[2026-03-23T16:24:43.709+0000] {processor.py:925} INFO - DAG(s) 'db_and_model_update' retrieved from /opt/airflow/dags/db_and_model_update_dag.py
[2026-03-23T16:24:43.740+0000] {logging_mixin.py:190} INFO - [2026-03-23T16:24:43.740+0000] {dag.py:3239} INFO - Sync 1 DAGs
[2026-03-23T16:24:43.795+0000] {processor.py:208} INFO - Processing /opt/airflow/dags/db_and_model_update_dag.py took 0.128 seconds
[2026-03-23T16:25:14.804+0000] {processor.py:186} INFO - Started process (PID=1839) to work on /opt/airflow/dags/db_and_model_update_dag.py
[2026-03-23T16:25:14.805+0000] {processor.py:914} INFO - Processing file /opt/airflow/dags/db_and_model_update_dag.py for tasks to queue
[2026-03-23T16:25:14.808+0000] {logging_mixin.py:190} INFO - [2026-03-23T16:25:14.807+0000] {dagbag.py:588} INFO - Filling up the DagBag from /opt/airflow/dags/db_and_model_update_dag.py
[2026-03-23T16:25:14.828+0000] {processor.py:925} INFO - DAG(s) 'db_and_model_update' retrieved from /opt/airflow/dags/db_and_model_update_dag.py
[2026-03-23T16:25:07.519+0000] {logging_mixin.py:190} INFO - [2026-03-23T16:25:07.519+0000] {dag.py:3239} INFO - Sync 1 DAGs
[2026-03-23T16:25:07.566+0000] {processor.py:208} INFO - Processing /opt/airflow/dags/db_and_model_update_dag.py took 0.114 seconds
[2026-03-23T16:25:34.195+0000] {processor.py:186} INFO - Started process (PID=1849) to work on /opt/airflow/dags/db_and_model_update_dag.py
[2026-03-23T16:25:34.196+0000] {processor.py:914} INFO - Processing file /opt/airflow/dags/db_and_model_update_dag.py for tasks to queue
[2026-03-23T16:25:34.201+0000] {logging_mixin.py:190} INFO - [2026-03-23T16:25:34.201+0000] {dagbag.py:588} INFO - Filling up the DagBag from /opt/airflow/dags/db_and_model_update_dag.py
[2026-03-23T16:25:34.227+0000] {processor.py:925} INFO - DAG(s) 'db_and_model_update' retrieved from /opt/airflow/dags/db_and_model_update_dag.py
[2026-03-23T16:25:34.264+0000] {logging_mixin.py:190} INFO - [2026-03-23T16:25:34.264+0000] {dag.py:3239} INFO - Sync 1 DAGs
[2026-03-23T16:25:34.306+0000] {processor.py:208} INFO - Processing /opt/airflow/dags/db_and_model_update_dag.py took 0.119 seconds
[2026-03-23T16:26:04.792+0000] {processor.py:186} INFO - Started process (PID=1859) to work on /opt/airflow/dags/db_and_model_update_dag.py
[2026-03-23T16:26:04.793+0000] {processor.py:914} INFO - Processing file /opt/airflow/dags/db_and_model_update_dag.py for tasks to queue
[2026-03-23T16:26:04.796+0000] {logging_mixin.py:190} INFO - [2026-03-23T16:26:04.796+0000] {dagbag.py:588} INFO - Filling up the DagBag from /opt/airflow/dags/db_and_model_update_dag.py
[2026-03-23T16:26:04.820+0000] {processor.py:925} INFO - DAG(s) 'db_and_model_update' retrieved from /opt/airflow/dags/db_and_model_update_dag.py
[2026-03-23T16:26:04.856+0000] {logging_mixin.py:190} INFO - [2026-03-23T16:26:04.856+0000] {dag.py:3239} INFO - Sync 1 DAGs
[2026-03-23T16:26:04.913+0000] {processor.py:208} INFO - Processing /opt/airflow/dags/db_and_model_update_dag.py took 0.130 seconds
[2026-03-23T16:26:35.024+0000] {processor.py:186} INFO - Started process (PID=1869) to work on /opt/airflow/dags/db_and_model_update_dag.py
[2026-03-23T16:26:35.026+0000] {processor.py:914} INFO - Processing file /opt/airflow/dags/db_and_model_update_dag.py for tasks to queue
[2026-03-23T16:26:35.028+0000] {logging_mixin.py:190} INFO - [2026-03-23T16:26:35.028+0000] {dagbag.py:588} INFO - Filling up the DagBag from /opt/airflow/dags/db_and_model_update_dag.py
[2026-03-23T16:26:35.047+0000] {processor.py:925} INFO - DAG(s) 'db_and_model_update' retrieved from /opt/airflow/dags/db_and_model_update_dag.py
[2026-03-23T16:26:35.075+0000] {logging_mixin.py:190} INFO - [2026-03-23T16:26:35.075+0000] {dag.py:3239} INFO - Sync 1 DAGs
[2026-03-23T16:26:35.118+0000] {processor.py:208} INFO - Processing /opt/airflow/dags/db_and_model_update_dag.py took 0.100 seconds
[2026-03-23T16:27:05.534+0000] {processor.py:186} INFO - Started process (PID=1879) to work on /opt/airflow/dags/db_and_model_update_dag.py
[2026-03-23T16:27:05.536+0000] {processor.py:914} INFO - Processing file /opt/airflow/dags/db_and_model_update_dag.py for tasks to queue
[2026-03-23T16:27:05.539+0000] {logging_mixin.py:190} INFO - [2026-03-23T16:27:05.539+0000] {dagbag.py:588} INFO - Filling up the DagBag from /opt/airflow/dags/db_and_model_update_dag.py
[2026-03-23T16:27:05.564+0000] {processor.py:925} INFO - DAG(s) 'db_and_model_update' retrieved from /opt/airflow/dags/db_and_model_update_dag.py
[2026-03-23T16:27:05.602+0000] {logging_mixin.py:190} INFO - [2026-03-23T16:27:05.601+0000] {dag.py:3239} INFO - Sync 1 DAGs
[2026-03-23T16:27:05.649+0000] {processor.py:208} INFO - Processing /opt/airflow/dags/db_and_model_update_dag.py took 0.124 seconds
[2026-03-23T16:27:36.014+0000] {processor.py:186} INFO - Started process (PID=1889) to work on /opt/airflow/dags/db_and_model_update_dag.py
[2026-03-23T16:27:36.015+0000] {processor.py:914} INFO - Processing file /opt/airflow/dags/db_and_model_update_dag.py for tasks to queue
[2026-03-23T16:27:36.018+0000] {logging_mixin.py:190} INFO - [2026-03-23T16:27:36.018+0000] {dagbag.py:588} INFO - Filling up the DagBag from /opt/airflow/dags/db_and_model_update_dag.py
[2026-03-23T16:27:36.039+0000] {processor.py:925} INFO - DAG(s) 'db_and_model_update' retrieved from /opt/airflow/dags/db_and_model_update_dag.py
[2026-03-23T16:27:36.074+0000] {logging_mixin.py:190} INFO - [2026-03-23T16:27:36.074+0000] {dag.py:3239} INFO - Sync 1 DAGs
[2026-03-23T16:27:36.117+0000] {processor.py:208} INFO - Processing /opt/airflow/dags/db_and_model_update_dag.py took 0.111 seconds
[2026-03-23T16:28:06.310+0000] {processor.py:186} INFO - Started process (PID=1899) to work on /opt/airflow/dags/db_and_model_update_dag.py
[2026-03-23T16:28:06.311+0000] {processor.py:914} INFO - Processing file /opt/airflow/dags/db_and_model_update_dag.py for tasks to queue
[2026-03-23T16:28:06.314+0000] {logging_mixin.py:190} INFO - [2026-03-23T16:28:06.313+0000] {dagbag.py:588} INFO - Filling up the DagBag from /opt/airflow/dags/db_and_model_update_dag.py
[2026-03-23T16:28:06.332+0000] {processor.py:925} INFO - DAG(s) 'db_and_model_update' retrieved from /opt/airflow/dags/db_and_model_update_dag.py
[2026-03-23T16:28:06.364+0000] {logging_mixin.py:190} INFO - [2026-03-23T16:28:06.364+0000] {dag.py:3239} INFO - Sync 1 DAGs
[2026-03-23T16:28:06.411+0000] {processor.py:208} INFO - Processing /opt/airflow/dags/db_and_model_update_dag.py took 0.107 seconds
[2026-03-23T16:28:36.642+0000] {processor.py:186} INFO - Started process (PID=1909) to work on /opt/airflow/dags/db_and_model_update_dag.py
[2026-03-23T16:28:36.644+0000] {processor.py:914} INFO - Processing file /opt/airflow/dags/db_and_model_update_dag.py for tasks to queue
[2026-03-23T16:28:36.648+0000] {logging_mixin.py:190} INFO - [2026-03-23T16:28:36.648+0000] {dagbag.py:588} INFO - Filling up the DagBag from /opt/airflow/dags/db_and_model_update_dag.py
[2026-03-23T16:28:36.669+0000] {processor.py:925} INFO - DAG(s) 'db_and_model_update' retrieved from /opt/airflow/dags/db_and_model_update_dag.py
[2026-03-23T16:28:36.710+0000] {logging_mixin.py:190} INFO - [2026-03-23T16:28:36.710+0000] {dag.py:3239} INFO - Sync 1 DAGs
[2026-03-23T16:28:36.750+0000] {processor.py:208} INFO - Processing /opt/airflow/dags/db_and_model_update_dag.py took 0.117 seconds
[2026-03-23T16:29:10.389+0000] {processor.py:186} INFO - Started process (PID=1919) to work on /opt/airflow/dags/db_and_model_update_dag.py
[2026-03-23T16:29:10.390+0000] {processor.py:914} INFO - Processing file /opt/airflow/dags/db_and_model_update_dag.py for tasks to queue
[2026-03-23T16:29:10.392+0000] {logging_mixin.py:190} INFO - [2026-03-23T16:29:10.392+0000] {dagbag.py:588} INFO - Filling up the DagBag from /opt/airflow/dags/db_and_model_update_dag.py
[2026-03-23T16:29:10.416+0000] {processor.py:925} INFO - DAG(s) 'db_and_model_update' retrieved from /opt/airflow/dags/db_and_model_update_dag.py
[2026-03-23T16:29:10.446+0000] {logging_mixin.py:190} INFO - [2026-03-23T16:29:10.446+0000] {dag.py:3239} INFO - Sync 1 DAGs
[2026-03-23T16:29:10.486+0000] {processor.py:208} INFO - Processing /opt/airflow/dags/db_and_model_update_dag.py took 0.103 seconds
[2026-03-23T16:29:47.201+0000] {processor.py:186} INFO - Started process (PID=1929) to work on /opt/airflow/dags/db_and_model_update_dag.py
[2026-03-23T16:29:47.202+0000] {processor.py:914} INFO - Processing file /opt/airflow/dags/db_and_model_update_dag.py for tasks to queue
[2026-03-23T16:29:47.205+0000] {logging_mixin.py:190} INFO - [2026-03-23T16:29:47.205+0000] {dagbag.py:588} INFO - Filling up the DagBag from /opt/airflow/dags/db_and_model_update_dag.py
[2026-03-23T16:29:47.230+0000] {processor.py:925} INFO - DAG(s) 'db_and_model_update' retrieved from /opt/airflow/dags/db_and_model_update_dag.py
[2026-03-23T16:29:47.268+0000] {logging_mixin.py:190} INFO - [2026-03-23T16:29:47.267+0000] {dag.py:3239} INFO - Sync 1 DAGs
[2026-03-23T16:29:47.312+0000] {processor.py:208} INFO - Processing /opt/airflow/dags/db_and_model_update_dag.py took 0.121 seconds
[2026-03-23T16:30:13.000+0000] {processor.py:186} INFO - Started process (PID=1939) to work on /opt/airflow/dags/db_and_model_update_dag.py
[2026-03-23T16:30:13.002+0000] {processor.py:914} INFO - Processing file /opt/airflow/dags/db_and_model_update_dag.py for tasks to queue
[2026-03-23T16:30:13.014+0000] {logging_mixin.py:190} INFO - [2026-03-23T16:30:13.013+0000] {dagbag.py:588} INFO - Filling up the DagBag from /opt/airflow/dags/db_and_model_update_dag.py
[2026-03-23T16:30:13.050+0000] {processor.py:925} INFO - DAG(s) 'db_and_model_update' retrieved from /opt/airflow/dags/db_and_model_update_dag.py
[2026-03-23T16:30:13.099+0000] {logging_mixin.py:190} INFO - [2026-03-23T16:30:13.099+0000] {dag.py:3239} INFO - Sync 1 DAGs
[2026-03-23T16:30:13.145+0000] {processor.py:208} INFO - Processing /opt/airflow/dags/db_and_model_update_dag.py took 0.162 seconds
[2026-03-23T16:30:43.457+0000] {processor.py:186} INFO - Started process (PID=1949) to work on /opt/airflow/dags/db_and_model_update_dag.py
[2026-03-23T16:30:43.459+0000] {processor.py:914} INFO - Processing file /opt/airflow/dags/db_and_model_update_dag.py for tasks to queue
[2026-03-23T16:30:43.461+0000] {logging_mixin.py:190} INFO - [2026-03-23T16:30:43.461+0000] {dagbag.py:588} INFO - Filling up the DagBag from /opt/airflow/dags/db_and_model_update_dag.py
[2026-03-23T16:30:43.480+0000] {processor.py:925} INFO - DAG(s) 'db_and_model_update' retrieved from /opt/airflow/dags/db_and_model_update_dag.py
[2026-03-23T16:30:43.509+0000] {logging_mixin.py:190} INFO - [2026-03-23T16:30:43.509+0000] {dag.py:3239} INFO - Sync 1 DAGs
[2026-03-23T16:30:43.546+0000] {processor.py:208} INFO - Processing /opt/airflow/dags/db_and_model_update_dag.py took 0.096 seconds
[2026-03-23T16:31:13.850+0000] {processor.py:186} INFO - Started process (PID=1959) to work on /opt/airflow/dags/db_and_model_update_dag.py
[2026-03-23T16:31:13.851+0000] {processor.py:914} INFO - Processing file /opt/airflow/dags/db_and_model_update_dag.py for tasks to queue
[2026-03-23T16:31:13.854+0000] {logging_mixin.py:190} INFO - [2026-03-23T16:31:13.853+0000] {dagbag.py:588} INFO - Filling up the DagBag from /opt/airflow/dags/db_and_model_update_dag.py
[2026-03-23T16:31:13.873+0000] {processor.py:925} INFO - DAG(s) 'db_and_model_update' retrieved from /opt/airflow/dags/db_and_model_update_dag.py
[2026-03-23T16:31:13.902+0000] {logging_mixin.py:190} INFO - [2026-03-23T16:31:13.902+0000] {dag.py:3239} INFO - Sync 1 DAGs
[2026-03-23T16:31:13.944+0000] {processor.py:208} INFO - Processing /opt/airflow/dags/db_and_model_update_dag.py took 0.102 seconds
[2026-03-23T16:31:50.481+0000] {processor.py:186} INFO - Started process (PID=1969) to work on /opt/airflow/dags/db_and_model_update_dag.py
[2026-03-23T16:31:50.483+0000] {processor.py:914} INFO - Processing file /opt/airflow/dags/db_and_model_update_dag.py for tasks to queue
[2026-03-23T16:31:50.486+0000] {logging_mixin.py:190} INFO - [2026-03-23T16:31:50.486+0000] {dagbag.py:588} INFO - Filling up the DagBag from /opt/airflow/dags/db_and_model_update_dag.py
[2026-03-23T16:31:43.154+0000] {processor.py:925} INFO - DAG(s) 'db_and_model_update' retrieved from /opt/airflow/dags/db_and_model_update_dag.py
[2026-03-23T16:31:43.195+0000] {logging_mixin.py:190} INFO - [2026-03-23T16:31:43.195+0000] {dag.py:3239} INFO - Sync 1 DAGs
[2026-03-23T16:31:43.238+0000] {processor.py:208} INFO - Processing /opt/airflow/dags/db_and_model_update_dag.py took 0.123 seconds
[2026-03-23T16:32:13.401+0000] {processor.py:186} INFO - Started process (PID=1979) to work on /opt/airflow/dags/db_and_model_update_dag.py
[2026-03-23T16:32:13.402+0000] {processor.py:914} INFO - Processing file /opt/airflow/dags/db_and_model_update_dag.py for tasks to queue
[2026-03-23T16:32:13.406+0000] {logging_mixin.py:190} INFO - [2026-03-23T16:32:13.406+0000] {dagbag.py:588} INFO - Filling up the DagBag from /opt/airflow/dags/db_and_model_update_dag.py
[2026-03-23T16:32:13.430+0000] {processor.py:925} INFO - DAG(s) 'db_and_model_update' retrieved from /opt/airflow/dags/db_and_model_update_dag.py
[2026-03-23T16:32:13.471+0000] {logging_mixin.py:190} INFO - [2026-03-23T16:32:13.471+0000] {dag.py:3239} INFO - Sync 1 DAGs
[2026-03-23T16:32:13.526+0000] {processor.py:208} INFO - Processing /opt/airflow/dags/db_and_model_update_dag.py took 0.136 seconds
[2026-03-23T16:32:44.049+0000] {processor.py:186} INFO - Started process (PID=1989) to work on /opt/airflow/dags/db_and_model_update_dag.py
[2026-03-23T16:32:44.050+0000] {processor.py:914} INFO - Processing file /opt/airflow/dags/db_and_model_update_dag.py for tasks to queue
[2026-03-23T16:32:44.053+0000] {logging_mixin.py:190} INFO - [2026-03-23T16:32:44.052+0000] {dagbag.py:588} INFO - Filling up the DagBag from /opt/airflow/dags/db_and_model_update_dag.py
[2026-03-23T16:32:44.076+0000] {processor.py:925} INFO - DAG(s) 'db_and_model_update' retrieved from /opt/airflow/dags/db_and_model_update_dag.py
[2026-03-23T16:32:44.111+0000] {logging_mixin.py:190} INFO - [2026-03-23T16:32:44.111+0000] {dag.py:3239} INFO - Sync 1 DAGs
[2026-03-23T16:32:44.170+0000] {processor.py:208} INFO - Processing /opt/airflow/dags/db_and_model_update_dag.py took 0.131 seconds
[2026-03-23T16:33:13.317+0000] {processor.py:186} INFO - Started process (PID=1999) to work on /opt/airflow/dags/db_and_model_update_dag.py
[2026-03-23T16:33:13.318+0000] {processor.py:914} INFO - Processing file /opt/airflow/dags/db_and_model_update_dag.py for tasks to queue
[2026-03-23T16:33:13.321+0000] {logging_mixin.py:190} INFO - [2026-03-23T16:33:13.320+0000] {dagbag.py:588} INFO - Filling up the DagBag from /opt/airflow/dags/db_and_model_update_dag.py
[2026-03-23T16:33:13.345+0000] {processor.py:925} INFO - DAG(s) 'db_and_model_update' retrieved from /opt/airflow/dags/db_and_model_update_dag.py
[2026-03-23T16:33:13.379+0000] {logging_mixin.py:190} INFO - [2026-03-23T16:33:13.378+0000] {dag.py:3239} INFO - Sync 1 DAGs
[2026-03-23T16:33:13.424+0000] {processor.py:208} INFO - Processing /opt/airflow/dags/db_and_model_update_dag.py took 0.117 seconds
[2026-03-23T16:33:43.773+0000] {processor.py:186} INFO - Started process (PID=2009) to work on /opt/airflow/dags/db_and_model_update_dag.py
[2026-03-23T16:33:43.775+0000] {processor.py:914} INFO - Processing file /opt/airflow/dags/db_and_model_update_dag.py for tasks to queue
[2026-03-23T16:33:43.777+0000] {logging_mixin.py:190} INFO - [2026-03-23T16:33:43.777+0000] {dagbag.py:588} INFO - Filling up the DagBag from /opt/airflow/dags/db_and_model_update_dag.py
[2026-03-23T16:33:43.802+0000] {processor.py:925} INFO - DAG(s) 'db_and_model_update' retrieved from /opt/airflow/dags/db_and_model_update_dag.py
[2026-03-23T16:33:43.835+0000] {logging_mixin.py:190} INFO - [2026-03-23T16:33:43.835+0000] {dag.py:3239} INFO - Sync 1 DAGs
[2026-03-23T16:33:43.883+0000] {processor.py:208} INFO - Processing /opt/airflow/dags/db_and_model_update_dag.py took 0.118 seconds
[2026-03-23T16:34:19.657+0000] {processor.py:186} INFO - Started process (PID=2019) to work on /opt/airflow/dags/db_and_model_update_dag.py
[2026-03-23T16:34:19.658+0000] {processor.py:914} INFO - Processing file /opt/airflow/dags/db_and_model_update_dag.py for tasks to queue
[2026-03-23T16:34:19.662+0000] {logging_mixin.py:190} INFO - [2026-03-23T16:34:19.661+0000] {dagbag.py:588} INFO - Filling up the DagBag from /opt/airflow/dags/db_and_model_update_dag.py
[2026-03-23T16:34:19.695+0000] {processor.py:925} INFO - DAG(s) 'db_and_model_update' retrieved from /opt/airflow/dags/db_and_model_update_dag.py
[2026-03-23T16:34:12.368+0000] {logging_mixin.py:190} INFO - [2026-03-23T16:34:12.368+0000] {dag.py:3239} INFO - Sync 1 DAGs
[2026-03-23T16:34:12.459+0000] {processor.py:208} INFO - Processing /opt/airflow/dags/db_and_model_update_dag.py took 0.173 seconds
[2026-03-23T16:34:43.028+0000] {processor.py:186} INFO - Started process (PID=2029) to work on /opt/airflow/dags/db_and_model_update_dag.py
[2026-03-23T16:34:43.030+0000] {processor.py:914} INFO - Processing file /opt/airflow/dags/db_and_model_update_dag.py for tasks to queue
[2026-03-23T16:34:43.033+0000] {logging_mixin.py:190} INFO - [2026-03-23T16:34:43.032+0000] {dagbag.py:588} INFO - Filling up the DagBag from /opt/airflow/dags/db_and_model_update_dag.py
[2026-03-23T16:34:43.054+0000] {processor.py:925} INFO - DAG(s) 'db_and_model_update' retrieved from /opt/airflow/dags/db_and_model_update_dag.py
[2026-03-23T16:34:43.088+0000] {logging_mixin.py:190} INFO - [2026-03-23T16:34:43.088+0000] {dag.py:3239} INFO - Sync 1 DAGs
[2026-03-23T16:34:43.134+0000] {processor.py:208} INFO - Processing /opt/airflow/dags/db_and_model_update_dag.py took 0.113 seconds
[2026-03-23T16:35:13.571+0000] {processor.py:186} INFO - Started process (PID=2039) to work on /opt/airflow/dags/db_and_model_update_dag.py
[2026-03-23T16:35:13.572+0000] {processor.py:914} INFO - Processing file /opt/airflow/dags/db_and_model_update_dag.py for tasks to queue
[2026-03-23T16:35:13.574+0000] {logging_mixin.py:190} INFO - [2026-03-23T16:35:13.574+0000] {dagbag.py:588} INFO - Filling up the DagBag from /opt/airflow/dags/db_and_model_update_dag.py
[2026-03-23T16:35:13.600+0000] {processor.py:925} INFO - DAG(s) 'db_and_model_update' retrieved from /opt/airflow/dags/db_and_model_update_dag.py
[2026-03-23T16:35:13.637+0000] {logging_mixin.py:190} INFO - [2026-03-23T16:35:13.636+0000] {dag.py:3239} INFO - Sync 1 DAGs
[2026-03-23T16:35:13.693+0000] {processor.py:208} INFO - Processing /opt/airflow/dags/db_and_model_update_dag.py took 0.130 seconds
[2026-03-23T16:35:43.882+0000] {processor.py:186} INFO - Started process (PID=2049) to work on /opt/airflow/dags/db_and_model_update_dag.py
[2026-03-23T16:35:43.883+0000] {processor.py:914} INFO - Processing file /opt/airflow/dags/db_and_model_update_dag.py for tasks to queue
[2026-03-23T16:35:43.885+0000] {logging_mixin.py:190} INFO - [2026-03-23T16:35:43.885+0000] {dagbag.py:588} INFO - Filling up the DagBag from /opt/airflow/dags/db_and_model_update_dag.py
[2026-03-23T16:35:43.905+0000] {processor.py:925} INFO - DAG(s) 'db_and_model_update' retrieved from /opt/airflow/dags/db_and_model_update_dag.py
[2026-03-23T16:35:50.803+0000] {logging_mixin.py:190} INFO - [2026-03-23T16:35:50.802+0000] {dag.py:3239} INFO - Sync 1 DAGs
[2026-03-23T16:35:50.853+0000] {processor.py:208} INFO - Processing /opt/airflow/dags/db_and_model_update_dag.py took 0.110 seconds
[2026-03-23T16:36:21.333+0000] {processor.py:186} INFO - Started process (PID=2059) to work on /opt/airflow/dags/db_and_model_update_dag.py
[2026-03-23T16:36:21.334+0000] {processor.py:914} INFO - Processing file /opt/airflow/dags/db_and_model_update_dag.py for tasks to queue
[2026-03-23T16:36:21.337+0000] {logging_mixin.py:190} INFO - [2026-03-23T16:36:21.336+0000] {dagbag.py:588} INFO - Filling up the DagBag from /opt/airflow/dags/db_and_model_update_dag.py
[2026-03-23T16:36:21.357+0000] {processor.py:925} INFO - DAG(s) 'db_and_model_update' retrieved from /opt/airflow/dags/db_and_model_update_dag.py
[2026-03-23T16:36:21.387+0000] {logging_mixin.py:190} INFO - [2026-03-23T16:36:21.387+0000] {dag.py:3239} INFO - Sync 1 DAGs
[2026-03-23T16:36:21.434+0000] {processor.py:208} INFO - Processing /opt/airflow/dags/db_and_model_update_dag.py took 0.110 seconds
[2026-03-23T16:36:51.597+0000] {processor.py:186} INFO - Started process (PID=2069) to work on /opt/airflow/dags/db_and_model_update_dag.py
[2026-03-23T16:36:51.599+0000] {processor.py:914} INFO - Processing file /opt/airflow/dags/db_and_model_update_dag.py for tasks to queue
[2026-03-23T16:36:51.601+0000] {logging_mixin.py:190} INFO - [2026-03-23T16:36:51.601+0000] {dagbag.py:588} INFO - Filling up the DagBag from /opt/airflow/dags/db_and_model_update_dag.py
[2026-03-23T16:36:51.621+0000] {processor.py:925} INFO - DAG(s) 'db_and_model_update' retrieved from /opt/airflow/dags/db_and_model_update_dag.py
[2026-03-23T16:36:51.650+0000] {logging_mixin.py:190} INFO - [2026-03-23T16:36:51.649+0000] {dag.py:3239} INFO - Sync 1 DAGs
[2026-03-23T16:36:51.688+0000] {processor.py:208} INFO - Processing /opt/airflow/dags/db_and_model_update_dag.py took 0.099 seconds
[2026-03-23T16:37:22.048+0000] {processor.py:186} INFO - Started process (PID=2079) to work on /opt/airflow/dags/db_and_model_update_dag.py
[2026-03-23T16:37:22.050+0000] {processor.py:914} INFO - Processing file /opt/airflow/dags/db_and_model_update_dag.py for tasks to queue
[2026-03-23T16:37:22.054+0000] {logging_mixin.py:190} INFO - [2026-03-23T16:37:22.053+0000] {dagbag.py:588} INFO - Filling up the DagBag from /opt/airflow/dags/db_and_model_update_dag.py
[2026-03-23T16:37:22.076+0000] {processor.py:925} INFO - DAG(s) 'db_and_model_update' retrieved from /opt/airflow/dags/db_and_model_update_dag.py
[2026-03-23T16:37:22.113+0000] {logging_mixin.py:190} INFO - [2026-03-23T16:37:22.113+0000] {dag.py:3239} INFO - Sync 1 DAGs
[2026-03-23T16:37:22.158+0000] {processor.py:208} INFO - Processing /opt/airflow/dags/db_and_model_update_dag.py took 0.119 seconds
[2026-03-23T16:37:52.291+0000] {processor.py:186} INFO - Started process (PID=2089) to work on /opt/airflow/dags/db_and_model_update_dag.py
[2026-03-23T16:37:52.293+0000] {processor.py:914} INFO - Processing file /opt/airflow/dags/db_and_model_update_dag.py for tasks to queue
[2026-03-23T16:37:52.295+0000] {logging_mixin.py:190} INFO - [2026-03-23T16:37:52.295+0000] {dagbag.py:588} INFO - Filling up the DagBag from /opt/airflow/dags/db_and_model_update_dag.py
[2026-03-23T16:37:52.324+0000] {processor.py:925} INFO - DAG(s) 'db_and_model_update' retrieved from /opt/airflow/dags/db_and_model_update_dag.py
[2026-03-23T16:37:52.365+0000] {logging_mixin.py:190} INFO - [2026-03-23T16:37:52.364+0000] {dag.py:3239} INFO - Sync 1 DAGs
[2026-03-23T16:37:52.411+0000] {processor.py:208} INFO - Processing /opt/airflow/dags/db_and_model_update_dag.py took 0.131 seconds
[2026-03-23T16:38:22.916+0000] {processor.py:186} INFO - Started process (PID=2099) to work on /opt/airflow/dags/db_and_model_update_dag.py
[2026-03-23T16:38:22.917+0000] {processor.py:914} INFO - Processing file /opt/airflow/dags/db_and_model_update_dag.py for tasks to queue
[2026-03-23T16:38:22.919+0000] {logging_mixin.py:190} INFO - [2026-03-23T16:38:22.919+0000] {dagbag.py:588} INFO - Filling up the DagBag from /opt/airflow/dags/db_and_model_update_dag.py
[2026-03-23T16:38:22.939+0000] {processor.py:925} INFO - DAG(s) 'db_and_model_update' retrieved from /opt/airflow/dags/db_and_model_update_dag.py
[2026-03-23T16:38:22.967+0000] {logging_mixin.py:190} INFO - [2026-03-23T16:38:22.967+0000] {dag.py:3239} INFO - Sync 1 DAGs
[2026-03-23T16:38:23.009+0000] {processor.py:208} INFO - Processing /opt/airflow/dags/db_and_model_update_dag.py took 0.099 seconds
[2026-03-23T16:38:53.318+0000] {processor.py:186} INFO - Started process (PID=2109) to work on /opt/airflow/dags/db_and_model_update_dag.py
[2026-03-23T16:38:53.320+0000] {processor.py:914} INFO - Processing file /opt/airflow/dags/db_and_model_update_dag.py for tasks to queue
[2026-03-23T16:38:53.323+0000] {logging_mixin.py:190} INFO - [2026-03-23T16:38:53.323+0000] {dagbag.py:588} INFO - Filling up the DagBag from /opt/airflow/dags/db_and_model_update_dag.py
[2026-03-23T16:38:53.349+0000] {processor.py:925} INFO - DAG(s) 'db_and_model_update' retrieved from /opt/airflow/dags/db_and_model_update_dag.py
[2026-03-23T16:38:53.383+0000] {logging_mixin.py:190} INFO - [2026-03-23T16:38:53.382+0000] {dag.py:3239} INFO - Sync 1 DAGs
[2026-03-23T16:38:53.450+0000] {processor.py:208} INFO - Processing /opt/airflow/dags/db_and_model_update_dag.py took 0.141 seconds
[2026-03-23T16:39:23.604+0000] {processor.py:186} INFO - Started process (PID=2119) to work on /opt/airflow/dags/db_and_model_update_dag.py
[2026-03-23T16:39:23.605+0000] {processor.py:914} INFO - Processing file /opt/airflow/dags/db_and_model_update_dag.py for tasks to queue
[2026-03-23T16:39:23.608+0000] {logging_mixin.py:190} INFO - [2026-03-23T16:39:23.607+0000] {dagbag.py:588} INFO - Filling up the DagBag from /opt/airflow/dags/db_and_model_update_dag.py
[2026-03-23T16:39:23.628+0000] {processor.py:925} INFO - DAG(s) 'db_and_model_update' retrieved from /opt/airflow/dags/db_and_model_update_dag.py
[2026-03-23T16:39:23.659+0000] {logging_mixin.py:190} INFO - [2026-03-23T16:39:23.659+0000] {dag.py:3239} INFO - Sync 1 DAGs
[2026-03-23T16:39:23.700+0000] {processor.py:208} INFO - Processing /opt/airflow/dags/db_and_model_update_dag.py took 0.103 seconds
[2026-03-23T16:39:56.230+0000] {processor.py:186} INFO - Started process (PID=2129) to work on /opt/airflow/dags/db_and_model_update_dag.py
[2026-03-23T16:39:56.232+0000] {processor.py:914} INFO - Processing file /opt/airflow/dags/db_and_model_update_dag.py for tasks to queue
[2026-03-23T16:39:56.235+0000] {logging_mixin.py:190} INFO - [2026-03-23T16:39:56.235+0000] {dagbag.py:588} INFO - Filling up the DagBag from /opt/airflow/dags/db_and_model_update_dag.py
[2026-03-23T16:39:56.261+0000] {processor.py:925} INFO - DAG(s) 'db_and_model_update' retrieved from /opt/airflow/dags/db_and_model_update_dag.py
[2026-03-23T16:39:48.928+0000] {logging_mixin.py:190} INFO - [2026-03-23T16:39:48.928+0000] {dag.py:3239} INFO - Sync 1 DAGs
[2026-03-23T16:39:48.997+0000] {processor.py:208} INFO - Processing /opt/airflow/dags/db_and_model_update_dag.py took 0.152 seconds
[2026-03-23T16:40:19.271+0000] {processor.py:186} INFO - Started process (PID=2139) to work on /opt/airflow/dags/db_and_model_update_dag.py
[2026-03-23T16:40:19.273+0000] {processor.py:914} INFO - Processing file /opt/airflow/dags/db_and_model_update_dag.py for tasks to queue
[2026-03-23T16:40:19.277+0000] {logging_mixin.py:190} INFO - [2026-03-23T16:40:19.276+0000] {dagbag.py:588} INFO - Filling up the DagBag from /opt/airflow/dags/db_and_model_update_dag.py
[2026-03-23T16:40:19.303+0000] {processor.py:925} INFO - DAG(s) 'db_and_model_update' retrieved from /opt/airflow/dags/db_and_model_update_dag.py
[2026-03-23T16:40:19.345+0000] {logging_mixin.py:190} INFO - [2026-03-23T16:40:19.345+0000] {dag.py:3239} INFO - Sync 1 DAGs
[2026-03-23T16:40:19.396+0000] {processor.py:208} INFO - Processing /opt/airflow/dags/db_and_model_update_dag.py took 0.137 seconds
[2026-03-23T16:40:49.696+0000] {processor.py:186} INFO - Started process (PID=2149) to work on /opt/airflow/dags/db_and_model_update_dag.py
[2026-03-23T16:40:49.697+0000] {processor.py:914} INFO - Processing file /opt/airflow/dags/db_and_model_update_dag.py for tasks to queue
[2026-03-23T16:40:49.701+0000] {logging_mixin.py:190} INFO - [2026-03-23T16:40:49.701+0000] {dagbag.py:588} INFO - Filling up the DagBag from /opt/airflow/dags/db_and_model_update_dag.py
[2026-03-23T16:40:49.727+0000] {processor.py:925} INFO - DAG(s) 'db_and_model_update' retrieved from /opt/airflow/dags/db_and_model_update_dag.py
[2026-03-23T16:40:49.761+0000] {logging_mixin.py:190} INFO - [2026-03-23T16:40:49.760+0000] {dag.py:3239} INFO - Sync 1 DAGs
[2026-03-23T16:40:49.807+0000] {processor.py:208} INFO - Processing /opt/airflow/dags/db_and_model_update_dag.py took 0.119 seconds
[2026-03-23T16:41:19.068+0000] {processor.py:186} INFO - Started process (PID=2159) to work on /opt/airflow/dags/db_and_model_update_dag.py
[2026-03-23T16:41:19.069+0000] {processor.py:914} INFO - Processing file /opt/airflow/dags/db_and_model_update_dag.py for tasks to queue
[2026-03-23T16:41:19.071+0000] {logging_mixin.py:190} INFO - [2026-03-23T16:41:19.071+0000] {dagbag.py:588} INFO - Filling up the DagBag from /opt/airflow/dags/db_and_model_update_dag.py
[2026-03-23T16:41:19.093+0000] {processor.py:925} INFO - DAG(s) 'db_and_model_update' retrieved from /opt/airflow/dags/db_and_model_update_dag.py
[2026-03-23T16:41:19.150+0000] {logging_mixin.py:190} INFO - [2026-03-23T16:41:19.150+0000] {dag.py:3239} INFO - Sync 1 DAGs
[2026-03-23T16:41:19.247+0000] {processor.py:208} INFO - Processing /opt/airflow/dags/db_and_model_update_dag.py took 0.187 seconds
[2026-03-23T16:41:51.400+0000] {processor.py:186} INFO - Started process (PID=2169) to work on /opt/airflow/dags/db_and_model_update_dag.py
[2026-03-23T16:41:51.402+0000] {processor.py:914} INFO - Processing file /opt/airflow/dags/db_and_model_update_dag.py for tasks to queue
[2026-03-23T16:41:51.404+0000] {logging_mixin.py:190} INFO - [2026-03-23T16:41:51.404+0000] {dagbag.py:588} INFO - Filling up the DagBag from /opt/airflow/dags/db_and_model_update_dag.py
[2026-03-23T16:41:51.425+0000] {processor.py:925} INFO - DAG(s) 'db_and_model_update' retrieved from /opt/airflow/dags/db_and_model_update_dag.py
[2026-03-23T16:41:44.078+0000] {logging_mixin.py:190} INFO - [2026-03-23T16:41:44.077+0000] {dag.py:3239} INFO - Sync 1 DAGs
[2026-03-23T16:41:44.125+0000] {processor.py:208} INFO - Processing /opt/airflow/dags/db_and_model_update_dag.py took 0.114 seconds
[2026-03-23T16:42:14.490+0000] {processor.py:186} INFO - Started process (PID=2179) to work on /opt/airflow/dags/db_and_model_update_dag.py
[2026-03-23T16:42:14.491+0000] {processor.py:914} INFO - Processing file /opt/airflow/dags/db_and_model_update_dag.py for tasks to queue
[2026-03-23T16:42:14.494+0000] {logging_mixin.py:190} INFO - [2026-03-23T16:42:14.494+0000] {dagbag.py:588} INFO - Filling up the DagBag from /opt/airflow/dags/db_and_model_update_dag.py
[2026-03-23T16:42:14.516+0000] {processor.py:925} INFO - DAG(s) 'db_and_model_update' retrieved from /opt/airflow/dags/db_and_model_update_dag.py
[2026-03-23T16:42:14.549+0000] {logging_mixin.py:190} INFO - [2026-03-23T16:42:14.549+0000] {dag.py:3239} INFO - Sync 1 DAGs
[2026-03-23T16:42:14.587+0000] {processor.py:208} INFO - Processing /opt/airflow/dags/db_and_model_update_dag.py took 0.109 seconds
[2026-03-23T16:42:44.769+0000] {processor.py:186} INFO - Started process (PID=2189) to work on /opt/airflow/dags/db_and_model_update_dag.py
[2026-03-23T16:42:44.770+0000] {processor.py:914} INFO - Processing file /opt/airflow/dags/db_and_model_update_dag.py for tasks to queue
[2026-03-23T16:42:44.772+0000] {logging_mixin.py:190} INFO - [2026-03-23T16:42:44.772+0000] {dagbag.py:588} INFO - Filling up the DagBag from /opt/airflow/dags/db_and_model_update_dag.py
[2026-03-23T16:42:44.793+0000] {processor.py:925} INFO - DAG(s) 'db_and_model_update' retrieved from /opt/airflow/dags/db_and_model_update_dag.py
[2026-03-23T16:42:44.823+0000] {logging_mixin.py:190} INFO - [2026-03-23T16:42:44.823+0000] {dag.py:3239} INFO - Sync 1 DAGs
[2026-03-23T16:42:44.862+0000] {processor.py:208} INFO - Processing /opt/airflow/dags/db_and_model_update_dag.py took 0.101 seconds
[2026-03-23T16:43:21.540+0000] {processor.py:186} INFO - Started process (PID=2199) to work on /opt/airflow/dags/db_and_model_update_dag.py
[2026-03-23T16:43:21.541+0000] {processor.py:914} INFO - Processing file /opt/airflow/dags/db_and_model_update_dag.py for tasks to queue
[2026-03-23T16:43:21.543+0000] {logging_mixin.py:190} INFO - [2026-03-23T16:43:21.543+0000] {dagbag.py:588} INFO - Filling up the DagBag from /opt/airflow/dags/db_and_model_update_dag.py
[2026-03-23T16:43:21.564+0000] {processor.py:925} INFO - DAG(s) 'db_and_model_update' retrieved from /opt/airflow/dags/db_and_model_update_dag.py
[2026-03-23T16:43:14.210+0000] {logging_mixin.py:190} INFO - [2026-03-23T16:43:14.209+0000] {dag.py:3239} INFO - Sync 1 DAGs
[2026-03-23T16:43:14.251+0000] {processor.py:208} INFO - Processing /opt/airflow/dags/db_and_model_update_dag.py took 0.102 seconds
[2026-03-23T16:43:44.594+0000] {processor.py:186} INFO - Started process (PID=2209) to work on /opt/airflow/dags/db_and_model_update_dag.py
[2026-03-23T16:43:44.597+0000] {processor.py:914} INFO - Processing file /opt/airflow/dags/db_and_model_update_dag.py for tasks to queue
[2026-03-23T16:43:44.600+0000] {logging_mixin.py:190} INFO - [2026-03-23T16:43:44.599+0000] {dagbag.py:588} INFO - Filling up the DagBag from /opt/airflow/dags/db_and_model_update_dag.py
[2026-03-23T16:43:44.619+0000] {processor.py:925} INFO - DAG(s) 'db_and_model_update' retrieved from /opt/airflow/dags/db_and_model_update_dag.py
[2026-03-23T16:43:44.649+0000] {logging_mixin.py:190} INFO - [2026-03-23T16:43:44.649+0000] {dag.py:3239} INFO - Sync 1 DAGs
[2026-03-23T16:43:44.691+0000] {processor.py:208} INFO - Processing /opt/airflow/dags/db_and_model_update_dag.py took 0.106 seconds
[2026-03-23T16:44:15.015+0000] {processor.py:186} INFO - Started process (PID=2219) to work on /opt/airflow/dags/db_and_model_update_dag.py
[2026-03-23T16:44:15.017+0000] {processor.py:914} INFO - Processing file /opt/airflow/dags/db_and_model_update_dag.py for tasks to queue
[2026-03-23T16:44:15.019+0000] {logging_mixin.py:190} INFO - [2026-03-23T16:44:15.019+0000] {dagbag.py:588} INFO - Filling up the DagBag from /opt/airflow/dags/db_and_model_update_dag.py
[2026-03-23T16:44:15.043+0000] {processor.py:925} INFO - DAG(s) 'db_and_model_update' retrieved from /opt/airflow/dags/db_and_model_update_dag.py
[2026-03-23T16:44:15.081+0000] {logging_mixin.py:190} INFO - [2026-03-23T16:44:15.081+0000] {dag.py:3239} INFO - Sync 1 DAGs
[2026-03-23T16:44:15.124+0000] {processor.py:208} INFO - Processing /opt/airflow/dags/db_and_model_update_dag.py took 0.118 seconds
[2026-03-23T16:44:45.427+0000] {processor.py:186} INFO - Started process (PID=2229) to work on /opt/airflow/dags/db_and_model_update_dag.py
[2026-03-23T16:44:45.428+0000] {processor.py:914} INFO - Processing file /opt/airflow/dags/db_and_model_update_dag.py for tasks to queue
[2026-03-23T16:44:45.431+0000] {logging_mixin.py:190} INFO - [2026-03-23T16:44:45.431+0000] {dagbag.py:588} INFO - Filling up the DagBag from /opt/airflow/dags/db_and_model_update_dag.py
[2026-03-23T16:44:45.458+0000] {processor.py:925} INFO - DAG(s) 'db_and_model_update' retrieved from /opt/airflow/dags/db_and_model_update_dag.py
[2026-03-23T16:44:45.488+0000] {logging_mixin.py:190} INFO - [2026-03-23T16:44:45.487+0000] {dag.py:3239} INFO - Sync 1 DAGs
[2026-03-23T16:44:45.529+0000] {processor.py:208} INFO - Processing /opt/airflow/dags/db_and_model_update_dag.py took 0.109 seconds
[2026-03-23T16:45:16.669+0000] {processor.py:186} INFO - Started process (PID=2239) to work on /opt/airflow/dags/db_and_model_update_dag.py
[2026-03-23T16:45:16.670+0000] {processor.py:914} INFO - Processing file /opt/airflow/dags/db_and_model_update_dag.py for tasks to queue
[2026-03-23T16:45:16.672+0000] {logging_mixin.py:190} INFO - [2026-03-23T16:45:16.672+0000] {dagbag.py:588} INFO - Filling up the DagBag from /opt/airflow/dags/db_and_model_update_dag.py
[2026-03-23T16:45:16.692+0000] {processor.py:925} INFO - DAG(s) 'db_and_model_update' retrieved from /opt/airflow/dags/db_and_model_update_dag.py
[2026-03-23T16:45:16.722+0000] {logging_mixin.py:190} INFO - [2026-03-23T16:45:16.722+0000] {dag.py:3239} INFO - Sync 1 DAGs
[2026-03-23T16:45:09.372+0000] {processor.py:208} INFO - Processing /opt/airflow/dags/db_and_model_update_dag.py took 0.099 seconds
[2026-03-23T16:45:41.533+0000] {processor.py:186} INFO - Started process (PID=2249) to work on /opt/airflow/dags/db_and_model_update_dag.py
[2026-03-23T16:45:41.534+0000] {processor.py:914} INFO - Processing file /opt/airflow/dags/db_and_model_update_dag.py for tasks to queue
[2026-03-23T16:45:41.537+0000] {logging_mixin.py:190} INFO - [2026-03-23T16:45:41.537+0000] {dagbag.py:588} INFO - Filling up the DagBag from /opt/airflow/dags/db_and_model_update_dag.py
[2026-03-23T16:45:41.565+0000] {processor.py:925} INFO - DAG(s) 'db_and_model_update' retrieved from /opt/airflow/dags/db_and_model_update_dag.py
[2026-03-23T16:45:34.211+0000] {logging_mixin.py:190} INFO - [2026-03-23T16:45:34.211+0000] {dag.py:3239} INFO - Sync 1 DAGs
[2026-03-23T16:45:34.261+0000] {processor.py:208} INFO - Processing /opt/airflow/dags/db_and_model_update_dag.py took 0.126 seconds
[2026-03-23T16:46:12.132+0000] {processor.py:186} INFO - Started process (PID=2259) to work on /opt/airflow/dags/db_and_model_update_dag.py
[2026-03-23T16:46:12.133+0000] {processor.py:914} INFO - Processing file /opt/airflow/dags/db_and_model_update_dag.py for tasks to queue
[2026-03-23T16:46:12.136+0000] {logging_mixin.py:190} INFO - [2026-03-23T16:46:12.136+0000] {dagbag.py:588} INFO - Filling up the DagBag from /opt/airflow/dags/db_and_model_update_dag.py
[2026-03-23T16:46:12.157+0000] {processor.py:925} INFO - DAG(s) 'db_and_model_update' retrieved from /opt/airflow/dags/db_and_model_update_dag.py
[2026-03-23T16:46:12.191+0000] {logging_mixin.py:190} INFO - [2026-03-23T16:46:12.190+0000] {dag.py:3239} INFO - Sync 1 DAGs
[2026-03-23T16:46:12.232+0000] {processor.py:208} INFO - Processing /opt/airflow/dags/db_and_model_update_dag.py took 0.109 seconds
[2026-03-23T16:46:46.865+0000] {processor.py:186} INFO - Started process (PID=2269) to work on /opt/airflow/dags/db_and_model_update_dag.py
[2026-03-23T16:46:46.866+0000] {processor.py:914} INFO - Processing file /opt/airflow/dags/db_and_model_update_dag.py for tasks to queue
[2026-03-23T16:46:39.476+0000] {logging_mixin.py:190} INFO - [2026-03-23T16:46:46.868+0000] {dagbag.py:588} INFO - Filling up the DagBag from /opt/airflow/dags/db_and_model_update_dag.py
[2026-03-23T16:46:39.498+0000] {processor.py:925} INFO - DAG(s) 'db_and_model_update' retrieved from /opt/airflow/dags/db_and_model_update_dag.py
[2026-03-23T16:46:39.534+0000] {logging_mixin.py:190} INFO - [2026-03-23T16:46:39.534+0000] {dag.py:3239} INFO - Sync 1 DAGs
[2026-03-23T16:46:39.580+0000] {processor.py:208} INFO - Processing /opt/airflow/dags/db_and_model_update_dag.py took 0.116 seconds
[2026-03-23T16:47:09.747+0000] {processor.py:186} INFO - Started process (PID=2279) to work on /opt/airflow/dags/db_and_model_update_dag.py
[2026-03-23T16:47:09.748+0000] {processor.py:914} INFO - Processing file /opt/airflow/dags/db_and_model_update_dag.py for tasks to queue
[2026-03-23T16:47:09.750+0000] {logging_mixin.py:190} INFO - [2026-03-23T16:47:09.750+0000] {dagbag.py:588} INFO - Filling up the DagBag from /opt/airflow/dags/db_and_model_update_dag.py
[2026-03-23T16:47:09.773+0000] {processor.py:925} INFO - DAG(s) 'db_and_model_update' retrieved from /opt/airflow/dags/db_and_model_update_dag.py
[2026-03-23T16:47:09.804+0000] {logging_mixin.py:190} INFO - [2026-03-23T16:47:09.804+0000] {dag.py:3239} INFO - Sync 1 DAGs
[2026-03-23T16:47:09.845+0000] {processor.py:208} INFO - Processing /opt/airflow/dags/db_and_model_update_dag.py took 0.105 seconds
[2026-03-23T16:47:40.175+0000] {processor.py:186} INFO - Started process (PID=2289) to work on /opt/airflow/dags/db_and_model_update_dag.py
[2026-03-23T16:47:40.176+0000] {processor.py:914} INFO - Processing file /opt/airflow/dags/db_and_model_update_dag.py for tasks to queue
[2026-03-23T16:47:40.179+0000] {logging_mixin.py:190} INFO - [2026-03-23T16:47:40.179+0000] {dagbag.py:588} INFO - Filling up the DagBag from /opt/airflow/dags/db_and_model_update_dag.py
[2026-03-23T16:47:40.200+0000] {processor.py:925} INFO - DAG(s) 'db_and_model_update' retrieved from /opt/airflow/dags/db_and_model_update_dag.py
[2026-03-23T16:47:40.229+0000] {logging_mixin.py:190} INFO - [2026-03-23T16:47:40.229+0000] {dag.py:3239} INFO - Sync 1 DAGs
[2026-03-23T16:47:40.270+0000] {processor.py:208} INFO - Processing /opt/airflow/dags/db_and_model_update_dag.py took 0.102 seconds
[2026-03-23T16:48:10.465+0000] {processor.py:186} INFO - Started process (PID=2299) to work on /opt/airflow/dags/db_and_model_update_dag.py
[2026-03-23T16:48:10.466+0000] {processor.py:914} INFO - Processing file /opt/airflow/dags/db_and_model_update_dag.py for tasks to queue
[2026-03-23T16:48:10.473+0000] {logging_mixin.py:190} INFO - [2026-03-23T16:48:10.473+0000] {dagbag.py:588} INFO - Filling up the DagBag from /opt/airflow/dags/db_and_model_update_dag.py
[2026-03-23T16:48:10.491+0000] {processor.py:925} INFO - DAG(s) 'db_and_model_update' retrieved from /opt/airflow/dags/db_and_model_update_dag.py
[2026-03-23T16:48:10.523+0000] {logging_mixin.py:190} INFO - [2026-03-23T16:48:10.523+0000] {dag.py:3239} INFO - Sync 1 DAGs
[2026-03-23T16:48:10.580+0000] {processor.py:208} INFO - Processing /opt/airflow/dags/db_and_model_update_dag.py took 0.123 seconds
[2026-03-23T16:48:40.898+0000] {processor.py:186} INFO - Started process (PID=2309) to work on /opt/airflow/dags/db_and_model_update_dag.py
[2026-03-23T16:48:40.901+0000] {processor.py:914} INFO - Processing file /opt/airflow/dags/db_and_model_update_dag.py for tasks to queue
[2026-03-23T16:48:40.904+0000] {logging_mixin.py:190} INFO - [2026-03-23T16:48:40.904+0000] {dagbag.py:588} INFO - Filling up the DagBag from /opt/airflow/dags/db_and_model_update_dag.py
[2026-03-23T16:48:40.926+0000] {processor.py:925} INFO - DAG(s) 'db_and_model_update' retrieved from /opt/airflow/dags/db_and_model_update_dag.py
[2026-03-23T16:48:40.958+0000] {logging_mixin.py:190} INFO - [2026-03-23T16:48:40.958+0000] {dag.py:3239} INFO - Sync 1 DAGs
[2026-03-23T16:48:41.003+0000] {processor.py:208} INFO - Processing /opt/airflow/dags/db_and_model_update_dag.py took 0.114 seconds
[2026-03-23T16:49:04.861+0000] {processor.py:186} INFO - Started process (PID=2319) to work on /opt/airflow/dags/db_and_model_update_dag.py
[2026-03-23T16:49:04.865+0000] {processor.py:914} INFO - Processing file /opt/airflow/dags/db_and_model_update_dag.py for tasks to queue
[2026-03-23T16:49:04.871+0000] {logging_mixin.py:190} INFO - [2026-03-23T16:49:04.870+0000] {dagbag.py:588} INFO - Filling up the DagBag from /opt/airflow/dags/db_and_model_update_dag.py
[2026-03-23T16:49:04.897+0000] {processor.py:925} INFO - DAG(s) 'db_and_model_update' retrieved from /opt/airflow/dags/db_and_model_update_dag.py
[2026-03-23T16:49:04.935+0000] {logging_mixin.py:190} INFO - [2026-03-23T16:49:04.934+0000] {dag.py:3239} INFO - Sync 1 DAGs
[2026-03-23T16:49:04.988+0000] {processor.py:208} INFO - Processing /opt/airflow/dags/db_and_model_update_dag.py took 0.144 seconds
[2026-03-23T16:49:29.780+0000] {processor.py:186} INFO - Started process (PID=2329) to work on /opt/airflow/dags/db_and_model_update_dag.py
[2026-03-23T16:49:29.781+0000] {processor.py:914} INFO - Processing file /opt/airflow/dags/db_and_model_update_dag.py for tasks to queue
[2026-03-23T16:49:29.784+0000] {logging_mixin.py:190} INFO - [2026-03-23T16:49:29.783+0000] {dagbag.py:588} INFO - Filling up the DagBag from /opt/airflow/dags/db_and_model_update_dag.py
[2026-03-23T16:49:29.813+0000] {processor.py:925} INFO - DAG(s) 'db_and_model_update' retrieved from /opt/airflow/dags/db_and_model_update_dag.py
[2026-03-23T16:49:29.848+0000] {logging_mixin.py:190} INFO - [2026-03-23T16:49:29.848+0000] {dag.py:3239} INFO - Sync 1 DAGs
[2026-03-23T16:49:29.897+0000] {processor.py:208} INFO - Processing /opt/airflow/dags/db_and_model_update_dag.py took 0.131 seconds
[2026-03-23T16:50:00.071+0000] {processor.py:186} INFO - Started process (PID=2339) to work on /opt/airflow/dags/db_and_model_update_dag.py
[2026-03-23T16:50:00.073+0000] {processor.py:914} INFO - Processing file /opt/airflow/dags/db_and_model_update_dag.py for tasks to queue
[2026-03-23T16:50:00.075+0000] {logging_mixin.py:190} INFO - [2026-03-23T16:50:00.075+0000] {dagbag.py:588} INFO - Filling up the DagBag from /opt/airflow/dags/db_and_model_update_dag.py
[2026-03-23T16:50:00.094+0000] {processor.py:925} INFO - DAG(s) 'db_and_model_update' retrieved from /opt/airflow/dags/db_and_model_update_dag.py
[2026-03-23T16:50:00.127+0000] {logging_mixin.py:190} INFO - [2026-03-23T16:50:00.127+0000] {dag.py:3239} INFO - Sync 1 DAGs
[2026-03-23T16:50:00.171+0000] {processor.py:208} INFO - Processing /opt/airflow/dags/db_and_model_update_dag.py took 0.107 seconds
[2026-03-23T16:50:30.464+0000] {processor.py:186} INFO - Started process (PID=2349) to work on /opt/airflow/dags/db_and_model_update_dag.py
[2026-03-23T16:50:30.465+0000] {processor.py:914} INFO - Processing file /opt/airflow/dags/db_and_model_update_dag.py for tasks to queue
[2026-03-23T16:50:30.468+0000] {logging_mixin.py:190} INFO - [2026-03-23T16:50:30.467+0000] {dagbag.py:588} INFO - Filling up the DagBag from /opt/airflow/dags/db_and_model_update_dag.py
[2026-03-23T16:50:30.489+0000] {processor.py:925} INFO - DAG(s) 'db_and_model_update' retrieved from /opt/airflow/dags/db_and_model_update_dag.py
[2026-03-23T16:50:30.519+0000] {logging_mixin.py:190} INFO - [2026-03-23T16:50:30.519+0000] {dag.py:3239} INFO - Sync 1 DAGs
[2026-03-23T16:50:30.561+0000] {processor.py:208} INFO - Processing /opt/airflow/dags/db_and_model_update_dag.py took 0.106 seconds
[2026-03-23T16:51:07.278+0000] {processor.py:186} INFO - Started process (PID=2359) to work on /opt/airflow/dags/db_and_model_update_dag.py
[2026-03-23T16:51:07.279+0000] {processor.py:914} INFO - Processing file /opt/airflow/dags/db_and_model_update_dag.py for tasks to queue
[2026-03-23T16:50:59.884+0000] {logging_mixin.py:190} INFO - [2026-03-23T16:51:07.283+0000] {dagbag.py:588} INFO - Filling up the DagBag from /opt/airflow/dags/db_and_model_update_dag.py
[2026-03-23T16:50:59.911+0000] {processor.py:925} INFO - DAG(s) 'db_and_model_update' retrieved from /opt/airflow/dags/db_and_model_update_dag.py
[2026-03-23T16:50:59.947+0000] {logging_mixin.py:190} INFO - [2026-03-23T16:50:59.947+0000] {dag.py:3239} INFO - Sync 1 DAGs
[2026-03-23T16:51:00.005+0000] {processor.py:208} INFO - Processing /opt/airflow/dags/db_and_model_update_dag.py took 0.136 seconds
[2026-03-23T16:51:30.193+0000] {processor.py:186} INFO - Started process (PID=2369) to work on /opt/airflow/dags/db_and_model_update_dag.py
[2026-03-23T16:51:30.194+0000] {processor.py:914} INFO - Processing file /opt/airflow/dags/db_and_model_update_dag.py for tasks to queue
[2026-03-23T16:51:30.197+0000] {logging_mixin.py:190} INFO - [2026-03-23T16:51:30.197+0000] {dagbag.py:588} INFO - Filling up the DagBag from /opt/airflow/dags/db_and_model_update_dag.py
[2026-03-23T16:51:30.223+0000] {processor.py:925} INFO - DAG(s) 'db_and_model_update' retrieved from /opt/airflow/dags/db_and_model_update_dag.py
[2026-03-23T16:51:30.273+0000] {logging_mixin.py:190} INFO - [2026-03-23T16:51:30.272+0000] {dag.py:3239} INFO - Sync 1 DAGs
[2026-03-23T16:51:30.339+0000] {processor.py:208} INFO - Processing /opt/airflow/dags/db_and_model_update_dag.py took 0.154 seconds
[2026-03-23T16:51:56.060+0000] {processor.py:186} INFO - Started process (PID=2379) to work on /opt/airflow/dags/db_and_model_update_dag.py
[2026-03-23T16:51:56.062+0000] {processor.py:914} INFO - Processing file /opt/airflow/dags/db_and_model_update_dag.py for tasks to queue
[2026-03-23T16:51:56.073+0000] {logging_mixin.py:190} INFO - [2026-03-23T16:51:56.072+0000] {dagbag.py:588} INFO - Filling up the DagBag from /opt/airflow/dags/db_and_model_update_dag.py
[2026-03-23T16:51:56.139+0000] {processor.py:925} INFO - DAG(s) 'db_and_model_update' retrieved from /opt/airflow/dags/db_and_model_update_dag.py
[2026-03-23T16:51:56.210+0000] {logging_mixin.py:190} INFO - [2026-03-23T16:51:56.210+0000] {dag.py:3239} INFO - Sync 1 DAGs
[2026-03-23T16:51:56.271+0000] {processor.py:208} INFO - Processing /opt/airflow/dags/db_and_model_update_dag.py took 0.227 seconds
[2026-03-23T16:52:26.663+0000] {processor.py:186} INFO - Started process (PID=2389) to work on /opt/airflow/dags/db_and_model_update_dag.py
[2026-03-23T16:52:26.665+0000] {processor.py:914} INFO - Processing file /opt/airflow/dags/db_and_model_update_dag.py for tasks to queue
[2026-03-23T16:52:26.668+0000] {logging_mixin.py:190} INFO - [2026-03-23T16:52:26.668+0000] {dagbag.py:588} INFO - Filling up the DagBag from /opt/airflow/dags/db_and_model_update_dag.py
[2026-03-23T16:52:26.695+0000] {processor.py:925} INFO - DAG(s) 'db_and_model_update' retrieved from /opt/airflow/dags/db_and_model_update_dag.py
[2026-03-23T16:52:26.726+0000] {logging_mixin.py:190} INFO - [2026-03-23T16:52:26.725+0000] {dag.py:3239} INFO - Sync 1 DAGs
[2026-03-23T16:52:26.774+0000] {processor.py:208} INFO - Processing /opt/airflow/dags/db_and_model_update_dag.py took 0.120 seconds
[2026-03-23T16:52:57.937+0000] {processor.py:186} INFO - Started process (PID=2399) to work on /opt/airflow/dags/db_and_model_update_dag.py
[2026-03-23T16:52:57.938+0000] {processor.py:914} INFO - Processing file /opt/airflow/dags/db_and_model_update_dag.py for tasks to queue
[2026-03-23T16:52:57.940+0000] {logging_mixin.py:190} INFO - [2026-03-23T16:52:57.940+0000] {dagbag.py:588} INFO - Filling up the DagBag from /opt/airflow/dags/db_and_model_update_dag.py
[2026-03-23T16:52:57.959+0000] {processor.py:925} INFO - DAG(s) 'db_and_model_update' retrieved from /opt/airflow/dags/db_and_model_update_dag.py
[2026-03-23T16:52:50.587+0000] {logging_mixin.py:190} INFO - [2026-03-23T16:52:50.587+0000] {dag.py:3239} INFO - Sync 1 DAGs
[2026-03-23T16:52:50.636+0000] {processor.py:208} INFO - Processing /opt/airflow/dags/db_and_model_update_dag.py took 0.109 seconds
[2026-03-23T16:53:21.011+0000] {processor.py:186} INFO - Started process (PID=2409) to work on /opt/airflow/dags/db_and_model_update_dag.py
[2026-03-23T16:53:21.012+0000] {processor.py:914} INFO - Processing file /opt/airflow/dags/db_and_model_update_dag.py for tasks to queue
[2026-03-23T16:53:21.014+0000] {logging_mixin.py:190} INFO - [2026-03-23T16:53:21.014+0000] {dagbag.py:588} INFO - Filling up the DagBag from /opt/airflow/dags/db_and_model_update_dag.py
[2026-03-23T16:53:21.033+0000] {processor.py:925} INFO - DAG(s) 'db_and_model_update' retrieved from /opt/airflow/dags/db_and_model_update_dag.py
[2026-03-23T16:53:21.068+0000] {logging_mixin.py:190} INFO - [2026-03-23T16:53:21.068+0000] {dag.py:3239} INFO - Sync 1 DAGs
[2026-03-23T16:53:21.112+0000] {processor.py:208} INFO - Processing /opt/airflow/dags/db_and_model_update_dag.py took 0.108 seconds
[2026-03-23T16:53:51.396+0000] {processor.py:186} INFO - Started process (PID=2419) to work on /opt/airflow/dags/db_and_model_update_dag.py
[2026-03-23T16:53:51.397+0000] {processor.py:914} INFO - Processing file /opt/airflow/dags/db_and_model_update_dag.py for tasks to queue
[2026-03-23T16:53:51.399+0000] {logging_mixin.py:190} INFO - [2026-03-23T16:53:51.399+0000] {dagbag.py:588} INFO - Filling up the DagBag from /opt/airflow/dags/db_and_model_update_dag.py
[2026-03-23T16:53:51.423+0000] {processor.py:925} INFO - DAG(s) 'db_and_model_update' retrieved from /opt/airflow/dags/db_and_model_update_dag.py
[2026-03-23T16:53:51.456+0000] {logging_mixin.py:190} INFO - [2026-03-23T16:53:51.456+0000] {dag.py:3239} INFO - Sync 1 DAGs
[2026-03-23T16:53:51.502+0000] {processor.py:208} INFO - Processing /opt/airflow/dags/db_and_model_update_dag.py took 0.114 seconds
[2026-03-23T16:54:15.247+0000] {processor.py:186} INFO - Started process (PID=2429) to work on /opt/airflow/dags/db_and_model_update_dag.py
[2026-03-23T16:54:15.248+0000] {processor.py:914} INFO - Processing file /opt/airflow/dags/db_and_model_update_dag.py for tasks to queue
[2026-03-23T16:54:15.251+0000] {logging_mixin.py:190} INFO - [2026-03-23T16:54:15.251+0000] {dagbag.py:588} INFO - Filling up the DagBag from /opt/airflow/dags/db_and_model_update_dag.py
[2026-03-23T16:54:15.278+0000] {processor.py:925} INFO - DAG(s) 'db_and_model_update' retrieved from /opt/airflow/dags/db_and_model_update_dag.py
[2026-03-23T16:54:15.326+0000] {logging_mixin.py:190} INFO - [2026-03-23T16:54:15.326+0000] {dag.py:3239} INFO - Sync 1 DAGs
[2026-03-23T16:54:15.463+0000] {processor.py:208} INFO - Processing /opt/airflow/dags/db_and_model_update_dag.py took 0.226 seconds
[2026-03-23T16:54:40.267+0000] {processor.py:186} INFO - Started process (PID=2439) to work on /opt/airflow/dags/db_and_model_update_dag.py
[2026-03-23T16:54:40.269+0000] {processor.py:914} INFO - Processing file /opt/airflow/dags/db_and_model_update_dag.py for tasks to queue
[2026-03-23T16:54:40.271+0000] {logging_mixin.py:190} INFO - [2026-03-23T16:54:40.270+0000] {dagbag.py:588} INFO - Filling up the DagBag from /opt/airflow/dags/db_and_model_update_dag.py
[2026-03-23T16:54:40.295+0000] {processor.py:925} INFO - DAG(s) 'db_and_model_update' retrieved from /opt/airflow/dags/db_and_model_update_dag.py
[2026-03-23T16:54:40.329+0000] {logging_mixin.py:190} INFO - [2026-03-23T16:54:40.329+0000] {dag.py:3239} INFO - Sync 1 DAGs
[2026-03-23T16:54:40.377+0000] {processor.py:208} INFO - Processing /opt/airflow/dags/db_and_model_update_dag.py took 0.118 seconds
[2026-03-23T16:55:10.697+0000] {processor.py:186} INFO - Started process (PID=2449) to work on /opt/airflow/dags/db_and_model_update_dag.py
[2026-03-23T16:55:10.698+0000] {processor.py:914} INFO - Processing file /opt/airflow/dags/db_and_model_update_dag.py for tasks to queue
[2026-03-23T16:55:10.701+0000] {logging_mixin.py:190} INFO - [2026-03-23T16:55:10.701+0000] {dagbag.py:588} INFO - Filling up the DagBag from /opt/airflow/dags/db_and_model_update_dag.py
[2026-03-23T16:55:10.721+0000] {processor.py:925} INFO - DAG(s) 'db_and_model_update' retrieved from /opt/airflow/dags/db_and_model_update_dag.py
[2026-03-23T16:55:10.749+0000] {logging_mixin.py:190} INFO - [2026-03-23T16:55:10.749+0000] {dag.py:3239} INFO - Sync 1 DAGs
[2026-03-23T16:55:10.787+0000] {processor.py:208} INFO - Processing /opt/airflow/dags/db_and_model_update_dag.py took 0.096 seconds
[2026-03-23T16:55:41.099+0000] {processor.py:186} INFO - Started process (PID=2459) to work on /opt/airflow/dags/db_and_model_update_dag.py
[2026-03-23T16:55:41.101+0000] {processor.py:914} INFO - Processing file /opt/airflow/dags/db_and_model_update_dag.py for tasks to queue
[2026-03-23T16:55:41.104+0000] {logging_mixin.py:190} INFO - [2026-03-23T16:55:41.103+0000] {dagbag.py:588} INFO - Filling up the DagBag from /opt/airflow/dags/db_and_model_update_dag.py
[2026-03-23T16:55:41.129+0000] {processor.py:925} INFO - DAG(s) 'db_and_model_update' retrieved from /opt/airflow/dags/db_and_model_update_dag.py
[2026-03-23T16:55:41.169+0000] {logging_mixin.py:190} INFO - [2026-03-23T16:55:41.169+0000] {dag.py:3239} INFO - Sync 1 DAGs
[2026-03-23T16:55:41.214+0000] {processor.py:208} INFO - Processing /opt/airflow/dags/db_and_model_update_dag.py took 0.125 seconds
[2026-03-23T16:56:11.528+0000] {processor.py:186} INFO - Started process (PID=2469) to work on /opt/airflow/dags/db_and_model_update_dag.py
[2026-03-23T16:56:11.529+0000] {processor.py:914} INFO - Processing file /opt/airflow/dags/db_and_model_update_dag.py for tasks to queue
[2026-03-23T16:56:11.532+0000] {logging_mixin.py:190} INFO - [2026-03-23T16:56:11.531+0000] {dagbag.py:588} INFO - Filling up the DagBag from /opt/airflow/dags/db_and_model_update_dag.py
[2026-03-23T16:56:11.556+0000] {processor.py:925} INFO - DAG(s) 'db_and_model_update' retrieved from /opt/airflow/dags/db_and_model_update_dag.py
[2026-03-23T16:56:11.589+0000] {logging_mixin.py:190} INFO - [2026-03-23T16:56:11.589+0000] {dag.py:3239} INFO - Sync 1 DAGs
[2026-03-23T16:56:11.642+0000] {processor.py:208} INFO - Processing /opt/airflow/dags/db_and_model_update_dag.py took 0.122 seconds
[2026-03-23T16:56:42.808+0000] {processor.py:186} INFO - Started process (PID=2479) to work on /opt/airflow/dags/db_and_model_update_dag.py
[2026-03-23T16:56:42.810+0000] {processor.py:914} INFO - Processing file /opt/airflow/dags/db_and_model_update_dag.py for tasks to queue
[2026-03-23T16:56:42.812+0000] {logging_mixin.py:190} INFO - [2026-03-23T16:56:42.812+0000] {dagbag.py:588} INFO - Filling up the DagBag from /opt/airflow/dags/db_and_model_update_dag.py
[2026-03-23T16:56:35.420+0000] {processor.py:925} INFO - DAG(s) 'db_and_model_update' retrieved from /opt/airflow/dags/db_and_model_update_dag.py
[2026-03-23T16:56:35.468+0000] {logging_mixin.py:190} INFO - [2026-03-23T16:56:35.468+0000] {dag.py:3239} INFO - Sync 1 DAGs
[2026-03-23T16:56:35.530+0000] {processor.py:208} INFO - Processing /opt/airflow/dags/db_and_model_update_dag.py took 0.144 seconds
[2026-03-23T16:57:05.842+0000] {processor.py:186} INFO - Started process (PID=2489) to work on /opt/airflow/dags/db_and_model_update_dag.py
[2026-03-23T16:57:05.843+0000] {processor.py:914} INFO - Processing file /opt/airflow/dags/db_and_model_update_dag.py for tasks to queue
[2026-03-23T16:57:05.846+0000] {logging_mixin.py:190} INFO - [2026-03-23T16:57:05.846+0000] {dagbag.py:588} INFO - Filling up the DagBag from /opt/airflow/dags/db_and_model_update_dag.py
[2026-03-23T16:57:05.864+0000] {processor.py:925} INFO - DAG(s) 'db_and_model_update' retrieved from /opt/airflow/dags/db_and_model_update_dag.py
[2026-03-23T16:57:05.896+0000] {logging_mixin.py:190} INFO - [2026-03-23T16:57:05.896+0000] {dag.py:3239} INFO - Sync 1 DAGs
[2026-03-23T16:57:05.943+0000] {processor.py:208} INFO - Processing /opt/airflow/dags/db_and_model_update_dag.py took 0.108 seconds
[2026-03-23T16:57:36.172+0000] {processor.py:186} INFO - Started process (PID=2499) to work on /opt/airflow/dags/db_and_model_update_dag.py
[2026-03-23T16:57:36.173+0000] {processor.py:914} INFO - Processing file /opt/airflow/dags/db_and_model_update_dag.py for tasks to queue
[2026-03-23T16:57:36.176+0000] {logging_mixin.py:190} INFO - [2026-03-23T16:57:36.175+0000] {dagbag.py:588} INFO - Filling up the DagBag from /opt/airflow/dags/db_and_model_update_dag.py
[2026-03-23T16:57:36.204+0000] {processor.py:925} INFO - DAG(s) 'db_and_model_update' retrieved from /opt/airflow/dags/db_and_model_update_dag.py
[2026-03-23T16:57:36.241+0000] {logging_mixin.py:190} INFO - [2026-03-23T16:57:36.241+0000] {dag.py:3239} INFO - Sync 1 DAGs
[2026-03-23T16:57:36.291+0000] {processor.py:208} INFO - Processing /opt/airflow/dags/db_and_model_update_dag.py took 0.128 seconds
[2026-03-23T16:58:12.904+0000] {processor.py:186} INFO - Started process (PID=2509) to work on /opt/airflow/dags/db_and_model_update_dag.py
[2026-03-23T16:58:12.905+0000] {processor.py:914} INFO - Processing file /opt/airflow/dags/db_and_model_update_dag.py for tasks to queue
[2026-03-23T16:58:12.914+0000] {logging_mixin.py:190} INFO - [2026-03-23T16:58:12.912+0000] {dagbag.py:588} INFO - Filling up the DagBag from /opt/airflow/dags/db_and_model_update_dag.py
[2026-03-23T16:58:05.535+0000] {processor.py:925} INFO - DAG(s) 'db_and_model_update' retrieved from /opt/airflow/dags/db_and_model_update_dag.py
[2026-03-23T16:58:05.579+0000] {logging_mixin.py:190} INFO - [2026-03-23T16:58:05.579+0000] {dag.py:3239} INFO - Sync 1 DAGs
[2026-03-23T16:58:05.622+0000] {processor.py:208} INFO - Processing /opt/airflow/dags/db_and_model_update_dag.py took 0.145 seconds
[2026-03-23T16:58:35.807+0000] {processor.py:186} INFO - Started process (PID=2519) to work on /opt/airflow/dags/db_and_model_update_dag.py
[2026-03-23T16:58:35.808+0000] {processor.py:914} INFO - Processing file /opt/airflow/dags/db_and_model_update_dag.py for tasks to queue
[2026-03-23T16:58:35.810+0000] {logging_mixin.py:190} INFO - [2026-03-23T16:58:35.810+0000] {dagbag.py:588} INFO - Filling up the DagBag from /opt/airflow/dags/db_and_model_update_dag.py
[2026-03-23T16:58:35.830+0000] {processor.py:925} INFO - DAG(s) 'db_and_model_update' retrieved from /opt/airflow/dags/db_and_model_update_dag.py
[2026-03-23T16:58:35.866+0000] {logging_mixin.py:190} INFO - [2026-03-23T16:58:35.866+0000] {dag.py:3239} INFO - Sync 1 DAGs
[2026-03-23T16:58:35.911+0000] {processor.py:208} INFO - Processing /opt/airflow/dags/db_and_model_update_dag.py took 0.111 seconds
[2026-03-23T16:59:06.211+0000] {processor.py:186} INFO - Started process (PID=2529) to work on /opt/airflow/dags/db_and_model_update_dag.py
[2026-03-23T16:59:06.213+0000] {processor.py:914} INFO - Processing file /opt/airflow/dags/db_and_model_update_dag.py for tasks to queue
[2026-03-23T16:59:06.216+0000] {logging_mixin.py:190} INFO - [2026-03-23T16:59:06.216+0000] {dagbag.py:588} INFO - Filling up the DagBag from /opt/airflow/dags/db_and_model_update_dag.py
[2026-03-23T16:59:06.250+0000] {processor.py:925} INFO - DAG(s) 'db_and_model_update' retrieved from /opt/airflow/dags/db_and_model_update_dag.py
[2026-03-23T16:59:06.285+0000] {logging_mixin.py:190} INFO - [2026-03-23T16:59:06.285+0000] {dag.py:3239} INFO - Sync 1 DAGs
[2026-03-23T16:59:06.333+0000] {processor.py:208} INFO - Processing /opt/airflow/dags/db_and_model_update_dag.py took 0.130 seconds
[2026-03-23T16:59:43.032+0000] {processor.py:186} INFO - Started process (PID=2539) to work on /opt/airflow/dags/db_and_model_update_dag.py
[2026-03-23T16:59:43.033+0000] {processor.py:914} INFO - Processing file /opt/airflow/dags/db_and_model_update_dag.py for tasks to queue
[2026-03-23T16:59:43.035+0000] {logging_mixin.py:190} INFO - [2026-03-23T16:59:43.035+0000] {dagbag.py:588} INFO - Filling up the DagBag from /opt/airflow/dags/db_and_model_update_dag.py
[2026-03-23T16:59:43.054+0000] {processor.py:925} INFO - DAG(s) 'db_and_model_update' retrieved from /opt/airflow/dags/db_and_model_update_dag.py
[2026-03-23T16:59:35.670+0000] {logging_mixin.py:190} INFO - [2026-03-23T16:59:35.670+0000] {dag.py:3239} INFO - Sync 1 DAGs
[2026-03-23T16:59:35.716+0000] {processor.py:208} INFO - Processing /opt/airflow/dags/db_and_model_update_dag.py took 0.114 seconds
[2026-03-23T17:00:05.887+0000] {processor.py:186} INFO - Started process (PID=2549) to work on /opt/airflow/dags/db_and_model_update_dag.py
[2026-03-23T17:00:05.888+0000] {processor.py:914} INFO - Processing file /opt/airflow/dags/db_and_model_update_dag.py for tasks to queue
[2026-03-23T17:00:05.891+0000] {logging_mixin.py:190} INFO - [2026-03-23T17:00:05.890+0000] {dagbag.py:588} INFO - Filling up the DagBag from /opt/airflow/dags/db_and_model_update_dag.py
[2026-03-23T17:00:05.910+0000] {processor.py:925} INFO - DAG(s) 'db_and_model_update' retrieved from /opt/airflow/dags/db_and_model_update_dag.py
[2026-03-23T17:00:05.941+0000] {logging_mixin.py:190} INFO - [2026-03-23T17:00:05.941+0000] {dag.py:3239} INFO - Sync 1 DAGs
[2026-03-23T17:00:05.985+0000] {processor.py:208} INFO - Processing /opt/airflow/dags/db_and_model_update_dag.py took 0.105 seconds
[2026-03-23T17:00:30.758+0000] {processor.py:186} INFO - Started process (PID=2559) to work on /opt/airflow/dags/db_and_model_update_dag.py
[2026-03-23T17:00:30.760+0000] {processor.py:914} INFO - Processing file /opt/airflow/dags/db_and_model_update_dag.py for tasks to queue
[2026-03-23T17:00:30.764+0000] {logging_mixin.py:190} INFO - [2026-03-23T17:00:30.763+0000] {dagbag.py:588} INFO - Filling up the DagBag from /opt/airflow/dags/db_and_model_update_dag.py
[2026-03-23T17:00:30.795+0000] {processor.py:925} INFO - DAG(s) 'db_and_model_update' retrieved from /opt/airflow/dags/db_and_model_update_dag.py
[2026-03-23T17:00:30.849+0000] {logging_mixin.py:190} INFO - [2026-03-23T17:00:30.848+0000] {dag.py:3239} INFO - Sync 1 DAGs
[2026-03-23T17:00:30.896+0000] {processor.py:208} INFO - Processing /opt/airflow/dags/db_and_model_update_dag.py took 0.148 seconds
[2026-03-23T17:01:01.222+0000] {processor.py:186} INFO - Started process (PID=2569) to work on /opt/airflow/dags/db_and_model_update_dag.py
[2026-03-23T17:01:01.223+0000] {processor.py:914} INFO - Processing file /opt/airflow/dags/db_and_model_update_dag.py for tasks to queue
[2026-03-23T17:01:01.226+0000] {logging_mixin.py:190} INFO - [2026-03-23T17:01:01.226+0000] {dagbag.py:588} INFO - Filling up the DagBag from /opt/airflow/dags/db_and_model_update_dag.py
[2026-03-23T17:01:01.249+0000] {processor.py:925} INFO - DAG(s) 'db_and_model_update' retrieved from /opt/airflow/dags/db_and_model_update_dag.py
[2026-03-23T17:01:01.288+0000] {logging_mixin.py:190} INFO - [2026-03-23T17:01:01.287+0000] {dag.py:3239} INFO - Sync 1 DAGs
[2026-03-23T17:01:01.331+0000] {processor.py:208} INFO - Processing /opt/airflow/dags/db_and_model_update_dag.py took 0.118 seconds
[2026-03-23T17:01:31.490+0000] {processor.py:186} INFO - Started process (PID=2579) to work on /opt/airflow/dags/db_and_model_update_dag.py
[2026-03-23T17:01:31.491+0000] {processor.py:914} INFO - Processing file /opt/airflow/dags/db_and_model_update_dag.py for tasks to queue
[2026-03-23T17:01:31.493+0000] {logging_mixin.py:190} INFO - [2026-03-23T17:01:31.493+0000] {dagbag.py:588} INFO - Filling up the DagBag from /opt/airflow/dags/db_and_model_update_dag.py
[2026-03-23T17:01:31.515+0000] {processor.py:925} INFO - DAG(s) 'db_and_model_update' retrieved from /opt/airflow/dags/db_and_model_update_dag.py
[2026-03-23T17:01:31.550+0000] {logging_mixin.py:190} INFO - [2026-03-23T17:01:31.550+0000] {dag.py:3239} INFO - Sync 1 DAGs
[2026-03-23T17:01:31.591+0000] {processor.py:208} INFO - Processing /opt/airflow/dags/db_and_model_update_dag.py took 0.108 seconds
[2026-03-23T17:02:03.905+0000] {processor.py:186} INFO - Started process (PID=2589) to work on /opt/airflow/dags/db_and_model_update_dag.py
[2026-03-23T17:02:03.906+0000] {processor.py:914} INFO - Processing file /opt/airflow/dags/db_and_model_update_dag.py for tasks to queue
[2026-03-23T17:02:03.910+0000] {logging_mixin.py:190} INFO - [2026-03-23T17:02:03.909+0000] {dagbag.py:588} INFO - Filling up the DagBag from /opt/airflow/dags/db_and_model_update_dag.py
[2026-03-23T17:02:03.932+0000] {processor.py:925} INFO - DAG(s) 'db_and_model_update' retrieved from /opt/airflow/dags/db_and_model_update_dag.py
[2026-03-23T17:02:03.966+0000] {logging_mixin.py:190} INFO - [2026-03-23T17:02:03.966+0000] {dag.py:3239} INFO - Sync 1 DAGs
[2026-03-23T17:02:04.007+0000] {processor.py:208} INFO - Processing /opt/airflow/dags/db_and_model_update_dag.py took 0.113 seconds
[2026-03-23T17:02:34.507+0000] {processor.py:186} INFO - Started process (PID=2599) to work on /opt/airflow/dags/db_and_model_update_dag.py
[2026-03-23T17:02:34.509+0000] {processor.py:914} INFO - Processing file /opt/airflow/dags/db_and_model_update_dag.py for tasks to queue
[2026-03-23T17:02:34.512+0000] {logging_mixin.py:190} INFO - [2026-03-23T17:02:34.512+0000] {dagbag.py:588} INFO - Filling up the DagBag from /opt/airflow/dags/db_and_model_update_dag.py
[2026-03-23T17:02:34.533+0000] {processor.py:925} INFO - DAG(s) 'db_and_model_update' retrieved from /opt/airflow/dags/db_and_model_update_dag.py
[2026-03-23T17:02:34.571+0000] {logging_mixin.py:190} INFO - [2026-03-23T17:02:34.571+0000] {dag.py:3239} INFO - Sync 1 DAGs
[2026-03-23T17:02:34.642+0000] {processor.py:208} INFO - Processing /opt/airflow/dags/db_and_model_update_dag.py took 0.144 seconds
[2026-03-23T17:03:08.390+0000] {processor.py:186} INFO - Started process (PID=2609) to work on /opt/airflow/dags/db_and_model_update_dag.py
[2026-03-23T17:03:08.391+0000] {processor.py:914} INFO - Processing file /opt/airflow/dags/db_and_model_update_dag.py for tasks to queue
[2026-03-23T17:03:08.393+0000] {logging_mixin.py:190} INFO - [2026-03-23T17:03:08.393+0000] {dagbag.py:588} INFO - Filling up the DagBag from /opt/airflow/dags/db_and_model_update_dag.py
[2026-03-23T17:03:08.417+0000] {processor.py:925} INFO - DAG(s) 'db_and_model_update' retrieved from /opt/airflow/dags/db_and_model_update_dag.py
[2026-03-23T17:03:01.026+0000] {logging_mixin.py:190} INFO - [2026-03-23T17:03:01.026+0000] {dag.py:3239} INFO - Sync 1 DAGs
[2026-03-23T17:03:01.078+0000] {processor.py:208} INFO - Processing /opt/airflow/dags/db_and_model_update_dag.py took 0.128 seconds
[2026-03-23T17:03:31.238+0000] {processor.py:186} INFO - Started process (PID=2619) to work on /opt/airflow/dags/db_and_model_update_dag.py
[2026-03-23T17:03:31.239+0000] {processor.py:914} INFO - Processing file /opt/airflow/dags/db_and_model_update_dag.py for tasks to queue
[2026-03-23T17:03:31.241+0000] {logging_mixin.py:190} INFO - [2026-03-23T17:03:31.241+0000] {dagbag.py:588} INFO - Filling up the DagBag from /opt/airflow/dags/db_and_model_update_dag.py
[2026-03-23T17:03:31.263+0000] {processor.py:925} INFO - DAG(s) 'db_and_model_update' retrieved from /opt/airflow/dags/db_and_model_update_dag.py
[2026-03-23T17:03:31.291+0000] {logging_mixin.py:190} INFO - [2026-03-23T17:03:31.291+0000] {dag.py:3239} INFO - Sync 1 DAGs
[2026-03-23T17:03:31.336+0000] {processor.py:208} INFO - Processing /opt/airflow/dags/db_and_model_update_dag.py took 0.105 seconds
[2026-03-23T17:04:03.515+0000] {processor.py:186} INFO - Started process (PID=2629) to work on /opt/airflow/dags/db_and_model_update_dag.py
[2026-03-23T17:04:03.516+0000] {processor.py:914} INFO - Processing file /opt/airflow/dags/db_and_model_update_dag.py for tasks to queue
[2026-03-23T17:04:03.518+0000] {logging_mixin.py:190} INFO - [2026-03-23T17:04:03.517+0000] {dagbag.py:588} INFO - Filling up the DagBag from /opt/airflow/dags/db_and_model_update_dag.py
[2026-03-23T17:04:03.537+0000] {processor.py:925} INFO - DAG(s) 'db_and_model_update' retrieved from /opt/airflow/dags/db_and_model_update_dag.py
[2026-03-23T17:04:03.567+0000] {logging_mixin.py:190} INFO - [2026-03-23T17:04:03.567+0000] {dag.py:3239} INFO - Sync 1 DAGs
[2026-03-23T17:04:03.606+0000] {processor.py:208} INFO - Processing /opt/airflow/dags/db_and_model_update_dag.py took 0.100 seconds
[2026-03-23T17:04:34.070+0000] {processor.py:186} INFO - Started process (PID=2639) to work on /opt/airflow/dags/db_and_model_update_dag.py
[2026-03-23T17:04:34.071+0000] {processor.py:914} INFO - Processing file /opt/airflow/dags/db_and_model_update_dag.py for tasks to queue
[2026-03-23T17:04:34.073+0000] {logging_mixin.py:190} INFO - [2026-03-23T17:04:34.073+0000] {dagbag.py:588} INFO - Filling up the DagBag from /opt/airflow/dags/db_and_model_update_dag.py
[2026-03-23T17:04:34.098+0000] {processor.py:925} INFO - DAG(s) 'db_and_model_update' retrieved from /opt/airflow/dags/db_and_model_update_dag.py
[2026-03-23T17:04:34.133+0000] {logging_mixin.py:190} INFO - [2026-03-23T17:04:34.132+0000] {dag.py:3239} INFO - Sync 1 DAGs
[2026-03-23T17:04:34.178+0000] {processor.py:208} INFO - Processing /opt/airflow/dags/db_and_model_update_dag.py took 0.126 seconds
[2026-03-23T17:05:04.874+0000] {processor.py:186} INFO - Started process (PID=2649) to work on /opt/airflow/dags/db_and_model_update_dag.py
[2026-03-23T17:05:04.881+0000] {processor.py:914} INFO - Processing file /opt/airflow/dags/db_and_model_update_dag.py for tasks to queue
[2026-03-23T17:05:04.884+0000] {logging_mixin.py:190} INFO - [2026-03-23T17:05:04.884+0000] {dagbag.py:588} INFO - Filling up the DagBag from /opt/airflow/dags/db_and_model_update_dag.py
[2026-03-23T17:05:04.909+0000] {processor.py:925} INFO - DAG(s) 'db_and_model_update' retrieved from /opt/airflow/dags/db_and_model_update_dag.py
[2026-03-23T17:05:04.947+0000] {logging_mixin.py:190} INFO - [2026-03-23T17:05:04.947+0000] {dag.py:3239} INFO - Sync 1 DAGs
[2026-03-23T17:05:05.005+0000] {processor.py:208} INFO - Processing /opt/airflow/dags/db_and_model_update_dag.py took 0.147 seconds
[2026-03-23T17:05:39.361+0000] {processor.py:186} INFO - Started process (PID=2659) to work on /opt/airflow/dags/db_and_model_update_dag.py
[2026-03-23T17:05:39.362+0000] {processor.py:914} INFO - Processing file /opt/airflow/dags/db_and_model_update_dag.py for tasks to queue
[2026-03-23T17:05:39.365+0000] {logging_mixin.py:190} INFO - [2026-03-23T17:05:39.365+0000] {dagbag.py:588} INFO - Filling up the DagBag from /opt/airflow/dags/db_and_model_update_dag.py
[2026-03-23T17:05:39.389+0000] {processor.py:925} INFO - DAG(s) 'db_and_model_update' retrieved from /opt/airflow/dags/db_and_model_update_dag.py
[2026-03-23T17:05:39.421+0000] {logging_mixin.py:190} INFO - [2026-03-23T17:05:39.421+0000] {dag.py:3239} INFO - Sync 1 DAGs
[2026-03-23T17:05:39.463+0000] {processor.py:208} INFO - Processing /opt/airflow/dags/db_and_model_update_dag.py took 0.112 seconds
[2026-03-23T17:06:09.869+0000] {processor.py:186} INFO - Started process (PID=2669) to work on /opt/airflow/dags/db_and_model_update_dag.py
[2026-03-23T17:06:09.870+0000] {processor.py:914} INFO - Processing file /opt/airflow/dags/db_and_model_update_dag.py for tasks to queue
[2026-03-23T17:06:09.873+0000] {logging_mixin.py:190} INFO - [2026-03-23T17:06:09.872+0000] {dagbag.py:588} INFO - Filling up the DagBag from /opt/airflow/dags/db_and_model_update_dag.py
[2026-03-23T17:06:09.892+0000] {processor.py:925} INFO - DAG(s) 'db_and_model_update' retrieved from /opt/airflow/dags/db_and_model_update_dag.py
[2026-03-23T17:06:09.930+0000] {logging_mixin.py:190} INFO - [2026-03-23T17:06:09.929+0000] {dag.py:3239} INFO - Sync 1 DAGs
[2026-03-23T17:06:09.977+0000] {processor.py:208} INFO - Processing /opt/airflow/dags/db_and_model_update_dag.py took 0.116 seconds
[2026-03-23T17:06:43.705+0000] {processor.py:186} INFO - Started process (PID=2679) to work on /opt/airflow/dags/db_and_model_update_dag.py
[2026-03-23T17:06:43.706+0000] {processor.py:914} INFO - Processing file /opt/airflow/dags/db_and_model_update_dag.py for tasks to queue
[2026-03-23T17:06:43.709+0000] {logging_mixin.py:190} INFO - [2026-03-23T17:06:43.708+0000] {dagbag.py:588} INFO - Filling up the DagBag from /opt/airflow/dags/db_and_model_update_dag.py
[2026-03-23T17:06:43.728+0000] {processor.py:925} INFO - DAG(s) 'db_and_model_update' retrieved from /opt/airflow/dags/db_and_model_update_dag.py
[2026-03-23T17:06:36.320+0000] {logging_mixin.py:190} INFO - [2026-03-23T17:06:36.320+0000] {dag.py:3239} INFO - Sync 1 DAGs
[2026-03-23T17:06:36.369+0000] {processor.py:208} INFO - Processing /opt/airflow/dags/db_and_model_update_dag.py took 0.107 seconds
[2026-03-23T17:07:06.696+0000] {processor.py:186} INFO - Started process (PID=2689) to work on /opt/airflow/dags/db_and_model_update_dag.py
[2026-03-23T17:07:06.697+0000] {processor.py:914} INFO - Processing file /opt/airflow/dags/db_and_model_update_dag.py for tasks to queue
[2026-03-23T17:07:06.700+0000] {logging_mixin.py:190} INFO - [2026-03-23T17:07:06.699+0000] {dagbag.py:588} INFO - Filling up the DagBag from /opt/airflow/dags/db_and_model_update_dag.py
[2026-03-23T17:07:06.721+0000] {processor.py:925} INFO - DAG(s) 'db_and_model_update' retrieved from /opt/airflow/dags/db_and_model_update_dag.py
[2026-03-23T17:07:06.758+0000] {logging_mixin.py:190} INFO - [2026-03-23T17:07:06.758+0000] {dag.py:3239} INFO - Sync 1 DAGs
[2026-03-23T17:07:06.828+0000] {processor.py:208} INFO - Processing /opt/airflow/dags/db_and_model_update_dag.py took 0.139 seconds
[2026-03-23T17:07:37.220+0000] {processor.py:186} INFO - Started process (PID=2699) to work on /opt/airflow/dags/db_and_model_update_dag.py
[2026-03-23T17:07:37.225+0000] {processor.py:914} INFO - Processing file /opt/airflow/dags/db_and_model_update_dag.py for tasks to queue
[2026-03-23T17:07:37.228+0000] {logging_mixin.py:190} INFO - [2026-03-23T17:07:37.227+0000] {dagbag.py:588} INFO - Filling up the DagBag from /opt/airflow/dags/db_and_model_update_dag.py
[2026-03-23T17:07:37.263+0000] {processor.py:925} INFO - DAG(s) 'db_and_model_update' retrieved from /opt/airflow/dags/db_and_model_update_dag.py
[2026-03-23T17:07:37.306+0000] {logging_mixin.py:190} INFO - [2026-03-23T17:07:37.305+0000] {dag.py:3239} INFO - Sync 1 DAGs
[2026-03-23T17:07:37.362+0000] {processor.py:208} INFO - Processing /opt/airflow/dags/db_and_model_update_dag.py took 0.150 seconds
[2026-03-23T17:08:08.056+0000] {processor.py:186} INFO - Started process (PID=2709) to work on /opt/airflow/dags/db_and_model_update_dag.py
[2026-03-23T17:08:08.058+0000] {processor.py:914} INFO - Processing file /opt/airflow/dags/db_and_model_update_dag.py for tasks to queue
[2026-03-23T17:08:08.060+0000] {logging_mixin.py:190} INFO - [2026-03-23T17:08:08.060+0000] {dagbag.py:588} INFO - Filling up the DagBag from /opt/airflow/dags/db_and_model_update_dag.py
[2026-03-23T17:08:08.078+0000] {processor.py:925} INFO - DAG(s) 'db_and_model_update' retrieved from /opt/airflow/dags/db_and_model_update_dag.py
[2026-03-23T17:08:08.110+0000] {logging_mixin.py:190} INFO - [2026-03-23T17:08:08.110+0000] {dag.py:3239} INFO - Sync 1 DAGs
[2026-03-23T17:08:08.150+0000] {processor.py:208} INFO - Processing /opt/airflow/dags/db_and_model_update_dag.py took 0.103 seconds
[2026-03-23T17:08:38.959+0000] {processor.py:186} INFO - Started process (PID=2719) to work on /opt/airflow/dags/db_and_model_update_dag.py
[2026-03-23T17:08:31.519+0000] {processor.py:914} INFO - Processing file /opt/airflow/dags/db_and_model_update_dag.py for tasks to queue
[2026-03-23T17:08:31.521+0000] {logging_mixin.py:190} INFO - [2026-03-23T17:08:31.521+0000] {dagbag.py:588} INFO - Filling up the DagBag from /opt/airflow/dags/db_and_model_update_dag.py
[2026-03-23T17:08:31.545+0000] {processor.py:925} INFO - DAG(s) 'db_and_model_update' retrieved from /opt/airflow/dags/db_and_model_update_dag.py
[2026-03-23T17:08:31.579+0000] {logging_mixin.py:190} INFO - [2026-03-23T17:08:31.579+0000] {dag.py:3239} INFO - Sync 1 DAGs
[2026-03-23T17:08:31.623+0000] {processor.py:208} INFO - Processing /opt/airflow/dags/db_and_model_update_dag.py took 0.112 seconds
[2026-03-23T17:09:01.937+0000] {processor.py:186} INFO - Started process (PID=2729) to work on /opt/airflow/dags/db_and_model_update_dag.py
[2026-03-23T17:09:01.939+0000] {processor.py:914} INFO - Processing file /opt/airflow/dags/db_and_model_update_dag.py for tasks to queue
[2026-03-23T17:09:01.941+0000] {logging_mixin.py:190} INFO - [2026-03-23T17:09:01.941+0000] {dagbag.py:588} INFO - Filling up the DagBag from /opt/airflow/dags/db_and_model_update_dag.py
[2026-03-23T17:09:01.963+0000] {processor.py:925} INFO - DAG(s) 'db_and_model_update' retrieved from /opt/airflow/dags/db_and_model_update_dag.py
[2026-03-23T17:09:01.995+0000] {logging_mixin.py:190} INFO - [2026-03-23T17:09:01.995+0000] {dag.py:3239} INFO - Sync 1 DAGs
[2026-03-23T17:09:02.048+0000] {processor.py:208} INFO - Processing /opt/airflow/dags/db_and_model_update_dag.py took 0.118 seconds
[2026-03-23T17:09:32.230+0000] {processor.py:186} INFO - Started process (PID=2739) to work on /opt/airflow/dags/db_and_model_update_dag.py
[2026-03-23T17:09:32.231+0000] {processor.py:914} INFO - Processing file /opt/airflow/dags/db_and_model_update_dag.py for tasks to queue
[2026-03-23T17:09:32.234+0000] {logging_mixin.py:190} INFO - [2026-03-23T17:09:32.234+0000] {dagbag.py:588} INFO - Filling up the DagBag from /opt/airflow/dags/db_and_model_update_dag.py
[2026-03-23T17:09:32.257+0000] {processor.py:925} INFO - DAG(s) 'db_and_model_update' retrieved from /opt/airflow/dags/db_and_model_update_dag.py
[2026-03-23T17:09:32.288+0000] {logging_mixin.py:190} INFO - [2026-03-23T17:09:32.288+0000] {dag.py:3239} INFO - Sync 1 DAGs
[2026-03-23T17:09:32.330+0000] {processor.py:208} INFO - Processing /opt/airflow/dags/db_and_model_update_dag.py took 0.108 seconds
[2026-03-23T17:10:09.074+0000] {processor.py:186} INFO - Started process (PID=2749) to work on /opt/airflow/dags/db_and_model_update_dag.py
[2026-03-23T17:10:09.075+0000] {processor.py:914} INFO - Processing file /opt/airflow/dags/db_and_model_update_dag.py for tasks to queue
[2026-03-23T17:10:09.078+0000] {logging_mixin.py:190} INFO - [2026-03-23T17:10:09.078+0000] {dagbag.py:588} INFO - Filling up the DagBag from /opt/airflow/dags/db_and_model_update_dag.py
[2026-03-23T17:10:09.099+0000] {processor.py:925} INFO - DAG(s) 'db_and_model_update' retrieved from /opt/airflow/dags/db_and_model_update_dag.py
[2026-03-23T17:10:01.688+0000] {logging_mixin.py:190} INFO - [2026-03-23T17:10:01.688+0000] {dag.py:3239} INFO - Sync 1 DAGs
[2026-03-23T17:10:01.735+0000] {processor.py:208} INFO - Processing /opt/airflow/dags/db_and_model_update_dag.py took 0.113 seconds
[2026-03-23T17:10:32.043+0000] {processor.py:186} INFO - Started process (PID=2759) to work on /opt/airflow/dags/db_and_model_update_dag.py
[2026-03-23T17:10:32.044+0000] {processor.py:914} INFO - Processing file /opt/airflow/dags/db_and_model_update_dag.py for tasks to queue
[2026-03-23T17:10:32.048+0000] {logging_mixin.py:190} INFO - [2026-03-23T17:10:32.048+0000] {dagbag.py:588} INFO - Filling up the DagBag from /opt/airflow/dags/db_and_model_update_dag.py
[2026-03-23T17:10:32.077+0000] {processor.py:925} INFO - DAG(s) 'db_and_model_update' retrieved from /opt/airflow/dags/db_and_model_update_dag.py
[2026-03-23T17:10:32.115+0000] {logging_mixin.py:190} INFO - [2026-03-23T17:10:32.115+0000] {dag.py:3239} INFO - Sync 1 DAGs
[2026-03-23T17:10:32.167+0000] {processor.py:208} INFO - Processing /opt/airflow/dags/db_and_model_update_dag.py took 0.134 seconds
[2026-03-23T17:11:02.475+0000] {processor.py:186} INFO - Started process (PID=2769) to work on /opt/airflow/dags/db_and_model_update_dag.py
[2026-03-23T17:11:02.476+0000] {processor.py:914} INFO - Processing file /opt/airflow/dags/db_and_model_update_dag.py for tasks to queue
[2026-03-23T17:11:02.479+0000] {logging_mixin.py:190} INFO - [2026-03-23T17:11:02.478+0000] {dagbag.py:588} INFO - Filling up the DagBag from /opt/airflow/dags/db_and_model_update_dag.py
[2026-03-23T17:11:02.505+0000] {processor.py:925} INFO - DAG(s) 'db_and_model_update' retrieved from /opt/airflow/dags/db_and_model_update_dag.py
[2026-03-23T17:11:02.535+0000] {logging_mixin.py:190} INFO - [2026-03-23T17:11:02.535+0000] {dag.py:3239} INFO - Sync 1 DAGs
[2026-03-23T17:11:02.578+0000] {processor.py:208} INFO - Processing /opt/airflow/dags/db_and_model_update_dag.py took 0.113 seconds
[2026-03-23T17:11:32.886+0000] {processor.py:186} INFO - Started process (PID=2779) to work on /opt/airflow/dags/db_and_model_update_dag.py
[2026-03-23T17:11:32.888+0000] {processor.py:914} INFO - Processing file /opt/airflow/dags/db_and_model_update_dag.py for tasks to queue
[2026-03-23T17:11:32.890+0000] {logging_mixin.py:190} INFO - [2026-03-23T17:11:32.890+0000] {dagbag.py:588} INFO - Filling up the DagBag from /opt/airflow/dags/db_and_model_update_dag.py
[2026-03-23T17:11:32.912+0000] {processor.py:925} INFO - DAG(s) 'db_and_model_update' retrieved from /opt/airflow/dags/db_and_model_update_dag.py
[2026-03-23T17:11:32.946+0000] {logging_mixin.py:190} INFO - [2026-03-23T17:11:32.946+0000] {dag.py:3239} INFO - Sync 1 DAGs
[2026-03-23T17:11:32.992+0000] {processor.py:208} INFO - Processing /opt/airflow/dags/db_and_model_update_dag.py took 0.115 seconds
[2026-03-23T17:12:04.271+0000] {processor.py:186} INFO - Started process (PID=2789) to work on /opt/airflow/dags/db_and_model_update_dag.py
[2026-03-23T17:12:04.272+0000] {processor.py:914} INFO - Processing file /opt/airflow/dags/db_and_model_update_dag.py for tasks to queue
[2026-03-23T17:12:04.274+0000] {logging_mixin.py:190} INFO - [2026-03-23T17:12:04.274+0000] {dagbag.py:588} INFO - Filling up the DagBag from /opt/airflow/dags/db_and_model_update_dag.py
[2026-03-23T17:12:04.295+0000] {processor.py:925} INFO - DAG(s) 'db_and_model_update' retrieved from /opt/airflow/dags/db_and_model_update_dag.py
[2026-03-23T17:12:04.330+0000] {logging_mixin.py:190} INFO - [2026-03-23T17:12:04.330+0000] {dag.py:3239} INFO - Sync 1 DAGs
[2026-03-23T17:12:04.378+0000] {processor.py:208} INFO - Processing /opt/airflow/dags/db_and_model_update_dag.py took 0.113 seconds
[2026-03-23T17:12:34.604+0000] {processor.py:186} INFO - Started process (PID=2799) to work on /opt/airflow/dags/db_and_model_update_dag.py
[2026-03-23T17:12:34.605+0000] {processor.py:914} INFO - Processing file /opt/airflow/dags/db_and_model_update_dag.py for tasks to queue
[2026-03-23T17:12:34.607+0000] {logging_mixin.py:190} INFO - [2026-03-23T17:12:34.607+0000] {dagbag.py:588} INFO - Filling up the DagBag from /opt/airflow/dags/db_and_model_update_dag.py
[2026-03-23T17:12:34.626+0000] {processor.py:925} INFO - DAG(s) 'db_and_model_update' retrieved from /opt/airflow/dags/db_and_model_update_dag.py
[2026-03-23T17:12:34.659+0000] {logging_mixin.py:190} INFO - [2026-03-23T17:12:34.658+0000] {dag.py:3239} INFO - Sync 1 DAGs
[2026-03-23T17:12:34.705+0000] {processor.py:208} INFO - Processing /opt/airflow/dags/db_and_model_update_dag.py took 0.107 seconds
[2026-03-23T17:13:01.979+0000] {processor.py:186} INFO - Started process (PID=2809) to work on /opt/airflow/dags/db_and_model_update_dag.py
[2026-03-23T17:13:01.980+0000] {processor.py:914} INFO - Processing file /opt/airflow/dags/db_and_model_update_dag.py for tasks to queue
[2026-03-23T17:13:01.982+0000] {logging_mixin.py:190} INFO - [2026-03-23T17:13:01.982+0000] {dagbag.py:588} INFO - Filling up the DagBag from /opt/airflow/dags/db_and_model_update_dag.py
[2026-03-23T17:13:02.001+0000] {processor.py:925} INFO - DAG(s) 'db_and_model_update' retrieved from /opt/airflow/dags/db_and_model_update_dag.py
[2026-03-23T17:13:02.038+0000] {logging_mixin.py:190} INFO - [2026-03-23T17:13:02.038+0000] {dag.py:3239} INFO - Sync 1 DAGs
[2026-03-23T17:13:02.090+0000] {processor.py:208} INFO - Processing /opt/airflow/dags/db_and_model_update_dag.py took 0.118 seconds
[2026-03-23T17:13:32.396+0000] {processor.py:186} INFO - Started process (PID=2819) to work on /opt/airflow/dags/db_and_model_update_dag.py
[2026-03-23T17:13:32.397+0000] {processor.py:914} INFO - Processing file /opt/airflow/dags/db_and_model_update_dag.py for tasks to queue
[2026-03-23T17:13:32.401+0000] {logging_mixin.py:190} INFO - [2026-03-23T17:13:32.401+0000] {dagbag.py:588} INFO - Filling up the DagBag from /opt/airflow/dags/db_and_model_update_dag.py
[2026-03-23T17:13:32.429+0000] {processor.py:925} INFO - DAG(s) 'db_and_model_update' retrieved from /opt/airflow/dags/db_and_model_update_dag.py
[2026-03-23T17:13:32.461+0000] {logging_mixin.py:190} INFO - [2026-03-23T17:13:32.461+0000] {dag.py:3239} INFO - Sync 1 DAGs
[2026-03-23T17:13:32.504+0000] {processor.py:208} INFO - Processing /opt/airflow/dags/db_and_model_update_dag.py took 0.116 seconds
[2026-03-23T17:14:02.822+0000] {processor.py:186} INFO - Started process (PID=2829) to work on /opt/airflow/dags/db_and_model_update_dag.py
[2026-03-23T17:14:02.824+0000] {processor.py:914} INFO - Processing file /opt/airflow/dags/db_and_model_update_dag.py for tasks to queue
[2026-03-23T17:14:02.827+0000] {logging_mixin.py:190} INFO - [2026-03-23T17:14:02.826+0000] {dagbag.py:588} INFO - Filling up the DagBag from /opt/airflow/dags/db_and_model_update_dag.py
[2026-03-23T17:14:02.854+0000] {processor.py:925} INFO - DAG(s) 'db_and_model_update' retrieved from /opt/airflow/dags/db_and_model_update_dag.py
[2026-03-23T17:14:02.901+0000] {logging_mixin.py:190} INFO - [2026-03-23T17:14:02.901+0000] {dag.py:3239} INFO - Sync 1 DAGs
[2026-03-23T17:14:02.945+0000] {processor.py:208} INFO - Processing /opt/airflow/dags/db_and_model_update_dag.py took 0.133 seconds
[2026-03-23T17:14:39.539+0000] {processor.py:186} INFO - Started process (PID=2839) to work on /opt/airflow/dags/db_and_model_update_dag.py
[2026-03-23T17:14:39.540+0000] {processor.py:914} INFO - Processing file /opt/airflow/dags/db_and_model_update_dag.py for tasks to queue
[2026-03-23T17:14:39.542+0000] {logging_mixin.py:190} INFO - [2026-03-23T17:14:39.541+0000] {dagbag.py:588} INFO - Filling up the DagBag from /opt/airflow/dags/db_and_model_update_dag.py
[2026-03-23T17:14:32.108+0000] {processor.py:925} INFO - DAG(s) 'db_and_model_update' retrieved from /opt/airflow/dags/db_and_model_update_dag.py
[2026-03-23T17:14:32.142+0000] {logging_mixin.py:190} INFO - [2026-03-23T17:14:32.142+0000] {dag.py:3239} INFO - Sync 1 DAGs
[2026-03-23T17:14:32.186+0000] {processor.py:208} INFO - Processing /opt/airflow/dags/db_and_model_update_dag.py took 0.111 seconds
[2026-03-23T17:15:02.356+0000] {processor.py:186} INFO - Started process (PID=2849) to work on /opt/airflow/dags/db_and_model_update_dag.py
[2026-03-23T17:15:02.357+0000] {processor.py:914} INFO - Processing file /opt/airflow/dags/db_and_model_update_dag.py for tasks to queue
[2026-03-23T17:15:02.360+0000] {logging_mixin.py:190} INFO - [2026-03-23T17:15:02.359+0000] {dagbag.py:588} INFO - Filling up the DagBag from /opt/airflow/dags/db_and_model_update_dag.py
[2026-03-23T17:15:02.379+0000] {processor.py:925} INFO - DAG(s) 'db_and_model_update' retrieved from /opt/airflow/dags/db_and_model_update_dag.py
[2026-03-23T17:15:02.411+0000] {logging_mixin.py:190} INFO - [2026-03-23T17:15:02.411+0000] {dag.py:3239} INFO - Sync 1 DAGs
[2026-03-23T17:15:02.453+0000] {processor.py:208} INFO - Processing /opt/airflow/dags/db_and_model_update_dag.py took 0.103 seconds
[2026-03-23T17:15:34.654+0000] {processor.py:186} INFO - Started process (PID=2859) to work on /opt/airflow/dags/db_and_model_update_dag.py
[2026-03-23T17:15:34.656+0000] {processor.py:914} INFO - Processing file /opt/airflow/dags/db_and_model_update_dag.py for tasks to queue
[2026-03-23T17:15:34.658+0000] {logging_mixin.py:190} INFO - [2026-03-23T17:15:34.658+0000] {dagbag.py:588} INFO - Filling up the DagBag from /opt/airflow/dags/db_and_model_update_dag.py
[2026-03-23T17:15:27.226+0000] {processor.py:925} INFO - DAG(s) 'db_and_model_update' retrieved from /opt/airflow/dags/db_and_model_update_dag.py
[2026-03-23T17:15:27.258+0000] {logging_mixin.py:190} INFO - [2026-03-23T17:15:27.258+0000] {dag.py:3239} INFO - Sync 1 DAGs
[2026-03-23T17:15:27.309+0000] {processor.py:208} INFO - Processing /opt/airflow/dags/db_and_model_update_dag.py took 0.118 seconds
[2026-03-23T17:15:57.624+0000] {processor.py:186} INFO - Started process (PID=2869) to work on /opt/airflow/dags/db_and_model_update_dag.py
[2026-03-23T17:15:57.625+0000] {processor.py:914} INFO - Processing file /opt/airflow/dags/db_and_model_update_dag.py for tasks to queue
[2026-03-23T17:15:57.627+0000] {logging_mixin.py:190} INFO - [2026-03-23T17:15:57.627+0000] {dagbag.py:588} INFO - Filling up the DagBag from /opt/airflow/dags/db_and_model_update_dag.py
[2026-03-23T17:15:57.647+0000] {processor.py:925} INFO - DAG(s) 'db_and_model_update' retrieved from /opt/airflow/dags/db_and_model_update_dag.py
[2026-03-23T17:15:57.682+0000] {logging_mixin.py:190} INFO - [2026-03-23T17:15:57.682+0000] {dag.py:3239} INFO - Sync 1 DAGs
[2026-03-23T17:15:57.724+0000] {processor.py:208} INFO - Processing /opt/airflow/dags/db_and_model_update_dag.py took 0.106 seconds
[2026-03-23T17:16:28.070+0000] {processor.py:186} INFO - Started process (PID=2879) to work on /opt/airflow/dags/db_and_model_update_dag.py
[2026-03-23T17:16:28.072+0000] {processor.py:914} INFO - Processing file /opt/airflow/dags/db_and_model_update_dag.py for tasks to queue
[2026-03-23T17:16:28.074+0000] {logging_mixin.py:190} INFO - [2026-03-23T17:16:28.073+0000] {dagbag.py:588} INFO - Filling up the DagBag from /opt/airflow/dags/db_and_model_update_dag.py
[2026-03-23T17:16:28.094+0000] {processor.py:925} INFO - DAG(s) 'db_and_model_update' retrieved from /opt/airflow/dags/db_and_model_update_dag.py
[2026-03-23T17:16:28.126+0000] {logging_mixin.py:190} INFO - [2026-03-23T17:16:28.125+0000] {dag.py:3239} INFO - Sync 1 DAGs
[2026-03-23T17:16:28.172+0000] {processor.py:208} INFO - Processing /opt/airflow/dags/db_and_model_update_dag.py took 0.109 seconds
[2026-03-23T17:17:04.805+0000] {processor.py:186} INFO - Started process (PID=2889) to work on /opt/airflow/dags/db_and_model_update_dag.py
[2026-03-23T17:17:04.807+0000] {processor.py:914} INFO - Processing file /opt/airflow/dags/db_and_model_update_dag.py for tasks to queue
[2026-03-23T17:17:04.809+0000] {logging_mixin.py:190} INFO - [2026-03-23T17:17:04.809+0000] {dagbag.py:588} INFO - Filling up the DagBag from /opt/airflow/dags/db_and_model_update_dag.py
[2026-03-23T17:16:57.374+0000] {processor.py:925} INFO - DAG(s) 'db_and_model_update' retrieved from /opt/airflow/dags/db_and_model_update_dag.py
[2026-03-23T17:16:57.415+0000] {logging_mixin.py:190} INFO - [2026-03-23T17:16:57.414+0000] {dag.py:3239} INFO - Sync 1 DAGs
[2026-03-23T17:16:57.499+0000] {processor.py:208} INFO - Processing /opt/airflow/dags/db_and_model_update_dag.py took 0.162 seconds
[2026-03-23T17:17:27.920+0000] {processor.py:186} INFO - Started process (PID=2899) to work on /opt/airflow/dags/db_and_model_update_dag.py
[2026-03-23T17:17:27.921+0000] {processor.py:914} INFO - Processing file /opt/airflow/dags/db_and_model_update_dag.py for tasks to queue
[2026-03-23T17:17:27.923+0000] {logging_mixin.py:190} INFO - [2026-03-23T17:17:27.923+0000] {dagbag.py:588} INFO - Filling up the DagBag from /opt/airflow/dags/db_and_model_update_dag.py
[2026-03-23T17:17:27.947+0000] {processor.py:925} INFO - DAG(s) 'db_and_model_update' retrieved from /opt/airflow/dags/db_and_model_update_dag.py
[2026-03-23T17:17:27.973+0000] {logging_mixin.py:190} INFO - [2026-03-23T17:17:27.973+0000] {dag.py:3239} INFO - Sync 1 DAGs
[2026-03-23T17:17:28.013+0000] {processor.py:208} INFO - Processing /opt/airflow/dags/db_and_model_update_dag.py took 0.099 seconds
[2026-03-23T17:17:58.211+0000] {processor.py:186} INFO - Started process (PID=2909) to work on /opt/airflow/dags/db_and_model_update_dag.py
[2026-03-23T17:17:58.212+0000] {processor.py:914} INFO - Processing file /opt/airflow/dags/db_and_model_update_dag.py for tasks to queue
[2026-03-23T17:17:58.215+0000] {logging_mixin.py:190} INFO - [2026-03-23T17:17:58.214+0000] {dagbag.py:588} INFO - Filling up the DagBag from /opt/airflow/dags/db_and_model_update_dag.py
[2026-03-23T17:17:58.234+0000] {processor.py:925} INFO - DAG(s) 'db_and_model_update' retrieved from /opt/airflow/dags/db_and_model_update_dag.py
[2026-03-23T17:17:58.265+0000] {logging_mixin.py:190} INFO - [2026-03-23T17:17:58.264+0000] {dag.py:3239} INFO - Sync 1 DAGs
[2026-03-23T17:17:58.306+0000] {processor.py:208} INFO - Processing /opt/airflow/dags/db_and_model_update_dag.py took 0.102 seconds
[2026-03-23T17:18:28.641+0000] {processor.py:186} INFO - Started process (PID=2919) to work on /opt/airflow/dags/db_and_model_update_dag.py
[2026-03-23T17:18:28.642+0000] {processor.py:914} INFO - Processing file /opt/airflow/dags/db_and_model_update_dag.py for tasks to queue
[2026-03-23T17:18:28.645+0000] {logging_mixin.py:190} INFO - [2026-03-23T17:18:28.644+0000] {dagbag.py:588} INFO - Filling up the DagBag from /opt/airflow/dags/db_and_model_update_dag.py
[2026-03-23T17:18:28.690+0000] {processor.py:925} INFO - DAG(s) 'db_and_model_update' retrieved from /opt/airflow/dags/db_and_model_update_dag.py
[2026-03-23T17:18:28.732+0000] {logging_mixin.py:190} INFO - [2026-03-23T17:18:28.732+0000] {dag.py:3239} INFO - Sync 1 DAGs
[2026-03-23T17:18:28.773+0000] {processor.py:208} INFO - Processing /opt/airflow/dags/db_and_model_update_dag.py took 0.141 seconds
[2026-03-23T17:18:59.968+0000] {processor.py:186} INFO - Started process (PID=2929) to work on /opt/airflow/dags/db_and_model_update_dag.py
[2026-03-23T17:18:59.970+0000] {processor.py:914} INFO - Processing file /opt/airflow/dags/db_and_model_update_dag.py for tasks to queue
[2026-03-23T17:18:59.972+0000] {logging_mixin.py:190} INFO - [2026-03-23T17:18:59.972+0000] {dagbag.py:588} INFO - Filling up the DagBag from /opt/airflow/dags/db_and_model_update_dag.py
[2026-03-23T17:18:59.992+0000] {processor.py:925} INFO - DAG(s) 'db_and_model_update' retrieved from /opt/airflow/dags/db_and_model_update_dag.py
[2026-03-23T17:18:52.563+0000] {logging_mixin.py:190} INFO - [2026-03-23T17:18:52.563+0000] {dag.py:3239} INFO - Sync 1 DAGs
[2026-03-23T17:18:52.615+0000] {processor.py:208} INFO - Processing /opt/airflow/dags/db_and_model_update_dag.py took 0.118 seconds
[2026-03-23T17:19:22.933+0000] {processor.py:186} INFO - Started process (PID=2939) to work on /opt/airflow/dags/db_and_model_update_dag.py
[2026-03-23T17:19:22.934+0000] {processor.py:914} INFO - Processing file /opt/airflow/dags/db_and_model_update_dag.py for tasks to queue
[2026-03-23T17:19:22.937+0000] {logging_mixin.py:190} INFO - [2026-03-23T17:19:22.937+0000] {dagbag.py:588} INFO - Filling up the DagBag from /opt/airflow/dags/db_and_model_update_dag.py
[2026-03-23T17:19:22.961+0000] {processor.py:925} INFO - DAG(s) 'db_and_model_update' retrieved from /opt/airflow/dags/db_and_model_update_dag.py
[2026-03-23T17:19:22.993+0000] {logging_mixin.py:190} INFO - [2026-03-23T17:19:22.993+0000] {dag.py:3239} INFO - Sync 1 DAGs
[2026-03-23T17:19:23.034+0000] {processor.py:208} INFO - Processing /opt/airflow/dags/db_and_model_update_dag.py took 0.110 seconds
[2026-03-23T17:19:53.354+0000] {processor.py:186} INFO - Started process (PID=2949) to work on /opt/airflow/dags/db_and_model_update_dag.py
[2026-03-23T17:19:53.355+0000] {processor.py:914} INFO - Processing file /opt/airflow/dags/db_and_model_update_dag.py for tasks to queue
[2026-03-23T17:19:53.358+0000] {logging_mixin.py:190} INFO - [2026-03-23T17:19:53.358+0000] {dagbag.py:588} INFO - Filling up the DagBag from /opt/airflow/dags/db_and_model_update_dag.py
[2026-03-23T17:19:53.377+0000] {processor.py:925} INFO - DAG(s) 'db_and_model_update' retrieved from /opt/airflow/dags/db_and_model_update_dag.py
[2026-03-23T17:19:53.410+0000] {logging_mixin.py:190} INFO - [2026-03-23T17:19:53.410+0000] {dag.py:3239} INFO - Sync 1 DAGs
[2026-03-23T17:19:53.452+0000] {processor.py:208} INFO - Processing /opt/airflow/dags/db_and_model_update_dag.py took 0.107 seconds
[2026-03-23T17:20:23.776+0000] {processor.py:186} INFO - Started process (PID=2959) to work on /opt/airflow/dags/db_and_model_update_dag.py
[2026-03-23T17:20:23.777+0000] {processor.py:914} INFO - Processing file /opt/airflow/dags/db_and_model_update_dag.py for tasks to queue
[2026-03-23T17:20:23.779+0000] {logging_mixin.py:190} INFO - [2026-03-23T17:20:23.779+0000] {dagbag.py:588} INFO - Filling up the DagBag from /opt/airflow/dags/db_and_model_update_dag.py
[2026-03-23T17:20:23.800+0000] {processor.py:925} INFO - DAG(s) 'db_and_model_update' retrieved from /opt/airflow/dags/db_and_model_update_dag.py
[2026-03-23T17:20:23.833+0000] {logging_mixin.py:190} INFO - [2026-03-23T17:20:23.833+0000] {dag.py:3239} INFO - Sync 1 DAGs
[2026-03-23T17:20:23.876+0000] {processor.py:208} INFO - Processing /opt/airflow/dags/db_and_model_update_dag.py took 0.108 seconds
[2026-03-23T17:20:54.216+0000] {processor.py:186} INFO - Started process (PID=2969) to work on /opt/airflow/dags/db_and_model_update_dag.py
[2026-03-23T17:20:54.217+0000] {processor.py:914} INFO - Processing file /opt/airflow/dags/db_and_model_update_dag.py for tasks to queue
[2026-03-23T17:20:54.220+0000] {logging_mixin.py:190} INFO - [2026-03-23T17:20:54.219+0000] {dagbag.py:588} INFO - Filling up the DagBag from /opt/airflow/dags/db_and_model_update_dag.py
[2026-03-23T17:20:54.261+0000] {processor.py:925} INFO - DAG(s) 'db_and_model_update' retrieved from /opt/airflow/dags/db_and_model_update_dag.py
[2026-03-23T17:20:54.307+0000] {logging_mixin.py:190} INFO - [2026-03-23T17:20:54.306+0000] {dag.py:3239} INFO - Sync 1 DAGs
[2026-03-23T17:20:54.371+0000] {processor.py:208} INFO - Processing /opt/airflow/dags/db_and_model_update_dag.py took 0.162 seconds
[2026-03-23T17:21:24.703+0000] {processor.py:186} INFO - Started process (PID=2979) to work on /opt/airflow/dags/db_and_model_update_dag.py
[2026-03-23T17:21:24.705+0000] {processor.py:914} INFO - Processing file /opt/airflow/dags/db_and_model_update_dag.py for tasks to queue
[2026-03-23T17:21:24.708+0000] {logging_mixin.py:190} INFO - [2026-03-23T17:21:24.707+0000] {dagbag.py:588} INFO - Filling up the DagBag from /opt/airflow/dags/db_and_model_update_dag.py
[2026-03-23T17:21:24.730+0000] {processor.py:925} INFO - DAG(s) 'db_and_model_update' retrieved from /opt/airflow/dags/db_and_model_update_dag.py
[2026-03-23T17:21:24.767+0000] {logging_mixin.py:190} INFO - [2026-03-23T17:21:24.766+0000] {dag.py:3239} INFO - Sync 1 DAGs
[2026-03-23T17:21:24.815+0000] {processor.py:208} INFO - Processing /opt/airflow/dags/db_and_model_update_dag.py took 0.120 seconds
[2026-03-23T17:21:55.144+0000] {processor.py:186} INFO - Started process (PID=2989) to work on /opt/airflow/dags/db_and_model_update_dag.py
[2026-03-23T17:21:55.146+0000] {processor.py:914} INFO - Processing file /opt/airflow/dags/db_and_model_update_dag.py for tasks to queue
[2026-03-23T17:21:55.150+0000] {logging_mixin.py:190} INFO - [2026-03-23T17:21:55.149+0000] {dagbag.py:588} INFO - Filling up the DagBag from /opt/airflow/dags/db_and_model_update_dag.py
[2026-03-23T17:21:55.172+0000] {processor.py:925} INFO - DAG(s) 'db_and_model_update' retrieved from /opt/airflow/dags/db_and_model_update_dag.py
[2026-03-23T17:21:55.202+0000] {logging_mixin.py:190} INFO - [2026-03-23T17:21:55.202+0000] {dag.py:3239} INFO - Sync 1 DAGs
[2026-03-23T17:21:55.256+0000] {processor.py:208} INFO - Processing /opt/airflow/dags/db_and_model_update_dag.py took 0.119 seconds
[2026-03-23T17:22:23.429+0000] {processor.py:186} INFO - Started process (PID=2999) to work on /opt/airflow/dags/db_and_model_update_dag.py
[2026-03-23T17:22:23.430+0000] {processor.py:914} INFO - Processing file /opt/airflow/dags/db_and_model_update_dag.py for tasks to queue
[2026-03-23T17:22:23.438+0000] {logging_mixin.py:190} INFO - [2026-03-23T17:22:23.437+0000] {dagbag.py:588} INFO - Filling up the DagBag from /opt/airflow/dags/db_and_model_update_dag.py
[2026-03-23T17:22:23.461+0000] {processor.py:925} INFO - DAG(s) 'db_and_model_update' retrieved from /opt/airflow/dags/db_and_model_update_dag.py
[2026-03-23T17:22:23.497+0000] {logging_mixin.py:190} INFO - [2026-03-23T17:22:23.497+0000] {dag.py:3239} INFO - Sync 1 DAGs
[2026-03-23T17:22:23.570+0000] {processor.py:208} INFO - Processing /opt/airflow/dags/db_and_model_update_dag.py took 0.151 seconds
[2026-03-23T17:23:00.391+0000] {processor.py:186} INFO - Started process (PID=3009) to work on /opt/airflow/dags/db_and_model_update_dag.py
[2026-03-23T17:23:00.393+0000] {processor.py:914} INFO - Processing file /opt/airflow/dags/db_and_model_update_dag.py for tasks to queue
[2026-03-23T17:23:00.396+0000] {logging_mixin.py:190} INFO - [2026-03-23T17:23:00.395+0000] {dagbag.py:588} INFO - Filling up the DagBag from /opt/airflow/dags/db_and_model_update_dag.py
[2026-03-23T17:23:00.415+0000] {processor.py:925} INFO - DAG(s) 'db_and_model_update' retrieved from /opt/airflow/dags/db_and_model_update_dag.py
[2026-03-23T17:23:00.448+0000] {logging_mixin.py:190} INFO - [2026-03-23T17:23:00.448+0000] {dag.py:3239} INFO - Sync 1 DAGs
[2026-03-23T17:22:52.988+0000] {processor.py:208} INFO - Processing /opt/airflow/dags/db_and_model_update_dag.py took 0.113 seconds
[2026-03-23T17:23:23.334+0000] {processor.py:186} INFO - Started process (PID=3019) to work on /opt/airflow/dags/db_and_model_update_dag.py
[2026-03-23T17:23:23.336+0000] {processor.py:914} INFO - Processing file /opt/airflow/dags/db_and_model_update_dag.py for tasks to queue
[2026-03-23T17:23:23.338+0000] {logging_mixin.py:190} INFO - [2026-03-23T17:23:23.338+0000] {dagbag.py:588} INFO - Filling up the DagBag from /opt/airflow/dags/db_and_model_update_dag.py
[2026-03-23T17:23:23.359+0000] {processor.py:925} INFO - DAG(s) 'db_and_model_update' retrieved from /opt/airflow/dags/db_and_model_update_dag.py
[2026-03-23T17:23:23.387+0000] {logging_mixin.py:190} INFO - [2026-03-23T17:23:23.387+0000] {dag.py:3239} INFO - Sync 1 DAGs
[2026-03-23T17:23:23.424+0000] {processor.py:208} INFO - Processing /opt/airflow/dags/db_and_model_update_dag.py took 0.097 seconds
[2026-03-23T17:23:53.741+0000] {processor.py:186} INFO - Started process (PID=3029) to work on /opt/airflow/dags/db_and_model_update_dag.py
[2026-03-23T17:23:53.743+0000] {processor.py:914} INFO - Processing file /opt/airflow/dags/db_and_model_update_dag.py for tasks to queue
[2026-03-23T17:23:53.746+0000] {logging_mixin.py:190} INFO - [2026-03-23T17:23:53.746+0000] {dagbag.py:588} INFO - Filling up the DagBag from /opt/airflow/dags/db_and_model_update_dag.py
[2026-03-23T17:23:53.767+0000] {processor.py:925} INFO - DAG(s) 'db_and_model_update' retrieved from /opt/airflow/dags/db_and_model_update_dag.py
[2026-03-23T17:23:53.800+0000] {logging_mixin.py:190} INFO - [2026-03-23T17:23:53.799+0000] {dag.py:3239} INFO - Sync 1 DAGs
[2026-03-23T17:23:53.852+0000] {processor.py:208} INFO - Processing /opt/airflow/dags/db_and_model_update_dag.py took 0.121 seconds
[2026-03-23T17:24:23.063+0000] {processor.py:186} INFO - Started process (PID=3039) to work on /opt/airflow/dags/db_and_model_update_dag.py
[2026-03-23T17:24:23.065+0000] {processor.py:914} INFO - Processing file /opt/airflow/dags/db_and_model_update_dag.py for tasks to queue
[2026-03-23T17:24:23.067+0000] {logging_mixin.py:190} INFO - [2026-03-23T17:24:23.067+0000] {dagbag.py:588} INFO - Filling up the DagBag from /opt/airflow/dags/db_and_model_update_dag.py
[2026-03-23T17:24:23.088+0000] {processor.py:925} INFO - DAG(s) 'db_and_model_update' retrieved from /opt/airflow/dags/db_and_model_update_dag.py
[2026-03-23T17:24:23.121+0000] {logging_mixin.py:190} INFO - [2026-03-23T17:24:23.120+0000] {dag.py:3239} INFO - Sync 1 DAGs
[2026-03-23T17:24:23.164+0000] {processor.py:208} INFO - Processing /opt/airflow/dags/db_and_model_update_dag.py took 0.109 seconds
[2026-03-23T17:24:53.475+0000] {processor.py:186} INFO - Started process (PID=3049) to work on /opt/airflow/dags/db_and_model_update_dag.py
[2026-03-23T17:24:53.476+0000] {processor.py:914} INFO - Processing file /opt/airflow/dags/db_and_model_update_dag.py for tasks to queue
[2026-03-23T17:24:53.479+0000] {logging_mixin.py:190} INFO - [2026-03-23T17:24:53.478+0000] {dagbag.py:588} INFO - Filling up the DagBag from /opt/airflow/dags/db_and_model_update_dag.py
[2026-03-23T17:24:53.500+0000] {processor.py:925} INFO - DAG(s) 'db_and_model_update' retrieved from /opt/airflow/dags/db_and_model_update_dag.py
[2026-03-23T17:24:53.540+0000] {logging_mixin.py:190} INFO - [2026-03-23T17:24:53.539+0000] {dag.py:3239} INFO - Sync 1 DAGs
[2026-03-23T17:24:53.582+0000] {processor.py:208} INFO - Processing /opt/airflow/dags/db_and_model_update_dag.py took 0.115 seconds
[2026-03-23T17:25:18.203+0000] {processor.py:186} INFO - Started process (PID=3059) to work on /opt/airflow/dags/db_and_model_update_dag.py
[2026-03-23T17:25:18.205+0000] {processor.py:914} INFO - Processing file /opt/airflow/dags/db_and_model_update_dag.py for tasks to queue
[2026-03-23T17:25:18.207+0000] {logging_mixin.py:190} INFO - [2026-03-23T17:25:18.207+0000] {dagbag.py:588} INFO - Filling up the DagBag from /opt/airflow/dags/db_and_model_update_dag.py
[2026-03-23T17:25:18.241+0000] {processor.py:925} INFO - DAG(s) 'db_and_model_update' retrieved from /opt/airflow/dags/db_and_model_update_dag.py
[2026-03-23T17:25:18.288+0000] {logging_mixin.py:190} INFO - [2026-03-23T17:25:18.288+0000] {dag.py:3239} INFO - Sync 1 DAGs
[2026-03-23T17:25:18.340+0000] {processor.py:208} INFO - Processing /opt/airflow/dags/db_and_model_update_dag.py took 0.145 seconds
[2026-03-23T17:25:48.659+0000] {processor.py:186} INFO - Started process (PID=3069) to work on /opt/airflow/dags/db_and_model_update_dag.py
[2026-03-23T17:25:48.661+0000] {processor.py:914} INFO - Processing file /opt/airflow/dags/db_and_model_update_dag.py for tasks to queue
[2026-03-23T17:25:48.663+0000] {logging_mixin.py:190} INFO - [2026-03-23T17:25:48.663+0000] {dagbag.py:588} INFO - Filling up the DagBag from /opt/airflow/dags/db_and_model_update_dag.py
[2026-03-23T17:25:48.684+0000] {processor.py:925} INFO - DAG(s) 'db_and_model_update' retrieved from /opt/airflow/dags/db_and_model_update_dag.py
[2026-03-23T17:25:48.718+0000] {logging_mixin.py:190} INFO - [2026-03-23T17:25:48.717+0000] {dag.py:3239} INFO - Sync 1 DAGs
[2026-03-23T17:25:48.766+0000] {processor.py:208} INFO - Processing /opt/airflow/dags/db_and_model_update_dag.py took 0.116 seconds
[2026-03-23T17:26:18.989+0000] {processor.py:186} INFO - Started process (PID=3079) to work on /opt/airflow/dags/db_and_model_update_dag.py
[2026-03-23T17:26:18.991+0000] {processor.py:914} INFO - Processing file /opt/airflow/dags/db_and_model_update_dag.py for tasks to queue
[2026-03-23T17:26:18.993+0000] {logging_mixin.py:190} INFO - [2026-03-23T17:26:18.993+0000] {dagbag.py:588} INFO - Filling up the DagBag from /opt/airflow/dags/db_and_model_update_dag.py
[2026-03-23T17:26:19.018+0000] {processor.py:925} INFO - DAG(s) 'db_and_model_update' retrieved from /opt/airflow/dags/db_and_model_update_dag.py
[2026-03-23T17:26:19.053+0000] {logging_mixin.py:190} INFO - [2026-03-23T17:26:19.053+0000] {dag.py:3239} INFO - Sync 1 DAGs
[2026-03-23T17:26:19.096+0000] {processor.py:208} INFO - Processing /opt/airflow/dags/db_and_model_update_dag.py took 0.115 seconds
[2026-03-23T17:26:48.355+0000] {processor.py:186} INFO - Started process (PID=3089) to work on /opt/airflow/dags/db_and_model_update_dag.py
[2026-03-23T17:26:48.357+0000] {processor.py:914} INFO - Processing file /opt/airflow/dags/db_and_model_update_dag.py for tasks to queue
[2026-03-23T17:26:48.360+0000] {logging_mixin.py:190} INFO - [2026-03-23T17:26:48.360+0000] {dagbag.py:588} INFO - Filling up the DagBag from /opt/airflow/dags/db_and_model_update_dag.py
[2026-03-23T17:26:48.393+0000] {processor.py:925} INFO - DAG(s) 'db_and_model_update' retrieved from /opt/airflow/dags/db_and_model_update_dag.py
[2026-03-23T17:26:48.434+0000] {logging_mixin.py:190} INFO - [2026-03-23T17:26:48.433+0000] {dag.py:3239} INFO - Sync 1 DAGs
[2026-03-23T17:26:48.474+0000] {processor.py:208} INFO - Processing /opt/airflow/dags/db_and_model_update_dag.py took 0.126 seconds
[2026-03-23T17:27:18.816+0000] {processor.py:186} INFO - Started process (PID=3099) to work on /opt/airflow/dags/db_and_model_update_dag.py
[2026-03-23T17:27:18.818+0000] {processor.py:914} INFO - Processing file /opt/airflow/dags/db_and_model_update_dag.py for tasks to queue
[2026-03-23T17:27:18.821+0000] {logging_mixin.py:190} INFO - [2026-03-23T17:27:18.820+0000] {dagbag.py:588} INFO - Filling up the DagBag from /opt/airflow/dags/db_and_model_update_dag.py
[2026-03-23T17:27:18.843+0000] {processor.py:925} INFO - DAG(s) 'db_and_model_update' retrieved from /opt/airflow/dags/db_and_model_update_dag.py
[2026-03-23T17:27:18.879+0000] {logging_mixin.py:190} INFO - [2026-03-23T17:27:18.878+0000] {dag.py:3239} INFO - Sync 1 DAGs
[2026-03-23T17:27:18.929+0000] {processor.py:208} INFO - Processing /opt/airflow/dags/db_and_model_update_dag.py took 0.130 seconds
[2026-03-23T17:27:49.279+0000] {processor.py:186} INFO - Started process (PID=3109) to work on /opt/airflow/dags/db_and_model_update_dag.py
[2026-03-23T17:27:49.280+0000] {processor.py:914} INFO - Processing file /opt/airflow/dags/db_and_model_update_dag.py for tasks to queue
[2026-03-23T17:27:49.283+0000] {logging_mixin.py:190} INFO - [2026-03-23T17:27:49.283+0000] {dagbag.py:588} INFO - Filling up the DagBag from /opt/airflow/dags/db_and_model_update_dag.py
[2026-03-23T17:27:49.312+0000] {processor.py:925} INFO - DAG(s) 'db_and_model_update' retrieved from /opt/airflow/dags/db_and_model_update_dag.py
[2026-03-23T17:27:49.357+0000] {logging_mixin.py:190} INFO - [2026-03-23T17:27:49.357+0000] {dag.py:3239} INFO - Sync 1 DAGs
[2026-03-23T17:27:49.403+0000] {processor.py:208} INFO - Processing /opt/airflow/dags/db_and_model_update_dag.py took 0.132 seconds
[2026-03-23T17:28:19.569+0000] {processor.py:186} INFO - Started process (PID=3119) to work on /opt/airflow/dags/db_and_model_update_dag.py
[2026-03-23T17:28:19.570+0000] {processor.py:914} INFO - Processing file /opt/airflow/dags/db_and_model_update_dag.py for tasks to queue
[2026-03-23T17:28:19.572+0000] {logging_mixin.py:190} INFO - [2026-03-23T17:28:19.572+0000] {dagbag.py:588} INFO - Filling up the DagBag from /opt/airflow/dags/db_and_model_update_dag.py
[2026-03-23T17:28:19.593+0000] {processor.py:925} INFO - DAG(s) 'db_and_model_update' retrieved from /opt/airflow/dags/db_and_model_update_dag.py
[2026-03-23T17:28:19.629+0000] {logging_mixin.py:190} INFO - [2026-03-23T17:28:19.629+0000] {dag.py:3239} INFO - Sync 1 DAGs
[2026-03-23T17:28:19.674+0000] {processor.py:208} INFO - Processing /opt/airflow/dags/db_and_model_update_dag.py took 0.113 seconds
[2026-03-23T17:28:45.274+0000] {processor.py:186} INFO - Started process (PID=3129) to work on /opt/airflow/dags/db_and_model_update_dag.py
[2026-03-23T17:28:45.276+0000] {processor.py:914} INFO - Processing file /opt/airflow/dags/db_and_model_update_dag.py for tasks to queue
[2026-03-23T17:28:45.278+0000] {logging_mixin.py:190} INFO - [2026-03-23T17:28:45.278+0000] {dagbag.py:588} INFO - Filling up the DagBag from /opt/airflow/dags/db_and_model_update_dag.py
[2026-03-23T17:28:45.318+0000] {processor.py:925} INFO - DAG(s) 'db_and_model_update' retrieved from /opt/airflow/dags/db_and_model_update_dag.py
[2026-03-23T17:28:45.389+0000] {logging_mixin.py:190} INFO - [2026-03-23T17:28:45.388+0000] {dag.py:3239} INFO - Sync 1 DAGs
[2026-03-23T17:28:45.436+0000] {processor.py:208} INFO - Processing /opt/airflow/dags/db_and_model_update_dag.py took 0.171 seconds
[2026-03-23T17:29:15.912+0000] {processor.py:186} INFO - Started process (PID=3139) to work on /opt/airflow/dags/db_and_model_update_dag.py
[2026-03-23T17:29:15.914+0000] {processor.py:914} INFO - Processing file /opt/airflow/dags/db_and_model_update_dag.py for tasks to queue
[2026-03-23T17:29:15.917+0000] {logging_mixin.py:190} INFO - [2026-03-23T17:29:15.917+0000] {dagbag.py:588} INFO - Filling up the DagBag from /opt/airflow/dags/db_and_model_update_dag.py
[2026-03-23T17:29:15.944+0000] {processor.py:925} INFO - DAG(s) 'db_and_model_update' retrieved from /opt/airflow/dags/db_and_model_update_dag.py
[2026-03-23T17:29:15.976+0000] {logging_mixin.py:190} INFO - [2026-03-23T17:29:15.976+0000] {dag.py:3239} INFO - Sync 1 DAGs
[2026-03-23T17:29:16.023+0000] {processor.py:208} INFO - Processing /opt/airflow/dags/db_and_model_update_dag.py took 0.119 seconds
[2026-03-23T17:29:46.355+0000] {processor.py:186} INFO - Started process (PID=3149) to work on /opt/airflow/dags/db_and_model_update_dag.py
[2026-03-23T17:29:46.356+0000] {processor.py:914} INFO - Processing file /opt/airflow/dags/db_and_model_update_dag.py for tasks to queue
[2026-03-23T17:29:46.363+0000] {logging_mixin.py:190} INFO - [2026-03-23T17:29:46.362+0000] {dagbag.py:588} INFO - Filling up the DagBag from /opt/airflow/dags/db_and_model_update_dag.py
[2026-03-23T17:29:46.391+0000] {processor.py:925} INFO - DAG(s) 'db_and_model_update' retrieved from /opt/airflow/dags/db_and_model_update_dag.py
[2026-03-23T17:29:46.422+0000] {logging_mixin.py:190} INFO - [2026-03-23T17:29:46.422+0000] {dag.py:3239} INFO - Sync 1 DAGs
[2026-03-23T17:29:46.464+0000] {processor.py:208} INFO - Processing /opt/airflow/dags/db_and_model_update_dag.py took 0.118 seconds
[2026-03-23T17:30:16.701+0000] {processor.py:186} INFO - Started process (PID=3159) to work on /opt/airflow/dags/db_and_model_update_dag.py
[2026-03-23T17:30:16.702+0000] {processor.py:914} INFO - Processing file /opt/airflow/dags/db_and_model_update_dag.py for tasks to queue
[2026-03-23T17:30:16.705+0000] {logging_mixin.py:190} INFO - [2026-03-23T17:30:16.705+0000] {dagbag.py:588} INFO - Filling up the DagBag from /opt/airflow/dags/db_and_model_update_dag.py
[2026-03-23T17:30:16.726+0000] {processor.py:925} INFO - DAG(s) 'db_and_model_update' retrieved from /opt/airflow/dags/db_and_model_update_dag.py
[2026-03-23T17:30:16.761+0000] {logging_mixin.py:190} INFO - [2026-03-23T17:30:16.761+0000] {dag.py:3239} INFO - Sync 1 DAGs
[2026-03-23T17:30:16.814+0000] {processor.py:208} INFO - Processing /opt/airflow/dags/db_and_model_update_dag.py took 0.122 seconds
[2026-03-23T17:30:47.046+0000] {processor.py:186} INFO - Started process (PID=3169) to work on /opt/airflow/dags/db_and_model_update_dag.py
[2026-03-23T17:30:47.047+0000] {processor.py:914} INFO - Processing file /opt/airflow/dags/db_and_model_update_dag.py for tasks to queue
[2026-03-23T17:30:47.049+0000] {logging_mixin.py:190} INFO - [2026-03-23T17:30:47.048+0000] {dagbag.py:588} INFO - Filling up the DagBag from /opt/airflow/dags/db_and_model_update_dag.py
[2026-03-23T17:30:47.067+0000] {processor.py:925} INFO - DAG(s) 'db_and_model_update' retrieved from /opt/airflow/dags/db_and_model_update_dag.py
[2026-03-23T17:30:47.097+0000] {logging_mixin.py:190} INFO - [2026-03-23T17:30:47.096+0000] {dag.py:3239} INFO - Sync 1 DAGs
[2026-03-23T17:30:47.137+0000] {processor.py:208} INFO - Processing /opt/airflow/dags/db_and_model_update_dag.py took 0.098 seconds
[2026-03-23T17:31:17.439+0000] {processor.py:186} INFO - Started process (PID=3179) to work on /opt/airflow/dags/db_and_model_update_dag.py
[2026-03-23T17:31:17.440+0000] {processor.py:914} INFO - Processing file /opt/airflow/dags/db_and_model_update_dag.py for tasks to queue
[2026-03-23T17:31:17.443+0000] {logging_mixin.py:190} INFO - [2026-03-23T17:31:17.442+0000] {dagbag.py:588} INFO - Filling up the DagBag from /opt/airflow/dags/db_and_model_update_dag.py
[2026-03-23T17:31:17.469+0000] {processor.py:925} INFO - DAG(s) 'db_and_model_update' retrieved from /opt/airflow/dags/db_and_model_update_dag.py
[2026-03-23T17:31:17.502+0000] {logging_mixin.py:190} INFO - [2026-03-23T17:31:17.502+0000] {dag.py:3239} INFO - Sync 1 DAGs
[2026-03-23T17:31:17.544+0000] {processor.py:208} INFO - Processing /opt/airflow/dags/db_and_model_update_dag.py took 0.113 seconds
[2026-03-23T17:31:51.300+0000] {processor.py:186} INFO - Started process (PID=3189) to work on /opt/airflow/dags/db_and_model_update_dag.py
[2026-03-23T17:31:51.301+0000] {processor.py:914} INFO - Processing file /opt/airflow/dags/db_and_model_update_dag.py for tasks to queue
[2026-03-23T17:31:51.304+0000] {logging_mixin.py:190} INFO - [2026-03-23T17:31:51.304+0000] {dagbag.py:588} INFO - Filling up the DagBag from /opt/airflow/dags/db_and_model_update_dag.py
[2026-03-23T17:31:43.836+0000] {processor.py:925} INFO - DAG(s) 'db_and_model_update' retrieved from /opt/airflow/dags/db_and_model_update_dag.py
[2026-03-23T17:31:43.868+0000] {logging_mixin.py:190} INFO - [2026-03-23T17:31:43.868+0000] {dag.py:3239} INFO - Sync 1 DAGs
[2026-03-23T17:31:43.914+0000] {processor.py:208} INFO - Processing /opt/airflow/dags/db_and_model_update_dag.py took 0.115 seconds
[2026-03-23T17:32:14.282+0000] {processor.py:186} INFO - Started process (PID=3199) to work on /opt/airflow/dags/db_and_model_update_dag.py
[2026-03-23T17:32:14.283+0000] {processor.py:914} INFO - Processing file /opt/airflow/dags/db_and_model_update_dag.py for tasks to queue
[2026-03-23T17:32:14.289+0000] {logging_mixin.py:190} INFO - [2026-03-23T17:32:14.289+0000] {dagbag.py:588} INFO - Filling up the DagBag from /opt/airflow/dags/db_and_model_update_dag.py
[2026-03-23T17:32:14.325+0000] {processor.py:925} INFO - DAG(s) 'db_and_model_update' retrieved from /opt/airflow/dags/db_and_model_update_dag.py
[2026-03-23T17:32:14.358+0000] {logging_mixin.py:190} INFO - [2026-03-23T17:32:14.358+0000] {dag.py:3239} INFO - Sync 1 DAGs
[2026-03-23T17:32:14.406+0000] {processor.py:208} INFO - Processing /opt/airflow/dags/db_and_model_update_dag.py took 0.136 seconds
[2026-03-23T17:32:44.601+0000] {processor.py:186} INFO - Started process (PID=3209) to work on /opt/airflow/dags/db_and_model_update_dag.py
[2026-03-23T17:32:44.603+0000] {processor.py:914} INFO - Processing file /opt/airflow/dags/db_and_model_update_dag.py for tasks to queue
[2026-03-23T17:32:44.607+0000] {logging_mixin.py:190} INFO - [2026-03-23T17:32:44.606+0000] {dagbag.py:588} INFO - Filling up the DagBag from /opt/airflow/dags/db_and_model_update_dag.py
[2026-03-23T17:32:44.631+0000] {processor.py:925} INFO - DAG(s) 'db_and_model_update' retrieved from /opt/airflow/dags/db_and_model_update_dag.py
[2026-03-23T17:32:44.666+0000] {logging_mixin.py:190} INFO - [2026-03-23T17:32:44.666+0000] {dag.py:3239} INFO - Sync 1 DAGs
[2026-03-23T17:32:44.722+0000] {processor.py:208} INFO - Processing /opt/airflow/dags/db_and_model_update_dag.py took 0.130 seconds
[2026-03-23T17:33:15.054+0000] {processor.py:186} INFO - Started process (PID=3219) to work on /opt/airflow/dags/db_and_model_update_dag.py
[2026-03-23T17:33:15.055+0000] {processor.py:914} INFO - Processing file /opt/airflow/dags/db_and_model_update_dag.py for tasks to queue
[2026-03-23T17:33:15.058+0000] {logging_mixin.py:190} INFO - [2026-03-23T17:33:15.058+0000] {dagbag.py:588} INFO - Filling up the DagBag from /opt/airflow/dags/db_and_model_update_dag.py
[2026-03-23T17:33:15.080+0000] {processor.py:925} INFO - DAG(s) 'db_and_model_update' retrieved from /opt/airflow/dags/db_and_model_update_dag.py
[2026-03-23T17:33:15.112+0000] {logging_mixin.py:190} INFO - [2026-03-23T17:33:15.111+0000] {dag.py:3239} INFO - Sync 1 DAGs
[2026-03-23T17:33:15.153+0000] {processor.py:208} INFO - Processing /opt/airflow/dags/db_and_model_update_dag.py took 0.110 seconds
[2026-03-23T17:33:46.408+0000] {processor.py:186} INFO - Started process (PID=3229) to work on /opt/airflow/dags/db_and_model_update_dag.py
[2026-03-23T17:33:46.410+0000] {processor.py:914} INFO - Processing file /opt/airflow/dags/db_and_model_update_dag.py for tasks to queue
[2026-03-23T17:33:46.412+0000] {logging_mixin.py:190} INFO - [2026-03-23T17:33:46.412+0000] {dagbag.py:588} INFO - Filling up the DagBag from /opt/airflow/dags/db_and_model_update_dag.py
[2026-03-23T17:33:38.940+0000] {processor.py:925} INFO - DAG(s) 'db_and_model_update' retrieved from /opt/airflow/dags/db_and_model_update_dag.py
[2026-03-23T17:33:38.982+0000] {logging_mixin.py:190} INFO - [2026-03-23T17:33:38.982+0000] {dag.py:3239} INFO - Sync 1 DAGs
[2026-03-23T17:33:39.025+0000] {processor.py:208} INFO - Processing /opt/airflow/dags/db_and_model_update_dag.py took 0.123 seconds
[2026-03-23T17:34:09.334+0000] {processor.py:186} INFO - Started process (PID=3239) to work on /opt/airflow/dags/db_and_model_update_dag.py
[2026-03-23T17:34:09.336+0000] {processor.py:914} INFO - Processing file /opt/airflow/dags/db_and_model_update_dag.py for tasks to queue
[2026-03-23T17:34:09.338+0000] {logging_mixin.py:190} INFO - [2026-03-23T17:34:09.338+0000] {dagbag.py:588} INFO - Filling up the DagBag from /opt/airflow/dags/db_and_model_update_dag.py
[2026-03-23T17:34:09.362+0000] {processor.py:925} INFO - DAG(s) 'db_and_model_update' retrieved from /opt/airflow/dags/db_and_model_update_dag.py
[2026-03-23T17:34:09.395+0000] {logging_mixin.py:190} INFO - [2026-03-23T17:34:09.394+0000] {dag.py:3239} INFO - Sync 1 DAGs
[2026-03-23T17:34:09.437+0000] {processor.py:208} INFO - Processing /opt/airflow/dags/db_and_model_update_dag.py took 0.111 seconds
[2026-03-23T17:34:39.633+0000] {processor.py:186} INFO - Started process (PID=3249) to work on /opt/airflow/dags/db_and_model_update_dag.py
[2026-03-23T17:34:39.634+0000] {processor.py:914} INFO - Processing file /opt/airflow/dags/db_and_model_update_dag.py for tasks to queue
[2026-03-23T17:34:39.637+0000] {logging_mixin.py:190} INFO - [2026-03-23T17:34:39.637+0000] {dagbag.py:588} INFO - Filling up the DagBag from /opt/airflow/dags/db_and_model_update_dag.py
[2026-03-23T17:34:39.663+0000] {processor.py:925} INFO - DAG(s) 'db_and_model_update' retrieved from /opt/airflow/dags/db_and_model_update_dag.py
[2026-03-23T17:34:39.700+0000] {logging_mixin.py:190} INFO - [2026-03-23T17:34:39.700+0000] {dag.py:3239} INFO - Sync 1 DAGs
[2026-03-23T17:34:39.741+0000] {processor.py:208} INFO - Processing /opt/airflow/dags/db_and_model_update_dag.py took 0.117 seconds
[2026-03-23T17:35:16.544+0000] {processor.py:186} INFO - Started process (PID=3259) to work on /opt/airflow/dags/db_and_model_update_dag.py
[2026-03-23T17:35:16.545+0000] {processor.py:914} INFO - Processing file /opt/airflow/dags/db_and_model_update_dag.py for tasks to queue
[2026-03-23T17:35:16.548+0000] {logging_mixin.py:190} INFO - [2026-03-23T17:35:16.547+0000] {dagbag.py:588} INFO - Filling up the DagBag from /opt/airflow/dags/db_and_model_update_dag.py
[2026-03-23T17:35:09.078+0000] {processor.py:925} INFO - DAG(s) 'db_and_model_update' retrieved from /opt/airflow/dags/db_and_model_update_dag.py
[2026-03-23T17:35:09.113+0000] {logging_mixin.py:190} INFO - [2026-03-23T17:35:09.113+0000] {dag.py:3239} INFO - Sync 1 DAGs
[2026-03-23T17:35:09.166+0000] {processor.py:208} INFO - Processing /opt/airflow/dags/db_and_model_update_dag.py took 0.129 seconds
[2026-03-23T17:35:39.370+0000] {processor.py:186} INFO - Started process (PID=3269) to work on /opt/airflow/dags/db_and_model_update_dag.py
[2026-03-23T17:35:39.371+0000] {processor.py:914} INFO - Processing file /opt/airflow/dags/db_and_model_update_dag.py for tasks to queue
[2026-03-23T17:35:39.374+0000] {logging_mixin.py:190} INFO - [2026-03-23T17:35:39.374+0000] {dagbag.py:588} INFO - Filling up the DagBag from /opt/airflow/dags/db_and_model_update_dag.py
[2026-03-23T17:35:39.403+0000] {processor.py:925} INFO - DAG(s) 'db_and_model_update' retrieved from /opt/airflow/dags/db_and_model_update_dag.py
[2026-03-23T17:35:39.448+0000] {logging_mixin.py:190} INFO - [2026-03-23T17:35:39.448+0000] {dag.py:3239} INFO - Sync 1 DAGs
[2026-03-23T17:35:39.515+0000] {processor.py:208} INFO - Processing /opt/airflow/dags/db_and_model_update_dag.py took 0.161 seconds
[2026-03-23T17:36:09.855+0000] {processor.py:186} INFO - Started process (PID=3279) to work on /opt/airflow/dags/db_and_model_update_dag.py
[2026-03-23T17:36:09.859+0000] {processor.py:914} INFO - Processing file /opt/airflow/dags/db_and_model_update_dag.py for tasks to queue
[2026-03-23T17:36:09.863+0000] {logging_mixin.py:190} INFO - [2026-03-23T17:36:09.863+0000] {dagbag.py:588} INFO - Filling up the DagBag from /opt/airflow/dags/db_and_model_update_dag.py
[2026-03-23T17:36:09.885+0000] {processor.py:925} INFO - DAG(s) 'db_and_model_update' retrieved from /opt/airflow/dags/db_and_model_update_dag.py
[2026-03-23T17:36:09.920+0000] {logging_mixin.py:190} INFO - [2026-03-23T17:36:09.920+0000] {dag.py:3239} INFO - Sync 1 DAGs
[2026-03-23T17:36:09.967+0000] {processor.py:208} INFO - Processing /opt/airflow/dags/db_and_model_update_dag.py took 0.123 seconds
[2026-03-23T17:36:46.654+0000] {processor.py:186} INFO - Started process (PID=3289) to work on /opt/airflow/dags/db_and_model_update_dag.py
[2026-03-23T17:36:46.655+0000] {processor.py:914} INFO - Processing file /opt/airflow/dags/db_and_model_update_dag.py for tasks to queue
[2026-03-23T17:36:46.657+0000] {logging_mixin.py:190} INFO - [2026-03-23T17:36:46.657+0000] {dagbag.py:588} INFO - Filling up the DagBag from /opt/airflow/dags/db_and_model_update_dag.py
[2026-03-23T17:36:46.676+0000] {processor.py:925} INFO - DAG(s) 'db_and_model_update' retrieved from /opt/airflow/dags/db_and_model_update_dag.py
[2026-03-23T17:36:39.207+0000] {logging_mixin.py:190} INFO - [2026-03-23T17:36:39.206+0000] {dag.py:3239} INFO - Sync 1 DAGs
[2026-03-23T17:36:39.254+0000] {processor.py:208} INFO - Processing /opt/airflow/dags/db_and_model_update_dag.py took 0.111 seconds
[2026-03-23T17:37:09.568+0000] {processor.py:186} INFO - Started process (PID=3299) to work on /opt/airflow/dags/db_and_model_update_dag.py
[2026-03-23T17:37:09.570+0000] {processor.py:914} INFO - Processing file /opt/airflow/dags/db_and_model_update_dag.py for tasks to queue
[2026-03-23T17:37:09.573+0000] {logging_mixin.py:190} INFO - [2026-03-23T17:37:09.572+0000] {dagbag.py:588} INFO - Filling up the DagBag from /opt/airflow/dags/db_and_model_update_dag.py
[2026-03-23T17:37:09.612+0000] {processor.py:925} INFO - DAG(s) 'db_and_model_update' retrieved from /opt/airflow/dags/db_and_model_update_dag.py
[2026-03-23T17:37:09.652+0000] {logging_mixin.py:190} INFO - [2026-03-23T17:37:09.651+0000] {dag.py:3239} INFO - Sync 1 DAGs
[2026-03-23T17:37:09.705+0000] {processor.py:208} INFO - Processing /opt/airflow/dags/db_and_model_update_dag.py took 0.145 seconds
[2026-03-23T17:37:34.330+0000] {processor.py:186} INFO - Started process (PID=3309) to work on /opt/airflow/dags/db_and_model_update_dag.py
[2026-03-23T17:37:34.332+0000] {processor.py:914} INFO - Processing file /opt/airflow/dags/db_and_model_update_dag.py for tasks to queue
[2026-03-23T17:37:34.335+0000] {logging_mixin.py:190} INFO - [2026-03-23T17:37:34.334+0000] {dagbag.py:588} INFO - Filling up the DagBag from /opt/airflow/dags/db_and_model_update_dag.py
[2026-03-23T17:37:34.357+0000] {processor.py:925} INFO - DAG(s) 'db_and_model_update' retrieved from /opt/airflow/dags/db_and_model_update_dag.py
[2026-03-23T17:37:34.413+0000] {logging_mixin.py:190} INFO - [2026-03-23T17:37:34.412+0000] {dag.py:3239} INFO - Sync 1 DAGs
[2026-03-23T17:37:34.467+0000] {processor.py:208} INFO - Processing /opt/airflow/dags/db_and_model_update_dag.py took 0.147 seconds
[2026-03-23T17:38:04.733+0000] {processor.py:186} INFO - Started process (PID=3319) to work on /opt/airflow/dags/db_and_model_update_dag.py
[2026-03-23T17:38:04.735+0000] {processor.py:914} INFO - Processing file /opt/airflow/dags/db_and_model_update_dag.py for tasks to queue
[2026-03-23T17:38:04.737+0000] {logging_mixin.py:190} INFO - [2026-03-23T17:38:04.737+0000] {dagbag.py:588} INFO - Filling up the DagBag from /opt/airflow/dags/db_and_model_update_dag.py
[2026-03-23T17:38:04.761+0000] {processor.py:925} INFO - DAG(s) 'db_and_model_update' retrieved from /opt/airflow/dags/db_and_model_update_dag.py
[2026-03-23T17:38:04.794+0000] {logging_mixin.py:190} INFO - [2026-03-23T17:38:04.794+0000] {dag.py:3239} INFO - Sync 1 DAGs
[2026-03-23T17:38:04.840+0000] {processor.py:208} INFO - Processing /opt/airflow/dags/db_and_model_update_dag.py took 0.114 seconds
[2026-03-23T17:38:35.014+0000] {processor.py:186} INFO - Started process (PID=3329) to work on /opt/airflow/dags/db_and_model_update_dag.py
[2026-03-23T17:38:35.016+0000] {processor.py:914} INFO - Processing file /opt/airflow/dags/db_and_model_update_dag.py for tasks to queue
[2026-03-23T17:38:35.019+0000] {logging_mixin.py:190} INFO - [2026-03-23T17:38:35.018+0000] {dagbag.py:588} INFO - Filling up the DagBag from /opt/airflow/dags/db_and_model_update_dag.py
[2026-03-23T17:38:35.041+0000] {processor.py:925} INFO - DAG(s) 'db_and_model_update' retrieved from /opt/airflow/dags/db_and_model_update_dag.py
[2026-03-23T17:38:35.077+0000] {logging_mixin.py:190} INFO - [2026-03-23T17:38:35.077+0000] {dag.py:3239} INFO - Sync 1 DAGs
[2026-03-23T17:38:35.123+0000] {processor.py:208} INFO - Processing /opt/airflow/dags/db_and_model_update_dag.py took 0.117 seconds
[2026-03-23T17:39:05.449+0000] {processor.py:186} INFO - Started process (PID=3339) to work on /opt/airflow/dags/db_and_model_update_dag.py
[2026-03-23T17:39:05.450+0000] {processor.py:914} INFO - Processing file /opt/airflow/dags/db_and_model_update_dag.py for tasks to queue
[2026-03-23T17:39:05.452+0000] {logging_mixin.py:190} INFO - [2026-03-23T17:39:05.452+0000] {dagbag.py:588} INFO - Filling up the DagBag from /opt/airflow/dags/db_and_model_update_dag.py
[2026-03-23T17:39:05.471+0000] {processor.py:925} INFO - DAG(s) 'db_and_model_update' retrieved from /opt/airflow/dags/db_and_model_update_dag.py
[2026-03-23T17:39:05.503+0000] {logging_mixin.py:190} INFO - [2026-03-23T17:39:05.502+0000] {dag.py:3239} INFO - Sync 1 DAGs
[2026-03-23T17:39:05.569+0000] {processor.py:208} INFO - Processing /opt/airflow/dags/db_and_model_update_dag.py took 0.128 seconds
[2026-03-23T17:39:35.748+0000] {processor.py:186} INFO - Started process (PID=3349) to work on /opt/airflow/dags/db_and_model_update_dag.py
[2026-03-23T17:39:35.750+0000] {processor.py:914} INFO - Processing file /opt/airflow/dags/db_and_model_update_dag.py for tasks to queue
[2026-03-23T17:39:35.752+0000] {logging_mixin.py:190} INFO - [2026-03-23T17:39:35.752+0000] {dagbag.py:588} INFO - Filling up the DagBag from /opt/airflow/dags/db_and_model_update_dag.py
[2026-03-23T17:39:35.782+0000] {processor.py:925} INFO - DAG(s) 'db_and_model_update' retrieved from /opt/airflow/dags/db_and_model_update_dag.py
[2026-03-23T17:39:35.821+0000] {logging_mixin.py:190} INFO - [2026-03-23T17:39:35.821+0000] {dag.py:3239} INFO - Sync 1 DAGs
[2026-03-23T17:39:35.865+0000] {processor.py:208} INFO - Processing /opt/airflow/dags/db_and_model_update_dag.py took 0.124 seconds
[2026-03-23T17:40:06.170+0000] {processor.py:186} INFO - Started process (PID=3359) to work on /opt/airflow/dags/db_and_model_update_dag.py
[2026-03-23T17:40:06.172+0000] {processor.py:914} INFO - Processing file /opt/airflow/dags/db_and_model_update_dag.py for tasks to queue
[2026-03-23T17:40:06.176+0000] {logging_mixin.py:190} INFO - [2026-03-23T17:40:06.176+0000] {dagbag.py:588} INFO - Filling up the DagBag from /opt/airflow/dags/db_and_model_update_dag.py
[2026-03-23T17:40:06.219+0000] {processor.py:925} INFO - DAG(s) 'db_and_model_update' retrieved from /opt/airflow/dags/db_and_model_update_dag.py
[2026-03-23T17:40:06.286+0000] {logging_mixin.py:190} INFO - [2026-03-23T17:40:06.285+0000] {dag.py:3239} INFO - Sync 1 DAGs
[2026-03-23T17:40:06.355+0000] {processor.py:208} INFO - Processing /opt/airflow/dags/db_and_model_update_dag.py took 0.197 seconds
[2026-03-23T17:40:36.651+0000] {processor.py:186} INFO - Started process (PID=3369) to work on /opt/airflow/dags/db_and_model_update_dag.py
[2026-03-23T17:40:36.652+0000] {processor.py:914} INFO - Processing file /opt/airflow/dags/db_and_model_update_dag.py for tasks to queue
[2026-03-23T17:40:36.654+0000] {logging_mixin.py:190} INFO - [2026-03-23T17:40:36.654+0000] {dagbag.py:588} INFO - Filling up the DagBag from /opt/airflow/dags/db_and_model_update_dag.py
[2026-03-23T17:40:36.678+0000] {processor.py:925} INFO - DAG(s) 'db_and_model_update' retrieved from /opt/airflow/dags/db_and_model_update_dag.py
[2026-03-23T17:40:36.712+0000] {logging_mixin.py:190} INFO - [2026-03-23T17:40:36.712+0000] {dag.py:3239} INFO - Sync 1 DAGs
[2026-03-23T17:40:36.758+0000] {processor.py:208} INFO - Processing /opt/airflow/dags/db_and_model_update_dag.py took 0.115 seconds
[2026-03-23T17:41:06.996+0000] {processor.py:186} INFO - Started process (PID=3379) to work on /opt/airflow/dags/db_and_model_update_dag.py
[2026-03-23T17:41:06.997+0000] {processor.py:914} INFO - Processing file /opt/airflow/dags/db_and_model_update_dag.py for tasks to queue
[2026-03-23T17:41:06.999+0000] {logging_mixin.py:190} INFO - [2026-03-23T17:41:06.999+0000] {dagbag.py:588} INFO - Filling up the DagBag from /opt/airflow/dags/db_and_model_update_dag.py
[2026-03-23T17:41:07.021+0000] {processor.py:925} INFO - DAG(s) 'db_and_model_update' retrieved from /opt/airflow/dags/db_and_model_update_dag.py
[2026-03-23T17:40:59.545+0000] {logging_mixin.py:190} INFO - [2026-03-23T17:40:59.545+0000] {dag.py:3239} INFO - Sync 1 DAGs
[2026-03-23T17:40:59.597+0000] {processor.py:208} INFO - Processing /opt/airflow/dags/db_and_model_update_dag.py took 0.119 seconds
[2026-03-23T17:41:28.961+0000] {processor.py:186} INFO - Started process (PID=3389) to work on /opt/airflow/dags/db_and_model_update_dag.py
[2026-03-23T17:41:28.962+0000] {processor.py:914} INFO - Processing file /opt/airflow/dags/db_and_model_update_dag.py for tasks to queue
[2026-03-23T17:41:28.965+0000] {logging_mixin.py:190} INFO - [2026-03-23T17:41:28.964+0000] {dagbag.py:588} INFO - Filling up the DagBag from /opt/airflow/dags/db_and_model_update_dag.py
[2026-03-23T17:41:28.986+0000] {processor.py:925} INFO - DAG(s) 'db_and_model_update' retrieved from /opt/airflow/dags/db_and_model_update_dag.py
[2026-03-23T17:41:29.024+0000] {logging_mixin.py:190} INFO - [2026-03-23T17:41:29.024+0000] {dag.py:3239} INFO - Sync 1 DAGs
[2026-03-23T17:41:29.084+0000] {processor.py:208} INFO - Processing /opt/airflow/dags/db_and_model_update_dag.py took 0.133 seconds
[2026-03-23T17:41:59.702+0000] {processor.py:186} INFO - Started process (PID=3399) to work on /opt/airflow/dags/db_and_model_update_dag.py
[2026-03-23T17:41:59.703+0000] {processor.py:914} INFO - Processing file /opt/airflow/dags/db_and_model_update_dag.py for tasks to queue
[2026-03-23T17:41:59.707+0000] {logging_mixin.py:190} INFO - [2026-03-23T17:41:59.706+0000] {dagbag.py:588} INFO - Filling up the DagBag from /opt/airflow/dags/db_and_model_update_dag.py
[2026-03-23T17:41:59.727+0000] {processor.py:925} INFO - DAG(s) 'db_and_model_update' retrieved from /opt/airflow/dags/db_and_model_update_dag.py
[2026-03-23T17:41:59.759+0000] {logging_mixin.py:190} INFO - [2026-03-23T17:41:59.759+0000] {dag.py:3239} INFO - Sync 1 DAGs
[2026-03-23T17:41:59.805+0000] {processor.py:208} INFO - Processing /opt/airflow/dags/db_and_model_update_dag.py took 0.111 seconds
[2026-03-23T17:42:30.231+0000] {processor.py:186} INFO - Started process (PID=3409) to work on /opt/airflow/dags/db_and_model_update_dag.py
[2026-03-23T17:42:30.234+0000] {processor.py:914} INFO - Processing file /opt/airflow/dags/db_and_model_update_dag.py for tasks to queue
[2026-03-23T17:42:30.237+0000] {logging_mixin.py:190} INFO - [2026-03-23T17:42:30.236+0000] {dagbag.py:588} INFO - Filling up the DagBag from /opt/airflow/dags/db_and_model_update_dag.py
[2026-03-23T17:42:30.268+0000] {processor.py:925} INFO - DAG(s) 'db_and_model_update' retrieved from /opt/airflow/dags/db_and_model_update_dag.py
[2026-03-23T17:42:30.311+0000] {logging_mixin.py:190} INFO - [2026-03-23T17:42:30.311+0000] {dag.py:3239} INFO - Sync 1 DAGs
[2026-03-23T17:42:30.353+0000] {processor.py:208} INFO - Processing /opt/airflow/dags/db_and_model_update_dag.py took 0.132 seconds
[2026-03-23T17:43:00.605+0000] {processor.py:186} INFO - Started process (PID=3419) to work on /opt/airflow/dags/db_and_model_update_dag.py
[2026-03-23T17:43:00.610+0000] {processor.py:914} INFO - Processing file /opt/airflow/dags/db_and_model_update_dag.py for tasks to queue
[2026-03-23T17:43:00.615+0000] {logging_mixin.py:190} INFO - [2026-03-23T17:43:00.615+0000] {dagbag.py:588} INFO - Filling up the DagBag from /opt/airflow/dags/db_and_model_update_dag.py
[2026-03-23T17:43:00.639+0000] {processor.py:925} INFO - DAG(s) 'db_and_model_update' retrieved from /opt/airflow/dags/db_and_model_update_dag.py
[2026-03-23T17:43:00.674+0000] {logging_mixin.py:190} INFO - [2026-03-23T17:43:00.673+0000] {dag.py:3239} INFO - Sync 1 DAGs
[2026-03-23T17:43:00.724+0000] {processor.py:208} INFO - Processing /opt/airflow/dags/db_and_model_update_dag.py took 0.138 seconds
[2026-03-23T17:43:31.111+0000] {processor.py:186} INFO - Started process (PID=3429) to work on /opt/airflow/dags/db_and_model_update_dag.py
[2026-03-23T17:43:31.112+0000] {processor.py:914} INFO - Processing file /opt/airflow/dags/db_and_model_update_dag.py for tasks to queue
[2026-03-23T17:43:31.114+0000] {logging_mixin.py:190} INFO - [2026-03-23T17:43:31.114+0000] {dagbag.py:588} INFO - Filling up the DagBag from /opt/airflow/dags/db_and_model_update_dag.py
[2026-03-23T17:43:31.137+0000] {processor.py:925} INFO - DAG(s) 'db_and_model_update' retrieved from /opt/airflow/dags/db_and_model_update_dag.py
[2026-03-23T17:43:31.170+0000] {logging_mixin.py:190} INFO - [2026-03-23T17:43:31.170+0000] {dag.py:3239} INFO - Sync 1 DAGs
[2026-03-23T17:43:31.219+0000] {processor.py:208} INFO - Processing /opt/airflow/dags/db_and_model_update_dag.py took 0.116 seconds
[2026-03-23T17:44:01.701+0000] {processor.py:186} INFO - Started process (PID=3439) to work on /opt/airflow/dags/db_and_model_update_dag.py
[2026-03-23T17:44:01.702+0000] {processor.py:914} INFO - Processing file /opt/airflow/dags/db_and_model_update_dag.py for tasks to queue
[2026-03-23T17:44:01.704+0000] {logging_mixin.py:190} INFO - [2026-03-23T17:44:01.704+0000] {dagbag.py:588} INFO - Filling up the DagBag from /opt/airflow/dags/db_and_model_update_dag.py
[2026-03-23T17:44:01.728+0000] {processor.py:925} INFO - DAG(s) 'db_and_model_update' retrieved from /opt/airflow/dags/db_and_model_update_dag.py
[2026-03-23T17:44:01.762+0000] {logging_mixin.py:190} INFO - [2026-03-23T17:44:01.762+0000] {dag.py:3239} INFO - Sync 1 DAGs
[2026-03-23T17:44:01.806+0000] {processor.py:208} INFO - Processing /opt/airflow/dags/db_and_model_update_dag.py took 0.112 seconds
[2026-03-23T17:44:31.986+0000] {processor.py:186} INFO - Started process (PID=3449) to work on /opt/airflow/dags/db_and_model_update_dag.py
[2026-03-23T17:44:31.987+0000] {processor.py:914} INFO - Processing file /opt/airflow/dags/db_and_model_update_dag.py for tasks to queue
[2026-03-23T17:44:31.990+0000] {logging_mixin.py:190} INFO - [2026-03-23T17:44:31.990+0000] {dagbag.py:588} INFO - Filling up the DagBag from /opt/airflow/dags/db_and_model_update_dag.py
[2026-03-23T17:44:32.010+0000] {processor.py:925} INFO - DAG(s) 'db_and_model_update' retrieved from /opt/airflow/dags/db_and_model_update_dag.py
[2026-03-23T17:44:32.043+0000] {logging_mixin.py:190} INFO - [2026-03-23T17:44:32.042+0000] {dag.py:3239} INFO - Sync 1 DAGs
[2026-03-23T17:44:32.085+0000] {processor.py:208} INFO - Processing /opt/airflow/dags/db_and_model_update_dag.py took 0.106 seconds
[2026-03-23T17:45:02.792+0000] {processor.py:186} INFO - Started process (PID=3459) to work on /opt/airflow/dags/db_and_model_update_dag.py
[2026-03-23T17:45:02.793+0000] {processor.py:914} INFO - Processing file /opt/airflow/dags/db_and_model_update_dag.py for tasks to queue
[2026-03-23T17:45:02.796+0000] {logging_mixin.py:190} INFO - [2026-03-23T17:45:02.796+0000] {dagbag.py:588} INFO - Filling up the DagBag from /opt/airflow/dags/db_and_model_update_dag.py
[2026-03-23T17:45:02.827+0000] {processor.py:925} INFO - DAG(s) 'db_and_model_update' retrieved from /opt/airflow/dags/db_and_model_update_dag.py
[2026-03-23T17:45:02.863+0000] {logging_mixin.py:190} INFO - [2026-03-23T17:45:02.863+0000] {dag.py:3239} INFO - Sync 1 DAGs
[2026-03-23T17:45:02.917+0000] {processor.py:208} INFO - Processing /opt/airflow/dags/db_and_model_update_dag.py took 0.132 seconds
[2026-03-23T17:45:33.687+0000] {processor.py:186} INFO - Started process (PID=3469) to work on /opt/airflow/dags/db_and_model_update_dag.py
[2026-03-23T17:45:33.688+0000] {processor.py:914} INFO - Processing file /opt/airflow/dags/db_and_model_update_dag.py for tasks to queue
[2026-03-23T17:45:33.690+0000] {logging_mixin.py:190} INFO - [2026-03-23T17:45:33.690+0000] {dagbag.py:588} INFO - Filling up the DagBag from /opt/airflow/dags/db_and_model_update_dag.py
[2026-03-23T17:45:33.709+0000] {processor.py:925} INFO - DAG(s) 'db_and_model_update' retrieved from /opt/airflow/dags/db_and_model_update_dag.py
[2026-03-23T17:45:33.737+0000] {logging_mixin.py:190} INFO - [2026-03-23T17:45:33.736+0000] {dag.py:3239} INFO - Sync 1 DAGs
[2026-03-23T17:45:33.781+0000] {processor.py:208} INFO - Processing /opt/airflow/dags/db_and_model_update_dag.py took 0.100 seconds
[2026-03-23T17:46:04.054+0000] {processor.py:186} INFO - Started process (PID=3479) to work on /opt/airflow/dags/db_and_model_update_dag.py
[2026-03-23T17:46:04.055+0000] {processor.py:914} INFO - Processing file /opt/airflow/dags/db_and_model_update_dag.py for tasks to queue
[2026-03-23T17:46:04.058+0000] {logging_mixin.py:190} INFO - [2026-03-23T17:46:04.057+0000] {dagbag.py:588} INFO - Filling up the DagBag from /opt/airflow/dags/db_and_model_update_dag.py
[2026-03-23T17:46:04.078+0000] {processor.py:925} INFO - DAG(s) 'db_and_model_update' retrieved from /opt/airflow/dags/db_and_model_update_dag.py
[2026-03-23T17:46:04.110+0000] {logging_mixin.py:190} INFO - [2026-03-23T17:46:04.110+0000] {dag.py:3239} INFO - Sync 1 DAGs
[2026-03-23T17:46:04.149+0000] {processor.py:208} INFO - Processing /opt/airflow/dags/db_and_model_update_dag.py took 0.102 seconds
[2026-03-23T17:46:34.390+0000] {processor.py:186} INFO - Started process (PID=3489) to work on /opt/airflow/dags/db_and_model_update_dag.py
[2026-03-23T17:46:34.392+0000] {processor.py:914} INFO - Processing file /opt/airflow/dags/db_and_model_update_dag.py for tasks to queue
[2026-03-23T17:46:34.395+0000] {logging_mixin.py:190} INFO - [2026-03-23T17:46:34.394+0000] {dagbag.py:588} INFO - Filling up the DagBag from /opt/airflow/dags/db_and_model_update_dag.py
[2026-03-23T17:46:34.429+0000] {processor.py:925} INFO - DAG(s) 'db_and_model_update' retrieved from /opt/airflow/dags/db_and_model_update_dag.py
[2026-03-23T17:46:34.483+0000] {logging_mixin.py:190} INFO - [2026-03-23T17:46:34.483+0000] {dag.py:3239} INFO - Sync 1 DAGs
[2026-03-23T17:46:34.540+0000] {processor.py:208} INFO - Processing /opt/airflow/dags/db_and_model_update_dag.py took 0.159 seconds
[2026-03-23T17:47:04.873+0000] {processor.py:186} INFO - Started process (PID=3499) to work on /opt/airflow/dags/db_and_model_update_dag.py
[2026-03-23T17:47:04.874+0000] {processor.py:914} INFO - Processing file /opt/airflow/dags/db_and_model_update_dag.py for tasks to queue
[2026-03-23T17:47:04.877+0000] {logging_mixin.py:190} INFO - [2026-03-23T17:47:04.876+0000] {dagbag.py:588} INFO - Filling up the DagBag from /opt/airflow/dags/db_and_model_update_dag.py
[2026-03-23T17:47:04.899+0000] {processor.py:925} INFO - DAG(s) 'db_and_model_update' retrieved from /opt/airflow/dags/db_and_model_update_dag.py
[2026-03-23T17:47:04.934+0000] {logging_mixin.py:190} INFO - [2026-03-23T17:47:04.933+0000] {dag.py:3239} INFO - Sync 1 DAGs
[2026-03-23T17:47:04.981+0000] {processor.py:208} INFO - Processing /opt/airflow/dags/db_and_model_update_dag.py took 0.115 seconds
[2026-03-23T17:47:37.676+0000] {processor.py:186} INFO - Started process (PID=3509) to work on /opt/airflow/dags/db_and_model_update_dag.py
[2026-03-23T17:47:37.677+0000] {processor.py:914} INFO - Processing file /opt/airflow/dags/db_and_model_update_dag.py for tasks to queue
[2026-03-23T17:47:37.680+0000] {logging_mixin.py:190} INFO - [2026-03-23T17:47:37.680+0000] {dagbag.py:588} INFO - Filling up the DagBag from /opt/airflow/dags/db_and_model_update_dag.py
[2026-03-23T17:47:30.173+0000] {processor.py:925} INFO - DAG(s) 'db_and_model_update' retrieved from /opt/airflow/dags/db_and_model_update_dag.py
[2026-03-23T17:47:30.209+0000] {logging_mixin.py:190} INFO - [2026-03-23T17:47:30.209+0000] {dag.py:3239} INFO - Sync 1 DAGs
[2026-03-23T17:47:30.256+0000] {processor.py:208} INFO - Processing /opt/airflow/dags/db_and_model_update_dag.py took 0.115 seconds
[2026-03-23T17:48:03.553+0000] {processor.py:186} INFO - Started process (PID=3519) to work on /opt/airflow/dags/db_and_model_update_dag.py
[2026-03-23T17:48:03.554+0000] {processor.py:914} INFO - Processing file /opt/airflow/dags/db_and_model_update_dag.py for tasks to queue
[2026-03-23T17:48:03.557+0000] {logging_mixin.py:190} INFO - [2026-03-23T17:48:03.557+0000] {dagbag.py:588} INFO - Filling up the DagBag from /opt/airflow/dags/db_and_model_update_dag.py
[2026-03-23T17:48:03.586+0000] {processor.py:925} INFO - DAG(s) 'db_and_model_update' retrieved from /opt/airflow/dags/db_and_model_update_dag.py
[2026-03-23T17:48:03.623+0000] {logging_mixin.py:190} INFO - [2026-03-23T17:48:03.623+0000] {dag.py:3239} INFO - Sync 1 DAGs
[2026-03-23T17:48:03.678+0000] {processor.py:208} INFO - Processing /opt/airflow/dags/db_and_model_update_dag.py took 0.134 seconds
[2026-03-23T17:48:34.007+0000] {processor.py:186} INFO - Started process (PID=3529) to work on /opt/airflow/dags/db_and_model_update_dag.py
[2026-03-23T17:48:34.008+0000] {processor.py:914} INFO - Processing file /opt/airflow/dags/db_and_model_update_dag.py for tasks to queue
[2026-03-23T17:48:34.011+0000] {logging_mixin.py:190} INFO - [2026-03-23T17:48:34.011+0000] {dagbag.py:588} INFO - Filling up the DagBag from /opt/airflow/dags/db_and_model_update_dag.py
[2026-03-23T17:48:34.032+0000] {processor.py:925} INFO - DAG(s) 'db_and_model_update' retrieved from /opt/airflow/dags/db_and_model_update_dag.py
[2026-03-23T17:48:34.070+0000] {logging_mixin.py:190} INFO - [2026-03-23T17:48:34.069+0000] {dag.py:3239} INFO - Sync 1 DAGs
[2026-03-23T17:48:34.120+0000] {processor.py:208} INFO - Processing /opt/airflow/dags/db_and_model_update_dag.py took 0.121 seconds
[2026-03-23T17:49:04.439+0000] {processor.py:186} INFO - Started process (PID=3539) to work on /opt/airflow/dags/db_and_model_update_dag.py
[2026-03-23T17:49:04.441+0000] {processor.py:914} INFO - Processing file /opt/airflow/dags/db_and_model_update_dag.py for tasks to queue
[2026-03-23T17:49:04.446+0000] {logging_mixin.py:190} INFO - [2026-03-23T17:49:04.446+0000] {dagbag.py:588} INFO - Filling up the DagBag from /opt/airflow/dags/db_and_model_update_dag.py
[2026-03-23T17:49:04.484+0000] {processor.py:925} INFO - DAG(s) 'db_and_model_update' retrieved from /opt/airflow/dags/db_and_model_update_dag.py
[2026-03-23T17:49:04.537+0000] {logging_mixin.py:190} INFO - [2026-03-23T17:49:04.537+0000] {dag.py:3239} INFO - Sync 1 DAGs
[2026-03-23T17:49:04.586+0000] {processor.py:208} INFO - Processing /opt/airflow/dags/db_and_model_update_dag.py took 0.160 seconds
[2026-03-23T17:49:34.894+0000] {processor.py:186} INFO - Started process (PID=3549) to work on /opt/airflow/dags/db_and_model_update_dag.py
[2026-03-23T17:49:34.900+0000] {processor.py:914} INFO - Processing file /opt/airflow/dags/db_and_model_update_dag.py for tasks to queue
[2026-03-23T17:49:34.904+0000] {logging_mixin.py:190} INFO - [2026-03-23T17:49:34.903+0000] {dagbag.py:588} INFO - Filling up the DagBag from /opt/airflow/dags/db_and_model_update_dag.py
[2026-03-23T17:49:34.928+0000] {processor.py:925} INFO - DAG(s) 'db_and_model_update' retrieved from /opt/airflow/dags/db_and_model_update_dag.py
[2026-03-23T17:49:34.961+0000] {logging_mixin.py:190} INFO - [2026-03-23T17:49:34.960+0000] {dag.py:3239} INFO - Sync 1 DAGs
[2026-03-23T17:49:35.014+0000] {processor.py:208} INFO - Processing /opt/airflow/dags/db_and_model_update_dag.py took 0.145 seconds
[2026-03-23T17:50:07.881+0000] {processor.py:186} INFO - Started process (PID=3559) to work on /opt/airflow/dags/db_and_model_update_dag.py
[2026-03-23T17:50:07.883+0000] {processor.py:914} INFO - Processing file /opt/airflow/dags/db_and_model_update_dag.py for tasks to queue
[2026-03-23T17:50:07.887+0000] {logging_mixin.py:190} INFO - [2026-03-23T17:50:07.887+0000] {dagbag.py:588} INFO - Filling up the DagBag from /opt/airflow/dags/db_and_model_update_dag.py
[2026-03-23T17:50:00.385+0000] {processor.py:925} INFO - DAG(s) 'db_and_model_update' retrieved from /opt/airflow/dags/db_and_model_update_dag.py
[2026-03-23T17:50:00.427+0000] {logging_mixin.py:190} INFO - [2026-03-23T17:50:00.426+0000] {dag.py:3239} INFO - Sync 1 DAGs
[2026-03-23T17:50:00.477+0000] {processor.py:208} INFO - Processing /opt/airflow/dags/db_and_model_update_dag.py took 0.134 seconds
[2026-03-23T17:50:30.804+0000] {processor.py:186} INFO - Started process (PID=3569) to work on /opt/airflow/dags/db_and_model_update_dag.py
[2026-03-23T17:50:30.806+0000] {processor.py:914} INFO - Processing file /opt/airflow/dags/db_and_model_update_dag.py for tasks to queue
[2026-03-23T17:50:30.809+0000] {logging_mixin.py:190} INFO - [2026-03-23T17:50:30.809+0000] {dagbag.py:588} INFO - Filling up the DagBag from /opt/airflow/dags/db_and_model_update_dag.py
[2026-03-23T17:50:30.834+0000] {processor.py:925} INFO - DAG(s) 'db_and_model_update' retrieved from /opt/airflow/dags/db_and_model_update_dag.py
[2026-03-23T17:50:30.861+0000] {logging_mixin.py:190} INFO - [2026-03-23T17:50:30.860+0000] {dag.py:3239} INFO - Sync 1 DAGs
[2026-03-23T17:50:30.902+0000] {processor.py:208} INFO - Processing /opt/airflow/dags/db_and_model_update_dag.py took 0.105 seconds
[2026-03-23T17:51:01.236+0000] {processor.py:186} INFO - Started process (PID=3579) to work on /opt/airflow/dags/db_and_model_update_dag.py
[2026-03-23T17:51:01.239+0000] {processor.py:914} INFO - Processing file /opt/airflow/dags/db_and_model_update_dag.py for tasks to queue
[2026-03-23T17:51:01.249+0000] {logging_mixin.py:190} INFO - [2026-03-23T17:51:01.248+0000] {dagbag.py:588} INFO - Filling up the DagBag from /opt/airflow/dags/db_and_model_update_dag.py
[2026-03-23T17:51:01.301+0000] {processor.py:925} INFO - DAG(s) 'db_and_model_update' retrieved from /opt/airflow/dags/db_and_model_update_dag.py
[2026-03-23T17:51:01.357+0000] {logging_mixin.py:190} INFO - [2026-03-23T17:51:01.357+0000] {dag.py:3239} INFO - Sync 1 DAGs
[2026-03-23T17:51:01.426+0000] {processor.py:208} INFO - Processing /opt/airflow/dags/db_and_model_update_dag.py took 0.217 seconds
[2026-03-23T17:51:29.790+0000] {processor.py:186} INFO - Started process (PID=3589) to work on /opt/airflow/dags/db_and_model_update_dag.py
[2026-03-23T17:51:29.791+0000] {processor.py:914} INFO - Processing file /opt/airflow/dags/db_and_model_update_dag.py for tasks to queue
[2026-03-23T17:51:29.795+0000] {logging_mixin.py:190} INFO - [2026-03-23T17:51:29.794+0000] {dagbag.py:588} INFO - Filling up the DagBag from /opt/airflow/dags/db_and_model_update_dag.py
[2026-03-23T17:51:29.831+0000] {processor.py:925} INFO - DAG(s) 'db_and_model_update' retrieved from /opt/airflow/dags/db_and_model_update_dag.py
[2026-03-23T17:51:29.876+0000] {logging_mixin.py:190} INFO - [2026-03-23T17:51:29.876+0000] {dag.py:3239} INFO - Sync 1 DAGs
[2026-03-23T17:51:29.922+0000] {processor.py:208} INFO - Processing /opt/airflow/dags/db_and_model_update_dag.py took 0.140 seconds
[2026-03-23T17:51:55.629+0000] {processor.py:186} INFO - Started process (PID=3599) to work on /opt/airflow/dags/db_and_model_update_dag.py
[2026-03-23T17:51:55.630+0000] {processor.py:914} INFO - Processing file /opt/airflow/dags/db_and_model_update_dag.py for tasks to queue
[2026-03-23T17:51:55.633+0000] {logging_mixin.py:190} INFO - [2026-03-23T17:51:55.632+0000] {dagbag.py:588} INFO - Filling up the DagBag from /opt/airflow/dags/db_and_model_update_dag.py
[2026-03-23T17:51:55.653+0000] {processor.py:925} INFO - DAG(s) 'db_and_model_update' retrieved from /opt/airflow/dags/db_and_model_update_dag.py
[2026-03-23T17:51:55.691+0000] {logging_mixin.py:190} INFO - [2026-03-23T17:51:55.691+0000] {dag.py:3239} INFO - Sync 1 DAGs
[2026-03-23T17:51:55.741+0000] {processor.py:208} INFO - Processing /opt/airflow/dags/db_and_model_update_dag.py took 0.120 seconds
[2026-03-23T17:52:26.053+0000] {processor.py:186} INFO - Started process (PID=3609) to work on /opt/airflow/dags/db_and_model_update_dag.py
[2026-03-23T17:52:26.058+0000] {processor.py:914} INFO - Processing file /opt/airflow/dags/db_and_model_update_dag.py for tasks to queue
[2026-03-23T17:52:26.061+0000] {logging_mixin.py:190} INFO - [2026-03-23T17:52:26.061+0000] {dagbag.py:588} INFO - Filling up the DagBag from /opt/airflow/dags/db_and_model_update_dag.py
[2026-03-23T17:52:26.105+0000] {processor.py:925} INFO - DAG(s) 'db_and_model_update' retrieved from /opt/airflow/dags/db_and_model_update_dag.py
[2026-03-23T17:52:26.138+0000] {logging_mixin.py:190} INFO - [2026-03-23T17:52:26.138+0000] {dag.py:3239} INFO - Sync 1 DAGs
[2026-03-23T17:52:26.190+0000] {processor.py:208} INFO - Processing /opt/airflow/dags/db_and_model_update_dag.py took 0.160 seconds
[2026-03-23T17:52:56.377+0000] {processor.py:186} INFO - Started process (PID=3619) to work on /opt/airflow/dags/db_and_model_update_dag.py
[2026-03-23T17:52:56.379+0000] {processor.py:914} INFO - Processing file /opt/airflow/dags/db_and_model_update_dag.py for tasks to queue
[2026-03-23T17:52:56.382+0000] {logging_mixin.py:190} INFO - [2026-03-23T17:52:56.382+0000] {dagbag.py:588} INFO - Filling up the DagBag from /opt/airflow/dags/db_and_model_update_dag.py
[2026-03-23T17:52:56.402+0000] {processor.py:925} INFO - DAG(s) 'db_and_model_update' retrieved from /opt/airflow/dags/db_and_model_update_dag.py
[2026-03-23T17:52:56.433+0000] {logging_mixin.py:190} INFO - [2026-03-23T17:52:56.432+0000] {dag.py:3239} INFO - Sync 1 DAGs
[2026-03-23T17:52:56.474+0000] {processor.py:208} INFO - Processing /opt/airflow/dags/db_and_model_update_dag.py took 0.105 seconds
[2026-03-23T17:53:26.820+0000] {processor.py:186} INFO - Started process (PID=3629) to work on /opt/airflow/dags/db_and_model_update_dag.py
[2026-03-23T17:53:26.821+0000] {processor.py:914} INFO - Processing file /opt/airflow/dags/db_and_model_update_dag.py for tasks to queue
[2026-03-23T17:53:26.834+0000] {logging_mixin.py:190} INFO - [2026-03-23T17:53:26.833+0000] {dagbag.py:588} INFO - Filling up the DagBag from /opt/airflow/dags/db_and_model_update_dag.py
[2026-03-23T17:53:26.857+0000] {processor.py:925} INFO - DAG(s) 'db_and_model_update' retrieved from /opt/airflow/dags/db_and_model_update_dag.py
[2026-03-23T17:53:26.888+0000] {logging_mixin.py:190} INFO - [2026-03-23T17:53:26.887+0000] {dag.py:3239} INFO - Sync 1 DAGs
[2026-03-23T17:53:26.930+0000] {processor.py:208} INFO - Processing /opt/airflow/dags/db_and_model_update_dag.py took 0.120 seconds
[2026-03-23T17:53:57.078+0000] {processor.py:186} INFO - Started process (PID=3639) to work on /opt/airflow/dags/db_and_model_update_dag.py
[2026-03-23T17:53:57.079+0000] {processor.py:914} INFO - Processing file /opt/airflow/dags/db_and_model_update_dag.py for tasks to queue
[2026-03-23T17:53:57.082+0000] {logging_mixin.py:190} INFO - [2026-03-23T17:53:57.081+0000] {dagbag.py:588} INFO - Filling up the DagBag from /opt/airflow/dags/db_and_model_update_dag.py
[2026-03-23T17:53:57.103+0000] {processor.py:925} INFO - DAG(s) 'db_and_model_update' retrieved from /opt/airflow/dags/db_and_model_update_dag.py
[2026-03-23T17:53:57.134+0000] {logging_mixin.py:190} INFO - [2026-03-23T17:53:57.134+0000] {dag.py:3239} INFO - Sync 1 DAGs
[2026-03-23T17:53:57.177+0000] {processor.py:208} INFO - Processing /opt/airflow/dags/db_and_model_update_dag.py took 0.107 seconds
[2026-03-23T17:54:20.830+0000] {processor.py:186} INFO - Started process (PID=3649) to work on /opt/airflow/dags/db_and_model_update_dag.py
[2026-03-23T17:54:20.831+0000] {processor.py:914} INFO - Processing file /opt/airflow/dags/db_and_model_update_dag.py for tasks to queue
[2026-03-23T17:54:20.835+0000] {logging_mixin.py:190} INFO - [2026-03-23T17:54:20.834+0000] {dagbag.py:588} INFO - Filling up the DagBag from /opt/airflow/dags/db_and_model_update_dag.py
[2026-03-23T17:54:20.868+0000] {processor.py:925} INFO - DAG(s) 'db_and_model_update' retrieved from /opt/airflow/dags/db_and_model_update_dag.py
[2026-03-23T17:54:20.937+0000] {logging_mixin.py:190} INFO - [2026-03-23T17:54:20.936+0000] {dag.py:3239} INFO - Sync 1 DAGs
[2026-03-23T17:54:20.999+0000] {processor.py:208} INFO - Processing /opt/airflow/dags/db_and_model_update_dag.py took 0.183 seconds
[2026-03-23T17:54:51.327+0000] {processor.py:186} INFO - Started process (PID=3659) to work on /opt/airflow/dags/db_and_model_update_dag.py
[2026-03-23T17:54:51.329+0000] {processor.py:914} INFO - Processing file /opt/airflow/dags/db_and_model_update_dag.py for tasks to queue
[2026-03-23T17:54:51.332+0000] {logging_mixin.py:190} INFO - [2026-03-23T17:54:51.332+0000] {dagbag.py:588} INFO - Filling up the DagBag from /opt/airflow/dags/db_and_model_update_dag.py
[2026-03-23T17:54:51.354+0000] {processor.py:925} INFO - DAG(s) 'db_and_model_update' retrieved from /opt/airflow/dags/db_and_model_update_dag.py
[2026-03-23T17:54:51.388+0000] {logging_mixin.py:190} INFO - [2026-03-23T17:54:51.387+0000] {dag.py:3239} INFO - Sync 1 DAGs
[2026-03-23T17:54:51.435+0000] {processor.py:208} INFO - Processing /opt/airflow/dags/db_and_model_update_dag.py took 0.117 seconds
[2026-03-23T17:55:21.595+0000] {processor.py:186} INFO - Started process (PID=3669) to work on /opt/airflow/dags/db_and_model_update_dag.py
[2026-03-23T17:55:21.596+0000] {processor.py:914} INFO - Processing file /opt/airflow/dags/db_and_model_update_dag.py for tasks to queue
[2026-03-23T17:55:21.599+0000] {logging_mixin.py:190} INFO - [2026-03-23T17:55:21.599+0000] {dagbag.py:588} INFO - Filling up the DagBag from /opt/airflow/dags/db_and_model_update_dag.py
[2026-03-23T17:55:21.636+0000] {processor.py:925} INFO - DAG(s) 'db_and_model_update' retrieved from /opt/airflow/dags/db_and_model_update_dag.py
[2026-03-23T17:55:21.668+0000] {logging_mixin.py:190} INFO - [2026-03-23T17:55:21.668+0000] {dag.py:3239} INFO - Sync 1 DAGs
[2026-03-23T17:55:21.711+0000] {processor.py:208} INFO - Processing /opt/airflow/dags/db_and_model_update_dag.py took 0.124 seconds
[2026-03-23T17:55:50.977+0000] {processor.py:186} INFO - Started process (PID=3679) to work on /opt/airflow/dags/db_and_model_update_dag.py
[2026-03-23T17:55:50.978+0000] {processor.py:914} INFO - Processing file /opt/airflow/dags/db_and_model_update_dag.py for tasks to queue
[2026-03-23T17:55:50.982+0000] {logging_mixin.py:190} INFO - [2026-03-23T17:55:50.981+0000] {dagbag.py:588} INFO - Filling up the DagBag from /opt/airflow/dags/db_and_model_update_dag.py
[2026-03-23T17:55:51.010+0000] {processor.py:925} INFO - DAG(s) 'db_and_model_update' retrieved from /opt/airflow/dags/db_and_model_update_dag.py
[2026-03-23T17:55:51.042+0000] {logging_mixin.py:190} INFO - [2026-03-23T17:55:51.042+0000] {dag.py:3239} INFO - Sync 1 DAGs
[2026-03-23T17:55:51.089+0000] {processor.py:208} INFO - Processing /opt/airflow/dags/db_and_model_update_dag.py took 0.121 seconds
[2026-03-23T17:56:21.283+0000] {processor.py:186} INFO - Started process (PID=3689) to work on /opt/airflow/dags/db_and_model_update_dag.py
[2026-03-23T17:56:21.284+0000] {processor.py:914} INFO - Processing file /opt/airflow/dags/db_and_model_update_dag.py for tasks to queue
[2026-03-23T17:56:21.287+0000] {logging_mixin.py:190} INFO - [2026-03-23T17:56:21.287+0000] {dagbag.py:588} INFO - Filling up the DagBag from /opt/airflow/dags/db_and_model_update_dag.py
[2026-03-23T17:56:21.315+0000] {processor.py:925} INFO - DAG(s) 'db_and_model_update' retrieved from /opt/airflow/dags/db_and_model_update_dag.py
[2026-03-23T17:56:21.355+0000] {logging_mixin.py:190} INFO - [2026-03-23T17:56:21.355+0000] {dag.py:3239} INFO - Sync 1 DAGs
[2026-03-23T17:56:21.403+0000] {processor.py:208} INFO - Processing /opt/airflow/dags/db_and_model_update_dag.py took 0.127 seconds
[2026-03-23T17:56:51.706+0000] {processor.py:186} INFO - Started process (PID=3699) to work on /opt/airflow/dags/db_and_model_update_dag.py
[2026-03-23T17:56:51.707+0000] {processor.py:914} INFO - Processing file /opt/airflow/dags/db_and_model_update_dag.py for tasks to queue
[2026-03-23T17:56:51.710+0000] {logging_mixin.py:190} INFO - [2026-03-23T17:56:51.709+0000] {dagbag.py:588} INFO - Filling up the DagBag from /opt/airflow/dags/db_and_model_update_dag.py
[2026-03-23T17:56:51.729+0000] {processor.py:925} INFO - DAG(s) 'db_and_model_update' retrieved from /opt/airflow/dags/db_and_model_update_dag.py
[2026-03-23T17:56:51.763+0000] {logging_mixin.py:190} INFO - [2026-03-23T17:56:51.762+0000] {dag.py:3239} INFO - Sync 1 DAGs
[2026-03-23T17:56:51.810+0000] {processor.py:208} INFO - Processing /opt/airflow/dags/db_and_model_update_dag.py took 0.112 seconds
[2026-03-23T17:57:28.618+0000] {processor.py:186} INFO - Started process (PID=3709) to work on /opt/airflow/dags/db_and_model_update_dag.py
[2026-03-23T17:57:28.619+0000] {processor.py:914} INFO - Processing file /opt/airflow/dags/db_and_model_update_dag.py for tasks to queue
[2026-03-23T17:57:28.621+0000] {logging_mixin.py:190} INFO - [2026-03-23T17:57:28.621+0000] {dagbag.py:588} INFO - Filling up the DagBag from /opt/airflow/dags/db_and_model_update_dag.py
[2026-03-23T17:57:21.093+0000] {processor.py:925} INFO - DAG(s) 'db_and_model_update' retrieved from /opt/airflow/dags/db_and_model_update_dag.py
[2026-03-23T17:57:21.126+0000] {logging_mixin.py:190} INFO - [2026-03-23T17:57:21.126+0000] {dag.py:3239} INFO - Sync 1 DAGs
[2026-03-23T17:57:21.170+0000] {processor.py:208} INFO - Processing /opt/airflow/dags/db_and_model_update_dag.py took 0.107 seconds
[2026-03-23T17:57:51.373+0000] {processor.py:186} INFO - Started process (PID=3719) to work on /opt/airflow/dags/db_and_model_update_dag.py
[2026-03-23T17:57:51.374+0000] {processor.py:914} INFO - Processing file /opt/airflow/dags/db_and_model_update_dag.py for tasks to queue
[2026-03-23T17:57:51.376+0000] {logging_mixin.py:190} INFO - [2026-03-23T17:57:51.375+0000] {dagbag.py:588} INFO - Filling up the DagBag from /opt/airflow/dags/db_and_model_update_dag.py
[2026-03-23T17:57:51.397+0000] {processor.py:925} INFO - DAG(s) 'db_and_model_update' retrieved from /opt/airflow/dags/db_and_model_update_dag.py
[2026-03-23T17:57:51.427+0000] {logging_mixin.py:190} INFO - [2026-03-23T17:57:51.426+0000] {dag.py:3239} INFO - Sync 1 DAGs
[2026-03-23T17:57:51.466+0000] {processor.py:208} INFO - Processing /opt/airflow/dags/db_and_model_update_dag.py took 0.100 seconds
[2026-03-23T17:58:23.677+0000] {processor.py:186} INFO - Started process (PID=3729) to work on /opt/airflow/dags/db_and_model_update_dag.py
[2026-03-23T17:58:23.678+0000] {processor.py:914} INFO - Processing file /opt/airflow/dags/db_and_model_update_dag.py for tasks to queue
[2026-03-23T17:58:23.681+0000] {logging_mixin.py:190} INFO - [2026-03-23T17:58:23.680+0000] {dagbag.py:588} INFO - Filling up the DagBag from /opt/airflow/dags/db_and_model_update_dag.py
[2026-03-23T17:58:23.705+0000] {processor.py:925} INFO - DAG(s) 'db_and_model_update' retrieved from /opt/airflow/dags/db_and_model_update_dag.py
[2026-03-23T17:58:23.736+0000] {logging_mixin.py:190} INFO - [2026-03-23T17:58:23.736+0000] {dag.py:3239} INFO - Sync 1 DAGs
[2026-03-23T17:58:16.234+0000] {processor.py:208} INFO - Processing /opt/airflow/dags/db_and_model_update_dag.py took 0.118 seconds
[2026-03-23T17:58:46.533+0000] {processor.py:186} INFO - Started process (PID=3739) to work on /opt/airflow/dags/db_and_model_update_dag.py
[2026-03-23T17:58:46.536+0000] {processor.py:914} INFO - Processing file /opt/airflow/dags/db_and_model_update_dag.py for tasks to queue
[2026-03-23T17:58:46.539+0000] {logging_mixin.py:190} INFO - [2026-03-23T17:58:46.539+0000] {dagbag.py:588} INFO - Filling up the DagBag from /opt/airflow/dags/db_and_model_update_dag.py
[2026-03-23T17:58:46.569+0000] {processor.py:925} INFO - DAG(s) 'db_and_model_update' retrieved from /opt/airflow/dags/db_and_model_update_dag.py
[2026-03-23T17:58:46.602+0000] {logging_mixin.py:190} INFO - [2026-03-23T17:58:46.602+0000] {dag.py:3239} INFO - Sync 1 DAGs
[2026-03-23T17:58:46.644+0000] {processor.py:208} INFO - Processing /opt/airflow/dags/db_and_model_update_dag.py took 0.125 seconds
[2026-03-23T17:59:18.808+0000] {processor.py:186} INFO - Started process (PID=3749) to work on /opt/airflow/dags/db_and_model_update_dag.py
[2026-03-23T17:59:18.810+0000] {processor.py:914} INFO - Processing file /opt/airflow/dags/db_and_model_update_dag.py for tasks to queue
[2026-03-23T17:59:18.812+0000] {logging_mixin.py:190} INFO - [2026-03-23T17:59:18.812+0000] {dagbag.py:588} INFO - Filling up the DagBag from /opt/airflow/dags/db_and_model_update_dag.py
[2026-03-23T17:59:18.831+0000] {processor.py:925} INFO - DAG(s) 'db_and_model_update' retrieved from /opt/airflow/dags/db_and_model_update_dag.py
[2026-03-23T17:59:11.312+0000] {logging_mixin.py:190} INFO - [2026-03-23T17:59:11.312+0000] {dag.py:3239} INFO - Sync 1 DAGs
[2026-03-23T17:59:11.381+0000] {processor.py:208} INFO - Processing /opt/airflow/dags/db_and_model_update_dag.py took 0.128 seconds
[2026-03-23T17:59:40.713+0000] {processor.py:186} INFO - Started process (PID=3759) to work on /opt/airflow/dags/db_and_model_update_dag.py
[2026-03-23T17:59:40.714+0000] {processor.py:914} INFO - Processing file /opt/airflow/dags/db_and_model_update_dag.py for tasks to queue
[2026-03-23T17:59:40.717+0000] {logging_mixin.py:190} INFO - [2026-03-23T17:59:40.717+0000] {dagbag.py:588} INFO - Filling up the DagBag from /opt/airflow/dags/db_and_model_update_dag.py
[2026-03-23T17:59:40.741+0000] {processor.py:925} INFO - DAG(s) 'db_and_model_update' retrieved from /opt/airflow/dags/db_and_model_update_dag.py
[2026-03-23T17:59:40.773+0000] {logging_mixin.py:190} INFO - [2026-03-23T17:59:40.773+0000] {dag.py:3239} INFO - Sync 1 DAGs
[2026-03-23T17:59:40.812+0000] {processor.py:208} INFO - Processing /opt/airflow/dags/db_and_model_update_dag.py took 0.107 seconds
[2026-03-23T18:00:11.584+0000] {processor.py:186} INFO - Started process (PID=3769) to work on /opt/airflow/dags/db_and_model_update_dag.py
[2026-03-23T18:00:11.585+0000] {processor.py:914} INFO - Processing file /opt/airflow/dags/db_and_model_update_dag.py for tasks to queue
[2026-03-23T18:00:11.587+0000] {logging_mixin.py:190} INFO - [2026-03-23T18:00:11.587+0000] {dagbag.py:588} INFO - Filling up the DagBag from /opt/airflow/dags/db_and_model_update_dag.py
[2026-03-23T18:00:11.608+0000] {processor.py:925} INFO - DAG(s) 'db_and_model_update' retrieved from /opt/airflow/dags/db_and_model_update_dag.py
[2026-03-23T18:00:11.640+0000] {logging_mixin.py:190} INFO - [2026-03-23T18:00:11.640+0000] {dag.py:3239} INFO - Sync 1 DAGs
[2026-03-23T18:00:11.692+0000] {processor.py:208} INFO - Processing /opt/airflow/dags/db_and_model_update_dag.py took 0.117 seconds
[2026-03-23T18:00:42.501+0000] {processor.py:186} INFO - Started process (PID=3779) to work on /opt/airflow/dags/db_and_model_update_dag.py
[2026-03-23T18:00:42.503+0000] {processor.py:914} INFO - Processing file /opt/airflow/dags/db_and_model_update_dag.py for tasks to queue
[2026-03-23T18:00:42.505+0000] {logging_mixin.py:190} INFO - [2026-03-23T18:00:42.504+0000] {dagbag.py:588} INFO - Filling up the DagBag from /opt/airflow/dags/db_and_model_update_dag.py
[2026-03-23T18:00:42.524+0000] {processor.py:925} INFO - DAG(s) 'db_and_model_update' retrieved from /opt/airflow/dags/db_and_model_update_dag.py
[2026-03-23T18:00:42.554+0000] {logging_mixin.py:190} INFO - [2026-03-23T18:00:42.553+0000] {dag.py:3239} INFO - Sync 1 DAGs
[2026-03-23T18:00:42.596+0000] {processor.py:208} INFO - Processing /opt/airflow/dags/db_and_model_update_dag.py took 0.104 seconds
[2026-03-23T18:01:12.824+0000] {processor.py:186} INFO - Started process (PID=3789) to work on /opt/airflow/dags/db_and_model_update_dag.py
[2026-03-23T18:01:12.826+0000] {processor.py:914} INFO - Processing file /opt/airflow/dags/db_and_model_update_dag.py for tasks to queue
[2026-03-23T18:01:12.832+0000] {logging_mixin.py:190} INFO - [2026-03-23T18:01:12.832+0000] {dagbag.py:588} INFO - Filling up the DagBag from /opt/airflow/dags/db_and_model_update_dag.py
[2026-03-23T18:01:12.853+0000] {processor.py:925} INFO - DAG(s) 'db_and_model_update' retrieved from /opt/airflow/dags/db_and_model_update_dag.py
[2026-03-23T18:01:12.890+0000] {logging_mixin.py:190} INFO - [2026-03-23T18:01:12.890+0000] {dag.py:3239} INFO - Sync 1 DAGs
[2026-03-23T18:01:12.942+0000] {processor.py:208} INFO - Processing /opt/airflow/dags/db_and_model_update_dag.py took 0.133 seconds
[2026-03-23T18:01:43.112+0000] {processor.py:186} INFO - Started process (PID=3799) to work on /opt/airflow/dags/db_and_model_update_dag.py
[2026-03-23T18:01:43.114+0000] {processor.py:914} INFO - Processing file /opt/airflow/dags/db_and_model_update_dag.py for tasks to queue
[2026-03-23T18:01:43.116+0000] {logging_mixin.py:190} INFO - [2026-03-23T18:01:43.116+0000] {dagbag.py:588} INFO - Filling up the DagBag from /opt/airflow/dags/db_and_model_update_dag.py
[2026-03-23T18:01:43.137+0000] {processor.py:925} INFO - DAG(s) 'db_and_model_update' retrieved from /opt/airflow/dags/db_and_model_update_dag.py
[2026-03-23T18:01:43.169+0000] {logging_mixin.py:190} INFO - [2026-03-23T18:01:43.169+0000] {dag.py:3239} INFO - Sync 1 DAGs
[2026-03-23T18:01:43.216+0000] {processor.py:208} INFO - Processing /opt/airflow/dags/db_and_model_update_dag.py took 0.112 seconds
[2026-03-23T18:02:19.083+0000] {processor.py:186} INFO - Started process (PID=3809) to work on /opt/airflow/dags/db_and_model_update_dag.py
[2026-03-23T18:02:19.084+0000] {processor.py:914} INFO - Processing file /opt/airflow/dags/db_and_model_update_dag.py for tasks to queue
[2026-03-23T18:02:19.086+0000] {logging_mixin.py:190} INFO - [2026-03-23T18:02:19.086+0000] {dagbag.py:588} INFO - Filling up the DagBag from /opt/airflow/dags/db_and_model_update_dag.py
[2026-03-23T18:02:11.548+0000] {processor.py:925} INFO - DAG(s) 'db_and_model_update' retrieved from /opt/airflow/dags/db_and_model_update_dag.py
[2026-03-23T18:02:11.584+0000] {logging_mixin.py:190} INFO - [2026-03-23T18:02:11.584+0000] {dag.py:3239} INFO - Sync 1 DAGs
[2026-03-23T18:02:11.644+0000] {processor.py:208} INFO - Processing /opt/airflow/dags/db_and_model_update_dag.py took 0.129 seconds
[2026-03-23T18:02:41.875+0000] {processor.py:186} INFO - Started process (PID=3819) to work on /opt/airflow/dags/db_and_model_update_dag.py
[2026-03-23T18:02:41.880+0000] {processor.py:914} INFO - Processing file /opt/airflow/dags/db_and_model_update_dag.py for tasks to queue
[2026-03-23T18:02:41.883+0000] {logging_mixin.py:190} INFO - [2026-03-23T18:02:41.882+0000] {dagbag.py:588} INFO - Filling up the DagBag from /opt/airflow/dags/db_and_model_update_dag.py
[2026-03-23T18:02:41.905+0000] {processor.py:925} INFO - DAG(s) 'db_and_model_update' retrieved from /opt/airflow/dags/db_and_model_update_dag.py
[2026-03-23T18:02:41.938+0000] {logging_mixin.py:190} INFO - [2026-03-23T18:02:41.937+0000] {dag.py:3239} INFO - Sync 1 DAGs
[2026-03-23T18:02:41.983+0000] {processor.py:208} INFO - Processing /opt/airflow/dags/db_and_model_update_dag.py took 0.116 seconds
[2026-03-23T18:03:12.313+0000] {processor.py:186} INFO - Started process (PID=3829) to work on /opt/airflow/dags/db_and_model_update_dag.py
[2026-03-23T18:03:12.315+0000] {processor.py:914} INFO - Processing file /opt/airflow/dags/db_and_model_update_dag.py for tasks to queue
[2026-03-23T18:03:12.318+0000] {logging_mixin.py:190} INFO - [2026-03-23T18:03:12.318+0000] {dagbag.py:588} INFO - Filling up the DagBag from /opt/airflow/dags/db_and_model_update_dag.py
[2026-03-23T18:03:12.340+0000] {processor.py:925} INFO - DAG(s) 'db_and_model_update' retrieved from /opt/airflow/dags/db_and_model_update_dag.py
[2026-03-23T18:03:12.374+0000] {logging_mixin.py:190} INFO - [2026-03-23T18:03:12.373+0000] {dag.py:3239} INFO - Sync 1 DAGs
[2026-03-23T18:03:12.415+0000] {processor.py:208} INFO - Processing /opt/airflow/dags/db_and_model_update_dag.py took 0.110 seconds
[2026-03-23T18:03:41.733+0000] {processor.py:186} INFO - Started process (PID=3839) to work on /opt/airflow/dags/db_and_model_update_dag.py
[2026-03-23T18:03:41.734+0000] {processor.py:914} INFO - Processing file /opt/airflow/dags/db_and_model_update_dag.py for tasks to queue
[2026-03-23T18:03:41.737+0000] {logging_mixin.py:190} INFO - [2026-03-23T18:03:41.737+0000] {dagbag.py:588} INFO - Filling up the DagBag from /opt/airflow/dags/db_and_model_update_dag.py
[2026-03-23T18:03:41.775+0000] {processor.py:925} INFO - DAG(s) 'db_and_model_update' retrieved from /opt/airflow/dags/db_and_model_update_dag.py
[2026-03-23T18:03:41.813+0000] {logging_mixin.py:190} INFO - [2026-03-23T18:03:41.812+0000] {dag.py:3239} INFO - Sync 1 DAGs
[2026-03-23T18:03:41.853+0000] {processor.py:208} INFO - Processing /opt/airflow/dags/db_and_model_update_dag.py took 0.135 seconds
[2026-03-23T18:04:12.164+0000] {processor.py:186} INFO - Started process (PID=3849) to work on /opt/airflow/dags/db_and_model_update_dag.py
[2026-03-23T18:04:12.166+0000] {processor.py:914} INFO - Processing file /opt/airflow/dags/db_and_model_update_dag.py for tasks to queue
[2026-03-23T18:04:12.168+0000] {logging_mixin.py:190} INFO - [2026-03-23T18:04:12.168+0000] {dagbag.py:588} INFO - Filling up the DagBag from /opt/airflow/dags/db_and_model_update_dag.py
[2026-03-23T18:04:12.201+0000] {processor.py:925} INFO - DAG(s) 'db_and_model_update' retrieved from /opt/airflow/dags/db_and_model_update_dag.py
[2026-03-23T18:04:12.238+0000] {logging_mixin.py:190} INFO - [2026-03-23T18:04:12.238+0000] {dag.py:3239} INFO - Sync 1 DAGs
[2026-03-23T18:04:12.294+0000] {processor.py:208} INFO - Processing /opt/airflow/dags/db_and_model_update_dag.py took 0.143 seconds
[2026-03-23T18:04:48.234+0000] {processor.py:186} INFO - Started process (PID=3859) to work on /opt/airflow/dags/db_and_model_update_dag.py
[2026-03-23T18:04:48.236+0000] {processor.py:914} INFO - Processing file /opt/airflow/dags/db_and_model_update_dag.py for tasks to queue
[2026-03-23T18:04:48.238+0000] {logging_mixin.py:190} INFO - [2026-03-23T18:04:48.238+0000] {dagbag.py:588} INFO - Filling up the DagBag from /opt/airflow/dags/db_and_model_update_dag.py
[2026-03-23T18:04:40.711+0000] {processor.py:925} INFO - DAG(s) 'db_and_model_update' retrieved from /opt/airflow/dags/db_and_model_update_dag.py
[2026-03-23T18:04:40.744+0000] {logging_mixin.py:190} INFO - [2026-03-23T18:04:40.744+0000] {dag.py:3239} INFO - Sync 1 DAGs
[2026-03-23T18:04:40.807+0000] {processor.py:208} INFO - Processing /opt/airflow/dags/db_and_model_update_dag.py took 0.134 seconds
[2026-03-23T18:05:11.204+0000] {processor.py:186} INFO - Started process (PID=3869) to work on /opt/airflow/dags/db_and_model_update_dag.py
[2026-03-23T18:05:11.205+0000] {processor.py:914} INFO - Processing file /opt/airflow/dags/db_and_model_update_dag.py for tasks to queue
[2026-03-23T18:05:11.208+0000] {logging_mixin.py:190} INFO - [2026-03-23T18:05:11.208+0000] {dagbag.py:588} INFO - Filling up the DagBag from /opt/airflow/dags/db_and_model_update_dag.py
[2026-03-23T18:05:11.234+0000] {processor.py:925} INFO - DAG(s) 'db_and_model_update' retrieved from /opt/airflow/dags/db_and_model_update_dag.py
[2026-03-23T18:05:11.266+0000] {logging_mixin.py:190} INFO - [2026-03-23T18:05:11.266+0000] {dag.py:3239} INFO - Sync 1 DAGs
[2026-03-23T18:05:11.311+0000] {processor.py:208} INFO - Processing /opt/airflow/dags/db_and_model_update_dag.py took 0.114 seconds
[2026-03-23T18:05:41.582+0000] {processor.py:186} INFO - Started process (PID=3879) to work on /opt/airflow/dags/db_and_model_update_dag.py
[2026-03-23T18:05:41.583+0000] {processor.py:914} INFO - Processing file /opt/airflow/dags/db_and_model_update_dag.py for tasks to queue
[2026-03-23T18:05:41.585+0000] {logging_mixin.py:190} INFO - [2026-03-23T18:05:41.585+0000] {dagbag.py:588} INFO - Filling up the DagBag from /opt/airflow/dags/db_and_model_update_dag.py
[2026-03-23T18:05:41.605+0000] {processor.py:925} INFO - DAG(s) 'db_and_model_update' retrieved from /opt/airflow/dags/db_and_model_update_dag.py
[2026-03-23T18:05:41.634+0000] {logging_mixin.py:190} INFO - [2026-03-23T18:05:41.633+0000] {dag.py:3239} INFO - Sync 1 DAGs
[2026-03-23T18:05:41.675+0000] {processor.py:208} INFO - Processing /opt/airflow/dags/db_and_model_update_dag.py took 0.103 seconds
[2026-03-23T18:06:14.416+0000] {processor.py:186} INFO - Started process (PID=3889) to work on /opt/airflow/dags/db_and_model_update_dag.py
[2026-03-23T18:06:14.417+0000] {processor.py:914} INFO - Processing file /opt/airflow/dags/db_and_model_update_dag.py for tasks to queue
[2026-03-23T18:06:14.420+0000] {logging_mixin.py:190} INFO - [2026-03-23T18:06:14.419+0000] {dagbag.py:588} INFO - Filling up the DagBag from /opt/airflow/dags/db_and_model_update_dag.py
[2026-03-23T18:06:14.446+0000] {processor.py:925} INFO - DAG(s) 'db_and_model_update' retrieved from /opt/airflow/dags/db_and_model_update_dag.py
[2026-03-23T18:06:06.913+0000] {logging_mixin.py:190} INFO - [2026-03-23T18:06:06.913+0000] {dag.py:3239} INFO - Sync 1 DAGs
[2026-03-23T18:06:06.963+0000] {processor.py:208} INFO - Processing /opt/airflow/dags/db_and_model_update_dag.py took 0.124 seconds
[2026-03-23T18:06:37.281+0000] {processor.py:186} INFO - Started process (PID=3899) to work on /opt/airflow/dags/db_and_model_update_dag.py
[2026-03-23T18:06:37.282+0000] {processor.py:914} INFO - Processing file /opt/airflow/dags/db_and_model_update_dag.py for tasks to queue
[2026-03-23T18:06:37.284+0000] {logging_mixin.py:190} INFO - [2026-03-23T18:06:37.284+0000] {dagbag.py:588} INFO - Filling up the DagBag from /opt/airflow/dags/db_and_model_update_dag.py
[2026-03-23T18:06:37.307+0000] {processor.py:925} INFO - DAG(s) 'db_and_model_update' retrieved from /opt/airflow/dags/db_and_model_update_dag.py
[2026-03-23T18:06:37.338+0000] {logging_mixin.py:190} INFO - [2026-03-23T18:06:37.338+0000] {dag.py:3239} INFO - Sync 1 DAGs
[2026-03-23T18:06:37.379+0000] {processor.py:208} INFO - Processing /opt/airflow/dags/db_and_model_update_dag.py took 0.108 seconds
[2026-03-23T18:07:07.688+0000] {processor.py:186} INFO - Started process (PID=3909) to work on /opt/airflow/dags/db_and_model_update_dag.py
[2026-03-23T18:07:07.691+0000] {processor.py:914} INFO - Processing file /opt/airflow/dags/db_and_model_update_dag.py for tasks to queue
[2026-03-23T18:07:07.696+0000] {logging_mixin.py:190} INFO - [2026-03-23T18:07:07.694+0000] {dagbag.py:588} INFO - Filling up the DagBag from /opt/airflow/dags/db_and_model_update_dag.py
[2026-03-23T18:07:07.756+0000] {processor.py:925} INFO - DAG(s) 'db_and_model_update' retrieved from /opt/airflow/dags/db_and_model_update_dag.py
[2026-03-23T18:07:07.800+0000] {logging_mixin.py:190} INFO - [2026-03-23T18:07:07.800+0000] {dag.py:3239} INFO - Sync 1 DAGs
[2026-03-23T18:07:07.853+0000] {processor.py:208} INFO - Processing /opt/airflow/dags/db_and_model_update_dag.py took 0.176 seconds
[2026-03-23T18:07:44.573+0000] {processor.py:186} INFO - Started process (PID=3919) to work on /opt/airflow/dags/db_and_model_update_dag.py
[2026-03-23T18:07:44.575+0000] {processor.py:914} INFO - Processing file /opt/airflow/dags/db_and_model_update_dag.py for tasks to queue
[2026-03-23T18:07:44.578+0000] {logging_mixin.py:190} INFO - [2026-03-23T18:07:44.578+0000] {dagbag.py:588} INFO - Filling up the DagBag from /opt/airflow/dags/db_and_model_update_dag.py
[2026-03-23T18:07:37.034+0000] {processor.py:925} INFO - DAG(s) 'db_and_model_update' retrieved from /opt/airflow/dags/db_and_model_update_dag.py
[2026-03-23T18:07:37.074+0000] {logging_mixin.py:190} INFO - [2026-03-23T18:07:37.074+0000] {dag.py:3239} INFO - Sync 1 DAGs
[2026-03-23T18:07:37.119+0000] {processor.py:208} INFO - Processing /opt/airflow/dags/db_and_model_update_dag.py took 0.125 seconds
[2026-03-23T18:08:07.452+0000] {processor.py:186} INFO - Started process (PID=3929) to work on /opt/airflow/dags/db_and_model_update_dag.py
[2026-03-23T18:08:07.454+0000] {processor.py:914} INFO - Processing file /opt/airflow/dags/db_and_model_update_dag.py for tasks to queue
[2026-03-23T18:08:07.456+0000] {logging_mixin.py:190} INFO - [2026-03-23T18:08:07.456+0000] {dagbag.py:588} INFO - Filling up the DagBag from /opt/airflow/dags/db_and_model_update_dag.py
[2026-03-23T18:08:07.484+0000] {processor.py:925} INFO - DAG(s) 'db_and_model_update' retrieved from /opt/airflow/dags/db_and_model_update_dag.py
[2026-03-23T18:08:07.515+0000] {logging_mixin.py:190} INFO - [2026-03-23T18:08:07.514+0000] {dag.py:3239} INFO - Sync 1 DAGs
[2026-03-23T18:08:07.569+0000] {processor.py:208} INFO - Processing /opt/airflow/dags/db_and_model_update_dag.py took 0.125 seconds
[2026-03-23T18:08:37.751+0000] {processor.py:186} INFO - Started process (PID=3939) to work on /opt/airflow/dags/db_and_model_update_dag.py
[2026-03-23T18:08:37.752+0000] {processor.py:914} INFO - Processing file /opt/airflow/dags/db_and_model_update_dag.py for tasks to queue
[2026-03-23T18:08:37.755+0000] {logging_mixin.py:190} INFO - [2026-03-23T18:08:37.755+0000] {dagbag.py:588} INFO - Filling up the DagBag from /opt/airflow/dags/db_and_model_update_dag.py
[2026-03-23T18:08:37.786+0000] {processor.py:925} INFO - DAG(s) 'db_and_model_update' retrieved from /opt/airflow/dags/db_and_model_update_dag.py
[2026-03-23T18:08:37.823+0000] {logging_mixin.py:190} INFO - [2026-03-23T18:08:37.823+0000] {dag.py:3239} INFO - Sync 1 DAGs
[2026-03-23T18:08:37.872+0000] {processor.py:208} INFO - Processing /opt/airflow/dags/db_and_model_update_dag.py took 0.129 seconds
[2026-03-23T18:09:07.138+0000] {processor.py:186} INFO - Started process (PID=3949) to work on /opt/airflow/dags/db_and_model_update_dag.py
[2026-03-23T18:09:07.140+0000] {processor.py:914} INFO - Processing file /opt/airflow/dags/db_and_model_update_dag.py for tasks to queue
[2026-03-23T18:09:07.148+0000] {logging_mixin.py:190} INFO - [2026-03-23T18:09:07.146+0000] {dagbag.py:588} INFO - Filling up the DagBag from /opt/airflow/dags/db_and_model_update_dag.py
[2026-03-23T18:09:07.181+0000] {processor.py:925} INFO - DAG(s) 'db_and_model_update' retrieved from /opt/airflow/dags/db_and_model_update_dag.py
[2026-03-23T18:09:07.221+0000] {logging_mixin.py:190} INFO - [2026-03-23T18:09:07.220+0000] {dag.py:3239} INFO - Sync 1 DAGs
[2026-03-23T18:09:07.273+0000] {processor.py:208} INFO - Processing /opt/airflow/dags/db_and_model_update_dag.py took 0.145 seconds
[2026-03-23T18:09:37.452+0000] {processor.py:186} INFO - Started process (PID=3959) to work on /opt/airflow/dags/db_and_model_update_dag.py
[2026-03-23T18:09:37.454+0000] {processor.py:914} INFO - Processing file /opt/airflow/dags/db_and_model_update_dag.py for tasks to queue
[2026-03-23T18:09:37.456+0000] {logging_mixin.py:190} INFO - [2026-03-23T18:09:37.456+0000] {dagbag.py:588} INFO - Filling up the DagBag from /opt/airflow/dags/db_and_model_update_dag.py
[2026-03-23T18:09:37.479+0000] {processor.py:925} INFO - DAG(s) 'db_and_model_update' retrieved from /opt/airflow/dags/db_and_model_update_dag.py
[2026-03-23T18:09:37.512+0000] {logging_mixin.py:190} INFO - [2026-03-23T18:09:37.512+0000] {dag.py:3239} INFO - Sync 1 DAGs
[2026-03-23T18:09:37.558+0000] {processor.py:208} INFO - Processing /opt/airflow/dags/db_and_model_update_dag.py took 0.114 seconds
[2026-03-23T18:10:15.503+0000] {processor.py:186} INFO - Started process (PID=3969) to work on /opt/airflow/dags/db_and_model_update_dag.py
[2026-03-23T18:10:15.512+0000] {processor.py:914} INFO - Processing file /opt/airflow/dags/db_and_model_update_dag.py for tasks to queue
[2026-03-23T18:10:15.518+0000] {logging_mixin.py:190} INFO - [2026-03-23T18:10:15.517+0000] {dagbag.py:588} INFO - Filling up the DagBag from /opt/airflow/dags/db_and_model_update_dag.py
[2026-03-23T18:10:08.018+0000] {processor.py:925} INFO - DAG(s) 'db_and_model_update' retrieved from /opt/airflow/dags/db_and_model_update_dag.py
[2026-03-23T18:10:08.073+0000] {logging_mixin.py:190} INFO - [2026-03-23T18:10:08.072+0000] {dag.py:3239} INFO - Sync 1 DAGs
[2026-03-23T18:10:08.123+0000] {processor.py:208} INFO - Processing /opt/airflow/dags/db_and_model_update_dag.py took 0.223 seconds
[2026-03-23T18:10:38.528+0000] {processor.py:186} INFO - Started process (PID=3979) to work on /opt/airflow/dags/db_and_model_update_dag.py
[2026-03-23T18:10:38.530+0000] {processor.py:914} INFO - Processing file /opt/airflow/dags/db_and_model_update_dag.py for tasks to queue
[2026-03-23T18:10:38.534+0000] {logging_mixin.py:190} INFO - [2026-03-23T18:10:38.534+0000] {dagbag.py:588} INFO - Filling up the DagBag from /opt/airflow/dags/db_and_model_update_dag.py
[2026-03-23T18:10:38.560+0000] {processor.py:925} INFO - DAG(s) 'db_and_model_update' retrieved from /opt/airflow/dags/db_and_model_update_dag.py
[2026-03-23T18:10:38.599+0000] {logging_mixin.py:190} INFO - [2026-03-23T18:10:38.599+0000] {dag.py:3239} INFO - Sync 1 DAGs
[2026-03-23T18:10:38.646+0000] {processor.py:208} INFO - Processing /opt/airflow/dags/db_and_model_update_dag.py took 0.131 seconds
[2026-03-23T18:11:08.961+0000] {processor.py:186} INFO - Started process (PID=3989) to work on /opt/airflow/dags/db_and_model_update_dag.py
[2026-03-23T18:11:08.967+0000] {processor.py:914} INFO - Processing file /opt/airflow/dags/db_and_model_update_dag.py for tasks to queue
[2026-03-23T18:11:08.971+0000] {logging_mixin.py:190} INFO - [2026-03-23T18:11:08.971+0000] {dagbag.py:588} INFO - Filling up the DagBag from /opt/airflow/dags/db_and_model_update_dag.py
[2026-03-23T18:11:08.994+0000] {processor.py:925} INFO - DAG(s) 'db_and_model_update' retrieved from /opt/airflow/dags/db_and_model_update_dag.py
[2026-03-23T18:11:09.026+0000] {logging_mixin.py:190} INFO - [2026-03-23T18:11:09.026+0000] {dag.py:3239} INFO - Sync 1 DAGs
[2026-03-23T18:11:09.078+0000] {processor.py:208} INFO - Processing /opt/airflow/dags/db_and_model_update_dag.py took 0.128 seconds
[2026-03-23T18:11:37.341+0000] {processor.py:186} INFO - Started process (PID=3999) to work on /opt/airflow/dags/db_and_model_update_dag.py
[2026-03-23T18:11:37.342+0000] {processor.py:914} INFO - Processing file /opt/airflow/dags/db_and_model_update_dag.py for tasks to queue
[2026-03-23T18:11:37.346+0000] {logging_mixin.py:190} INFO - [2026-03-23T18:11:37.345+0000] {dagbag.py:588} INFO - Filling up the DagBag from /opt/airflow/dags/db_and_model_update_dag.py
[2026-03-23T18:11:37.366+0000] {processor.py:925} INFO - DAG(s) 'db_and_model_update' retrieved from /opt/airflow/dags/db_and_model_update_dag.py
[2026-03-23T18:11:37.397+0000] {logging_mixin.py:190} INFO - [2026-03-23T18:11:37.396+0000] {dag.py:3239} INFO - Sync 1 DAGs
[2026-03-23T18:11:37.438+0000] {processor.py:208} INFO - Processing /opt/airflow/dags/db_and_model_update_dag.py took 0.105 seconds
[2026-03-23T18:12:08.279+0000] {processor.py:186} INFO - Started process (PID=4009) to work on /opt/airflow/dags/db_and_model_update_dag.py
[2026-03-23T18:12:08.281+0000] {processor.py:914} INFO - Processing file /opt/airflow/dags/db_and_model_update_dag.py for tasks to queue
[2026-03-23T18:12:08.283+0000] {logging_mixin.py:190} INFO - [2026-03-23T18:12:08.283+0000] {dagbag.py:588} INFO - Filling up the DagBag from /opt/airflow/dags/db_and_model_update_dag.py
[2026-03-23T18:12:08.305+0000] {processor.py:925} INFO - DAG(s) 'db_and_model_update' retrieved from /opt/airflow/dags/db_and_model_update_dag.py
[2026-03-23T18:12:08.343+0000] {logging_mixin.py:190} INFO - [2026-03-23T18:12:08.343+0000] {dag.py:3239} INFO - Sync 1 DAGs
[2026-03-23T18:12:08.390+0000] {processor.py:208} INFO - Processing /opt/airflow/dags/db_and_model_update_dag.py took 0.118 seconds
[2026-03-23T18:12:39.185+0000] {processor.py:186} INFO - Started process (PID=4019) to work on /opt/airflow/dags/db_and_model_update_dag.py
[2026-03-23T18:12:39.186+0000] {processor.py:914} INFO - Processing file /opt/airflow/dags/db_and_model_update_dag.py for tasks to queue
[2026-03-23T18:12:39.188+0000] {logging_mixin.py:190} INFO - [2026-03-23T18:12:39.188+0000] {dagbag.py:588} INFO - Filling up the DagBag from /opt/airflow/dags/db_and_model_update_dag.py
[2026-03-23T18:12:39.218+0000] {processor.py:925} INFO - DAG(s) 'db_and_model_update' retrieved from /opt/airflow/dags/db_and_model_update_dag.py
[2026-03-23T18:12:39.245+0000] {logging_mixin.py:190} INFO - [2026-03-23T18:12:39.245+0000] {dag.py:3239} INFO - Sync 1 DAGs
[2026-03-23T18:12:39.281+0000] {processor.py:208} INFO - Processing /opt/airflow/dags/db_and_model_update_dag.py took 0.104 seconds
[2026-03-23T18:13:15.060+0000] {processor.py:186} INFO - Started process (PID=4029) to work on /opt/airflow/dags/db_and_model_update_dag.py
[2026-03-23T18:13:15.061+0000] {processor.py:914} INFO - Processing file /opt/airflow/dags/db_and_model_update_dag.py for tasks to queue
[2026-03-23T18:13:15.064+0000] {logging_mixin.py:190} INFO - [2026-03-23T18:13:15.063+0000] {dagbag.py:588} INFO - Filling up the DagBag from /opt/airflow/dags/db_and_model_update_dag.py
[2026-03-23T18:13:07.493+0000] {processor.py:925} INFO - DAG(s) 'db_and_model_update' retrieved from /opt/airflow/dags/db_and_model_update_dag.py
[2026-03-23T18:13:07.524+0000] {logging_mixin.py:190} INFO - [2026-03-23T18:13:07.523+0000] {dag.py:3239} INFO - Sync 1 DAGs
[2026-03-23T18:13:07.573+0000] {processor.py:208} INFO - Processing /opt/airflow/dags/db_and_model_update_dag.py took 0.109 seconds
[2026-03-23T18:13:37.956+0000] {processor.py:186} INFO - Started process (PID=4039) to work on /opt/airflow/dags/db_and_model_update_dag.py
[2026-03-23T18:13:37.965+0000] {processor.py:914} INFO - Processing file /opt/airflow/dags/db_and_model_update_dag.py for tasks to queue
[2026-03-23T18:13:37.970+0000] {logging_mixin.py:190} INFO - [2026-03-23T18:13:37.970+0000] {dagbag.py:588} INFO - Filling up the DagBag from /opt/airflow/dags/db_and_model_update_dag.py
[2026-03-23T18:13:38.018+0000] {processor.py:925} INFO - DAG(s) 'db_and_model_update' retrieved from /opt/airflow/dags/db_and_model_update_dag.py
[2026-03-23T18:13:38.060+0000] {logging_mixin.py:190} INFO - [2026-03-23T18:13:38.059+0000] {dag.py:3239} INFO - Sync 1 DAGs
[2026-03-23T18:13:38.108+0000] {processor.py:208} INFO - Processing /opt/airflow/dags/db_and_model_update_dag.py took 0.184 seconds
[2026-03-23T18:14:15.814+0000] {processor.py:186} INFO - Started process (PID=4049) to work on /opt/airflow/dags/db_and_model_update_dag.py
[2026-03-23T18:14:15.815+0000] {processor.py:914} INFO - Processing file /opt/airflow/dags/db_and_model_update_dag.py for tasks to queue
[2026-03-23T18:14:15.818+0000] {logging_mixin.py:190} INFO - [2026-03-23T18:14:15.817+0000] {dagbag.py:588} INFO - Filling up the DagBag from /opt/airflow/dags/db_and_model_update_dag.py
[2026-03-23T18:14:15.841+0000] {processor.py:925} INFO - DAG(s) 'db_and_model_update' retrieved from /opt/airflow/dags/db_and_model_update_dag.py
[2026-03-23T18:14:15.873+0000] {logging_mixin.py:190} INFO - [2026-03-23T18:14:15.873+0000] {dag.py:3239} INFO - Sync 1 DAGs
[2026-03-23T18:14:15.914+0000] {processor.py:208} INFO - Processing /opt/airflow/dags/db_and_model_update_dag.py took 0.109 seconds
[2026-03-23T18:14:46.220+0000] {processor.py:186} INFO - Started process (PID=4059) to work on /opt/airflow/dags/db_and_model_update_dag.py
[2026-03-23T18:14:46.222+0000] {processor.py:914} INFO - Processing file /opt/airflow/dags/db_and_model_update_dag.py for tasks to queue
[2026-03-23T18:14:46.224+0000] {logging_mixin.py:190} INFO - [2026-03-23T18:14:46.223+0000] {dagbag.py:588} INFO - Filling up the DagBag from /opt/airflow/dags/db_and_model_update_dag.py
[2026-03-23T18:14:46.242+0000] {processor.py:925} INFO - DAG(s) 'db_and_model_update' retrieved from /opt/airflow/dags/db_and_model_update_dag.py
[2026-03-23T18:14:46.270+0000] {logging_mixin.py:190} INFO - [2026-03-23T18:14:46.270+0000] {dag.py:3239} INFO - Sync 1 DAGs
[2026-03-23T18:14:46.307+0000] {processor.py:208} INFO - Processing /opt/airflow/dags/db_and_model_update_dag.py took 0.093 seconds
[2026-03-23T18:15:16.509+0000] {processor.py:186} INFO - Started process (PID=4069) to work on /opt/airflow/dags/db_and_model_update_dag.py
[2026-03-23T18:15:16.516+0000] {processor.py:914} INFO - Processing file /opt/airflow/dags/db_and_model_update_dag.py for tasks to queue
[2026-03-23T18:15:16.520+0000] {logging_mixin.py:190} INFO - [2026-03-23T18:15:16.520+0000] {dagbag.py:588} INFO - Filling up the DagBag from /opt/airflow/dags/db_and_model_update_dag.py
[2026-03-23T18:15:16.549+0000] {processor.py:925} INFO - DAG(s) 'db_and_model_update' retrieved from /opt/airflow/dags/db_and_model_update_dag.py
[2026-03-23T18:15:16.584+0000] {logging_mixin.py:190} INFO - [2026-03-23T18:15:16.583+0000] {dag.py:3239} INFO - Sync 1 DAGs
[2026-03-23T18:15:16.623+0000] {processor.py:208} INFO - Processing /opt/airflow/dags/db_and_model_update_dag.py took 0.125 seconds
[2026-03-23T18:15:46.940+0000] {processor.py:186} INFO - Started process (PID=4079) to work on /opt/airflow/dags/db_and_model_update_dag.py
[2026-03-23T18:15:46.942+0000] {processor.py:914} INFO - Processing file /opt/airflow/dags/db_and_model_update_dag.py for tasks to queue
[2026-03-23T18:15:46.945+0000] {logging_mixin.py:190} INFO - [2026-03-23T18:15:46.944+0000] {dagbag.py:588} INFO - Filling up the DagBag from /opt/airflow/dags/db_and_model_update_dag.py
[2026-03-23T18:15:46.970+0000] {processor.py:925} INFO - DAG(s) 'db_and_model_update' retrieved from /opt/airflow/dags/db_and_model_update_dag.py
[2026-03-23T18:15:47.000+0000] {logging_mixin.py:190} INFO - [2026-03-23T18:15:47.000+0000] {dag.py:3239} INFO - Sync 1 DAGs
[2026-03-23T18:15:47.037+0000] {processor.py:208} INFO - Processing /opt/airflow/dags/db_and_model_update_dag.py took 0.104 seconds
[2026-03-23T18:16:17.338+0000] {processor.py:186} INFO - Started process (PID=4089) to work on /opt/airflow/dags/db_and_model_update_dag.py
[2026-03-23T18:16:17.340+0000] {processor.py:914} INFO - Processing file /opt/airflow/dags/db_and_model_update_dag.py for tasks to queue
[2026-03-23T18:16:17.346+0000] {logging_mixin.py:190} INFO - [2026-03-23T18:16:17.345+0000] {dagbag.py:588} INFO - Filling up the DagBag from /opt/airflow/dags/db_and_model_update_dag.py
[2026-03-23T18:16:17.370+0000] {processor.py:925} INFO - DAG(s) 'db_and_model_update' retrieved from /opt/airflow/dags/db_and_model_update_dag.py
[2026-03-23T18:16:17.404+0000] {logging_mixin.py:190} INFO - [2026-03-23T18:16:17.403+0000] {dag.py:3239} INFO - Sync 1 DAGs
[2026-03-23T18:16:17.442+0000] {processor.py:208} INFO - Processing /opt/airflow/dags/db_and_model_update_dag.py took 0.117 seconds
[2026-03-23T18:16:50.300+0000] {processor.py:186} INFO - Started process (PID=4099) to work on /opt/airflow/dags/db_and_model_update_dag.py
[2026-03-23T18:16:50.302+0000] {processor.py:914} INFO - Processing file /opt/airflow/dags/db_and_model_update_dag.py for tasks to queue
[2026-03-23T18:16:50.305+0000] {logging_mixin.py:190} INFO - [2026-03-23T18:16:50.305+0000] {dagbag.py:588} INFO - Filling up the DagBag from /opt/airflow/dags/db_and_model_update_dag.py
[2026-03-23T18:16:50.331+0000] {processor.py:925} INFO - DAG(s) 'db_and_model_update' retrieved from /opt/airflow/dags/db_and_model_update_dag.py
[2026-03-23T18:16:42.773+0000] {logging_mixin.py:190} INFO - [2026-03-23T18:16:42.772+0000] {dag.py:3239} INFO - Sync 1 DAGs
[2026-03-23T18:16:42.820+0000] {processor.py:208} INFO - Processing /opt/airflow/dags/db_and_model_update_dag.py took 0.119 seconds
[2026-03-23T18:17:13.133+0000] {processor.py:186} INFO - Started process (PID=4109) to work on /opt/airflow/dags/db_and_model_update_dag.py
[2026-03-23T18:17:13.134+0000] {processor.py:914} INFO - Processing file /opt/airflow/dags/db_and_model_update_dag.py for tasks to queue
[2026-03-23T18:17:13.136+0000] {logging_mixin.py:190} INFO - [2026-03-23T18:17:13.136+0000] {dagbag.py:588} INFO - Filling up the DagBag from /opt/airflow/dags/db_and_model_update_dag.py
[2026-03-23T18:17:13.156+0000] {processor.py:925} INFO - DAG(s) 'db_and_model_update' retrieved from /opt/airflow/dags/db_and_model_update_dag.py
[2026-03-23T18:17:13.184+0000] {logging_mixin.py:190} INFO - [2026-03-23T18:17:13.184+0000] {dag.py:3239} INFO - Sync 1 DAGs
[2026-03-23T18:17:13.227+0000] {processor.py:208} INFO - Processing /opt/airflow/dags/db_and_model_update_dag.py took 0.102 seconds
[2026-03-23T18:17:43.527+0000] {processor.py:186} INFO - Started process (PID=4119) to work on /opt/airflow/dags/db_and_model_update_dag.py
[2026-03-23T18:17:43.528+0000] {processor.py:914} INFO - Processing file /opt/airflow/dags/db_and_model_update_dag.py for tasks to queue
[2026-03-23T18:17:43.530+0000] {logging_mixin.py:190} INFO - [2026-03-23T18:17:43.530+0000] {dagbag.py:588} INFO - Filling up the DagBag from /opt/airflow/dags/db_and_model_update_dag.py
[2026-03-23T18:17:43.549+0000] {processor.py:925} INFO - DAG(s) 'db_and_model_update' retrieved from /opt/airflow/dags/db_and_model_update_dag.py
[2026-03-23T18:17:43.578+0000] {logging_mixin.py:190} INFO - [2026-03-23T18:17:43.577+0000] {dag.py:3239} INFO - Sync 1 DAGs
[2026-03-23T18:17:43.617+0000] {processor.py:208} INFO - Processing /opt/airflow/dags/db_and_model_update_dag.py took 0.098 seconds
[2026-03-23T18:18:16.018+0000] {processor.py:186} INFO - Started process (PID=4129) to work on /opt/airflow/dags/db_and_model_update_dag.py
[2026-03-23T18:18:16.019+0000] {processor.py:914} INFO - Processing file /opt/airflow/dags/db_and_model_update_dag.py for tasks to queue
[2026-03-23T18:18:16.022+0000] {logging_mixin.py:190} INFO - [2026-03-23T18:18:16.021+0000] {dagbag.py:588} INFO - Filling up the DagBag from /opt/airflow/dags/db_and_model_update_dag.py
[2026-03-23T18:18:16.043+0000] {processor.py:925} INFO - DAG(s) 'db_and_model_update' retrieved from /opt/airflow/dags/db_and_model_update_dag.py
[2026-03-23T18:18:16.072+0000] {logging_mixin.py:190} INFO - [2026-03-23T18:18:16.072+0000] {dag.py:3239} INFO - Sync 1 DAGs
[2026-03-23T18:18:16.116+0000] {processor.py:208} INFO - Processing /opt/airflow/dags/db_and_model_update_dag.py took 0.105 seconds
[2026-03-23T18:18:46.237+0000] {processor.py:186} INFO - Started process (PID=4139) to work on /opt/airflow/dags/db_and_model_update_dag.py
[2026-03-23T18:18:46.238+0000] {processor.py:914} INFO - Processing file /opt/airflow/dags/db_and_model_update_dag.py for tasks to queue
[2026-03-23T18:18:46.241+0000] {logging_mixin.py:190} INFO - [2026-03-23T18:18:46.240+0000] {dagbag.py:588} INFO - Filling up the DagBag from /opt/airflow/dags/db_and_model_update_dag.py
[2026-03-23T18:18:46.259+0000] {processor.py:925} INFO - DAG(s) 'db_and_model_update' retrieved from /opt/airflow/dags/db_and_model_update_dag.py
[2026-03-23T18:18:46.289+0000] {logging_mixin.py:190} INFO - [2026-03-23T18:18:46.288+0000] {dag.py:3239} INFO - Sync 1 DAGs
[2026-03-23T18:18:46.340+0000] {processor.py:208} INFO - Processing /opt/airflow/dags/db_and_model_update_dag.py took 0.110 seconds
[2026-03-23T18:19:16.606+0000] {processor.py:186} INFO - Started process (PID=4149) to work on /opt/airflow/dags/db_and_model_update_dag.py
[2026-03-23T18:19:16.608+0000] {processor.py:914} INFO - Processing file /opt/airflow/dags/db_and_model_update_dag.py for tasks to queue
[2026-03-23T18:19:16.610+0000] {logging_mixin.py:190} INFO - [2026-03-23T18:19:16.610+0000] {dagbag.py:588} INFO - Filling up the DagBag from /opt/airflow/dags/db_and_model_update_dag.py
[2026-03-23T18:19:16.629+0000] {processor.py:925} INFO - DAG(s) 'db_and_model_update' retrieved from /opt/airflow/dags/db_and_model_update_dag.py
[2026-03-23T18:19:16.658+0000] {logging_mixin.py:190} INFO - [2026-03-23T18:19:16.658+0000] {dag.py:3239} INFO - Sync 1 DAGs
[2026-03-23T18:19:16.697+0000] {processor.py:208} INFO - Processing /opt/airflow/dags/db_and_model_update_dag.py took 0.101 seconds
[2026-03-23T18:19:43.042+0000] {processor.py:186} INFO - Started process (PID=4159) to work on /opt/airflow/dags/db_and_model_update_dag.py
[2026-03-23T18:19:43.043+0000] {processor.py:914} INFO - Processing file /opt/airflow/dags/db_and_model_update_dag.py for tasks to queue
[2026-03-23T18:19:43.046+0000] {logging_mixin.py:190} INFO - [2026-03-23T18:19:43.046+0000] {dagbag.py:588} INFO - Filling up the DagBag from /opt/airflow/dags/db_and_model_update_dag.py
[2026-03-23T18:19:43.070+0000] {processor.py:925} INFO - DAG(s) 'db_and_model_update' retrieved from /opt/airflow/dags/db_and_model_update_dag.py
[2026-03-23T18:19:43.109+0000] {logging_mixin.py:190} INFO - [2026-03-23T18:19:43.109+0000] {dag.py:3239} INFO - Sync 1 DAGs
[2026-03-23T18:19:43.155+0000] {processor.py:208} INFO - Processing /opt/airflow/dags/db_and_model_update_dag.py took 0.122 seconds
[2026-03-23T18:20:13.455+0000] {processor.py:186} INFO - Started process (PID=4169) to work on /opt/airflow/dags/db_and_model_update_dag.py
[2026-03-23T18:20:13.456+0000] {processor.py:914} INFO - Processing file /opt/airflow/dags/db_and_model_update_dag.py for tasks to queue
[2026-03-23T18:20:13.458+0000] {logging_mixin.py:190} INFO - [2026-03-23T18:20:13.458+0000] {dagbag.py:588} INFO - Filling up the DagBag from /opt/airflow/dags/db_and_model_update_dag.py
[2026-03-23T18:20:13.480+0000] {processor.py:925} INFO - DAG(s) 'db_and_model_update' retrieved from /opt/airflow/dags/db_and_model_update_dag.py
[2026-03-23T18:20:13.511+0000] {logging_mixin.py:190} INFO - [2026-03-23T18:20:13.510+0000] {dag.py:3239} INFO - Sync 1 DAGs
[2026-03-23T18:20:13.560+0000] {processor.py:208} INFO - Processing /opt/airflow/dags/db_and_model_update_dag.py took 0.112 seconds
[2026-03-23T18:20:43.904+0000] {processor.py:186} INFO - Started process (PID=4179) to work on /opt/airflow/dags/db_and_model_update_dag.py
[2026-03-23T18:20:43.905+0000] {processor.py:914} INFO - Processing file /opt/airflow/dags/db_and_model_update_dag.py for tasks to queue
[2026-03-23T18:20:43.908+0000] {logging_mixin.py:190} INFO - [2026-03-23T18:20:43.907+0000] {dagbag.py:588} INFO - Filling up the DagBag from /opt/airflow/dags/db_and_model_update_dag.py
[2026-03-23T18:20:43.927+0000] {processor.py:925} INFO - DAG(s) 'db_and_model_update' retrieved from /opt/airflow/dags/db_and_model_update_dag.py
[2026-03-23T18:20:43.963+0000] {logging_mixin.py:190} INFO - [2026-03-23T18:20:43.962+0000] {dag.py:3239} INFO - Sync 1 DAGs
[2026-03-23T18:20:44.007+0000] {processor.py:208} INFO - Processing /opt/airflow/dags/db_and_model_update_dag.py took 0.112 seconds
[2026-03-23T18:21:20.772+0000] {processor.py:186} INFO - Started process (PID=4189) to work on /opt/airflow/dags/db_and_model_update_dag.py
[2026-03-23T18:21:20.774+0000] {processor.py:914} INFO - Processing file /opt/airflow/dags/db_and_model_update_dag.py for tasks to queue
[2026-03-23T18:21:20.777+0000] {logging_mixin.py:190} INFO - [2026-03-23T18:21:20.776+0000] {dagbag.py:588} INFO - Filling up the DagBag from /opt/airflow/dags/db_and_model_update_dag.py
[2026-03-23T18:21:13.197+0000] {processor.py:925} INFO - DAG(s) 'db_and_model_update' retrieved from /opt/airflow/dags/db_and_model_update_dag.py
[2026-03-23T18:21:13.230+0000] {logging_mixin.py:190} INFO - [2026-03-23T18:21:13.229+0000] {dag.py:3239} INFO - Sync 1 DAGs
[2026-03-23T18:21:13.272+0000] {processor.py:208} INFO - Processing /opt/airflow/dags/db_and_model_update_dag.py took 0.110 seconds
[2026-03-23T18:21:43.612+0000] {processor.py:186} INFO - Started process (PID=4199) to work on /opt/airflow/dags/db_and_model_update_dag.py
[2026-03-23T18:21:43.614+0000] {processor.py:914} INFO - Processing file /opt/airflow/dags/db_and_model_update_dag.py for tasks to queue
[2026-03-23T18:21:43.620+0000] {logging_mixin.py:190} INFO - [2026-03-23T18:21:43.619+0000] {dagbag.py:588} INFO - Filling up the DagBag from /opt/airflow/dags/db_and_model_update_dag.py
[2026-03-23T18:21:43.651+0000] {processor.py:925} INFO - DAG(s) 'db_and_model_update' retrieved from /opt/airflow/dags/db_and_model_update_dag.py
[2026-03-23T18:21:43.685+0000] {logging_mixin.py:190} INFO - [2026-03-23T18:21:43.684+0000] {dag.py:3239} INFO - Sync 1 DAGs
[2026-03-23T18:21:43.727+0000] {processor.py:208} INFO - Processing /opt/airflow/dags/db_and_model_update_dag.py took 0.122 seconds
[2026-03-23T18:22:14.039+0000] {processor.py:186} INFO - Started process (PID=4209) to work on /opt/airflow/dags/db_and_model_update_dag.py
[2026-03-23T18:22:14.040+0000] {processor.py:914} INFO - Processing file /opt/airflow/dags/db_and_model_update_dag.py for tasks to queue
[2026-03-23T18:22:14.043+0000] {logging_mixin.py:190} INFO - [2026-03-23T18:22:14.042+0000] {dagbag.py:588} INFO - Filling up the DagBag from /opt/airflow/dags/db_and_model_update_dag.py
[2026-03-23T18:22:14.064+0000] {processor.py:925} INFO - DAG(s) 'db_and_model_update' retrieved from /opt/airflow/dags/db_and_model_update_dag.py
[2026-03-23T18:22:14.097+0000] {logging_mixin.py:190} INFO - [2026-03-23T18:22:14.096+0000] {dag.py:3239} INFO - Sync 1 DAGs
[2026-03-23T18:22:14.138+0000] {processor.py:208} INFO - Processing /opt/airflow/dags/db_and_model_update_dag.py took 0.107 seconds
[2026-03-23T18:22:43.333+0000] {processor.py:186} INFO - Started process (PID=4219) to work on /opt/airflow/dags/db_and_model_update_dag.py
[2026-03-23T18:22:43.334+0000] {processor.py:914} INFO - Processing file /opt/airflow/dags/db_and_model_update_dag.py for tasks to queue
[2026-03-23T18:22:43.338+0000] {logging_mixin.py:190} INFO - [2026-03-23T18:22:43.337+0000] {dagbag.py:588} INFO - Filling up the DagBag from /opt/airflow/dags/db_and_model_update_dag.py
[2026-03-23T18:22:43.364+0000] {processor.py:925} INFO - DAG(s) 'db_and_model_update' retrieved from /opt/airflow/dags/db_and_model_update_dag.py
[2026-03-23T18:22:43.409+0000] {logging_mixin.py:190} INFO - [2026-03-23T18:22:43.408+0000] {dag.py:3239} INFO - Sync 1 DAGs
[2026-03-23T18:22:43.459+0000] {processor.py:208} INFO - Processing /opt/airflow/dags/db_and_model_update_dag.py took 0.137 seconds
[2026-03-23T18:23:13.745+0000] {processor.py:186} INFO - Started process (PID=4229) to work on /opt/airflow/dags/db_and_model_update_dag.py
[2026-03-23T18:23:13.747+0000] {processor.py:914} INFO - Processing file /opt/airflow/dags/db_and_model_update_dag.py for tasks to queue
[2026-03-23T18:23:13.751+0000] {logging_mixin.py:190} INFO - [2026-03-23T18:23:13.750+0000] {dagbag.py:588} INFO - Filling up the DagBag from /opt/airflow/dags/db_and_model_update_dag.py
[2026-03-23T18:23:13.770+0000] {processor.py:925} INFO - DAG(s) 'db_and_model_update' retrieved from /opt/airflow/dags/db_and_model_update_dag.py
[2026-03-23T18:23:13.802+0000] {logging_mixin.py:190} INFO - [2026-03-23T18:23:13.801+0000] {dag.py:3239} INFO - Sync 1 DAGs
[2026-03-23T18:23:13.842+0000] {processor.py:208} INFO - Processing /opt/airflow/dags/db_and_model_update_dag.py took 0.105 seconds
[2026-03-23T18:23:44.131+0000] {processor.py:186} INFO - Started process (PID=4239) to work on /opt/airflow/dags/db_and_model_update_dag.py
[2026-03-23T18:23:44.132+0000] {processor.py:914} INFO - Processing file /opt/airflow/dags/db_and_model_update_dag.py for tasks to queue
[2026-03-23T18:23:44.134+0000] {logging_mixin.py:190} INFO - [2026-03-23T18:23:44.134+0000] {dagbag.py:588} INFO - Filling up the DagBag from /opt/airflow/dags/db_and_model_update_dag.py
[2026-03-23T18:23:44.153+0000] {processor.py:925} INFO - DAG(s) 'db_and_model_update' retrieved from /opt/airflow/dags/db_and_model_update_dag.py
[2026-03-23T18:23:44.186+0000] {logging_mixin.py:190} INFO - [2026-03-23T18:23:44.185+0000] {dag.py:3239} INFO - Sync 1 DAGs
[2026-03-23T18:23:44.232+0000] {processor.py:208} INFO - Processing /opt/airflow/dags/db_and_model_update_dag.py took 0.107 seconds
[2026-03-23T18:24:21.018+0000] {processor.py:186} INFO - Started process (PID=4249) to work on /opt/airflow/dags/db_and_model_update_dag.py
[2026-03-23T18:24:21.019+0000] {processor.py:914} INFO - Processing file /opt/airflow/dags/db_and_model_update_dag.py for tasks to queue
[2026-03-23T18:24:21.021+0000] {logging_mixin.py:190} INFO - [2026-03-23T18:24:21.021+0000] {dagbag.py:588} INFO - Filling up the DagBag from /opt/airflow/dags/db_and_model_update_dag.py
[2026-03-23T18:24:21.044+0000] {processor.py:925} INFO - DAG(s) 'db_and_model_update' retrieved from /opt/airflow/dags/db_and_model_update_dag.py
[2026-03-23T18:24:21.081+0000] {logging_mixin.py:190} INFO - [2026-03-23T18:24:21.080+0000] {dag.py:3239} INFO - Sync 1 DAGs
[2026-03-23T18:24:13.522+0000] {processor.py:208} INFO - Processing /opt/airflow/dags/db_and_model_update_dag.py took 0.125 seconds
[2026-03-23T18:24:43.759+0000] {processor.py:186} INFO - Started process (PID=4259) to work on /opt/airflow/dags/db_and_model_update_dag.py
[2026-03-23T18:24:43.761+0000] {processor.py:914} INFO - Processing file /opt/airflow/dags/db_and_model_update_dag.py for tasks to queue
[2026-03-23T18:24:43.764+0000] {logging_mixin.py:190} INFO - [2026-03-23T18:24:43.763+0000] {dagbag.py:588} INFO - Filling up the DagBag from /opt/airflow/dags/db_and_model_update_dag.py
[2026-03-23T18:24:43.783+0000] {processor.py:925} INFO - DAG(s) 'db_and_model_update' retrieved from /opt/airflow/dags/db_and_model_update_dag.py
[2026-03-23T18:24:43.813+0000] {logging_mixin.py:190} INFO - [2026-03-23T18:24:43.813+0000] {dag.py:3239} INFO - Sync 1 DAGs
[2026-03-23T18:24:43.854+0000] {processor.py:208} INFO - Processing /opt/airflow/dags/db_and_model_update_dag.py took 0.102 seconds
[2026-03-23T18:25:08.580+0000] {processor.py:186} INFO - Started process (PID=4269) to work on /opt/airflow/dags/db_and_model_update_dag.py
[2026-03-23T18:25:08.583+0000] {processor.py:914} INFO - Processing file /opt/airflow/dags/db_and_model_update_dag.py for tasks to queue
[2026-03-23T18:25:08.586+0000] {logging_mixin.py:190} INFO - [2026-03-23T18:25:08.586+0000] {dagbag.py:588} INFO - Filling up the DagBag from /opt/airflow/dags/db_and_model_update_dag.py
[2026-03-23T18:25:08.617+0000] {processor.py:925} INFO - DAG(s) 'db_and_model_update' retrieved from /opt/airflow/dags/db_and_model_update_dag.py
[2026-03-23T18:25:08.653+0000] {logging_mixin.py:190} INFO - [2026-03-23T18:25:08.653+0000] {dag.py:3239} INFO - Sync 1 DAGs
[2026-03-23T18:25:08.694+0000] {processor.py:208} INFO - Processing /opt/airflow/dags/db_and_model_update_dag.py took 0.132 seconds
[2026-03-23T18:25:42.927+0000] {processor.py:186} INFO - Started process (PID=4279) to work on /opt/airflow/dags/db_and_model_update_dag.py
[2026-03-23T18:25:42.928+0000] {processor.py:914} INFO - Processing file /opt/airflow/dags/db_and_model_update_dag.py for tasks to queue
[2026-03-23T18:25:42.931+0000] {logging_mixin.py:190} INFO - [2026-03-23T18:25:42.930+0000] {dagbag.py:588} INFO - Filling up the DagBag from /opt/airflow/dags/db_and_model_update_dag.py
[2026-03-23T18:25:35.339+0000] {processor.py:925} INFO - DAG(s) 'db_and_model_update' retrieved from /opt/airflow/dags/db_and_model_update_dag.py
[2026-03-23T18:25:35.372+0000] {logging_mixin.py:190} INFO - [2026-03-23T18:25:35.372+0000] {dag.py:3239} INFO - Sync 1 DAGs
[2026-03-23T18:25:35.418+0000] {processor.py:208} INFO - Processing /opt/airflow/dags/db_and_model_update_dag.py took 0.108 seconds
[2026-03-23T18:26:05.907+0000] {processor.py:186} INFO - Started process (PID=4289) to work on /opt/airflow/dags/db_and_model_update_dag.py
[2026-03-23T18:26:05.910+0000] {processor.py:914} INFO - Processing file /opt/airflow/dags/db_and_model_update_dag.py for tasks to queue
[2026-03-23T18:26:05.913+0000] {logging_mixin.py:190} INFO - [2026-03-23T18:26:05.913+0000] {dagbag.py:588} INFO - Filling up the DagBag from /opt/airflow/dags/db_and_model_update_dag.py
[2026-03-23T18:26:05.939+0000] {processor.py:925} INFO - DAG(s) 'db_and_model_update' retrieved from /opt/airflow/dags/db_and_model_update_dag.py
[2026-03-23T18:26:05.975+0000] {logging_mixin.py:190} INFO - [2026-03-23T18:26:05.975+0000] {dag.py:3239} INFO - Sync 1 DAGs
[2026-03-23T18:26:06.028+0000] {processor.py:208} INFO - Processing /opt/airflow/dags/db_and_model_update_dag.py took 0.129 seconds
[2026-03-23T18:26:36.338+0000] {processor.py:186} INFO - Started process (PID=4299) to work on /opt/airflow/dags/db_and_model_update_dag.py
[2026-03-23T18:26:36.340+0000] {processor.py:914} INFO - Processing file /opt/airflow/dags/db_and_model_update_dag.py for tasks to queue
[2026-03-23T18:26:36.342+0000] {logging_mixin.py:190} INFO - [2026-03-23T18:26:36.342+0000] {dagbag.py:588} INFO - Filling up the DagBag from /opt/airflow/dags/db_and_model_update_dag.py
[2026-03-23T18:26:36.364+0000] {processor.py:925} INFO - DAG(s) 'db_and_model_update' retrieved from /opt/airflow/dags/db_and_model_update_dag.py
[2026-03-23T18:26:36.397+0000] {logging_mixin.py:190} INFO - [2026-03-23T18:26:36.397+0000] {dag.py:3239} INFO - Sync 1 DAGs
[2026-03-23T18:26:36.438+0000] {processor.py:208} INFO - Processing /opt/airflow/dags/db_and_model_update_dag.py took 0.107 seconds
[2026-03-23T18:27:03.766+0000] {processor.py:186} INFO - Started process (PID=4309) to work on /opt/airflow/dags/db_and_model_update_dag.py
[2026-03-23T18:27:03.768+0000] {processor.py:914} INFO - Processing file /opt/airflow/dags/db_and_model_update_dag.py for tasks to queue
[2026-03-23T18:27:03.773+0000] {logging_mixin.py:190} INFO - [2026-03-23T18:27:03.772+0000] {dagbag.py:588} INFO - Filling up the DagBag from /opt/airflow/dags/db_and_model_update_dag.py
[2026-03-23T18:27:03.800+0000] {processor.py:925} INFO - DAG(s) 'db_and_model_update' retrieved from /opt/airflow/dags/db_and_model_update_dag.py
[2026-03-23T18:27:03.835+0000] {logging_mixin.py:190} INFO - [2026-03-23T18:27:03.834+0000] {dag.py:3239} INFO - Sync 1 DAGs
[2026-03-23T18:27:03.881+0000] {processor.py:208} INFO - Processing /opt/airflow/dags/db_and_model_update_dag.py took 0.124 seconds
[2026-03-23T18:27:34.180+0000] {processor.py:186} INFO - Started process (PID=4319) to work on /opt/airflow/dags/db_and_model_update_dag.py
[2026-03-23T18:27:34.182+0000] {processor.py:914} INFO - Processing file /opt/airflow/dags/db_and_model_update_dag.py for tasks to queue
[2026-03-23T18:27:34.184+0000] {logging_mixin.py:190} INFO - [2026-03-23T18:27:34.184+0000] {dagbag.py:588} INFO - Filling up the DagBag from /opt/airflow/dags/db_and_model_update_dag.py
[2026-03-23T18:27:34.212+0000] {processor.py:925} INFO - DAG(s) 'db_and_model_update' retrieved from /opt/airflow/dags/db_and_model_update_dag.py
[2026-03-23T18:27:34.266+0000] {logging_mixin.py:190} INFO - [2026-03-23T18:27:34.266+0000] {dag.py:3239} INFO - Sync 1 DAGs
[2026-03-23T18:27:34.309+0000] {processor.py:208} INFO - Processing /opt/airflow/dags/db_and_model_update_dag.py took 0.136 seconds
[2026-03-23T18:28:04.538+0000] {processor.py:186} INFO - Started process (PID=4329) to work on /opt/airflow/dags/db_and_model_update_dag.py
[2026-03-23T18:28:04.539+0000] {processor.py:914} INFO - Processing file /opt/airflow/dags/db_and_model_update_dag.py for tasks to queue
[2026-03-23T18:28:04.541+0000] {logging_mixin.py:190} INFO - [2026-03-23T18:28:04.541+0000] {dagbag.py:588} INFO - Filling up the DagBag from /opt/airflow/dags/db_and_model_update_dag.py
[2026-03-23T18:28:04.563+0000] {processor.py:925} INFO - DAG(s) 'db_and_model_update' retrieved from /opt/airflow/dags/db_and_model_update_dag.py
[2026-03-23T18:28:04.596+0000] {logging_mixin.py:190} INFO - [2026-03-23T18:28:04.596+0000] {dag.py:3239} INFO - Sync 1 DAGs
[2026-03-23T18:28:04.638+0000] {processor.py:208} INFO - Processing /opt/airflow/dags/db_and_model_update_dag.py took 0.106 seconds
[2026-03-23T18:28:41.475+0000] {processor.py:186} INFO - Started process (PID=4339) to work on /opt/airflow/dags/db_and_model_update_dag.py
[2026-03-23T18:28:41.477+0000] {processor.py:914} INFO - Processing file /opt/airflow/dags/db_and_model_update_dag.py for tasks to queue
[2026-03-23T18:28:41.479+0000] {logging_mixin.py:190} INFO - [2026-03-23T18:28:41.479+0000] {dagbag.py:588} INFO - Filling up the DagBag from /opt/airflow/dags/db_and_model_update_dag.py
[2026-03-23T18:28:41.505+0000] {processor.py:925} INFO - DAG(s) 'db_and_model_update' retrieved from /opt/airflow/dags/db_and_model_update_dag.py
[2026-03-23T18:28:33.929+0000] {logging_mixin.py:190} INFO - [2026-03-23T18:28:33.929+0000] {dag.py:3239} INFO - Sync 1 DAGs
[2026-03-23T18:28:34.029+0000] {processor.py:208} INFO - Processing /opt/airflow/dags/db_and_model_update_dag.py took 0.179 seconds
[2026-03-23T18:29:04.166+0000] {processor.py:186} INFO - Started process (PID=4349) to work on /opt/airflow/dags/db_and_model_update_dag.py
[2026-03-23T18:29:04.168+0000] {processor.py:914} INFO - Processing file /opt/airflow/dags/db_and_model_update_dag.py for tasks to queue
[2026-03-23T18:29:04.170+0000] {logging_mixin.py:190} INFO - [2026-03-23T18:29:04.170+0000] {dagbag.py:588} INFO - Filling up the DagBag from /opt/airflow/dags/db_and_model_update_dag.py
[2026-03-23T18:29:04.191+0000] {processor.py:925} INFO - DAG(s) 'db_and_model_update' retrieved from /opt/airflow/dags/db_and_model_update_dag.py
[2026-03-23T18:29:04.223+0000] {logging_mixin.py:190} INFO - [2026-03-23T18:29:04.222+0000] {dag.py:3239} INFO - Sync 1 DAGs
[2026-03-23T18:29:04.268+0000] {processor.py:208} INFO - Processing /opt/airflow/dags/db_and_model_update_dag.py took 0.113 seconds
[2026-03-23T18:29:34.568+0000] {processor.py:186} INFO - Started process (PID=4359) to work on /opt/airflow/dags/db_and_model_update_dag.py
[2026-03-23T18:29:34.569+0000] {processor.py:914} INFO - Processing file /opt/airflow/dags/db_and_model_update_dag.py for tasks to queue
[2026-03-23T18:29:34.572+0000] {logging_mixin.py:190} INFO - [2026-03-23T18:29:34.572+0000] {dagbag.py:588} INFO - Filling up the DagBag from /opt/airflow/dags/db_and_model_update_dag.py
[2026-03-23T18:29:34.597+0000] {processor.py:925} INFO - DAG(s) 'db_and_model_update' retrieved from /opt/airflow/dags/db_and_model_update_dag.py
[2026-03-23T18:29:34.629+0000] {logging_mixin.py:190} INFO - [2026-03-23T18:29:34.629+0000] {dag.py:3239} INFO - Sync 1 DAGs
[2026-03-23T18:29:34.689+0000] {processor.py:208} INFO - Processing /opt/airflow/dags/db_and_model_update_dag.py took 0.130 seconds
[2026-03-23T18:30:04.837+0000] {processor.py:186} INFO - Started process (PID=4369) to work on /opt/airflow/dags/db_and_model_update_dag.py
[2026-03-23T18:30:04.838+0000] {processor.py:914} INFO - Processing file /opt/airflow/dags/db_and_model_update_dag.py for tasks to queue
[2026-03-23T18:30:04.840+0000] {logging_mixin.py:190} INFO - [2026-03-23T18:30:04.840+0000] {dagbag.py:588} INFO - Filling up the DagBag from /opt/airflow/dags/db_and_model_update_dag.py
[2026-03-23T18:30:04.859+0000] {processor.py:925} INFO - DAG(s) 'db_and_model_update' retrieved from /opt/airflow/dags/db_and_model_update_dag.py
[2026-03-23T18:30:04.889+0000] {logging_mixin.py:190} INFO - [2026-03-23T18:30:04.889+0000] {dag.py:3239} INFO - Sync 1 DAGs
[2026-03-23T18:30:04.956+0000] {processor.py:208} INFO - Processing /opt/airflow/dags/db_and_model_update_dag.py took 0.127 seconds
[2026-03-23T18:30:35.318+0000] {processor.py:186} INFO - Started process (PID=4379) to work on /opt/airflow/dags/db_and_model_update_dag.py
[2026-03-23T18:30:35.320+0000] {processor.py:914} INFO - Processing file /opt/airflow/dags/db_and_model_update_dag.py for tasks to queue
[2026-03-23T18:30:35.322+0000] {logging_mixin.py:190} INFO - [2026-03-23T18:30:35.322+0000] {dagbag.py:588} INFO - Filling up the DagBag from /opt/airflow/dags/db_and_model_update_dag.py
[2026-03-23T18:30:35.341+0000] {processor.py:925} INFO - DAG(s) 'db_and_model_update' retrieved from /opt/airflow/dags/db_and_model_update_dag.py
[2026-03-23T18:30:35.370+0000] {logging_mixin.py:190} INFO - [2026-03-23T18:30:35.369+0000] {dag.py:3239} INFO - Sync 1 DAGs
[2026-03-23T18:30:35.421+0000] {processor.py:208} INFO - Processing /opt/airflow/dags/db_and_model_update_dag.py took 0.109 seconds
[2026-03-23T18:31:06.710+0000] {processor.py:186} INFO - Started process (PID=4389) to work on /opt/airflow/dags/db_and_model_update_dag.py
[2026-03-23T18:31:06.711+0000] {processor.py:914} INFO - Processing file /opt/airflow/dags/db_and_model_update_dag.py for tasks to queue
[2026-03-23T18:31:06.715+0000] {logging_mixin.py:190} INFO - [2026-03-23T18:31:06.714+0000] {dagbag.py:588} INFO - Filling up the DagBag from /opt/airflow/dags/db_and_model_update_dag.py
[2026-03-23T18:31:06.748+0000] {processor.py:925} INFO - DAG(s) 'db_and_model_update' retrieved from /opt/airflow/dags/db_and_model_update_dag.py
[2026-03-23T18:30:59.170+0000] {logging_mixin.py:190} INFO - [2026-03-23T18:30:59.169+0000] {dag.py:3239} INFO - Sync 1 DAGs
[2026-03-23T18:30:59.219+0000] {processor.py:208} INFO - Processing /opt/airflow/dags/db_and_model_update_dag.py took 0.141 seconds
[2026-03-23T18:31:29.357+0000] {processor.py:186} INFO - Started process (PID=4399) to work on /opt/airflow/dags/db_and_model_update_dag.py
[2026-03-23T18:31:29.359+0000] {processor.py:914} INFO - Processing file /opt/airflow/dags/db_and_model_update_dag.py for tasks to queue
[2026-03-23T18:31:29.363+0000] {logging_mixin.py:190} INFO - [2026-03-23T18:31:29.363+0000] {dagbag.py:588} INFO - Filling up the DagBag from /opt/airflow/dags/db_and_model_update_dag.py
[2026-03-23T18:31:29.399+0000] {processor.py:925} INFO - DAG(s) 'db_and_model_update' retrieved from /opt/airflow/dags/db_and_model_update_dag.py
[2026-03-23T18:31:29.473+0000] {logging_mixin.py:190} INFO - [2026-03-23T18:31:29.472+0000] {dag.py:3239} INFO - Sync 1 DAGs
[2026-03-23T18:31:29.551+0000] {processor.py:208} INFO - Processing /opt/airflow/dags/db_and_model_update_dag.py took 0.202 seconds
[2026-03-23T18:32:05.614+0000] {processor.py:186} INFO - Started process (PID=4409) to work on /opt/airflow/dags/db_and_model_update_dag.py
[2026-03-23T18:32:05.615+0000] {processor.py:914} INFO - Processing file /opt/airflow/dags/db_and_model_update_dag.py for tasks to queue
[2026-03-23T18:32:05.618+0000] {logging_mixin.py:190} INFO - [2026-03-23T18:32:05.618+0000] {dagbag.py:588} INFO - Filling up the DagBag from /opt/airflow/dags/db_and_model_update_dag.py
[2026-03-23T18:32:05.639+0000] {processor.py:925} INFO - DAG(s) 'db_and_model_update' retrieved from /opt/airflow/dags/db_and_model_update_dag.py
[2026-03-23T18:32:05.669+0000] {logging_mixin.py:190} INFO - [2026-03-23T18:32:05.669+0000] {dag.py:3239} INFO - Sync 1 DAGs
[2026-03-23T18:32:05.712+0000] {processor.py:208} INFO - Processing /opt/airflow/dags/db_and_model_update_dag.py took 0.106 seconds
[2026-03-23T18:32:36.705+0000] {processor.py:186} INFO - Started process (PID=4419) to work on /opt/airflow/dags/db_and_model_update_dag.py
[2026-03-23T18:32:36.707+0000] {processor.py:914} INFO - Processing file /opt/airflow/dags/db_and_model_update_dag.py for tasks to queue
[2026-03-23T18:32:36.709+0000] {logging_mixin.py:190} INFO - [2026-03-23T18:32:36.709+0000] {dagbag.py:588} INFO - Filling up the DagBag from /opt/airflow/dags/db_and_model_update_dag.py
[2026-03-23T18:32:36.734+0000] {processor.py:925} INFO - DAG(s) 'db_and_model_update' retrieved from /opt/airflow/dags/db_and_model_update_dag.py
[2026-03-23T18:32:36.765+0000] {logging_mixin.py:190} INFO - [2026-03-23T18:32:36.765+0000] {dag.py:3239} INFO - Sync 1 DAGs
[2026-03-23T18:32:36.806+0000] {processor.py:208} INFO - Processing /opt/airflow/dags/db_and_model_update_dag.py took 0.109 seconds
[2026-03-23T18:33:07.122+0000] {processor.py:186} INFO - Started process (PID=4429) to work on /opt/airflow/dags/db_and_model_update_dag.py
[2026-03-23T18:33:07.124+0000] {processor.py:914} INFO - Processing file /opt/airflow/dags/db_and_model_update_dag.py for tasks to queue
[2026-03-23T18:33:07.127+0000] {logging_mixin.py:190} INFO - [2026-03-23T18:33:07.126+0000] {dagbag.py:588} INFO - Filling up the DagBag from /opt/airflow/dags/db_and_model_update_dag.py
[2026-03-23T18:33:07.145+0000] {processor.py:925} INFO - DAG(s) 'db_and_model_update' retrieved from /opt/airflow/dags/db_and_model_update_dag.py
[2026-03-23T18:33:07.179+0000] {logging_mixin.py:190} INFO - [2026-03-23T18:33:07.178+0000] {dag.py:3239} INFO - Sync 1 DAGs
[2026-03-23T18:33:07.220+0000] {processor.py:208} INFO - Processing /opt/airflow/dags/db_and_model_update_dag.py took 0.105 seconds
[2026-03-23T18:33:37.554+0000] {processor.py:186} INFO - Started process (PID=4439) to work on /opt/airflow/dags/db_and_model_update_dag.py
[2026-03-23T18:33:37.555+0000] {processor.py:914} INFO - Processing file /opt/airflow/dags/db_and_model_update_dag.py for tasks to queue
[2026-03-23T18:33:37.558+0000] {logging_mixin.py:190} INFO - [2026-03-23T18:33:37.558+0000] {dagbag.py:588} INFO - Filling up the DagBag from /opt/airflow/dags/db_and_model_update_dag.py
[2026-03-23T18:33:37.580+0000] {processor.py:925} INFO - DAG(s) 'db_and_model_update' retrieved from /opt/airflow/dags/db_and_model_update_dag.py
[2026-03-23T18:33:37.612+0000] {logging_mixin.py:190} INFO - [2026-03-23T18:33:37.612+0000] {dag.py:3239} INFO - Sync 1 DAGs
[2026-03-23T18:33:37.655+0000] {processor.py:208} INFO - Processing /opt/airflow/dags/db_and_model_update_dag.py took 0.110 seconds
[2026-03-23T18:34:07.977+0000] {processor.py:186} INFO - Started process (PID=4449) to work on /opt/airflow/dags/db_and_model_update_dag.py
[2026-03-23T18:34:07.978+0000] {processor.py:914} INFO - Processing file /opt/airflow/dags/db_and_model_update_dag.py for tasks to queue
[2026-03-23T18:34:07.981+0000] {logging_mixin.py:190} INFO - [2026-03-23T18:34:07.981+0000] {dagbag.py:588} INFO - Filling up the DagBag from /opt/airflow/dags/db_and_model_update_dag.py
[2026-03-23T18:34:08.005+0000] {processor.py:925} INFO - DAG(s) 'db_and_model_update' retrieved from /opt/airflow/dags/db_and_model_update_dag.py
[2026-03-23T18:34:08.043+0000] {logging_mixin.py:190} INFO - [2026-03-23T18:34:08.043+0000] {dag.py:3239} INFO - Sync 1 DAGs
[2026-03-23T18:34:08.092+0000] {processor.py:208} INFO - Processing /opt/airflow/dags/db_and_model_update_dag.py took 0.124 seconds
[2026-03-23T18:34:38.417+0000] {processor.py:186} INFO - Started process (PID=4459) to work on /opt/airflow/dags/db_and_model_update_dag.py
[2026-03-23T18:34:38.418+0000] {processor.py:914} INFO - Processing file /opt/airflow/dags/db_and_model_update_dag.py for tasks to queue
[2026-03-23T18:34:38.421+0000] {logging_mixin.py:190} INFO - [2026-03-23T18:34:38.421+0000] {dagbag.py:588} INFO - Filling up the DagBag from /opt/airflow/dags/db_and_model_update_dag.py
[2026-03-23T18:34:38.442+0000] {processor.py:925} INFO - DAG(s) 'db_and_model_update' retrieved from /opt/airflow/dags/db_and_model_update_dag.py
[2026-03-23T18:34:38.472+0000] {logging_mixin.py:190} INFO - [2026-03-23T18:34:38.472+0000] {dag.py:3239} INFO - Sync 1 DAGs
[2026-03-23T18:34:38.514+0000] {processor.py:208} INFO - Processing /opt/airflow/dags/db_and_model_update_dag.py took 0.104 seconds
[2026-03-23T18:35:09.401+0000] {processor.py:186} INFO - Started process (PID=4469) to work on /opt/airflow/dags/db_and_model_update_dag.py
[2026-03-23T18:35:09.404+0000] {processor.py:914} INFO - Processing file /opt/airflow/dags/db_and_model_update_dag.py for tasks to queue
[2026-03-23T18:35:09.409+0000] {logging_mixin.py:190} INFO - [2026-03-23T18:35:09.408+0000] {dagbag.py:588} INFO - Filling up the DagBag from /opt/airflow/dags/db_and_model_update_dag.py
[2026-03-23T18:35:09.448+0000] {processor.py:925} INFO - DAG(s) 'db_and_model_update' retrieved from /opt/airflow/dags/db_and_model_update_dag.py
[2026-03-23T18:35:09.490+0000] {logging_mixin.py:190} INFO - [2026-03-23T18:35:09.490+0000] {dag.py:3239} INFO - Sync 1 DAGs
[2026-03-23T18:35:09.527+0000] {processor.py:208} INFO - Processing /opt/airflow/dags/db_and_model_update_dag.py took 0.147 seconds
[2026-03-23T18:35:39.676+0000] {processor.py:186} INFO - Started process (PID=4479) to work on /opt/airflow/dags/db_and_model_update_dag.py
[2026-03-23T18:35:39.679+0000] {processor.py:914} INFO - Processing file /opt/airflow/dags/db_and_model_update_dag.py for tasks to queue
[2026-03-23T18:35:39.685+0000] {logging_mixin.py:190} INFO - [2026-03-23T18:35:39.683+0000] {dagbag.py:588} INFO - Filling up the DagBag from /opt/airflow/dags/db_and_model_update_dag.py
[2026-03-23T18:35:39.729+0000] {processor.py:925} INFO - DAG(s) 'db_and_model_update' retrieved from /opt/airflow/dags/db_and_model_update_dag.py
[2026-03-23T18:35:39.780+0000] {logging_mixin.py:190} INFO - [2026-03-23T18:35:39.779+0000] {dag.py:3239} INFO - Sync 1 DAGs
[2026-03-23T18:35:39.833+0000] {processor.py:208} INFO - Processing /opt/airflow/dags/db_and_model_update_dag.py took 0.167 seconds
[2026-03-23T18:36:12.210+0000] {processor.py:186} INFO - Started process (PID=4489) to work on /opt/airflow/dags/db_and_model_update_dag.py
[2026-03-23T18:36:12.211+0000] {processor.py:914} INFO - Processing file /opt/airflow/dags/db_and_model_update_dag.py for tasks to queue
[2026-03-23T18:36:12.214+0000] {logging_mixin.py:190} INFO - [2026-03-23T18:36:12.213+0000] {dagbag.py:588} INFO - Filling up the DagBag from /opt/airflow/dags/db_and_model_update_dag.py
[2026-03-23T18:36:12.232+0000] {processor.py:925} INFO - DAG(s) 'db_and_model_update' retrieved from /opt/airflow/dags/db_and_model_update_dag.py
[2026-03-23T18:36:04.629+0000] {logging_mixin.py:190} INFO - [2026-03-23T18:36:04.629+0000] {dag.py:3239} INFO - Sync 1 DAGs
[2026-03-23T18:36:04.675+0000] {processor.py:208} INFO - Processing /opt/airflow/dags/db_and_model_update_dag.py took 0.106 seconds
[2026-03-23T18:36:35.036+0000] {processor.py:186} INFO - Started process (PID=4499) to work on /opt/airflow/dags/db_and_model_update_dag.py
[2026-03-23T18:36:35.038+0000] {processor.py:914} INFO - Processing file /opt/airflow/dags/db_and_model_update_dag.py for tasks to queue
[2026-03-23T18:36:35.042+0000] {logging_mixin.py:190} INFO - [2026-03-23T18:36:35.041+0000] {dagbag.py:588} INFO - Filling up the DagBag from /opt/airflow/dags/db_and_model_update_dag.py
[2026-03-23T18:36:35.064+0000] {processor.py:925} INFO - DAG(s) 'db_and_model_update' retrieved from /opt/airflow/dags/db_and_model_update_dag.py
[2026-03-23T18:36:35.096+0000] {logging_mixin.py:190} INFO - [2026-03-23T18:36:35.096+0000] {dag.py:3239} INFO - Sync 1 DAGs
[2026-03-23T18:36:35.143+0000] {processor.py:208} INFO - Processing /opt/airflow/dags/db_and_model_update_dag.py took 0.117 seconds
[2026-03-23T18:37:05.370+0000] {processor.py:186} INFO - Started process (PID=4509) to work on /opt/airflow/dags/db_and_model_update_dag.py
[2026-03-23T18:37:05.371+0000] {processor.py:914} INFO - Processing file /opt/airflow/dags/db_and_model_update_dag.py for tasks to queue
[2026-03-23T18:37:05.374+0000] {logging_mixin.py:190} INFO - [2026-03-23T18:37:05.374+0000] {dagbag.py:588} INFO - Filling up the DagBag from /opt/airflow/dags/db_and_model_update_dag.py
[2026-03-23T18:37:05.394+0000] {processor.py:925} INFO - DAG(s) 'db_and_model_update' retrieved from /opt/airflow/dags/db_and_model_update_dag.py
[2026-03-23T18:37:05.424+0000] {logging_mixin.py:190} INFO - [2026-03-23T18:37:05.423+0000] {dag.py:3239} INFO - Sync 1 DAGs
[2026-03-23T18:37:05.463+0000] {processor.py:208} INFO - Processing /opt/airflow/dags/db_and_model_update_dag.py took 0.099 seconds
[2026-03-23T18:37:42.356+0000] {processor.py:186} INFO - Started process (PID=4519) to work on /opt/airflow/dags/db_and_model_update_dag.py
[2026-03-23T18:37:42.357+0000] {processor.py:914} INFO - Processing file /opt/airflow/dags/db_and_model_update_dag.py for tasks to queue
[2026-03-23T18:37:42.360+0000] {logging_mixin.py:190} INFO - [2026-03-23T18:37:42.360+0000] {dagbag.py:588} INFO - Filling up the DagBag from /opt/airflow/dags/db_and_model_update_dag.py
[2026-03-23T18:37:42.379+0000] {processor.py:925} INFO - DAG(s) 'db_and_model_update' retrieved from /opt/airflow/dags/db_and_model_update_dag.py
[2026-03-23T18:37:34.774+0000] {logging_mixin.py:190} INFO - [2026-03-23T18:37:34.773+0000] {dag.py:3239} INFO - Sync 1 DAGs
[2026-03-23T18:37:34.816+0000] {processor.py:208} INFO - Processing /opt/airflow/dags/db_and_model_update_dag.py took 0.105 seconds
[2026-03-23T18:38:05.182+0000] {processor.py:186} INFO - Started process (PID=4529) to work on /opt/airflow/dags/db_and_model_update_dag.py
[2026-03-23T18:38:05.183+0000] {processor.py:914} INFO - Processing file /opt/airflow/dags/db_and_model_update_dag.py for tasks to queue
[2026-03-23T18:38:05.186+0000] {logging_mixin.py:190} INFO - [2026-03-23T18:38:05.185+0000] {dagbag.py:588} INFO - Filling up the DagBag from /opt/airflow/dags/db_and_model_update_dag.py
[2026-03-23T18:38:05.213+0000] {processor.py:925} INFO - DAG(s) 'db_and_model_update' retrieved from /opt/airflow/dags/db_and_model_update_dag.py
[2026-03-23T18:38:05.251+0000] {logging_mixin.py:190} INFO - [2026-03-23T18:38:05.250+0000] {dag.py:3239} INFO - Sync 1 DAGs
[2026-03-23T18:38:05.299+0000] {processor.py:208} INFO - Processing /opt/airflow/dags/db_and_model_update_dag.py took 0.127 seconds
[2026-03-23T18:38:35.608+0000] {processor.py:186} INFO - Started process (PID=4539) to work on /opt/airflow/dags/db_and_model_update_dag.py
[2026-03-23T18:38:35.609+0000] {processor.py:914} INFO - Processing file /opt/airflow/dags/db_and_model_update_dag.py for tasks to queue
[2026-03-23T18:38:35.612+0000] {logging_mixin.py:190} INFO - [2026-03-23T18:38:35.611+0000] {dagbag.py:588} INFO - Filling up the DagBag from /opt/airflow/dags/db_and_model_update_dag.py
[2026-03-23T18:38:35.636+0000] {processor.py:925} INFO - DAG(s) 'db_and_model_update' retrieved from /opt/airflow/dags/db_and_model_update_dag.py
[2026-03-23T18:38:35.669+0000] {logging_mixin.py:190} INFO - [2026-03-23T18:38:35.669+0000] {dag.py:3239} INFO - Sync 1 DAGs
[2026-03-23T18:38:35.714+0000] {processor.py:208} INFO - Processing /opt/airflow/dags/db_and_model_update_dag.py took 0.115 seconds
[2026-03-23T18:39:04.877+0000] {processor.py:186} INFO - Started process (PID=4549) to work on /opt/airflow/dags/db_and_model_update_dag.py
[2026-03-23T18:39:04.880+0000] {processor.py:914} INFO - Processing file /opt/airflow/dags/db_and_model_update_dag.py for tasks to queue
[2026-03-23T18:39:04.882+0000] {logging_mixin.py:190} INFO - [2026-03-23T18:39:04.882+0000] {dagbag.py:588} INFO - Filling up the DagBag from /opt/airflow/dags/db_and_model_update_dag.py
[2026-03-23T18:39:04.905+0000] {processor.py:925} INFO - DAG(s) 'db_and_model_update' retrieved from /opt/airflow/dags/db_and_model_update_dag.py
[2026-03-23T18:39:04.940+0000] {logging_mixin.py:190} INFO - [2026-03-23T18:39:04.939+0000] {dag.py:3239} INFO - Sync 1 DAGs
[2026-03-23T18:39:04.987+0000] {processor.py:208} INFO - Processing /opt/airflow/dags/db_and_model_update_dag.py took 0.117 seconds
[2026-03-23T18:39:35.308+0000] {processor.py:186} INFO - Started process (PID=4559) to work on /opt/airflow/dags/db_and_model_update_dag.py
[2026-03-23T18:39:35.309+0000] {processor.py:914} INFO - Processing file /opt/airflow/dags/db_and_model_update_dag.py for tasks to queue
[2026-03-23T18:39:35.312+0000] {logging_mixin.py:190} INFO - [2026-03-23T18:39:35.312+0000] {dagbag.py:588} INFO - Filling up the DagBag from /opt/airflow/dags/db_and_model_update_dag.py
[2026-03-23T18:39:35.345+0000] {processor.py:925} INFO - DAG(s) 'db_and_model_update' retrieved from /opt/airflow/dags/db_and_model_update_dag.py
[2026-03-23T18:39:35.380+0000] {logging_mixin.py:190} INFO - [2026-03-23T18:39:35.380+0000] {dag.py:3239} INFO - Sync 1 DAGs
[2026-03-23T18:39:35.421+0000] {processor.py:208} INFO - Processing /opt/airflow/dags/db_and_model_update_dag.py took 0.123 seconds
[2026-03-23T18:40:05.608+0000] {processor.py:186} INFO - Started process (PID=4569) to work on /opt/airflow/dags/db_and_model_update_dag.py
[2026-03-23T18:40:05.609+0000] {processor.py:914} INFO - Processing file /opt/airflow/dags/db_and_model_update_dag.py for tasks to queue
[2026-03-23T18:40:05.612+0000] {logging_mixin.py:190} INFO - [2026-03-23T18:40:05.611+0000] {dagbag.py:588} INFO - Filling up the DagBag from /opt/airflow/dags/db_and_model_update_dag.py
[2026-03-23T18:40:05.635+0000] {processor.py:925} INFO - DAG(s) 'db_and_model_update' retrieved from /opt/airflow/dags/db_and_model_update_dag.py
[2026-03-23T18:40:05.670+0000] {logging_mixin.py:190} INFO - [2026-03-23T18:40:05.670+0000] {dag.py:3239} INFO - Sync 1 DAGs
[2026-03-23T18:40:05.710+0000] {processor.py:208} INFO - Processing /opt/airflow/dags/db_and_model_update_dag.py took 0.109 seconds
[2026-03-23T18:40:35.030+0000] {processor.py:186} INFO - Started process (PID=4579) to work on /opt/airflow/dags/db_and_model_update_dag.py
[2026-03-23T18:40:35.031+0000] {processor.py:914} INFO - Processing file /opt/airflow/dags/db_and_model_update_dag.py for tasks to queue
[2026-03-23T18:40:35.036+0000] {logging_mixin.py:190} INFO - [2026-03-23T18:40:35.035+0000] {dagbag.py:588} INFO - Filling up the DagBag from /opt/airflow/dags/db_and_model_update_dag.py
[2026-03-23T18:40:35.063+0000] {processor.py:925} INFO - DAG(s) 'db_and_model_update' retrieved from /opt/airflow/dags/db_and_model_update_dag.py
[2026-03-23T18:40:35.110+0000] {logging_mixin.py:190} INFO - [2026-03-23T18:40:35.109+0000] {dag.py:3239} INFO - Sync 1 DAGs
[2026-03-23T18:40:35.165+0000] {processor.py:208} INFO - Processing /opt/airflow/dags/db_and_model_update_dag.py took 0.147 seconds
[2026-03-23T18:41:05.388+0000] {processor.py:186} INFO - Started process (PID=4589) to work on /opt/airflow/dags/db_and_model_update_dag.py
[2026-03-23T18:41:05.389+0000] {processor.py:914} INFO - Processing file /opt/airflow/dags/db_and_model_update_dag.py for tasks to queue
[2026-03-23T18:41:05.391+0000] {logging_mixin.py:190} INFO - [2026-03-23T18:41:05.391+0000] {dagbag.py:588} INFO - Filling up the DagBag from /opt/airflow/dags/db_and_model_update_dag.py
[2026-03-23T18:41:05.411+0000] {processor.py:925} INFO - DAG(s) 'db_and_model_update' retrieved from /opt/airflow/dags/db_and_model_update_dag.py
[2026-03-23T18:41:05.441+0000] {logging_mixin.py:190} INFO - [2026-03-23T18:41:05.440+0000] {dag.py:3239} INFO - Sync 1 DAGs
[2026-03-23T18:41:05.482+0000] {processor.py:208} INFO - Processing /opt/airflow/dags/db_and_model_update_dag.py took 0.101 seconds
[2026-03-23T18:41:30.177+0000] {processor.py:186} INFO - Started process (PID=4599) to work on /opt/airflow/dags/db_and_model_update_dag.py
[2026-03-23T18:41:30.182+0000] {processor.py:914} INFO - Processing file /opt/airflow/dags/db_and_model_update_dag.py for tasks to queue
[2026-03-23T18:41:30.187+0000] {logging_mixin.py:190} INFO - [2026-03-23T18:41:30.186+0000] {dagbag.py:588} INFO - Filling up the DagBag from /opt/airflow/dags/db_and_model_update_dag.py
[2026-03-23T18:41:30.212+0000] {processor.py:925} INFO - DAG(s) 'db_and_model_update' retrieved from /opt/airflow/dags/db_and_model_update_dag.py
[2026-03-23T18:41:30.250+0000] {logging_mixin.py:190} INFO - [2026-03-23T18:41:30.249+0000] {dag.py:3239} INFO - Sync 1 DAGs
[2026-03-23T18:41:30.301+0000] {processor.py:208} INFO - Processing /opt/airflow/dags/db_and_model_update_dag.py took 0.138 seconds
[2026-03-23T18:42:00.601+0000] {processor.py:186} INFO - Started process (PID=4609) to work on /opt/airflow/dags/db_and_model_update_dag.py
[2026-03-23T18:42:00.603+0000] {processor.py:914} INFO - Processing file /opt/airflow/dags/db_and_model_update_dag.py for tasks to queue
[2026-03-23T18:42:00.610+0000] {logging_mixin.py:190} INFO - [2026-03-23T18:42:00.610+0000] {dagbag.py:588} INFO - Filling up the DagBag from /opt/airflow/dags/db_and_model_update_dag.py
[2026-03-23T18:42:00.639+0000] {processor.py:925} INFO - DAG(s) 'db_and_model_update' retrieved from /opt/airflow/dags/db_and_model_update_dag.py
[2026-03-23T18:42:00.673+0000] {logging_mixin.py:190} INFO - [2026-03-23T18:42:00.673+0000] {dag.py:3239} INFO - Sync 1 DAGs
[2026-03-23T18:42:00.725+0000] {processor.py:208} INFO - Processing /opt/airflow/dags/db_and_model_update_dag.py took 0.132 seconds
[2026-03-23T18:42:31.048+0000] {processor.py:186} INFO - Started process (PID=4619) to work on /opt/airflow/dags/db_and_model_update_dag.py
[2026-03-23T18:42:31.050+0000] {processor.py:914} INFO - Processing file /opt/airflow/dags/db_and_model_update_dag.py for tasks to queue
[2026-03-23T18:42:31.053+0000] {logging_mixin.py:190} INFO - [2026-03-23T18:42:31.052+0000] {dagbag.py:588} INFO - Filling up the DagBag from /opt/airflow/dags/db_and_model_update_dag.py
[2026-03-23T18:42:31.079+0000] {processor.py:925} INFO - DAG(s) 'db_and_model_update' retrieved from /opt/airflow/dags/db_and_model_update_dag.py
[2026-03-23T18:42:31.121+0000] {logging_mixin.py:190} INFO - [2026-03-23T18:42:31.121+0000] {dag.py:3239} INFO - Sync 1 DAGs
[2026-03-23T18:42:31.178+0000] {processor.py:208} INFO - Processing /opt/airflow/dags/db_and_model_update_dag.py took 0.143 seconds
[2026-03-23T18:43:01.532+0000] {processor.py:186} INFO - Started process (PID=4629) to work on /opt/airflow/dags/db_and_model_update_dag.py
[2026-03-23T18:43:01.534+0000] {processor.py:914} INFO - Processing file /opt/airflow/dags/db_and_model_update_dag.py for tasks to queue
[2026-03-23T18:43:01.536+0000] {logging_mixin.py:190} INFO - [2026-03-23T18:43:01.536+0000] {dagbag.py:588} INFO - Filling up the DagBag from /opt/airflow/dags/db_and_model_update_dag.py
[2026-03-23T18:43:01.555+0000] {processor.py:925} INFO - DAG(s) 'db_and_model_update' retrieved from /opt/airflow/dags/db_and_model_update_dag.py
[2026-03-23T18:43:01.583+0000] {logging_mixin.py:190} INFO - [2026-03-23T18:43:01.582+0000] {dag.py:3239} INFO - Sync 1 DAGs
[2026-03-23T18:43:01.626+0000] {processor.py:208} INFO - Processing /opt/airflow/dags/db_and_model_update_dag.py took 0.101 seconds
[2026-03-23T18:43:31.986+0000] {processor.py:186} INFO - Started process (PID=4639) to work on /opt/airflow/dags/db_and_model_update_dag.py
[2026-03-23T18:43:31.990+0000] {processor.py:914} INFO - Processing file /opt/airflow/dags/db_and_model_update_dag.py for tasks to queue
[2026-03-23T18:43:31.994+0000] {logging_mixin.py:190} INFO - [2026-03-23T18:43:31.994+0000] {dagbag.py:588} INFO - Filling up the DagBag from /opt/airflow/dags/db_and_model_update_dag.py
[2026-03-23T18:43:32.021+0000] {processor.py:925} INFO - DAG(s) 'db_and_model_update' retrieved from /opt/airflow/dags/db_and_model_update_dag.py
[2026-03-23T18:43:32.055+0000] {logging_mixin.py:190} INFO - [2026-03-23T18:43:32.055+0000] {dag.py:3239} INFO - Sync 1 DAGs
[2026-03-23T18:43:32.120+0000] {processor.py:208} INFO - Processing /opt/airflow/dags/db_and_model_update_dag.py took 0.157 seconds
[2026-03-23T18:44:02.455+0000] {processor.py:186} INFO - Started process (PID=4649) to work on /opt/airflow/dags/db_and_model_update_dag.py
[2026-03-23T18:44:02.456+0000] {processor.py:914} INFO - Processing file /opt/airflow/dags/db_and_model_update_dag.py for tasks to queue
[2026-03-23T18:44:02.462+0000] {logging_mixin.py:190} INFO - [2026-03-23T18:44:02.462+0000] {dagbag.py:588} INFO - Filling up the DagBag from /opt/airflow/dags/db_and_model_update_dag.py
[2026-03-23T18:44:02.482+0000] {processor.py:925} INFO - DAG(s) 'db_and_model_update' retrieved from /opt/airflow/dags/db_and_model_update_dag.py
[2026-03-23T18:44:02.514+0000] {logging_mixin.py:190} INFO - [2026-03-23T18:44:02.514+0000] {dag.py:3239} INFO - Sync 1 DAGs
[2026-03-23T18:44:02.564+0000] {processor.py:208} INFO - Processing /opt/airflow/dags/db_and_model_update_dag.py took 0.117 seconds
[2026-03-23T18:44:32.965+0000] {processor.py:186} INFO - Started process (PID=4659) to work on /opt/airflow/dags/db_and_model_update_dag.py
[2026-03-23T18:44:32.966+0000] {processor.py:914} INFO - Processing file /opt/airflow/dags/db_and_model_update_dag.py for tasks to queue
[2026-03-23T18:44:32.968+0000] {logging_mixin.py:190} INFO - [2026-03-23T18:44:32.967+0000] {dagbag.py:588} INFO - Filling up the DagBag from /opt/airflow/dags/db_and_model_update_dag.py
[2026-03-23T18:44:32.988+0000] {processor.py:925} INFO - DAG(s) 'db_and_model_update' retrieved from /opt/airflow/dags/db_and_model_update_dag.py
[2026-03-23T18:44:33.024+0000] {logging_mixin.py:190} INFO - [2026-03-23T18:44:33.023+0000] {dag.py:3239} INFO - Sync 1 DAGs
[2026-03-23T18:44:25.418+0000] {processor.py:208} INFO - Processing /opt/airflow/dags/db_and_model_update_dag.py took 0.114 seconds
[2026-03-23T18:44:55.741+0000] {processor.py:186} INFO - Started process (PID=4669) to work on /opt/airflow/dags/db_and_model_update_dag.py
[2026-03-23T18:44:55.742+0000] {processor.py:914} INFO - Processing file /opt/airflow/dags/db_and_model_update_dag.py for tasks to queue
[2026-03-23T18:44:55.744+0000] {logging_mixin.py:190} INFO - [2026-03-23T18:44:55.744+0000] {dagbag.py:588} INFO - Filling up the DagBag from /opt/airflow/dags/db_and_model_update_dag.py
[2026-03-23T18:44:55.764+0000] {processor.py:925} INFO - DAG(s) 'db_and_model_update' retrieved from /opt/airflow/dags/db_and_model_update_dag.py
[2026-03-23T18:44:55.795+0000] {logging_mixin.py:190} INFO - [2026-03-23T18:44:55.794+0000] {dag.py:3239} INFO - Sync 1 DAGs
[2026-03-23T18:44:55.841+0000] {processor.py:208} INFO - Processing /opt/airflow/dags/db_and_model_update_dag.py took 0.109 seconds
[2026-03-23T18:45:20.490+0000] {processor.py:186} INFO - Started process (PID=4679) to work on /opt/airflow/dags/db_and_model_update_dag.py
[2026-03-23T18:45:20.492+0000] {processor.py:914} INFO - Processing file /opt/airflow/dags/db_and_model_update_dag.py for tasks to queue
[2026-03-23T18:45:20.495+0000] {logging_mixin.py:190} INFO - [2026-03-23T18:45:20.495+0000] {dagbag.py:588} INFO - Filling up the DagBag from /opt/airflow/dags/db_and_model_update_dag.py
[2026-03-23T18:45:20.530+0000] {processor.py:925} INFO - DAG(s) 'db_and_model_update' retrieved from /opt/airflow/dags/db_and_model_update_dag.py
[2026-03-23T18:45:20.567+0000] {logging_mixin.py:190} INFO - [2026-03-23T18:45:20.567+0000] {dag.py:3239} INFO - Sync 1 DAGs
[2026-03-23T18:45:20.611+0000] {processor.py:208} INFO - Processing /opt/airflow/dags/db_and_model_update_dag.py took 0.129 seconds
[2026-03-23T18:45:50.878+0000] {processor.py:186} INFO - Started process (PID=4689) to work on /opt/airflow/dags/db_and_model_update_dag.py
[2026-03-23T18:45:50.879+0000] {processor.py:914} INFO - Processing file /opt/airflow/dags/db_and_model_update_dag.py for tasks to queue
[2026-03-23T18:45:50.890+0000] {logging_mixin.py:190} INFO - [2026-03-23T18:45:50.890+0000] {dagbag.py:588} INFO - Filling up the DagBag from /opt/airflow/dags/db_and_model_update_dag.py
[2026-03-23T18:45:50.919+0000] {processor.py:925} INFO - DAG(s) 'db_and_model_update' retrieved from /opt/airflow/dags/db_and_model_update_dag.py
[2026-03-23T18:45:50.958+0000] {logging_mixin.py:190} INFO - [2026-03-23T18:45:50.958+0000] {dag.py:3239} INFO - Sync 1 DAGs
[2026-03-23T18:45:51.020+0000] {processor.py:208} INFO - Processing /opt/airflow/dags/db_and_model_update_dag.py took 0.151 seconds
[2026-03-23T18:46:21.324+0000] {processor.py:186} INFO - Started process (PID=4699) to work on /opt/airflow/dags/db_and_model_update_dag.py
[2026-03-23T18:46:21.326+0000] {processor.py:914} INFO - Processing file /opt/airflow/dags/db_and_model_update_dag.py for tasks to queue
[2026-03-23T18:46:21.328+0000] {logging_mixin.py:190} INFO - [2026-03-23T18:46:21.328+0000] {dagbag.py:588} INFO - Filling up the DagBag from /opt/airflow/dags/db_and_model_update_dag.py
[2026-03-23T18:46:21.352+0000] {processor.py:925} INFO - DAG(s) 'db_and_model_update' retrieved from /opt/airflow/dags/db_and_model_update_dag.py
[2026-03-23T18:46:21.387+0000] {logging_mixin.py:190} INFO - [2026-03-23T18:46:21.387+0000] {dag.py:3239} INFO - Sync 1 DAGs
[2026-03-23T18:46:21.430+0000] {processor.py:208} INFO - Processing /opt/airflow/dags/db_and_model_update_dag.py took 0.116 seconds
[2026-03-23T18:46:50.606+0000] {processor.py:186} INFO - Started process (PID=4709) to work on /opt/airflow/dags/db_and_model_update_dag.py
[2026-03-23T18:46:50.608+0000] {processor.py:914} INFO - Processing file /opt/airflow/dags/db_and_model_update_dag.py for tasks to queue
[2026-03-23T18:46:50.610+0000] {logging_mixin.py:190} INFO - [2026-03-23T18:46:50.610+0000] {dagbag.py:588} INFO - Filling up the DagBag from /opt/airflow/dags/db_and_model_update_dag.py
[2026-03-23T18:46:50.630+0000] {processor.py:925} INFO - DAG(s) 'db_and_model_update' retrieved from /opt/airflow/dags/db_and_model_update_dag.py
[2026-03-23T18:46:50.665+0000] {logging_mixin.py:190} INFO - [2026-03-23T18:46:50.665+0000] {dag.py:3239} INFO - Sync 1 DAGs
[2026-03-23T18:46:50.710+0000] {processor.py:208} INFO - Processing /opt/airflow/dags/db_and_model_update_dag.py took 0.111 seconds
[2026-03-23T18:47:21.041+0000] {processor.py:186} INFO - Started process (PID=4719) to work on /opt/airflow/dags/db_and_model_update_dag.py
[2026-03-23T18:47:21.043+0000] {processor.py:914} INFO - Processing file /opt/airflow/dags/db_and_model_update_dag.py for tasks to queue
[2026-03-23T18:47:21.046+0000] {logging_mixin.py:190} INFO - [2026-03-23T18:47:21.045+0000] {dagbag.py:588} INFO - Filling up the DagBag from /opt/airflow/dags/db_and_model_update_dag.py
[2026-03-23T18:47:21.064+0000] {processor.py:925} INFO - DAG(s) 'db_and_model_update' retrieved from /opt/airflow/dags/db_and_model_update_dag.py
[2026-03-23T18:47:21.094+0000] {logging_mixin.py:190} INFO - [2026-03-23T18:47:21.093+0000] {dag.py:3239} INFO - Sync 1 DAGs
[2026-03-23T18:47:21.136+0000] {processor.py:208} INFO - Processing /opt/airflow/dags/db_and_model_update_dag.py took 0.102 seconds
[2026-03-23T18:47:51.432+0000] {processor.py:186} INFO - Started process (PID=4729) to work on /opt/airflow/dags/db_and_model_update_dag.py
[2026-03-23T18:47:51.433+0000] {processor.py:914} INFO - Processing file /opt/airflow/dags/db_and_model_update_dag.py for tasks to queue
[2026-03-23T18:47:51.437+0000] {logging_mixin.py:190} INFO - [2026-03-23T18:47:51.437+0000] {dagbag.py:588} INFO - Filling up the DagBag from /opt/airflow/dags/db_and_model_update_dag.py
[2026-03-23T18:47:51.459+0000] {processor.py:925} INFO - DAG(s) 'db_and_model_update' retrieved from /opt/airflow/dags/db_and_model_update_dag.py
[2026-03-23T18:47:51.493+0000] {logging_mixin.py:190} INFO - [2026-03-23T18:47:51.493+0000] {dag.py:3239} INFO - Sync 1 DAGs
[2026-03-23T18:47:51.532+0000] {processor.py:208} INFO - Processing /opt/airflow/dags/db_and_model_update_dag.py took 0.108 seconds
[2026-03-23T18:48:26.685+0000] {processor.py:186} INFO - Started process (PID=4739) to work on /opt/airflow/dags/db_and_model_update_dag.py
[2026-03-23T18:48:26.687+0000] {processor.py:914} INFO - Processing file /opt/airflow/dags/db_and_model_update_dag.py for tasks to queue
[2026-03-23T18:48:26.689+0000] {logging_mixin.py:190} INFO - [2026-03-23T18:48:26.689+0000] {dagbag.py:588} INFO - Filling up the DagBag from /opt/airflow/dags/db_and_model_update_dag.py
[2026-03-23T18:48:26.708+0000] {processor.py:925} INFO - DAG(s) 'db_and_model_update' retrieved from /opt/airflow/dags/db_and_model_update_dag.py
[2026-03-23T18:48:19.085+0000] {logging_mixin.py:190} INFO - [2026-03-23T18:48:19.084+0000] {dag.py:3239} INFO - Sync 1 DAGs
[2026-03-23T18:48:19.142+0000] {processor.py:208} INFO - Processing /opt/airflow/dags/db_and_model_update_dag.py took 0.124 seconds
[2026-03-23T18:48:53.396+0000] {processor.py:186} INFO - Started process (PID=4749) to work on /opt/airflow/dags/db_and_model_update_dag.py
[2026-03-23T18:48:53.397+0000] {processor.py:914} INFO - Processing file /opt/airflow/dags/db_and_model_update_dag.py for tasks to queue
[2026-03-23T18:48:53.399+0000] {logging_mixin.py:190} INFO - [2026-03-23T18:48:53.399+0000] {dagbag.py:588} INFO - Filling up the DagBag from /opt/airflow/dags/db_and_model_update_dag.py
[2026-03-23T18:48:53.421+0000] {processor.py:925} INFO - DAG(s) 'db_and_model_update' retrieved from /opt/airflow/dags/db_and_model_update_dag.py
[2026-03-23T18:48:53.454+0000] {logging_mixin.py:190} INFO - [2026-03-23T18:48:53.454+0000] {dag.py:3239} INFO - Sync 1 DAGs
[2026-03-23T18:48:45.847+0000] {processor.py:208} INFO - Processing /opt/airflow/dags/db_and_model_update_dag.py took 0.117 seconds
[2026-03-23T18:49:16.027+0000] {processor.py:186} INFO - Started process (PID=4759) to work on /opt/airflow/dags/db_and_model_update_dag.py
[2026-03-23T18:49:16.028+0000] {processor.py:914} INFO - Processing file /opt/airflow/dags/db_and_model_update_dag.py for tasks to queue
[2026-03-23T18:49:16.030+0000] {logging_mixin.py:190} INFO - [2026-03-23T18:49:16.030+0000] {dagbag.py:588} INFO - Filling up the DagBag from /opt/airflow/dags/db_and_model_update_dag.py
[2026-03-23T18:49:16.050+0000] {processor.py:925} INFO - DAG(s) 'db_and_model_update' retrieved from /opt/airflow/dags/db_and_model_update_dag.py
[2026-03-23T18:49:16.078+0000] {logging_mixin.py:190} INFO - [2026-03-23T18:49:16.078+0000] {dag.py:3239} INFO - Sync 1 DAGs
[2026-03-23T18:49:16.119+0000] {processor.py:208} INFO - Processing /opt/airflow/dags/db_and_model_update_dag.py took 0.100 seconds
[2026-03-23T18:49:46.483+0000] {processor.py:186} INFO - Started process (PID=4769) to work on /opt/airflow/dags/db_and_model_update_dag.py
[2026-03-23T18:49:46.484+0000] {processor.py:914} INFO - Processing file /opt/airflow/dags/db_and_model_update_dag.py for tasks to queue
[2026-03-23T18:49:46.487+0000] {logging_mixin.py:190} INFO - [2026-03-23T18:49:46.486+0000] {dagbag.py:588} INFO - Filling up the DagBag from /opt/airflow/dags/db_and_model_update_dag.py
[2026-03-23T18:49:46.510+0000] {processor.py:925} INFO - DAG(s) 'db_and_model_update' retrieved from /opt/airflow/dags/db_and_model_update_dag.py
[2026-03-23T18:49:46.542+0000] {logging_mixin.py:190} INFO - [2026-03-23T18:49:46.541+0000] {dag.py:3239} INFO - Sync 1 DAGs
[2026-03-23T18:49:46.585+0000] {processor.py:208} INFO - Processing /opt/airflow/dags/db_and_model_update_dag.py took 0.110 seconds
[2026-03-23T18:50:23.563+0000] {processor.py:186} INFO - Started process (PID=4779) to work on /opt/airflow/dags/db_and_model_update_dag.py
[2026-03-23T18:50:23.564+0000] {processor.py:914} INFO - Processing file /opt/airflow/dags/db_and_model_update_dag.py for tasks to queue
[2026-03-23T18:50:23.567+0000] {logging_mixin.py:190} INFO - [2026-03-23T18:50:23.567+0000] {dagbag.py:588} INFO - Filling up the DagBag from /opt/airflow/dags/db_and_model_update_dag.py
[2026-03-23T18:50:23.587+0000] {processor.py:925} INFO - DAG(s) 'db_and_model_update' retrieved from /opt/airflow/dags/db_and_model_update_dag.py
[2026-03-23T18:50:23.616+0000] {logging_mixin.py:190} INFO - [2026-03-23T18:50:23.616+0000] {dag.py:3239} INFO - Sync 1 DAGs
[2026-03-23T18:50:15.989+0000] {processor.py:208} INFO - Processing /opt/airflow/dags/db_and_model_update_dag.py took 0.099 seconds
[2026-03-23T18:50:46.330+0000] {processor.py:186} INFO - Started process (PID=4789) to work on /opt/airflow/dags/db_and_model_update_dag.py
[2026-03-23T18:50:46.331+0000] {processor.py:914} INFO - Processing file /opt/airflow/dags/db_and_model_update_dag.py for tasks to queue
[2026-03-23T18:50:46.334+0000] {logging_mixin.py:190} INFO - [2026-03-23T18:50:46.333+0000] {dagbag.py:588} INFO - Filling up the DagBag from /opt/airflow/dags/db_and_model_update_dag.py
[2026-03-23T18:50:46.361+0000] {processor.py:925} INFO - DAG(s) 'db_and_model_update' retrieved from /opt/airflow/dags/db_and_model_update_dag.py
[2026-03-23T18:50:46.395+0000] {logging_mixin.py:190} INFO - [2026-03-23T18:50:46.395+0000] {dag.py:3239} INFO - Sync 1 DAGs
[2026-03-23T18:50:46.440+0000] {processor.py:208} INFO - Processing /opt/airflow/dags/db_and_model_update_dag.py took 0.122 seconds
[2026-03-23T18:51:16.805+0000] {processor.py:186} INFO - Started process (PID=4799) to work on /opt/airflow/dags/db_and_model_update_dag.py
[2026-03-23T18:51:16.807+0000] {processor.py:914} INFO - Processing file /opt/airflow/dags/db_and_model_update_dag.py for tasks to queue
[2026-03-23T18:51:16.810+0000] {logging_mixin.py:190} INFO - [2026-03-23T18:51:16.809+0000] {dagbag.py:588} INFO - Filling up the DagBag from /opt/airflow/dags/db_and_model_update_dag.py
[2026-03-23T18:51:16.833+0000] {processor.py:925} INFO - DAG(s) 'db_and_model_update' retrieved from /opt/airflow/dags/db_and_model_update_dag.py
[2026-03-23T18:51:16.866+0000] {logging_mixin.py:190} INFO - [2026-03-23T18:51:16.866+0000] {dag.py:3239} INFO - Sync 1 DAGs
[2026-03-23T18:51:16.908+0000] {processor.py:208} INFO - Processing /opt/airflow/dags/db_and_model_update_dag.py took 0.111 seconds
[2026-03-23T18:51:47.213+0000] {processor.py:186} INFO - Started process (PID=4809) to work on /opt/airflow/dags/db_and_model_update_dag.py
[2026-03-23T18:51:47.214+0000] {processor.py:914} INFO - Processing file /opt/airflow/dags/db_and_model_update_dag.py for tasks to queue
[2026-03-23T18:51:47.216+0000] {logging_mixin.py:190} INFO - [2026-03-23T18:51:47.216+0000] {dagbag.py:588} INFO - Filling up the DagBag from /opt/airflow/dags/db_and_model_update_dag.py
[2026-03-23T18:51:47.237+0000] {processor.py:925} INFO - DAG(s) 'db_and_model_update' retrieved from /opt/airflow/dags/db_and_model_update_dag.py
[2026-03-23T18:51:47.267+0000] {logging_mixin.py:190} INFO - [2026-03-23T18:51:47.267+0000] {dag.py:3239} INFO - Sync 1 DAGs
[2026-03-23T18:51:47.309+0000] {processor.py:208} INFO - Processing /opt/airflow/dags/db_and_model_update_dag.py took 0.104 seconds
[2026-03-23T18:52:17.608+0000] {processor.py:186} INFO - Started process (PID=4819) to work on /opt/airflow/dags/db_and_model_update_dag.py
[2026-03-23T18:52:17.610+0000] {processor.py:914} INFO - Processing file /opt/airflow/dags/db_and_model_update_dag.py for tasks to queue
[2026-03-23T18:52:17.612+0000] {logging_mixin.py:190} INFO - [2026-03-23T18:52:17.612+0000] {dagbag.py:588} INFO - Filling up the DagBag from /opt/airflow/dags/db_and_model_update_dag.py
[2026-03-23T18:52:17.631+0000] {processor.py:925} INFO - DAG(s) 'db_and_model_update' retrieved from /opt/airflow/dags/db_and_model_update_dag.py
[2026-03-23T18:52:17.662+0000] {logging_mixin.py:190} INFO - [2026-03-23T18:52:17.662+0000] {dag.py:3239} INFO - Sync 1 DAGs
[2026-03-23T18:52:17.701+0000] {processor.py:208} INFO - Processing /opt/airflow/dags/db_and_model_update_dag.py took 0.102 seconds
[2026-03-23T18:52:47.996+0000] {processor.py:186} INFO - Started process (PID=4829) to work on /opt/airflow/dags/db_and_model_update_dag.py
[2026-03-23T18:52:47.998+0000] {processor.py:914} INFO - Processing file /opt/airflow/dags/db_and_model_update_dag.py for tasks to queue
[2026-03-23T18:52:48.000+0000] {logging_mixin.py:190} INFO - [2026-03-23T18:52:48.000+0000] {dagbag.py:588} INFO - Filling up the DagBag from /opt/airflow/dags/db_and_model_update_dag.py
[2026-03-23T18:52:48.022+0000] {processor.py:925} INFO - DAG(s) 'db_and_model_update' retrieved from /opt/airflow/dags/db_and_model_update_dag.py
[2026-03-23T18:52:48.056+0000] {logging_mixin.py:190} INFO - [2026-03-23T18:52:48.056+0000] {dag.py:3239} INFO - Sync 1 DAGs
[2026-03-23T18:52:48.104+0000] {processor.py:208} INFO - Processing /opt/airflow/dags/db_and_model_update_dag.py took 0.116 seconds
[2026-03-23T18:53:18.477+0000] {processor.py:186} INFO - Started process (PID=4839) to work on /opt/airflow/dags/db_and_model_update_dag.py
[2026-03-23T18:53:18.478+0000] {processor.py:914} INFO - Processing file /opt/airflow/dags/db_and_model_update_dag.py for tasks to queue
[2026-03-23T18:53:18.481+0000] {logging_mixin.py:190} INFO - [2026-03-23T18:53:18.481+0000] {dagbag.py:588} INFO - Filling up the DagBag from /opt/airflow/dags/db_and_model_update_dag.py
[2026-03-23T18:53:18.503+0000] {processor.py:925} INFO - DAG(s) 'db_and_model_update' retrieved from /opt/airflow/dags/db_and_model_update_dag.py
[2026-03-23T18:53:18.533+0000] {logging_mixin.py:190} INFO - [2026-03-23T18:53:18.533+0000] {dag.py:3239} INFO - Sync 1 DAGs
[2026-03-23T18:53:18.589+0000] {processor.py:208} INFO - Processing /opt/airflow/dags/db_and_model_update_dag.py took 0.120 seconds
[2026-03-23T18:53:48.913+0000] {processor.py:186} INFO - Started process (PID=4849) to work on /opt/airflow/dags/db_and_model_update_dag.py
[2026-03-23T18:53:48.915+0000] {processor.py:914} INFO - Processing file /opt/airflow/dags/db_and_model_update_dag.py for tasks to queue
[2026-03-23T18:53:48.917+0000] {logging_mixin.py:190} INFO - [2026-03-23T18:53:48.917+0000] {dagbag.py:588} INFO - Filling up the DagBag from /opt/airflow/dags/db_and_model_update_dag.py
[2026-03-23T18:53:48.944+0000] {processor.py:925} INFO - DAG(s) 'db_and_model_update' retrieved from /opt/airflow/dags/db_and_model_update_dag.py
[2026-03-23T18:53:48.977+0000] {logging_mixin.py:190} INFO - [2026-03-23T18:53:48.976+0000] {dag.py:3239} INFO - Sync 1 DAGs
[2026-03-23T18:53:49.033+0000] {processor.py:208} INFO - Processing /opt/airflow/dags/db_and_model_update_dag.py took 0.128 seconds
[2026-03-23T18:54:21.264+0000] {processor.py:186} INFO - Started process (PID=4859) to work on /opt/airflow/dags/db_and_model_update_dag.py
[2026-03-23T18:54:21.266+0000] {processor.py:914} INFO - Processing file /opt/airflow/dags/db_and_model_update_dag.py for tasks to queue
[2026-03-23T18:54:21.269+0000] {logging_mixin.py:190} INFO - [2026-03-23T18:54:21.269+0000] {dagbag.py:588} INFO - Filling up the DagBag from /opt/airflow/dags/db_and_model_update_dag.py
[2026-03-23T18:54:13.624+0000] {processor.py:925} INFO - DAG(s) 'db_and_model_update' retrieved from /opt/airflow/dags/db_and_model_update_dag.py
[2026-03-23T18:54:13.662+0000] {logging_mixin.py:190} INFO - [2026-03-23T18:54:13.662+0000] {dag.py:3239} INFO - Sync 1 DAGs
[2026-03-23T18:54:13.725+0000] {processor.py:208} INFO - Processing /opt/airflow/dags/db_and_model_update_dag.py took 0.141 seconds
[2026-03-23T18:54:44.260+0000] {processor.py:186} INFO - Started process (PID=4869) to work on /opt/airflow/dags/db_and_model_update_dag.py
[2026-03-23T18:54:44.267+0000] {processor.py:914} INFO - Processing file /opt/airflow/dags/db_and_model_update_dag.py for tasks to queue
[2026-03-23T18:54:44.270+0000] {logging_mixin.py:190} INFO - [2026-03-23T18:54:44.270+0000] {dagbag.py:588} INFO - Filling up the DagBag from /opt/airflow/dags/db_and_model_update_dag.py
[2026-03-23T18:54:44.327+0000] {processor.py:925} INFO - DAG(s) 'db_and_model_update' retrieved from /opt/airflow/dags/db_and_model_update_dag.py
[2026-03-23T18:54:44.371+0000] {logging_mixin.py:190} INFO - [2026-03-23T18:54:44.371+0000] {dag.py:3239} INFO - Sync 1 DAGs
[2026-03-23T18:54:44.436+0000] {processor.py:208} INFO - Processing /opt/airflow/dags/db_and_model_update_dag.py took 0.187 seconds
[2026-03-23T18:55:14.547+0000] {processor.py:186} INFO - Started process (PID=4879) to work on /opt/airflow/dags/db_and_model_update_dag.py
[2026-03-23T18:55:14.548+0000] {processor.py:914} INFO - Processing file /opt/airflow/dags/db_and_model_update_dag.py for tasks to queue
[2026-03-23T18:55:14.552+0000] {logging_mixin.py:190} INFO - [2026-03-23T18:55:14.551+0000] {dagbag.py:588} INFO - Filling up the DagBag from /opt/airflow/dags/db_and_model_update_dag.py
[2026-03-23T18:55:14.576+0000] {processor.py:925} INFO - DAG(s) 'db_and_model_update' retrieved from /opt/airflow/dags/db_and_model_update_dag.py
[2026-03-23T18:55:14.611+0000] {logging_mixin.py:190} INFO - [2026-03-23T18:55:14.610+0000] {dag.py:3239} INFO - Sync 1 DAGs
[2026-03-23T18:55:14.659+0000] {processor.py:208} INFO - Processing /opt/airflow/dags/db_and_model_update_dag.py took 0.120 seconds
[2026-03-23T18:55:45.000+0000] {processor.py:186} INFO - Started process (PID=4889) to work on /opt/airflow/dags/db_and_model_update_dag.py
[2026-03-23T18:55:45.002+0000] {processor.py:914} INFO - Processing file /opt/airflow/dags/db_and_model_update_dag.py for tasks to queue
[2026-03-23T18:55:45.005+0000] {logging_mixin.py:190} INFO - [2026-03-23T18:55:45.004+0000] {dagbag.py:588} INFO - Filling up the DagBag from /opt/airflow/dags/db_and_model_update_dag.py
[2026-03-23T18:55:45.033+0000] {processor.py:925} INFO - DAG(s) 'db_and_model_update' retrieved from /opt/airflow/dags/db_and_model_update_dag.py
[2026-03-23T18:55:45.070+0000] {logging_mixin.py:190} INFO - [2026-03-23T18:55:45.070+0000] {dag.py:3239} INFO - Sync 1 DAGs
[2026-03-23T18:55:45.123+0000] {processor.py:208} INFO - Processing /opt/airflow/dags/db_and_model_update_dag.py took 0.132 seconds
[2026-03-23T18:56:15.311+0000] {processor.py:186} INFO - Started process (PID=4899) to work on /opt/airflow/dags/db_and_model_update_dag.py
[2026-03-23T18:56:15.312+0000] {processor.py:914} INFO - Processing file /opt/airflow/dags/db_and_model_update_dag.py for tasks to queue
[2026-03-23T18:56:15.315+0000] {logging_mixin.py:190} INFO - [2026-03-23T18:56:15.314+0000] {dagbag.py:588} INFO - Filling up the DagBag from /opt/airflow/dags/db_and_model_update_dag.py
[2026-03-23T18:56:15.336+0000] {processor.py:925} INFO - DAG(s) 'db_and_model_update' retrieved from /opt/airflow/dags/db_and_model_update_dag.py
[2026-03-23T18:56:15.367+0000] {logging_mixin.py:190} INFO - [2026-03-23T18:56:15.366+0000] {dag.py:3239} INFO - Sync 1 DAGs
[2026-03-23T18:56:15.403+0000] {processor.py:208} INFO - Processing /opt/airflow/dags/db_and_model_update_dag.py took 0.099 seconds
[2026-03-23T18:56:45.687+0000] {processor.py:186} INFO - Started process (PID=4909) to work on /opt/airflow/dags/db_and_model_update_dag.py
[2026-03-23T18:56:45.689+0000] {processor.py:914} INFO - Processing file /opt/airflow/dags/db_and_model_update_dag.py for tasks to queue
[2026-03-23T18:56:45.695+0000] {logging_mixin.py:190} INFO - [2026-03-23T18:56:45.694+0000] {dagbag.py:588} INFO - Filling up the DagBag from /opt/airflow/dags/db_and_model_update_dag.py
[2026-03-23T18:56:45.721+0000] {processor.py:925} INFO - DAG(s) 'db_and_model_update' retrieved from /opt/airflow/dags/db_and_model_update_dag.py
[2026-03-23T18:56:45.755+0000] {logging_mixin.py:190} INFO - [2026-03-23T18:56:45.755+0000] {dag.py:3239} INFO - Sync 1 DAGs
[2026-03-23T18:56:45.812+0000] {processor.py:208} INFO - Processing /opt/airflow/dags/db_and_model_update_dag.py took 0.135 seconds
[2026-03-23T18:57:16.157+0000] {processor.py:186} INFO - Started process (PID=4919) to work on /opt/airflow/dags/db_and_model_update_dag.py
[2026-03-23T18:57:16.158+0000] {processor.py:914} INFO - Processing file /opt/airflow/dags/db_and_model_update_dag.py for tasks to queue
[2026-03-23T18:57:16.161+0000] {logging_mixin.py:190} INFO - [2026-03-23T18:57:16.161+0000] {dagbag.py:588} INFO - Filling up the DagBag from /opt/airflow/dags/db_and_model_update_dag.py
[2026-03-23T18:57:16.187+0000] {processor.py:925} INFO - DAG(s) 'db_and_model_update' retrieved from /opt/airflow/dags/db_and_model_update_dag.py
[2026-03-23T18:57:16.222+0000] {logging_mixin.py:190} INFO - [2026-03-23T18:57:16.221+0000] {dag.py:3239} INFO - Sync 1 DAGs
[2026-03-23T18:57:16.311+0000] {processor.py:208} INFO - Processing /opt/airflow/dags/db_and_model_update_dag.py took 0.162 seconds
[2026-03-23T18:57:46.431+0000] {processor.py:186} INFO - Started process (PID=4929) to work on /opt/airflow/dags/db_and_model_update_dag.py
[2026-03-23T18:57:46.433+0000] {processor.py:914} INFO - Processing file /opt/airflow/dags/db_and_model_update_dag.py for tasks to queue
[2026-03-23T18:57:46.436+0000] {logging_mixin.py:190} INFO - [2026-03-23T18:57:46.435+0000] {dagbag.py:588} INFO - Filling up the DagBag from /opt/airflow/dags/db_and_model_update_dag.py
[2026-03-23T18:57:46.463+0000] {processor.py:925} INFO - DAG(s) 'db_and_model_update' retrieved from /opt/airflow/dags/db_and_model_update_dag.py
[2026-03-23T18:57:46.495+0000] {logging_mixin.py:190} INFO - [2026-03-23T18:57:46.495+0000] {dag.py:3239} INFO - Sync 1 DAGs
[2026-03-23T18:57:46.603+0000] {processor.py:208} INFO - Processing /opt/airflow/dags/db_and_model_update_dag.py took 0.179 seconds
[2026-03-23T18:58:16.883+0000] {processor.py:186} INFO - Started process (PID=4939) to work on /opt/airflow/dags/db_and_model_update_dag.py
[2026-03-23T18:58:16.885+0000] {processor.py:914} INFO - Processing file /opt/airflow/dags/db_and_model_update_dag.py for tasks to queue
[2026-03-23T18:58:16.888+0000] {logging_mixin.py:190} INFO - [2026-03-23T18:58:16.887+0000] {dagbag.py:588} INFO - Filling up the DagBag from /opt/airflow/dags/db_and_model_update_dag.py
[2026-03-23T18:58:16.912+0000] {processor.py:925} INFO - DAG(s) 'db_and_model_update' retrieved from /opt/airflow/dags/db_and_model_update_dag.py
[2026-03-23T18:58:16.951+0000] {logging_mixin.py:190} INFO - [2026-03-23T18:58:16.951+0000] {dag.py:3239} INFO - Sync 1 DAGs
[2026-03-23T18:58:17.009+0000] {processor.py:208} INFO - Processing /opt/airflow/dags/db_and_model_update_dag.py took 0.134 seconds
[2026-03-23T18:58:47.713+0000] {processor.py:186} INFO - Started process (PID=4949) to work on /opt/airflow/dags/db_and_model_update_dag.py
[2026-03-23T18:58:47.714+0000] {processor.py:914} INFO - Processing file /opt/airflow/dags/db_and_model_update_dag.py for tasks to queue
[2026-03-23T18:58:47.716+0000] {logging_mixin.py:190} INFO - [2026-03-23T18:58:47.716+0000] {dagbag.py:588} INFO - Filling up the DagBag from /opt/airflow/dags/db_and_model_update_dag.py
[2026-03-23T18:58:47.751+0000] {processor.py:925} INFO - DAG(s) 'db_and_model_update' retrieved from /opt/airflow/dags/db_and_model_update_dag.py
[2026-03-23T18:58:47.822+0000] {logging_mixin.py:190} INFO - [2026-03-23T18:58:47.822+0000] {dag.py:3239} INFO - Sync 1 DAGs
[2026-03-23T18:58:47.887+0000] {processor.py:208} INFO - Processing /opt/airflow/dags/db_and_model_update_dag.py took 0.183 seconds
[2026-03-23T18:59:18.200+0000] {processor.py:186} INFO - Started process (PID=4959) to work on /opt/airflow/dags/db_and_model_update_dag.py
[2026-03-23T18:59:18.202+0000] {processor.py:914} INFO - Processing file /opt/airflow/dags/db_and_model_update_dag.py for tasks to queue
[2026-03-23T18:59:18.204+0000] {logging_mixin.py:190} INFO - [2026-03-23T18:59:18.204+0000] {dagbag.py:588} INFO - Filling up the DagBag from /opt/airflow/dags/db_and_model_update_dag.py
[2026-03-23T18:59:18.228+0000] {processor.py:925} INFO - DAG(s) 'db_and_model_update' retrieved from /opt/airflow/dags/db_and_model_update_dag.py
[2026-03-23T18:59:18.262+0000] {logging_mixin.py:190} INFO - [2026-03-23T18:59:18.262+0000] {dag.py:3239} INFO - Sync 1 DAGs
[2026-03-23T18:59:18.328+0000] {processor.py:208} INFO - Processing /opt/airflow/dags/db_and_model_update_dag.py took 0.143 seconds
[2026-03-23T18:59:48.497+0000] {processor.py:186} INFO - Started process (PID=4969) to work on /opt/airflow/dags/db_and_model_update_dag.py
[2026-03-23T18:59:48.499+0000] {processor.py:914} INFO - Processing file /opt/airflow/dags/db_and_model_update_dag.py for tasks to queue
[2026-03-23T18:59:48.502+0000] {logging_mixin.py:190} INFO - [2026-03-23T18:59:48.502+0000] {dagbag.py:588} INFO - Filling up the DagBag from /opt/airflow/dags/db_and_model_update_dag.py
[2026-03-23T18:59:48.528+0000] {processor.py:925} INFO - DAG(s) 'db_and_model_update' retrieved from /opt/airflow/dags/db_and_model_update_dag.py
[2026-03-23T18:59:48.574+0000] {logging_mixin.py:190} INFO - [2026-03-23T18:59:48.574+0000] {dag.py:3239} INFO - Sync 1 DAGs
[2026-03-23T18:59:48.632+0000] {processor.py:208} INFO - Processing /opt/airflow/dags/db_and_model_update_dag.py took 0.147 seconds
[2026-03-23T19:00:18.973+0000] {processor.py:186} INFO - Started process (PID=4979) to work on /opt/airflow/dags/db_and_model_update_dag.py
[2026-03-23T19:00:18.975+0000] {processor.py:914} INFO - Processing file /opt/airflow/dags/db_and_model_update_dag.py for tasks to queue
[2026-03-23T19:00:18.978+0000] {logging_mixin.py:190} INFO - [2026-03-23T19:00:18.977+0000] {dagbag.py:588} INFO - Filling up the DagBag from /opt/airflow/dags/db_and_model_update_dag.py
[2026-03-23T19:00:19.003+0000] {processor.py:925} INFO - DAG(s) 'db_and_model_update' retrieved from /opt/airflow/dags/db_and_model_update_dag.py
[2026-03-23T19:00:19.052+0000] {logging_mixin.py:190} INFO - [2026-03-23T19:00:19.051+0000] {dag.py:3239} INFO - Sync 1 DAGs
[2026-03-23T19:00:19.110+0000] {processor.py:208} INFO - Processing /opt/airflow/dags/db_and_model_update_dag.py took 0.146 seconds
[2026-03-23T19:00:49.403+0000] {processor.py:186} INFO - Started process (PID=4989) to work on /opt/airflow/dags/db_and_model_update_dag.py
[2026-03-23T19:00:49.405+0000] {processor.py:914} INFO - Processing file /opt/airflow/dags/db_and_model_update_dag.py for tasks to queue
[2026-03-23T19:00:49.408+0000] {logging_mixin.py:190} INFO - [2026-03-23T19:00:49.408+0000] {dagbag.py:588} INFO - Filling up the DagBag from /opt/airflow/dags/db_and_model_update_dag.py
[2026-03-23T19:00:49.435+0000] {processor.py:925} INFO - DAG(s) 'db_and_model_update' retrieved from /opt/airflow/dags/db_and_model_update_dag.py
[2026-03-23T19:00:49.474+0000] {logging_mixin.py:190} INFO - [2026-03-23T19:00:49.474+0000] {dag.py:3239} INFO - Sync 1 DAGs
[2026-03-23T19:00:49.518+0000] {processor.py:208} INFO - Processing /opt/airflow/dags/db_and_model_update_dag.py took 0.126 seconds
[2026-03-23T19:01:19.846+0000] {processor.py:186} INFO - Started process (PID=4999) to work on /opt/airflow/dags/db_and_model_update_dag.py
[2026-03-23T19:01:19.848+0000] {processor.py:914} INFO - Processing file /opt/airflow/dags/db_and_model_update_dag.py for tasks to queue
[2026-03-23T19:01:19.851+0000] {logging_mixin.py:190} INFO - [2026-03-23T19:01:19.851+0000] {dagbag.py:588} INFO - Filling up the DagBag from /opt/airflow/dags/db_and_model_update_dag.py
[2026-03-23T19:01:19.885+0000] {processor.py:925} INFO - DAG(s) 'db_and_model_update' retrieved from /opt/airflow/dags/db_and_model_update_dag.py
[2026-03-23T19:01:19.919+0000] {logging_mixin.py:190} INFO - [2026-03-23T19:01:19.919+0000] {dag.py:3239} INFO - Sync 1 DAGs
[2026-03-23T19:01:19.974+0000] {processor.py:208} INFO - Processing /opt/airflow/dags/db_and_model_update_dag.py took 0.141 seconds
[2026-03-23T19:01:50.281+0000] {processor.py:186} INFO - Started process (PID=5009) to work on /opt/airflow/dags/db_and_model_update_dag.py
[2026-03-23T19:01:50.282+0000] {processor.py:914} INFO - Processing file /opt/airflow/dags/db_and_model_update_dag.py for tasks to queue
[2026-03-23T19:01:50.285+0000] {logging_mixin.py:190} INFO - [2026-03-23T19:01:50.284+0000] {dagbag.py:588} INFO - Filling up the DagBag from /opt/airflow/dags/db_and_model_update_dag.py
[2026-03-23T19:01:50.304+0000] {processor.py:925} INFO - DAG(s) 'db_and_model_update' retrieved from /opt/airflow/dags/db_and_model_update_dag.py
[2026-03-23T19:01:50.334+0000] {logging_mixin.py:190} INFO - [2026-03-23T19:01:50.333+0000] {dag.py:3239} INFO - Sync 1 DAGs
[2026-03-23T19:01:50.375+0000] {processor.py:208} INFO - Processing /opt/airflow/dags/db_and_model_update_dag.py took 0.102 seconds
[2026-03-23T19:02:20.677+0000] {processor.py:186} INFO - Started process (PID=5019) to work on /opt/airflow/dags/db_and_model_update_dag.py
[2026-03-23T19:02:20.678+0000] {processor.py:914} INFO - Processing file /opt/airflow/dags/db_and_model_update_dag.py for tasks to queue
[2026-03-23T19:02:20.682+0000] {logging_mixin.py:190} INFO - [2026-03-23T19:02:20.681+0000] {dagbag.py:588} INFO - Filling up the DagBag from /opt/airflow/dags/db_and_model_update_dag.py
[2026-03-23T19:02:20.706+0000] {processor.py:925} INFO - DAG(s) 'db_and_model_update' retrieved from /opt/airflow/dags/db_and_model_update_dag.py
[2026-03-23T19:02:20.743+0000] {logging_mixin.py:190} INFO - [2026-03-23T19:02:20.743+0000] {dag.py:3239} INFO - Sync 1 DAGs
[2026-03-23T19:02:20.788+0000] {processor.py:208} INFO - Processing /opt/airflow/dags/db_and_model_update_dag.py took 0.119 seconds
[2026-03-23T19:02:51.109+0000] {processor.py:186} INFO - Started process (PID=5029) to work on /opt/airflow/dags/db_and_model_update_dag.py
[2026-03-23T19:02:51.110+0000] {processor.py:914} INFO - Processing file /opt/airflow/dags/db_and_model_update_dag.py for tasks to queue
[2026-03-23T19:02:51.112+0000] {logging_mixin.py:190} INFO - [2026-03-23T19:02:51.111+0000] {dagbag.py:588} INFO - Filling up the DagBag from /opt/airflow/dags/db_and_model_update_dag.py
[2026-03-23T19:02:51.132+0000] {processor.py:925} INFO - DAG(s) 'db_and_model_update' retrieved from /opt/airflow/dags/db_and_model_update_dag.py
[2026-03-23T19:02:51.167+0000] {logging_mixin.py:190} INFO - [2026-03-23T19:02:51.167+0000] {dag.py:3239} INFO - Sync 1 DAGs
[2026-03-23T19:02:51.207+0000] {processor.py:208} INFO - Processing /opt/airflow/dags/db_and_model_update_dag.py took 0.106 seconds
[2026-03-23T19:03:21.365+0000] {processor.py:186} INFO - Started process (PID=5039) to work on /opt/airflow/dags/db_and_model_update_dag.py
[2026-03-23T19:03:21.367+0000] {processor.py:914} INFO - Processing file /opt/airflow/dags/db_and_model_update_dag.py for tasks to queue
[2026-03-23T19:03:21.370+0000] {logging_mixin.py:190} INFO - [2026-03-23T19:03:21.370+0000] {dagbag.py:588} INFO - Filling up the DagBag from /opt/airflow/dags/db_and_model_update_dag.py
[2026-03-23T19:03:21.395+0000] {processor.py:925} INFO - DAG(s) 'db_and_model_update' retrieved from /opt/airflow/dags/db_and_model_update_dag.py
[2026-03-23T19:03:21.441+0000] {logging_mixin.py:190} INFO - [2026-03-23T19:03:21.441+0000] {dag.py:3239} INFO - Sync 1 DAGs
[2026-03-23T19:03:21.511+0000] {processor.py:208} INFO - Processing /opt/airflow/dags/db_and_model_update_dag.py took 0.155 seconds
[2026-03-23T19:03:51.832+0000] {processor.py:186} INFO - Started process (PID=5049) to work on /opt/airflow/dags/db_and_model_update_dag.py
[2026-03-23T19:03:51.835+0000] {processor.py:914} INFO - Processing file /opt/airflow/dags/db_and_model_update_dag.py for tasks to queue
[2026-03-23T19:03:51.841+0000] {logging_mixin.py:190} INFO - [2026-03-23T19:03:51.840+0000] {dagbag.py:588} INFO - Filling up the DagBag from /opt/airflow/dags/db_and_model_update_dag.py
[2026-03-23T19:03:51.864+0000] {processor.py:925} INFO - DAG(s) 'db_and_model_update' retrieved from /opt/airflow/dags/db_and_model_update_dag.py
[2026-03-23T19:03:51.896+0000] {logging_mixin.py:190} INFO - [2026-03-23T19:03:51.896+0000] {dag.py:3239} INFO - Sync 1 DAGs
[2026-03-23T19:03:51.942+0000] {processor.py:208} INFO - Processing /opt/airflow/dags/db_and_model_update_dag.py took 0.121 seconds
[2026-03-23T19:04:22.740+0000] {processor.py:186} INFO - Started process (PID=5059) to work on /opt/airflow/dags/db_and_model_update_dag.py
[2026-03-23T19:04:22.741+0000] {processor.py:914} INFO - Processing file /opt/airflow/dags/db_and_model_update_dag.py for tasks to queue
[2026-03-23T19:04:22.746+0000] {logging_mixin.py:190} INFO - [2026-03-23T19:04:22.746+0000] {dagbag.py:588} INFO - Filling up the DagBag from /opt/airflow/dags/db_and_model_update_dag.py
[2026-03-23T19:04:22.773+0000] {processor.py:925} INFO - DAG(s) 'db_and_model_update' retrieved from /opt/airflow/dags/db_and_model_update_dag.py
[2026-03-23T19:04:22.804+0000] {logging_mixin.py:190} INFO - [2026-03-23T19:04:22.804+0000] {dag.py:3239} INFO - Sync 1 DAGs
[2026-03-23T19:04:22.852+0000] {processor.py:208} INFO - Processing /opt/airflow/dags/db_and_model_update_dag.py took 0.125 seconds
[2026-03-23T19:04:53.041+0000] {processor.py:186} INFO - Started process (PID=5069) to work on /opt/airflow/dags/db_and_model_update_dag.py
[2026-03-23T19:04:53.042+0000] {processor.py:914} INFO - Processing file /opt/airflow/dags/db_and_model_update_dag.py for tasks to queue
[2026-03-23T19:04:53.045+0000] {logging_mixin.py:190} INFO - [2026-03-23T19:04:53.045+0000] {dagbag.py:588} INFO - Filling up the DagBag from /opt/airflow/dags/db_and_model_update_dag.py
[2026-03-23T19:04:53.066+0000] {processor.py:925} INFO - DAG(s) 'db_and_model_update' retrieved from /opt/airflow/dags/db_and_model_update_dag.py
[2026-03-23T19:04:53.100+0000] {logging_mixin.py:190} INFO - [2026-03-23T19:04:53.100+0000] {dag.py:3239} INFO - Sync 1 DAGs
[2026-03-23T19:04:53.142+0000] {processor.py:208} INFO - Processing /opt/airflow/dags/db_and_model_update_dag.py took 0.109 seconds
[2026-03-23T19:05:25.598+0000] {processor.py:186} INFO - Started process (PID=5079) to work on /opt/airflow/dags/db_and_model_update_dag.py
[2026-03-23T19:05:25.599+0000] {processor.py:914} INFO - Processing file /opt/airflow/dags/db_and_model_update_dag.py for tasks to queue
[2026-03-23T19:05:25.601+0000] {logging_mixin.py:190} INFO - [2026-03-23T19:05:25.601+0000] {dagbag.py:588} INFO - Filling up the DagBag from /opt/airflow/dags/db_and_model_update_dag.py
[2026-03-23T19:05:25.620+0000] {processor.py:925} INFO - DAG(s) 'db_and_model_update' retrieved from /opt/airflow/dags/db_and_model_update_dag.py
[2026-03-23T19:05:25.649+0000] {logging_mixin.py:190} INFO - [2026-03-23T19:05:25.649+0000] {dag.py:3239} INFO - Sync 1 DAGs
[2026-03-23T19:05:25.702+0000] {processor.py:208} INFO - Processing /opt/airflow/dags/db_and_model_update_dag.py took 0.111 seconds
[2026-03-23T19:05:56.199+0000] {processor.py:186} INFO - Started process (PID=5089) to work on /opt/airflow/dags/db_and_model_update_dag.py
[2026-03-23T19:05:56.201+0000] {processor.py:914} INFO - Processing file /opt/airflow/dags/db_and_model_update_dag.py for tasks to queue
[2026-03-23T19:05:56.204+0000] {logging_mixin.py:190} INFO - [2026-03-23T19:05:56.204+0000] {dagbag.py:588} INFO - Filling up the DagBag from /opt/airflow/dags/db_and_model_update_dag.py
[2026-03-23T19:05:56.225+0000] {processor.py:925} INFO - DAG(s) 'db_and_model_update' retrieved from /opt/airflow/dags/db_and_model_update_dag.py
[2026-03-23T19:05:56.257+0000] {logging_mixin.py:190} INFO - [2026-03-23T19:05:56.256+0000] {dag.py:3239} INFO - Sync 1 DAGs
[2026-03-23T19:05:56.302+0000] {processor.py:208} INFO - Processing /opt/airflow/dags/db_and_model_update_dag.py took 0.110 seconds
[2026-03-23T19:06:27.155+0000] {processor.py:186} INFO - Started process (PID=5099) to work on /opt/airflow/dags/db_and_model_update_dag.py
[2026-03-23T19:06:27.156+0000] {processor.py:914} INFO - Processing file /opt/airflow/dags/db_and_model_update_dag.py for tasks to queue
[2026-03-23T19:06:27.158+0000] {logging_mixin.py:190} INFO - [2026-03-23T19:06:27.158+0000] {dagbag.py:588} INFO - Filling up the DagBag from /opt/airflow/dags/db_and_model_update_dag.py
[2026-03-23T19:06:27.178+0000] {processor.py:925} INFO - DAG(s) 'db_and_model_update' retrieved from /opt/airflow/dags/db_and_model_update_dag.py
[2026-03-23T19:06:27.208+0000] {logging_mixin.py:190} INFO - [2026-03-23T19:06:27.208+0000] {dag.py:3239} INFO - Sync 1 DAGs
[2026-03-23T19:06:27.251+0000] {processor.py:208} INFO - Processing /opt/airflow/dags/db_and_model_update_dag.py took 0.103 seconds
[2026-03-23T19:07:00.233+0000] {processor.py:186} INFO - Started process (PID=5109) to work on /opt/airflow/dags/db_and_model_update_dag.py
[2026-03-23T19:07:00.234+0000] {processor.py:914} INFO - Processing file /opt/airflow/dags/db_and_model_update_dag.py for tasks to queue
[2026-03-23T19:07:00.237+0000] {logging_mixin.py:190} INFO - [2026-03-23T19:07:00.236+0000] {dagbag.py:588} INFO - Filling up the DagBag from /opt/airflow/dags/db_and_model_update_dag.py
[2026-03-23T19:07:00.261+0000] {processor.py:925} INFO - DAG(s) 'db_and_model_update' retrieved from /opt/airflow/dags/db_and_model_update_dag.py
[2026-03-23T19:06:52.593+0000] {logging_mixin.py:190} INFO - [2026-03-23T19:06:52.593+0000] {dag.py:3239} INFO - Sync 1 DAGs
[2026-03-23T19:06:52.646+0000] {processor.py:208} INFO - Processing /opt/airflow/dags/db_and_model_update_dag.py took 0.125 seconds
[2026-03-23T19:07:22.813+0000] {processor.py:186} INFO - Started process (PID=5119) to work on /opt/airflow/dags/db_and_model_update_dag.py
[2026-03-23T19:07:22.815+0000] {processor.py:914} INFO - Processing file /opt/airflow/dags/db_and_model_update_dag.py for tasks to queue
[2026-03-23T19:07:22.818+0000] {logging_mixin.py:190} INFO - [2026-03-23T19:07:22.818+0000] {dagbag.py:588} INFO - Filling up the DagBag from /opt/airflow/dags/db_and_model_update_dag.py
[2026-03-23T19:07:22.838+0000] {processor.py:925} INFO - DAG(s) 'db_and_model_update' retrieved from /opt/airflow/dags/db_and_model_update_dag.py
[2026-03-23T19:07:22.869+0000] {logging_mixin.py:190} INFO - [2026-03-23T19:07:22.869+0000] {dag.py:3239} INFO - Sync 1 DAGs
[2026-03-23T19:07:22.907+0000] {processor.py:208} INFO - Processing /opt/airflow/dags/db_and_model_update_dag.py took 0.103 seconds
[2026-03-23T19:07:55.341+0000] {processor.py:186} INFO - Started process (PID=5129) to work on /opt/airflow/dags/db_and_model_update_dag.py
[2026-03-23T19:07:55.343+0000] {processor.py:914} INFO - Processing file /opt/airflow/dags/db_and_model_update_dag.py for tasks to queue
[2026-03-23T19:07:55.346+0000] {logging_mixin.py:190} INFO - [2026-03-23T19:07:55.346+0000] {dagbag.py:588} INFO - Filling up the DagBag from /opt/airflow/dags/db_and_model_update_dag.py
[2026-03-23T19:07:55.371+0000] {processor.py:925} INFO - DAG(s) 'db_and_model_update' retrieved from /opt/airflow/dags/db_and_model_update_dag.py
[2026-03-23T19:07:47.710+0000] {logging_mixin.py:190} INFO - [2026-03-23T19:07:47.710+0000] {dag.py:3239} INFO - Sync 1 DAGs
[2026-03-23T19:07:47.755+0000] {processor.py:208} INFO - Processing /opt/airflow/dags/db_and_model_update_dag.py took 0.127 seconds
[2026-03-23T19:08:18.027+0000] {processor.py:186} INFO - Started process (PID=5139) to work on /opt/airflow/dags/db_and_model_update_dag.py
[2026-03-23T19:08:18.029+0000] {processor.py:914} INFO - Processing file /opt/airflow/dags/db_and_model_update_dag.py for tasks to queue
[2026-03-23T19:08:18.032+0000] {logging_mixin.py:190} INFO - [2026-03-23T19:08:18.032+0000] {dagbag.py:588} INFO - Filling up the DagBag from /opt/airflow/dags/db_and_model_update_dag.py
[2026-03-23T19:08:18.066+0000] {processor.py:925} INFO - DAG(s) 'db_and_model_update' retrieved from /opt/airflow/dags/db_and_model_update_dag.py
[2026-03-23T19:08:18.121+0000] {logging_mixin.py:190} INFO - [2026-03-23T19:08:18.120+0000] {dag.py:3239} INFO - Sync 1 DAGs
[2026-03-23T19:08:18.175+0000] {processor.py:208} INFO - Processing /opt/airflow/dags/db_and_model_update_dag.py took 0.157 seconds
[2026-03-23T19:08:48.501+0000] {processor.py:186} INFO - Started process (PID=5149) to work on /opt/airflow/dags/db_and_model_update_dag.py
[2026-03-23T19:08:48.503+0000] {processor.py:914} INFO - Processing file /opt/airflow/dags/db_and_model_update_dag.py for tasks to queue
[2026-03-23T19:08:48.507+0000] {logging_mixin.py:190} INFO - [2026-03-23T19:08:48.506+0000] {dagbag.py:588} INFO - Filling up the DagBag from /opt/airflow/dags/db_and_model_update_dag.py
[2026-03-23T19:08:48.531+0000] {processor.py:925} INFO - DAG(s) 'db_and_model_update' retrieved from /opt/airflow/dags/db_and_model_update_dag.py
[2026-03-23T19:08:48.562+0000] {logging_mixin.py:190} INFO - [2026-03-23T19:08:48.561+0000] {dag.py:3239} INFO - Sync 1 DAGs
[2026-03-23T19:08:48.616+0000] {processor.py:208} INFO - Processing /opt/airflow/dags/db_and_model_update_dag.py took 0.124 seconds
[2026-03-23T19:09:18.926+0000] {processor.py:186} INFO - Started process (PID=5159) to work on /opt/airflow/dags/db_and_model_update_dag.py
[2026-03-23T19:09:18.928+0000] {processor.py:914} INFO - Processing file /opt/airflow/dags/db_and_model_update_dag.py for tasks to queue
[2026-03-23T19:09:18.930+0000] {logging_mixin.py:190} INFO - [2026-03-23T19:09:18.930+0000] {dagbag.py:588} INFO - Filling up the DagBag from /opt/airflow/dags/db_and_model_update_dag.py
[2026-03-23T19:09:18.949+0000] {processor.py:925} INFO - DAG(s) 'db_and_model_update' retrieved from /opt/airflow/dags/db_and_model_update_dag.py
[2026-03-23T19:09:18.984+0000] {logging_mixin.py:190} INFO - [2026-03-23T19:09:18.984+0000] {dag.py:3239} INFO - Sync 1 DAGs
[2026-03-23T19:09:19.036+0000] {processor.py:208} INFO - Processing /opt/airflow/dags/db_and_model_update_dag.py took 0.116 seconds
[2026-03-23T19:09:50.522+0000] {processor.py:186} INFO - Started process (PID=5169) to work on /opt/airflow/dags/db_and_model_update_dag.py
[2026-03-23T19:09:50.524+0000] {processor.py:914} INFO - Processing file /opt/airflow/dags/db_and_model_update_dag.py for tasks to queue
[2026-03-23T19:09:50.526+0000] {logging_mixin.py:190} INFO - [2026-03-23T19:09:50.526+0000] {dagbag.py:588} INFO - Filling up the DagBag from /opt/airflow/dags/db_and_model_update_dag.py
[2026-03-23T19:09:50.548+0000] {processor.py:925} INFO - DAG(s) 'db_and_model_update' retrieved from /opt/airflow/dags/db_and_model_update_dag.py
[2026-03-23T19:09:50.584+0000] {logging_mixin.py:190} INFO - [2026-03-23T19:09:50.584+0000] {dag.py:3239} INFO - Sync 1 DAGs
[2026-03-23T19:09:50.638+0000] {processor.py:208} INFO - Processing /opt/airflow/dags/db_and_model_update_dag.py took 0.124 seconds
[2026-03-23T19:10:20.769+0000] {processor.py:186} INFO - Started process (PID=5179) to work on /opt/airflow/dags/db_and_model_update_dag.py
[2026-03-23T19:10:20.770+0000] {processor.py:914} INFO - Processing file /opt/airflow/dags/db_and_model_update_dag.py for tasks to queue
[2026-03-23T19:10:20.772+0000] {logging_mixin.py:190} INFO - [2026-03-23T19:10:20.772+0000] {dagbag.py:588} INFO - Filling up the DagBag from /opt/airflow/dags/db_and_model_update_dag.py
[2026-03-23T19:10:20.791+0000] {processor.py:925} INFO - DAG(s) 'db_and_model_update' retrieved from /opt/airflow/dags/db_and_model_update_dag.py
[2026-03-23T19:10:20.826+0000] {logging_mixin.py:190} INFO - [2026-03-23T19:10:20.825+0000] {dag.py:3239} INFO - Sync 1 DAGs
[2026-03-23T19:10:20.868+0000] {processor.py:208} INFO - Processing /opt/airflow/dags/db_and_model_update_dag.py took 0.105 seconds
[2026-03-23T19:10:48.003+0000] {processor.py:186} INFO - Started process (PID=5189) to work on /opt/airflow/dags/db_and_model_update_dag.py
[2026-03-23T19:10:48.004+0000] {processor.py:914} INFO - Processing file /opt/airflow/dags/db_and_model_update_dag.py for tasks to queue
[2026-03-23T19:10:48.006+0000] {logging_mixin.py:190} INFO - [2026-03-23T19:10:48.006+0000] {dagbag.py:588} INFO - Filling up the DagBag from /opt/airflow/dags/db_and_model_update_dag.py
[2026-03-23T19:10:48.028+0000] {processor.py:925} INFO - DAG(s) 'db_and_model_update' retrieved from /opt/airflow/dags/db_and_model_update_dag.py
[2026-03-23T19:10:48.075+0000] {logging_mixin.py:190} INFO - [2026-03-23T19:10:48.075+0000] {dag.py:3239} INFO - Sync 1 DAGs
[2026-03-23T19:10:48.119+0000] {processor.py:208} INFO - Processing /opt/airflow/dags/db_and_model_update_dag.py took 0.122 seconds
[2026-03-23T19:11:18.445+0000] {processor.py:186} INFO - Started process (PID=5199) to work on /opt/airflow/dags/db_and_model_update_dag.py
[2026-03-23T19:11:18.447+0000] {processor.py:914} INFO - Processing file /opt/airflow/dags/db_and_model_update_dag.py for tasks to queue
[2026-03-23T19:11:18.449+0000] {logging_mixin.py:190} INFO - [2026-03-23T19:11:18.449+0000] {dagbag.py:588} INFO - Filling up the DagBag from /opt/airflow/dags/db_and_model_update_dag.py
[2026-03-23T19:11:18.474+0000] {processor.py:925} INFO - DAG(s) 'db_and_model_update' retrieved from /opt/airflow/dags/db_and_model_update_dag.py
[2026-03-23T19:11:18.505+0000] {logging_mixin.py:190} INFO - [2026-03-23T19:11:18.505+0000] {dag.py:3239} INFO - Sync 1 DAGs
[2026-03-23T19:11:18.545+0000] {processor.py:208} INFO - Processing /opt/airflow/dags/db_and_model_update_dag.py took 0.110 seconds
[2026-03-23T19:11:48.862+0000] {processor.py:186} INFO - Started process (PID=5209) to work on /opt/airflow/dags/db_and_model_update_dag.py
[2026-03-23T19:11:48.864+0000] {processor.py:914} INFO - Processing file /opt/airflow/dags/db_and_model_update_dag.py for tasks to queue
[2026-03-23T19:11:48.867+0000] {logging_mixin.py:190} INFO - [2026-03-23T19:11:48.866+0000] {dagbag.py:588} INFO - Filling up the DagBag from /opt/airflow/dags/db_and_model_update_dag.py
[2026-03-23T19:11:48.890+0000] {processor.py:925} INFO - DAG(s) 'db_and_model_update' retrieved from /opt/airflow/dags/db_and_model_update_dag.py
[2026-03-23T19:11:48.922+0000] {logging_mixin.py:190} INFO - [2026-03-23T19:11:48.921+0000] {dag.py:3239} INFO - Sync 1 DAGs
[2026-03-23T19:11:48.962+0000] {processor.py:208} INFO - Processing /opt/airflow/dags/db_and_model_update_dag.py took 0.110 seconds
[2026-03-23T19:12:20.000+0000] {processor.py:186} INFO - Started process (PID=5219) to work on /opt/airflow/dags/db_and_model_update_dag.py
[2026-03-23T19:12:20.001+0000] {processor.py:914} INFO - Processing file /opt/airflow/dags/db_and_model_update_dag.py for tasks to queue
[2026-03-23T19:12:20.004+0000] {logging_mixin.py:190} INFO - [2026-03-23T19:12:20.003+0000] {dagbag.py:588} INFO - Filling up the DagBag from /opt/airflow/dags/db_and_model_update_dag.py
[2026-03-23T19:12:20.025+0000] {processor.py:925} INFO - DAG(s) 'db_and_model_update' retrieved from /opt/airflow/dags/db_and_model_update_dag.py
[2026-03-23T19:12:20.057+0000] {logging_mixin.py:190} INFO - [2026-03-23T19:12:20.056+0000] {dag.py:3239} INFO - Sync 1 DAGs
[2026-03-23T19:12:20.107+0000] {processor.py:208} INFO - Processing /opt/airflow/dags/db_and_model_update_dag.py took 0.114 seconds
[2026-03-23T19:12:50.825+0000] {processor.py:186} INFO - Started process (PID=5229) to work on /opt/airflow/dags/db_and_model_update_dag.py
[2026-03-23T19:12:50.827+0000] {processor.py:914} INFO - Processing file /opt/airflow/dags/db_and_model_update_dag.py for tasks to queue
[2026-03-23T19:12:50.831+0000] {logging_mixin.py:190} INFO - [2026-03-23T19:12:50.831+0000] {dagbag.py:588} INFO - Filling up the DagBag from /opt/airflow/dags/db_and_model_update_dag.py
[2026-03-23T19:12:43.150+0000] {processor.py:925} INFO - DAG(s) 'db_and_model_update' retrieved from /opt/airflow/dags/db_and_model_update_dag.py
[2026-03-23T19:12:43.202+0000] {logging_mixin.py:190} INFO - [2026-03-23T19:12:43.202+0000] {dag.py:3239} INFO - Sync 1 DAGs
[2026-03-23T19:12:43.261+0000] {processor.py:208} INFO - Processing /opt/airflow/dags/db_and_model_update_dag.py took 0.160 seconds
[2026-03-23T19:13:13.620+0000] {processor.py:186} INFO - Started process (PID=5239) to work on /opt/airflow/dags/db_and_model_update_dag.py
[2026-03-23T19:13:13.622+0000] {processor.py:914} INFO - Processing file /opt/airflow/dags/db_and_model_update_dag.py for tasks to queue
[2026-03-23T19:13:13.625+0000] {logging_mixin.py:190} INFO - [2026-03-23T19:13:13.624+0000] {dagbag.py:588} INFO - Filling up the DagBag from /opt/airflow/dags/db_and_model_update_dag.py
[2026-03-23T19:13:13.648+0000] {processor.py:925} INFO - DAG(s) 'db_and_model_update' retrieved from /opt/airflow/dags/db_and_model_update_dag.py
[2026-03-23T19:13:13.682+0000] {logging_mixin.py:190} INFO - [2026-03-23T19:13:13.682+0000] {dag.py:3239} INFO - Sync 1 DAGs
[2026-03-23T19:13:13.727+0000] {processor.py:208} INFO - Processing /opt/airflow/dags/db_and_model_update_dag.py took 0.117 seconds
[2026-03-23T19:13:43.905+0000] {processor.py:186} INFO - Started process (PID=5249) to work on /opt/airflow/dags/db_and_model_update_dag.py
[2026-03-23T19:13:43.906+0000] {processor.py:914} INFO - Processing file /opt/airflow/dags/db_and_model_update_dag.py for tasks to queue
[2026-03-23T19:13:43.909+0000] {logging_mixin.py:190} INFO - [2026-03-23T19:13:43.908+0000] {dagbag.py:588} INFO - Filling up the DagBag from /opt/airflow/dags/db_and_model_update_dag.py
[2026-03-23T19:13:43.936+0000] {processor.py:925} INFO - DAG(s) 'db_and_model_update' retrieved from /opt/airflow/dags/db_and_model_update_dag.py
[2026-03-23T19:13:43.974+0000] {logging_mixin.py:190} INFO - [2026-03-23T19:13:43.973+0000] {dag.py:3239} INFO - Sync 1 DAGs
[2026-03-23T19:13:44.023+0000] {processor.py:208} INFO - Processing /opt/airflow/dags/db_and_model_update_dag.py took 0.126 seconds
[2026-03-23T19:14:13.333+0000] {processor.py:186} INFO - Started process (PID=5259) to work on /opt/airflow/dags/db_and_model_update_dag.py
[2026-03-23T19:14:13.334+0000] {processor.py:914} INFO - Processing file /opt/airflow/dags/db_and_model_update_dag.py for tasks to queue
[2026-03-23T19:14:13.338+0000] {logging_mixin.py:190} INFO - [2026-03-23T19:14:13.337+0000] {dagbag.py:588} INFO - Filling up the DagBag from /opt/airflow/dags/db_and_model_update_dag.py
[2026-03-23T19:14:13.357+0000] {processor.py:925} INFO - DAG(s) 'db_and_model_update' retrieved from /opt/airflow/dags/db_and_model_update_dag.py
[2026-03-23T19:14:13.392+0000] {logging_mixin.py:190} INFO - [2026-03-23T19:14:13.392+0000] {dag.py:3239} INFO - Sync 1 DAGs
[2026-03-23T19:14:13.432+0000] {processor.py:208} INFO - Processing /opt/airflow/dags/db_and_model_update_dag.py took 0.107 seconds
[2026-03-23T19:14:41.019+0000] {processor.py:186} INFO - Started process (PID=5269) to work on /opt/airflow/dags/db_and_model_update_dag.py
[2026-03-23T19:14:41.021+0000] {processor.py:914} INFO - Processing file /opt/airflow/dags/db_and_model_update_dag.py for tasks to queue
[2026-03-23T19:14:41.023+0000] {logging_mixin.py:190} INFO - [2026-03-23T19:14:41.023+0000] {dagbag.py:588} INFO - Filling up the DagBag from /opt/airflow/dags/db_and_model_update_dag.py
[2026-03-23T19:14:41.046+0000] {processor.py:925} INFO - DAG(s) 'db_and_model_update' retrieved from /opt/airflow/dags/db_and_model_update_dag.py
[2026-03-23T19:14:41.099+0000] {logging_mixin.py:190} INFO - [2026-03-23T19:14:41.099+0000] {dag.py:3239} INFO - Sync 1 DAGs
[2026-03-23T19:14:41.141+0000] {processor.py:208} INFO - Processing /opt/airflow/dags/db_and_model_update_dag.py took 0.137 seconds
[2026-03-23T19:15:11.726+0000] {processor.py:186} INFO - Started process (PID=5279) to work on /opt/airflow/dags/db_and_model_update_dag.py
[2026-03-23T19:15:11.728+0000] {processor.py:914} INFO - Processing file /opt/airflow/dags/db_and_model_update_dag.py for tasks to queue
[2026-03-23T19:15:11.731+0000] {logging_mixin.py:190} INFO - [2026-03-23T19:15:11.731+0000] {dagbag.py:588} INFO - Filling up the DagBag from /opt/airflow/dags/db_and_model_update_dag.py
[2026-03-23T19:15:11.753+0000] {processor.py:925} INFO - DAG(s) 'db_and_model_update' retrieved from /opt/airflow/dags/db_and_model_update_dag.py
[2026-03-23T19:15:11.804+0000] {logging_mixin.py:190} INFO - [2026-03-23T19:15:11.804+0000] {dag.py:3239} INFO - Sync 1 DAGs
[2026-03-23T19:15:11.855+0000] {processor.py:208} INFO - Processing /opt/airflow/dags/db_and_model_update_dag.py took 0.138 seconds
[2026-03-23T19:15:42.030+0000] {processor.py:186} INFO - Started process (PID=5289) to work on /opt/airflow/dags/db_and_model_update_dag.py
[2026-03-23T19:15:42.032+0000] {processor.py:914} INFO - Processing file /opt/airflow/dags/db_and_model_update_dag.py for tasks to queue
[2026-03-23T19:15:42.035+0000] {logging_mixin.py:190} INFO - [2026-03-23T19:15:42.035+0000] {dagbag.py:588} INFO - Filling up the DagBag from /opt/airflow/dags/db_and_model_update_dag.py
[2026-03-23T19:15:42.059+0000] {processor.py:925} INFO - DAG(s) 'db_and_model_update' retrieved from /opt/airflow/dags/db_and_model_update_dag.py
[2026-03-23T19:15:42.090+0000] {logging_mixin.py:190} INFO - [2026-03-23T19:15:42.090+0000] {dag.py:3239} INFO - Sync 1 DAGs
[2026-03-23T19:15:42.129+0000] {processor.py:208} INFO - Processing /opt/airflow/dags/db_and_model_update_dag.py took 0.106 seconds
[2026-03-23T19:16:16.139+0000] {processor.py:186} INFO - Started process (PID=5299) to work on /opt/airflow/dags/db_and_model_update_dag.py
[2026-03-23T19:16:16.141+0000] {processor.py:914} INFO - Processing file /opt/airflow/dags/db_and_model_update_dag.py for tasks to queue
[2026-03-23T19:16:16.143+0000] {logging_mixin.py:190} INFO - [2026-03-23T19:16:16.143+0000] {dagbag.py:588} INFO - Filling up the DagBag from /opt/airflow/dags/db_and_model_update_dag.py
[2026-03-23T19:16:16.162+0000] {processor.py:925} INFO - DAG(s) 'db_and_model_update' retrieved from /opt/airflow/dags/db_and_model_update_dag.py
[2026-03-23T19:16:08.474+0000] {logging_mixin.py:190} INFO - [2026-03-23T19:16:08.474+0000] {dag.py:3239} INFO - Sync 1 DAGs
[2026-03-23T19:16:08.525+0000] {processor.py:208} INFO - Processing /opt/airflow/dags/db_and_model_update_dag.py took 0.116 seconds
[2026-03-23T19:16:38.831+0000] {processor.py:186} INFO - Started process (PID=5309) to work on /opt/airflow/dags/db_and_model_update_dag.py
[2026-03-23T19:16:38.832+0000] {processor.py:914} INFO - Processing file /opt/airflow/dags/db_and_model_update_dag.py for tasks to queue
[2026-03-23T19:16:38.835+0000] {logging_mixin.py:190} INFO - [2026-03-23T19:16:38.835+0000] {dagbag.py:588} INFO - Filling up the DagBag from /opt/airflow/dags/db_and_model_update_dag.py
[2026-03-23T19:16:38.856+0000] {processor.py:925} INFO - DAG(s) 'db_and_model_update' retrieved from /opt/airflow/dags/db_and_model_update_dag.py
[2026-03-23T19:16:38.886+0000] {logging_mixin.py:190} INFO - [2026-03-23T19:16:38.886+0000] {dag.py:3239} INFO - Sync 1 DAGs
[2026-03-23T19:16:38.931+0000] {processor.py:208} INFO - Processing /opt/airflow/dags/db_and_model_update_dag.py took 0.108 seconds
[2026-03-23T19:17:09.244+0000] {processor.py:186} INFO - Started process (PID=5319) to work on /opt/airflow/dags/db_and_model_update_dag.py
[2026-03-23T19:17:09.245+0000] {processor.py:914} INFO - Processing file /opt/airflow/dags/db_and_model_update_dag.py for tasks to queue
[2026-03-23T19:17:09.247+0000] {logging_mixin.py:190} INFO - [2026-03-23T19:17:09.247+0000] {dagbag.py:588} INFO - Filling up the DagBag from /opt/airflow/dags/db_and_model_update_dag.py
[2026-03-23T19:17:09.267+0000] {processor.py:925} INFO - DAG(s) 'db_and_model_update' retrieved from /opt/airflow/dags/db_and_model_update_dag.py
[2026-03-23T19:17:09.300+0000] {logging_mixin.py:190} INFO - [2026-03-23T19:17:09.300+0000] {dag.py:3239} INFO - Sync 1 DAGs
[2026-03-23T19:17:09.363+0000] {processor.py:208} INFO - Processing /opt/airflow/dags/db_and_model_update_dag.py took 0.126 seconds
[2026-03-23T19:17:39.520+0000] {processor.py:186} INFO - Started process (PID=5329) to work on /opt/airflow/dags/db_and_model_update_dag.py
[2026-03-23T19:17:39.521+0000] {processor.py:914} INFO - Processing file /opt/airflow/dags/db_and_model_update_dag.py for tasks to queue
[2026-03-23T19:17:39.523+0000] {logging_mixin.py:190} INFO - [2026-03-23T19:17:39.523+0000] {dagbag.py:588} INFO - Filling up the DagBag from /opt/airflow/dags/db_and_model_update_dag.py
[2026-03-23T19:17:39.542+0000] {processor.py:925} INFO - DAG(s) 'db_and_model_update' retrieved from /opt/airflow/dags/db_and_model_update_dag.py
[2026-03-23T19:17:39.574+0000] {logging_mixin.py:190} INFO - [2026-03-23T19:17:39.574+0000] {dag.py:3239} INFO - Sync 1 DAGs
[2026-03-23T19:17:39.616+0000] {processor.py:208} INFO - Processing /opt/airflow/dags/db_and_model_update_dag.py took 0.104 seconds
[2026-03-23T19:18:09.926+0000] {processor.py:186} INFO - Started process (PID=5339) to work on /opt/airflow/dags/db_and_model_update_dag.py
[2026-03-23T19:18:09.927+0000] {processor.py:914} INFO - Processing file /opt/airflow/dags/db_and_model_update_dag.py for tasks to queue
[2026-03-23T19:18:09.930+0000] {logging_mixin.py:190} INFO - [2026-03-23T19:18:09.930+0000] {dagbag.py:588} INFO - Filling up the DagBag from /opt/airflow/dags/db_and_model_update_dag.py
[2026-03-23T19:18:09.949+0000] {processor.py:925} INFO - DAG(s) 'db_and_model_update' retrieved from /opt/airflow/dags/db_and_model_update_dag.py
[2026-03-23T19:18:09.978+0000] {logging_mixin.py:190} INFO - [2026-03-23T19:18:09.978+0000] {dag.py:3239} INFO - Sync 1 DAGs
[2026-03-23T19:18:10.024+0000] {processor.py:208} INFO - Processing /opt/airflow/dags/db_and_model_update_dag.py took 0.104 seconds
[2026-03-23T19:18:33.671+0000] {processor.py:186} INFO - Started process (PID=5349) to work on /opt/airflow/dags/db_and_model_update_dag.py
[2026-03-23T19:18:33.673+0000] {processor.py:914} INFO - Processing file /opt/airflow/dags/db_and_model_update_dag.py for tasks to queue
[2026-03-23T19:18:33.679+0000] {logging_mixin.py:190} INFO - [2026-03-23T19:18:33.679+0000] {dagbag.py:588} INFO - Filling up the DagBag from /opt/airflow/dags/db_and_model_update_dag.py
[2026-03-23T19:18:33.706+0000] {processor.py:925} INFO - DAG(s) 'db_and_model_update' retrieved from /opt/airflow/dags/db_and_model_update_dag.py
[2026-03-23T19:18:33.740+0000] {logging_mixin.py:190} INFO - [2026-03-23T19:18:33.740+0000] {dag.py:3239} INFO - Sync 1 DAGs
[2026-03-23T19:18:33.789+0000] {processor.py:208} INFO - Processing /opt/airflow/dags/db_and_model_update_dag.py took 0.126 seconds
[2026-03-23T19:19:04.134+0000] {processor.py:186} INFO - Started process (PID=5359) to work on /opt/airflow/dags/db_and_model_update_dag.py
[2026-03-23T19:19:04.135+0000] {processor.py:914} INFO - Processing file /opt/airflow/dags/db_and_model_update_dag.py for tasks to queue
[2026-03-23T19:19:04.138+0000] {logging_mixin.py:190} INFO - [2026-03-23T19:19:04.138+0000] {dagbag.py:588} INFO - Filling up the DagBag from /opt/airflow/dags/db_and_model_update_dag.py
[2026-03-23T19:19:04.161+0000] {processor.py:925} INFO - DAG(s) 'db_and_model_update' retrieved from /opt/airflow/dags/db_and_model_update_dag.py
[2026-03-23T19:19:04.195+0000] {logging_mixin.py:190} INFO - [2026-03-23T19:19:04.194+0000] {dag.py:3239} INFO - Sync 1 DAGs
[2026-03-23T19:19:04.238+0000] {processor.py:208} INFO - Processing /opt/airflow/dags/db_and_model_update_dag.py took 0.113 seconds
[2026-03-23T19:19:34.422+0000] {processor.py:186} INFO - Started process (PID=5369) to work on /opt/airflow/dags/db_and_model_update_dag.py
[2026-03-23T19:19:34.423+0000] {processor.py:914} INFO - Processing file /opt/airflow/dags/db_and_model_update_dag.py for tasks to queue
[2026-03-23T19:19:34.426+0000] {logging_mixin.py:190} INFO - [2026-03-23T19:19:34.426+0000] {dagbag.py:588} INFO - Filling up the DagBag from /opt/airflow/dags/db_and_model_update_dag.py
[2026-03-23T19:19:34.456+0000] {processor.py:925} INFO - DAG(s) 'db_and_model_update' retrieved from /opt/airflow/dags/db_and_model_update_dag.py
[2026-03-23T19:19:34.492+0000] {logging_mixin.py:190} INFO - [2026-03-23T19:19:34.492+0000] {dag.py:3239} INFO - Sync 1 DAGs
[2026-03-23T19:19:34.537+0000] {processor.py:208} INFO - Processing /opt/airflow/dags/db_and_model_update_dag.py took 0.124 seconds
[2026-03-23T19:20:05.009+0000] {processor.py:186} INFO - Started process (PID=5379) to work on /opt/airflow/dags/db_and_model_update_dag.py
[2026-03-23T19:20:05.010+0000] {processor.py:914} INFO - Processing file /opt/airflow/dags/db_and_model_update_dag.py for tasks to queue
[2026-03-23T19:20:05.013+0000] {logging_mixin.py:190} INFO - [2026-03-23T19:20:05.013+0000] {dagbag.py:588} INFO - Filling up the DagBag from /opt/airflow/dags/db_and_model_update_dag.py
[2026-03-23T19:20:05.033+0000] {processor.py:925} INFO - DAG(s) 'db_and_model_update' retrieved from /opt/airflow/dags/db_and_model_update_dag.py
[2026-03-23T19:20:05.065+0000] {logging_mixin.py:190} INFO - [2026-03-23T19:20:05.065+0000] {dag.py:3239} INFO - Sync 1 DAGs
[2026-03-23T19:20:05.107+0000] {processor.py:208} INFO - Processing /opt/airflow/dags/db_and_model_update_dag.py took 0.106 seconds
[2026-03-23T19:20:35.244+0000] {processor.py:186} INFO - Started process (PID=5389) to work on /opt/airflow/dags/db_and_model_update_dag.py
[2026-03-23T19:20:35.246+0000] {processor.py:914} INFO - Processing file /opt/airflow/dags/db_and_model_update_dag.py for tasks to queue
[2026-03-23T19:20:35.248+0000] {logging_mixin.py:190} INFO - [2026-03-23T19:20:35.248+0000] {dagbag.py:588} INFO - Filling up the DagBag from /opt/airflow/dags/db_and_model_update_dag.py
[2026-03-23T19:20:35.270+0000] {processor.py:925} INFO - DAG(s) 'db_and_model_update' retrieved from /opt/airflow/dags/db_and_model_update_dag.py
[2026-03-23T19:20:35.304+0000] {logging_mixin.py:190} INFO - [2026-03-23T19:20:35.304+0000] {dag.py:3239} INFO - Sync 1 DAGs
[2026-03-23T19:20:35.346+0000] {processor.py:208} INFO - Processing /opt/airflow/dags/db_and_model_update_dag.py took 0.108 seconds
[2026-03-23T19:21:05.518+0000] {processor.py:186} INFO - Started process (PID=5399) to work on /opt/airflow/dags/db_and_model_update_dag.py
[2026-03-23T19:21:05.519+0000] {processor.py:914} INFO - Processing file /opt/airflow/dags/db_and_model_update_dag.py for tasks to queue
[2026-03-23T19:21:05.521+0000] {logging_mixin.py:190} INFO - [2026-03-23T19:21:05.521+0000] {dagbag.py:588} INFO - Filling up the DagBag from /opt/airflow/dags/db_and_model_update_dag.py
[2026-03-23T19:21:05.546+0000] {processor.py:925} INFO - DAG(s) 'db_and_model_update' retrieved from /opt/airflow/dags/db_and_model_update_dag.py
[2026-03-23T19:21:05.576+0000] {logging_mixin.py:190} INFO - [2026-03-23T19:21:05.576+0000] {dag.py:3239} INFO - Sync 1 DAGs
[2026-03-23T19:21:05.621+0000] {processor.py:208} INFO - Processing /opt/airflow/dags/db_and_model_update_dag.py took 0.113 seconds
[2026-03-23T19:21:41.668+0000] {processor.py:186} INFO - Started process (PID=5409) to work on /opt/airflow/dags/db_and_model_update_dag.py
[2026-03-23T19:21:41.669+0000] {processor.py:914} INFO - Processing file /opt/airflow/dags/db_and_model_update_dag.py for tasks to queue
[2026-03-23T19:21:33.940+0000] {logging_mixin.py:190} INFO - [2026-03-23T19:21:33.939+0000] {dagbag.py:588} INFO - Filling up the DagBag from /opt/airflow/dags/db_and_model_update_dag.py
[2026-03-23T19:21:33.966+0000] {processor.py:925} INFO - DAG(s) 'db_and_model_update' retrieved from /opt/airflow/dags/db_and_model_update_dag.py
[2026-03-23T19:21:34.005+0000] {logging_mixin.py:190} INFO - [2026-03-23T19:21:34.005+0000] {dag.py:3239} INFO - Sync 1 DAGs
[2026-03-23T19:21:34.066+0000] {processor.py:208} INFO - Processing /opt/airflow/dags/db_and_model_update_dag.py took 0.142 seconds
[2026-03-23T19:22:04.396+0000] {processor.py:186} INFO - Started process (PID=5419) to work on /opt/airflow/dags/db_and_model_update_dag.py
[2026-03-23T19:22:04.397+0000] {processor.py:914} INFO - Processing file /opt/airflow/dags/db_and_model_update_dag.py for tasks to queue
[2026-03-23T19:22:04.399+0000] {logging_mixin.py:190} INFO - [2026-03-23T19:22:04.399+0000] {dagbag.py:588} INFO - Filling up the DagBag from /opt/airflow/dags/db_and_model_update_dag.py
[2026-03-23T19:22:04.421+0000] {processor.py:925} INFO - DAG(s) 'db_and_model_update' retrieved from /opt/airflow/dags/db_and_model_update_dag.py
[2026-03-23T19:22:04.458+0000] {logging_mixin.py:190} INFO - [2026-03-23T19:22:04.457+0000] {dag.py:3239} INFO - Sync 1 DAGs
[2026-03-23T19:22:04.507+0000] {processor.py:208} INFO - Processing /opt/airflow/dags/db_and_model_update_dag.py took 0.120 seconds
[2026-03-23T19:22:34.692+0000] {processor.py:186} INFO - Started process (PID=5429) to work on /opt/airflow/dags/db_and_model_update_dag.py
[2026-03-23T19:22:34.694+0000] {processor.py:914} INFO - Processing file /opt/airflow/dags/db_and_model_update_dag.py for tasks to queue
[2026-03-23T19:22:34.697+0000] {logging_mixin.py:190} INFO - [2026-03-23T19:22:34.696+0000] {dagbag.py:588} INFO - Filling up the DagBag from /opt/airflow/dags/db_and_model_update_dag.py
[2026-03-23T19:22:34.720+0000] {processor.py:925} INFO - DAG(s) 'db_and_model_update' retrieved from /opt/airflow/dags/db_and_model_update_dag.py
[2026-03-23T19:22:34.762+0000] {logging_mixin.py:190} INFO - [2026-03-23T19:22:34.762+0000] {dag.py:3239} INFO - Sync 1 DAGs
[2026-03-23T19:22:34.827+0000] {processor.py:208} INFO - Processing /opt/airflow/dags/db_and_model_update_dag.py took 0.144 seconds
[2026-03-23T19:23:11.814+0000] {processor.py:186} INFO - Started process (PID=5439) to work on /opt/airflow/dags/db_and_model_update_dag.py
[2026-03-23T19:23:11.816+0000] {processor.py:914} INFO - Processing file /opt/airflow/dags/db_and_model_update_dag.py for tasks to queue
[2026-03-23T19:23:04.081+0000] {logging_mixin.py:190} INFO - [2026-03-23T19:23:04.080+0000] {dagbag.py:588} INFO - Filling up the DagBag from /opt/airflow/dags/db_and_model_update_dag.py
[2026-03-23T19:23:04.115+0000] {processor.py:925} INFO - DAG(s) 'db_and_model_update' retrieved from /opt/airflow/dags/db_and_model_update_dag.py
[2026-03-23T19:23:04.149+0000] {logging_mixin.py:190} INFO - [2026-03-23T19:23:04.149+0000] {dag.py:3239} INFO - Sync 1 DAGs
[2026-03-23T19:23:04.199+0000] {processor.py:208} INFO - Processing /opt/airflow/dags/db_and_model_update_dag.py took 0.133 seconds
[2026-03-23T19:23:42.118+0000] {processor.py:186} INFO - Started process (PID=5449) to work on /opt/airflow/dags/db_and_model_update_dag.py
[2026-03-23T19:23:42.119+0000] {processor.py:914} INFO - Processing file /opt/airflow/dags/db_and_model_update_dag.py for tasks to queue
[2026-03-23T19:23:42.122+0000] {logging_mixin.py:190} INFO - [2026-03-23T19:23:42.122+0000] {dagbag.py:588} INFO - Filling up the DagBag from /opt/airflow/dags/db_and_model_update_dag.py
[2026-03-23T19:23:42.141+0000] {processor.py:925} INFO - DAG(s) 'db_and_model_update' retrieved from /opt/airflow/dags/db_and_model_update_dag.py
[2026-03-23T19:23:42.179+0000] {logging_mixin.py:190} INFO - [2026-03-23T19:23:42.179+0000] {dag.py:3239} INFO - Sync 1 DAGs
[2026-03-23T19:23:42.221+0000] {processor.py:208} INFO - Processing /opt/airflow/dags/db_and_model_update_dag.py took 0.110 seconds
[2026-03-23T19:24:12.313+0000] {processor.py:186} INFO - Started process (PID=5459) to work on /opt/airflow/dags/db_and_model_update_dag.py
[2026-03-23T19:24:12.324+0000] {processor.py:914} INFO - Processing file /opt/airflow/dags/db_and_model_update_dag.py for tasks to queue
[2026-03-23T19:24:12.331+0000] {logging_mixin.py:190} INFO - [2026-03-23T19:24:12.331+0000] {dagbag.py:588} INFO - Filling up the DagBag from /opt/airflow/dags/db_and_model_update_dag.py
[2026-03-23T19:24:12.357+0000] {processor.py:925} INFO - DAG(s) 'db_and_model_update' retrieved from /opt/airflow/dags/db_and_model_update_dag.py
[2026-03-23T19:24:12.390+0000] {logging_mixin.py:190} INFO - [2026-03-23T19:24:12.389+0000] {dag.py:3239} INFO - Sync 1 DAGs
[2026-03-23T19:24:12.430+0000] {processor.py:208} INFO - Processing /opt/airflow/dags/db_and_model_update_dag.py took 0.130 seconds
[2026-03-23T19:24:49.314+0000] {processor.py:186} INFO - Started process (PID=5469) to work on /opt/airflow/dags/db_and_model_update_dag.py
[2026-03-23T19:24:49.316+0000] {processor.py:914} INFO - Processing file /opt/airflow/dags/db_and_model_update_dag.py for tasks to queue
[2026-03-23T19:24:49.319+0000] {logging_mixin.py:190} INFO - [2026-03-23T19:24:49.318+0000] {dagbag.py:588} INFO - Filling up the DagBag from /opt/airflow/dags/db_and_model_update_dag.py
[2026-03-23T19:24:49.342+0000] {processor.py:925} INFO - DAG(s) 'db_and_model_update' retrieved from /opt/airflow/dags/db_and_model_update_dag.py
[2026-03-23T19:24:49.376+0000] {logging_mixin.py:190} INFO - [2026-03-23T19:24:49.376+0000] {dag.py:3239} INFO - Sync 1 DAGs
[2026-03-23T19:24:49.423+0000] {processor.py:208} INFO - Processing /opt/airflow/dags/db_and_model_update_dag.py took 0.117 seconds
[2026-03-23T19:25:26.959+0000] {processor.py:186} INFO - Started process (PID=5479) to work on /opt/airflow/dags/db_and_model_update_dag.py
[2026-03-23T19:25:26.960+0000] {processor.py:914} INFO - Processing file /opt/airflow/dags/db_and_model_update_dag.py for tasks to queue
[2026-03-23T19:25:26.963+0000] {logging_mixin.py:190} INFO - [2026-03-23T19:25:26.963+0000] {dagbag.py:588} INFO - Filling up the DagBag from /opt/airflow/dags/db_and_model_update_dag.py
[2026-03-23T19:25:26.986+0000] {processor.py:925} INFO - DAG(s) 'db_and_model_update' retrieved from /opt/airflow/dags/db_and_model_update_dag.py
[2026-03-23T19:25:19.278+0000] {logging_mixin.py:190} INFO - [2026-03-23T19:25:19.278+0000] {dag.py:3239} INFO - Sync 1 DAGs
[2026-03-23T19:25:19.334+0000] {processor.py:208} INFO - Processing /opt/airflow/dags/db_and_model_update_dag.py took 0.128 seconds
[2026-03-23T19:25:49.648+0000] {processor.py:186} INFO - Started process (PID=5489) to work on /opt/airflow/dags/db_and_model_update_dag.py
[2026-03-23T19:25:49.649+0000] {processor.py:914} INFO - Processing file /opt/airflow/dags/db_and_model_update_dag.py for tasks to queue
[2026-03-23T19:25:49.651+0000] {logging_mixin.py:190} INFO - [2026-03-23T19:25:49.651+0000] {dagbag.py:588} INFO - Filling up the DagBag from /opt/airflow/dags/db_and_model_update_dag.py
[2026-03-23T19:25:49.671+0000] {processor.py:925} INFO - DAG(s) 'db_and_model_update' retrieved from /opt/airflow/dags/db_and_model_update_dag.py
[2026-03-23T19:25:49.699+0000] {logging_mixin.py:190} INFO - [2026-03-23T19:25:49.699+0000] {dag.py:3239} INFO - Sync 1 DAGs
[2026-03-23T19:25:49.743+0000] {processor.py:208} INFO - Processing /opt/airflow/dags/db_and_model_update_dag.py took 0.102 seconds
[2026-03-23T19:26:20.061+0000] {processor.py:186} INFO - Started process (PID=5499) to work on /opt/airflow/dags/db_and_model_update_dag.py
[2026-03-23T19:26:20.062+0000] {processor.py:914} INFO - Processing file /opt/airflow/dags/db_and_model_update_dag.py for tasks to queue
[2026-03-23T19:26:20.065+0000] {logging_mixin.py:190} INFO - [2026-03-23T19:26:20.064+0000] {dagbag.py:588} INFO - Filling up the DagBag from /opt/airflow/dags/db_and_model_update_dag.py
[2026-03-23T19:26:20.086+0000] {processor.py:925} INFO - DAG(s) 'db_and_model_update' retrieved from /opt/airflow/dags/db_and_model_update_dag.py
[2026-03-23T19:26:20.121+0000] {logging_mixin.py:190} INFO - [2026-03-23T19:26:20.120+0000] {dag.py:3239} INFO - Sync 1 DAGs
[2026-03-23T19:26:20.166+0000] {processor.py:208} INFO - Processing /opt/airflow/dags/db_and_model_update_dag.py took 0.112 seconds
[2026-03-23T19:26:49.378+0000] {processor.py:186} INFO - Started process (PID=5509) to work on /opt/airflow/dags/db_and_model_update_dag.py
[2026-03-23T19:26:49.380+0000] {processor.py:914} INFO - Processing file /opt/airflow/dags/db_and_model_update_dag.py for tasks to queue
[2026-03-23T19:26:49.384+0000] {logging_mixin.py:190} INFO - [2026-03-23T19:26:49.383+0000] {dagbag.py:588} INFO - Filling up the DagBag from /opt/airflow/dags/db_and_model_update_dag.py
[2026-03-23T19:26:49.408+0000] {processor.py:925} INFO - DAG(s) 'db_and_model_update' retrieved from /opt/airflow/dags/db_and_model_update_dag.py
[2026-03-23T19:26:49.454+0000] {logging_mixin.py:190} INFO - [2026-03-23T19:26:49.453+0000] {dag.py:3239} INFO - Sync 1 DAGs
[2026-03-23T19:26:49.503+0000] {processor.py:208} INFO - Processing /opt/airflow/dags/db_and_model_update_dag.py took 0.133 seconds
[2026-03-23T19:27:19.733+0000] {processor.py:186} INFO - Started process (PID=5519) to work on /opt/airflow/dags/db_and_model_update_dag.py
[2026-03-23T19:27:19.734+0000] {processor.py:914} INFO - Processing file /opt/airflow/dags/db_and_model_update_dag.py for tasks to queue
[2026-03-23T19:27:19.737+0000] {logging_mixin.py:190} INFO - [2026-03-23T19:27:19.736+0000] {dagbag.py:588} INFO - Filling up the DagBag from /opt/airflow/dags/db_and_model_update_dag.py
[2026-03-23T19:27:19.757+0000] {processor.py:925} INFO - DAG(s) 'db_and_model_update' retrieved from /opt/airflow/dags/db_and_model_update_dag.py
[2026-03-23T19:27:19.788+0000] {logging_mixin.py:190} INFO - [2026-03-23T19:27:19.788+0000] {dag.py:3239} INFO - Sync 1 DAGs
[2026-03-23T19:27:19.827+0000] {processor.py:208} INFO - Processing /opt/airflow/dags/db_and_model_update_dag.py took 0.100 seconds
[2026-03-23T19:27:44.500+0000] {processor.py:186} INFO - Started process (PID=5529) to work on /opt/airflow/dags/db_and_model_update_dag.py
[2026-03-23T19:27:44.501+0000] {processor.py:914} INFO - Processing file /opt/airflow/dags/db_and_model_update_dag.py for tasks to queue
[2026-03-23T19:27:44.505+0000] {logging_mixin.py:190} INFO - [2026-03-23T19:27:44.504+0000] {dagbag.py:588} INFO - Filling up the DagBag from /opt/airflow/dags/db_and_model_update_dag.py
[2026-03-23T19:27:44.532+0000] {processor.py:925} INFO - DAG(s) 'db_and_model_update' retrieved from /opt/airflow/dags/db_and_model_update_dag.py
[2026-03-23T19:27:44.575+0000] {logging_mixin.py:190} INFO - [2026-03-23T19:27:44.575+0000] {dag.py:3239} INFO - Sync 1 DAGs
[2026-03-23T19:27:44.647+0000] {processor.py:208} INFO - Processing /opt/airflow/dags/db_and_model_update_dag.py took 0.157 seconds
[2026-03-23T19:28:15.024+0000] {processor.py:186} INFO - Started process (PID=5539) to work on /opt/airflow/dags/db_and_model_update_dag.py
[2026-03-23T19:28:15.028+0000] {processor.py:914} INFO - Processing file /opt/airflow/dags/db_and_model_update_dag.py for tasks to queue
[2026-03-23T19:28:15.038+0000] {logging_mixin.py:190} INFO - [2026-03-23T19:28:15.036+0000] {dagbag.py:588} INFO - Filling up the DagBag from /opt/airflow/dags/db_and_model_update_dag.py
[2026-03-23T19:28:15.074+0000] {processor.py:925} INFO - DAG(s) 'db_and_model_update' retrieved from /opt/airflow/dags/db_and_model_update_dag.py
[2026-03-23T19:28:15.126+0000] {logging_mixin.py:190} INFO - [2026-03-23T19:28:15.125+0000] {dag.py:3239} INFO - Sync 1 DAGs
[2026-03-23T19:28:15.183+0000] {processor.py:208} INFO - Processing /opt/airflow/dags/db_and_model_update_dag.py took 0.171 seconds
[2026-03-23T19:28:45.302+0000] {processor.py:186} INFO - Started process (PID=5549) to work on /opt/airflow/dags/db_and_model_update_dag.py
[2026-03-23T19:28:45.303+0000] {processor.py:914} INFO - Processing file /opt/airflow/dags/db_and_model_update_dag.py for tasks to queue
[2026-03-23T19:28:45.305+0000] {logging_mixin.py:190} INFO - [2026-03-23T19:28:45.305+0000] {dagbag.py:588} INFO - Filling up the DagBag from /opt/airflow/dags/db_and_model_update_dag.py
[2026-03-23T19:28:45.329+0000] {processor.py:925} INFO - DAG(s) 'db_and_model_update' retrieved from /opt/airflow/dags/db_and_model_update_dag.py
[2026-03-23T19:28:45.365+0000] {logging_mixin.py:190} INFO - [2026-03-23T19:28:45.365+0000] {dag.py:3239} INFO - Sync 1 DAGs
[2026-03-23T19:28:45.412+0000] {processor.py:208} INFO - Processing /opt/airflow/dags/db_and_model_update_dag.py took 0.118 seconds
[2026-03-23T19:29:15.726+0000] {processor.py:186} INFO - Started process (PID=5559) to work on /opt/airflow/dags/db_and_model_update_dag.py
[2026-03-23T19:29:15.728+0000] {processor.py:914} INFO - Processing file /opt/airflow/dags/db_and_model_update_dag.py for tasks to queue
[2026-03-23T19:29:15.731+0000] {logging_mixin.py:190} INFO - [2026-03-23T19:29:15.731+0000] {dagbag.py:588} INFO - Filling up the DagBag from /opt/airflow/dags/db_and_model_update_dag.py
[2026-03-23T19:29:15.767+0000] {processor.py:925} INFO - DAG(s) 'db_and_model_update' retrieved from /opt/airflow/dags/db_and_model_update_dag.py
[2026-03-23T19:29:15.798+0000] {logging_mixin.py:190} INFO - [2026-03-23T19:29:15.797+0000] {dag.py:3239} INFO - Sync 1 DAGs
[2026-03-23T19:29:15.847+0000] {processor.py:208} INFO - Processing /opt/airflow/dags/db_and_model_update_dag.py took 0.134 seconds
[2026-03-23T19:29:46.026+0000] {processor.py:186} INFO - Started process (PID=5569) to work on /opt/airflow/dags/db_and_model_update_dag.py
[2026-03-23T19:29:46.028+0000] {processor.py:914} INFO - Processing file /opt/airflow/dags/db_and_model_update_dag.py for tasks to queue
[2026-03-23T19:29:46.032+0000] {logging_mixin.py:190} INFO - [2026-03-23T19:29:46.031+0000] {dagbag.py:588} INFO - Filling up the DagBag from /opt/airflow/dags/db_and_model_update_dag.py
[2026-03-23T19:29:46.056+0000] {processor.py:925} INFO - DAG(s) 'db_and_model_update' retrieved from /opt/airflow/dags/db_and_model_update_dag.py
[2026-03-23T19:29:46.091+0000] {logging_mixin.py:190} INFO - [2026-03-23T19:29:46.091+0000] {dag.py:3239} INFO - Sync 1 DAGs
[2026-03-23T19:29:46.139+0000] {processor.py:208} INFO - Processing /opt/airflow/dags/db_and_model_update_dag.py took 0.120 seconds
[2026-03-23T19:30:16.787+0000] {processor.py:186} INFO - Started process (PID=5579) to work on /opt/airflow/dags/db_and_model_update_dag.py
[2026-03-23T19:30:16.789+0000] {processor.py:914} INFO - Processing file /opt/airflow/dags/db_and_model_update_dag.py for tasks to queue
[2026-03-23T19:30:16.791+0000] {logging_mixin.py:190} INFO - [2026-03-23T19:30:16.790+0000] {dagbag.py:588} INFO - Filling up the DagBag from /opt/airflow/dags/db_and_model_update_dag.py
[2026-03-23T19:30:16.811+0000] {processor.py:925} INFO - DAG(s) 'db_and_model_update' retrieved from /opt/airflow/dags/db_and_model_update_dag.py
[2026-03-23T19:30:16.846+0000] {logging_mixin.py:190} INFO - [2026-03-23T19:30:16.846+0000] {dag.py:3239} INFO - Sync 1 DAGs
[2026-03-23T19:30:16.893+0000] {processor.py:208} INFO - Processing /opt/airflow/dags/db_and_model_update_dag.py took 0.112 seconds
[2026-03-23T19:30:44.790+0000] {processor.py:186} INFO - Started process (PID=5589) to work on /opt/airflow/dags/db_and_model_update_dag.py
[2026-03-23T19:30:44.791+0000] {processor.py:914} INFO - Processing file /opt/airflow/dags/db_and_model_update_dag.py for tasks to queue
[2026-03-23T19:30:44.794+0000] {logging_mixin.py:190} INFO - [2026-03-23T19:30:44.794+0000] {dagbag.py:588} INFO - Filling up the DagBag from /opt/airflow/dags/db_and_model_update_dag.py
[2026-03-23T19:30:44.818+0000] {processor.py:925} INFO - DAG(s) 'db_and_model_update' retrieved from /opt/airflow/dags/db_and_model_update_dag.py
[2026-03-23T19:30:44.851+0000] {logging_mixin.py:190} INFO - [2026-03-23T19:30:44.851+0000] {dag.py:3239} INFO - Sync 1 DAGs
[2026-03-23T19:30:44.901+0000] {processor.py:208} INFO - Processing /opt/airflow/dags/db_and_model_update_dag.py took 0.120 seconds
[2026-03-23T19:31:15.224+0000] {processor.py:186} INFO - Started process (PID=5599) to work on /opt/airflow/dags/db_and_model_update_dag.py
[2026-03-23T19:31:15.227+0000] {processor.py:914} INFO - Processing file /opt/airflow/dags/db_and_model_update_dag.py for tasks to queue
[2026-03-23T19:31:15.230+0000] {logging_mixin.py:190} INFO - [2026-03-23T19:31:15.230+0000] {dagbag.py:588} INFO - Filling up the DagBag from /opt/airflow/dags/db_and_model_update_dag.py
[2026-03-23T19:31:15.261+0000] {processor.py:925} INFO - DAG(s) 'db_and_model_update' retrieved from /opt/airflow/dags/db_and_model_update_dag.py
[2026-03-23T19:31:15.298+0000] {logging_mixin.py:190} INFO - [2026-03-23T19:31:15.298+0000] {dag.py:3239} INFO - Sync 1 DAGs
[2026-03-23T19:31:15.348+0000] {processor.py:208} INFO - Processing /opt/airflow/dags/db_and_model_update_dag.py took 0.131 seconds
[2026-03-23T19:31:45.633+0000] {processor.py:186} INFO - Started process (PID=5609) to work on /opt/airflow/dags/db_and_model_update_dag.py
[2026-03-23T19:31:45.634+0000] {processor.py:914} INFO - Processing file /opt/airflow/dags/db_and_model_update_dag.py for tasks to queue
[2026-03-23T19:31:45.637+0000] {logging_mixin.py:190} INFO - [2026-03-23T19:31:45.636+0000] {dagbag.py:588} INFO - Filling up the DagBag from /opt/airflow/dags/db_and_model_update_dag.py
[2026-03-23T19:31:45.656+0000] {processor.py:925} INFO - DAG(s) 'db_and_model_update' retrieved from /opt/airflow/dags/db_and_model_update_dag.py
[2026-03-23T19:31:45.687+0000] {logging_mixin.py:190} INFO - [2026-03-23T19:31:45.686+0000] {dag.py:3239} INFO - Sync 1 DAGs
[2026-03-23T19:31:45.741+0000] {processor.py:208} INFO - Processing /opt/airflow/dags/db_and_model_update_dag.py took 0.117 seconds
[2026-03-23T19:32:22.697+0000] {processor.py:186} INFO - Started process (PID=5619) to work on /opt/airflow/dags/db_and_model_update_dag.py
[2026-03-23T19:32:22.699+0000] {processor.py:914} INFO - Processing file /opt/airflow/dags/db_and_model_update_dag.py for tasks to queue
[2026-03-23T19:32:22.703+0000] {logging_mixin.py:190} INFO - [2026-03-23T19:32:22.702+0000] {dagbag.py:588} INFO - Filling up the DagBag from /opt/airflow/dags/db_and_model_update_dag.py
[2026-03-23T19:32:14.981+0000] {processor.py:925} INFO - DAG(s) 'db_and_model_update' retrieved from /opt/airflow/dags/db_and_model_update_dag.py
[2026-03-23T19:32:15.049+0000] {logging_mixin.py:190} INFO - [2026-03-23T19:32:15.048+0000] {dag.py:3239} INFO - Sync 1 DAGs
[2026-03-23T19:32:15.113+0000] {processor.py:208} INFO - Processing /opt/airflow/dags/db_and_model_update_dag.py took 0.183 seconds
[2026-03-23T19:32:45.392+0000] {processor.py:186} INFO - Started process (PID=5629) to work on /opt/airflow/dags/db_and_model_update_dag.py
[2026-03-23T19:32:45.394+0000] {processor.py:914} INFO - Processing file /opt/airflow/dags/db_and_model_update_dag.py for tasks to queue
[2026-03-23T19:32:45.396+0000] {logging_mixin.py:190} INFO - [2026-03-23T19:32:45.396+0000] {dagbag.py:588} INFO - Filling up the DagBag from /opt/airflow/dags/db_and_model_update_dag.py
[2026-03-23T19:32:45.420+0000] {processor.py:925} INFO - DAG(s) 'db_and_model_update' retrieved from /opt/airflow/dags/db_and_model_update_dag.py
[2026-03-23T19:32:45.452+0000] {logging_mixin.py:190} INFO - [2026-03-23T19:32:45.452+0000] {dag.py:3239} INFO - Sync 1 DAGs
[2026-03-23T19:32:45.492+0000] {processor.py:208} INFO - Processing /opt/airflow/dags/db_and_model_update_dag.py took 0.108 seconds
[2026-03-23T19:33:15.860+0000] {processor.py:186} INFO - Started process (PID=5639) to work on /opt/airflow/dags/db_and_model_update_dag.py
[2026-03-23T19:33:15.862+0000] {processor.py:914} INFO - Processing file /opt/airflow/dags/db_and_model_update_dag.py for tasks to queue
[2026-03-23T19:33:15.864+0000] {logging_mixin.py:190} INFO - [2026-03-23T19:33:15.864+0000] {dagbag.py:588} INFO - Filling up the DagBag from /opt/airflow/dags/db_and_model_update_dag.py
[2026-03-23T19:33:15.887+0000] {processor.py:925} INFO - DAG(s) 'db_and_model_update' retrieved from /opt/airflow/dags/db_and_model_update_dag.py
[2026-03-23T19:33:15.925+0000] {logging_mixin.py:190} INFO - [2026-03-23T19:33:15.925+0000] {dag.py:3239} INFO - Sync 1 DAGs
[2026-03-23T19:33:15.969+0000] {processor.py:208} INFO - Processing /opt/airflow/dags/db_and_model_update_dag.py took 0.117 seconds
[2026-03-23T19:33:46.274+0000] {processor.py:186} INFO - Started process (PID=5649) to work on /opt/airflow/dags/db_and_model_update_dag.py
[2026-03-23T19:33:46.276+0000] {processor.py:914} INFO - Processing file /opt/airflow/dags/db_and_model_update_dag.py for tasks to queue
[2026-03-23T19:33:46.279+0000] {logging_mixin.py:190} INFO - [2026-03-23T19:33:46.279+0000] {dagbag.py:588} INFO - Filling up the DagBag from /opt/airflow/dags/db_and_model_update_dag.py
[2026-03-23T19:33:46.303+0000] {processor.py:925} INFO - DAG(s) 'db_and_model_update' retrieved from /opt/airflow/dags/db_and_model_update_dag.py
[2026-03-23T19:33:46.339+0000] {logging_mixin.py:190} INFO - [2026-03-23T19:33:46.338+0000] {dag.py:3239} INFO - Sync 1 DAGs
[2026-03-23T19:33:46.380+0000] {processor.py:208} INFO - Processing /opt/airflow/dags/db_and_model_update_dag.py took 0.124 seconds
[2026-03-23T19:34:10.125+0000] {processor.py:186} INFO - Started process (PID=5659) to work on /opt/airflow/dags/db_and_model_update_dag.py
[2026-03-23T19:34:10.126+0000] {processor.py:914} INFO - Processing file /opt/airflow/dags/db_and_model_update_dag.py for tasks to queue
[2026-03-23T19:34:10.129+0000] {logging_mixin.py:190} INFO - [2026-03-23T19:34:10.128+0000] {dagbag.py:588} INFO - Filling up the DagBag from /opt/airflow/dags/db_and_model_update_dag.py
[2026-03-23T19:34:10.148+0000] {processor.py:925} INFO - DAG(s) 'db_and_model_update' retrieved from /opt/airflow/dags/db_and_model_update_dag.py
[2026-03-23T19:34:10.178+0000] {logging_mixin.py:190} INFO - [2026-03-23T19:34:10.178+0000] {dag.py:3239} INFO - Sync 1 DAGs
[2026-03-23T19:34:10.221+0000] {processor.py:208} INFO - Processing /opt/airflow/dags/db_and_model_update_dag.py took 0.102 seconds
[2026-03-23T19:34:48.294+0000] {processor.py:186} INFO - Started process (PID=5669) to work on /opt/airflow/dags/db_and_model_update_dag.py
[2026-03-23T19:34:48.295+0000] {processor.py:914} INFO - Processing file /opt/airflow/dags/db_and_model_update_dag.py for tasks to queue
[2026-03-23T19:34:48.297+0000] {logging_mixin.py:190} INFO - [2026-03-23T19:34:48.297+0000] {dagbag.py:588} INFO - Filling up the DagBag from /opt/airflow/dags/db_and_model_update_dag.py
[2026-03-23T19:34:48.319+0000] {processor.py:925} INFO - DAG(s) 'db_and_model_update' retrieved from /opt/airflow/dags/db_and_model_update_dag.py
[2026-03-23T19:34:48.351+0000] {logging_mixin.py:190} INFO - [2026-03-23T19:34:48.351+0000] {dag.py:3239} INFO - Sync 1 DAGs
[2026-03-23T19:34:48.389+0000] {processor.py:208} INFO - Processing /opt/airflow/dags/db_and_model_update_dag.py took 0.102 seconds
[2026-03-23T19:35:18.452+0000] {processor.py:186} INFO - Started process (PID=5679) to work on /opt/airflow/dags/db_and_model_update_dag.py
[2026-03-23T19:35:18.453+0000] {processor.py:914} INFO - Processing file /opt/airflow/dags/db_and_model_update_dag.py for tasks to queue
[2026-03-23T19:35:18.455+0000] {logging_mixin.py:190} INFO - [2026-03-23T19:35:18.455+0000] {dagbag.py:588} INFO - Filling up the DagBag from /opt/airflow/dags/db_and_model_update_dag.py
[2026-03-23T19:35:18.474+0000] {processor.py:925} INFO - DAG(s) 'db_and_model_update' retrieved from /opt/airflow/dags/db_and_model_update_dag.py
[2026-03-23T19:35:18.502+0000] {logging_mixin.py:190} INFO - [2026-03-23T19:35:18.501+0000] {dag.py:3239} INFO - Sync 1 DAGs
[2026-03-23T19:35:18.538+0000] {processor.py:208} INFO - Processing /opt/airflow/dags/db_and_model_update_dag.py took 0.093 seconds
[2026-03-23T19:35:48.840+0000] {processor.py:186} INFO - Started process (PID=5689) to work on /opt/airflow/dags/db_and_model_update_dag.py
[2026-03-23T19:35:48.841+0000] {processor.py:914} INFO - Processing file /opt/airflow/dags/db_and_model_update_dag.py for tasks to queue
[2026-03-23T19:35:48.844+0000] {logging_mixin.py:190} INFO - [2026-03-23T19:35:48.844+0000] {dagbag.py:588} INFO - Filling up the DagBag from /opt/airflow/dags/db_and_model_update_dag.py
[2026-03-23T19:35:48.863+0000] {processor.py:925} INFO - DAG(s) 'db_and_model_update' retrieved from /opt/airflow/dags/db_and_model_update_dag.py
[2026-03-23T19:35:48.895+0000] {logging_mixin.py:190} INFO - [2026-03-23T19:35:48.895+0000] {dag.py:3239} INFO - Sync 1 DAGs
[2026-03-23T19:35:48.932+0000] {processor.py:208} INFO - Processing /opt/airflow/dags/db_and_model_update_dag.py took 0.103 seconds
[2026-03-23T19:36:19.171+0000] {processor.py:186} INFO - Started process (PID=5699) to work on /opt/airflow/dags/db_and_model_update_dag.py
[2026-03-23T19:36:19.173+0000] {processor.py:914} INFO - Processing file /opt/airflow/dags/db_and_model_update_dag.py for tasks to queue
[2026-03-23T19:36:19.175+0000] {logging_mixin.py:190} INFO - [2026-03-23T19:36:19.174+0000] {dagbag.py:588} INFO - Filling up the DagBag from /opt/airflow/dags/db_and_model_update_dag.py
[2026-03-23T19:36:19.194+0000] {processor.py:925} INFO - DAG(s) 'db_and_model_update' retrieved from /opt/airflow/dags/db_and_model_update_dag.py
[2026-03-23T19:36:19.222+0000] {logging_mixin.py:190} INFO - [2026-03-23T19:36:19.222+0000] {dag.py:3239} INFO - Sync 1 DAGs
[2026-03-23T19:36:19.263+0000] {processor.py:208} INFO - Processing /opt/airflow/dags/db_and_model_update_dag.py took 0.099 seconds
[2026-03-23T19:36:49.507+0000] {processor.py:186} INFO - Started process (PID=5709) to work on /opt/airflow/dags/db_and_model_update_dag.py
[2026-03-23T19:36:49.508+0000] {processor.py:914} INFO - Processing file /opt/airflow/dags/db_and_model_update_dag.py for tasks to queue
[2026-03-23T19:36:49.510+0000] {logging_mixin.py:190} INFO - [2026-03-23T19:36:49.510+0000] {dagbag.py:588} INFO - Filling up the DagBag from /opt/airflow/dags/db_and_model_update_dag.py
[2026-03-23T19:36:49.529+0000] {processor.py:925} INFO - DAG(s) 'db_and_model_update' retrieved from /opt/airflow/dags/db_and_model_update_dag.py
[2026-03-23T19:36:49.560+0000] {logging_mixin.py:190} INFO - [2026-03-23T19:36:49.559+0000] {dag.py:3239} INFO - Sync 1 DAGs
[2026-03-23T19:36:49.600+0000] {processor.py:208} INFO - Processing /opt/airflow/dags/db_and_model_update_dag.py took 0.101 seconds
[2026-03-23T19:37:19.929+0000] {processor.py:186} INFO - Started process (PID=5719) to work on /opt/airflow/dags/db_and_model_update_dag.py
[2026-03-23T19:37:19.931+0000] {processor.py:914} INFO - Processing file /opt/airflow/dags/db_and_model_update_dag.py for tasks to queue
[2026-03-23T19:37:19.933+0000] {logging_mixin.py:190} INFO - [2026-03-23T19:37:19.933+0000] {dagbag.py:588} INFO - Filling up the DagBag from /opt/airflow/dags/db_and_model_update_dag.py
[2026-03-23T19:37:19.953+0000] {processor.py:925} INFO - DAG(s) 'db_and_model_update' retrieved from /opt/airflow/dags/db_and_model_update_dag.py
[2026-03-23T19:37:19.983+0000] {logging_mixin.py:190} INFO - [2026-03-23T19:37:19.983+0000] {dag.py:3239} INFO - Sync 1 DAGs
[2026-03-23T19:37:20.030+0000] {processor.py:208} INFO - Processing /opt/airflow/dags/db_and_model_update_dag.py took 0.108 seconds
[2026-03-23T19:37:50.320+0000] {processor.py:186} INFO - Started process (PID=5729) to work on /opt/airflow/dags/db_and_model_update_dag.py
[2026-03-23T19:37:50.323+0000] {processor.py:914} INFO - Processing file /opt/airflow/dags/db_and_model_update_dag.py for tasks to queue
[2026-03-23T19:37:50.327+0000] {logging_mixin.py:190} INFO - [2026-03-23T19:37:50.327+0000] {dagbag.py:588} INFO - Filling up the DagBag from /opt/airflow/dags/db_and_model_update_dag.py
[2026-03-23T19:37:50.351+0000] {processor.py:925} INFO - DAG(s) 'db_and_model_update' retrieved from /opt/airflow/dags/db_and_model_update_dag.py
[2026-03-23T19:37:50.384+0000] {logging_mixin.py:190} INFO - [2026-03-23T19:37:50.384+0000] {dag.py:3239} INFO - Sync 1 DAGs
[2026-03-23T19:37:50.433+0000] {processor.py:208} INFO - Processing /opt/airflow/dags/db_and_model_update_dag.py took 0.126 seconds
[2026-03-23T19:38:19.265+0000] {processor.py:186} INFO - Started process (PID=5739) to work on /opt/airflow/dags/db_and_model_update_dag.py
[2026-03-23T19:38:19.270+0000] {processor.py:914} INFO - Processing file /opt/airflow/dags/db_and_model_update_dag.py for tasks to queue
[2026-03-23T19:38:19.273+0000] {logging_mixin.py:190} INFO - [2026-03-23T19:38:19.272+0000] {dagbag.py:588} INFO - Filling up the DagBag from /opt/airflow/dags/db_and_model_update_dag.py
[2026-03-23T19:38:19.303+0000] {processor.py:925} INFO - DAG(s) 'db_and_model_update' retrieved from /opt/airflow/dags/db_and_model_update_dag.py
[2026-03-23T19:38:19.343+0000] {logging_mixin.py:190} INFO - [2026-03-23T19:38:19.343+0000] {dag.py:3239} INFO - Sync 1 DAGs
[2026-03-23T19:38:19.395+0000] {processor.py:208} INFO - Processing /opt/airflow/dags/db_and_model_update_dag.py took 0.139 seconds
[2026-03-23T19:38:49.974+0000] {processor.py:186} INFO - Started process (PID=5749) to work on /opt/airflow/dags/db_and_model_update_dag.py
[2026-03-23T19:38:49.975+0000] {processor.py:914} INFO - Processing file /opt/airflow/dags/db_and_model_update_dag.py for tasks to queue
[2026-03-23T19:38:49.978+0000] {logging_mixin.py:190} INFO - [2026-03-23T19:38:49.978+0000] {dagbag.py:588} INFO - Filling up the DagBag from /opt/airflow/dags/db_and_model_update_dag.py
[2026-03-23T19:38:50.000+0000] {processor.py:925} INFO - DAG(s) 'db_and_model_update' retrieved from /opt/airflow/dags/db_and_model_update_dag.py
[2026-03-23T19:38:50.032+0000] {logging_mixin.py:190} INFO - [2026-03-23T19:38:50.031+0000] {dag.py:3239} INFO - Sync 1 DAGs
[2026-03-23T19:38:50.073+0000] {processor.py:208} INFO - Processing /opt/airflow/dags/db_and_model_update_dag.py took 0.107 seconds
[2026-03-23T19:39:20.482+0000] {processor.py:186} INFO - Started process (PID=5759) to work on /opt/airflow/dags/db_and_model_update_dag.py
[2026-03-23T19:39:20.483+0000] {processor.py:914} INFO - Processing file /opt/airflow/dags/db_and_model_update_dag.py for tasks to queue
[2026-03-23T19:39:20.485+0000] {logging_mixin.py:190} INFO - [2026-03-23T19:39:20.485+0000] {dagbag.py:588} INFO - Filling up the DagBag from /opt/airflow/dags/db_and_model_update_dag.py
[2026-03-23T19:39:20.510+0000] {processor.py:925} INFO - DAG(s) 'db_and_model_update' retrieved from /opt/airflow/dags/db_and_model_update_dag.py
[2026-03-23T19:39:20.540+0000] {logging_mixin.py:190} INFO - [2026-03-23T19:39:20.540+0000] {dag.py:3239} INFO - Sync 1 DAGs
[2026-03-23T19:39:20.588+0000] {processor.py:208} INFO - Processing /opt/airflow/dags/db_and_model_update_dag.py took 0.114 seconds
[2026-03-23T19:39:45.734+0000] {processor.py:186} INFO - Started process (PID=5769) to work on /opt/airflow/dags/db_and_model_update_dag.py
[2026-03-23T19:39:45.735+0000] {processor.py:914} INFO - Processing file /opt/airflow/dags/db_and_model_update_dag.py for tasks to queue
[2026-03-23T19:39:45.739+0000] {logging_mixin.py:190} INFO - [2026-03-23T19:39:45.739+0000] {dagbag.py:588} INFO - Filling up the DagBag from /opt/airflow/dags/db_and_model_update_dag.py
[2026-03-23T19:39:45.761+0000] {processor.py:925} INFO - DAG(s) 'db_and_model_update' retrieved from /opt/airflow/dags/db_and_model_update_dag.py
[2026-03-23T19:39:45.802+0000] {logging_mixin.py:190} INFO - [2026-03-23T19:39:45.802+0000] {dag.py:3239} INFO - Sync 1 DAGs
[2026-03-23T19:39:45.843+0000] {processor.py:208} INFO - Processing /opt/airflow/dags/db_and_model_update_dag.py took 0.120 seconds
[2026-03-23T19:40:16.162+0000] {processor.py:186} INFO - Started process (PID=5779) to work on /opt/airflow/dags/db_and_model_update_dag.py
[2026-03-23T19:40:16.164+0000] {processor.py:914} INFO - Processing file /opt/airflow/dags/db_and_model_update_dag.py for tasks to queue
[2026-03-23T19:40:16.166+0000] {logging_mixin.py:190} INFO - [2026-03-23T19:40:16.166+0000] {dagbag.py:588} INFO - Filling up the DagBag from /opt/airflow/dags/db_and_model_update_dag.py
[2026-03-23T19:40:16.190+0000] {processor.py:925} INFO - DAG(s) 'db_and_model_update' retrieved from /opt/airflow/dags/db_and_model_update_dag.py
[2026-03-23T19:40:16.223+0000] {logging_mixin.py:190} INFO - [2026-03-23T19:40:16.223+0000] {dag.py:3239} INFO - Sync 1 DAGs
[2026-03-23T19:40:16.264+0000] {processor.py:208} INFO - Processing /opt/airflow/dags/db_and_model_update_dag.py took 0.110 seconds
[2026-03-23T19:40:46.572+0000] {processor.py:186} INFO - Started process (PID=5789) to work on /opt/airflow/dags/db_and_model_update_dag.py
[2026-03-23T19:40:46.574+0000] {processor.py:914} INFO - Processing file /opt/airflow/dags/db_and_model_update_dag.py for tasks to queue
[2026-03-23T19:40:46.576+0000] {logging_mixin.py:190} INFO - [2026-03-23T19:40:46.576+0000] {dagbag.py:588} INFO - Filling up the DagBag from /opt/airflow/dags/db_and_model_update_dag.py
[2026-03-23T19:40:46.601+0000] {processor.py:925} INFO - DAG(s) 'db_and_model_update' retrieved from /opt/airflow/dags/db_and_model_update_dag.py
[2026-03-23T19:40:46.638+0000] {logging_mixin.py:190} INFO - [2026-03-23T19:40:46.637+0000] {dag.py:3239} INFO - Sync 1 DAGs
[2026-03-23T19:40:46.679+0000] {processor.py:208} INFO - Processing /opt/airflow/dags/db_and_model_update_dag.py took 0.115 seconds
[2026-03-23T19:41:16.872+0000] {processor.py:186} INFO - Started process (PID=5799) to work on /opt/airflow/dags/db_and_model_update_dag.py
[2026-03-23T19:41:16.873+0000] {processor.py:914} INFO - Processing file /opt/airflow/dags/db_and_model_update_dag.py for tasks to queue
[2026-03-23T19:41:16.876+0000] {logging_mixin.py:190} INFO - [2026-03-23T19:41:16.876+0000] {dagbag.py:588} INFO - Filling up the DagBag from /opt/airflow/dags/db_and_model_update_dag.py
[2026-03-23T19:41:16.901+0000] {processor.py:925} INFO - DAG(s) 'db_and_model_update' retrieved from /opt/airflow/dags/db_and_model_update_dag.py
[2026-03-23T19:41:16.929+0000] {logging_mixin.py:190} INFO - [2026-03-23T19:41:16.929+0000] {dag.py:3239} INFO - Sync 1 DAGs
[2026-03-23T19:41:16.981+0000] {processor.py:208} INFO - Processing /opt/airflow/dags/db_and_model_update_dag.py took 0.115 seconds
[2026-03-23T19:41:47.292+0000] {processor.py:186} INFO - Started process (PID=5809) to work on /opt/airflow/dags/db_and_model_update_dag.py
[2026-03-23T19:41:47.293+0000] {processor.py:914} INFO - Processing file /opt/airflow/dags/db_and_model_update_dag.py for tasks to queue
[2026-03-23T19:41:47.295+0000] {logging_mixin.py:190} INFO - [2026-03-23T19:41:47.295+0000] {dagbag.py:588} INFO - Filling up the DagBag from /opt/airflow/dags/db_and_model_update_dag.py
[2026-03-23T19:41:47.316+0000] {processor.py:925} INFO - DAG(s) 'db_and_model_update' retrieved from /opt/airflow/dags/db_and_model_update_dag.py
[2026-03-23T19:41:47.348+0000] {logging_mixin.py:190} INFO - [2026-03-23T19:41:47.348+0000] {dag.py:3239} INFO - Sync 1 DAGs
[2026-03-23T19:41:47.407+0000] {processor.py:208} INFO - Processing /opt/airflow/dags/db_and_model_update_dag.py took 0.123 seconds
[2026-03-23T19:42:17.714+0000] {processor.py:186} INFO - Started process (PID=5819) to work on /opt/airflow/dags/db_and_model_update_dag.py
[2026-03-23T19:42:17.716+0000] {processor.py:914} INFO - Processing file /opt/airflow/dags/db_and_model_update_dag.py for tasks to queue
[2026-03-23T19:42:17.718+0000] {logging_mixin.py:190} INFO - [2026-03-23T19:42:17.718+0000] {dagbag.py:588} INFO - Filling up the DagBag from /opt/airflow/dags/db_and_model_update_dag.py
[2026-03-23T19:42:17.737+0000] {processor.py:925} INFO - DAG(s) 'db_and_model_update' retrieved from /opt/airflow/dags/db_and_model_update_dag.py
[2026-03-23T19:42:17.768+0000] {logging_mixin.py:190} INFO - [2026-03-23T19:42:17.767+0000] {dag.py:3239} INFO - Sync 1 DAGs
[2026-03-23T19:42:17.807+0000] {processor.py:208} INFO - Processing /opt/airflow/dags/db_and_model_update_dag.py took 0.101 seconds
[2026-03-23T19:42:48.146+0000] {processor.py:186} INFO - Started process (PID=5829) to work on /opt/airflow/dags/db_and_model_update_dag.py
[2026-03-23T19:42:48.147+0000] {processor.py:914} INFO - Processing file /opt/airflow/dags/db_and_model_update_dag.py for tasks to queue
[2026-03-23T19:42:48.150+0000] {logging_mixin.py:190} INFO - [2026-03-23T19:42:48.150+0000] {dagbag.py:588} INFO - Filling up the DagBag from /opt/airflow/dags/db_and_model_update_dag.py
[2026-03-23T19:42:48.170+0000] {processor.py:925} INFO - DAG(s) 'db_and_model_update' retrieved from /opt/airflow/dags/db_and_model_update_dag.py
[2026-03-23T19:42:48.200+0000] {logging_mixin.py:190} INFO - [2026-03-23T19:42:48.200+0000] {dag.py:3239} INFO - Sync 1 DAGs
[2026-03-23T19:42:48.239+0000] {processor.py:208} INFO - Processing /opt/airflow/dags/db_and_model_update_dag.py took 0.101 seconds
[2026-03-23T19:43:18.586+0000] {processor.py:186} INFO - Started process (PID=5839) to work on /opt/airflow/dags/db_and_model_update_dag.py
[2026-03-23T19:43:18.590+0000] {processor.py:914} INFO - Processing file /opt/airflow/dags/db_and_model_update_dag.py for tasks to queue
[2026-03-23T19:43:18.593+0000] {logging_mixin.py:190} INFO - [2026-03-23T19:43:18.592+0000] {dagbag.py:588} INFO - Filling up the DagBag from /opt/airflow/dags/db_and_model_update_dag.py
[2026-03-23T19:43:18.623+0000] {processor.py:925} INFO - DAG(s) 'db_and_model_update' retrieved from /opt/airflow/dags/db_and_model_update_dag.py
[2026-03-23T19:43:18.654+0000] {logging_mixin.py:190} INFO - [2026-03-23T19:43:18.654+0000] {dag.py:3239} INFO - Sync 1 DAGs
[2026-03-23T19:43:18.710+0000] {processor.py:208} INFO - Processing /opt/airflow/dags/db_and_model_update_dag.py took 0.132 seconds
[2026-03-23T19:43:48.864+0000] {processor.py:186} INFO - Started process (PID=5849) to work on /opt/airflow/dags/db_and_model_update_dag.py
[2026-03-23T19:43:48.865+0000] {processor.py:914} INFO - Processing file /opt/airflow/dags/db_and_model_update_dag.py for tasks to queue
[2026-03-23T19:43:48.868+0000] {logging_mixin.py:190} INFO - [2026-03-23T19:43:48.868+0000] {dagbag.py:588} INFO - Filling up the DagBag from /opt/airflow/dags/db_and_model_update_dag.py
[2026-03-23T19:43:48.891+0000] {processor.py:925} INFO - DAG(s) 'db_and_model_update' retrieved from /opt/airflow/dags/db_and_model_update_dag.py
[2026-03-23T19:43:48.928+0000] {logging_mixin.py:190} INFO - [2026-03-23T19:43:48.928+0000] {dag.py:3239} INFO - Sync 1 DAGs
[2026-03-23T19:43:48.975+0000] {processor.py:208} INFO - Processing /opt/airflow/dags/db_and_model_update_dag.py took 0.123 seconds
[2026-03-23T19:44:19.323+0000] {processor.py:186} INFO - Started process (PID=5859) to work on /opt/airflow/dags/db_and_model_update_dag.py
[2026-03-23T19:44:19.324+0000] {processor.py:914} INFO - Processing file /opt/airflow/dags/db_and_model_update_dag.py for tasks to queue
[2026-03-23T19:44:19.326+0000] {logging_mixin.py:190} INFO - [2026-03-23T19:44:19.326+0000] {dagbag.py:588} INFO - Filling up the DagBag from /opt/airflow/dags/db_and_model_update_dag.py
[2026-03-23T19:44:19.346+0000] {processor.py:925} INFO - DAG(s) 'db_and_model_update' retrieved from /opt/airflow/dags/db_and_model_update_dag.py
[2026-03-23T19:44:19.376+0000] {logging_mixin.py:190} INFO - [2026-03-23T19:44:19.376+0000] {dag.py:3239} INFO - Sync 1 DAGs
[2026-03-23T19:44:19.418+0000] {processor.py:208} INFO - Processing /opt/airflow/dags/db_and_model_update_dag.py took 0.104 seconds
[2026-03-23T19:44:49.618+0000] {processor.py:186} INFO - Started process (PID=5869) to work on /opt/airflow/dags/db_and_model_update_dag.py
[2026-03-23T19:44:49.619+0000] {processor.py:914} INFO - Processing file /opt/airflow/dags/db_and_model_update_dag.py for tasks to queue
[2026-03-23T19:44:49.622+0000] {logging_mixin.py:190} INFO - [2026-03-23T19:44:49.621+0000] {dagbag.py:588} INFO - Filling up the DagBag from /opt/airflow/dags/db_and_model_update_dag.py
[2026-03-23T19:44:49.644+0000] {processor.py:925} INFO - DAG(s) 'db_and_model_update' retrieved from /opt/airflow/dags/db_and_model_update_dag.py
[2026-03-23T19:44:49.678+0000] {logging_mixin.py:190} INFO - [2026-03-23T19:44:49.678+0000] {dag.py:3239} INFO - Sync 1 DAGs
[2026-03-23T19:44:49.727+0000] {processor.py:208} INFO - Processing /opt/airflow/dags/db_and_model_update_dag.py took 0.118 seconds
[2026-03-23T19:45:19.958+0000] {processor.py:186} INFO - Started process (PID=5879) to work on /opt/airflow/dags/db_and_model_update_dag.py
[2026-03-23T19:45:19.959+0000] {processor.py:914} INFO - Processing file /opt/airflow/dags/db_and_model_update_dag.py for tasks to queue
[2026-03-23T19:45:19.961+0000] {logging_mixin.py:190} INFO - [2026-03-23T19:45:19.961+0000] {dagbag.py:588} INFO - Filling up the DagBag from /opt/airflow/dags/db_and_model_update_dag.py
[2026-03-23T19:45:19.983+0000] {processor.py:925} INFO - DAG(s) 'db_and_model_update' retrieved from /opt/airflow/dags/db_and_model_update_dag.py
[2026-03-23T19:45:20.050+0000] {logging_mixin.py:190} INFO - [2026-03-23T19:45:20.050+0000] {dag.py:3239} INFO - Sync 1 DAGs
[2026-03-23T19:45:20.098+0000] {processor.py:208} INFO - Processing /opt/airflow/dags/db_and_model_update_dag.py took 0.148 seconds
[2026-03-23T19:45:50.378+0000] {processor.py:186} INFO - Started process (PID=5889) to work on /opt/airflow/dags/db_and_model_update_dag.py
[2026-03-23T19:45:50.380+0000] {processor.py:914} INFO - Processing file /opt/airflow/dags/db_and_model_update_dag.py for tasks to queue
[2026-03-23T19:45:50.383+0000] {logging_mixin.py:190} INFO - [2026-03-23T19:45:50.382+0000] {dagbag.py:588} INFO - Filling up the DagBag from /opt/airflow/dags/db_and_model_update_dag.py
[2026-03-23T19:45:50.408+0000] {processor.py:925} INFO - DAG(s) 'db_and_model_update' retrieved from /opt/airflow/dags/db_and_model_update_dag.py
[2026-03-23T19:45:50.441+0000] {logging_mixin.py:190} INFO - [2026-03-23T19:45:50.441+0000] {dag.py:3239} INFO - Sync 1 DAGs
[2026-03-23T19:45:50.491+0000] {processor.py:208} INFO - Processing /opt/airflow/dags/db_and_model_update_dag.py took 0.121 seconds
[2026-03-23T19:46:20.803+0000] {processor.py:186} INFO - Started process (PID=5899) to work on /opt/airflow/dags/db_and_model_update_dag.py
[2026-03-23T19:46:20.805+0000] {processor.py:914} INFO - Processing file /opt/airflow/dags/db_and_model_update_dag.py for tasks to queue
[2026-03-23T19:46:20.807+0000] {logging_mixin.py:190} INFO - [2026-03-23T19:46:20.807+0000] {dagbag.py:588} INFO - Filling up the DagBag from /opt/airflow/dags/db_and_model_update_dag.py
[2026-03-23T19:46:20.825+0000] {processor.py:925} INFO - DAG(s) 'db_and_model_update' retrieved from /opt/airflow/dags/db_and_model_update_dag.py
[2026-03-23T19:46:20.855+0000] {logging_mixin.py:190} INFO - [2026-03-23T19:46:20.855+0000] {dag.py:3239} INFO - Sync 1 DAGs
[2026-03-23T19:46:20.900+0000] {processor.py:208} INFO - Processing /opt/airflow/dags/db_and_model_update_dag.py took 0.105 seconds
[2026-03-23T19:46:51.075+0000] {processor.py:186} INFO - Started process (PID=5909) to work on /opt/airflow/dags/db_and_model_update_dag.py
[2026-03-23T19:46:51.076+0000] {processor.py:914} INFO - Processing file /opt/airflow/dags/db_and_model_update_dag.py for tasks to queue
[2026-03-23T19:46:51.079+0000] {logging_mixin.py:190} INFO - [2026-03-23T19:46:51.078+0000] {dagbag.py:588} INFO - Filling up the DagBag from /opt/airflow/dags/db_and_model_update_dag.py
[2026-03-23T19:46:51.101+0000] {processor.py:925} INFO - DAG(s) 'db_and_model_update' retrieved from /opt/airflow/dags/db_and_model_update_dag.py
[2026-03-23T19:46:51.136+0000] {logging_mixin.py:190} INFO - [2026-03-23T19:46:51.136+0000] {dag.py:3239} INFO - Sync 1 DAGs
[2026-03-23T19:46:51.186+0000] {processor.py:208} INFO - Processing /opt/airflow/dags/db_and_model_update_dag.py took 0.118 seconds
[2026-03-23T19:47:21.525+0000] {processor.py:186} INFO - Started process (PID=5919) to work on /opt/airflow/dags/db_and_model_update_dag.py
[2026-03-23T19:47:21.526+0000] {processor.py:914} INFO - Processing file /opt/airflow/dags/db_and_model_update_dag.py for tasks to queue
[2026-03-23T19:47:21.530+0000] {logging_mixin.py:190} INFO - [2026-03-23T19:47:21.529+0000] {dagbag.py:588} INFO - Filling up the DagBag from /opt/airflow/dags/db_and_model_update_dag.py
[2026-03-23T19:47:21.563+0000] {processor.py:925} INFO - DAG(s) 'db_and_model_update' retrieved from /opt/airflow/dags/db_and_model_update_dag.py
[2026-03-23T19:47:21.595+0000] {logging_mixin.py:190} INFO - [2026-03-23T19:47:21.595+0000] {dag.py:3239} INFO - Sync 1 DAGs
[2026-03-23T19:47:21.635+0000] {processor.py:208} INFO - Processing /opt/airflow/dags/db_and_model_update_dag.py took 0.120 seconds
[2026-03-23T19:47:51.840+0000] {processor.py:186} INFO - Started process (PID=5929) to work on /opt/airflow/dags/db_and_model_update_dag.py
[2026-03-23T19:47:51.842+0000] {processor.py:914} INFO - Processing file /opt/airflow/dags/db_and_model_update_dag.py for tasks to queue
[2026-03-23T19:47:51.844+0000] {logging_mixin.py:190} INFO - [2026-03-23T19:47:51.844+0000] {dagbag.py:588} INFO - Filling up the DagBag from /opt/airflow/dags/db_and_model_update_dag.py
[2026-03-23T19:47:59.160+0000] {processor.py:925} INFO - DAG(s) 'db_and_model_update' retrieved from /opt/airflow/dags/db_and_model_update_dag.py
[2026-03-23T19:47:59.194+0000] {logging_mixin.py:190} INFO - [2026-03-23T19:47:59.193+0000] {dag.py:3239} INFO - Sync 1 DAGs
[2026-03-23T19:47:59.234+0000] {processor.py:208} INFO - Processing /opt/airflow/dags/db_and_model_update_dag.py took 0.110 seconds
[2026-03-23T19:48:29.359+0000] {processor.py:186} INFO - Started process (PID=5944) to work on /opt/airflow/dags/db_and_model_update_dag.py
[2026-03-23T19:48:29.360+0000] {processor.py:914} INFO - Processing file /opt/airflow/dags/db_and_model_update_dag.py for tasks to queue
[2026-03-23T19:48:29.362+0000] {logging_mixin.py:190} INFO - [2026-03-23T19:48:29.362+0000] {dagbag.py:588} INFO - Filling up the DagBag from /opt/airflow/dags/db_and_model_update_dag.py
[2026-03-23T19:48:29.381+0000] {processor.py:925} INFO - DAG(s) 'db_and_model_update' retrieved from /opt/airflow/dags/db_and_model_update_dag.py
[2026-03-23T19:48:29.413+0000] {logging_mixin.py:190} INFO - [2026-03-23T19:48:29.413+0000] {dag.py:3239} INFO - Sync 1 DAGs
[2026-03-23T19:48:29.461+0000] {processor.py:208} INFO - Processing /opt/airflow/dags/db_and_model_update_dag.py took 0.108 seconds
[2026-03-23T19:48:59.746+0000] {processor.py:186} INFO - Started process (PID=5954) to work on /opt/airflow/dags/db_and_model_update_dag.py
[2026-03-23T19:48:59.747+0000] {processor.py:914} INFO - Processing file /opt/airflow/dags/db_and_model_update_dag.py for tasks to queue
[2026-03-23T19:48:59.750+0000] {logging_mixin.py:190} INFO - [2026-03-23T19:48:59.750+0000] {dagbag.py:588} INFO - Filling up the DagBag from /opt/airflow/dags/db_and_model_update_dag.py
[2026-03-23T19:48:59.771+0000] {processor.py:925} INFO - DAG(s) 'db_and_model_update' retrieved from /opt/airflow/dags/db_and_model_update_dag.py
[2026-03-23T19:48:59.802+0000] {logging_mixin.py:190} INFO - [2026-03-23T19:48:59.802+0000] {dag.py:3239} INFO - Sync 1 DAGs
[2026-03-23T19:48:59.844+0000] {processor.py:208} INFO - Processing /opt/airflow/dags/db_and_model_update_dag.py took 0.106 seconds
[2026-03-23T19:49:30.151+0000] {processor.py:186} INFO - Started process (PID=5964) to work on /opt/airflow/dags/db_and_model_update_dag.py
[2026-03-23T19:49:30.153+0000] {processor.py:914} INFO - Processing file /opt/airflow/dags/db_and_model_update_dag.py for tasks to queue
[2026-03-23T19:49:30.155+0000] {logging_mixin.py:190} INFO - [2026-03-23T19:49:30.155+0000] {dagbag.py:588} INFO - Filling up the DagBag from /opt/airflow/dags/db_and_model_update_dag.py
[2026-03-23T19:49:30.177+0000] {processor.py:925} INFO - DAG(s) 'db_and_model_update' retrieved from /opt/airflow/dags/db_and_model_update_dag.py
[2026-03-23T19:49:30.208+0000] {logging_mixin.py:190} INFO - [2026-03-23T19:49:30.208+0000] {dag.py:3239} INFO - Sync 1 DAGs
[2026-03-23T19:49:30.249+0000] {processor.py:208} INFO - Processing /opt/airflow/dags/db_and_model_update_dag.py took 0.107 seconds
[2026-03-23T19:50:00.564+0000] {processor.py:186} INFO - Started process (PID=5974) to work on /opt/airflow/dags/db_and_model_update_dag.py
[2026-03-23T19:50:00.566+0000] {processor.py:914} INFO - Processing file /opt/airflow/dags/db_and_model_update_dag.py for tasks to queue
[2026-03-23T19:50:00.571+0000] {logging_mixin.py:190} INFO - [2026-03-23T19:50:00.570+0000] {dagbag.py:588} INFO - Filling up the DagBag from /opt/airflow/dags/db_and_model_update_dag.py
[2026-03-23T19:50:00.616+0000] {processor.py:925} INFO - DAG(s) 'db_and_model_update' retrieved from /opt/airflow/dags/db_and_model_update_dag.py
[2026-03-23T19:50:00.680+0000] {logging_mixin.py:190} INFO - [2026-03-23T19:50:00.680+0000] {dag.py:3239} INFO - Sync 1 DAGs
[2026-03-23T19:50:00.767+0000] {processor.py:208} INFO - Processing /opt/airflow/dags/db_and_model_update_dag.py took 0.221 seconds
[2026-03-23T19:50:30.911+0000] {processor.py:186} INFO - Started process (PID=5984) to work on /opt/airflow/dags/db_and_model_update_dag.py
[2026-03-23T19:50:30.912+0000] {processor.py:914} INFO - Processing file /opt/airflow/dags/db_and_model_update_dag.py for tasks to queue
[2026-03-23T19:50:30.916+0000] {logging_mixin.py:190} INFO - [2026-03-23T19:50:30.915+0000] {dagbag.py:588} INFO - Filling up the DagBag from /opt/airflow/dags/db_and_model_update_dag.py
[2026-03-23T19:50:30.936+0000] {processor.py:925} INFO - DAG(s) 'db_and_model_update' retrieved from /opt/airflow/dags/db_and_model_update_dag.py
[2026-03-23T19:50:30.966+0000] {logging_mixin.py:190} INFO - [2026-03-23T19:50:30.966+0000] {dag.py:3239} INFO - Sync 1 DAGs
[2026-03-23T19:50:31.010+0000] {processor.py:208} INFO - Processing /opt/airflow/dags/db_and_model_update_dag.py took 0.107 seconds
[2026-03-23T19:51:01.366+0000] {processor.py:186} INFO - Started process (PID=5994) to work on /opt/airflow/dags/db_and_model_update_dag.py
[2026-03-23T19:51:01.367+0000] {processor.py:914} INFO - Processing file /opt/airflow/dags/db_and_model_update_dag.py for tasks to queue
[2026-03-23T19:51:01.370+0000] {logging_mixin.py:190} INFO - [2026-03-23T19:51:01.369+0000] {dagbag.py:588} INFO - Filling up the DagBag from /opt/airflow/dags/db_and_model_update_dag.py
[2026-03-23T19:51:01.389+0000] {processor.py:925} INFO - DAG(s) 'db_and_model_update' retrieved from /opt/airflow/dags/db_and_model_update_dag.py
[2026-03-23T19:51:01.420+0000] {logging_mixin.py:190} INFO - [2026-03-23T19:51:01.419+0000] {dag.py:3239} INFO - Sync 1 DAGs
[2026-03-23T19:51:01.461+0000] {processor.py:208} INFO - Processing /opt/airflow/dags/db_and_model_update_dag.py took 0.103 seconds
[2026-03-23T19:51:31.590+0000] {processor.py:186} INFO - Started process (PID=6004) to work on /opt/airflow/dags/db_and_model_update_dag.py
[2026-03-23T19:51:31.591+0000] {processor.py:914} INFO - Processing file /opt/airflow/dags/db_and_model_update_dag.py for tasks to queue
[2026-03-23T19:51:31.594+0000] {logging_mixin.py:190} INFO - [2026-03-23T19:51:31.594+0000] {dagbag.py:588} INFO - Filling up the DagBag from /opt/airflow/dags/db_and_model_update_dag.py
[2026-03-23T19:51:31.613+0000] {processor.py:925} INFO - DAG(s) 'db_and_model_update' retrieved from /opt/airflow/dags/db_and_model_update_dag.py
[2026-03-23T19:51:31.644+0000] {logging_mixin.py:190} INFO - [2026-03-23T19:51:31.644+0000] {dag.py:3239} INFO - Sync 1 DAGs
[2026-03-23T19:51:31.758+0000] {processor.py:208} INFO - Processing /opt/airflow/dags/db_and_model_update_dag.py took 0.174 seconds
[2026-03-23T19:52:05.192+0000] {processor.py:186} INFO - Started process (PID=6014) to work on /opt/airflow/dags/db_and_model_update_dag.py
[2026-03-23T19:52:05.193+0000] {processor.py:914} INFO - Processing file /opt/airflow/dags/db_and_model_update_dag.py for tasks to queue
[2026-03-23T19:52:05.196+0000] {logging_mixin.py:190} INFO - [2026-03-23T19:52:05.195+0000] {dagbag.py:588} INFO - Filling up the DagBag from /opt/airflow/dags/db_and_model_update_dag.py
[2026-03-23T19:52:05.159+0000] {processor.py:925} INFO - DAG(s) 'db_and_model_update' retrieved from /opt/airflow/dags/db_and_model_update_dag.py
[2026-03-23T19:52:05.191+0000] {logging_mixin.py:190} INFO - [2026-03-23T19:52:05.191+0000] {dag.py:3239} INFO - Sync 1 DAGs
[2026-03-23T19:52:05.228+0000] {processor.py:208} INFO - Processing /opt/airflow/dags/db_and_model_update_dag.py took 0.100 seconds
[2026-03-23T19:52:35.354+0000] {processor.py:186} INFO - Started process (PID=6024) to work on /opt/airflow/dags/db_and_model_update_dag.py
[2026-03-23T19:52:35.357+0000] {processor.py:914} INFO - Processing file /opt/airflow/dags/db_and_model_update_dag.py for tasks to queue
[2026-03-23T19:52:35.361+0000] {logging_mixin.py:190} INFO - [2026-03-23T19:52:35.361+0000] {dagbag.py:588} INFO - Filling up the DagBag from /opt/airflow/dags/db_and_model_update_dag.py
[2026-03-23T19:52:35.390+0000] {processor.py:925} INFO - DAG(s) 'db_and_model_update' retrieved from /opt/airflow/dags/db_and_model_update_dag.py
[2026-03-23T19:52:35.431+0000] {logging_mixin.py:190} INFO - [2026-03-23T19:52:35.431+0000] {dag.py:3239} INFO - Sync 1 DAGs
[2026-03-23T19:52:35.484+0000] {processor.py:208} INFO - Processing /opt/airflow/dags/db_and_model_update_dag.py took 0.142 seconds
[2026-03-23T19:53:05.812+0000] {processor.py:186} INFO - Started process (PID=6034) to work on /opt/airflow/dags/db_and_model_update_dag.py
[2026-03-23T19:53:05.813+0000] {processor.py:914} INFO - Processing file /opt/airflow/dags/db_and_model_update_dag.py for tasks to queue
[2026-03-23T19:53:05.819+0000] {logging_mixin.py:190} INFO - [2026-03-23T19:53:05.818+0000] {dagbag.py:588} INFO - Filling up the DagBag from /opt/airflow/dags/db_and_model_update_dag.py
[2026-03-23T19:53:05.849+0000] {processor.py:925} INFO - DAG(s) 'db_and_model_update' retrieved from /opt/airflow/dags/db_and_model_update_dag.py
[2026-03-23T19:53:05.885+0000] {logging_mixin.py:190} INFO - [2026-03-23T19:53:05.885+0000] {dag.py:3239} INFO - Sync 1 DAGs
[2026-03-23T19:53:05.931+0000] {processor.py:208} INFO - Processing /opt/airflow/dags/db_and_model_update_dag.py took 0.130 seconds
[2026-03-23T19:53:36.264+0000] {processor.py:186} INFO - Started process (PID=6044) to work on /opt/airflow/dags/db_and_model_update_dag.py
[2026-03-23T19:53:36.265+0000] {processor.py:914} INFO - Processing file /opt/airflow/dags/db_and_model_update_dag.py for tasks to queue
[2026-03-23T19:53:36.268+0000] {logging_mixin.py:190} INFO - [2026-03-23T19:53:36.267+0000] {dagbag.py:588} INFO - Filling up the DagBag from /opt/airflow/dags/db_and_model_update_dag.py
[2026-03-23T19:53:36.288+0000] {processor.py:925} INFO - DAG(s) 'db_and_model_update' retrieved from /opt/airflow/dags/db_and_model_update_dag.py
[2026-03-23T19:53:36.317+0000] {logging_mixin.py:190} INFO - [2026-03-23T19:53:36.317+0000] {dag.py:3239} INFO - Sync 1 DAGs
[2026-03-23T19:53:36.356+0000] {processor.py:208} INFO - Processing /opt/airflow/dags/db_and_model_update_dag.py took 0.099 seconds
[2026-03-23T19:54:06.649+0000] {processor.py:186} INFO - Started process (PID=6054) to work on /opt/airflow/dags/db_and_model_update_dag.py
[2026-03-23T19:54:06.650+0000] {processor.py:914} INFO - Processing file /opt/airflow/dags/db_and_model_update_dag.py for tasks to queue
[2026-03-23T19:54:06.652+0000] {logging_mixin.py:190} INFO - [2026-03-23T19:54:06.652+0000] {dagbag.py:588} INFO - Filling up the DagBag from /opt/airflow/dags/db_and_model_update_dag.py
[2026-03-23T19:54:06.672+0000] {processor.py:925} INFO - DAG(s) 'db_and_model_update' retrieved from /opt/airflow/dags/db_and_model_update_dag.py
[2026-03-23T19:54:06.700+0000] {logging_mixin.py:190} INFO - [2026-03-23T19:54:06.700+0000] {dag.py:3239} INFO - Sync 1 DAGs
[2026-03-23T19:54:06.739+0000] {processor.py:208} INFO - Processing /opt/airflow/dags/db_and_model_update_dag.py took 0.097 seconds
[2026-03-23T19:54:39.917+0000] {processor.py:186} INFO - Started process (PID=6064) to work on /opt/airflow/dags/db_and_model_update_dag.py
[2026-03-23T19:54:39.918+0000] {processor.py:914} INFO - Processing file /opt/airflow/dags/db_and_model_update_dag.py for tasks to queue
[2026-03-23T19:54:39.921+0000] {logging_mixin.py:190} INFO - [2026-03-23T19:54:39.920+0000] {dagbag.py:588} INFO - Filling up the DagBag from /opt/airflow/dags/db_and_model_update_dag.py
[2026-03-23T19:54:32.133+0000] {processor.py:925} INFO - DAG(s) 'db_and_model_update' retrieved from /opt/airflow/dags/db_and_model_update_dag.py
[2026-03-23T19:54:32.165+0000] {logging_mixin.py:190} INFO - [2026-03-23T19:54:32.165+0000] {dag.py:3239} INFO - Sync 1 DAGs
[2026-03-23T19:54:32.204+0000] {processor.py:208} INFO - Processing /opt/airflow/dags/db_and_model_update_dag.py took 0.103 seconds
[2026-03-23T19:55:02.504+0000] {processor.py:186} INFO - Started process (PID=6074) to work on /opt/airflow/dags/db_and_model_update_dag.py
[2026-03-23T19:55:02.505+0000] {processor.py:914} INFO - Processing file /opt/airflow/dags/db_and_model_update_dag.py for tasks to queue
[2026-03-23T19:55:02.508+0000] {logging_mixin.py:190} INFO - [2026-03-23T19:55:02.508+0000] {dagbag.py:588} INFO - Filling up the DagBag from /opt/airflow/dags/db_and_model_update_dag.py
[2026-03-23T19:55:02.531+0000] {processor.py:925} INFO - DAG(s) 'db_and_model_update' retrieved from /opt/airflow/dags/db_and_model_update_dag.py
[2026-03-23T19:55:02.561+0000] {logging_mixin.py:190} INFO - [2026-03-23T19:55:02.561+0000] {dag.py:3239} INFO - Sync 1 DAGs
[2026-03-23T19:55:02.606+0000] {processor.py:208} INFO - Processing /opt/airflow/dags/db_and_model_update_dag.py took 0.108 seconds
[2026-03-23T19:55:32.913+0000] {processor.py:186} INFO - Started process (PID=6084) to work on /opt/airflow/dags/db_and_model_update_dag.py
[2026-03-23T19:55:32.914+0000] {processor.py:914} INFO - Processing file /opt/airflow/dags/db_and_model_update_dag.py for tasks to queue
[2026-03-23T19:55:32.916+0000] {logging_mixin.py:190} INFO - [2026-03-23T19:55:32.916+0000] {dagbag.py:588} INFO - Filling up the DagBag from /opt/airflow/dags/db_and_model_update_dag.py
[2026-03-23T19:55:32.937+0000] {processor.py:925} INFO - DAG(s) 'db_and_model_update' retrieved from /opt/airflow/dags/db_and_model_update_dag.py
[2026-03-23T19:55:32.966+0000] {logging_mixin.py:190} INFO - [2026-03-23T19:55:32.966+0000] {dag.py:3239} INFO - Sync 1 DAGs
[2026-03-23T19:55:33.003+0000] {processor.py:208} INFO - Processing /opt/airflow/dags/db_and_model_update_dag.py took 0.097 seconds
[2026-03-23T19:56:05.584+0000] {processor.py:186} INFO - Started process (PID=6094) to work on /opt/airflow/dags/db_and_model_update_dag.py
[2026-03-23T19:56:05.585+0000] {processor.py:914} INFO - Processing file /opt/airflow/dags/db_and_model_update_dag.py for tasks to queue
[2026-03-23T19:56:05.588+0000] {logging_mixin.py:190} INFO - [2026-03-23T19:56:05.587+0000] {dagbag.py:588} INFO - Filling up the DagBag from /opt/airflow/dags/db_and_model_update_dag.py
[2026-03-23T19:56:05.607+0000] {processor.py:925} INFO - DAG(s) 'db_and_model_update' retrieved from /opt/airflow/dags/db_and_model_update_dag.py
[2026-03-23T19:56:05.640+0000] {logging_mixin.py:190} INFO - [2026-03-23T19:56:05.640+0000] {dag.py:3239} INFO - Sync 1 DAGs
[2026-03-23T19:56:05.687+0000] {processor.py:208} INFO - Processing /opt/airflow/dags/db_and_model_update_dag.py took 0.111 seconds
[2026-03-23T19:56:35.847+0000] {processor.py:186} INFO - Started process (PID=6104) to work on /opt/airflow/dags/db_and_model_update_dag.py
[2026-03-23T19:56:35.849+0000] {processor.py:914} INFO - Processing file /opt/airflow/dags/db_and_model_update_dag.py for tasks to queue
[2026-03-23T19:56:35.851+0000] {logging_mixin.py:190} INFO - [2026-03-23T19:56:35.851+0000] {dagbag.py:588} INFO - Filling up the DagBag from /opt/airflow/dags/db_and_model_update_dag.py
[2026-03-23T19:56:35.876+0000] {processor.py:925} INFO - DAG(s) 'db_and_model_update' retrieved from /opt/airflow/dags/db_and_model_update_dag.py
[2026-03-23T19:56:35.909+0000] {logging_mixin.py:190} INFO - [2026-03-23T19:56:35.908+0000] {dag.py:3239} INFO - Sync 1 DAGs
[2026-03-23T19:56:35.948+0000] {processor.py:208} INFO - Processing /opt/airflow/dags/db_and_model_update_dag.py took 0.108 seconds
[2026-03-23T19:57:06.144+0000] {processor.py:186} INFO - Started process (PID=6114) to work on /opt/airflow/dags/db_and_model_update_dag.py
[2026-03-23T19:57:06.145+0000] {processor.py:914} INFO - Processing file /opt/airflow/dags/db_and_model_update_dag.py for tasks to queue
[2026-03-23T19:57:06.148+0000] {logging_mixin.py:190} INFO - [2026-03-23T19:57:06.147+0000] {dagbag.py:588} INFO - Filling up the DagBag from /opt/airflow/dags/db_and_model_update_dag.py
[2026-03-23T19:57:06.172+0000] {processor.py:925} INFO - DAG(s) 'db_and_model_update' retrieved from /opt/airflow/dags/db_and_model_update_dag.py
[2026-03-23T19:57:06.203+0000] {logging_mixin.py:190} INFO - [2026-03-23T19:57:06.203+0000] {dag.py:3239} INFO - Sync 1 DAGs
[2026-03-23T19:57:06.244+0000] {processor.py:208} INFO - Processing /opt/airflow/dags/db_and_model_update_dag.py took 0.109 seconds
[2026-03-23T19:57:36.526+0000] {processor.py:186} INFO - Started process (PID=6124) to work on /opt/airflow/dags/db_and_model_update_dag.py
[2026-03-23T19:57:36.527+0000] {processor.py:914} INFO - Processing file /opt/airflow/dags/db_and_model_update_dag.py for tasks to queue
[2026-03-23T19:57:36.530+0000] {logging_mixin.py:190} INFO - [2026-03-23T19:57:36.529+0000] {dagbag.py:588} INFO - Filling up the DagBag from /opt/airflow/dags/db_and_model_update_dag.py
[2026-03-23T19:57:36.552+0000] {processor.py:925} INFO - DAG(s) 'db_and_model_update' retrieved from /opt/airflow/dags/db_and_model_update_dag.py
[2026-03-23T19:57:36.582+0000] {logging_mixin.py:190} INFO - [2026-03-23T19:57:36.582+0000] {dag.py:3239} INFO - Sync 1 DAGs
[2026-03-23T19:57:36.620+0000] {processor.py:208} INFO - Processing /opt/airflow/dags/db_and_model_update_dag.py took 0.102 seconds
[2026-03-23T19:58:06.942+0000] {processor.py:186} INFO - Started process (PID=6134) to work on /opt/airflow/dags/db_and_model_update_dag.py
[2026-03-23T19:58:06.943+0000] {processor.py:914} INFO - Processing file /opt/airflow/dags/db_and_model_update_dag.py for tasks to queue
[2026-03-23T19:58:06.947+0000] {logging_mixin.py:190} INFO - [2026-03-23T19:58:06.946+0000] {dagbag.py:588} INFO - Filling up the DagBag from /opt/airflow/dags/db_and_model_update_dag.py
[2026-03-23T19:58:06.975+0000] {processor.py:925} INFO - DAG(s) 'db_and_model_update' retrieved from /opt/airflow/dags/db_and_model_update_dag.py
[2026-03-23T19:58:07.017+0000] {logging_mixin.py:190} INFO - [2026-03-23T19:58:07.017+0000] {dag.py:3239} INFO - Sync 1 DAGs
[2026-03-23T19:58:07.080+0000] {processor.py:208} INFO - Processing /opt/airflow/dags/db_and_model_update_dag.py took 0.152 seconds
[2026-03-23T19:58:37.400+0000] {processor.py:186} INFO - Started process (PID=6144) to work on /opt/airflow/dags/db_and_model_update_dag.py
[2026-03-23T19:58:37.401+0000] {processor.py:914} INFO - Processing file /opt/airflow/dags/db_and_model_update_dag.py for tasks to queue
[2026-03-23T19:58:37.403+0000] {logging_mixin.py:190} INFO - [2026-03-23T19:58:37.403+0000] {dagbag.py:588} INFO - Filling up the DagBag from /opt/airflow/dags/db_and_model_update_dag.py
[2026-03-23T19:58:37.423+0000] {processor.py:925} INFO - DAG(s) 'db_and_model_update' retrieved from /opt/airflow/dags/db_and_model_update_dag.py
[2026-03-23T19:58:37.452+0000] {logging_mixin.py:190} INFO - [2026-03-23T19:58:37.452+0000] {dag.py:3239} INFO - Sync 1 DAGs
[2026-03-23T19:58:37.493+0000] {processor.py:208} INFO - Processing /opt/airflow/dags/db_and_model_update_dag.py took 0.099 seconds
[2026-03-23T19:59:07.835+0000] {processor.py:186} INFO - Started process (PID=6154) to work on /opt/airflow/dags/db_and_model_update_dag.py
[2026-03-23T19:59:07.836+0000] {processor.py:914} INFO - Processing file /opt/airflow/dags/db_and_model_update_dag.py for tasks to queue
[2026-03-23T19:59:07.839+0000] {logging_mixin.py:190} INFO - [2026-03-23T19:59:07.838+0000] {dagbag.py:588} INFO - Filling up the DagBag from /opt/airflow/dags/db_and_model_update_dag.py
[2026-03-23T19:59:07.857+0000] {processor.py:925} INFO - DAG(s) 'db_and_model_update' retrieved from /opt/airflow/dags/db_and_model_update_dag.py
[2026-03-23T19:59:07.884+0000] {logging_mixin.py:190} INFO - [2026-03-23T19:59:07.884+0000] {dag.py:3239} INFO - Sync 1 DAGs
[2026-03-23T19:59:15.238+0000] {processor.py:208} INFO - Processing /opt/airflow/dags/db_and_model_update_dag.py took 0.093 seconds
[2026-03-23T19:59:45.423+0000] {processor.py:186} INFO - Started process (PID=6169) to work on /opt/airflow/dags/db_and_model_update_dag.py
[2026-03-23T19:59:45.424+0000] {processor.py:914} INFO - Processing file /opt/airflow/dags/db_and_model_update_dag.py for tasks to queue
[2026-03-23T19:59:45.426+0000] {logging_mixin.py:190} INFO - [2026-03-23T19:59:45.426+0000] {dagbag.py:588} INFO - Filling up the DagBag from /opt/airflow/dags/db_and_model_update_dag.py
[2026-03-23T19:59:45.446+0000] {processor.py:925} INFO - DAG(s) 'db_and_model_update' retrieved from /opt/airflow/dags/db_and_model_update_dag.py
[2026-03-23T19:59:45.474+0000] {logging_mixin.py:190} INFO - [2026-03-23T19:59:45.473+0000] {dag.py:3239} INFO - Sync 1 DAGs
[2026-03-23T19:59:45.512+0000] {processor.py:208} INFO - Processing /opt/airflow/dags/db_and_model_update_dag.py took 0.095 seconds
[2026-03-23T20:00:15.842+0000] {processor.py:186} INFO - Started process (PID=6179) to work on /opt/airflow/dags/db_and_model_update_dag.py
[2026-03-23T20:00:15.844+0000] {processor.py:914} INFO - Processing file /opt/airflow/dags/db_and_model_update_dag.py for tasks to queue
[2026-03-23T20:00:15.848+0000] {logging_mixin.py:190} INFO - [2026-03-23T20:00:15.847+0000] {dagbag.py:588} INFO - Filling up the DagBag from /opt/airflow/dags/db_and_model_update_dag.py
[2026-03-23T20:00:15.869+0000] {processor.py:925} INFO - DAG(s) 'db_and_model_update' retrieved from /opt/airflow/dags/db_and_model_update_dag.py
[2026-03-23T20:00:15.899+0000] {logging_mixin.py:190} INFO - [2026-03-23T20:00:15.899+0000] {dag.py:3239} INFO - Sync 1 DAGs
[2026-03-23T20:00:15.943+0000] {processor.py:208} INFO - Processing /opt/airflow/dags/db_and_model_update_dag.py took 0.109 seconds
[2026-03-23T20:00:46.242+0000] {processor.py:186} INFO - Started process (PID=6189) to work on /opt/airflow/dags/db_and_model_update_dag.py
[2026-03-23T20:00:46.244+0000] {processor.py:914} INFO - Processing file /opt/airflow/dags/db_and_model_update_dag.py for tasks to queue
[2026-03-23T20:00:46.247+0000] {logging_mixin.py:190} INFO - [2026-03-23T20:00:46.246+0000] {dagbag.py:588} INFO - Filling up the DagBag from /opt/airflow/dags/db_and_model_update_dag.py
[2026-03-23T20:00:46.269+0000] {processor.py:925} INFO - DAG(s) 'db_and_model_update' retrieved from /opt/airflow/dags/db_and_model_update_dag.py
[2026-03-23T20:00:46.300+0000] {logging_mixin.py:190} INFO - [2026-03-23T20:00:46.300+0000] {dag.py:3239} INFO - Sync 1 DAGs
[2026-03-23T20:00:46.340+0000] {processor.py:208} INFO - Processing /opt/airflow/dags/db_and_model_update_dag.py took 0.106 seconds
[2026-03-23T20:01:16.650+0000] {processor.py:186} INFO - Started process (PID=6199) to work on /opt/airflow/dags/db_and_model_update_dag.py
[2026-03-23T20:01:16.651+0000] {processor.py:914} INFO - Processing file /opt/airflow/dags/db_and_model_update_dag.py for tasks to queue
[2026-03-23T20:01:16.654+0000] {logging_mixin.py:190} INFO - [2026-03-23T20:01:16.654+0000] {dagbag.py:588} INFO - Filling up the DagBag from /opt/airflow/dags/db_and_model_update_dag.py
[2026-03-23T20:01:16.675+0000] {processor.py:925} INFO - DAG(s) 'db_and_model_update' retrieved from /opt/airflow/dags/db_and_model_update_dag.py
[2026-03-23T20:01:16.706+0000] {logging_mixin.py:190} INFO - [2026-03-23T20:01:16.706+0000] {dag.py:3239} INFO - Sync 1 DAGs
[2026-03-23T20:01:16.749+0000] {processor.py:208} INFO - Processing /opt/airflow/dags/db_and_model_update_dag.py took 0.106 seconds
[2026-03-23T20:01:47.058+0000] {processor.py:186} INFO - Started process (PID=6209) to work on /opt/airflow/dags/db_and_model_update_dag.py
[2026-03-23T20:01:47.062+0000] {processor.py:914} INFO - Processing file /opt/airflow/dags/db_and_model_update_dag.py for tasks to queue
[2026-03-23T20:01:47.065+0000] {logging_mixin.py:190} INFO - [2026-03-23T20:01:47.064+0000] {dagbag.py:588} INFO - Filling up the DagBag from /opt/airflow/dags/db_and_model_update_dag.py
[2026-03-23T20:01:47.090+0000] {processor.py:925} INFO - DAG(s) 'db_and_model_update' retrieved from /opt/airflow/dags/db_and_model_update_dag.py
[2026-03-23T20:01:47.128+0000] {logging_mixin.py:190} INFO - [2026-03-23T20:01:47.128+0000] {dag.py:3239} INFO - Sync 1 DAGs
[2026-03-23T20:01:47.182+0000] {processor.py:208} INFO - Processing /opt/airflow/dags/db_and_model_update_dag.py took 0.133 seconds
[2026-03-23T20:02:17.765+0000] {processor.py:186} INFO - Started process (PID=6219) to work on /opt/airflow/dags/db_and_model_update_dag.py
[2026-03-23T20:02:17.767+0000] {processor.py:914} INFO - Processing file /opt/airflow/dags/db_and_model_update_dag.py for tasks to queue
[2026-03-23T20:02:17.770+0000] {logging_mixin.py:190} INFO - [2026-03-23T20:02:17.769+0000] {dagbag.py:588} INFO - Filling up the DagBag from /opt/airflow/dags/db_and_model_update_dag.py
[2026-03-23T20:02:17.813+0000] {processor.py:925} INFO - DAG(s) 'db_and_model_update' retrieved from /opt/airflow/dags/db_and_model_update_dag.py
[2026-03-23T20:02:17.846+0000] {logging_mixin.py:190} INFO - [2026-03-23T20:02:17.846+0000] {dag.py:3239} INFO - Sync 1 DAGs
[2026-03-23T20:02:17.887+0000] {processor.py:208} INFO - Processing /opt/airflow/dags/db_and_model_update_dag.py took 0.129 seconds
[2026-03-23T20:02:50.694+0000] {processor.py:186} INFO - Started process (PID=6229) to work on /opt/airflow/dags/db_and_model_update_dag.py
[2026-03-23T20:02:50.695+0000] {processor.py:914} INFO - Processing file /opt/airflow/dags/db_and_model_update_dag.py for tasks to queue
[2026-03-23T20:02:50.698+0000] {logging_mixin.py:190} INFO - [2026-03-23T20:02:50.698+0000] {dagbag.py:588} INFO - Filling up the DagBag from /opt/airflow/dags/db_and_model_update_dag.py
[2026-03-23T20:02:42.891+0000] {processor.py:925} INFO - DAG(s) 'db_and_model_update' retrieved from /opt/airflow/dags/db_and_model_update_dag.py
[2026-03-23T20:02:42.923+0000] {logging_mixin.py:190} INFO - [2026-03-23T20:02:42.923+0000] {dag.py:3239} INFO - Sync 1 DAGs
[2026-03-23T20:02:42.964+0000] {processor.py:208} INFO - Processing /opt/airflow/dags/db_and_model_update_dag.py took 0.106 seconds
[2026-03-23T20:03:13.261+0000] {processor.py:186} INFO - Started process (PID=6239) to work on /opt/airflow/dags/db_and_model_update_dag.py
[2026-03-23T20:03:13.262+0000] {processor.py:914} INFO - Processing file /opt/airflow/dags/db_and_model_update_dag.py for tasks to queue
[2026-03-23T20:03:13.264+0000] {logging_mixin.py:190} INFO - [2026-03-23T20:03:13.264+0000] {dagbag.py:588} INFO - Filling up the DagBag from /opt/airflow/dags/db_and_model_update_dag.py
[2026-03-23T20:03:13.285+0000] {processor.py:925} INFO - DAG(s) 'db_and_model_update' retrieved from /opt/airflow/dags/db_and_model_update_dag.py
[2026-03-23T20:03:13.321+0000] {logging_mixin.py:190} INFO - [2026-03-23T20:03:13.320+0000] {dag.py:3239} INFO - Sync 1 DAGs
[2026-03-23T20:03:13.364+0000] {processor.py:208} INFO - Processing /opt/airflow/dags/db_and_model_update_dag.py took 0.109 seconds
[2026-03-23T20:03:43.676+0000] {processor.py:186} INFO - Started process (PID=6249) to work on /opt/airflow/dags/db_and_model_update_dag.py
[2026-03-23T20:03:43.677+0000] {processor.py:914} INFO - Processing file /opt/airflow/dags/db_and_model_update_dag.py for tasks to queue
[2026-03-23T20:03:43.680+0000] {logging_mixin.py:190} INFO - [2026-03-23T20:03:43.680+0000] {dagbag.py:588} INFO - Filling up the DagBag from /opt/airflow/dags/db_and_model_update_dag.py
[2026-03-23T20:03:43.703+0000] {processor.py:925} INFO - DAG(s) 'db_and_model_update' retrieved from /opt/airflow/dags/db_and_model_update_dag.py
[2026-03-23T20:03:43.731+0000] {logging_mixin.py:190} INFO - [2026-03-23T20:03:43.731+0000] {dag.py:3239} INFO - Sync 1 DAGs
[2026-03-23T20:03:43.775+0000] {processor.py:208} INFO - Processing /opt/airflow/dags/db_and_model_update_dag.py took 0.105 seconds
[2026-03-23T20:04:14.025+0000] {processor.py:186} INFO - Started process (PID=6259) to work on /opt/airflow/dags/db_and_model_update_dag.py
[2026-03-23T20:04:14.027+0000] {processor.py:914} INFO - Processing file /opt/airflow/dags/db_and_model_update_dag.py for tasks to queue
[2026-03-23T20:04:14.029+0000] {logging_mixin.py:190} INFO - [2026-03-23T20:04:14.029+0000] {dagbag.py:588} INFO - Filling up the DagBag from /opt/airflow/dags/db_and_model_update_dag.py
[2026-03-23T20:04:14.051+0000] {processor.py:925} INFO - DAG(s) 'db_and_model_update' retrieved from /opt/airflow/dags/db_and_model_update_dag.py
[2026-03-23T20:04:14.084+0000] {logging_mixin.py:190} INFO - [2026-03-23T20:04:14.083+0000] {dag.py:3239} INFO - Sync 1 DAGs
[2026-03-23T20:04:14.137+0000] {processor.py:208} INFO - Processing /opt/airflow/dags/db_and_model_update_dag.py took 0.120 seconds
[2026-03-23T20:04:45.857+0000] {processor.py:186} INFO - Started process (PID=6269) to work on /opt/airflow/dags/db_and_model_update_dag.py
[2026-03-23T20:04:45.858+0000] {processor.py:914} INFO - Processing file /opt/airflow/dags/db_and_model_update_dag.py for tasks to queue
[2026-03-23T20:04:45.861+0000] {logging_mixin.py:190} INFO - [2026-03-23T20:04:45.861+0000] {dagbag.py:588} INFO - Filling up the DagBag from /opt/airflow/dags/db_and_model_update_dag.py
[2026-03-23T20:04:45.883+0000] {processor.py:925} INFO - DAG(s) 'db_and_model_update' retrieved from /opt/airflow/dags/db_and_model_update_dag.py
[2026-03-23T20:04:38.090+0000] {logging_mixin.py:190} INFO - [2026-03-23T20:04:38.089+0000] {dag.py:3239} INFO - Sync 1 DAGs
[2026-03-23T20:04:38.142+0000] {processor.py:208} INFO - Processing /opt/airflow/dags/db_and_model_update_dag.py took 0.121 seconds
[2026-03-23T20:05:16.233+0000] {processor.py:186} INFO - Started process (PID=6279) to work on /opt/airflow/dags/db_and_model_update_dag.py
[2026-03-23T20:05:16.235+0000] {processor.py:914} INFO - Processing file /opt/airflow/dags/db_and_model_update_dag.py for tasks to queue
[2026-03-23T20:05:16.237+0000] {logging_mixin.py:190} INFO - [2026-03-23T20:05:16.237+0000] {dagbag.py:588} INFO - Filling up the DagBag from /opt/airflow/dags/db_and_model_update_dag.py
[2026-03-23T20:05:08.429+0000] {processor.py:925} INFO - DAG(s) 'db_and_model_update' retrieved from /opt/airflow/dags/db_and_model_update_dag.py
[2026-03-23T20:05:08.463+0000] {logging_mixin.py:190} INFO - [2026-03-23T20:05:08.462+0000] {dag.py:3239} INFO - Sync 1 DAGs
[2026-03-23T20:05:08.509+0000] {processor.py:208} INFO - Processing /opt/airflow/dags/db_and_model_update_dag.py took 0.114 seconds
[2026-03-23T20:05:40.993+0000] {processor.py:186} INFO - Started process (PID=6284) to work on /opt/airflow/dags/db_and_model_update_dag.py
[2026-03-23T20:05:40.994+0000] {processor.py:914} INFO - Processing file /opt/airflow/dags/db_and_model_update_dag.py for tasks to queue
[2026-03-23T20:05:40.997+0000] {logging_mixin.py:190} INFO - [2026-03-23T20:05:40.996+0000] {dagbag.py:588} INFO - Filling up the DagBag from /opt/airflow/dags/db_and_model_update_dag.py
[2026-03-23T20:05:33.189+0000] {processor.py:925} INFO - DAG(s) 'db_and_model_update' retrieved from /opt/airflow/dags/db_and_model_update_dag.py
[2026-03-23T20:05:33.230+0000] {logging_mixin.py:190} INFO - [2026-03-23T20:05:33.230+0000] {dag.py:3239} INFO - Sync 1 DAGs
[2026-03-23T20:05:33.275+0000] {processor.py:208} INFO - Processing /opt/airflow/dags/db_and_model_update_dag.py took 0.123 seconds
[2026-03-23T20:06:04.313+0000] {processor.py:186} INFO - Started process (PID=6294) to work on /opt/airflow/dags/db_and_model_update_dag.py
[2026-03-23T20:06:04.314+0000] {processor.py:914} INFO - Processing file /opt/airflow/dags/db_and_model_update_dag.py for tasks to queue
[2026-03-23T20:06:04.317+0000] {logging_mixin.py:190} INFO - [2026-03-23T20:06:04.316+0000] {dagbag.py:588} INFO - Filling up the DagBag from /opt/airflow/dags/db_and_model_update_dag.py
[2026-03-23T20:06:04.339+0000] {processor.py:925} INFO - DAG(s) 'db_and_model_update' retrieved from /opt/airflow/dags/db_and_model_update_dag.py
[2026-03-23T20:06:04.371+0000] {logging_mixin.py:190} INFO - [2026-03-23T20:06:04.371+0000] {dag.py:3239} INFO - Sync 1 DAGs
[2026-03-23T20:06:04.412+0000] {processor.py:208} INFO - Processing /opt/airflow/dags/db_and_model_update_dag.py took 0.107 seconds
[2026-03-23T20:06:34.799+0000] {processor.py:186} INFO - Started process (PID=6304) to work on /opt/airflow/dags/db_and_model_update_dag.py
[2026-03-23T20:06:34.801+0000] {processor.py:914} INFO - Processing file /opt/airflow/dags/db_and_model_update_dag.py for tasks to queue
[2026-03-23T20:06:34.806+0000] {logging_mixin.py:190} INFO - [2026-03-23T20:06:34.805+0000] {dagbag.py:588} INFO - Filling up the DagBag from /opt/airflow/dags/db_and_model_update_dag.py
[2026-03-23T20:06:34.830+0000] {processor.py:925} INFO - DAG(s) 'db_and_model_update' retrieved from /opt/airflow/dags/db_and_model_update_dag.py
[2026-03-23T20:06:34.860+0000] {logging_mixin.py:190} INFO - [2026-03-23T20:06:34.860+0000] {dag.py:3239} INFO - Sync 1 DAGs
[2026-03-23T20:06:34.906+0000] {processor.py:208} INFO - Processing /opt/airflow/dags/db_and_model_update_dag.py took 0.129 seconds
[2026-03-23T20:07:05.676+0000] {processor.py:186} INFO - Started process (PID=6314) to work on /opt/airflow/dags/db_and_model_update_dag.py
[2026-03-23T20:07:05.677+0000] {processor.py:914} INFO - Processing file /opt/airflow/dags/db_and_model_update_dag.py for tasks to queue
[2026-03-23T20:07:05.681+0000] {logging_mixin.py:190} INFO - [2026-03-23T20:07:05.680+0000] {dagbag.py:588} INFO - Filling up the DagBag from /opt/airflow/dags/db_and_model_update_dag.py
[2026-03-23T20:07:05.714+0000] {processor.py:925} INFO - DAG(s) 'db_and_model_update' retrieved from /opt/airflow/dags/db_and_model_update_dag.py
[2026-03-23T20:07:05.769+0000] {logging_mixin.py:190} INFO - [2026-03-23T20:07:05.768+0000] {dag.py:3239} INFO - Sync 1 DAGs
[2026-03-23T20:07:05.831+0000] {processor.py:208} INFO - Processing /opt/airflow/dags/db_and_model_update_dag.py took 0.164 seconds
[2026-03-23T20:07:36.717+0000] {processor.py:186} INFO - Started process (PID=6324) to work on /opt/airflow/dags/db_and_model_update_dag.py
[2026-03-23T20:07:36.718+0000] {processor.py:914} INFO - Processing file /opt/airflow/dags/db_and_model_update_dag.py for tasks to queue
[2026-03-23T20:07:36.721+0000] {logging_mixin.py:190} INFO - [2026-03-23T20:07:36.720+0000] {dagbag.py:588} INFO - Filling up the DagBag from /opt/airflow/dags/db_and_model_update_dag.py
[2026-03-23T20:07:36.744+0000] {processor.py:925} INFO - DAG(s) 'db_and_model_update' retrieved from /opt/airflow/dags/db_and_model_update_dag.py
[2026-03-23T20:07:36.776+0000] {logging_mixin.py:190} INFO - [2026-03-23T20:07:36.776+0000] {dag.py:3239} INFO - Sync 1 DAGs
[2026-03-23T20:07:36.819+0000] {processor.py:208} INFO - Processing /opt/airflow/dags/db_and_model_update_dag.py took 0.117 seconds
[2026-03-23T20:08:07.052+0000] {processor.py:186} INFO - Started process (PID=6334) to work on /opt/airflow/dags/db_and_model_update_dag.py
[2026-03-23T20:08:07.055+0000] {processor.py:914} INFO - Processing file /opt/airflow/dags/db_and_model_update_dag.py for tasks to queue
[2026-03-23T20:08:07.059+0000] {logging_mixin.py:190} INFO - [2026-03-23T20:08:07.058+0000] {dagbag.py:588} INFO - Filling up the DagBag from /opt/airflow/dags/db_and_model_update_dag.py
[2026-03-23T20:08:07.080+0000] {processor.py:925} INFO - DAG(s) 'db_and_model_update' retrieved from /opt/airflow/dags/db_and_model_update_dag.py
[2026-03-23T20:08:07.134+0000] {logging_mixin.py:190} INFO - [2026-03-23T20:08:07.134+0000] {dag.py:3239} INFO - Sync 1 DAGs
[2026-03-23T20:08:07.194+0000] {processor.py:208} INFO - Processing /opt/airflow/dags/db_and_model_update_dag.py took 0.150 seconds
[2026-03-23T20:08:37.650+0000] {processor.py:186} INFO - Started process (PID=6344) to work on /opt/airflow/dags/db_and_model_update_dag.py
[2026-03-23T20:08:37.652+0000] {processor.py:914} INFO - Processing file /opt/airflow/dags/db_and_model_update_dag.py for tasks to queue
[2026-03-23T20:08:37.654+0000] {logging_mixin.py:190} INFO - [2026-03-23T20:08:37.654+0000] {dagbag.py:588} INFO - Filling up the DagBag from /opt/airflow/dags/db_and_model_update_dag.py
[2026-03-23T20:08:37.687+0000] {processor.py:925} INFO - DAG(s) 'db_and_model_update' retrieved from /opt/airflow/dags/db_and_model_update_dag.py
[2026-03-23T20:08:37.723+0000] {logging_mixin.py:190} INFO - [2026-03-23T20:08:37.722+0000] {dag.py:3239} INFO - Sync 1 DAGs
[2026-03-23T20:08:37.772+0000] {processor.py:208} INFO - Processing /opt/airflow/dags/db_and_model_update_dag.py took 0.130 seconds
[2026-03-23T20:09:07.862+0000] {processor.py:186} INFO - Started process (PID=6354) to work on /opt/airflow/dags/db_and_model_update_dag.py
[2026-03-23T20:09:07.864+0000] {processor.py:914} INFO - Processing file /opt/airflow/dags/db_and_model_update_dag.py for tasks to queue
[2026-03-23T20:09:07.867+0000] {logging_mixin.py:190} INFO - [2026-03-23T20:09:07.866+0000] {dagbag.py:588} INFO - Filling up the DagBag from /opt/airflow/dags/db_and_model_update_dag.py
[2026-03-23T20:09:07.889+0000] {processor.py:925} INFO - DAG(s) 'db_and_model_update' retrieved from /opt/airflow/dags/db_and_model_update_dag.py
[2026-03-23T20:09:07.922+0000] {logging_mixin.py:190} INFO - [2026-03-23T20:09:07.921+0000] {dag.py:3239} INFO - Sync 1 DAGs
[2026-03-23T20:09:07.977+0000] {processor.py:208} INFO - Processing /opt/airflow/dags/db_and_model_update_dag.py took 0.127 seconds
[2026-03-23T20:09:38.529+0000] {processor.py:186} INFO - Started process (PID=6364) to work on /opt/airflow/dags/db_and_model_update_dag.py
[2026-03-23T20:09:38.530+0000] {processor.py:914} INFO - Processing file /opt/airflow/dags/db_and_model_update_dag.py for tasks to queue
[2026-03-23T20:09:38.533+0000] {logging_mixin.py:190} INFO - [2026-03-23T20:09:38.533+0000] {dagbag.py:588} INFO - Filling up the DagBag from /opt/airflow/dags/db_and_model_update_dag.py
[2026-03-23T20:09:38.558+0000] {processor.py:925} INFO - DAG(s) 'db_and_model_update' retrieved from /opt/airflow/dags/db_and_model_update_dag.py
[2026-03-23T20:09:38.596+0000] {logging_mixin.py:190} INFO - [2026-03-23T20:09:38.595+0000] {dag.py:3239} INFO - Sync 1 DAGs
[2026-03-23T20:09:38.639+0000] {processor.py:208} INFO - Processing /opt/airflow/dags/db_and_model_update_dag.py took 0.118 seconds
[2026-03-23T20:10:09.243+0000] {processor.py:186} INFO - Started process (PID=6374) to work on /opt/airflow/dags/db_and_model_update_dag.py
[2026-03-23T20:10:09.247+0000] {processor.py:914} INFO - Processing file /opt/airflow/dags/db_and_model_update_dag.py for tasks to queue
[2026-03-23T20:10:09.251+0000] {logging_mixin.py:190} INFO - [2026-03-23T20:10:09.251+0000] {dagbag.py:588} INFO - Filling up the DagBag from /opt/airflow/dags/db_and_model_update_dag.py
[2026-03-23T20:10:09.291+0000] {processor.py:925} INFO - DAG(s) 'db_and_model_update' retrieved from /opt/airflow/dags/db_and_model_update_dag.py
[2026-03-23T20:10:09.354+0000] {logging_mixin.py:190} INFO - [2026-03-23T20:10:09.354+0000] {dag.py:3239} INFO - Sync 1 DAGs
[2026-03-23T20:10:09.429+0000] {processor.py:208} INFO - Processing /opt/airflow/dags/db_and_model_update_dag.py took 0.194 seconds
[2026-03-23T20:10:40.042+0000] {processor.py:186} INFO - Started process (PID=6384) to work on /opt/airflow/dags/db_and_model_update_dag.py
[2026-03-23T20:10:40.043+0000] {processor.py:914} INFO - Processing file /opt/airflow/dags/db_and_model_update_dag.py for tasks to queue
[2026-03-23T20:10:40.046+0000] {logging_mixin.py:190} INFO - [2026-03-23T20:10:40.046+0000] {dagbag.py:588} INFO - Filling up the DagBag from /opt/airflow/dags/db_and_model_update_dag.py
[2026-03-23T20:10:40.073+0000] {processor.py:925} INFO - DAG(s) 'db_and_model_update' retrieved from /opt/airflow/dags/db_and_model_update_dag.py
[2026-03-23T20:10:40.112+0000] {logging_mixin.py:190} INFO - [2026-03-23T20:10:40.112+0000] {dag.py:3239} INFO - Sync 1 DAGs
[2026-03-23T20:10:40.161+0000] {processor.py:208} INFO - Processing /opt/airflow/dags/db_and_model_update_dag.py took 0.129 seconds
[2026-03-23T20:11:10.339+0000] {processor.py:186} INFO - Started process (PID=6394) to work on /opt/airflow/dags/db_and_model_update_dag.py
[2026-03-23T20:11:10.341+0000] {processor.py:914} INFO - Processing file /opt/airflow/dags/db_and_model_update_dag.py for tasks to queue
[2026-03-23T20:11:10.344+0000] {logging_mixin.py:190} INFO - [2026-03-23T20:11:10.343+0000] {dagbag.py:588} INFO - Filling up the DagBag from /opt/airflow/dags/db_and_model_update_dag.py
[2026-03-23T20:11:10.369+0000] {processor.py:925} INFO - DAG(s) 'db_and_model_update' retrieved from /opt/airflow/dags/db_and_model_update_dag.py
[2026-03-23T20:11:10.403+0000] {logging_mixin.py:190} INFO - [2026-03-23T20:11:10.403+0000] {dag.py:3239} INFO - Sync 1 DAGs
[2026-03-23T20:11:10.455+0000] {processor.py:208} INFO - Processing /opt/airflow/dags/db_and_model_update_dag.py took 0.126 seconds
[2026-03-23T20:11:40.781+0000] {processor.py:186} INFO - Started process (PID=6404) to work on /opt/airflow/dags/db_and_model_update_dag.py
[2026-03-23T20:11:40.782+0000] {processor.py:914} INFO - Processing file /opt/airflow/dags/db_and_model_update_dag.py for tasks to queue
[2026-03-23T20:11:40.785+0000] {logging_mixin.py:190} INFO - [2026-03-23T20:11:40.784+0000] {dagbag.py:588} INFO - Filling up the DagBag from /opt/airflow/dags/db_and_model_update_dag.py
[2026-03-23T20:11:40.805+0000] {processor.py:925} INFO - DAG(s) 'db_and_model_update' retrieved from /opt/airflow/dags/db_and_model_update_dag.py
[2026-03-23T20:11:40.836+0000] {logging_mixin.py:190} INFO - [2026-03-23T20:11:40.836+0000] {dag.py:3239} INFO - Sync 1 DAGs
[2026-03-23T20:11:40.877+0000] {processor.py:208} INFO - Processing /opt/airflow/dags/db_and_model_update_dag.py took 0.104 seconds
[2026-03-23T20:12:11.102+0000] {processor.py:186} INFO - Started process (PID=6414) to work on /opt/airflow/dags/db_and_model_update_dag.py
[2026-03-23T20:12:11.104+0000] {processor.py:914} INFO - Processing file /opt/airflow/dags/db_and_model_update_dag.py for tasks to queue
[2026-03-23T20:12:11.108+0000] {logging_mixin.py:190} INFO - [2026-03-23T20:12:11.107+0000] {dagbag.py:588} INFO - Filling up the DagBag from /opt/airflow/dags/db_and_model_update_dag.py
[2026-03-23T20:12:11.137+0000] {processor.py:925} INFO - DAG(s) 'db_and_model_update' retrieved from /opt/airflow/dags/db_and_model_update_dag.py
[2026-03-23T20:12:11.185+0000] {logging_mixin.py:190} INFO - [2026-03-23T20:12:11.185+0000] {dag.py:3239} INFO - Sync 1 DAGs
[2026-03-23T20:12:11.257+0000] {processor.py:208} INFO - Processing /opt/airflow/dags/db_and_model_update_dag.py took 0.168 seconds
